﻿start.started,start.stopped,startkey_resp.keys,startkey_resp.rt,startkey_resp.duration,participant,session,date,expName,psychopyVersion,OS,frameRate,attention.started,attention.stopped,key_resp.keys,key_resp.rt,key_resp.duration,stimuliAXBmix.started,stimuliAXBmix.stopped,stimuliAXBkey_resp.keys,stimuliAXBkey_resp.rt,stimuliAXBkey_resp.duration,stimuliAXBtesttrials.thisRepN,stimuliAXBtesttrials.thisTrialN,stimuliAXBtesttrials.thisN,stimuliAXBtesttrials.thisIndex,stimuliAXBtesttrials.ran,stimuliAXBmix,Correct,attentionsecond.started,attentionsecond.stopped,attentionsecondkey_resp.keys,attentionsecondkey_resp.rt,attentionsecondkey_resp.duration,instAXBreal.started,instAXBreal.stopped,instAXBrealkey_resp.keys,instAXBrealkey_resp.rt,instAXBrealkey_resp.duration,stimuliAXBmixfirst.thisRepN,stimuliAXBmixfirst.thisTrialN,stimuliAXBmixfirst.thisN,stimuliAXBmixfirst.thisIndex,stimuliAXBmixfirst.ran,attentionfirst.started,attentionfirst.stopped,attentionfirstkey_resp.keys,attentionfirstkey_resp.rt,attentionfirstkey_resp.duration,stimuliAXbmixsec.thisRepN,stimuliAXbmixsec.thisTrialN,stimuliAXbmixsec.thisN,stimuliAXbmixsec.thisIndex,stimuliAXbmixsec.ran,kaffeepause.started,kaffeepause.stopped,kaffeepausekey_resp.keys,kaffeepausekey_resp.rt,kaffeepausekey_resp.duration,instTAFCtest.started,instTAFCtest.stopped,instTAFCtestkey_resp.keys,instTAFCtestkey_resp.rt,instTAFCtestkey_resp.duration,testTAFCmixfirst.started,testTAFCmixfirst.stopped,testTAFCmixfirstkey_resp.keys,testTAFCmixfirstkey_resp.rt,testTAFCmixfirstkey_resp.duration,testTAFCmixfirsttrials.thisRepN,testTAFCmixfirsttrials.thisTrialN,testTAFCmixfirsttrials.thisN,testTAFCmixfirsttrials.thisIndex,testTAFCmixfirsttrials.ran,testTAFCmixfirst,testTAFCmixsec.started,testTAFCmixsec.stopped,testTAFCmixseckey_resp.keys,testTAFCmixseckey_resp.rt,testTAFCmixseckey_resp.duration,testTAFCmixsectrials.thisRepN,testTAFCmixsectrials.thisTrialN,testTAFCmixsectrials.thisN,testTAFCmixsectrials.thisIndex,testTAFCmixsectrials.ran,testTAFCmixsec,instTAFCreal.started,instTAFCreal.stopped,instTAFCrealkey_resp.keys,instTAFCrealkey_resp.rt,instTAFCrealkey_resp.duration,stimuliTAFCfirst.started,stimuliTAFCfirst.stopped,stimuliTAFCfirstkey_resp.keys,stimuliTAFCfirstkey_resp.rt,stimuliTAFCfirstkey_resp.duration,stimuliTAFCfirsttrials.thisRepN,stimuliTAFCfirsttrials.thisTrialN,stimuliTAFCfirsttrials.thisN,stimuliTAFCfirsttrials.thisIndex,stimuliTAFCfirsttrials.ran,stimuliTAFCfirst,stimuliTAFCsec.started,stimuliTAFCsec.stopped,stimuliTAFCseckey_resp.keys,stimuliTAFCseckey_resp.rt,stimuliTAFCseckey_resp.duration,stimuliTAFCsectrials.thisRepN,stimuliTAFCsectrials.thisTrialN,stimuliTAFCsectrials.thisN,stimuliTAFCsectrials.thisIndex,stimuliTAFCsectrials.ran,stimuliTAFCsec,end.started,end.stopped
0.0009,13.7837,space,13.7402,,64270e30255bc7c595b7d030,001,2024-05-24_08h30.28.920,mathesisv2,2024.1.3,MacIntel,59.52380952,,,,,,,,,,,,,,,,,,,,,,,,,,,,,,,,,,,,,,,,,,,,,,,,,,,,,,,,,,,,,,,,,,,,,,,,,,,,,,,,,,,,,,,,,,,,,,,,,,,,,,,
,,,,,64270e30255bc7c595b7d030,001,2024-05-24_08h30.28.920,mathesisv2,2024.1.3,MacIntel,59.52380952,13.7843,21.0499,space,7.2256,,,,,,,,,,,,,,,,,,,,,,,,,,,,,,,,,,,,,,,,,,,,,,,,,,,,,,,,,,,,,,,,,,,,,,,,,,,,,,,,,,,,,,,,,,,,,,,,,,,
,,,,,64270e30255bc7c595b7d030,001,2024-05-24_08h30.28.920,mathesisv2,2024.1.3,MacIntel,59.52380952,,,,,,21.0729,27.7839,l,6.6889,,0,0,0,3,1,stimuliAXBmix/yyustimulus.wav,l,,,,,,,,,,,,,,,,,,,,,,,,,,,,,,,,,,,,,,,,,,,,,,,,,,,,,,,,,,,,,,,,,,,,,,,,,,,,,,,,,,,,,,
,,,,,64270e30255bc7c595b7d030,001,2024-05-24_08h30.28.920,mathesisv2,2024.1.3,MacIntel,59.52380952,,,,,,27.7852,32.0674,l,4.2736,,0,1,1,0,1,stimuliAXBmix/iiystimulus.wav,l,,,,,,,,,,,,,,,,,,,,,,,,,,,,,,,,,,,,,,,,,,,,,,,,,,,,,,,,,,,,,,,,,,,,,,,,,,,,,,,,,,,,,,
,,,,,64270e30255bc7c595b7d030,001,2024-05-24_08h30.28.920,mathesisv2,2024.1.3,MacIntel,59.52380952,,,,,,32.0679,36.0674,f,3.9842,,0,2,2,2,1,stimuliAXBmix/yuustimulus.wav,f,,,,,,,,,,,,,,,,,,,,,,,,,,,,,,,,,,,,,,,,,,,,,,,,,,,,,,,,,,,,,,,,,,,,,,,,,,,,,,,,,,,,,,
,,,,,64270e30255bc7c595b7d030,001,2024-05-24_08h30.28.920,mathesisv2,2024.1.3,MacIntel,59.52380952,,,,,,36.0679,40.051,f,3.9673,,0,3,3,1,1,stimuliAXBmix/iyystimulus.wav,f,,,,,,,,,,,,,,,,,,,,,,,,,,,,,,,,,,,,,,,,,,,,,,,,,,,,,,,,,,,,,,,,,,,,,,,,,,,,,,,,,,,,,,
,,,,,64270e30255bc7c595b7d030,001,2024-05-24_08h30.28.920,mathesisv2,2024.1.3,MacIntel,59.52380952,,,,,,,,,,,,,,,,,,40.0515,43.5673,space,3.5039,,,,,,,,,,,,,,,,,,,,,,,,,,,,,,,,,,,,,,,,,,,,,,,,,,,,,,,,,,,,,,,,,,,,,,,,,,,,,,,,,,
,,,,,64270e30255bc7c595b7d030,001,2024-05-24_08h30.28.920,mathesisv2,2024.1.3,MacIntel,59.52380952,,,,,,,,,,,,,,,,,,,,,,,43.5675,49.9523,space,6.3638,,,,,,,,,,,,,,,,,,,,,,,,,,,,,,,,,,,,,,,,,,,,,,,,,,,,,,,,,,,,,,,,,,,,,,,,,,,,,
,,,,,64270e30255bc7c595b7d030,001,2024-05-24_08h30.28.920,mathesisv2,2024.1.3,MacIntel,59.52380952,,,,,,49.974,53.9019,l,3.9137,,,,,,,stimuliAXBmix/iiystimulus.wav,l,,,,,,,,,,,0,0,0,0,1,,,,,,,,,,,,,,,,,,,,,,,,,,,,,,,,,,,,,,,,,,,,,,,,,,,,,,,,,,,,,,,,,,,,,,,
,,,,,64270e30255bc7c595b7d030,001,2024-05-24_08h30.28.920,mathesisv2,2024.1.3,MacIntel,59.52380952,,,,,,53.9136,57.6681,f,3.7394,,,,,,,stimuliAXBmix/iyystimulus.wav,f,,,,,,,,,,,0,1,1,1,1,,,,,,,,,,,,,,,,,,,,,,,,,,,,,,,,,,,,,,,,,,,,,,,,,,,,,,,,,,,,,,,,,,,,,,,
,,,,,64270e30255bc7c595b7d030,001,2024-05-24_08h30.28.920,mathesisv2,2024.1.3,MacIntel,59.52380952,,,,,,57.6803,60.9525,l,3.2651,,,,,,,stimuliAXBmix/yyustimulus.wav,l,,,,,,,,,,,0,2,2,3,1,,,,,,,,,,,,,,,,,,,,,,,,,,,,,,,,,,,,,,,,,,,,,,,,,,,,,,,,,,,,,,,,,,,,,,,
,,,,,64270e30255bc7c595b7d030,001,2024-05-24_08h30.28.920,mathesisv2,2024.1.3,MacIntel,59.52380952,,,,,,60.953,64.4696,f,3.5007,,,,,,,stimuliAXBmix/yuustimulus.wav,f,,,,,,,,,,,0,3,3,2,1,,,,,,,,,,,,,,,,,,,,,,,,,,,,,,,,,,,,,,,,,,,,,,,,,,,,,,,,,,,,,,,,,,,,,,,
,,,,,64270e30255bc7c595b7d030,001,2024-05-24_08h30.28.920,mathesisv2,2024.1.3,MacIntel,59.52380952,,,,,,64.4819,69.0363,f,4.5396,,,,,,,stimuliAXBmix/iyystimulus.wav,f,,,,,,,,,,,1,0,4,1,1,,,,,,,,,,,,,,,,,,,,,,,,,,,,,,,,,,,,,,,,,,,,,,,,,,,,,,,,,,,,,,,,,,,,,,,
,,,,,64270e30255bc7c595b7d030,001,2024-05-24_08h30.28.920,mathesisv2,2024.1.3,MacIntel,59.52380952,,,,,,69.0504,72.6856,l,3.621,,,,,,,stimuliAXBmix/iiystimulus.wav,l,,,,,,,,,,,1,1,5,0,1,,,,,,,,,,,,,,,,,,,,,,,,,,,,,,,,,,,,,,,,,,,,,,,,,,,,,,,,,,,,,,,,,,,,,,,
,,,,,64270e30255bc7c595b7d030,001,2024-05-24_08h30.28.920,mathesisv2,2024.1.3,MacIntel,59.52380952,,,,,,72.697,76.8368,l,4.1279,,,,,,,stimuliAXBmix/yyustimulus.wav,l,,,,,,,,,,,1,2,6,3,1,,,,,,,,,,,,,,,,,,,,,,,,,,,,,,,,,,,,,,,,,,,,,,,,,,,,,,,,,,,,,,,,,,,,,,,
,,,,,64270e30255bc7c595b7d030,001,2024-05-24_08h30.28.920,mathesisv2,2024.1.3,MacIntel,59.52380952,,,,,,76.8483,80.5379,f,3.6825,,,,,,,stimuliAXBmix/yuustimulus.wav,f,,,,,,,,,,,1,3,7,2,1,,,,,,,,,,,,,,,,,,,,,,,,,,,,,,,,,,,,,,,,,,,,,,,,,,,,,,,,,,,,,,,,,,,,,,,
,,,,,64270e30255bc7c595b7d030,001,2024-05-24_08h30.28.920,mathesisv2,2024.1.3,MacIntel,59.52380952,,,,,,80.5489,84.3373,f,3.7738,,,,,,,stimuliAXBmix/yuustimulus.wav,f,,,,,,,,,,,2,0,8,2,1,,,,,,,,,,,,,,,,,,,,,,,,,,,,,,,,,,,,,,,,,,,,,,,,,,,,,,,,,,,,,,,,,,,,,,,
,,,,,64270e30255bc7c595b7d030,001,2024-05-24_08h30.28.920,mathesisv2,2024.1.3,MacIntel,59.52380952,,,,,,84.349,88.1038,l,3.7481,,,,,,,stimuliAXBmix/yyustimulus.wav,l,,,,,,,,,,,2,1,9,3,1,,,,,,,,,,,,,,,,,,,,,,,,,,,,,,,,,,,,,,,,,,,,,,,,,,,,,,,,,,,,,,,,,,,,,,,
,,,,,64270e30255bc7c595b7d030,001,2024-05-24_08h30.28.920,mathesisv2,2024.1.3,MacIntel,59.52380952,,,,,,88.115,92.1382,l,4.013,,,,,,,stimuliAXBmix/iiystimulus.wav,l,,,,,,,,,,,2,2,10,0,1,,,,,,,,,,,,,,,,,,,,,,,,,,,,,,,,,,,,,,,,,,,,,,,,,,,,,,,,,,,,,,,,,,,,,,,
,,,,,64270e30255bc7c595b7d030,001,2024-05-24_08h30.28.920,mathesisv2,2024.1.3,MacIntel,59.52380952,,,,,,92.1495,95.6209,f,3.4556,,,,,,,stimuliAXBmix/iyystimulus.wav,f,,,,,,,,,,,2,3,11,1,1,,,,,,,,,,,,,,,,,,,,,,,,,,,,,,,,,,,,,,,,,,,,,,,,,,,,,,,,,,,,,,,,,,,,,,,
,,,,,64270e30255bc7c595b7d030,001,2024-05-24_08h30.28.920,mathesisv2,2024.1.3,MacIntel,59.52380952,,,,,,99.2361,102.855,f,3.6085,,,,,,,stimuliAXBmix/yuustimulus.wav,f,,,,,,,,,,,,,,,,95.6219,99.2211,return,3.5865,,0,0,0,2,1,,,,,,,,,,,,,,,,,,,,,,,,,,,,,,,,,,,,,,,,,,,,,,,,,,,,,,,,,,,,,
,,,,,64270e30255bc7c595b7d030,001,2024-05-24_08h30.28.920,mathesisv2,2024.1.3,MacIntel,59.52380952,,,,,,102.8556,106.455,l,3.5927,,,,,,,stimuliAXBmix/yyustimulus.wav,l,,,,,,,,,,,,,,,,,,,,,0,1,1,3,1,,,,,,,,,,,,,,,,,,,,,,,,,,,,,,,,,,,,,,,,,,,,,,,,,,,,,,,,,,,,,
,,,,,64270e30255bc7c595b7d030,001,2024-05-24_08h30.28.920,mathesisv2,2024.1.3,MacIntel,59.52380952,,,,,,106.4659,110.0385,l,3.5571,,,,,,,stimuliAXBmix/iiystimulus.wav,l,,,,,,,,,,,,,,,,,,,,,0,2,2,0,1,,,,,,,,,,,,,,,,,,,,,,,,,,,,,,,,,,,,,,,,,,,,,,,,,,,,,,,,,,,,,
,,,,,64270e30255bc7c595b7d030,001,2024-05-24_08h30.28.920,mathesisv2,2024.1.3,MacIntel,59.52380952,,,,,,110.0487,113.589,f,3.5242,,,,,,,stimuliAXBmix/iyystimulus.wav,f,,,,,,,,,,,,,,,,,,,,,0,3,3,1,1,,,,,,,,,,,,,,,,,,,,,,,,,,,,,,,,,,,,,,,,,,,,,,,,,,,,,,,,,,,,,
,,,,,64270e30255bc7c595b7d030,001,2024-05-24_08h30.28.920,mathesisv2,2024.1.3,MacIntel,59.52380952,,,,,,113.6001,117.0883,f,3.4802,,,,,,,stimuliAXBmix/iyystimulus.wav,f,,,,,,,,,,,,,,,,,,,,,1,0,4,1,1,,,,,,,,,,,,,,,,,,,,,,,,,,,,,,,,,,,,,,,,,,,,,,,,,,,,,,,,,,,,,
,,,,,64270e30255bc7c595b7d030,001,2024-05-24_08h30.28.920,mathesisv2,2024.1.3,MacIntel,59.52380952,,,,,,117.0886,120.4061,l,3.304,,,,,,,stimuliAXBmix/iiystimulus.wav,l,,,,,,,,,,,,,,,,,,,,,1,1,5,0,1,,,,,,,,,,,,,,,,,,,,,,,,,,,,,,,,,,,,,,,,,,,,,,,,,,,,,,,,,,,,,
,,,,,64270e30255bc7c595b7d030,001,2024-05-24_08h30.28.920,mathesisv2,2024.1.3,MacIntel,59.52380952,,,,,,120.4168,124.7567,l,4.3236,,,,,,,stimuliAXBmix/yyustimulus.wav,l,,,,,,,,,,,,,,,,,,,,,1,2,6,3,1,,,,,,,,,,,,,,,,,,,,,,,,,,,,,,,,,,,,,,,,,,,,,,,,,,,,,,,,,,,,,
,,,,,64270e30255bc7c595b7d030,001,2024-05-24_08h30.28.920,mathesisv2,2024.1.3,MacIntel,59.52380952,,,,,,124.7687,128.2741,f,3.491,,,,,,,stimuliAXBmix/yuustimulus.wav,f,,,,,,,,,,,,,,,,,,,,,1,3,7,2,1,,,,,,,,,,,,,,,,,,,,,,,,,,,,,,,,,,,,,,,,,,,,,,,,,,,,,,,,,,,,,
,,,,,64270e30255bc7c595b7d030,001,2024-05-24_08h30.28.920,mathesisv2,2024.1.3,MacIntel,59.52380952,,,,,,136.2896,139.4075,l,3.1116,,,,,,,stimuliAXBmix/yyustimulus.wav,l,,,,,,,,,,,0,0,0,3,1,,,,,,,,,,,128.2746,136.2737,space,7.9803,,,,,,,,,,,,,,,,,,,,,,,,,,,,,,,,,,,,,,,,,,,,,,,,,,,,,,,,,
,,,,,64270e30255bc7c595b7d030,001,2024-05-24_08h30.28.920,mathesisv2,2024.1.3,MacIntel,59.52380952,,,,,,139.4183,142.6742,l,3.2401,,,,,,,stimuliAXBmix/iiystimulus.wav,l,,,,,,,,,,,0,1,1,0,1,,,,,,,,,,,,,,,,,,,,,,,,,,,,,,,,,,,,,,,,,,,,,,,,,,,,,,,,,,,,,,,,,,,,,,,
,,,,,64270e30255bc7c595b7d030,001,2024-05-24_08h30.28.920,mathesisv2,2024.1.3,MacIntel,59.52380952,,,,,,142.6749,146.0746,f,3.389,,,,,,,stimuliAXBmix/yuustimulus.wav,f,,,,,,,,,,,0,2,2,2,1,,,,,,,,,,,,,,,,,,,,,,,,,,,,,,,,,,,,,,,,,,,,,,,,,,,,,,,,,,,,,,,,,,,,,,,
,,,,,64270e30255bc7c595b7d030,001,2024-05-24_08h30.28.920,mathesisv2,2024.1.3,MacIntel,59.52380952,,,,,,146.0863,149.8086,f,3.7132,,,,,,,stimuliAXBmix/iyystimulus.wav,f,,,,,,,,,,,0,3,3,1,1,,,,,,,,,,,,,,,,,,,,,,,,,,,,,,,,,,,,,,,,,,,,,,,,,,,,,,,,,,,,,,,,,,,,,,,
,,,,,64270e30255bc7c595b7d030,001,2024-05-24_08h30.28.920,mathesisv2,2024.1.3,MacIntel,59.52380952,,,,,,149.8204,152.9915,l,3.1625,,,,,,,stimuliAXBmix/iiystimulus.wav,l,,,,,,,,,,,1,0,4,0,1,,,,,,,,,,,,,,,,,,,,,,,,,,,,,,,,,,,,,,,,,,,,,,,,,,,,,,,,,,,,,,,,,,,,,,,
,,,,,64270e30255bc7c595b7d030,001,2024-05-24_08h30.28.920,mathesisv2,2024.1.3,MacIntel,59.52380952,,,,,,152.9919,156.192,f,3.1873,,,,,,,stimuliAXBmix/yuustimulus.wav,f,,,,,,,,,,,1,1,5,2,1,,,,,,,,,,,,,,,,,,,,,,,,,,,,,,,,,,,,,,,,,,,,,,,,,,,,,,,,,,,,,,,,,,,,,,,
,,,,,64270e30255bc7c595b7d030,001,2024-05-24_08h30.28.920,mathesisv2,2024.1.3,MacIntel,59.52380952,,,,,,156.204,159.8253,l,3.6067,,,,,,,stimuliAXBmix/yyustimulus.wav,l,,,,,,,,,,,1,2,6,3,1,,,,,,,,,,,,,,,,,,,,,,,,,,,,,,,,,,,,,,,,,,,,,,,,,,,,,,,,,,,,,,,,,,,,,,,
,,,,,64270e30255bc7c595b7d030,001,2024-05-24_08h30.28.920,mathesisv2,2024.1.3,MacIntel,59.52380952,,,,,,159.8375,163.2255,f,3.3765,,,,,,,stimuliAXBmix/iyystimulus.wav,f,,,,,,,,,,,1,3,7,1,1,,,,,,,,,,,,,,,,,,,,,,,,,,,,,,,,,,,,,,,,,,,,,,,,,,,,,,,,,,,,,,,,,,,,,,,
,,,,,64270e30255bc7c595b7d030,001,2024-05-24_08h30.28.920,mathesisv2,2024.1.3,MacIntel,59.52380952,,,,,,163.2377,166.4417,l,3.1982,,,,,,,stimuliAXBmix/iiystimulus.wav,l,,,,,,,,,,,2,0,8,0,1,,,,,,,,,,,,,,,,,,,,,,,,,,,,,,,,,,,,,,,,,,,,,,,,,,,,,,,,,,,,,,,,,,,,,,,
,,,,,64270e30255bc7c595b7d030,001,2024-05-24_08h30.28.920,mathesisv2,2024.1.3,MacIntel,59.52380952,,,,,,166.4421,169.6255,f,3.1775,,,,,,,stimuliAXBmix/iyystimulus.wav,f,,,,,,,,,,,2,1,9,1,1,,,,,,,,,,,,,,,,,,,,,,,,,,,,,,,,,,,,,,,,,,,,,,,,,,,,,,,,,,,,,,,,,,,,,,,
,,,,,64270e30255bc7c595b7d030,001,2024-05-24_08h30.28.920,mathesisv2,2024.1.3,MacIntel,59.52380952,,,,,,169.6365,173.1925,f,3.5459,,,,,,,stimuliAXBmix/yuustimulus.wav,f,,,,,,,,,,,2,2,10,2,1,,,,,,,,,,,,,,,,,,,,,,,,,,,,,,,,,,,,,,,,,,,,,,,,,,,,,,,,,,,,,,,,,,,,,,,
,,,,,64270e30255bc7c595b7d030,001,2024-05-24_08h30.28.920,mathesisv2,2024.1.3,MacIntel,59.52380952,,,,,,173.1929,176.3422,l,3.1413,,,,,,,stimuliAXBmix/yyustimulus.wav,l,,,,,,,,,,,2,3,11,3,1,,,,,,,,,,,,,,,,,,,,,,,,,,,,,,,,,,,,,,,,,,,,,,,,,,,,,,,,,,,,,,,,,,,,,,,
,,,,,64270e30255bc7c595b7d030,001,2024-05-24_08h30.28.920,mathesisv2,2024.1.3,MacIntel,59.52380952,,,,,,178.3747,181.4931,f,3.1114,,,,,,,stimuliAXBmix/yuustimulus.wav,f,,,,,,,,,,,,,,,,176.3425,178.3592,return,2.0019,,0,0,0,2,1,,,,,,,,,,,,,,,,,,,,,,,,,,,,,,,,,,,,,,,,,,,,,,,,,,,,,,,,,,,,,
,,,,,64270e30255bc7c595b7d030,001,2024-05-24_08h30.28.920,mathesisv2,2024.1.3,MacIntel,59.52380952,,,,,,181.5051,184.6617,f,3.1394,,,,,,,stimuliAXBmix/iyystimulus.wav,f,,,,,,,,,,,,,,,,,,,,,0,1,1,1,1,,,,,,,,,,,,,,,,,,,,,,,,,,,,,,,,,,,,,,,,,,,,,,,,,,,,,,,,,,,,,
,,,,,64270e30255bc7c595b7d030,001,2024-05-24_08h30.28.920,mathesisv2,2024.1.3,MacIntel,59.52380952,,,,,,184.6624,187.7445,l,3.0679,,,,,,,stimuliAXBmix/yyustimulus.wav,l,,,,,,,,,,,,,,,,,,,,,0,2,2,3,1,,,,,,,,,,,,,,,,,,,,,,,,,,,,,,,,,,,,,,,,,,,,,,,,,,,,,,,,,,,,,
,,,,,64270e30255bc7c595b7d030,001,2024-05-24_08h30.28.920,mathesisv2,2024.1.3,MacIntel,59.52380952,,,,,,187.7563,191.0283,l,3.2653,,,,,,,stimuliAXBmix/iiystimulus.wav,l,,,,,,,,,,,,,,,,,,,,,0,3,3,0,1,,,,,,,,,,,,,,,,,,,,,,,,,,,,,,,,,,,,,,,,,,,,,,,,,,,,,,,,,,,,,
,,,,,64270e30255bc7c595b7d030,001,2024-05-24_08h30.28.920,mathesisv2,2024.1.3,MacIntel,59.52380952,,,,,,191.0291,194.128,l,3.0832,,,,,,,stimuliAXBmix/yyustimulus.wav,l,,,,,,,,,,,,,,,,,,,,,1,0,4,3,1,,,,,,,,,,,,,,,,,,,,,,,,,,,,,,,,,,,,,,,,,,,,,,,,,,,,,,,,,,,,,
,,,,,64270e30255bc7c595b7d030,001,2024-05-24_08h30.28.920,mathesisv2,2024.1.3,MacIntel,59.52380952,,,,,,194.1399,197.2453,f,3.0926,,,,,,,stimuliAXBmix/yuustimulus.wav,f,,,,,,,,,,,,,,,,,,,,,1,1,5,2,1,,,,,,,,,,,,,,,,,,,,,,,,,,,,,,,,,,,,,,,,,,,,,,,,,,,,,,,,,,,,,
,,,,,64270e30255bc7c595b7d030,001,2024-05-24_08h30.28.920,mathesisv2,2024.1.3,MacIntel,59.52380952,,,,,,197.2568,200.361,f,3.0938,,,,,,,stimuliAXBmix/iyystimulus.wav,f,,,,,,,,,,,,,,,,,,,,,1,2,6,1,1,,,,,,,,,,,,,,,,,,,,,,,,,,,,,,,,,,,,,,,,,,,,,,,,,,,,,,,,,,,,,
,,,,,64270e30255bc7c595b7d030,001,2024-05-24_08h30.28.920,mathesisv2,2024.1.3,MacIntel,59.52380952,,,,,,200.3613,203.2952,l,2.9269,,,,,,,stimuliAXBmix/iiystimulus.wav,l,,,,,,,,,,,,,,,,,,,,,1,3,7,0,1,,,,,,,,,,,,,,,,,,,,,,,,,,,,,,,,,,,,,,,,,,,,,,,,,,,,,,,,,,,,,
,,,,,64270e30255bc7c595b7d030,001,2024-05-24_08h30.28.920,mathesisv2,2024.1.3,MacIntel,59.52380952,,,,,,205.0593,208.0289,l,2.9616,,,,,,,stimuliAXBmix/yyustimulus.wav,l,,,,,,,,,,,0,0,0,3,1,,,,,,,,,,,203.2954,205.0447,space,1.7383,,,,,,,,,,,,,,,,,,,,,,,,,,,,,,,,,,,,,,,,,,,,,,,,,,,,,,,,,
,,,,,64270e30255bc7c595b7d030,001,2024-05-24_08h30.28.920,mathesisv2,2024.1.3,MacIntel,59.52380952,,,,,,208.0404,211.1472,f,3.0989,,,,,,,stimuliAXBmix/iyystimulus.wav,f,,,,,,,,,,,0,1,1,1,1,,,,,,,,,,,,,,,,,,,,,,,,,,,,,,,,,,,,,,,,,,,,,,,,,,,,,,,,,,,,,,,,,,,,,,,
,,,,,64270e30255bc7c595b7d030,001,2024-05-24_08h30.28.920,mathesisv2,2024.1.3,MacIntel,59.52380952,,,,,,211.1476,214.3299,l,3.1682,,,,,,,stimuliAXBmix/iiystimulus.wav,l,,,,,,,,,,,0,2,2,0,1,,,,,,,,,,,,,,,,,,,,,,,,,,,,,,,,,,,,,,,,,,,,,,,,,,,,,,,,,,,,,,,,,,,,,,,
,,,,,64270e30255bc7c595b7d030,001,2024-05-24_08h30.28.920,mathesisv2,2024.1.3,MacIntel,59.52380952,,,,,,214.3427,217.479,f,3.1287,,,,,,,stimuliAXBmix/yuustimulus.wav,f,,,,,,,,,,,0,3,3,2,1,,,,,,,,,,,,,,,,,,,,,,,,,,,,,,,,,,,,,,,,,,,,,,,,,,,,,,,,,,,,,,,,,,,,,,,
,,,,,64270e30255bc7c595b7d030,001,2024-05-24_08h30.28.920,mathesisv2,2024.1.3,MacIntel,59.52380952,,,,,,217.4909,220.6952,f,3.1953,,,,,,,stimuliAXBmix/iyystimulus.wav,f,,,,,,,,,,,1,0,4,1,1,,,,,,,,,,,,,,,,,,,,,,,,,,,,,,,,,,,,,,,,,,,,,,,,,,,,,,,,,,,,,,,,,,,,,,,
,,,,,64270e30255bc7c595b7d030,001,2024-05-24_08h30.28.920,mathesisv2,2024.1.3,MacIntel,59.52380952,,,,,,220.6956,223.8297,f,3.1195,,,,,,,stimuliAXBmix/yuustimulus.wav,f,,,,,,,,,,,1,1,5,2,1,,,,,,,,,,,,,,,,,,,,,,,,,,,,,,,,,,,,,,,,,,,,,,,,,,,,,,,,,,,,,,,,,,,,,,,
,,,,,64270e30255bc7c595b7d030,001,2024-05-24_08h30.28.920,mathesisv2,2024.1.3,MacIntel,59.52380952,,,,,,223.8419,226.8804,l,3.0261,,,,,,,stimuliAXBmix/yyustimulus.wav,l,,,,,,,,,,,1,2,6,3,1,,,,,,,,,,,,,,,,,,,,,,,,,,,,,,,,,,,,,,,,,,,,,,,,,,,,,,,,,,,,,,,,,,,,,,,
,,,,,64270e30255bc7c595b7d030,001,2024-05-24_08h30.28.920,mathesisv2,2024.1.3,MacIntel,59.52380952,,,,,,226.8812,230.1468,l,3.2555,,,,,,,stimuliAXBmix/iiystimulus.wav,l,,,,,,,,,,,1,3,7,0,1,,,,,,,,,,,,,,,,,,,,,,,,,,,,,,,,,,,,,,,,,,,,,,,,,,,,,,,,,,,,,,,,,,,,,,,
,,,,,64270e30255bc7c595b7d030,001,2024-05-24_08h30.28.920,mathesisv2,2024.1.3,MacIntel,59.52380952,,,,,,230.1574,233.264,f,3.0957,,,,,,,stimuliAXBmix/iyystimulus.wav,f,,,,,,,,,,,2,0,8,1,1,,,,,,,,,,,,,,,,,,,,,,,,,,,,,,,,,,,,,,,,,,,,,,,,,,,,,,,,,,,,,,,,,,,,,,,
,,,,,64270e30255bc7c595b7d030,001,2024-05-24_08h30.28.920,mathesisv2,2024.1.3,MacIntel,59.52380952,,,,,,233.2761,236.38,f,3.0933,,,,,,,stimuliAXBmix/yuustimulus.wav,f,,,,,,,,,,,2,1,9,2,1,,,,,,,,,,,,,,,,,,,,,,,,,,,,,,,,,,,,,,,,,,,,,,,,,,,,,,,,,,,,,,,,,,,,,,,
,,,,,64270e30255bc7c595b7d030,001,2024-05-24_08h30.28.920,mathesisv2,2024.1.3,MacIntel,59.52380952,,,,,,236.3804,239.6311,l,3.2379,,,,,,,stimuliAXBmix/yyustimulus.wav,l,,,,,,,,,,,2,2,10,3,1,,,,,,,,,,,,,,,,,,,,,,,,,,,,,,,,,,,,,,,,,,,,,,,,,,,,,,,,,,,,,,,,,,,,,,,
,,,,,64270e30255bc7c595b7d030,001,2024-05-24_08h30.28.920,mathesisv2,2024.1.3,MacIntel,59.52380952,,,,,,239.6417,242.8642,l,3.211,,,,,,,stimuliAXBmix/iiystimulus.wav,l,,,,,,,,,,,2,3,11,0,1,,,,,,,,,,,,,,,,,,,,,,,,,,,,,,,,,,,,,,,,,,,,,,,,,,,,,,,,,,,,,,,,,,,,,,,
,,,,,64270e30255bc7c595b7d030,001,2024-05-24_08h30.28.920,mathesisv2,2024.1.3,MacIntel,59.52380952,,,,,,245.8303,248.9971,f,3.1544,,,,,,,stimuliAXBmix/yuustimulus.wav,f,,,,,,,,,,,,,,,,242.8644,245.8162,return,2.9436,,0,0,0,2,1,,,,,,,,,,,,,,,,,,,,,,,,,,,,,,,,,,,,,,,,,,,,,,,,,,,,,,,,,,,,,
,,,,,64270e30255bc7c595b7d030,001,2024-05-24_08h30.28.920,mathesisv2,2024.1.3,MacIntel,59.52380952,,,,,,248.9979,252.0985,l,3.0873,,,,,,,stimuliAXBmix/iiystimulus.wav,l,,,,,,,,,,,,,,,,,,,,,0,1,1,0,1,,,,,,,,,,,,,,,,,,,,,,,,,,,,,,,,,,,,,,,,,,,,,,,,,,,,,,,,,,,,,
,,,,,64270e30255bc7c595b7d030,001,2024-05-24_08h30.28.920,mathesisv2,2024.1.3,MacIntel,59.52380952,,,,,,252.1114,255.1155,l,2.9955,,,,,,,stimuliAXBmix/yyustimulus.wav,l,,,,,,,,,,,,,,,,,,,,,0,2,2,3,1,,,,,,,,,,,,,,,,,,,,,,,,,,,,,,,,,,,,,,,,,,,,,,,,,,,,,,,,,,,,,
,,,,,64270e30255bc7c595b7d030,001,2024-05-24_08h30.28.920,mathesisv2,2024.1.3,MacIntel,59.52380952,,,,,,255.1161,258.1996,f,3.0673,,,,,,,stimuliAXBmix/iyystimulus.wav,f,,,,,,,,,,,,,,,,,,,,,0,3,3,1,1,,,,,,,,,,,,,,,,,,,,,,,,,,,,,,,,,,,,,,,,,,,,,,,,,,,,,,,,,,,,,
,,,,,64270e30255bc7c595b7d030,001,2024-05-24_08h30.28.920,mathesisv2,2024.1.3,MacIntel,59.52380952,,,,,,258.2122,261.3346,f,3.1055,,,,,,,stimuliAXBmix/iyystimulus.wav,f,,,,,,,,,,,,,,,,,,,,,1,0,4,1,1,,,,,,,,,,,,,,,,,,,,,,,,,,,,,,,,,,,,,,,,,,,,,,,,,,,,,,,,,,,,,
,,,,,64270e30255bc7c595b7d030,001,2024-05-24_08h30.28.920,mathesisv2,2024.1.3,MacIntel,59.52380952,,,,,,261.349,264.3822,f,3.023,,,,,,,stimuliAXBmix/yuustimulus.wav,f,,,,,,,,,,,,,,,,,,,,,1,1,5,2,1,,,,,,,,,,,,,,,,,,,,,,,,,,,,,,,,,,,,,,,,,,,,,,,,,,,,,,,,,,,,,
,,,,,64270e30255bc7c595b7d030,001,2024-05-24_08h30.28.920,mathesisv2,2024.1.3,MacIntel,59.52380952,,,,,,264.3824,267.433,l,3.0411,,,,,,,stimuliAXBmix/iiystimulus.wav,l,,,,,,,,,,,,,,,,,,,,,1,2,6,0,1,,,,,,,,,,,,,,,,,,,,,,,,,,,,,,,,,,,,,,,,,,,,,,,,,,,,,,,,,,,,,
,,,,,64270e30255bc7c595b7d030,001,2024-05-24_08h30.28.920,mathesisv2,2024.1.3,MacIntel,59.52380952,,,,,,267.4447,270.7327,l,3.2779,,,,,,,stimuliAXBmix/yyustimulus.wav,l,,,,,,,,,,,,,,,,,,,,,1,3,7,3,1,,,,,,,,,,,,,,,,,,,,,,,,,,,,,,,,,,,,,,,,,,,,,,,,,,,,,,,,,,,,,
,,,,,64270e30255bc7c595b7d030,001,2024-05-24_08h30.28.920,mathesisv2,2024.1.3,MacIntel,59.52380952,,,,,,273.5298,276.7508,l,3.2087,,,,,,,stimuliAXBmix/iiystimulus.wav,l,,,,,,,,,,,0,0,0,0,1,,,,,,,,,,,270.7328,273.516,space,2.7754,,,,,,,,,,,,,,,,,,,,,,,,,,,,,,,,,,,,,,,,,,,,,,,,,,,,,,,,,
,,,,,64270e30255bc7c595b7d030,001,2024-05-24_08h30.28.920,mathesisv2,2024.1.3,MacIntel,59.52380952,,,,,,276.7515,279.6839,f,2.9184,,,,,,,stimuliAXBmix/yuustimulus.wav,f,,,,,,,,,,,0,1,1,2,1,,,,,,,,,,,,,,,,,,,,,,,,,,,,,,,,,,,,,,,,,,,,,,,,,,,,,,,,,,,,,,,,,,,,,,,
,,,,,64270e30255bc7c595b7d030,001,2024-05-24_08h30.28.920,mathesisv2,2024.1.3,MacIntel,59.52380952,,,,,,279.7026,282.7166,l,2.9947,,,,,,,stimuliAXBmix/yyustimulus.wav,l,,,,,,,,,,,0,2,2,3,1,,,,,,,,,,,,,,,,,,,,,,,,,,,,,,,,,,,,,,,,,,,,,,,,,,,,,,,,,,,,,,,,,,,,,,,
,,,,,64270e30255bc7c595b7d030,001,2024-05-24_08h30.28.920,mathesisv2,2024.1.3,MacIntel,59.52380952,,,,,,282.7169,285.8331,f,3.1035,,,,,,,stimuliAXBmix/iyystimulus.wav,f,,,,,,,,,,,0,3,3,1,1,,,,,,,,,,,,,,,,,,,,,,,,,,,,,,,,,,,,,,,,,,,,,,,,,,,,,,,,,,,,,,,,,,,,,,,
,,,,,64270e30255bc7c595b7d030,001,2024-05-24_08h30.28.920,mathesisv2,2024.1.3,MacIntel,59.52380952,,,,,,285.8448,289.0832,f,3.2237,,,,,,,stimuliAXBmix/iyystimulus.wav,f,,,,,,,,,,,1,0,4,1,1,,,,,,,,,,,,,,,,,,,,,,,,,,,,,,,,,,,,,,,,,,,,,,,,,,,,,,,,,,,,,,,,,,,,,,,
,,,,,64270e30255bc7c595b7d030,001,2024-05-24_08h30.28.920,mathesisv2,2024.1.3,MacIntel,59.52380952,,,,,,289.0835,292.184,f,3.0894,,,,,,,stimuliAXBmix/yuustimulus.wav,f,,,,,,,,,,,1,1,5,2,1,,,,,,,,,,,,,,,,,,,,,,,,,,,,,,,,,,,,,,,,,,,,,,,,,,,,,,,,,,,,,,,,,,,,,,,
,,,,,64270e30255bc7c595b7d030,001,2024-05-24_08h30.28.920,mathesisv2,2024.1.3,MacIntel,59.52380952,,,,,,292.1964,295.2007,l,2.9964,,,,,,,stimuliAXBmix/iiystimulus.wav,l,,,,,,,,,,,1,2,6,0,1,,,,,,,,,,,,,,,,,,,,,,,,,,,,,,,,,,,,,,,,,,,,,,,,,,,,,,,,,,,,,,,,,,,,,,,
,,,,,64270e30255bc7c595b7d030,001,2024-05-24_08h30.28.920,mathesisv2,2024.1.3,MacIntel,59.52380952,,,,,,295.2012,298.5337,l,3.3243,,,,,,,stimuliAXBmix/yyustimulus.wav,l,,,,,,,,,,,1,3,7,3,1,,,,,,,,,,,,,,,,,,,,,,,,,,,,,,,,,,,,,,,,,,,,,,,,,,,,,,,,,,,,,,,,,,,,,,,
,,,,,64270e30255bc7c595b7d030,001,2024-05-24_08h30.28.920,mathesisv2,2024.1.3,MacIntel,59.52380952,,,,,,298.5456,301.9512,l,3.3894,,,,,,,stimuliAXBmix/yyustimulus.wav,l,,,,,,,,,,,2,0,8,3,1,,,,,,,,,,,,,,,,,,,,,,,,,,,,,,,,,,,,,,,,,,,,,,,,,,,,,,,,,,,,,,,,,,,,,,,
,,,,,64270e30255bc7c595b7d030,001,2024-05-24_08h30.28.920,mathesisv2,2024.1.3,MacIntel,59.52380952,,,,,,301.9653,304.9023,f,2.9235,,,,,,,stimuliAXBmix/iyystimulus.wav,f,,,,,,,,,,,2,1,9,1,1,,,,,,,,,,,,,,,,,,,,,,,,,,,,,,,,,,,,,,,,,,,,,,,,,,,,,,,,,,,,,,,,,,,,,,,
,,,,,64270e30255bc7c595b7d030,001,2024-05-24_08h30.28.920,mathesisv2,2024.1.3,MacIntel,59.52380952,,,,,,304.9027,307.8521,l,2.941,,,,,,,stimuliAXBmix/iiystimulus.wav,l,,,,,,,,,,,2,2,10,0,1,,,,,,,,,,,,,,,,,,,,,,,,,,,,,,,,,,,,,,,,,,,,,,,,,,,,,,,,,,,,,,,,,,,,,,,
,,,,,64270e30255bc7c595b7d030,001,2024-05-24_08h30.28.920,mathesisv2,2024.1.3,MacIntel,59.52380952,,,,,,307.863,310.9849,f,3.1063,,,,,,,stimuliAXBmix/yuustimulus.wav,f,,,,,,,,,,,2,3,11,2,1,,,,,,,,,,,,,,,,,,,,,,,,,,,,,,,,,,,,,,,,,,,,,,,,,,,,,,,,,,,,,,,,,,,,,,,
,,,,,64270e30255bc7c595b7d030,001,2024-05-24_08h30.28.920,mathesisv2,2024.1.3,MacIntel,59.52380952,,,,,,312.8539,315.8198,l,2.9549,,,,,,,stimuliAXBmix/yyustimulus.wav,l,,,,,,,,,,,,,,,,310.985,312.8361,return,1.8366,,0,0,0,3,1,,,,,,,,,,,,,,,,,,,,,,,,,,,,,,,,,,,,,,,,,,,,,,,,,,,,,,,,,,,,,
,,,,,64270e30255bc7c595b7d030,001,2024-05-24_08h30.28.920,mathesisv2,2024.1.3,MacIntel,59.52380952,,,,,,315.8334,318.7701,l,2.9237,,,,,,,stimuliAXBmix/iiystimulus.wav,l,,,,,,,,,,,,,,,,,,,,,0,1,1,0,1,,,,,,,,,,,,,,,,,,,,,,,,,,,,,,,,,,,,,,,,,,,,,,,,,,,,,,,,,,,,,
,,,,,64270e30255bc7c595b7d030,001,2024-05-24_08h30.28.920,mathesisv2,2024.1.3,MacIntel,59.52380952,,,,,,318.7705,321.8531,f,3.0682,,,,,,,stimuliAXBmix/iyystimulus.wav,f,,,,,,,,,,,,,,,,,,,,,0,2,2,1,1,,,,,,,,,,,,,,,,,,,,,,,,,,,,,,,,,,,,,,,,,,,,,,,,,,,,,,,,,,,,,
,,,,,64270e30255bc7c595b7d030,001,2024-05-24_08h30.28.920,mathesisv2,2024.1.3,MacIntel,59.52380952,,,,,,321.8651,325.4038,f,3.524,,,,,,,stimuliAXBmix/yuustimulus.wav,f,,,,,,,,,,,,,,,,,,,,,0,3,3,2,1,,,,,,,,,,,,,,,,,,,,,,,,,,,,,,,,,,,,,,,,,,,,,,,,,,,,,,,,,,,,,
,,,,,64270e30255bc7c595b7d030,001,2024-05-24_08h30.28.920,mathesisv2,2024.1.3,MacIntel,59.52380952,,,,,,325.4163,328.3705,f,2.9459,,,,,,,stimuliAXBmix/yuustimulus.wav,f,,,,,,,,,,,,,,,,,,,,,1,0,4,2,1,,,,,,,,,,,,,,,,,,,,,,,,,,,,,,,,,,,,,,,,,,,,,,,,,,,,,,,,,,,,,
,,,,,64270e30255bc7c595b7d030,001,2024-05-24_08h30.28.920,mathesisv2,2024.1.3,MacIntel,59.52380952,,,,,,328.3711,331.3874,l,3.0028,,,,,,,stimuliAXBmix/yyustimulus.wav,l,,,,,,,,,,,,,,,,,,,,,1,1,5,3,1,,,,,,,,,,,,,,,,,,,,,,,,,,,,,,,,,,,,,,,,,,,,,,,,,,,,,,,,,,,,,
,,,,,64270e30255bc7c595b7d030,001,2024-05-24_08h30.28.920,mathesisv2,2024.1.3,MacIntel,59.52380952,,,,,,331.4023,334.4377,l,3.0188,,,,,,,stimuliAXBmix/iiystimulus.wav,l,,,,,,,,,,,,,,,,,,,,,1,2,6,0,1,,,,,,,,,,,,,,,,,,,,,,,,,,,,,,,,,,,,,,,,,,,,,,,,,,,,,,,,,,,,,
,,,,,64270e30255bc7c595b7d030,001,2024-05-24_08h30.28.920,mathesisv2,2024.1.3,MacIntel,59.52380952,,,,,,334.4381,337.3377,f,2.89,,,,,,,stimuliAXBmix/iyystimulus.wav,f,,,,,,,,,,,,,,,,,,,,,1,3,7,1,1,,,,,,,,,,,,,,,,,,,,,,,,,,,,,,,,,,,,,,,,,,,,,,,,,,,,,,,,,,,,,
,,,,,64270e30255bc7c595b7d030,001,2024-05-24_08h30.28.920,mathesisv2,2024.1.3,MacIntel,59.52380952,,,,,,,,,,,,,,,,,,,,,,,,,,,,,,,,,,,,,,,,,,,337.3381,344.4883,space,7.1446,,344.4888,355.4723,space,10.9681,,,,,,,,,,,,,,,,,,,,,,,,,,,,,,,,,,,,,,,,,,,,,,,,,,,,
,,,,,64270e30255bc7c595b7d030,001,2024-05-24_08h30.28.920,mathesisv2,2024.1.3,MacIntel,59.52380952,,,,,,,,,,,,,,,,,,,,,,,,,,,,,,,,,,,,,,,,,,,,,,,,,,,,,355.4907,360.8231,y,5.3141,,0,0,0,2,1,testTAFCmixfirst/nimnym006.wav,,,,,,,,,,,,,,,,,,,,,,,,,,,,,,,,,,,,,,,,
,,,,,64270e30255bc7c595b7d030,001,2024-05-24_08h30.28.920,mathesisv2,2024.1.3,MacIntel,59.52380952,,,,,,,,,,,,,,,,,,,,,,,,,,,,,,,,,,,,,,,,,,,,,,,,,,,,,360.8349,363.0392,e,2.1959,,0,1,1,0,1,testTAFCmixfirst/nimnym001.wav,,,,,,,,,,,,,,,,,,,,,,,,,,,,,,,,,,,,,,,,
,,,,,64270e30255bc7c595b7d030,001,2024-05-24_08h30.28.920,mathesisv2,2024.1.3,MacIntel,59.52380952,,,,,,,,,,,,,,,,,,,,,,,,,,,,,,,,,,,,,,,,,,,,,,,,,,,,,363.0395,364.4728,e,1.4178,,0,2,2,1,1,testTAFCmixfirst/nimnym002.wav,,,,,,,,,,,,,,,,,,,,,,,,,,,,,,,,,,,,,,,,
,,,,,64270e30255bc7c595b7d030,001,2024-05-24_08h30.28.920,mathesisv2,2024.1.3,MacIntel,59.52380952,,,,,,,,,,,,,,,,,,,,,,,,,,,,,,,,,,,,,,,,,,,,,,,,,,,,,,,,,,,,,,,,364.4782,367.4394,u,2.9432,,0,0,0,1,1,testTAFCmixsec/numnym002.wav,,,,,,,,,,,,,,,,,,,,,,,,,,,,,
,,,,,64270e30255bc7c595b7d030,001,2024-05-24_08h30.28.920,mathesisv2,2024.1.3,MacIntel,59.52380952,,,,,,,,,,,,,,,,,,,,,,,,,,,,,,,,,,,,,,,,,,,,,,,,,,,,,,,,,,,,,,,,367.4399,370.1561,u,2.6991,,0,1,1,0,1,testTAFCmixsec/numnym001.wav,,,,,,,,,,,,,,,,,,,,,,,,,,,,,
,,,,,64270e30255bc7c595b7d030,001,2024-05-24_08h30.28.920,mathesisv2,2024.1.3,MacIntel,59.52380952,,,,,,,,,,,,,,,,,,,,,,,,,,,,,,,,,,,,,,,,,,,,,,,,,,,,,,,,,,,,,,,,370.1678,373.2899,y,3.1054,,0,2,2,2,1,testTAFCmixsec/numnym006.wav,,,,,,,,,,,,,,,,,,,,,,,,,,,,,
,,,,,64270e30255bc7c595b7d030,001,2024-05-24_08h30.28.920,mathesisv2,2024.1.3,MacIntel,59.52380952,,,,,,,,,,,,,,,,,,,,,,,,,,,,,,,,,,,,,,,,,,,,,,,,,,,,,,,,,,,,,,,,,,,,,,,,,,,373.2909,379.6075,space,6.2989,,,,,,,,,,,,,,,,,,,,,,,,,
,,,,,64270e30255bc7c595b7d030,001,2024-05-24_08h30.28.920,mathesisv2,2024.1.3,MacIntel,59.52380952,,,,,,,,,,,,,,,,,y,,,,,,,,,,,,,,,,,,,,,,,,,,,,,,,,,,,,,,,,,,,,,,,,,,,,,,,,,,,,,,,379.6253,382.9401,y,3.3012,,0,0,0,5,1,stimuliTAFCfirst/nimnym006.wav,,,,,,,,,,,,,
,,,,,64270e30255bc7c595b7d030,001,2024-05-24_08h30.28.920,mathesisv2,2024.1.3,MacIntel,59.52380952,,,,,,,,,,,,,,,,,e,,,,,,,,,,,,,,,,,,,,,,,,,,,,,,,,,,,,,,,,,,,,,,,,,,,,,,,,,,,,,,,382.9406,384.8908,e,1.9362,,0,1,1,1,1,stimuliTAFCfirst/nimnym002.wav,,,,,,,,,,,,,
,,,,,64270e30255bc7c595b7d030,001,2024-05-24_08h30.28.920,mathesisv2,2024.1.3,MacIntel,59.52380952,,,,,,,,,,,,,,,,,y,,,,,,,,,,,,,,,,,,,,,,,,,,,,,,,,,,,,,,,,,,,,,,,,,,,,,,,,,,,,,,,384.8912,386.6566,y,1.7583,,0,2,2,4,1,stimuliTAFCfirst/nimnym005.wav,,,,,,,,,,,,,
,,,,,64270e30255bc7c595b7d030,001,2024-05-24_08h30.28.920,mathesisv2,2024.1.3,MacIntel,59.52380952,,,,,,,,,,,,,,,,,x,,,,,,,,,,,,,,,,,,,,,,,,,,,,,,,,,,,,,,,,,,,,,,,,,,,,,,,,,,,,,,,386.6574,388.3249,y,1.6512,,0,3,3,3,1,stimuliTAFCfirst/nimnym004.wav,,,,,,,,,,,,,
,,,,,64270e30255bc7c595b7d030,001,2024-05-24_08h30.28.920,mathesisv2,2024.1.3,MacIntel,59.52380952,,,,,,,,,,,,,,,,,y,,,,,,,,,,,,,,,,,,,,,,,,,,,,,,,,,,,,,,,,,,,,,,,,,,,,,,,,,,,,,,,388.3254,389.7911,y,1.4518,,0,4,4,6,1,stimuliTAFCfirst/nimnym007.wav,,,,,,,,,,,,,
,,,,,64270e30255bc7c595b7d030,001,2024-05-24_08h30.28.920,mathesisv2,2024.1.3,MacIntel,59.52380952,,,,,,,,,,,,,,,,,e,,,,,,,,,,,,,,,,,,,,,,,,,,,,,,,,,,,,,,,,,,,,,,,,,,,,,,,,,,,,,,,389.7915,391.575,e,1.7684,,0,5,5,2,1,stimuliTAFCfirst/nimnym003.wav,,,,,,,,,,,,,
,,,,,64270e30255bc7c595b7d030,001,2024-05-24_08h30.28.920,mathesisv2,2024.1.3,MacIntel,59.52380952,,,,,,,,,,,,,,,,,e,,,,,,,,,,,,,,,,,,,,,,,,,,,,,,,,,,,,,,,,,,,,,,,,,,,,,,,,,,,,,,,391.5754,393.0572,e,1.4738,,0,6,6,0,1,stimuliTAFCfirst/nimnym001.wav,,,,,,,,,,,,,
,,,,,64270e30255bc7c595b7d030,001,2024-05-24_08h30.28.920,mathesisv2,2024.1.3,MacIntel,59.52380952,,,,,,,,,,,,,,,,,x,,,,,,,,,,,,,,,,,,,,,,,,,,,,,,,,,,,,,,,,,,,,,,,,,,,,,,,,,,,,,,,393.058,395.1081,e,2.0417,,1,0,7,3,1,stimuliTAFCfirst/nimnym004.wav,,,,,,,,,,,,,
,,,,,64270e30255bc7c595b7d030,001,2024-05-24_08h30.28.920,mathesisv2,2024.1.3,MacIntel,59.52380952,,,,,,,,,,,,,,,,,y,,,,,,,,,,,,,,,,,,,,,,,,,,,,,,,,,,,,,,,,,,,,,,,,,,,,,,,,,,,,,,,395.1085,396.7749,y,1.6571,,1,1,8,5,1,stimuliTAFCfirst/nimnym006.wav,,,,,,,,,,,,,
,,,,,64270e30255bc7c595b7d030,001,2024-05-24_08h30.28.920,mathesisv2,2024.1.3,MacIntel,59.52380952,,,,,,,,,,,,,,,,,y,,,,,,,,,,,,,,,,,,,,,,,,,,,,,,,,,,,,,,,,,,,,,,,,,,,,,,,,,,,,,,,396.7755,398.1752,y,1.3852,,1,2,9,4,1,stimuliTAFCfirst/nimnym005.wav,,,,,,,,,,,,,
,,,,,64270e30255bc7c595b7d030,001,2024-05-24_08h30.28.920,mathesisv2,2024.1.3,MacIntel,59.52380952,,,,,,,,,,,,,,,,,e,,,,,,,,,,,,,,,,,,,,,,,,,,,,,,,,,,,,,,,,,,,,,,,,,,,,,,,,,,,,,,,398.1757,399.5075,e,1.3247,,1,3,10,0,1,stimuliTAFCfirst/nimnym001.wav,,,,,,,,,,,,,
,,,,,64270e30255bc7c595b7d030,001,2024-05-24_08h30.28.920,mathesisv2,2024.1.3,MacIntel,59.52380952,,,,,,,,,,,,,,,,,e,,,,,,,,,,,,,,,,,,,,,,,,,,,,,,,,,,,,,,,,,,,,,,,,,,,,,,,,,,,,,,,399.5081,400.7754,e,1.2581,,1,4,11,1,1,stimuliTAFCfirst/nimnym002.wav,,,,,,,,,,,,,
,,,,,64270e30255bc7c595b7d030,001,2024-05-24_08h30.28.920,mathesisv2,2024.1.3,MacIntel,59.52380952,,,,,,,,,,,,,,,,,e,,,,,,,,,,,,,,,,,,,,,,,,,,,,,,,,,,,,,,,,,,,,,,,,,,,,,,,,,,,,,,,400.7758,402.0412,e,1.2489,,1,5,12,2,1,stimuliTAFCfirst/nimnym003.wav,,,,,,,,,,,,,
,,,,,64270e30255bc7c595b7d030,001,2024-05-24_08h30.28.920,mathesisv2,2024.1.3,MacIntel,59.52380952,,,,,,,,,,,,,,,,,y,,,,,,,,,,,,,,,,,,,,,,,,,,,,,,,,,,,,,,,,,,,,,,,,,,,,,,,,,,,,,,,402.0417,403.5076,y,1.4579,,1,6,13,6,1,stimuliTAFCfirst/nimnym007.wav,,,,,,,,,,,,,
,,,,,64270e30255bc7c595b7d030,001,2024-05-24_08h30.28.920,mathesisv2,2024.1.3,MacIntel,59.52380952,,,,,,,,,,,,,,,,,x,403.5083,406.1094,space,2.5877,,,,,,,,,,,,,,,,,,,,,,,,,,,,,,,,,,,,,,,,,,,,,,,,,,,,,,,,,,,,,,,,,,,,,,406.1246,408.5092,u,2.3751,,0,0,0,3,1,stimuliTAFCsec/numnym004.wav,,
,,,,,64270e30255bc7c595b7d030,001,2024-05-24_08h30.28.920,mathesisv2,2024.1.3,MacIntel,59.52380952,,,,,,,,,,,,,,,,,y,,,,,,,,,,,,,,,,,,,,,,,,,,,,,,,,,,,,,,,,,,,,,,,,,,,,,,,,,,,,,,,,,,,,,,,,,,408.5098,410.1259,y,1.6014,,0,1,1,5,1,stimuliTAFCsec/numnym006.wav,,
,,,,,64270e30255bc7c595b7d030,001,2024-05-24_08h30.28.920,mathesisv2,2024.1.3,MacIntel,59.52380952,,,,,,,,,,,,,,,,,u,,,,,,,,,,,,,,,,,,,,,,,,,,,,,,,,,,,,,,,,,,,,,,,,,,,,,,,,,,,,,,,,,,,,,,,,,,410.1264,413.1089,u,2.9755,,0,2,2,0,1,stimuliTAFCsec/numnym001.wav,,
,,,,,64270e30255bc7c595b7d030,001,2024-05-24_08h30.28.920,mathesisv2,2024.1.3,MacIntel,59.52380952,,,,,,,,,,,,,,,,,u,,,,,,,,,,,,,,,,,,,,,,,,,,,,,,,,,,,,,,,,,,,,,,,,,,,,,,,,,,,,,,,,,,,,,,,,,,413.1091,414.5595,u,1.4388,,0,3,3,1,1,stimuliTAFCsec/numnym002.wav,,
,,,,,64270e30255bc7c595b7d030,001,2024-05-24_08h30.28.920,mathesisv2,2024.1.3,MacIntel,59.52380952,,,,,,,,,,,,,,,,,y,,,,,,,,,,,,,,,,,,,,,,,,,,,,,,,,,,,,,,,,,,,,,,,,,,,,,,,,,,,,,,,,,,,,,,,,,,414.5598,415.9917,y,1.4234,,0,4,4,6,1,stimuliTAFCsec/numnym007.wav,,
,,,,,64270e30255bc7c595b7d030,001,2024-05-24_08h30.28.920,mathesisv2,2024.1.3,MacIntel,59.52380952,,,,,,,,,,,,,,,,,u,,,,,,,,,,,,,,,,,,,,,,,,,,,,,,,,,,,,,,,,,,,,,,,,,,,,,,,,,,,,,,,,,,,,,,,,,,415.992,419.4753,u,3.4742,,0,5,5,2,1,stimuliTAFCsec/numnym003.wav,,
,,,,,64270e30255bc7c595b7d030,001,2024-05-24_08h30.28.920,mathesisv2,2024.1.3,MacIntel,59.52380952,,,,,,,,,,,,,,,,,y,,,,,,,,,,,,,,,,,,,,,,,,,,,,,,,,,,,,,,,,,,,,,,,,,,,,,,,,,,,,,,,,,,,,,,,,,,419.4756,422.859,y,3.3775,,0,6,6,4,1,stimuliTAFCsec/numnym005.wav,,
,,,,,64270e30255bc7c595b7d030,001,2024-05-24_08h30.28.920,mathesisv2,2024.1.3,MacIntel,59.52380952,,,,,,,,,,,,,,,,,y,,,,,,,,,,,,,,,,,,,,,,,,,,,,,,,,,,,,,,,,,,,,,,,,,,,,,,,,,,,,,,,,,,,,,,,,,,422.8682,424.2928,y,1.4088,,1,0,7,5,1,stimuliTAFCsec/numnym006.wav,,
,,,,,64270e30255bc7c595b7d030,001,2024-05-24_08h30.28.920,mathesisv2,2024.1.3,MacIntel,59.52380952,,,,,,,,,,,,,,,,,u,,,,,,,,,,,,,,,,,,,,,,,,,,,,,,,,,,,,,,,,,,,,,,,,,,,,,,,,,,,,,,,,,,,,,,,,,,424.2931,425.6929,u,1.3832,,1,1,8,1,1,stimuliTAFCsec/numnym002.wav,,
,,,,,64270e30255bc7c595b7d030,001,2024-05-24_08h30.28.920,mathesisv2,2024.1.3,MacIntel,59.52380952,,,,,,,,,,,,,,,,,x,,,,,,,,,,,,,,,,,,,,,,,,,,,,,,,,,,,,,,,,,,,,,,,,,,,,,,,,,,,,,,,,,,,,,,,,,,425.6934,428.0436,y,2.3412,,1,2,9,3,1,stimuliTAFCsec/numnym004.wav,,
,,,,,64270e30255bc7c595b7d030,001,2024-05-24_08h30.28.920,mathesisv2,2024.1.3,MacIntel,59.52380952,,,,,,,,,,,,,,,,,u,,,,,,,,,,,,,,,,,,,,,,,,,,,,,,,,,,,,,,,,,,,,,,,,,,,,,,,,,,,,,,,,,,,,,,,,,,428.044,429.3444,u,1.2937,,1,3,10,0,1,stimuliTAFCsec/numnym001.wav,,
,,,,,64270e30255bc7c595b7d030,001,2024-05-24_08h30.28.920,mathesisv2,2024.1.3,MacIntel,59.52380952,,,,,,,,,,,,,,,,,u,,,,,,,,,,,,,,,,,,,,,,,,,,,,,,,,,,,,,,,,,,,,,,,,,,,,,,,,,,,,,,,,,,,,,,,,,,429.3451,430.9094,u,1.5482,,1,4,11,2,1,stimuliTAFCsec/numnym003.wav,,
,,,,,64270e30255bc7c595b7d030,001,2024-05-24_08h30.28.920,mathesisv2,2024.1.3,MacIntel,59.52380952,,,,,,,,,,,,,,,,,y,,,,,,,,,,,,,,,,,,,,,,,,,,,,,,,,,,,,,,,,,,,,,,,,,,,,,,,,,,,,,,,,,,,,,,,,,,430.9097,432.5276,y,1.6122,,1,5,12,4,1,stimuliTAFCsec/numnym005.wav,,
,,,,,64270e30255bc7c595b7d030,001,2024-05-24_08h30.28.920,mathesisv2,2024.1.3,MacIntel,59.52380952,,,,,,,,,,,,,,,,,y,,,,,,,,,,,,,,,,,,,,,,,,,,,,,,,,,,,,,,,,,,,,,,,,,,,,,,,,,,,,,,,,,,,,,,,,,,432.5284,434.1943,y,1.654,,1,6,13,6,1,stimuliTAFCsec/numnym007.wav,,
,,,,,64270e30255bc7c595b7d030,001,2024-05-24_08h30.28.920,mathesisv2,2024.1.3,MacIntel,59.52380952,,,,,,,,,,,,,,,,,x,,,,,,,,,,,,,,,,,,,,,,,,,,434.195,436.9622,space,2.7593,,,,,,,,,,,,,,,,,,,,,,,,,,,,,,,,,,436.9764,440.2612,e,3.2709,,0,0,0,3,1,stimuliTAFCfirst/nimnym004.wav,,,,,,,,,,,,,
,,,,,64270e30255bc7c595b7d030,001,2024-05-24_08h30.28.920,mathesisv2,2024.1.3,MacIntel,59.52380952,,,,,,,,,,,,,,,,,y,,,,,,,,,,,,,,,,,,,,,,,,,,,,,,,,,,,,,,,,,,,,,,,,,,,,,,,,,,,,,,,440.2741,441.6113,y,1.3289,,0,1,1,6,1,stimuliTAFCfirst/nimnym007.wav,,,,,,,,,,,,,
,,,,,64270e30255bc7c595b7d030,001,2024-05-24_08h30.28.920,mathesisv2,2024.1.3,MacIntel,59.52380952,,,,,,,,,,,,,,,,,e,,,,,,,,,,,,,,,,,,,,,,,,,,,,,,,,,,,,,,,,,,,,,,,,,,,,,,,,,,,,,,,441.6117,443.3439,e,1.7185,,0,2,2,1,1,stimuliTAFCfirst/nimnym002.wav,,,,,,,,,,,,,
,,,,,64270e30255bc7c595b7d030,001,2024-05-24_08h30.28.920,mathesisv2,2024.1.3,MacIntel,59.52380952,,,,,,,,,,,,,,,,,y,,,,,,,,,,,,,,,,,,,,,,,,,,,,,,,,,,,,,,,,,,,,,,,,,,,,,,,,,,,,,,,443.3444,444.795,y,1.4337,,0,3,3,5,1,stimuliTAFCfirst/nimnym006.wav,,,,,,,,,,,,,
,,,,,64270e30255bc7c595b7d030,001,2024-05-24_08h30.28.920,mathesisv2,2024.1.3,MacIntel,59.52380952,,,,,,,,,,,,,,,,,e,,,,,,,,,,,,,,,,,,,,,,,,,,,,,,,,,,,,,,,,,,,,,,,,,,,,,,,,,,,,,,,444.7955,446.5273,e,1.7201,,0,4,4,2,1,stimuliTAFCfirst/nimnym003.wav,,,,,,,,,,,,,
,,,,,64270e30255bc7c595b7d030,001,2024-05-24_08h30.28.920,mathesisv2,2024.1.3,MacIntel,59.52380952,,,,,,,,,,,,,,,,,y,,,,,,,,,,,,,,,,,,,,,,,,,,,,,,,,,,,,,,,,,,,,,,,,,,,,,,,,,,,,,,,446.5277,447.8285,y,1.2853,,0,5,5,4,1,stimuliTAFCfirst/nimnym005.wav,,,,,,,,,,,,,
,,,,,64270e30255bc7c595b7d030,001,2024-05-24_08h30.28.920,mathesisv2,2024.1.3,MacIntel,59.52380952,,,,,,,,,,,,,,,,,e,,,,,,,,,,,,,,,,,,,,,,,,,,,,,,,,,,,,,,,,,,,,,,,,,,,,,,,,,,,,,,,447.8289,449.1294,e,1.2928,,0,6,6,0,1,stimuliTAFCfirst/nimnym001.wav,,,,,,,,,,,,,
,,,,,64270e30255bc7c595b7d030,001,2024-05-24_08h30.28.920,mathesisv2,2024.1.3,MacIntel,59.52380952,,,,,,,,,,,,,,,,,y,,,,,,,,,,,,,,,,,,,,,,,,,,,,,,,,,,,,,,,,,,,,,,,,,,,,,,,,,,,,,,,449.13,450.461,y,1.3229,,1,0,7,5,1,stimuliTAFCfirst/nimnym006.wav,,,,,,,,,,,,,
,,,,,64270e30255bc7c595b7d030,001,2024-05-24_08h30.28.920,mathesisv2,2024.1.3,MacIntel,59.52380952,,,,,,,,,,,,,,,,,y,,,,,,,,,,,,,,,,,,,,,,,,,,,,,,,,,,,,,,,,,,,,,,,,,,,,,,,,,,,,,,,450.4613,451.679,y,1.2052,,1,1,8,4,1,stimuliTAFCfirst/nimnym005.wav,,,,,,,,,,,,,
,,,,,64270e30255bc7c595b7d030,001,2024-05-24_08h30.28.920,mathesisv2,2024.1.3,MacIntel,59.52380952,,,,,,,,,,,,,,,,,y,,,,,,,,,,,,,,,,,,,,,,,,,,,,,,,,,,,,,,,,,,,,,,,,,,,,,,,,,,,,,,,451.6795,452.8948,y,1.2069,,1,2,9,6,1,stimuliTAFCfirst/nimnym007.wav,,,,,,,,,,,,,
,,,,,64270e30255bc7c595b7d030,001,2024-05-24_08h30.28.920,mathesisv2,2024.1.3,MacIntel,59.52380952,,,,,,,,,,,,,,,,,e,,,,,,,,,,,,,,,,,,,,,,,,,,,,,,,,,,,,,,,,,,,,,,,,,,,,,,,,,,,,,,,452.8952,454.2963,e,1.3943,,1,3,10,2,1,stimuliTAFCfirst/nimnym003.wav,,,,,,,,,,,,,
,,,,,64270e30255bc7c595b7d030,001,2024-05-24_08h30.28.920,mathesisv2,2024.1.3,MacIntel,59.52380952,,,,,,,,,,,,,,,,,e,,,,,,,,,,,,,,,,,,,,,,,,,,,,,,,,,,,,,,,,,,,,,,,,,,,,,,,,,,,,,,,454.2971,455.6634,e,1.3567,,1,4,11,1,1,stimuliTAFCfirst/nimnym002.wav,,,,,,,,,,,,,
,,,,,64270e30255bc7c595b7d030,001,2024-05-24_08h30.28.920,mathesisv2,2024.1.3,MacIntel,59.52380952,,,,,,,,,,,,,,,,,e,,,,,,,,,,,,,,,,,,,,,,,,,,,,,,,,,,,,,,,,,,,,,,,,,,,,,,,,,,,,,,,455.6639,456.8799,e,1.2087,,1,5,12,0,1,stimuliTAFCfirst/nimnym001.wav,,,,,,,,,,,,,
,,,,,64270e30255bc7c595b7d030,001,2024-05-24_08h30.28.920,mathesisv2,2024.1.3,MacIntel,59.52380952,,,,,,,,,,,,,,,,,x,,,,,,,,,,,,,,,,,,,,,,,,,,,,,,,,,,,,,,,,,,,,,,,,,,,,,,,,,,,,,,,456.8807,458.2951,y,1.4022,,1,6,13,3,1,stimuliTAFCfirst/nimnym004.wav,,,,,,,,,,,,,
,,,,,64270e30255bc7c595b7d030,001,2024-05-24_08h30.28.920,mathesisv2,2024.1.3,MacIntel,59.52380952,,,,,,,,,,,,,,,,,y,458.2953,460.2799,space,1.9764,,,,,,,,,,,,,,,,,,,,,,,,,,,,,,,,,,,,,,,,,,,,,,,,,,,,,,,,,,,,,,,,,,,,,,460.294,462.262,y,1.9591,,0,0,0,4,1,stimuliTAFCsec/numnym005.wav,,
,,,,,64270e30255bc7c595b7d030,001,2024-05-24_08h30.28.920,mathesisv2,2024.1.3,MacIntel,59.52380952,,,,,,,,,,,,,,,,,y,,,,,,,,,,,,,,,,,,,,,,,,,,,,,,,,,,,,,,,,,,,,,,,,,,,,,,,,,,,,,,,,,,,,,,,,,,462.2624,463.6618,y,1.3848,,0,1,1,6,1,stimuliTAFCsec/numnym007.wav,,
,,,,,64270e30255bc7c595b7d030,001,2024-05-24_08h30.28.920,mathesisv2,2024.1.3,MacIntel,59.52380952,,,,,,,,,,,,,,,,,u,,,,,,,,,,,,,,,,,,,,,,,,,,,,,,,,,,,,,,,,,,,,,,,,,,,,,,,,,,,,,,,,,,,,,,,,,,463.6623,464.7793,u,1.1099,,0,2,2,1,1,stimuliTAFCsec/numnym002.wav,,
,,,,,64270e30255bc7c595b7d030,001,2024-05-24_08h30.28.920,mathesisv2,2024.1.3,MacIntel,59.52380952,,,,,,,,,,,,,,,,,x,,,,,,,,,,,,,,,,,,,,,,,,,,,,,,,,,,,,,,,,,,,,,,,,,,,,,,,,,,,,,,,,,,,,,,,,,,464.7796,466.1631,u,1.3755,,0,3,3,3,1,stimuliTAFCsec/numnym004.wav,,
,,,,,64270e30255bc7c595b7d030,001,2024-05-24_08h30.28.920,mathesisv2,2024.1.3,MacIntel,59.52380952,,,,,,,,,,,,,,,,,y,,,,,,,,,,,,,,,,,,,,,,,,,,,,,,,,,,,,,,,,,,,,,,,,,,,,,,,,,,,,,,,,,,,,,,,,,,466.1637,467.5966,y,1.4193,,0,4,4,5,1,stimuliTAFCsec/numnym006.wav,,
,,,,,64270e30255bc7c595b7d030,001,2024-05-24_08h30.28.920,mathesisv2,2024.1.3,MacIntel,59.52380952,,,,,,,,,,,,,,,,,u,,,,,,,,,,,,,,,,,,,,,,,,,,,,,,,,,,,,,,,,,,,,,,,,,,,,,,,,,,,,,,,,,,,,,,,,,,467.5969,468.9642,u,1.3606,,0,5,5,0,1,stimuliTAFCsec/numnym001.wav,,
,,,,,64270e30255bc7c595b7d030,001,2024-05-24_08h30.28.920,mathesisv2,2024.1.3,MacIntel,59.52380952,,,,,,,,,,,,,,,,,u,,,,,,,,,,,,,,,,,,,,,,,,,,,,,,,,,,,,,,,,,,,,,,,,,,,,,,,,,,,,,,,,,,,,,,,,,,468.9646,470.4627,u,1.4824,,0,6,6,2,1,stimuliTAFCsec/numnym003.wav,,
,,,,,64270e30255bc7c595b7d030,001,2024-05-24_08h30.28.920,mathesisv2,2024.1.3,MacIntel,59.52380952,,,,,,,,,,,,,,,,,y,,,,,,,,,,,,,,,,,,,,,,,,,,,,,,,,,,,,,,,,,,,,,,,,,,,,,,,,,,,,,,,,,,,,,,,,,,470.4631,471.7122,y,1.2428,,1,0,7,4,1,stimuliTAFCsec/numnym005.wav,,
,,,,,64270e30255bc7c595b7d030,001,2024-05-24_08h30.28.920,mathesisv2,2024.1.3,MacIntel,59.52380952,,,,,,,,,,,,,,,,,x,,,,,,,,,,,,,,,,,,,,,,,,,,,,,,,,,,,,,,,,,,,,,,,,,,,,,,,,,,,,,,,,,,,,,,,,,,471.7125,473.7126,y,1.9877,,1,1,8,3,1,stimuliTAFCsec/numnym004.wav,,
,,,,,64270e30255bc7c595b7d030,001,2024-05-24_08h30.28.920,mathesisv2,2024.1.3,MacIntel,59.52380952,,,,,,,,,,,,,,,,,y,,,,,,,,,,,,,,,,,,,,,,,,,,,,,,,,,,,,,,,,,,,,,,,,,,,,,,,,,,,,,,,,,,,,,,,,,,473.7131,475.0636,y,1.332,,1,2,9,5,1,stimuliTAFCsec/numnym006.wav,,
,,,,,64270e30255bc7c595b7d030,001,2024-05-24_08h30.28.920,mathesisv2,2024.1.3,MacIntel,59.52380952,,,,,,,,,,,,,,,,,y,,,,,,,,,,,,,,,,,,,,,,,,,,,,,,,,,,,,,,,,,,,,,,,,,,,,,,,,,,,,,,,,,,,,,,,,,,475.0638,476.2464,y,1.1693,,1,3,10,6,1,stimuliTAFCsec/numnym007.wav,,
,,,,,64270e30255bc7c595b7d030,001,2024-05-24_08h30.28.920,mathesisv2,2024.1.3,MacIntel,59.52380952,,,,,,,,,,,,,,,,,u,,,,,,,,,,,,,,,,,,,,,,,,,,,,,,,,,,,,,,,,,,,,,,,,,,,,,,,,,,,,,,,,,,,,,,,,,,476.2467,477.4797,u,1.2169,,1,4,11,0,1,stimuliTAFCsec/numnym001.wav,,
,,,,,64270e30255bc7c595b7d030,001,2024-05-24_08h30.28.920,mathesisv2,2024.1.3,MacIntel,59.52380952,,,,,,,,,,,,,,,,,u,,,,,,,,,,,,,,,,,,,,,,,,,,,,,,,,,,,,,,,,,,,,,,,,,,,,,,,,,,,,,,,,,,,,,,,,,,477.48,478.7134,u,1.2204,,1,5,12,2,1,stimuliTAFCsec/numnym003.wav,,
,,,,,64270e30255bc7c595b7d030,001,2024-05-24_08h30.28.920,mathesisv2,2024.1.3,MacIntel,59.52380952,,,,,,,,,,,,,,,,,u,,,,,,,,,,,,,,,,,,,,,,,,,,,,,,,,,,,,,,,,,,,,,,,,,,,,,,,,,,,,,,,,,,,,,,,,,,478.714,479.981,u,1.252,,1,6,13,1,1,stimuliTAFCsec/numnym002.wav,,
,,,,,64270e30255bc7c595b7d030,001,2024-05-24_08h30.28.920,mathesisv2,2024.1.3,MacIntel,59.52380952,,,,,,,,,,,,,,,,,y,,,,,,,,,,,,,,,,,,,,,,,,,,479.9815,482.2144,space,2.2227,,,,,,,,,,,,,,,,,,,,,,,,,,,,,,,,,,482.2299,484.9142,y,2.6748,,0,0,0,5,1,stimuliTAFCfirst/nimnym006.wav,,,,,,,,,,,,,
,,,,,64270e30255bc7c595b7d030,001,2024-05-24_08h30.28.920,mathesisv2,2024.1.3,MacIntel,59.52380952,,,,,,,,,,,,,,,,,y,,,,,,,,,,,,,,,,,,,,,,,,,,,,,,,,,,,,,,,,,,,,,,,,,,,,,,,,,,,,,,,484.9147,486.2969,y,1.3659,,0,1,1,6,1,stimuliTAFCfirst/nimnym007.wav,,,,,,,,,,,,,
,,,,,64270e30255bc7c595b7d030,001,2024-05-24_08h30.28.920,mathesisv2,2024.1.3,MacIntel,59.52380952,,,,,,,,,,,,,,,,,y,,,,,,,,,,,,,,,,,,,,,,,,,,,,,,,,,,,,,,,,,,,,,,,,,,,,,,,,,,,,,,,486.2975,487.6145,y,1.3112,,0,2,2,4,1,stimuliTAFCfirst/nimnym005.wav,,,,,,,,,,,,,
,,,,,64270e30255bc7c595b7d030,001,2024-05-24_08h30.28.920,mathesisv2,2024.1.3,MacIntel,59.52380952,,,,,,,,,,,,,,,,,e,,,,,,,,,,,,,,,,,,,,,,,,,,,,,,,,,,,,,,,,,,,,,,,,,,,,,,,,,,,,,,,487.6149,488.9137,e,1.2877,,0,3,3,1,1,stimuliTAFCfirst/nimnym002.wav,,,,,,,,,,,,,
,,,,,64270e30255bc7c595b7d030,001,2024-05-24_08h30.28.920,mathesisv2,2024.1.3,MacIntel,59.52380952,,,,,,,,,,,,,,,,,e,,,,,,,,,,,,,,,,,,,,,,,,,,,,,,,,,,,,,,,,,,,,,,,,,,,,,,,,,,,,,,,488.914,490.0971,e,1.1663,,0,4,4,2,1,stimuliTAFCfirst/nimnym003.wav,,,,,,,,,,,,,
,,,,,64270e30255bc7c595b7d030,001,2024-05-24_08h30.28.920,mathesisv2,2024.1.3,MacIntel,59.52380952,,,,,,,,,,,,,,,,,e,,,,,,,,,,,,,,,,,,,,,,,,,,,,,,,,,,,,,,,,,,,,,,,,,,,,,,,,,,,,,,,490.0974,491.2155,e,1.1119,,0,5,5,0,1,stimuliTAFCfirst/nimnym001.wav,,,,,,,,,,,,,
,,,,,64270e30255bc7c595b7d030,001,2024-05-24_08h30.28.920,mathesisv2,2024.1.3,MacIntel,59.52380952,,,,,,,,,,,,,,,,,x,,,,,,,,,,,,,,,,,,,,,,,,,,,,,,,,,,,,,,,,,,,,,,,,,,,,,,,,,,,,,,,491.2158,492.8809,e,1.6585,,0,6,6,3,1,stimuliTAFCfirst/nimnym004.wav,,,,,,,,,,,,,
,,,,,64270e30255bc7c595b7d030,001,2024-05-24_08h30.28.920,mathesisv2,2024.1.3,MacIntel,59.52380952,,,,,,,,,,,,,,,,,e,,,,,,,,,,,,,,,,,,,,,,,,,,,,,,,,,,,,,,,,,,,,,,,,,,,,,,,,,,,,,,,492.8812,494.2475,e,1.3514,,1,0,7,1,1,stimuliTAFCfirst/nimnym002.wav,,,,,,,,,,,,,
,,,,,64270e30255bc7c595b7d030,001,2024-05-24_08h30.28.920,mathesisv2,2024.1.3,MacIntel,59.52380952,,,,,,,,,,,,,,,,,y,,,,,,,,,,,,,,,,,,,,,,,,,,,,,,,,,,,,,,,,,,,,,,,,,,,,,,,,,,,,,,,494.248,495.6142,y,1.3507,,1,1,8,6,1,stimuliTAFCfirst/nimnym007.wav,,,,,,,,,,,,,
,,,,,64270e30255bc7c595b7d030,001,2024-05-24_08h30.28.920,mathesisv2,2024.1.3,MacIntel,59.52380952,,,,,,,,,,,,,,,,,y,,,,,,,,,,,,,,,,,,,,,,,,,,,,,,,,,,,,,,,,,,,,,,,,,,,,,,,,,,,,,,,495.6146,496.7479,y,1.1253,,1,2,9,4,1,stimuliTAFCfirst/nimnym005.wav,,,,,,,,,,,,,
,,,,,64270e30255bc7c595b7d030,001,2024-05-24_08h30.28.920,mathesisv2,2024.1.3,MacIntel,59.52380952,,,,,,,,,,,,,,,,,x,,,,,,,,,,,,,,,,,,,,,,,,,,,,,,,,,,,,,,,,,,,,,,,,,,,,,,,,,,,,,,,496.7482,497.9478,y,1.191,,1,3,10,3,1,stimuliTAFCfirst/nimnym004.wav,,,,,,,,,,,,,
,,,,,64270e30255bc7c595b7d030,001,2024-05-24_08h30.28.920,mathesisv2,2024.1.3,MacIntel,59.52380952,,,,,,,,,,,,,,,,,e,,,,,,,,,,,,,,,,,,,,,,,,,,,,,,,,,,,,,,,,,,,,,,,,,,,,,,,,,,,,,,,497.9482,499.2307,e,1.2674,,1,4,11,2,1,stimuliTAFCfirst/nimnym003.wav,,,,,,,,,,,,,
,,,,,64270e30255bc7c595b7d030,001,2024-05-24_08h30.28.920,mathesisv2,2024.1.3,MacIntel,59.52380952,,,,,,,,,,,,,,,,,e,,,,,,,,,,,,,,,,,,,,,,,,,,,,,,,,,,,,,,,,,,,,,,,,,,,,,,,,,,,,,,,499.231,500.699,e,1.4541,,1,5,12,0,1,stimuliTAFCfirst/nimnym001.wav,,,,,,,,,,,,,
,,,,,64270e30255bc7c595b7d030,001,2024-05-24_08h30.28.920,mathesisv2,2024.1.3,MacIntel,59.52380952,,,,,,,,,,,,,,,,,y,,,,,,,,,,,,,,,,,,,,,,,,,,,,,,,,,,,,,,,,,,,,,,,,,,,,,,,,,,,,,,,500.6995,502.2151,y,1.5077,,1,6,13,5,1,stimuliTAFCfirst/nimnym006.wav,,,,,,,,,,,,,
,,,,,64270e30255bc7c595b7d030,001,2024-05-24_08h30.28.920,mathesisv2,2024.1.3,MacIntel,59.52380952,,,,,,,,,,,,,,,,,x,502.2152,503.8493,space,1.6178,,,,,,,,,,,,,,,,,,,,,,,,,,,,,,,,,,,,,,,,,,,,,,,,,,,,,,,,,,,,,,,,,,,,,,503.863,506.3819,u,2.5031,,0,0,0,3,1,stimuliTAFCsec/numnym004.wav,,
,,,,,64270e30255bc7c595b7d030,001,2024-05-24_08h30.28.920,mathesisv2,2024.1.3,MacIntel,59.52380952,,,,,,,,,,,,,,,,,u,,,,,,,,,,,,,,,,,,,,,,,,,,,,,,,,,,,,,,,,,,,,,,,,,,,,,,,,,,,,,,,,,,,,,,,,,,506.3822,507.6499,u,1.2515,,0,1,1,1,1,stimuliTAFCsec/numnym002.wav,,
,,,,,64270e30255bc7c595b7d030,001,2024-05-24_08h30.28.920,mathesisv2,2024.1.3,MacIntel,59.52380952,,,,,,,,,,,,,,,,,u,,,,,,,,,,,,,,,,,,,,,,,,,,,,,,,,,,,,,,,,,,,,,,,,,,,,,,,,,,,,,,,,,,,,,,,,,,507.6505,509.1315,u,1.4722,,0,2,2,2,1,stimuliTAFCsec/numnym003.wav,,
,,,,,64270e30255bc7c595b7d030,001,2024-05-24_08h30.28.920,mathesisv2,2024.1.3,MacIntel,59.52380952,,,,,,,,,,,,,,,,,y,,,,,,,,,,,,,,,,,,,,,,,,,,,,,,,,,,,,,,,,,,,,,,,,,,,,,,,,,,,,,,,,,,,,,,,,,,509.1319,510.6817,y,1.5398,,0,3,3,4,1,stimuliTAFCsec/numnym005.wav,,
,,,,,64270e30255bc7c595b7d030,001,2024-05-24_08h30.28.920,mathesisv2,2024.1.3,MacIntel,59.52380952,,,,,,,,,,,,,,,,,y,,,,,,,,,,,,,,,,,,,,,,,,,,,,,,,,,,,,,,,,,,,,,,,,,,,,,,,,,,,,,,,,,,,,,,,,,,510.682,512.3499,y,1.658,,0,4,4,5,1,stimuliTAFCsec/numnym006.wav,,
,,,,,64270e30255bc7c595b7d030,001,2024-05-24_08h30.28.920,mathesisv2,2024.1.3,MacIntel,59.52380952,,,,,,,,,,,,,,,,,y,,,,,,,,,,,,,,,,,,,,,,,,,,,,,,,,,,,,,,,,,,,,,,,,,,,,,,,,,,,,,,,,,,,,,,,,,,512.3502,513.5322,y,1.1696,,0,5,5,6,1,stimuliTAFCsec/numnym007.wav,,
,,,,,64270e30255bc7c595b7d030,001,2024-05-24_08h30.28.920,mathesisv2,2024.1.3,MacIntel,59.52380952,,,,,,,,,,,,,,,,,u,,,,,,,,,,,,,,,,,,,,,,,,,,,,,,,,,,,,,,,,,,,,,,,,,,,,,,,,,,,,,,,,,,,,,,,,,,513.5328,514.6659,u,1.1168,,0,6,6,0,1,stimuliTAFCsec/numnym001.wav,,
,,,,,64270e30255bc7c595b7d030,001,2024-05-24_08h30.28.920,mathesisv2,2024.1.3,MacIntel,59.52380952,,,,,,,,,,,,,,,,,y,,,,,,,,,,,,,,,,,,,,,,,,,,,,,,,,,,,,,,,,,,,,,,,,,,,,,,,,,,,,,,,,,,,,,,,,,,514.6662,515.934,y,1.2546,,1,0,7,6,1,stimuliTAFCsec/numnym007.wav,,
,,,,,64270e30255bc7c595b7d030,001,2024-05-24_08h30.28.920,mathesisv2,2024.1.3,MacIntel,59.52380952,,,,,,,,,,,,,,,,,y,,,,,,,,,,,,,,,,,,,,,,,,,,,,,,,,,,,,,,,,,,,,,,,,,,,,,,,,,,,,,,,,,,,,,,,,,,515.9346,517.2997,y,1.3516,,1,1,8,4,1,stimuliTAFCsec/numnym005.wav,,
,,,,,64270e30255bc7c595b7d030,001,2024-05-24_08h30.28.920,mathesisv2,2024.1.3,MacIntel,59.52380952,,,,,,,,,,,,,,,,,x,,,,,,,,,,,,,,,,,,,,,,,,,,,,,,,,,,,,,,,,,,,,,,,,,,,,,,,,,,,,,,,,,,,,,,,,,,517.3002,518.6999,u,1.3897,,1,2,9,3,1,stimuliTAFCsec/numnym004.wav,,
,,,,,64270e30255bc7c595b7d030,001,2024-05-24_08h30.28.920,mathesisv2,2024.1.3,MacIntel,59.52380952,,,,,,,,,,,,,,,,,u,,,,,,,,,,,,,,,,,,,,,,,,,,,,,,,,,,,,,,,,,,,,,,,,,,,,,,,,,,,,,,,,,,,,,,,,,,518.7002,520.1005,u,1.3936,,1,3,10,1,1,stimuliTAFCsec/numnym002.wav,,
,,,,,64270e30255bc7c595b7d030,001,2024-05-24_08h30.28.920,mathesisv2,2024.1.3,MacIntel,59.52380952,,,,,,,,,,,,,,,,,y,,,,,,,,,,,,,,,,,,,,,,,,,,,,,,,,,,,,,,,,,,,,,,,,,,,,,,,,,,,,,,,,,,,,,,,,,,520.1008,521.5166,y,1.4027,,1,4,11,5,1,stimuliTAFCsec/numnym006.wav,,
,,,,,64270e30255bc7c595b7d030,001,2024-05-24_08h30.28.920,mathesisv2,2024.1.3,MacIntel,59.52380952,,,,,,,,,,,,,,,,,u,,,,,,,,,,,,,,,,,,,,,,,,,,,,,,,,,,,,,,,,,,,,,,,,,,,,,,,,,,,,,,,,,,,,,,,,,,521.5171,522.9335,u,1.4003,,1,5,12,2,1,stimuliTAFCsec/numnym003.wav,,
,,,,,64270e30255bc7c595b7d030,001,2024-05-24_08h30.28.920,mathesisv2,2024.1.3,MacIntel,59.52380952,,,,,,,,,,,,,,,,,u,,,,,,,,,,,,,,,,,,,,,,,,,,,,,,,,,,,,,,,,,,,,,,,,,,,,,,,,,,,,,,,,,,,,,,,,,,522.9339,524.2673,u,1.3185,,1,6,13,0,1,stimuliTAFCsec/numnym001.wav,,
,,,,,64270e30255bc7c595b7d030,001,2024-05-24_08h30.28.920,mathesisv2,2024.1.3,MacIntel,59.52380952,,,,,,,,,,,,,,,,,e,,,,,,,,,,,,,,,,,,,,,,,,,,524.2675,526.1839,space,1.9041,,,,,,,,,,,,,,,,,,,,,,,,,,,,,,,,,,526.1986,527.8339,e,1.6235,,0,0,0,2,1,stimuliTAFCfirst/nimnym003.wav,,,,,,,,,,,,,
,,,,,64270e30255bc7c595b7d030,001,2024-05-24_08h30.28.920,mathesisv2,2024.1.3,MacIntel,59.52380952,,,,,,,,,,,,,,,,,y,,,,,,,,,,,,,,,,,,,,,,,,,,,,,,,,,,,,,,,,,,,,,,,,,,,,,,,,,,,,,,,527.8344,529.3175,y,1.4676,,0,1,1,5,1,stimuliTAFCfirst/nimnym006.wav,,,,,,,,,,,,,
,,,,,64270e30255bc7c595b7d030,001,2024-05-24_08h30.28.920,mathesisv2,2024.1.3,MacIntel,59.52380952,,,,,,,,,,,,,,,,,y,,,,,,,,,,,,,,,,,,,,,,,,,,,,,,,,,,,,,,,,,,,,,,,,,,,,,,,,,,,,,,,529.318,530.6165,y,1.2828,,0,2,2,4,1,stimuliTAFCfirst/nimnym005.wav,,,,,,,,,,,,,
,,,,,64270e30255bc7c595b7d030,001,2024-05-24_08h30.28.920,mathesisv2,2024.1.3,MacIntel,59.52380952,,,,,,,,,,,,,,,,,e,,,,,,,,,,,,,,,,,,,,,,,,,,,,,,,,,,,,,,,,,,,,,,,,,,,,,,,,,,,,,,,530.6169,532.0633,e,1.42,,0,3,3,0,1,stimuliTAFCfirst/nimnym001.wav,,,,,,,,,,,,,
,,,,,64270e30255bc7c595b7d030,001,2024-05-24_08h30.28.920,mathesisv2,2024.1.3,MacIntel,59.52380952,,,,,,,,,,,,,,,,,y,,,,,,,,,,,,,,,,,,,,,,,,,,,,,,,,,,,,,,,,,,,,,,,,,,,,,,,,,,,,,,,532.0637,533.6671,y,1.5969,,0,4,4,6,1,stimuliTAFCfirst/nimnym007.wav,,,,,,,,,,,,,
,,,,,64270e30255bc7c595b7d030,001,2024-05-24_08h30.28.920,mathesisv2,2024.1.3,MacIntel,59.52380952,,,,,,,,,,,,,,,,,x,,,,,,,,,,,,,,,,,,,,,,,,,,,,,,,,,,,,,,,,,,,,,,,,,,,,,,,,,,,,,,,533.6675,535.3184,e,1.636,,0,5,5,3,1,stimuliTAFCfirst/nimnym004.wav,,,,,,,,,,,,,
,,,,,64270e30255bc7c595b7d030,001,2024-05-24_08h30.28.920,mathesisv2,2024.1.3,MacIntel,59.52380952,,,,,,,,,,,,,,,,,e,,,,,,,,,,,,,,,,,,,,,,,,,,,,,,,,,,,,,,,,,,,,,,,,,,,,,,,,,,,,,,,535.3191,536.5668,e,1.2391,,0,6,6,1,1,stimuliTAFCfirst/nimnym002.wav,,,,,,,,,,,,,
,,,,,64270e30255bc7c595b7d030,001,2024-05-24_08h30.28.920,mathesisv2,2024.1.3,MacIntel,59.52380952,,,,,,,,,,,,,,,,,e,,,,,,,,,,,,,,,,,,,,,,,,,,,,,,,,,,,,,,,,,,,,,,,,,,,,,,,,,,,,,,,536.5673,537.7503,e,1.1699,,1,0,7,2,1,stimuliTAFCfirst/nimnym003.wav,,,,,,,,,,,,,
,,,,,64270e30255bc7c595b7d030,001,2024-05-24_08h30.28.920,mathesisv2,2024.1.3,MacIntel,59.52380952,,,,,,,,,,,,,,,,,x,,,,,,,,,,,,,,,,,,,,,,,,,,,,,,,,,,,,,,,,,,,,,,,,,,,,,,,,,,,,,,,537.7509,541.1014,e,3.3345,,1,1,8,3,1,stimuliTAFCfirst/nimnym004.wav,,,,,,,,,,,,,
,,,,,64270e30255bc7c595b7d030,001,2024-05-24_08h30.28.920,mathesisv2,2024.1.3,MacIntel,59.52380952,,,,,,,,,,,,,,,,,y,,,,,,,,,,,,,,,,,,,,,,,,,,,,,,,,,,,,,,,,,,,,,,,,,,,,,,,,,,,,,,,541.1018,542.518,y,1.4048,,1,2,9,5,1,stimuliTAFCfirst/nimnym006.wav,,,,,,,,,,,,,
,,,,,64270e30255bc7c595b7d030,001,2024-05-24_08h30.28.920,mathesisv2,2024.1.3,MacIntel,59.52380952,,,,,,,,,,,,,,,,,y,,,,,,,,,,,,,,,,,,,,,,,,,,,,,,,,,,,,,,,,,,,,,,,,,,,,,,,,,,,,,,,542.5183,543.7861,y,1.2613,,1,3,10,6,1,stimuliTAFCfirst/nimnym007.wav,,,,,,,,,,,,,
,,,,,64270e30255bc7c595b7d030,001,2024-05-24_08h30.28.920,mathesisv2,2024.1.3,MacIntel,59.52380952,,,,,,,,,,,,,,,,,e,,,,,,,,,,,,,,,,,,,,,,,,,,,,,,,,,,,,,,,,,,,,,,,,,,,,,,,,,,,,,,,543.7872,545.184,e,1.3821,,1,4,11,1,1,stimuliTAFCfirst/nimnym002.wav,,,,,,,,,,,,,
,,,,,64270e30255bc7c595b7d030,001,2024-05-24_08h30.28.920,mathesisv2,2024.1.3,MacIntel,59.52380952,,,,,,,,,,,,,,,,,e,,,,,,,,,,,,,,,,,,,,,,,,,,,,,,,,,,,,,,,,,,,,,,,,,,,,,,,,,,,,,,,545.1845,546.4521,e,1.2513,,1,5,12,0,1,stimuliTAFCfirst/nimnym001.wav,,,,,,,,,,,,,
,,,,,64270e30255bc7c595b7d030,001,2024-05-24_08h30.28.920,mathesisv2,2024.1.3,MacIntel,59.52380952,,,,,,,,,,,,,,,,,y,,,,,,,,,,,,,,,,,,,,,,,,,,,,,,,,,,,,,,,,,,,,,,,,,,,,,,,,,,,,,,,546.4526,547.8516,y,1.3827,,1,6,13,4,1,stimuliTAFCfirst/nimnym005.wav,,,,,,,,,,,,,
,,,,,64270e30255bc7c595b7d030,001,2024-05-24_08h30.28.920,mathesisv2,2024.1.3,MacIntel,59.52380952,,,,,,,,,,,,,,,,,x,547.8518,549.7843,space,1.9239,,,,,,,,,,,,,,,,,,,,,,,,,,,,,,,,,,,,,,,,,,,,,,,,,,,,,,,,,,,,,,,,,,,,,,549.7973,551.3523,u,1.544,,0,0,0,3,1,stimuliTAFCsec/numnym004.wav,,
,,,,,64270e30255bc7c595b7d030,001,2024-05-24_08h30.28.920,mathesisv2,2024.1.3,MacIntel,59.52380952,,,,,,,,,,,,,,,,,y,,,,,,,,,,,,,,,,,,,,,,,,,,,,,,,,,,,,,,,,,,,,,,,,,,,,,,,,,,,,,,,,,,,,,,,,,,551.3525,552.6356,y,1.2679,,0,1,1,4,1,stimuliTAFCsec/numnym005.wav,,
,,,,,64270e30255bc7c595b7d030,001,2024-05-24_08h30.28.920,mathesisv2,2024.1.3,MacIntel,59.52380952,,,,,,,,,,,,,,,,,u,,,,,,,,,,,,,,,,,,,,,,,,,,,,,,,,,,,,,,,,,,,,,,,,,,,,,,,,,,,,,,,,,,,,,,,,,,552.6361,553.752,u,1.1006,,0,2,2,2,1,stimuliTAFCsec/numnym003.wav,,
,,,,,64270e30255bc7c595b7d030,001,2024-05-24_08h30.28.920,mathesisv2,2024.1.3,MacIntel,59.52380952,,,,,,,,,,,,,,,,,u,,,,,,,,,,,,,,,,,,,,,,,,,,,,,,,,,,,,,,,,,,,,,,,,,,,,,,,,,,,,,,,,,,,,,,,,,,553.7525,554.9025,u,1.1401,,0,3,3,0,1,stimuliTAFCsec/numnym001.wav,,
,,,,,64270e30255bc7c595b7d030,001,2024-05-24_08h30.28.920,mathesisv2,2024.1.3,MacIntel,59.52380952,,,,,,,,,,,,,,,,,y,,,,,,,,,,,,,,,,,,,,,,,,,,,,,,,,,,,,,,,,,,,,,,,,,,,,,,,,,,,,,,,,,,,,,,,,,,554.9028,556.1519,y,1.2317,,0,4,4,6,1,stimuliTAFCsec/numnym007.wav,,
,,,,,64270e30255bc7c595b7d030,001,2024-05-24_08h30.28.920,mathesisv2,2024.1.3,MacIntel,59.52380952,,,,,,,,,,,,,,,,,y,,,,,,,,,,,,,,,,,,,,,,,,,,,,,,,,,,,,,,,,,,,,,,,,,,,,,,,,,,,,,,,,,,,,,,,,,,556.1524,557.5015,y,1.3358,,0,5,5,5,1,stimuliTAFCsec/numnym006.wav,,
,,,,,64270e30255bc7c595b7d030,001,2024-05-24_08h30.28.920,mathesisv2,2024.1.3,MacIntel,59.52380952,,,,,,,,,,,,,,,,,u,,,,,,,,,,,,,,,,,,,,,,,,,,,,,,,,,,,,,,,,,,,,,,,,,,,,,,,,,,,,,,,,,,,,,,,,,,557.5019,558.5524,u,1.033,,0,6,6,1,1,stimuliTAFCsec/numnym002.wav,,
,,,,,64270e30255bc7c595b7d030,001,2024-05-24_08h30.28.920,mathesisv2,2024.1.3,MacIntel,59.52380952,,,,,,,,,,,,,,,,,u,,,,,,,,,,,,,,,,,,,,,,,,,,,,,,,,,,,,,,,,,,,,,,,,,,,,,,,,,,,,,,,,,,,,,,,,,,558.5527,559.6692,u,1.1075,,1,0,7,1,1,stimuliTAFCsec/numnym002.wav,,
,,,,,64270e30255bc7c595b7d030,001,2024-05-24_08h30.28.920,mathesisv2,2024.1.3,MacIntel,59.52380952,,,,,,,,,,,,,,,,,y,,,,,,,,,,,,,,,,,,,,,,,,,,,,,,,,,,,,,,,,,,,,,,,,,,,,,,,,,,,,,,,,,,,,,,,,,,559.6696,560.8362,y,1.1573,,1,1,8,6,1,stimuliTAFCsec/numnym007.wav,,
,,,,,64270e30255bc7c595b7d030,001,2024-05-24_08h30.28.920,mathesisv2,2024.1.3,MacIntel,59.52380952,,,,,,,,,,,,,,,,,y,,,,,,,,,,,,,,,,,,,,,,,,,,,,,,,,,,,,,,,,,,,,,,,,,,,,,,,,,,,,,,,,,,,,,,,,,,560.8365,562.1365,y,1.2874,,1,2,9,5,1,stimuliTAFCsec/numnym006.wav,,
,,,,,64270e30255bc7c595b7d030,001,2024-05-24_08h30.28.920,mathesisv2,2024.1.3,MacIntel,59.52380952,,,,,,,,,,,,,,,,,y,,,,,,,,,,,,,,,,,,,,,,,,,,,,,,,,,,,,,,,,,,,,,,,,,,,,,,,,,,,,,,,,,,,,,,,,,,562.1369,563.2865,y,1.1329,,1,3,10,4,1,stimuliTAFCsec/numnym005.wav,,
,,,,,64270e30255bc7c595b7d030,001,2024-05-24_08h30.28.920,mathesisv2,2024.1.3,MacIntel,59.52380952,,,,,,,,,,,,,,,,,x,,,,,,,,,,,,,,,,,,,,,,,,,,,,,,,,,,,,,,,,,,,,,,,,,,,,,,,,,,,,,,,,,,,,,,,,,,563.2869,565.1037,y,1.81,,1,4,11,3,1,stimuliTAFCsec/numnym004.wav,,
,,,,,64270e30255bc7c595b7d030,001,2024-05-24_08h30.28.920,mathesisv2,2024.1.3,MacIntel,59.52380952,,,,,,,,,,,,,,,,,u,,,,,,,,,,,,,,,,,,,,,,,,,,,,,,,,,,,,,,,,,,,,,,,,,,,,,,,,,,,,,,,,,,,,,,,,,,565.1042,566.3022,u,1.1813,,1,5,12,2,1,stimuliTAFCsec/numnym003.wav,,
,,,,,64270e30255bc7c595b7d030,001,2024-05-24_08h30.28.920,mathesisv2,2024.1.3,MacIntel,59.52380952,,,,,,,,,,,,,,,,,u,,,,,,,,,,,,,,,,,,,,,,,,,,,,,,,,,,,,,,,,,,,,,,,,,,,,,,,,,,,,,,,,,,,,,,,,,,566.3027,567.5358,u,1.2236,,1,6,13,0,1,stimuliTAFCsec/numnym001.wav,,
,,,,,64270e30255bc7c595b7d030,001,2024-05-24_08h30.28.920,mathesisv2,2024.1.3,MacIntel,59.52380952,,,,,,,,,,,,,,,,,,,,,,,,,,,,,,,,,,,,,,,,,,,567.5359,569.1533,space,1.6011,,,,,,,,,,,,,,,,,,,,,,,,,,,,,,,,,,,,,,,,,,,,,,,,,,,,,,,,569.154,574.1533
