﻿start.started,start.stopped,startkey_resp.keys,startkey_resp.rt,startkey_resp.duration,participant,session,date,expName,psychopyVersion,OS,frameRate,attention.started,attention.stopped,key_resp.keys,key_resp.rt,key_resp.duration,stimuliAXBmix.started,stimuliAXBmix.stopped,stimuliAXBkey_resp.keys,stimuliAXBkey_resp.rt,stimuliAXBkey_resp.duration,stimuliAXBtesttrials.thisRepN,stimuliAXBtesttrials.thisTrialN,stimuliAXBtesttrials.thisN,stimuliAXBtesttrials.thisIndex,stimuliAXBtesttrials.ran,stimuliAXBmix,Correct,attentionsecond.started,attentionsecond.stopped,attentionsecondkey_resp.keys,attentionsecondkey_resp.rt,attentionsecondkey_resp.duration,instAXBreal.started,instAXBreal.stopped,instAXBrealkey_resp.keys,instAXBrealkey_resp.rt,instAXBrealkey_resp.duration,stimuliAXBmixfirst.thisRepN,stimuliAXBmixfirst.thisTrialN,stimuliAXBmixfirst.thisN,stimuliAXBmixfirst.thisIndex,stimuliAXBmixfirst.ran,attentionfirst.started,attentionfirst.stopped,attentionfirstkey_resp.keys,attentionfirstkey_resp.rt,attentionfirstkey_resp.duration,stimuliAXbmixsec.thisRepN,stimuliAXbmixsec.thisTrialN,stimuliAXbmixsec.thisN,stimuliAXbmixsec.thisIndex,stimuliAXbmixsec.ran,kaffeepause.started,kaffeepause.stopped,kaffeepausekey_resp.keys,kaffeepausekey_resp.rt,kaffeepausekey_resp.duration,instTAFCtest.started,instTAFCtest.stopped,instTAFCtestkey_resp.keys,instTAFCtestkey_resp.rt,instTAFCtestkey_resp.duration,testTAFCmixfirst.started,testTAFCmixfirst.stopped,testTAFCmixfirstkey_resp.keys,testTAFCmixfirstkey_resp.rt,testTAFCmixfirstkey_resp.duration,testTAFCmixfirsttrials.thisRepN,testTAFCmixfirsttrials.thisTrialN,testTAFCmixfirsttrials.thisN,testTAFCmixfirsttrials.thisIndex,testTAFCmixfirsttrials.ran,testTAFCmixfirst,testTAFCmixsec.started,testTAFCmixsec.stopped,testTAFCmixseckey_resp.keys,testTAFCmixseckey_resp.rt,testTAFCmixseckey_resp.duration,testTAFCmixsectrials.thisRepN,testTAFCmixsectrials.thisTrialN,testTAFCmixsectrials.thisN,testTAFCmixsectrials.thisIndex,testTAFCmixsectrials.ran,testTAFCmixsec,instTAFCreal.started,instTAFCreal.stopped,instTAFCrealkey_resp.keys,instTAFCrealkey_resp.rt,instTAFCrealkey_resp.duration,stimuliTAFCfirst.started,stimuliTAFCfirst.stopped,stimuliTAFCfirstkey_resp.keys,stimuliTAFCfirstkey_resp.rt,stimuliTAFCfirstkey_resp.duration,stimuliTAFCfirsttrials.thisRepN,stimuliTAFCfirsttrials.thisTrialN,stimuliTAFCfirsttrials.thisN,stimuliTAFCfirsttrials.thisIndex,stimuliTAFCfirsttrials.ran,stimuliTAFCfirst,stimuliTAFCsec.started,stimuliTAFCsec.stopped,stimuliTAFCseckey_resp.keys,stimuliTAFCseckey_resp.rt,stimuliTAFCseckey_resp.duration,stimuliTAFCsectrials.thisRepN,stimuliTAFCsectrials.thisTrialN,stimuliTAFCsectrials.thisN,stimuliTAFCsectrials.thisIndex,stimuliTAFCsectrials.ran,stimuliTAFCsec,end.started,end.stopped
0,14.769,space,14.747,,801363,001,2024-05-28_18h16.06.394,mathesisv2,2024.1.3,Win32,59.95203837,,,,,,,,,,,,,,,,,,,,,,,,,,,,,,,,,,,,,,,,,,,,,,,,,,,,,,,,,,,,,,,,,,,,,,,,,,,,,,,,,,,,,,,,,,,,,,,,,,,,,,,
,,,,,801363,001,2024-05-28_18h16.06.394,mathesisv2,2024.1.3,Win32,59.95203837,14.769,25.203,space,10.403,,,,,,,,,,,,,,,,,,,,,,,,,,,,,,,,,,,,,,,,,,,,,,,,,,,,,,,,,,,,,,,,,,,,,,,,,,,,,,,,,,,,,,,,,,,,,,,,,,,
,,,,,801363,001,2024-05-28_18h16.06.394,mathesisv2,2024.1.3,Win32,59.95203837,,,,,,25.215,38.504,l,13.267,,0,0,0,3,1,stimuliAXBmix/yyustimulus.wav,l,,,,,,,,,,,,,,,,,,,,,,,,,,,,,,,,,,,,,,,,,,,,,,,,,,,,,,,,,,,,,,,,,,,,,,,,,,,,,,,,,,,,,,
,,,,,801363,001,2024-05-28_18h16.06.394,mathesisv2,2024.1.3,Win32,59.95203837,,,,,,38.506,43.019,f,4.502,,0,1,1,1,1,stimuliAXBmix/iyystimulus.wav,f,,,,,,,,,,,,,,,,,,,,,,,,,,,,,,,,,,,,,,,,,,,,,,,,,,,,,,,,,,,,,,,,,,,,,,,,,,,,,,,,,,,,,,
,,,,,801363,001,2024-05-28_18h16.06.394,mathesisv2,2024.1.3,Win32,59.95203837,,,,,,43.021,46.953,f,3.917,,0,2,2,2,1,stimuliAXBmix/yuustimulus.wav,f,,,,,,,,,,,,,,,,,,,,,,,,,,,,,,,,,,,,,,,,,,,,,,,,,,,,,,,,,,,,,,,,,,,,,,,,,,,,,,,,,,,,,,
,,,,,801363,001,2024-05-28_18h16.06.394,mathesisv2,2024.1.3,Win32,59.95203837,,,,,,46.954,52.603,l,5.642,,0,3,3,0,1,stimuliAXBmix/iiystimulus.wav,l,,,,,,,,,,,,,,,,,,,,,,,,,,,,,,,,,,,,,,,,,,,,,,,,,,,,,,,,,,,,,,,,,,,,,,,,,,,,,,,,,,,,,,
,,,,,801363,001,2024-05-28_18h16.06.394,mathesisv2,2024.1.3,Win32,59.95203837,,,,,,,,,,,,,,,,,,52.604,55.454,space,2.827,,,,,,,,,,,,,,,,,,,,,,,,,,,,,,,,,,,,,,,,,,,,,,,,,,,,,,,,,,,,,,,,,,,,,,,,,,,,,,,,,,
,,,,,801363,001,2024-05-28_18h16.06.394,mathesisv2,2024.1.3,Win32,59.95203837,,,,,,,,,,,,,,,,,,,,,,,55.454,64.787,space,9.306,,,,,,,,,,,,,,,,,,,,,,,,,,,,,,,,,,,,,,,,,,,,,,,,,,,,,,,,,,,,,,,,,,,,,,,,,,,,,
,,,,,801363,001,2024-05-28_18h16.06.394,mathesisv2,2024.1.3,Win32,59.95203837,,,,,,64.802,70.271,f,5.457,,,,,,,stimuliAXBmix/yuustimulus.wav,f,,,,,,,,,,,0,0,0,2,1,,,,,,,,,,,,,,,,,,,,,,,,,,,,,,,,,,,,,,,,,,,,,,,,,,,,,,,,,,,,,,,,,,,,,,,
,,,,,801363,001,2024-05-28_18h16.06.394,mathesisv2,2024.1.3,Win32,59.95203837,,,,,,70.274,73.487,l,3.205,,,,,,,stimuliAXBmix/yyustimulus.wav,l,,,,,,,,,,,0,1,1,3,1,,,,,,,,,,,,,,,,,,,,,,,,,,,,,,,,,,,,,,,,,,,,,,,,,,,,,,,,,,,,,,,,,,,,,,,
,,,,,801363,001,2024-05-28_18h16.06.394,mathesisv2,2024.1.3,Win32,59.95203837,,,,,,73.489,76.504,l,3.004,,,,,,,stimuliAXBmix/iiystimulus.wav,l,,,,,,,,,,,0,2,2,0,1,,,,,,,,,,,,,,,,,,,,,,,,,,,,,,,,,,,,,,,,,,,,,,,,,,,,,,,,,,,,,,,,,,,,,,,
,,,,,801363,001,2024-05-28_18h16.06.394,mathesisv2,2024.1.3,Win32,59.95203837,,,,,,76.506,79.604,f,3.089,,,,,,,stimuliAXBmix/iyystimulus.wav,f,,,,,,,,,,,0,3,3,1,1,,,,,,,,,,,,,,,,,,,,,,,,,,,,,,,,,,,,,,,,,,,,,,,,,,,,,,,,,,,,,,,,,,,,,,,
,,,,,801363,001,2024-05-28_18h16.06.394,mathesisv2,2024.1.3,Win32,59.95203837,,,,,,79.605,82.204,l,2.583,,,,,,,stimuliAXBmix/iiystimulus.wav,l,,,,,,,,,,,1,0,4,0,1,,,,,,,,,,,,,,,,,,,,,,,,,,,,,,,,,,,,,,,,,,,,,,,,,,,,,,,,,,,,,,,,,,,,,,,
,,,,,801363,001,2024-05-28_18h16.06.394,mathesisv2,2024.1.3,Win32,59.95203837,,,,,,82.205,85.62,f,3.406,,,,,,,stimuliAXBmix/yuustimulus.wav,f,,,,,,,,,,,1,1,5,2,1,,,,,,,,,,,,,,,,,,,,,,,,,,,,,,,,,,,,,,,,,,,,,,,,,,,,,,,,,,,,,,,,,,,,,,,
,,,,,801363,001,2024-05-28_18h16.06.394,mathesisv2,2024.1.3,Win32,59.95203837,,,,,,85.621,88.604,l,2.97,,,,,,,stimuliAXBmix/yyustimulus.wav,l,,,,,,,,,,,1,2,6,3,1,,,,,,,,,,,,,,,,,,,,,,,,,,,,,,,,,,,,,,,,,,,,,,,,,,,,,,,,,,,,,,,,,,,,,,,
,,,,,801363,001,2024-05-28_18h16.06.394,mathesisv2,2024.1.3,Win32,59.95203837,,,,,,88.604,91.604,f,2.984,,,,,,,stimuliAXBmix/iyystimulus.wav,f,,,,,,,,,,,1,3,7,1,1,,,,,,,,,,,,,,,,,,,,,,,,,,,,,,,,,,,,,,,,,,,,,,,,,,,,,,,,,,,,,,,,,,,,,,,
,,,,,801363,001,2024-05-28_18h16.06.394,mathesisv2,2024.1.3,Win32,59.95203837,,,,,,91.604,94.654,l,3.034,,,,,,,stimuliAXBmix/iiystimulus.wav,l,,,,,,,,,,,2,0,8,0,1,,,,,,,,,,,,,,,,,,,,,,,,,,,,,,,,,,,,,,,,,,,,,,,,,,,,,,,,,,,,,,,,,,,,,,,
,,,,,801363,001,2024-05-28_18h16.06.394,mathesisv2,2024.1.3,Win32,59.95203837,,,,,,94.655,97.637,f,2.969,,,,,,,stimuliAXBmix/yuustimulus.wav,f,,,,,,,,,,,2,1,9,2,1,,,,,,,,,,,,,,,,,,,,,,,,,,,,,,,,,,,,,,,,,,,,,,,,,,,,,,,,,,,,,,,,,,,,,,,
,,,,,801363,001,2024-05-28_18h16.06.394,mathesisv2,2024.1.3,Win32,59.95203837,,,,,,97.64,100.854,f,3.198,,,,,,,stimuliAXBmix/iyystimulus.wav,f,,,,,,,,,,,2,2,10,1,1,,,,,,,,,,,,,,,,,,,,,,,,,,,,,,,,,,,,,,,,,,,,,,,,,,,,,,,,,,,,,,,,,,,,,,,
,,,,,801363,001,2024-05-28_18h16.06.394,mathesisv2,2024.1.3,Win32,59.95203837,,,,,,100.856,103.903,l,3.035,,,,,,,stimuliAXBmix/yyustimulus.wav,l,,,,,,,,,,,2,3,11,3,1,,,,,,,,,,,,,,,,,,,,,,,,,,,,,,,,,,,,,,,,,,,,,,,,,,,,,,,,,,,,,,,,,,,,,,,
,,,,,801363,001,2024-05-28_18h16.06.394,mathesisv2,2024.1.3,Win32,59.95203837,,,,,,108.894,111.938,f,3.031,,,,,,,stimuliAXBmix/yuustimulus.wav,f,,,,,,,,,,,,,,,,103.904,108.887,space,4.956,,0,0,0,2,1,,,,,,,,,,,,,,,,,,,,,,,,,,,,,,,,,,,,,,,,,,,,,,,,,,,,,,,,,,,,,
,,,,,801363,001,2024-05-28_18h16.06.394,mathesisv2,2024.1.3,Win32,59.95203837,,,,,,111.938,114.954,l,3.003,,,,,,,stimuliAXBmix/yyustimulus.wav,l,,,,,,,,,,,,,,,,,,,,,0,1,1,3,1,,,,,,,,,,,,,,,,,,,,,,,,,,,,,,,,,,,,,,,,,,,,,,,,,,,,,,,,,,,,,
,,,,,801363,001,2024-05-28_18h16.06.394,mathesisv2,2024.1.3,Win32,59.95203837,,,,,,114.955,118.171,l,3.199,,,,,,,stimuliAXBmix/iiystimulus.wav,l,,,,,,,,,,,,,,,,,,,,,0,2,2,0,1,,,,,,,,,,,,,,,,,,,,,,,,,,,,,,,,,,,,,,,,,,,,,,,,,,,,,,,,,,,,,
,,,,,801363,001,2024-05-28_18h16.06.394,mathesisv2,2024.1.3,Win32,59.95203837,,,,,,118.172,121.171,f,2.988,,,,,,,stimuliAXBmix/iyystimulus.wav,f,,,,,,,,,,,,,,,,,,,,,0,3,3,1,1,,,,,,,,,,,,,,,,,,,,,,,,,,,,,,,,,,,,,,,,,,,,,,,,,,,,,,,,,,,,,
,,,,,801363,001,2024-05-28_18h16.06.394,mathesisv2,2024.1.3,Win32,59.95203837,,,,,,121.172,124.388,f,3.206,,,,,,,stimuliAXBmix/iyystimulus.wav,f,,,,,,,,,,,,,,,,,,,,,1,0,4,1,1,,,,,,,,,,,,,,,,,,,,,,,,,,,,,,,,,,,,,,,,,,,,,,,,,,,,,,,,,,,,,
,,,,,801363,001,2024-05-28_18h16.06.394,mathesisv2,2024.1.3,Win32,59.95203837,,,,,,124.389,127.438,l,3.034,,,,,,,stimuliAXBmix/iiystimulus.wav,l,,,,,,,,,,,,,,,,,,,,,1,1,5,0,1,,,,,,,,,,,,,,,,,,,,,,,,,,,,,,,,,,,,,,,,,,,,,,,,,,,,,,,,,,,,,
,,,,,801363,001,2024-05-28_18h16.06.394,mathesisv2,2024.1.3,Win32,59.95203837,,,,,,127.439,130.522,f,3.065,,,,,,,stimuliAXBmix/yuustimulus.wav,f,,,,,,,,,,,,,,,,,,,,,1,2,6,2,1,,,,,,,,,,,,,,,,,,,,,,,,,,,,,,,,,,,,,,,,,,,,,,,,,,,,,,,,,,,,,
,,,,,801363,001,2024-05-28_18h16.06.394,mathesisv2,2024.1.3,Win32,59.95203837,,,,,,130.525,133.52,l,2.99,,,,,,,stimuliAXBmix/yyustimulus.wav,l,,,,,,,,,,,,,,,,,,,,,1,3,7,3,1,,,,,,,,,,,,,,,,,,,,,,,,,,,,,,,,,,,,,,,,,,,,,,,,,,,,,,,,,,,,,
,,,,,801363,001,2024-05-28_18h16.06.394,mathesisv2,2024.1.3,Win32,59.95203837,,,,,,136.671,140.004,l,3.318,,,,,,,stimuliAXBmix/yyustimulus.wav,l,,,,,,,,,,,0,0,0,3,1,,,,,,,,,,,133.521,136.655,space,3.096,,,,,,,,,,,,,,,,,,,,,,,,,,,,,,,,,,,,,,,,,,,,,,,,,,,,,,,,,
,,,,,801363,001,2024-05-28_18h16.06.394,mathesisv2,2024.1.3,Win32,59.95203837,,,,,,140.005,143.321,f,3.31,,,,,,,stimuliAXBmix/yuustimulus.wav,f,,,,,,,,,,,0,1,1,2,1,,,,,,,,,,,,,,,,,,,,,,,,,,,,,,,,,,,,,,,,,,,,,,,,,,,,,,,,,,,,,,,,,,,,,,,
,,,,,801363,001,2024-05-28_18h16.06.394,mathesisv2,2024.1.3,Win32,59.95203837,,,,,,143.322,146.487,f,3.159,,,,,,,stimuliAXBmix/iyystimulus.wav,f,,,,,,,,,,,0,2,2,1,1,,,,,,,,,,,,,,,,,,,,,,,,,,,,,,,,,,,,,,,,,,,,,,,,,,,,,,,,,,,,,,,,,,,,,,,
,,,,,801363,001,2024-05-28_18h16.06.394,mathesisv2,2024.1.3,Win32,59.95203837,,,,,,146.488,149.488,l,2.987,,,,,,,stimuliAXBmix/iiystimulus.wav,l,,,,,,,,,,,0,3,3,0,1,,,,,,,,,,,,,,,,,,,,,,,,,,,,,,,,,,,,,,,,,,,,,,,,,,,,,,,,,,,,,,,,,,,,,,,
,,,,,801363,001,2024-05-28_18h16.06.394,mathesisv2,2024.1.3,Win32,59.95203837,,,,,,149.49,152.371,l,2.871,,,,,,,stimuliAXBmix/yyustimulus.wav,l,,,,,,,,,,,1,0,4,3,1,,,,,,,,,,,,,,,,,,,,,,,,,,,,,,,,,,,,,,,,,,,,,,,,,,,,,,,,,,,,,,,,,,,,,,,
,,,,,801363,001,2024-05-28_18h16.06.394,mathesisv2,2024.1.3,Win32,59.95203837,,,,,,152.372,155.471,f,3.087,,,,,,,stimuliAXBmix/iyystimulus.wav,f,,,,,,,,,,,1,1,5,1,1,,,,,,,,,,,,,,,,,,,,,,,,,,,,,,,,,,,,,,,,,,,,,,,,,,,,,,,,,,,,,,,,,,,,,,,
,,,,,801363,001,2024-05-28_18h16.06.394,mathesisv2,2024.1.3,Win32,59.95203837,,,,,,155.471,158.655,l,3.168,,,,,,,stimuliAXBmix/iiystimulus.wav,l,,,,,,,,,,,1,2,6,0,1,,,,,,,,,,,,,,,,,,,,,,,,,,,,,,,,,,,,,,,,,,,,,,,,,,,,,,,,,,,,,,,,,,,,,,,
,,,,,801363,001,2024-05-28_18h16.06.394,mathesisv2,2024.1.3,Win32,59.95203837,,,,,,158.657,161.721,f,3.05,,,,,,,stimuliAXBmix/yuustimulus.wav,f,,,,,,,,,,,1,3,7,2,1,,,,,,,,,,,,,,,,,,,,,,,,,,,,,,,,,,,,,,,,,,,,,,,,,,,,,,,,,,,,,,,,,,,,,,,
,,,,,801363,001,2024-05-28_18h16.06.394,mathesisv2,2024.1.3,Win32,59.95203837,,,,,,161.723,165.039,f,3.307,,,,,,,stimuliAXBmix/iyystimulus.wav,f,,,,,,,,,,,2,0,8,1,1,,,,,,,,,,,,,,,,,,,,,,,,,,,,,,,,,,,,,,,,,,,,,,,,,,,,,,,,,,,,,,,,,,,,,,,
,,,,,801363,001,2024-05-28_18h16.06.394,mathesisv2,2024.1.3,Win32,59.95203837,,,,,,165.042,168.171,f,3.116,,,,,,,stimuliAXBmix/yyustimulus.wav,l,,,,,,,,,,,2,1,9,3,1,,,,,,,,,,,,,,,,,,,,,,,,,,,,,,,,,,,,,,,,,,,,,,,,,,,,,,,,,,,,,,,,,,,,,,,
,,,,,801363,001,2024-05-28_18h16.06.394,mathesisv2,2024.1.3,Win32,59.95203837,,,,,,168.172,171.772,f,3.584,,,,,,,stimuliAXBmix/iiystimulus.wav,l,,,,,,,,,,,2,2,10,0,1,,,,,,,,,,,,,,,,,,,,,,,,,,,,,,,,,,,,,,,,,,,,,,,,,,,,,,,,,,,,,,,,,,,,,,,
,,,,,801363,001,2024-05-28_18h16.06.394,mathesisv2,2024.1.3,Win32,59.95203837,,,,,,171.773,174.754,f,2.966,,,,,,,stimuliAXBmix/yuustimulus.wav,f,,,,,,,,,,,2,3,11,2,1,,,,,,,,,,,,,,,,,,,,,,,,,,,,,,,,,,,,,,,,,,,,,,,,,,,,,,,,,,,,,,,,,,,,,,,
,,,,,801363,001,2024-05-28_18h16.06.394,mathesisv2,2024.1.3,Win32,59.95203837,,,,,,176.777,180.071,f,3.283,,,,,,,stimuliAXBmix/iyystimulus.wav,f,,,,,,,,,,,,,,,,174.754,176.755,space,1.976,,0,0,0,1,1,,,,,,,,,,,,,,,,,,,,,,,,,,,,,,,,,,,,,,,,,,,,,,,,,,,,,,,,,,,,,
,,,,,801363,001,2024-05-28_18h16.06.394,mathesisv2,2024.1.3,Win32,59.95203837,,,,,,180.072,183.138,l,3.052,,,,,,,stimuliAXBmix/iiystimulus.wav,l,,,,,,,,,,,,,,,,,,,,,0,1,1,0,1,,,,,,,,,,,,,,,,,,,,,,,,,,,,,,,,,,,,,,,,,,,,,,,,,,,,,,,,,,,,,
,,,,,801363,001,2024-05-28_18h16.06.394,mathesisv2,2024.1.3,Win32,59.95203837,,,,,,183.139,186.122,f,2.967,,,,,,,stimuliAXBmix/yuustimulus.wav,f,,,,,,,,,,,,,,,,,,,,,0,2,2,2,1,,,,,,,,,,,,,,,,,,,,,,,,,,,,,,,,,,,,,,,,,,,,,,,,,,,,,,,,,,,,,
,,,,,801363,001,2024-05-28_18h16.06.394,mathesisv2,2024.1.3,Win32,59.95203837,,,,,,186.123,189.071,l,2.94,,,,,,,stimuliAXBmix/yyustimulus.wav,l,,,,,,,,,,,,,,,,,,,,,0,3,3,3,1,,,,,,,,,,,,,,,,,,,,,,,,,,,,,,,,,,,,,,,,,,,,,,,,,,,,,,,,,,,,,
,,,,,801363,001,2024-05-28_18h16.06.394,mathesisv2,2024.1.3,Win32,59.95203837,,,,,,189.071,192.088,f,3.002,,,,,,,stimuliAXBmix/iyystimulus.wav,f,,,,,,,,,,,,,,,,,,,,,1,0,4,1,1,,,,,,,,,,,,,,,,,,,,,,,,,,,,,,,,,,,,,,,,,,,,,,,,,,,,,,,,,,,,,
,,,,,801363,001,2024-05-28_18h16.06.394,mathesisv2,2024.1.3,Win32,59.95203837,,,,,,192.089,195.121,l,3.017,,,,,,,stimuliAXBmix/yyustimulus.wav,l,,,,,,,,,,,,,,,,,,,,,1,1,5,3,1,,,,,,,,,,,,,,,,,,,,,,,,,,,,,,,,,,,,,,,,,,,,,,,,,,,,,,,,,,,,,
,,,,,801363,001,2024-05-28_18h16.06.394,mathesisv2,2024.1.3,Win32,59.95203837,,,,,,195.122,198.306,l,3.176,,,,,,,stimuliAXBmix/iiystimulus.wav,l,,,,,,,,,,,,,,,,,,,,,1,2,6,0,1,,,,,,,,,,,,,,,,,,,,,,,,,,,,,,,,,,,,,,,,,,,,,,,,,,,,,,,,,,,,,
,,,,,801363,001,2024-05-28_18h16.06.394,mathesisv2,2024.1.3,Win32,59.95203837,,,,,,198.309,201.638,f,3.315,,,,,,,stimuliAXBmix/yuustimulus.wav,f,,,,,,,,,,,,,,,,,,,,,1,3,7,2,1,,,,,,,,,,,,,,,,,,,,,,,,,,,,,,,,,,,,,,,,,,,,,,,,,,,,,,,,,,,,,
,,,,,801363,001,2024-05-28_18h16.06.394,mathesisv2,2024.1.3,Win32,59.95203837,,,,,,206.552,209.556,f,2.999,,,,,,,stimuliAXBmix/iyystimulus.wav,f,,,,,,,,,,,0,0,0,1,1,,,,,,,,,,,201.638,206.523,space,4.875,,,,,,,,,,,,,,,,,,,,,,,,,,,,,,,,,,,,,,,,,,,,,,,,,,,,,,,,,
,,,,,801363,001,2024-05-28_18h16.06.394,mathesisv2,2024.1.3,Win32,59.95203837,,,,,,209.557,212.571,f,3.006,,,,,,,stimuliAXBmix/yuustimulus.wav,f,,,,,,,,,,,0,1,1,2,1,,,,,,,,,,,,,,,,,,,,,,,,,,,,,,,,,,,,,,,,,,,,,,,,,,,,,,,,,,,,,,,,,,,,,,,
,,,,,801363,001,2024-05-28_18h16.06.394,mathesisv2,2024.1.3,Win32,59.95203837,,,,,,212.572,215.522,l,2.933,,,,,,,stimuliAXBmix/yyustimulus.wav,l,,,,,,,,,,,0,2,2,3,1,,,,,,,,,,,,,,,,,,,,,,,,,,,,,,,,,,,,,,,,,,,,,,,,,,,,,,,,,,,,,,,,,,,,,,,
,,,,,801363,001,2024-05-28_18h16.06.394,mathesisv2,2024.1.3,Win32,59.95203837,,,,,,215.522,218.539,l,3.004,,,,,,,stimuliAXBmix/iiystimulus.wav,l,,,,,,,,,,,0,3,3,0,1,,,,,,,,,,,,,,,,,,,,,,,,,,,,,,,,,,,,,,,,,,,,,,,,,,,,,,,,,,,,,,,,,,,,,,,
,,,,,801363,001,2024-05-28_18h16.06.394,mathesisv2,2024.1.3,Win32,59.95203837,,,,,,218.54,221.489,f,2.933,,,,,,,stimuliAXBmix/yuustimulus.wav,f,,,,,,,,,,,1,0,4,2,1,,,,,,,,,,,,,,,,,,,,,,,,,,,,,,,,,,,,,,,,,,,,,,,,,,,,,,,,,,,,,,,,,,,,,,,
,,,,,801363,001,2024-05-28_18h16.06.394,mathesisv2,2024.1.3,Win32,59.95203837,,,,,,221.49,224.472,f,2.967,,,,,,,stimuliAXBmix/iyystimulus.wav,f,,,,,,,,,,,1,1,5,1,1,,,,,,,,,,,,,,,,,,,,,,,,,,,,,,,,,,,,,,,,,,,,,,,,,,,,,,,,,,,,,,,,,,,,,,,
,,,,,801363,001,2024-05-28_18h16.06.394,mathesisv2,2024.1.3,Win32,59.95203837,,,,,,224.472,227.471,l,2.984,,,,,,,stimuliAXBmix/yyustimulus.wav,l,,,,,,,,,,,1,2,6,3,1,,,,,,,,,,,,,,,,,,,,,,,,,,,,,,,,,,,,,,,,,,,,,,,,,,,,,,,,,,,,,,,,,,,,,,,
,,,,,801363,001,2024-05-28_18h16.06.394,mathesisv2,2024.1.3,Win32,59.95203837,,,,,,227.472,231.155,l,3.672,,,,,,,stimuliAXBmix/iiystimulus.wav,l,,,,,,,,,,,1,3,7,0,1,,,,,,,,,,,,,,,,,,,,,,,,,,,,,,,,,,,,,,,,,,,,,,,,,,,,,,,,,,,,,,,,,,,,,,,
,,,,,801363,001,2024-05-28_18h16.06.394,mathesisv2,2024.1.3,Win32,59.95203837,,,,,,231.158,234.088,f,2.917,,,,,,,stimuliAXBmix/yuustimulus.wav,f,,,,,,,,,,,2,0,8,2,1,,,,,,,,,,,,,,,,,,,,,,,,,,,,,,,,,,,,,,,,,,,,,,,,,,,,,,,,,,,,,,,,,,,,,,,
,,,,,801363,001,2024-05-28_18h16.06.394,mathesisv2,2024.1.3,Win32,59.95203837,,,,,,234.089,237.239,l,3.139,,,,,,,stimuliAXBmix/iiystimulus.wav,l,,,,,,,,,,,2,1,9,0,1,,,,,,,,,,,,,,,,,,,,,,,,,,,,,,,,,,,,,,,,,,,,,,,,,,,,,,,,,,,,,,,,,,,,,,,
,,,,,801363,001,2024-05-28_18h16.06.394,mathesisv2,2024.1.3,Win32,59.95203837,,,,,,237.24,240.122,f,2.869,,,,,,,stimuliAXBmix/iyystimulus.wav,f,,,,,,,,,,,2,2,10,1,1,,,,,,,,,,,,,,,,,,,,,,,,,,,,,,,,,,,,,,,,,,,,,,,,,,,,,,,,,,,,,,,,,,,,,,,
,,,,,801363,001,2024-05-28_18h16.06.394,mathesisv2,2024.1.3,Win32,59.95203837,,,,,,240.122,243.122,l,2.989,,,,,,,stimuliAXBmix/yyustimulus.wav,l,,,,,,,,,,,2,3,11,3,1,,,,,,,,,,,,,,,,,,,,,,,,,,,,,,,,,,,,,,,,,,,,,,,,,,,,,,,,,,,,,,,,,,,,,,,
,,,,,801363,001,2024-05-28_18h16.06.394,mathesisv2,2024.1.3,Win32,59.95203837,,,,,,251.361,254.689,f,3.315,,,,,,,stimuliAXBmix/iyystimulus.wav,f,,,,,,,,,,,,,,,,243.122,251.339,space,8.197,,0,0,0,1,1,,,,,,,,,,,,,,,,,,,,,,,,,,,,,,,,,,,,,,,,,,,,,,,,,,,,,,,,,,,,,
,,,,,801363,001,2024-05-28_18h16.06.394,mathesisv2,2024.1.3,Win32,59.95203837,,,,,,254.69,257.672,l,2.974,,,,,,,stimuliAXBmix/yyustimulus.wav,l,,,,,,,,,,,,,,,,,,,,,0,1,1,3,1,,,,,,,,,,,,,,,,,,,,,,,,,,,,,,,,,,,,,,,,,,,,,,,,,,,,,,,,,,,,,
,,,,,801363,001,2024-05-28_18h16.06.394,mathesisv2,2024.1.3,Win32,59.95203837,,,,,,257.673,260.956,l,3.27,,,,,,,stimuliAXBmix/iiystimulus.wav,l,,,,,,,,,,,,,,,,,,,,,0,2,2,0,1,,,,,,,,,,,,,,,,,,,,,,,,,,,,,,,,,,,,,,,,,,,,,,,,,,,,,,,,,,,,,
,,,,,801363,001,2024-05-28_18h16.06.394,mathesisv2,2024.1.3,Win32,59.95203837,,,,,,260.956,264.224,f,3.251,,,,,,,stimuliAXBmix/yuustimulus.wav,f,,,,,,,,,,,,,,,,,,,,,0,3,3,2,1,,,,,,,,,,,,,,,,,,,,,,,,,,,,,,,,,,,,,,,,,,,,,,,,,,,,,,,,,,,,,
,,,,,801363,001,2024-05-28_18h16.06.394,mathesisv2,2024.1.3,Win32,59.95203837,,,,,,264.228,267.456,f,3.213,,,,,,,stimuliAXBmix/iyystimulus.wav,f,,,,,,,,,,,,,,,,,,,,,1,0,4,1,1,,,,,,,,,,,,,,,,,,,,,,,,,,,,,,,,,,,,,,,,,,,,,,,,,,,,,,,,,,,,,
,,,,,801363,001,2024-05-28_18h16.06.394,mathesisv2,2024.1.3,Win32,59.95203837,,,,,,267.457,270.306,f,2.834,,,,,,,stimuliAXBmix/yuustimulus.wav,f,,,,,,,,,,,,,,,,,,,,,1,1,5,2,1,,,,,,,,,,,,,,,,,,,,,,,,,,,,,,,,,,,,,,,,,,,,,,,,,,,,,,,,,,,,,
,,,,,801363,001,2024-05-28_18h16.06.394,mathesisv2,2024.1.3,Win32,59.95203837,,,,,,270.306,273.506,l,3.19,,,,,,,stimuliAXBmix/yyustimulus.wav,l,,,,,,,,,,,,,,,,,,,,,1,2,6,3,1,,,,,,,,,,,,,,,,,,,,,,,,,,,,,,,,,,,,,,,,,,,,,,,,,,,,,,,,,,,,,
,,,,,801363,001,2024-05-28_18h16.06.394,mathesisv2,2024.1.3,Win32,59.95203837,,,,,,273.507,276.872,l,3.351,,,,,,,stimuliAXBmix/iiystimulus.wav,l,,,,,,,,,,,,,,,,,,,,,1,3,7,0,1,,,,,,,,,,,,,,,,,,,,,,,,,,,,,,,,,,,,,,,,,,,,,,,,,,,,,,,,,,,,,
,,,,,801363,001,2024-05-28_18h16.06.394,mathesisv2,2024.1.3,Win32,59.95203837,,,,,,279.493,283.389,l,3.88,,,,,,,stimuliAXBmix/yyustimulus.wav,l,,,,,,,,,,,0,0,0,3,1,,,,,,,,,,,276.872,279.456,space,2.567,,,,,,,,,,,,,,,,,,,,,,,,,,,,,,,,,,,,,,,,,,,,,,,,,,,,,,,,,
,,,,,801363,001,2024-05-28_18h16.06.394,mathesisv2,2024.1.3,Win32,59.95203837,,,,,,283.39,286.423,l,3.018,,,,,,,stimuliAXBmix/iiystimulus.wav,l,,,,,,,,,,,0,1,1,0,1,,,,,,,,,,,,,,,,,,,,,,,,,,,,,,,,,,,,,,,,,,,,,,,,,,,,,,,,,,,,,,,,,,,,,,,
,,,,,801363,001,2024-05-28_18h16.06.394,mathesisv2,2024.1.3,Win32,59.95203837,,,,,,286.423,289.239,f,2.806,,,,,,,stimuliAXBmix/yuustimulus.wav,f,,,,,,,,,,,0,2,2,2,1,,,,,,,,,,,,,,,,,,,,,,,,,,,,,,,,,,,,,,,,,,,,,,,,,,,,,,,,,,,,,,,,,,,,,,,
,,,,,801363,001,2024-05-28_18h16.06.394,mathesisv2,2024.1.3,Win32,59.95203837,,,,,,289.239,293.639,f,4.385,,,,,,,stimuliAXBmix/iyystimulus.wav,f,,,,,,,,,,,0,3,3,1,1,,,,,,,,,,,,,,,,,,,,,,,,,,,,,,,,,,,,,,,,,,,,,,,,,,,,,,,,,,,,,,,,,,,,,,,
,,,,,801363,001,2024-05-28_18h16.06.394,mathesisv2,2024.1.3,Win32,59.95203837,,,,,,293.639,296.656,l,3.002,,,,,,,stimuliAXBmix/iiystimulus.wav,l,,,,,,,,,,,1,0,4,0,1,,,,,,,,,,,,,,,,,,,,,,,,,,,,,,,,,,,,,,,,,,,,,,,,,,,,,,,,,,,,,,,,,,,,,,,
,,,,,801363,001,2024-05-28_18h16.06.394,mathesisv2,2024.1.3,Win32,59.95203837,,,,,,296.659,300.007,f,3.336,,,,,,,stimuliAXBmix/iyystimulus.wav,f,,,,,,,,,,,1,1,5,1,1,,,,,,,,,,,,,,,,,,,,,,,,,,,,,,,,,,,,,,,,,,,,,,,,,,,,,,,,,,,,,,,,,,,,,,,
,,,,,801363,001,2024-05-28_18h16.06.394,mathesisv2,2024.1.3,Win32,59.95203837,,,,,,300.008,303.406,f,3.382,,,,,,,stimuliAXBmix/yuustimulus.wav,f,,,,,,,,,,,1,2,6,2,1,,,,,,,,,,,,,,,,,,,,,,,,,,,,,,,,,,,,,,,,,,,,,,,,,,,,,,,,,,,,,,,,,,,,,,,
,,,,,801363,001,2024-05-28_18h16.06.394,mathesisv2,2024.1.3,Win32,59.95203837,,,,,,303.407,306.456,l,3.033,,,,,,,stimuliAXBmix/yyustimulus.wav,l,,,,,,,,,,,1,3,7,3,1,,,,,,,,,,,,,,,,,,,,,,,,,,,,,,,,,,,,,,,,,,,,,,,,,,,,,,,,,,,,,,,,,,,,,,,
,,,,,801363,001,2024-05-28_18h16.06.394,mathesisv2,2024.1.3,Win32,59.95203837,,,,,,306.456,309.405,f,2.934,,,,,,,stimuliAXBmix/yyustimulus.wav,l,,,,,,,,,,,2,0,8,3,1,,,,,,,,,,,,,,,,,,,,,,,,,,,,,,,,,,,,,,,,,,,,,,,,,,,,,,,,,,,,,,,,,,,,,,,
,,,,,801363,001,2024-05-28_18h16.06.394,mathesisv2,2024.1.3,Win32,59.95203837,,,,,,309.406,312.756,f,3.338,,,,,,,stimuliAXBmix/iyystimulus.wav,f,,,,,,,,,,,2,1,9,1,1,,,,,,,,,,,,,,,,,,,,,,,,,,,,,,,,,,,,,,,,,,,,,,,,,,,,,,,,,,,,,,,,,,,,,,,
,,,,,801363,001,2024-05-28_18h16.06.394,mathesisv2,2024.1.3,Win32,59.95203837,,,,,,312.757,316.623,l,3.851,,,,,,,stimuliAXBmix/iiystimulus.wav,l,,,,,,,,,,,2,2,10,0,1,,,,,,,,,,,,,,,,,,,,,,,,,,,,,,,,,,,,,,,,,,,,,,,,,,,,,,,,,,,,,,,,,,,,,,,
,,,,,801363,001,2024-05-28_18h16.06.394,mathesisv2,2024.1.3,Win32,59.95203837,,,,,,316.623,319.59,f,2.95,,,,,,,stimuliAXBmix/yuustimulus.wav,f,,,,,,,,,,,2,3,11,2,1,,,,,,,,,,,,,,,,,,,,,,,,,,,,,,,,,,,,,,,,,,,,,,,,,,,,,,,,,,,,,,,,,,,,,,,
,,,,,801363,001,2024-05-28_18h16.06.394,mathesisv2,2024.1.3,Win32,59.95203837,,,,,,322.659,325.756,f,3.085,,,,,,,stimuliAXBmix/yuustimulus.wav,f,,,,,,,,,,,,,,,,319.59,322.64,space,3.029,,0,0,0,2,1,,,,,,,,,,,,,,,,,,,,,,,,,,,,,,,,,,,,,,,,,,,,,,,,,,,,,,,,,,,,,
,,,,,801363,001,2024-05-28_18h16.06.394,mathesisv2,2024.1.3,Win32,59.95203837,,,,,,325.757,328.872,l,3.101,,,,,,,stimuliAXBmix/iiystimulus.wav,l,,,,,,,,,,,,,,,,,,,,,0,1,1,0,1,,,,,,,,,,,,,,,,,,,,,,,,,,,,,,,,,,,,,,,,,,,,,,,,,,,,,,,,,,,,,
,,,,,801363,001,2024-05-28_18h16.06.394,mathesisv2,2024.1.3,Win32,59.95203837,,,,,,328.873,332.041,l,3.159,,,,,,,stimuliAXBmix/yyustimulus.wav,l,,,,,,,,,,,,,,,,,,,,,0,2,2,3,1,,,,,,,,,,,,,,,,,,,,,,,,,,,,,,,,,,,,,,,,,,,,,,,,,,,,,,,,,,,,,
,,,,,801363,001,2024-05-28_18h16.06.394,mathesisv2,2024.1.3,Win32,59.95203837,,,,,,332.045,335.089,f,3.034,,,,,,,stimuliAXBmix/iyystimulus.wav,f,,,,,,,,,,,,,,,,,,,,,0,3,3,1,1,,,,,,,,,,,,,,,,,,,,,,,,,,,,,,,,,,,,,,,,,,,,,,,,,,,,,,,,,,,,,
,,,,,801363,001,2024-05-28_18h16.06.394,mathesisv2,2024.1.3,Win32,59.95203837,,,,,,335.091,337.989,l,2.892,,,,,,,stimuliAXBmix/iiystimulus.wav,l,,,,,,,,,,,,,,,,,,,,,1,0,4,0,1,,,,,,,,,,,,,,,,,,,,,,,,,,,,,,,,,,,,,,,,,,,,,,,,,,,,,,,,,,,,,
,,,,,801363,001,2024-05-28_18h16.06.394,mathesisv2,2024.1.3,Win32,59.95203837,,,,,,337.99,341.123,f,3.126,,,,,,,stimuliAXBmix/yuustimulus.wav,f,,,,,,,,,,,,,,,,,,,,,1,1,5,2,1,,,,,,,,,,,,,,,,,,,,,,,,,,,,,,,,,,,,,,,,,,,,,,,,,,,,,,,,,,,,,
,,,,,801363,001,2024-05-28_18h16.06.394,mathesisv2,2024.1.3,Win32,59.95203837,,,,,,341.125,344.273,f,3.134,,,,,,,stimuliAXBmix/iyystimulus.wav,f,,,,,,,,,,,,,,,,,,,,,1,2,6,1,1,,,,,,,,,,,,,,,,,,,,,,,,,,,,,,,,,,,,,,,,,,,,,,,,,,,,,,,,,,,,,
,,,,,801363,001,2024-05-28_18h16.06.394,mathesisv2,2024.1.3,Win32,59.95203837,,,,,,344.275,347.19,l,2.899,,,,,,,stimuliAXBmix/yyustimulus.wav,l,,,,,,,,,,,,,,,,,,,,,1,3,7,3,1,,,,,,,,,,,,,,,,,,,,,,,,,,,,,,,,,,,,,,,,,,,,,,,,,,,,,,,,,,,,,
,,,,,801363,001,2024-05-28_18h16.06.394,mathesisv2,2024.1.3,Win32,59.95203837,,,,,,,,,,,,,,,,,,,,,,,,,,,,,,,,,,,,,,,,,,,347.19,349.157,space,1.952,,349.157,362.373,space,13.179,,,,,,,,,,,,,,,,,,,,,,,,,,,,,,,,,,,,,,,,,,,,,,,,,,,,
,,,,,801363,001,2024-05-28_18h16.06.394,mathesisv2,2024.1.3,Win32,59.95203837,,,,,,,,,,,,,,,,,,,,,,,,,,,,,,,,,,,,,,,,,,,,,,,,,,,,,362.391,374.475,y,12.062,,0,0,0,2,1,testTAFCmixfirst/nimnym006.wav,,,,,,,,,,,,,,,,,,,,,,,,,,,,,,,,,,,,,,,,
,,,,,801363,001,2024-05-28_18h16.06.394,mathesisv2,2024.1.3,Win32,59.95203837,,,,,,,,,,,,,,,,,,,,,,,,,,,,,,,,,,,,,,,,,,,,,,,,,,,,,374.48,376.224,e,1.729,,0,1,1,1,1,testTAFCmixfirst/nimnym002.wav,,,,,,,,,,,,,,,,,,,,,,,,,,,,,,,,,,,,,,,,
,,,,,801363,001,2024-05-28_18h16.06.394,mathesisv2,2024.1.3,Win32,59.95203837,,,,,,,,,,,,,,,,,,,,,,,,,,,,,,,,,,,,,,,,,,,,,,,,,,,,,376.225,377.723,e,1.486,,0,2,2,0,1,testTAFCmixfirst/nimnym001.wav,,,,,,,,,,,,,,,,,,,,,,,,,,,,,,,,,,,,,,,,
,,,,,801363,001,2024-05-28_18h16.06.394,mathesisv2,2024.1.3,Win32,59.95203837,,,,,,,,,,,,,,,,,,,,,,,,,,,,,,,,,,,,,,,,,,,,,,,,,,,,,,,,,,,,,,,,377.744,383.423,y,5.656,,0,0,0,2,1,testTAFCmixsec/numnym006.wav,,,,,,,,,,,,,,,,,,,,,,,,,,,,,
,,,,,801363,001,2024-05-28_18h16.06.394,mathesisv2,2024.1.3,Win32,59.95203837,,,,,,,,,,,,,,,,,,,,,,,,,,,,,,,,,,,,,,,,,,,,,,,,,,,,,,,,,,,,,,,,383.423,386.79,u,3.349,,0,1,1,1,1,testTAFCmixsec/numnym002.wav,,,,,,,,,,,,,,,,,,,,,,,,,,,,,
,,,,,801363,001,2024-05-28_18h16.06.394,mathesisv2,2024.1.3,Win32,59.95203837,,,,,,,,,,,,,,,,,,,,,,,,,,,,,,,,,,,,,,,,,,,,,,,,,,,,,,,,,,,,,,,,386.79,388.356,u,1.557,,0,2,2,0,1,testTAFCmixsec/numnym001.wav,,,,,,,,,,,,,,,,,,,,,,,,,,,,,
,,,,,801363,001,2024-05-28_18h16.06.394,mathesisv2,2024.1.3,Win32,59.95203837,,,,,,,,,,,,,,,,,,,,,,,,,,,,,,,,,,,,,,,,,,,,,,,,,,,,,,,,,,,,,,,,,,,,,,,,,,,388.358,401.908,space,13.517,,,,,,,,,,,,,,,,,,,,,,,,,
,,,,,801363,001,2024-05-28_18h16.06.394,mathesisv2,2024.1.3,Win32,59.95203837,,,,,,,,,,,,,,,,,e,,,,,,,,,,,,,,,,,,,,,,,,,,,,,,,,,,,,,,,,,,,,,,,,,,,,,,,,,,,,,,,401.934,409.241,e,7.285,,0,0,0,0,1,stimuliTAFCfirst/nimnym001.wav,,,,,,,,,,,,,
,,,,,801363,001,2024-05-28_18h16.06.394,mathesisv2,2024.1.3,Win32,59.95203837,,,,,,,,,,,,,,,,,e,,,,,,,,,,,,,,,,,,,,,,,,,,,,,,,,,,,,,,,,,,,,,,,,,,,,,,,,,,,,,,,409.242,410.657,e,1.406,,0,1,1,1,1,stimuliTAFCfirst/nimnym002.wav,,,,,,,,,,,,,
,,,,,801363,001,2024-05-28_18h16.06.394,mathesisv2,2024.1.3,Win32,59.95203837,,,,,,,,,,,,,,,,,y,,,,,,,,,,,,,,,,,,,,,,,,,,,,,,,,,,,,,,,,,,,,,,,,,,,,,,,,,,,,,,,410.659,411.907,y,1.236,,0,2,2,6,1,stimuliTAFCfirst/nimnym007.wav,,,,,,,,,,,,,
,,,,,801363,001,2024-05-28_18h16.06.394,mathesisv2,2024.1.3,Win32,59.95203837,,,,,,,,,,,,,,,,,y,,,,,,,,,,,,,,,,,,,,,,,,,,,,,,,,,,,,,,,,,,,,,,,,,,,,,,,,,,,,,,,411.908,412.957,e,1.041,,0,3,3,5,1,stimuliTAFCfirst/nimnym006.wav,,,,,,,,,,,,,
,,,,,801363,001,2024-05-28_18h16.06.394,mathesisv2,2024.1.3,Win32,59.95203837,,,,,,,,,,,,,,,,,y,,,,,,,,,,,,,,,,,,,,,,,,,,,,,,,,,,,,,,,,,,,,,,,,,,,,,,,,,,,,,,,412.958,414.474,y,1.5,,0,4,4,4,1,stimuliTAFCfirst/nimnym005.wav,,,,,,,,,,,,,
,,,,,801363,001,2024-05-28_18h16.06.394,mathesisv2,2024.1.3,Win32,59.95203837,,,,,,,,,,,,,,,,,e,,,,,,,,,,,,,,,,,,,,,,,,,,,,,,,,,,,,,,,,,,,,,,,,,,,,,,,,,,,,,,,414.474,416.257,e,1.767,,0,5,5,2,1,stimuliTAFCfirst/nimnym003.wav,,,,,,,,,,,,,
,,,,,801363,001,2024-05-28_18h16.06.394,mathesisv2,2024.1.3,Win32,59.95203837,,,,,,,,,,,,,,,,,x,,,,,,,,,,,,,,,,,,,,,,,,,,,,,,,,,,,,,,,,,,,,,,,,,,,,,,,,,,,,,,,416.258,418.624,e,2.354,,0,6,6,3,1,stimuliTAFCfirst/nimnym004.wav,,,,,,,,,,,,,
,,,,,801363,001,2024-05-28_18h16.06.394,mathesisv2,2024.1.3,Win32,59.95203837,,,,,,,,,,,,,,,,,e,,,,,,,,,,,,,,,,,,,,,,,,,,,,,,,,,,,,,,,,,,,,,,,,,,,,,,,,,,,,,,,418.624,420.325,e,1.685,,1,0,7,0,1,stimuliTAFCfirst/nimnym001.wav,,,,,,,,,,,,,
,,,,,801363,001,2024-05-28_18h16.06.394,mathesisv2,2024.1.3,Win32,59.95203837,,,,,,,,,,,,,,,,,y,,,,,,,,,,,,,,,,,,,,,,,,,,,,,,,,,,,,,,,,,,,,,,,,,,,,,,,,,,,,,,,420.325,421.924,y,1.586,,1,1,8,6,1,stimuliTAFCfirst/nimnym007.wav,,,,,,,,,,,,,
,,,,,801363,001,2024-05-28_18h16.06.394,mathesisv2,2024.1.3,Win32,59.95203837,,,,,,,,,,,,,,,,,x,,,,,,,,,,,,,,,,,,,,,,,,,,,,,,,,,,,,,,,,,,,,,,,,,,,,,,,,,,,,,,,421.924,423.323,y,1.384,,1,2,9,3,1,stimuliTAFCfirst/nimnym004.wav,,,,,,,,,,,,,
,,,,,801363,001,2024-05-28_18h16.06.394,mathesisv2,2024.1.3,Win32,59.95203837,,,,,,,,,,,,,,,,,y,,,,,,,,,,,,,,,,,,,,,,,,,,,,,,,,,,,,,,,,,,,,,,,,,,,,,,,,,,,,,,,423.324,424.607,y,1.27,,1,3,10,4,1,stimuliTAFCfirst/nimnym005.wav,,,,,,,,,,,,,
,,,,,801363,001,2024-05-28_18h16.06.394,mathesisv2,2024.1.3,Win32,59.95203837,,,,,,,,,,,,,,,,,e,,,,,,,,,,,,,,,,,,,,,,,,,,,,,,,,,,,,,,,,,,,,,,,,,,,,,,,,,,,,,,,424.608,425.924,y,1.3,,1,4,11,1,1,stimuliTAFCfirst/nimnym002.wav,,,,,,,,,,,,,
,,,,,801363,001,2024-05-28_18h16.06.394,mathesisv2,2024.1.3,Win32,59.95203837,,,,,,,,,,,,,,,,,y,,,,,,,,,,,,,,,,,,,,,,,,,,,,,,,,,,,,,,,,,,,,,,,,,,,,,,,,,,,,,,,425.924,427.174,y,1.239,,1,5,12,5,1,stimuliTAFCfirst/nimnym006.wav,,,,,,,,,,,,,
,,,,,801363,001,2024-05-28_18h16.06.394,mathesisv2,2024.1.3,Win32,59.95203837,,,,,,,,,,,,,,,,,e,,,,,,,,,,,,,,,,,,,,,,,,,,,,,,,,,,,,,,,,,,,,,,,,,,,,,,,,,,,,,,,427.174,428.39,y,1.21,,1,6,13,2,1,stimuliTAFCfirst/nimnym003.wav,,,,,,,,,,,,,
,,,,,801363,001,2024-05-28_18h16.06.394,mathesisv2,2024.1.3,Win32,59.95203837,,,,,,,,,,,,,,,,,u,428.391,430.64,space,2.227,,,,,,,,,,,,,,,,,,,,,,,,,,,,,,,,,,,,,,,,,,,,,,,,,,,,,,,,,,,,,,,,,,,,,,430.647,436.275,u,5.603,,0,0,0,0,1,stimuliTAFCsec/numnym001.wav,,
,,,,,801363,001,2024-05-28_18h16.06.394,mathesisv2,2024.1.3,Win32,59.95203837,,,,,,,,,,,,,,,,,u,,,,,,,,,,,,,,,,,,,,,,,,,,,,,,,,,,,,,,,,,,,,,,,,,,,,,,,,,,,,,,,,,,,,,,,,,,436.28,437.775,y,1.483,,0,1,1,2,1,stimuliTAFCsec/numnym003.wav,,
,,,,,801363,001,2024-05-28_18h16.06.394,mathesisv2,2024.1.3,Win32,59.95203837,,,,,,,,,,,,,,,,,u,,,,,,,,,,,,,,,,,,,,,,,,,,,,,,,,,,,,,,,,,,,,,,,,,,,,,,,,,,,,,,,,,,,,,,,,,,437.776,439.108,y,1.32,,0,2,2,1,1,stimuliTAFCsec/numnym002.wav,,
,,,,,801363,001,2024-05-28_18h16.06.394,mathesisv2,2024.1.3,Win32,59.95203837,,,,,,,,,,,,,,,,,x,,,,,,,,,,,,,,,,,,,,,,,,,,,,,,,,,,,,,,,,,,,,,,,,,,,,,,,,,,,,,,,,,,,,,,,,,,439.109,440.407,y,1.282,,0,3,3,3,1,stimuliTAFCsec/numnym004.wav,,
,,,,,801363,001,2024-05-28_18h16.06.394,mathesisv2,2024.1.3,Win32,59.95203837,,,,,,,,,,,,,,,,,y,,,,,,,,,,,,,,,,,,,,,,,,,,,,,,,,,,,,,,,,,,,,,,,,,,,,,,,,,,,,,,,,,,,,,,,,,,440.408,441.791,y,1.369,,0,4,4,5,1,stimuliTAFCsec/numnym006.wav,,
,,,,,801363,001,2024-05-28_18h16.06.394,mathesisv2,2024.1.3,Win32,59.95203837,,,,,,,,,,,,,,,,,y,,,,,,,,,,,,,,,,,,,,,,,,,,,,,,,,,,,,,,,,,,,,,,,,,,,,,,,,,,,,,,,,,,,,,,,,,,441.792,443.157,y,1.35,,0,5,5,4,1,stimuliTAFCsec/numnym005.wav,,
,,,,,801363,001,2024-05-28_18h16.06.394,mathesisv2,2024.1.3,Win32,59.95203837,,,,,,,,,,,,,,,,,y,,,,,,,,,,,,,,,,,,,,,,,,,,,,,,,,,,,,,,,,,,,,,,,,,,,,,,,,,,,,,,,,,,,,,,,,,,443.157,444.59,y,1.422,,0,6,6,6,1,stimuliTAFCsec/numnym007.wav,,
,,,,,801363,001,2024-05-28_18h16.06.394,mathesisv2,2024.1.3,Win32,59.95203837,,,,,,,,,,,,,,,,,x,,,,,,,,,,,,,,,,,,,,,,,,,,,,,,,,,,,,,,,,,,,,,,,,,,,,,,,,,,,,,,,,,,,,,,,,,,444.591,446.007,y,1.409,,1,0,7,3,1,stimuliTAFCsec/numnym004.wav,,
,,,,,801363,001,2024-05-28_18h16.06.394,mathesisv2,2024.1.3,Win32,59.95203837,,,,,,,,,,,,,,,,,y,,,,,,,,,,,,,,,,,,,,,,,,,,,,,,,,,,,,,,,,,,,,,,,,,,,,,,,,,,,,,,,,,,,,,,,,,,446.008,447.424,y,1.406,,1,1,8,4,1,stimuliTAFCsec/numnym005.wav,,
,,,,,801363,001,2024-05-28_18h16.06.394,mathesisv2,2024.1.3,Win32,59.95203837,,,,,,,,,,,,,,,,,y,,,,,,,,,,,,,,,,,,,,,,,,,,,,,,,,,,,,,,,,,,,,,,,,,,,,,,,,,,,,,,,,,,,,,,,,,,447.424,448.891,y,1.45,,1,2,9,5,1,stimuliTAFCsec/numnym006.wav,,
,,,,,801363,001,2024-05-28_18h16.06.394,mathesisv2,2024.1.3,Win32,59.95203837,,,,,,,,,,,,,,,,,u,,,,,,,,,,,,,,,,,,,,,,,,,,,,,,,,,,,,,,,,,,,,,,,,,,,,,,,,,,,,,,,,,,,,,,,,,,448.892,450.374,u,1.467,,1,3,10,1,1,stimuliTAFCsec/numnym002.wav,,
,,,,,801363,001,2024-05-28_18h16.06.394,mathesisv2,2024.1.3,Win32,59.95203837,,,,,,,,,,,,,,,,,u,,,,,,,,,,,,,,,,,,,,,,,,,,,,,,,,,,,,,,,,,,,,,,,,,,,,,,,,,,,,,,,,,,,,,,,,,,450.375,451.757,u,1.373,,1,4,11,0,1,stimuliTAFCsec/numnym001.wav,,
,,,,,801363,001,2024-05-28_18h16.06.394,mathesisv2,2024.1.3,Win32,59.95203837,,,,,,,,,,,,,,,,,y,,,,,,,,,,,,,,,,,,,,,,,,,,,,,,,,,,,,,,,,,,,,,,,,,,,,,,,,,,,,,,,,,,,,,,,,,,451.757,453.357,y,1.584,,1,5,12,6,1,stimuliTAFCsec/numnym007.wav,,
,,,,,801363,001,2024-05-28_18h16.06.394,mathesisv2,2024.1.3,Win32,59.95203837,,,,,,,,,,,,,,,,,u,,,,,,,,,,,,,,,,,,,,,,,,,,,,,,,,,,,,,,,,,,,,,,,,,,,,,,,,,,,,,,,,,,,,,,,,,,453.358,454.474,u,1.106,,1,6,13,2,1,stimuliTAFCsec/numnym003.wav,,
,,,,,801363,001,2024-05-28_18h16.06.394,mathesisv2,2024.1.3,Win32,59.95203837,,,,,,,,,,,,,,,,,x,,,,,,,,,,,,,,,,,,,,,,,,,,454.474,456.124,space,1.627,,,,,,,,,,,,,,,,,,,,,,,,,,,,,,,,,,456.144,459.175,y,3.023,,0,0,0,3,1,stimuliTAFCfirst/nimnym004.wav,,,,,,,,,,,,,
,,,,,801363,001,2024-05-28_18h16.06.394,mathesisv2,2024.1.3,Win32,59.95203837,,,,,,,,,,,,,,,,,e,,,,,,,,,,,,,,,,,,,,,,,,,,,,,,,,,,,,,,,,,,,,,,,,,,,,,,,,,,,,,,,459.176,460.674,e,1.485,,0,1,1,0,1,stimuliTAFCfirst/nimnym001.wav,,,,,,,,,,,,,
,,,,,801363,001,2024-05-28_18h16.06.394,mathesisv2,2024.1.3,Win32,59.95203837,,,,,,,,,,,,,,,,,y,,,,,,,,,,,,,,,,,,,,,,,,,,,,,,,,,,,,,,,,,,,,,,,,,,,,,,,,,,,,,,,460.676,461.824,e,1.135,,0,2,2,6,1,stimuliTAFCfirst/nimnym007.wav,,,,,,,,,,,,,
,,,,,801363,001,2024-05-28_18h16.06.394,mathesisv2,2024.1.3,Win32,59.95203837,,,,,,,,,,,,,,,,,e,,,,,,,,,,,,,,,,,,,,,,,,,,,,,,,,,,,,,,,,,,,,,,,,,,,,,,,,,,,,,,,461.825,463.291,y,1.451,,0,3,3,2,1,stimuliTAFCfirst/nimnym003.wav,,,,,,,,,,,,,
,,,,,801363,001,2024-05-28_18h16.06.394,mathesisv2,2024.1.3,Win32,59.95203837,,,,,,,,,,,,,,,,,e,,,,,,,,,,,,,,,,,,,,,,,,,,,,,,,,,,,,,,,,,,,,,,,,,,,,,,,,,,,,,,,463.292,464.541,y,1.24,,0,4,4,1,1,stimuliTAFCfirst/nimnym002.wav,,,,,,,,,,,,,
,,,,,801363,001,2024-05-28_18h16.06.394,mathesisv2,2024.1.3,Win32,59.95203837,,,,,,,,,,,,,,,,,y,,,,,,,,,,,,,,,,,,,,,,,,,,,,,,,,,,,,,,,,,,,,,,,,,,,,,,,,,,,,,,,464.541,467.075,y,2.517,,0,5,5,5,1,stimuliTAFCfirst/nimnym006.wav,,,,,,,,,,,,,
,,,,,801363,001,2024-05-28_18h16.06.394,mathesisv2,2024.1.3,Win32,59.95203837,,,,,,,,,,,,,,,,,y,,,,,,,,,,,,,,,,,,,,,,,,,,,,,,,,,,,,,,,,,,,,,,,,,,,,,,,,,,,,,,,467.078,468.508,y,1.416,,0,6,6,4,1,stimuliTAFCfirst/nimnym005.wav,,,,,,,,,,,,,
,,,,,801363,001,2024-05-28_18h16.06.394,mathesisv2,2024.1.3,Win32,59.95203837,,,,,,,,,,,,,,,,,e,,,,,,,,,,,,,,,,,,,,,,,,,,,,,,,,,,,,,,,,,,,,,,,,,,,,,,,,,,,,,,,468.508,469.992,y,1.468,,1,0,7,2,1,stimuliTAFCfirst/nimnym003.wav,,,,,,,,,,,,,
,,,,,801363,001,2024-05-28_18h16.06.394,mathesisv2,2024.1.3,Win32,59.95203837,,,,,,,,,,,,,,,,,x,,,,,,,,,,,,,,,,,,,,,,,,,,,,,,,,,,,,,,,,,,,,,,,,,,,,,,,,,,,,,,,469.993,471.475,y,1.47,,1,1,8,3,1,stimuliTAFCfirst/nimnym004.wav,,,,,,,,,,,,,
,,,,,801363,001,2024-05-28_18h16.06.394,mathesisv2,2024.1.3,Win32,59.95203837,,,,,,,,,,,,,,,,,y,,,,,,,,,,,,,,,,,,,,,,,,,,,,,,,,,,,,,,,,,,,,,,,,,,,,,,,,,,,,,,,471.476,472.741,y,1.249,,1,2,9,5,1,stimuliTAFCfirst/nimnym006.wav,,,,,,,,,,,,,
,,,,,801363,001,2024-05-28_18h16.06.394,mathesisv2,2024.1.3,Win32,59.95203837,,,,,,,,,,,,,,,,,e,,,,,,,,,,,,,,,,,,,,,,,,,,,,,,,,,,,,,,,,,,,,,,,,,,,,,,,,,,,,,,,472.741,474.241,e,1.483,,1,3,10,0,1,stimuliTAFCfirst/nimnym001.wav,,,,,,,,,,,,,
,,,,,801363,001,2024-05-28_18h16.06.394,mathesisv2,2024.1.3,Win32,59.95203837,,,,,,,,,,,,,,,,,y,,,,,,,,,,,,,,,,,,,,,,,,,,,,,,,,,,,,,,,,,,,,,,,,,,,,,,,,,,,,,,,474.242,475.557,y,1.302,,1,4,11,6,1,stimuliTAFCfirst/nimnym007.wav,,,,,,,,,,,,,
,,,,,801363,001,2024-05-28_18h16.06.394,mathesisv2,2024.1.3,Win32,59.95203837,,,,,,,,,,,,,,,,,y,,,,,,,,,,,,,,,,,,,,,,,,,,,,,,,,,,,,,,,,,,,,,,,,,,,,,,,,,,,,,,,475.558,476.908,y,1.334,,1,5,12,4,1,stimuliTAFCfirst/nimnym005.wav,,,,,,,,,,,,,
,,,,,801363,001,2024-05-28_18h16.06.394,mathesisv2,2024.1.3,Win32,59.95203837,,,,,,,,,,,,,,,,,e,,,,,,,,,,,,,,,,,,,,,,,,,,,,,,,,,,,,,,,,,,,,,,,,,,,,,,,,,,,,,,,476.908,479.041,e,2.118,,1,6,13,1,1,stimuliTAFCfirst/nimnym002.wav,,,,,,,,,,,,,
,,,,,801363,001,2024-05-28_18h16.06.394,mathesisv2,2024.1.3,Win32,59.95203837,,,,,,,,,,,,,,,,,u,479.042,480.775,space,1.718,,,,,,,,,,,,,,,,,,,,,,,,,,,,,,,,,,,,,,,,,,,,,,,,,,,,,,,,,,,,,,,,,,,,,,480.794,483.141,u,2.337,,0,0,0,0,1,stimuliTAFCsec/numnym001.wav,,
,,,,,801363,001,2024-05-28_18h16.06.394,mathesisv2,2024.1.3,Win32,59.95203837,,,,,,,,,,,,,,,,,y,,,,,,,,,,,,,,,,,,,,,,,,,,,,,,,,,,,,,,,,,,,,,,,,,,,,,,,,,,,,,,,,,,,,,,,,,,483.142,484.375,y,1.224,,0,1,1,5,1,stimuliTAFCsec/numnym006.wav,,
,,,,,801363,001,2024-05-28_18h16.06.394,mathesisv2,2024.1.3,Win32,59.95203837,,,,,,,,,,,,,,,,,u,,,,,,,,,,,,,,,,,,,,,,,,,,,,,,,,,,,,,,,,,,,,,,,,,,,,,,,,,,,,,,,,,,,,,,,,,,484.375,485.475,u,1.085,,0,2,2,1,1,stimuliTAFCsec/numnym002.wav,,
,,,,,801363,001,2024-05-28_18h16.06.394,mathesisv2,2024.1.3,Win32,59.95203837,,,,,,,,,,,,,,,,,u,,,,,,,,,,,,,,,,,,,,,,,,,,,,,,,,,,,,,,,,,,,,,,,,,,,,,,,,,,,,,,,,,,,,,,,,,,485.475,486.841,u,1.35,,0,3,3,2,1,stimuliTAFCsec/numnym003.wav,,
,,,,,801363,001,2024-05-28_18h16.06.394,mathesisv2,2024.1.3,Win32,59.95203837,,,,,,,,,,,,,,,,,x,,,,,,,,,,,,,,,,,,,,,,,,,,,,,,,,,,,,,,,,,,,,,,,,,,,,,,,,,,,,,,,,,,,,,,,,,,486.842,488.558,u,1.702,,0,4,4,3,1,stimuliTAFCsec/numnym004.wav,,
,,,,,801363,001,2024-05-28_18h16.06.394,mathesisv2,2024.1.3,Win32,59.95203837,,,,,,,,,,,,,,,,,y,,,,,,,,,,,,,,,,,,,,,,,,,,,,,,,,,,,,,,,,,,,,,,,,,,,,,,,,,,,,,,,,,,,,,,,,,,488.558,489.924,y,1.351,,0,5,5,4,1,stimuliTAFCsec/numnym005.wav,,
,,,,,801363,001,2024-05-28_18h16.06.394,mathesisv2,2024.1.3,Win32,59.95203837,,,,,,,,,,,,,,,,,y,,,,,,,,,,,,,,,,,,,,,,,,,,,,,,,,,,,,,,,,,,,,,,,,,,,,,,,,,,,,,,,,,,,,,,,,,,489.925,491.158,y,1.222,,0,6,6,6,1,stimuliTAFCsec/numnym007.wav,,
,,,,,801363,001,2024-05-28_18h16.06.394,mathesisv2,2024.1.3,Win32,59.95203837,,,,,,,,,,,,,,,,,y,,,,,,,,,,,,,,,,,,,,,,,,,,,,,,,,,,,,,,,,,,,,,,,,,,,,,,,,,,,,,,,,,,,,,,,,,,491.159,492.375,y,1.202,,1,0,7,5,1,stimuliTAFCsec/numnym006.wav,,
,,,,,801363,001,2024-05-28_18h16.06.394,mathesisv2,2024.1.3,Win32,59.95203837,,,,,,,,,,,,,,,,,x,,,,,,,,,,,,,,,,,,,,,,,,,,,,,,,,,,,,,,,,,,,,,,,,,,,,,,,,,,,,,,,,,,,,,,,,,,492.375,493.791,u,1.401,,1,1,8,3,1,stimuliTAFCsec/numnym004.wav,,
,,,,,801363,001,2024-05-28_18h16.06.394,mathesisv2,2024.1.3,Win32,59.95203837,,,,,,,,,,,,,,,,,u,,,,,,,,,,,,,,,,,,,,,,,,,,,,,,,,,,,,,,,,,,,,,,,,,,,,,,,,,,,,,,,,,,,,,,,,,,493.792,495.241,u,1.433,,1,2,9,1,1,stimuliTAFCsec/numnym002.wav,,
,,,,,801363,001,2024-05-28_18h16.06.394,mathesisv2,2024.1.3,Win32,59.95203837,,,,,,,,,,,,,,,,,y,,,,,,,,,,,,,,,,,,,,,,,,,,,,,,,,,,,,,,,,,,,,,,,,,,,,,,,,,,,,,,,,,,,,,,,,,,495.242,497.008,u,1.751,,1,3,10,4,1,stimuliTAFCsec/numnym005.wav,,
,,,,,801363,001,2024-05-28_18h16.06.394,mathesisv2,2024.1.3,Win32,59.95203837,,,,,,,,,,,,,,,,,u,,,,,,,,,,,,,,,,,,,,,,,,,,,,,,,,,,,,,,,,,,,,,,,,,,,,,,,,,,,,,,,,,,,,,,,,,,497.009,499.176,u,2.155,,1,4,11,2,1,stimuliTAFCsec/numnym003.wav,,
,,,,,801363,001,2024-05-28_18h16.06.394,mathesisv2,2024.1.3,Win32,59.95203837,,,,,,,,,,,,,,,,,u,,,,,,,,,,,,,,,,,,,,,,,,,,,,,,,,,,,,,,,,,,,,,,,,,,,,,,,,,,,,,,,,,,,,,,,,,,499.18,501.108,u,1.916,,1,5,12,0,1,stimuliTAFCsec/numnym001.wav,,
,,,,,801363,001,2024-05-28_18h16.06.394,mathesisv2,2024.1.3,Win32,59.95203837,,,,,,,,,,,,,,,,,y,,,,,,,,,,,,,,,,,,,,,,,,,,,,,,,,,,,,,,,,,,,,,,,,,,,,,,,,,,,,,,,,,,,,,,,,,,501.108,502.309,y,1.193,,1,6,13,6,1,stimuliTAFCsec/numnym007.wav,,
,,,,,801363,001,2024-05-28_18h16.06.394,mathesisv2,2024.1.3,Win32,59.95203837,,,,,,,,,,,,,,,,,x,,,,,,,,,,,,,,,,,,,,,,,,,,502.309,503.142,space,0.818,,,,,,,,,,,,,,,,,,,,,,,,,,,,,,,,,,503.161,509.924,e,6.754,,0,0,0,3,1,stimuliTAFCfirst/nimnym004.wav,,,,,,,,,,,,,
,,,,,801363,001,2024-05-28_18h16.06.394,mathesisv2,2024.1.3,Win32,59.95203837,,,,,,,,,,,,,,,,,e,,,,,,,,,,,,,,,,,,,,,,,,,,,,,,,,,,,,,,,,,,,,,,,,,,,,,,,,,,,,,,,509.925,511.408,y,1.474,,0,1,1,0,1,stimuliTAFCfirst/nimnym001.wav,,,,,,,,,,,,,
,,,,,801363,001,2024-05-28_18h16.06.394,mathesisv2,2024.1.3,Win32,59.95203837,,,,,,,,,,,,,,,,,e,,,,,,,,,,,,,,,,,,,,,,,,,,,,,,,,,,,,,,,,,,,,,,,,,,,,,,,,,,,,,,,511.408,513.158,e,1.737,,0,2,2,1,1,stimuliTAFCfirst/nimnym002.wav,,,,,,,,,,,,,
,,,,,801363,001,2024-05-28_18h16.06.394,mathesisv2,2024.1.3,Win32,59.95203837,,,,,,,,,,,,,,,,,y,,,,,,,,,,,,,,,,,,,,,,,,,,,,,,,,,,,,,,,,,,,,,,,,,,,,,,,,,,,,,,,513.159,514.825,y,1.652,,0,3,3,6,1,stimuliTAFCfirst/nimnym007.wav,,,,,,,,,,,,,
,,,,,801363,001,2024-05-28_18h16.06.394,mathesisv2,2024.1.3,Win32,59.95203837,,,,,,,,,,,,,,,,,y,,,,,,,,,,,,,,,,,,,,,,,,,,,,,,,,,,,,,,,,,,,,,,,,,,,,,,,,,,,,,,,514.825,516.308,y,1.475,,0,4,4,5,1,stimuliTAFCfirst/nimnym006.wav,,,,,,,,,,,,,
,,,,,801363,001,2024-05-28_18h16.06.394,mathesisv2,2024.1.3,Win32,59.95203837,,,,,,,,,,,,,,,,,e,,,,,,,,,,,,,,,,,,,,,,,,,,,,,,,,,,,,,,,,,,,,,,,,,,,,,,,,,,,,,,,516.309,518.208,e,1.883,,0,5,5,2,1,stimuliTAFCfirst/nimnym003.wav,,,,,,,,,,,,,
,,,,,801363,001,2024-05-28_18h16.06.394,mathesisv2,2024.1.3,Win32,59.95203837,,,,,,,,,,,,,,,,,y,,,,,,,,,,,,,,,,,,,,,,,,,,,,,,,,,,,,,,,,,,,,,,,,,,,,,,,,,,,,,,,518.209,520.675,y,2.454,,0,6,6,4,1,stimuliTAFCfirst/nimnym005.wav,,,,,,,,,,,,,
,,,,,801363,001,2024-05-28_18h16.06.394,mathesisv2,2024.1.3,Win32,59.95203837,,,,,,,,,,,,,,,,,y,,,,,,,,,,,,,,,,,,,,,,,,,,,,,,,,,,,,,,,,,,,,,,,,,,,,,,,,,,,,,,,520.676,522.041,y,1.357,,1,0,7,4,1,stimuliTAFCfirst/nimnym005.wav,,,,,,,,,,,,,
,,,,,801363,001,2024-05-28_18h16.06.394,mathesisv2,2024.1.3,Win32,59.95203837,,,,,,,,,,,,,,,,,y,,,,,,,,,,,,,,,,,,,,,,,,,,,,,,,,,,,,,,,,,,,,,,,,,,,,,,,,,,,,,,,522.042,523.692,y,1.637,,1,1,8,5,1,stimuliTAFCfirst/nimnym006.wav,,,,,,,,,,,,,
,,,,,801363,001,2024-05-28_18h16.06.394,mathesisv2,2024.1.3,Win32,59.95203837,,,,,,,,,,,,,,,,,e,,,,,,,,,,,,,,,,,,,,,,,,,,,,,,,,,,,,,,,,,,,,,,,,,,,,,,,,,,,,,,,523.692,525.041,e,1.334,,1,2,9,2,1,stimuliTAFCfirst/nimnym003.wav,,,,,,,,,,,,,
,,,,,801363,001,2024-05-28_18h16.06.394,mathesisv2,2024.1.3,Win32,59.95203837,,,,,,,,,,,,,,,,,e,,,,,,,,,,,,,,,,,,,,,,,,,,,,,,,,,,,,,,,,,,,,,,,,,,,,,,,,,,,,,,,525.042,526.342,e,1.285,,1,3,10,0,1,stimuliTAFCfirst/nimnym001.wav,,,,,,,,,,,,,
,,,,,801363,001,2024-05-28_18h16.06.394,mathesisv2,2024.1.3,Win32,59.95203837,,,,,,,,,,,,,,,,,x,,,,,,,,,,,,,,,,,,,,,,,,,,,,,,,,,,,,,,,,,,,,,,,,,,,,,,,,,,,,,,,526.342,527.759,y,1.404,,1,4,11,3,1,stimuliTAFCfirst/nimnym004.wav,,,,,,,,,,,,,
,,,,,801363,001,2024-05-28_18h16.06.394,mathesisv2,2024.1.3,Win32,59.95203837,,,,,,,,,,,,,,,,,y,,,,,,,,,,,,,,,,,,,,,,,,,,,,,,,,,,,,,,,,,,,,,,,,,,,,,,,,,,,,,,,527.759,529.025,y,1.249,,1,5,12,6,1,stimuliTAFCfirst/nimnym007.wav,,,,,,,,,,,,,
,,,,,801363,001,2024-05-28_18h16.06.394,mathesisv2,2024.1.3,Win32,59.95203837,,,,,,,,,,,,,,,,,e,,,,,,,,,,,,,,,,,,,,,,,,,,,,,,,,,,,,,,,,,,,,,,,,,,,,,,,,,,,,,,,529.025,530.592,e,1.551,,1,6,13,1,1,stimuliTAFCfirst/nimnym002.wav,,,,,,,,,,,,,
,,,,,801363,001,2024-05-28_18h16.06.394,mathesisv2,2024.1.3,Win32,59.95203837,,,,,,,,,,,,,,,,,u,530.593,532.092,space,1.485,,,,,,,,,,,,,,,,,,,,,,,,,,,,,,,,,,,,,,,,,,,,,,,,,,,,,,,,,,,,,,,,,,,,,,532.103,538.859,y,6.742,,0,0,0,2,1,stimuliTAFCsec/numnym003.wav,,
,,,,,801363,001,2024-05-28_18h16.06.394,mathesisv2,2024.1.3,Win32,59.95203837,,,,,,,,,,,,,,,,,y,,,,,,,,,,,,,,,,,,,,,,,,,,,,,,,,,,,,,,,,,,,,,,,,,,,,,,,,,,,,,,,,,,,,,,,,,,538.86,540.159,u,1.287,,0,1,1,4,1,stimuliTAFCsec/numnym005.wav,,
,,,,,801363,001,2024-05-28_18h16.06.394,mathesisv2,2024.1.3,Win32,59.95203837,,,,,,,,,,,,,,,,,x,,,,,,,,,,,,,,,,,,,,,,,,,,,,,,,,,,,,,,,,,,,,,,,,,,,,,,,,,,,,,,,,,,,,,,,,,,540.161,544.925,y,4.749,,0,2,2,3,1,stimuliTAFCsec/numnym004.wav,,
,,,,,801363,001,2024-05-28_18h16.06.394,mathesisv2,2024.1.3,Win32,59.95203837,,,,,,,,,,,,,,,,,y,,,,,,,,,,,,,,,,,,,,,,,,,,,,,,,,,,,,,,,,,,,,,,,,,,,,,,,,,,,,,,,,,,,,,,,,,,544.926,545.192,u,0.251,,0,3,3,6,1,stimuliTAFCsec/numnym007.wav,,
,,,,,801363,001,2024-05-28_18h16.06.394,mathesisv2,2024.1.3,Win32,59.95203837,,,,,,,,,,,,,,,,,y,,,,,,,,,,,,,,,,,,,,,,,,,,,,,,,,,,,,,,,,,,,,,,,,,,,,,,,,,,,,,,,,,,,,,,,,,,545.192,548.692,y,3.483,,0,4,4,5,1,stimuliTAFCsec/numnym006.wav,,
,,,,,801363,001,2024-05-28_18h16.06.394,mathesisv2,2024.1.3,Win32,59.95203837,,,,,,,,,,,,,,,,,u,,,,,,,,,,,,,,,,,,,,,,,,,,,,,,,,,,,,,,,,,,,,,,,,,,,,,,,,,,,,,,,,,,,,,,,,,,548.692,550.425,u,1.716,,0,5,5,0,1,stimuliTAFCsec/numnym001.wav,,
,,,,,801363,001,2024-05-28_18h16.06.394,mathesisv2,2024.1.3,Win32,59.95203837,,,,,,,,,,,,,,,,,u,,,,,,,,,,,,,,,,,,,,,,,,,,,,,,,,,,,,,,,,,,,,,,,,,,,,,,,,,,,,,,,,,,,,,,,,,,550.425,550.609,u,0.167,,0,6,6,1,1,stimuliTAFCsec/numnym002.wav,,
,,,,,801363,001,2024-05-28_18h16.06.394,mathesisv2,2024.1.3,Win32,59.95203837,,,,,,,,,,,,,,,,,u,,,,,,,,,,,,,,,,,,,,,,,,,,,,,,,,,,,,,,,,,,,,,,,,,,,,,,,,,,,,,,,,,,,,,,,,,,550.609,550.742,u,0.127,,1,0,7,2,1,stimuliTAFCsec/numnym003.wav,,
,,,,,801363,001,2024-05-28_18h16.06.394,mathesisv2,2024.1.3,Win32,59.95203837,,,,,,,,,,,,,,,,,x,,,,,,,,,,,,,,,,,,,,,,,,,,,,,,,,,,,,,,,,,,,,,,,,,,,,,,,,,,,,,,,,,,,,,,,,,,550.742,550.891,y,0.134,,1,1,8,3,1,stimuliTAFCsec/numnym004.wav,,
,,,,,801363,001,2024-05-28_18h16.06.394,mathesisv2,2024.1.3,Win32,59.95203837,,,,,,,,,,,,,,,,,y,,,,,,,,,,,,,,,,,,,,,,,,,,,,,,,,,,,,,,,,,,,,,,,,,,,,,,,,,,,,,,,,,,,,,,,,,,550.891,551.024,u,0.117,,1,2,9,6,1,stimuliTAFCsec/numnym007.wav,,
,,,,,801363,001,2024-05-28_18h16.06.394,mathesisv2,2024.1.3,Win32,59.95203837,,,,,,,,,,,,,,,,,u,,,,,,,,,,,,,,,,,,,,,,,,,,,,,,,,,,,,,,,,,,,,,,,,,,,,,,,,,,,,,,,,,,,,,,,,,,551.025,556.225,u,5.183,,1,3,10,1,1,stimuliTAFCsec/numnym002.wav,,
,,,,,801363,001,2024-05-28_18h16.06.394,mathesisv2,2024.1.3,Win32,59.95203837,,,,,,,,,,,,,,,,,y,,,,,,,,,,,,,,,,,,,,,,,,,,,,,,,,,,,,,,,,,,,,,,,,,,,,,,,,,,,,,,,,,,,,,,,,,,556.225,556.475,u,0.235,,1,4,11,4,1,stimuliTAFCsec/numnym005.wav,,
,,,,,801363,001,2024-05-28_18h16.06.394,mathesisv2,2024.1.3,Win32,59.95203837,,,,,,,,,,,,,,,,,u,,,,,,,,,,,,,,,,,,,,,,,,,,,,,,,,,,,,,,,,,,,,,,,,,,,,,,,,,,,,,,,,,,,,,,,,,,556.475,556.674,u,0.187,,1,5,12,0,1,stimuliTAFCsec/numnym001.wav,,
,,,,,801363,001,2024-05-28_18h16.06.394,mathesisv2,2024.1.3,Win32,59.95203837,,,,,,,,,,,,,,,,,y,,,,,,,,,,,,,,,,,,,,,,,,,,,,,,,,,,,,,,,,,,,,,,,,,,,,,,,,,,,,,,,,,,,,,,,,,,556.675,556.908,u,0.218,,1,6,13,5,1,stimuliTAFCsec/numnym006.wav,,
,,,,,801363,001,2024-05-28_18h16.06.394,mathesisv2,2024.1.3,Win32,59.95203837,,,,,,,,,,,,,,,,,y,,,,,,,,,,,,,,,,,,,,,,,,,,556.908,559.076,space,2.157,,,,,,,,,,,,,,,,,,,,,,,,,,,,,,,,,,559.094,561.208,y,2.106,,0,0,0,4,1,stimuliTAFCfirst/nimnym005.wav,,,,,,,,,,,,,
,,,,,801363,001,2024-05-28_18h16.06.394,mathesisv2,2024.1.3,Win32,59.95203837,,,,,,,,,,,,,,,,,e,,,,,,,,,,,,,,,,,,,,,,,,,,,,,,,,,,,,,,,,,,,,,,,,,,,,,,,,,,,,,,,561.209,562.542,y,1.325,,0,1,1,2,1,stimuliTAFCfirst/nimnym003.wav,,,,,,,,,,,,,
,,,,,801363,001,2024-05-28_18h16.06.394,mathesisv2,2024.1.3,Win32,59.95203837,,,,,,,,,,,,,,,,,y,,,,,,,,,,,,,,,,,,,,,,,,,,,,,,,,,,,,,,,,,,,,,,,,,,,,,,,,,,,,,,,562.542,563.925,y,1.366,,0,2,2,5,1,stimuliTAFCfirst/nimnym006.wav,,,,,,,,,,,,,
,,,,,801363,001,2024-05-28_18h16.06.394,mathesisv2,2024.1.3,Win32,59.95203837,,,,,,,,,,,,,,,,,e,,,,,,,,,,,,,,,,,,,,,,,,,,,,,,,,,,,,,,,,,,,,,,,,,,,,,,,,,,,,,,,563.925,565.442,e,1.501,,0,3,3,1,1,stimuliTAFCfirst/nimnym002.wav,,,,,,,,,,,,,
,,,,,801363,001,2024-05-28_18h16.06.394,mathesisv2,2024.1.3,Win32,59.95203837,,,,,,,,,,,,,,,,,y,,,,,,,,,,,,,,,,,,,,,,,,,,,,,,,,,,,,,,,,,,,,,,,,,,,,,,,,,,,,,,,565.443,566.909,y,1.45,,0,4,4,6,1,stimuliTAFCfirst/nimnym007.wav,,,,,,,,,,,,,
,,,,,801363,001,2024-05-28_18h16.06.394,mathesisv2,2024.1.3,Win32,59.95203837,,,,,,,,,,,,,,,,,x,,,,,,,,,,,,,,,,,,,,,,,,,,,,,,,,,,,,,,,,,,,,,,,,,,,,,,,,,,,,,,,566.91,568.209,y,1.284,,0,5,5,3,1,stimuliTAFCfirst/nimnym004.wav,,,,,,,,,,,,,
,,,,,801363,001,2024-05-28_18h16.06.394,mathesisv2,2024.1.3,Win32,59.95203837,,,,,,,,,,,,,,,,,e,,,,,,,,,,,,,,,,,,,,,,,,,,,,,,,,,,,,,,,,,,,,,,,,,,,,,,,,,,,,,,,568.209,569.643,e,1.418,,0,6,6,0,1,stimuliTAFCfirst/nimnym001.wav,,,,,,,,,,,,,
,,,,,801363,001,2024-05-28_18h16.06.394,mathesisv2,2024.1.3,Win32,59.95203837,,,,,,,,,,,,,,,,,y,,,,,,,,,,,,,,,,,,,,,,,,,,,,,,,,,,,,,,,,,,,,,,,,,,,,,,,,,,,,,,,569.643,570.96,y,1.302,,1,0,7,6,1,stimuliTAFCfirst/nimnym007.wav,,,,,,,,,,,,,
,,,,,801363,001,2024-05-28_18h16.06.394,mathesisv2,2024.1.3,Win32,59.95203837,,,,,,,,,,,,,,,,,y,,,,,,,,,,,,,,,,,,,,,,,,,,,,,,,,,,,,,,,,,,,,,,,,,,,,,,,,,,,,,,,570.962,572.092,y,1.118,,1,1,8,4,1,stimuliTAFCfirst/nimnym005.wav,,,,,,,,,,,,,
,,,,,801363,001,2024-05-28_18h16.06.394,mathesisv2,2024.1.3,Win32,59.95203837,,,,,,,,,,,,,,,,,e,,,,,,,,,,,,,,,,,,,,,,,,,,,,,,,,,,,,,,,,,,,,,,,,,,,,,,,,,,,,,,,572.093,573.276,y,1.169,,1,2,9,2,1,stimuliTAFCfirst/nimnym003.wav,,,,,,,,,,,,,
,,,,,801363,001,2024-05-28_18h16.06.394,mathesisv2,2024.1.3,Win32,59.95203837,,,,,,,,,,,,,,,,,x,,,,,,,,,,,,,,,,,,,,,,,,,,,,,,,,,,,,,,,,,,,,,,,,,,,,,,,,,,,,,,,573.276,574.708,e,1.422,,1,3,10,3,1,stimuliTAFCfirst/nimnym004.wav,,,,,,,,,,,,,
,,,,,801363,001,2024-05-28_18h16.06.394,mathesisv2,2024.1.3,Win32,59.95203837,,,,,,,,,,,,,,,,,y,,,,,,,,,,,,,,,,,,,,,,,,,,,,,,,,,,,,,,,,,,,,,,,,,,,,,,,,,,,,,,,574.709,576.042,y,1.323,,1,4,11,5,1,stimuliTAFCfirst/nimnym006.wav,,,,,,,,,,,,,
,,,,,801363,001,2024-05-28_18h16.06.394,mathesisv2,2024.1.3,Win32,59.95203837,,,,,,,,,,,,,,,,,e,,,,,,,,,,,,,,,,,,,,,,,,,,,,,,,,,,,,,,,,,,,,,,,,,,,,,,,,,,,,,,,576.043,577.175,e,1.119,,1,5,12,1,1,stimuliTAFCfirst/nimnym002.wav,,,,,,,,,,,,,
,,,,,801363,001,2024-05-28_18h16.06.394,mathesisv2,2024.1.3,Win32,59.95203837,,,,,,,,,,,,,,,,,e,,,,,,,,,,,,,,,,,,,,,,,,,,,,,,,,,,,,,,,,,,,,,,,,,,,,,,,,,,,,,,,577.176,578.492,e,1.302,,1,6,13,0,1,stimuliTAFCfirst/nimnym001.wav,,,,,,,,,,,,,
,,,,,801363,001,2024-05-28_18h16.06.394,mathesisv2,2024.1.3,Win32,59.95203837,,,,,,,,,,,,,,,,,y,578.492,580.328,space,1.823,,,,,,,,,,,,,,,,,,,,,,,,,,,,,,,,,,,,,,,,,,,,,,,,,,,,,,,,,,,,,,,,,,,,,,580.363,583.726,u,3.35,,0,0,0,5,1,stimuliTAFCsec/numnym006.wav,,
,,,,,801363,001,2024-05-28_18h16.06.394,mathesisv2,2024.1.3,Win32,59.95203837,,,,,,,,,,,,,,,,,y,,,,,,,,,,,,,,,,,,,,,,,,,,,,,,,,,,,,,,,,,,,,,,,,,,,,,,,,,,,,,,,,,,,,,,,,,,583.726,587.575,u,3.833,,0,1,1,6,1,stimuliTAFCsec/numnym007.wav,,
,,,,,801363,001,2024-05-28_18h16.06.394,mathesisv2,2024.1.3,Win32,59.95203837,,,,,,,,,,,,,,,,,u,,,,,,,,,,,,,,,,,,,,,,,,,,,,,,,,,,,,,,,,,,,,,,,,,,,,,,,,,,,,,,,,,,,,,,,,,,587.576,588.943,y,1.35,,0,2,2,0,1,stimuliTAFCsec/numnym001.wav,,
,,,,,801363,001,2024-05-28_18h16.06.394,mathesisv2,2024.1.3,Win32,59.95203837,,,,,,,,,,,,,,,,,x,,,,,,,,,,,,,,,,,,,,,,,,,,,,,,,,,,,,,,,,,,,,,,,,,,,,,,,,,,,,,,,,,,,,,,,,,,588.943,590.375,u,1.416,,0,3,3,3,1,stimuliTAFCsec/numnym004.wav,,
,,,,,801363,001,2024-05-28_18h16.06.394,mathesisv2,2024.1.3,Win32,59.95203837,,,,,,,,,,,,,,,,,u,,,,,,,,,,,,,,,,,,,,,,,,,,,,,,,,,,,,,,,,,,,,,,,,,,,,,,,,,,,,,,,,,,,,,,,,,,590.375,591.658,y,1.273,,0,4,4,2,1,stimuliTAFCsec/numnym003.wav,,
,,,,,801363,001,2024-05-28_18h16.06.394,mathesisv2,2024.1.3,Win32,59.95203837,,,,,,,,,,,,,,,,,y,,,,,,,,,,,,,,,,,,,,,,,,,,,,,,,,,,,,,,,,,,,,,,,,,,,,,,,,,,,,,,,,,,,,,,,,,,591.659,593.376,y,1.701,,0,5,5,4,1,stimuliTAFCsec/numnym005.wav,,
,,,,,801363,001,2024-05-28_18h16.06.394,mathesisv2,2024.1.3,Win32,59.95203837,,,,,,,,,,,,,,,,,u,,,,,,,,,,,,,,,,,,,,,,,,,,,,,,,,,,,,,,,,,,,,,,,,,,,,,,,,,,,,,,,,,,,,,,,,,,593.376,594.892,u,1.506,,0,6,6,1,1,stimuliTAFCsec/numnym002.wav,,
,,,,,801363,001,2024-05-28_18h16.06.394,mathesisv2,2024.1.3,Win32,59.95203837,,,,,,,,,,,,,,,,,y,,,,,,,,,,,,,,,,,,,,,,,,,,,,,,,,,,,,,,,,,,,,,,,,,,,,,,,,,,,,,,,,,,,,,,,,,,594.892,596.375,y,1.469,,1,0,7,4,1,stimuliTAFCsec/numnym005.wav,,
,,,,,801363,001,2024-05-28_18h16.06.394,mathesisv2,2024.1.3,Win32,59.95203837,,,,,,,,,,,,,,,,,y,,,,,,,,,,,,,,,,,,,,,,,,,,,,,,,,,,,,,,,,,,,,,,,,,,,,,,,,,,,,,,,,,,,,,,,,,,596.376,598.009,y,1.618,,1,1,8,6,1,stimuliTAFCsec/numnym007.wav,,
,,,,,801363,001,2024-05-28_18h16.06.394,mathesisv2,2024.1.3,Win32,59.95203837,,,,,,,,,,,,,,,,,u,,,,,,,,,,,,,,,,,,,,,,,,,,,,,,,,,,,,,,,,,,,,,,,,,,,,,,,,,,,,,,,,,,,,,,,,,,598.01,599.392,u,1.371,,1,2,9,0,1,stimuliTAFCsec/numnym001.wav,,
,,,,,801363,001,2024-05-28_18h16.06.394,mathesisv2,2024.1.3,Win32,59.95203837,,,,,,,,,,,,,,,,,u,,,,,,,,,,,,,,,,,,,,,,,,,,,,,,,,,,,,,,,,,,,,,,,,,,,,,,,,,,,,,,,,,,,,,,,,,,599.392,600.726,u,1.324,,1,3,10,1,1,stimuliTAFCsec/numnym002.wav,,
,,,,,801363,001,2024-05-28_18h16.06.394,mathesisv2,2024.1.3,Win32,59.95203837,,,,,,,,,,,,,,,,,x,,,,,,,,,,,,,,,,,,,,,,,,,,,,,,,,,,,,,,,,,,,,,,,,,,,,,,,,,,,,,,,,,,,,,,,,,,600.728,602.159,u,1.425,,1,4,11,3,1,stimuliTAFCsec/numnym004.wav,,
,,,,,801363,001,2024-05-28_18h16.06.394,mathesisv2,2024.1.3,Win32,59.95203837,,,,,,,,,,,,,,,,,u,,,,,,,,,,,,,,,,,,,,,,,,,,,,,,,,,,,,,,,,,,,,,,,,,,,,,,,,,,,,,,,,,,,,,,,,,,602.16,603.292,u,1.12,,1,5,12,2,1,stimuliTAFCsec/numnym003.wav,,
,,,,,801363,001,2024-05-28_18h16.06.394,mathesisv2,2024.1.3,Win32,59.95203837,,,,,,,,,,,,,,,,,y,,,,,,,,,,,,,,,,,,,,,,,,,,,,,,,,,,,,,,,,,,,,,,,,,,,,,,,,,,,,,,,,,,,,,,,,,,603.293,604.526,y,1.218,,1,6,13,5,1,stimuliTAFCsec/numnym006.wav,,
,,,,,801363,001,2024-05-28_18h16.06.394,mathesisv2,2024.1.3,Win32,59.95203837,,,,,,,,,,,,,,,,,,,,,,,,,,,,,,,,,,,,,,,,,,,604.527,605.543,space,1.001,,,,,,,,,,,,,,,,,,,,,,,,,,,,,,,,,,,,,,,,,,,,,,,,,,,,,,,,605.543,610.542
