﻿start.started,start.stopped,startkey_resp.keys,startkey_resp.rt,startkey_resp.duration,participant,session,date,expName,psychopyVersion,OS,frameRate,attention.started,attention.stopped,key_resp.keys,key_resp.rt,key_resp.duration,stimuliAXBmix.started,stimuliAXBmix.stopped,stimuliAXBkey_resp.keys,stimuliAXBkey_resp.rt,stimuliAXBkey_resp.duration,stimuliAXBtesttrials.thisRepN,stimuliAXBtesttrials.thisTrialN,stimuliAXBtesttrials.thisN,stimuliAXBtesttrials.thisIndex,stimuliAXBtesttrials.ran,stimuliAXBmix,Correct,attentionsecond.started,attentionsecond.stopped,attentionsecondkey_resp.keys,attentionsecondkey_resp.rt,attentionsecondkey_resp.duration,instAXBreal.started,instAXBreal.stopped,instAXBrealkey_resp.keys,instAXBrealkey_resp.rt,instAXBrealkey_resp.duration,stimuliAXBmixfirst.thisRepN,stimuliAXBmixfirst.thisTrialN,stimuliAXBmixfirst.thisN,stimuliAXBmixfirst.thisIndex,stimuliAXBmixfirst.ran,attentionfirst.started,attentionfirst.stopped,attentionfirstkey_resp.keys,attentionfirstkey_resp.rt,attentionfirstkey_resp.duration,stimuliAXbmixsec.thisRepN,stimuliAXbmixsec.thisTrialN,stimuliAXbmixsec.thisN,stimuliAXbmixsec.thisIndex,stimuliAXbmixsec.ran,kaffeepause.started,kaffeepause.stopped,kaffeepausekey_resp.keys,kaffeepausekey_resp.rt,kaffeepausekey_resp.duration,instTAFCtest.started,instTAFCtest.stopped,instTAFCtestkey_resp.keys,instTAFCtestkey_resp.rt,instTAFCtestkey_resp.duration,testTAFCmixfirst.started,testTAFCmixfirst.stopped,testTAFCmixfirstkey_resp.keys,testTAFCmixfirstkey_resp.rt,testTAFCmixfirstkey_resp.duration,testTAFCmixfirsttrials.thisRepN,testTAFCmixfirsttrials.thisTrialN,testTAFCmixfirsttrials.thisN,testTAFCmixfirsttrials.thisIndex,testTAFCmixfirsttrials.ran,testTAFCmixfirst,testTAFCmixsec.started,testTAFCmixsec.stopped,testTAFCmixseckey_resp.keys,testTAFCmixseckey_resp.rt,testTAFCmixseckey_resp.duration,testTAFCmixsectrials.thisRepN,testTAFCmixsectrials.thisTrialN,testTAFCmixsectrials.thisN,testTAFCmixsectrials.thisIndex,testTAFCmixsectrials.ran,testTAFCmixsec,instTAFCreal.started,instTAFCreal.stopped,instTAFCrealkey_resp.keys,instTAFCrealkey_resp.rt,instTAFCrealkey_resp.duration,stimuliTAFCfirst.started,stimuliTAFCfirst.stopped,stimuliTAFCfirstkey_resp.keys,stimuliTAFCfirstkey_resp.rt,stimuliTAFCfirstkey_resp.duration,stimuliTAFCfirsttrials.thisRepN,stimuliTAFCfirsttrials.thisTrialN,stimuliTAFCfirsttrials.thisN,stimuliTAFCfirsttrials.thisIndex,stimuliTAFCfirsttrials.ran,stimuliTAFCfirst,stimuliTAFCsec.started,stimuliTAFCsec.stopped,stimuliTAFCseckey_resp.keys,stimuliTAFCseckey_resp.rt,stimuliTAFCseckey_resp.duration,stimuliTAFCsectrials.thisRepN,stimuliTAFCsectrials.thisTrialN,stimuliTAFCsectrials.thisN,stimuliTAFCsectrials.thisIndex,stimuliTAFCsectrials.ran,stimuliTAFCsec,end.started,end.stopped
0.003,12.563,space,12.23,,34,001,2024-05-28_13h22.34.547,mathesisv2,2024.1.3,MacIntel,58.41121495,,,,,,,,,,,,,,,,,,,,,,,,,,,,,,,,,,,,,,,,,,,,,,,,,,,,,,,,,,,,,,,,,,,,,,,,,,,,,,,,,,,,,,,,,,,,,,,,,,,,,,,
,,,,,34,001,2024-05-28_13h22.34.547,mathesisv2,2024.1.3,MacIntel,58.41121495,12.564,17.805,space,5.105,,,,,,,,,,,,,,,,,,,,,,,,,,,,,,,,,,,,,,,,,,,,,,,,,,,,,,,,,,,,,,,,,,,,,,,,,,,,,,,,,,,,,,,,,,,,,,,,,,,
,,,,,34,001,2024-05-28_13h22.34.547,mathesisv2,2024.1.3,MacIntel,58.41121495,,,,,,17.825,24.988,f,7.121,,0,0,0,1,1,stimuliAXBmix/iyystimulus.wav,f,,,,,,,,,,,,,,,,,,,,,,,,,,,,,,,,,,,,,,,,,,,,,,,,,,,,,,,,,,,,,,,,,,,,,,,,,,,,,,,,,,,,,,
,,,,,34,001,2024-05-28_13h22.34.547,mathesisv2,2024.1.3,MacIntel,58.41121495,,,,,,24.989,29.254,f,4.252,,0,1,1,2,1,stimuliAXBmix/yuustimulus.wav,f,,,,,,,,,,,,,,,,,,,,,,,,,,,,,,,,,,,,,,,,,,,,,,,,,,,,,,,,,,,,,,,,,,,,,,,,,,,,,,,,,,,,,,
,,,,,34,001,2024-05-28_13h22.34.547,mathesisv2,2024.1.3,MacIntel,58.41121495,,,,,,29.255,33.323,l,4.05,,0,2,2,3,1,stimuliAXBmix/yyustimulus.wav,l,,,,,,,,,,,,,,,,,,,,,,,,,,,,,,,,,,,,,,,,,,,,,,,,,,,,,,,,,,,,,,,,,,,,,,,,,,,,,,,,,,,,,,
,,,,,34,001,2024-05-28_13h22.34.547,mathesisv2,2024.1.3,MacIntel,58.41121495,,,,,,33.325,37.371,l,4.042,,0,3,3,0,1,stimuliAXBmix/iiystimulus.wav,l,,,,,,,,,,,,,,,,,,,,,,,,,,,,,,,,,,,,,,,,,,,,,,,,,,,,,,,,,,,,,,,,,,,,,,,,,,,,,,,,,,,,,,
,,,,,34,001,2024-05-28_13h22.34.547,mathesisv2,2024.1.3,MacIntel,58.41121495,,,,,,,,,,,,,,,,,,37.371,39.388,space,1.973,,,,,,,,,,,,,,,,,,,,,,,,,,,,,,,,,,,,,,,,,,,,,,,,,,,,,,,,,,,,,,,,,,,,,,,,,,,,,,,,,,
,,,,,34,001,2024-05-28_13h22.34.547,mathesisv2,2024.1.3,MacIntel,58.41121495,,,,,,,,,,,,,,,,,,,,,,,39.388,42.721,space,3.278,,,,,,,,,,,,,,,,,,,,,,,,,,,,,,,,,,,,,,,,,,,,,,,,,,,,,,,,,,,,,,,,,,,,,,,,,,,,,
,,,,,34,001,2024-05-28_13h22.34.547,mathesisv2,2024.1.3,MacIntel,58.41121495,,,,,,42.734,46.158,f,3.413,,,,,,,stimuliAXBmix/yuustimulus.wav,f,,,,,,,,,,,0,0,0,2,1,,,,,,,,,,,,,,,,,,,,,,,,,,,,,,,,,,,,,,,,,,,,,,,,,,,,,,,,,,,,,,,,,,,,,,,
,,,,,34,001,2024-05-28_13h22.34.547,mathesisv2,2024.1.3,MacIntel,58.41121495,,,,,,46.158,49.423,l,3.248,,,,,,,stimuliAXBmix/yyustimulus.wav,l,,,,,,,,,,,0,1,1,3,1,,,,,,,,,,,,,,,,,,,,,,,,,,,,,,,,,,,,,,,,,,,,,,,,,,,,,,,,,,,,,,,,,,,,,,,
,,,,,34,001,2024-05-28_13h22.34.547,mathesisv2,2024.1.3,MacIntel,58.41121495,,,,,,49.424,54.357,l,4.916,,,,,,,stimuliAXBmix/iiystimulus.wav,l,,,,,,,,,,,0,2,2,0,1,,,,,,,,,,,,,,,,,,,,,,,,,,,,,,,,,,,,,,,,,,,,,,,,,,,,,,,,,,,,,,,,,,,,,,,
,,,,,34,001,2024-05-28_13h22.34.547,mathesisv2,2024.1.3,MacIntel,58.41121495,,,,,,54.362,58.471,f,4.093,,,,,,,stimuliAXBmix/iyystimulus.wav,f,,,,,,,,,,,0,3,3,1,1,,,,,,,,,,,,,,,,,,,,,,,,,,,,,,,,,,,,,,,,,,,,,,,,,,,,,,,,,,,,,,,,,,,,,,,
,,,,,34,001,2024-05-28_13h22.34.547,mathesisv2,2024.1.3,MacIntel,58.41121495,,,,,,58.472,61.824,f,3.347,,,,,,,stimuliAXBmix/iyystimulus.wav,f,,,,,,,,,,,1,0,4,1,1,,,,,,,,,,,,,,,,,,,,,,,,,,,,,,,,,,,,,,,,,,,,,,,,,,,,,,,,,,,,,,,,,,,,,,,
,,,,,34,001,2024-05-28_13h22.34.547,mathesisv2,2024.1.3,MacIntel,58.41121495,,,,,,61.824,65.339,l,3.509,,,,,,,stimuliAXBmix/iiystimulus.wav,l,,,,,,,,,,,1,1,5,0,1,,,,,,,,,,,,,,,,,,,,,,,,,,,,,,,,,,,,,,,,,,,,,,,,,,,,,,,,,,,,,,,,,,,,,,,
,,,,,34,001,2024-05-28_13h22.34.547,mathesisv2,2024.1.3,MacIntel,58.41121495,,,,,,65.34,69.205,f,3.861,,,,,,,stimuliAXBmix/yuustimulus.wav,f,,,,,,,,,,,1,2,6,2,1,,,,,,,,,,,,,,,,,,,,,,,,,,,,,,,,,,,,,,,,,,,,,,,,,,,,,,,,,,,,,,,,,,,,,,,
,,,,,34,001,2024-05-28_13h22.34.547,mathesisv2,2024.1.3,MacIntel,58.41121495,,,,,,69.206,72.588,l,3.374,,,,,,,stimuliAXBmix/yyustimulus.wav,l,,,,,,,,,,,1,3,7,3,1,,,,,,,,,,,,,,,,,,,,,,,,,,,,,,,,,,,,,,,,,,,,,,,,,,,,,,,,,,,,,,,,,,,,,,,
,,,,,34,001,2024-05-28_13h22.34.547,mathesisv2,2024.1.3,MacIntel,58.41121495,,,,,,72.588,75.988,l,3.395,,,,,,,stimuliAXBmix/iiystimulus.wav,l,,,,,,,,,,,2,0,8,0,1,,,,,,,,,,,,,,,,,,,,,,,,,,,,,,,,,,,,,,,,,,,,,,,,,,,,,,,,,,,,,,,,,,,,,,,
,,,,,34,001,2024-05-28_13h22.34.547,mathesisv2,2024.1.3,MacIntel,58.41121495,,,,,,75.989,79.555,l,3.56,,,,,,,stimuliAXBmix/yyustimulus.wav,l,,,,,,,,,,,2,1,9,3,1,,,,,,,,,,,,,,,,,,,,,,,,,,,,,,,,,,,,,,,,,,,,,,,,,,,,,,,,,,,,,,,,,,,,,,,
,,,,,34,001,2024-05-28_13h22.34.547,mathesisv2,2024.1.3,MacIntel,58.41121495,,,,,,79.556,83.405,f,3.844,,,,,,,stimuliAXBmix/yuustimulus.wav,f,,,,,,,,,,,2,2,10,2,1,,,,,,,,,,,,,,,,,,,,,,,,,,,,,,,,,,,,,,,,,,,,,,,,,,,,,,,,,,,,,,,,,,,,,,,
,,,,,34,001,2024-05-28_13h22.34.547,mathesisv2,2024.1.3,MacIntel,58.41121495,,,,,,83.407,88.079,f,4.653,,,,,,,stimuliAXBmix/iyystimulus.wav,f,,,,,,,,,,,2,3,11,1,1,,,,,,,,,,,,,,,,,,,,,,,,,,,,,,,,,,,,,,,,,,,,,,,,,,,,,,,,,,,,,,,,,,,,,,,
,,,,,34,001,2024-05-28_13h22.34.547,mathesisv2,2024.1.3,MacIntel,58.41121495,,,,,,89.957,93.721,f,3.758,,,,,,,stimuliAXBmix/iyystimulus.wav,f,,,,,,,,,,,,,,,,88.079,89.939,return,1.83,,0,0,0,1,1,,,,,,,,,,,,,,,,,,,,,,,,,,,,,,,,,,,,,,,,,,,,,,,,,,,,,,,,,,,,,
,,,,,34,001,2024-05-28_13h22.34.547,mathesisv2,2024.1.3,MacIntel,58.41121495,,,,,,93.722,97.239,f,3.503,,,,,,,stimuliAXBmix/yuustimulus.wav,f,,,,,,,,,,,,,,,,,,,,,0,1,1,2,1,,,,,,,,,,,,,,,,,,,,,,,,,,,,,,,,,,,,,,,,,,,,,,,,,,,,,,,,,,,,,
,,,,,34,001,2024-05-28_13h22.34.547,mathesisv2,2024.1.3,MacIntel,58.41121495,,,,,,97.24,100.988,l,3.739,,,,,,,stimuliAXBmix/iiystimulus.wav,l,,,,,,,,,,,,,,,,,,,,,0,2,2,0,1,,,,,,,,,,,,,,,,,,,,,,,,,,,,,,,,,,,,,,,,,,,,,,,,,,,,,,,,,,,,,
,,,,,34,001,2024-05-28_13h22.34.547,mathesisv2,2024.1.3,MacIntel,58.41121495,,,,,,100.99,104.623,l,3.626,,,,,,,stimuliAXBmix/yyustimulus.wav,l,,,,,,,,,,,,,,,,,,,,,0,3,3,3,1,,,,,,,,,,,,,,,,,,,,,,,,,,,,,,,,,,,,,,,,,,,,,,,,,,,,,,,,,,,,,
,,,,,34,001,2024-05-28_13h22.34.547,mathesisv2,2024.1.3,MacIntel,58.41121495,,,,,,104.623,108.456,l,3.817,,,,,,,stimuliAXBmix/yyustimulus.wav,l,,,,,,,,,,,,,,,,,,,,,1,0,4,3,1,,,,,,,,,,,,,,,,,,,,,,,,,,,,,,,,,,,,,,,,,,,,,,,,,,,,,,,,,,,,,
,,,,,34,001,2024-05-28_13h22.34.547,mathesisv2,2024.1.3,MacIntel,58.41121495,,,,,,108.457,112.373,f,3.904,,,,,,,stimuliAXBmix/iyystimulus.wav,f,,,,,,,,,,,,,,,,,,,,,1,1,5,1,1,,,,,,,,,,,,,,,,,,,,,,,,,,,,,,,,,,,,,,,,,,,,,,,,,,,,,,,,,,,,,
,,,,,34,001,2024-05-28_13h22.34.547,mathesisv2,2024.1.3,MacIntel,58.41121495,,,,,,112.375,116.256,l,3.869,,,,,,,stimuliAXBmix/iiystimulus.wav,l,,,,,,,,,,,,,,,,,,,,,1,2,6,0,1,,,,,,,,,,,,,,,,,,,,,,,,,,,,,,,,,,,,,,,,,,,,,,,,,,,,,,,,,,,,,
,,,,,34,001,2024-05-28_13h22.34.547,mathesisv2,2024.1.3,MacIntel,58.41121495,,,,,,116.257,119.94,l,3.677,,,,,,,stimuliAXBmix/yuustimulus.wav,f,,,,,,,,,,,,,,,,,,,,,1,3,7,2,1,,,,,,,,,,,,,,,,,,,,,,,,,,,,,,,,,,,,,,,,,,,,,,,,,,,,,,,,,,,,,
,,,,,34,001,2024-05-28_13h22.34.547,mathesisv2,2024.1.3,MacIntel,58.41121495,,,,,,127.997,131.956,f,3.947,,,,,,,stimuliAXBmix/iyystimulus.wav,f,,,,,,,,,,,0,0,0,1,1,,,,,,,,,,,119.94,127.975,space,7.994,,,,,,,,,,,,,,,,,,,,,,,,,,,,,,,,,,,,,,,,,,,,,,,,,,,,,,,,,
,,,,,34,001,2024-05-28_13h22.34.547,mathesisv2,2024.1.3,MacIntel,58.41121495,,,,,,131.957,136.605,l,4.641,,,,,,,stimuliAXBmix/iiystimulus.wav,l,,,,,,,,,,,0,1,1,0,1,,,,,,,,,,,,,,,,,,,,,,,,,,,,,,,,,,,,,,,,,,,,,,,,,,,,,,,,,,,,,,,,,,,,,,,
,,,,,34,001,2024-05-28_13h22.34.547,mathesisv2,2024.1.3,MacIntel,58.41121495,,,,,,136.606,140.59,f,3.969,,,,,,,stimuliAXBmix/yuustimulus.wav,f,,,,,,,,,,,0,2,2,2,1,,,,,,,,,,,,,,,,,,,,,,,,,,,,,,,,,,,,,,,,,,,,,,,,,,,,,,,,,,,,,,,,,,,,,,,
,,,,,34,001,2024-05-28_13h22.34.547,mathesisv2,2024.1.3,MacIntel,58.41121495,,,,,,140.591,144.023,l,3.418,,,,,,,stimuliAXBmix/yyustimulus.wav,l,,,,,,,,,,,0,3,3,3,1,,,,,,,,,,,,,,,,,,,,,,,,,,,,,,,,,,,,,,,,,,,,,,,,,,,,,,,,,,,,,,,,,,,,,,,
,,,,,34,001,2024-05-28_13h22.34.547,mathesisv2,2024.1.3,MacIntel,58.41121495,,,,,,144.025,147.923,f,3.886,,,,,,,stimuliAXBmix/iyystimulus.wav,f,,,,,,,,,,,1,0,4,1,1,,,,,,,,,,,,,,,,,,,,,,,,,,,,,,,,,,,,,,,,,,,,,,,,,,,,,,,,,,,,,,,,,,,,,,,
,,,,,34,001,2024-05-28_13h22.34.547,mathesisv2,2024.1.3,MacIntel,58.41121495,,,,,,147.924,151.341,l,3.412,,,,,,,stimuliAXBmix/iiystimulus.wav,l,,,,,,,,,,,1,1,5,0,1,,,,,,,,,,,,,,,,,,,,,,,,,,,,,,,,,,,,,,,,,,,,,,,,,,,,,,,,,,,,,,,,,,,,,,,
,,,,,34,001,2024-05-28_13h22.34.547,mathesisv2,2024.1.3,MacIntel,58.41121495,,,,,,151.343,154.908,f,3.557,,,,,,,stimuliAXBmix/yuustimulus.wav,f,,,,,,,,,,,1,2,6,2,1,,,,,,,,,,,,,,,,,,,,,,,,,,,,,,,,,,,,,,,,,,,,,,,,,,,,,,,,,,,,,,,,,,,,,,,
,,,,,34,001,2024-05-28_13h22.34.547,mathesisv2,2024.1.3,MacIntel,58.41121495,,,,,,154.911,158.323,l,3.399,,,,,,,stimuliAXBmix/yyustimulus.wav,l,,,,,,,,,,,1,3,7,3,1,,,,,,,,,,,,,,,,,,,,,,,,,,,,,,,,,,,,,,,,,,,,,,,,,,,,,,,,,,,,,,,,,,,,,,,
,,,,,34,001,2024-05-28_13h22.34.547,mathesisv2,2024.1.3,MacIntel,58.41121495,,,,,,158.325,161.79,f,3.449,,,,,,,stimuliAXBmix/yuustimulus.wav,f,,,,,,,,,,,2,0,8,2,1,,,,,,,,,,,,,,,,,,,,,,,,,,,,,,,,,,,,,,,,,,,,,,,,,,,,,,,,,,,,,,,,,,,,,,,
,,,,,34,001,2024-05-28_13h22.34.547,mathesisv2,2024.1.3,MacIntel,58.41121495,,,,,,161.792,165.423,l,3.619,,,,,,,stimuliAXBmix/iiystimulus.wav,l,,,,,,,,,,,2,1,9,0,1,,,,,,,,,,,,,,,,,,,,,,,,,,,,,,,,,,,,,,,,,,,,,,,,,,,,,,,,,,,,,,,,,,,,,,,
,,,,,34,001,2024-05-28_13h22.34.547,mathesisv2,2024.1.3,MacIntel,58.41121495,,,,,,165.426,168.976,l,3.545,,,,,,,stimuliAXBmix/yyustimulus.wav,l,,,,,,,,,,,2,2,10,3,1,,,,,,,,,,,,,,,,,,,,,,,,,,,,,,,,,,,,,,,,,,,,,,,,,,,,,,,,,,,,,,,,,,,,,,,
,,,,,34,001,2024-05-28_13h22.34.547,mathesisv2,2024.1.3,MacIntel,58.41121495,,,,,,168.98,172.673,f,3.687,,,,,,,stimuliAXBmix/iyystimulus.wav,f,,,,,,,,,,,2,3,11,1,1,,,,,,,,,,,,,,,,,,,,,,,,,,,,,,,,,,,,,,,,,,,,,,,,,,,,,,,,,,,,,,,,,,,,,,,
,,,,,34,001,2024-05-28_13h22.34.547,mathesisv2,2024.1.3,MacIntel,58.41121495,,,,,,174.406,177.874,f,3.458,,,,,,,stimuliAXBmix/yuustimulus.wav,f,,,,,,,,,,,,,,,,172.673,174.391,return,1.684,,0,0,0,2,1,,,,,,,,,,,,,,,,,,,,,,,,,,,,,,,,,,,,,,,,,,,,,,,,,,,,,,,,,,,,,
,,,,,34,001,2024-05-28_13h22.34.547,mathesisv2,2024.1.3,MacIntel,58.41121495,,,,,,177.875,181.291,l,3.403,,,,,,,stimuliAXBmix/yyustimulus.wav,l,,,,,,,,,,,,,,,,,,,,,0,1,1,3,1,,,,,,,,,,,,,,,,,,,,,,,,,,,,,,,,,,,,,,,,,,,,,,,,,,,,,,,,,,,,,
,,,,,34,001,2024-05-28_13h22.34.547,mathesisv2,2024.1.3,MacIntel,58.41121495,,,,,,181.293,184.725,l,3.416,,,,,,,stimuliAXBmix/iiystimulus.wav,l,,,,,,,,,,,,,,,,,,,,,0,2,2,0,1,,,,,,,,,,,,,,,,,,,,,,,,,,,,,,,,,,,,,,,,,,,,,,,,,,,,,,,,,,,,,
,,,,,34,001,2024-05-28_13h22.34.547,mathesisv2,2024.1.3,MacIntel,58.41121495,,,,,,184.726,188.04,f,3.302,,,,,,,stimuliAXBmix/iyystimulus.wav,f,,,,,,,,,,,,,,,,,,,,,0,3,3,1,1,,,,,,,,,,,,,,,,,,,,,,,,,,,,,,,,,,,,,,,,,,,,,,,,,,,,,,,,,,,,,
,,,,,34,001,2024-05-28_13h22.34.547,mathesisv2,2024.1.3,MacIntel,58.41121495,,,,,,188.043,191.375,l,3.319,,,,,,,stimuliAXBmix/iiystimulus.wav,l,,,,,,,,,,,,,,,,,,,,,1,0,4,0,1,,,,,,,,,,,,,,,,,,,,,,,,,,,,,,,,,,,,,,,,,,,,,,,,,,,,,,,,,,,,,
,,,,,34,001,2024-05-28_13h22.34.547,mathesisv2,2024.1.3,MacIntel,58.41121495,,,,,,191.376,194.76,f,3.377,,,,,,,stimuliAXBmix/yuustimulus.wav,f,,,,,,,,,,,,,,,,,,,,,1,1,5,2,1,,,,,,,,,,,,,,,,,,,,,,,,,,,,,,,,,,,,,,,,,,,,,,,,,,,,,,,,,,,,,
,,,,,34,001,2024-05-28_13h22.34.547,mathesisv2,2024.1.3,MacIntel,58.41121495,,,,,,194.761,199.14,l,4.364,,,,,,,stimuliAXBmix/yyustimulus.wav,l,,,,,,,,,,,,,,,,,,,,,1,2,6,3,1,,,,,,,,,,,,,,,,,,,,,,,,,,,,,,,,,,,,,,,,,,,,,,,,,,,,,,,,,,,,,
,,,,,34,001,2024-05-28_13h22.34.547,mathesisv2,2024.1.3,MacIntel,58.41121495,,,,,,199.142,202.857,f,3.698,,,,,,,stimuliAXBmix/iyystimulus.wav,f,,,,,,,,,,,,,,,,,,,,,1,3,7,1,1,,,,,,,,,,,,,,,,,,,,,,,,,,,,,,,,,,,,,,,,,,,,,,,,,,,,,,,,,,,,,
,,,,,34,001,2024-05-28_13h22.34.547,mathesisv2,2024.1.3,MacIntel,58.41121495,,,,,,211.205,214.775,l,3.563,,,,,,,stimuliAXBmix/yyustimulus.wav,l,,,,,,,,,,,0,0,0,3,1,,,,,,,,,,,202.858,211.19,space,8.3,,,,,,,,,,,,,,,,,,,,,,,,,,,,,,,,,,,,,,,,,,,,,,,,,,,,,,,,,
,,,,,34,001,2024-05-28_13h22.34.547,mathesisv2,2024.1.3,MacIntel,58.41121495,,,,,,214.777,218.059,f,3.272,,,,,,,stimuliAXBmix/yuustimulus.wav,f,,,,,,,,,,,0,1,1,2,1,,,,,,,,,,,,,,,,,,,,,,,,,,,,,,,,,,,,,,,,,,,,,,,,,,,,,,,,,,,,,,,,,,,,,,,
,,,,,34,001,2024-05-28_13h22.34.547,mathesisv2,2024.1.3,MacIntel,58.41121495,,,,,,218.062,221.608,l,3.531,,,,,,,stimuliAXBmix/iiystimulus.wav,l,,,,,,,,,,,0,2,2,0,1,,,,,,,,,,,,,,,,,,,,,,,,,,,,,,,,,,,,,,,,,,,,,,,,,,,,,,,,,,,,,,,,,,,,,,,
,,,,,34,001,2024-05-28_13h22.34.547,mathesisv2,2024.1.3,MacIntel,58.41121495,,,,,,221.609,225.024,f,3.4,,,,,,,stimuliAXBmix/iyystimulus.wav,f,,,,,,,,,,,0,3,3,1,1,,,,,,,,,,,,,,,,,,,,,,,,,,,,,,,,,,,,,,,,,,,,,,,,,,,,,,,,,,,,,,,,,,,,,,,
,,,,,34,001,2024-05-28_13h22.34.547,mathesisv2,2024.1.3,MacIntel,58.41121495,,,,,,225.025,228.426,f,3.387,,,,,,,stimuliAXBmix/iyystimulus.wav,f,,,,,,,,,,,1,0,4,1,1,,,,,,,,,,,,,,,,,,,,,,,,,,,,,,,,,,,,,,,,,,,,,,,,,,,,,,,,,,,,,,,,,,,,,,,
,,,,,34,001,2024-05-28_13h22.34.547,mathesisv2,2024.1.3,MacIntel,58.41121495,,,,,,228.428,231.791,l,3.35,,,,,,,stimuliAXBmix/iiystimulus.wav,l,,,,,,,,,,,1,1,5,0,1,,,,,,,,,,,,,,,,,,,,,,,,,,,,,,,,,,,,,,,,,,,,,,,,,,,,,,,,,,,,,,,,,,,,,,,
,,,,,34,001,2024-05-28_13h22.34.547,mathesisv2,2024.1.3,MacIntel,58.41121495,,,,,,231.793,235.224,l,3.415,,,,,,,stimuliAXBmix/yyustimulus.wav,l,,,,,,,,,,,1,2,6,3,1,,,,,,,,,,,,,,,,,,,,,,,,,,,,,,,,,,,,,,,,,,,,,,,,,,,,,,,,,,,,,,,,,,,,,,,
,,,,,34,001,2024-05-28_13h22.34.547,mathesisv2,2024.1.3,MacIntel,58.41121495,,,,,,235.225,238.758,f,3.528,,,,,,,stimuliAXBmix/yuustimulus.wav,f,,,,,,,,,,,1,3,7,2,1,,,,,,,,,,,,,,,,,,,,,,,,,,,,,,,,,,,,,,,,,,,,,,,,,,,,,,,,,,,,,,,,,,,,,,,
,,,,,34,001,2024-05-28_13h22.34.547,mathesisv2,2024.1.3,MacIntel,58.41121495,,,,,,238.759,242.563,l,3.784,,,,,,,stimuliAXBmix/yyustimulus.wav,l,,,,,,,,,,,2,0,8,3,1,,,,,,,,,,,,,,,,,,,,,,,,,,,,,,,,,,,,,,,,,,,,,,,,,,,,,,,,,,,,,,,,,,,,,,,
,,,,,34,001,2024-05-28_13h22.34.547,mathesisv2,2024.1.3,MacIntel,58.41121495,,,,,,242.563,245.958,f,3.391,,,,,,,stimuliAXBmix/iyystimulus.wav,f,,,,,,,,,,,2,1,9,1,1,,,,,,,,,,,,,,,,,,,,,,,,,,,,,,,,,,,,,,,,,,,,,,,,,,,,,,,,,,,,,,,,,,,,,,,
,,,,,34,001,2024-05-28_13h22.34.547,mathesisv2,2024.1.3,MacIntel,58.41121495,,,,,,245.958,249.325,f,3.362,,,,,,,stimuliAXBmix/yuustimulus.wav,f,,,,,,,,,,,2,2,10,2,1,,,,,,,,,,,,,,,,,,,,,,,,,,,,,,,,,,,,,,,,,,,,,,,,,,,,,,,,,,,,,,,,,,,,,,,
,,,,,34,001,2024-05-28_13h22.34.547,mathesisv2,2024.1.3,MacIntel,58.41121495,,,,,,249.326,252.795,l,3.454,,,,,,,stimuliAXBmix/iiystimulus.wav,l,,,,,,,,,,,2,3,11,0,1,,,,,,,,,,,,,,,,,,,,,,,,,,,,,,,,,,,,,,,,,,,,,,,,,,,,,,,,,,,,,,,,,,,,,,,
,,,,,34,001,2024-05-28_13h22.34.547,mathesisv2,2024.1.3,MacIntel,58.41121495,,,,,,254.421,257.793,f,3.358,,,,,,,stimuliAXBmix/yuustimulus.wav,f,,,,,,,,,,,,,,,,252.796,254.408,return,1.582,,0,0,0,2,1,,,,,,,,,,,,,,,,,,,,,,,,,,,,,,,,,,,,,,,,,,,,,,,,,,,,,,,,,,,,,
,,,,,34,001,2024-05-28_13h22.34.547,mathesisv2,2024.1.3,MacIntel,58.41121495,,,,,,257.795,261.193,l,3.381,,,,,,,stimuliAXBmix/yyustimulus.wav,l,,,,,,,,,,,,,,,,,,,,,0,1,1,3,1,,,,,,,,,,,,,,,,,,,,,,,,,,,,,,,,,,,,,,,,,,,,,,,,,,,,,,,,,,,,,
,,,,,34,001,2024-05-28_13h22.34.547,mathesisv2,2024.1.3,MacIntel,58.41121495,,,,,,261.194,264.709,l,3.501,,,,,,,stimuliAXBmix/iiystimulus.wav,l,,,,,,,,,,,,,,,,,,,,,0,2,2,0,1,,,,,,,,,,,,,,,,,,,,,,,,,,,,,,,,,,,,,,,,,,,,,,,,,,,,,,,,,,,,,
,,,,,34,001,2024-05-28_13h22.34.547,mathesisv2,2024.1.3,MacIntel,58.41121495,,,,,,264.71,268.107,f,3.383,,,,,,,stimuliAXBmix/iyystimulus.wav,f,,,,,,,,,,,,,,,,,,,,,0,3,3,1,1,,,,,,,,,,,,,,,,,,,,,,,,,,,,,,,,,,,,,,,,,,,,,,,,,,,,,,,,,,,,,
,,,,,34,001,2024-05-28_13h22.34.547,mathesisv2,2024.1.3,MacIntel,58.41121495,,,,,,268.109,271.443,l,3.32,,,,,,,stimuliAXBmix/yyustimulus.wav,l,,,,,,,,,,,,,,,,,,,,,1,0,4,3,1,,,,,,,,,,,,,,,,,,,,,,,,,,,,,,,,,,,,,,,,,,,,,,,,,,,,,,,,,,,,,
,,,,,34,001,2024-05-28_13h22.34.547,mathesisv2,2024.1.3,MacIntel,58.41121495,,,,,,271.444,274.992,f,3.538,,,,,,,stimuliAXBmix/iyystimulus.wav,f,,,,,,,,,,,,,,,,,,,,,1,1,5,1,1,,,,,,,,,,,,,,,,,,,,,,,,,,,,,,,,,,,,,,,,,,,,,,,,,,,,,,,,,,,,,
,,,,,34,001,2024-05-28_13h22.34.547,mathesisv2,2024.1.3,MacIntel,58.41121495,,,,,,274.996,278.359,f,3.349,,,,,,,stimuliAXBmix/yuustimulus.wav,f,,,,,,,,,,,,,,,,,,,,,1,2,6,2,1,,,,,,,,,,,,,,,,,,,,,,,,,,,,,,,,,,,,,,,,,,,,,,,,,,,,,,,,,,,,,
,,,,,34,001,2024-05-28_13h22.34.547,mathesisv2,2024.1.3,MacIntel,58.41121495,,,,,,278.36,281.781,l,3.416,,,,,,,stimuliAXBmix/iiystimulus.wav,l,,,,,,,,,,,,,,,,,,,,,1,3,7,0,1,,,,,,,,,,,,,,,,,,,,,,,,,,,,,,,,,,,,,,,,,,,,,,,,,,,,,,,,,,,,,
,,,,,34,001,2024-05-28_13h22.34.547,mathesisv2,2024.1.3,MacIntel,58.41121495,,,,,,287.796,291.193,l,3.382,,,,,,,stimuliAXBmix/iiystimulus.wav,l,,,,,,,,,,,0,0,0,0,1,,,,,,,,,,,281.782,287.777,space,5.968,,,,,,,,,,,,,,,,,,,,,,,,,,,,,,,,,,,,,,,,,,,,,,,,,,,,,,,,,
,,,,,34,001,2024-05-28_13h22.34.547,mathesisv2,2024.1.3,MacIntel,58.41121495,,,,,,291.195,294.542,f,3.332,,,,,,,stimuliAXBmix/iyystimulus.wav,f,,,,,,,,,,,0,1,1,1,1,,,,,,,,,,,,,,,,,,,,,,,,,,,,,,,,,,,,,,,,,,,,,,,,,,,,,,,,,,,,,,,,,,,,,,,
,,,,,34,001,2024-05-28_13h22.34.547,mathesisv2,2024.1.3,MacIntel,58.41121495,,,,,,294.544,297.927,f,3.377,,,,,,,stimuliAXBmix/yuustimulus.wav,f,,,,,,,,,,,0,2,2,2,1,,,,,,,,,,,,,,,,,,,,,,,,,,,,,,,,,,,,,,,,,,,,,,,,,,,,,,,,,,,,,,,,,,,,,,,
,,,,,34,001,2024-05-28_13h22.34.547,mathesisv2,2024.1.3,MacIntel,58.41121495,,,,,,297.927,301.21,l,3.276,,,,,,,stimuliAXBmix/yyustimulus.wav,l,,,,,,,,,,,0,3,3,3,1,,,,,,,,,,,,,,,,,,,,,,,,,,,,,,,,,,,,,,,,,,,,,,,,,,,,,,,,,,,,,,,,,,,,,,,
,,,,,34,001,2024-05-28_13h22.34.547,mathesisv2,2024.1.3,MacIntel,58.41121495,,,,,,301.21,304.509,l,3.294,,,,,,,stimuliAXBmix/yyustimulus.wav,l,,,,,,,,,,,1,0,4,3,1,,,,,,,,,,,,,,,,,,,,,,,,,,,,,,,,,,,,,,,,,,,,,,,,,,,,,,,,,,,,,,,,,,,,,,,
,,,,,34,001,2024-05-28_13h22.34.547,mathesisv2,2024.1.3,MacIntel,58.41121495,,,,,,304.51,307.993,f,3.47,,,,,,,stimuliAXBmix/iyystimulus.wav,f,,,,,,,,,,,1,1,5,1,1,,,,,,,,,,,,,,,,,,,,,,,,,,,,,,,,,,,,,,,,,,,,,,,,,,,,,,,,,,,,,,,,,,,,,,,
,,,,,34,001,2024-05-28_13h22.34.547,mathesisv2,2024.1.3,MacIntel,58.41121495,,,,,,307.994,311.342,f,3.335,,,,,,,stimuliAXBmix/yuustimulus.wav,f,,,,,,,,,,,1,2,6,2,1,,,,,,,,,,,,,,,,,,,,,,,,,,,,,,,,,,,,,,,,,,,,,,,,,,,,,,,,,,,,,,,,,,,,,,,
,,,,,34,001,2024-05-28_13h22.34.547,mathesisv2,2024.1.3,MacIntel,58.41121495,,,,,,311.342,314.843,l,3.495,,,,,,,stimuliAXBmix/iiystimulus.wav,l,,,,,,,,,,,1,3,7,0,1,,,,,,,,,,,,,,,,,,,,,,,,,,,,,,,,,,,,,,,,,,,,,,,,,,,,,,,,,,,,,,,,,,,,,,,
,,,,,34,001,2024-05-28_13h22.34.547,mathesisv2,2024.1.3,MacIntel,58.41121495,,,,,,314.844,318.293,f,3.439,,,,,,,stimuliAXBmix/yuustimulus.wav,f,,,,,,,,,,,2,0,8,2,1,,,,,,,,,,,,,,,,,,,,,,,,,,,,,,,,,,,,,,,,,,,,,,,,,,,,,,,,,,,,,,,,,,,,,,,
,,,,,34,001,2024-05-28_13h22.34.547,mathesisv2,2024.1.3,MacIntel,58.41121495,,,,,,318.296,321.775,l,3.474,,,,,,,stimuliAXBmix/yyustimulus.wav,l,,,,,,,,,,,2,1,9,3,1,,,,,,,,,,,,,,,,,,,,,,,,,,,,,,,,,,,,,,,,,,,,,,,,,,,,,,,,,,,,,,,,,,,,,,,
,,,,,34,001,2024-05-28_13h22.34.547,mathesisv2,2024.1.3,MacIntel,58.41121495,,,,,,321.776,325.208,l,3.417,,,,,,,stimuliAXBmix/iiystimulus.wav,l,,,,,,,,,,,2,2,10,0,1,,,,,,,,,,,,,,,,,,,,,,,,,,,,,,,,,,,,,,,,,,,,,,,,,,,,,,,,,,,,,,,,,,,,,,,
,,,,,34,001,2024-05-28_13h22.34.547,mathesisv2,2024.1.3,MacIntel,58.41121495,,,,,,325.209,328.759,f,3.534,,,,,,,stimuliAXBmix/iyystimulus.wav,f,,,,,,,,,,,2,3,11,1,1,,,,,,,,,,,,,,,,,,,,,,,,,,,,,,,,,,,,,,,,,,,,,,,,,,,,,,,,,,,,,,,,,,,,,,,
,,,,,34,001,2024-05-28_13h22.34.547,mathesisv2,2024.1.3,MacIntel,58.41121495,,,,,,330.644,334.159,f,3.51,,,,,,,stimuliAXBmix/iyystimulus.wav,f,,,,,,,,,,,,,,,,328.76,330.627,return,1.826,,0,0,0,1,1,,,,,,,,,,,,,,,,,,,,,,,,,,,,,,,,,,,,,,,,,,,,,,,,,,,,,,,,,,,,,
,,,,,34,001,2024-05-28_13h22.34.547,mathesisv2,2024.1.3,MacIntel,58.41121495,,,,,,334.159,337.577,f,3.402,,,,,,,stimuliAXBmix/yuustimulus.wav,f,,,,,,,,,,,,,,,,,,,,,0,1,1,2,1,,,,,,,,,,,,,,,,,,,,,,,,,,,,,,,,,,,,,,,,,,,,,,,,,,,,,,,,,,,,,
,,,,,34,001,2024-05-28_13h22.34.547,mathesisv2,2024.1.3,MacIntel,58.41121495,,,,,,337.578,337.793,f,0.198,,,,,,,stimuliAXBmix/yyustimulus.wav,l,,,,,,,,,,,,,,,,,,,,,0,2,2,3,1,,,,,,,,,,,,,,,,,,,,,,,,,,,,,,,,,,,,,,,,,,,,,,,,,,,,,,,,,,,,,
,,,,,34,001,2024-05-28_13h22.34.547,mathesisv2,2024.1.3,MacIntel,58.41121495,,,,,,337.794,341.11,l,3.311,,,,,,,stimuliAXBmix/iiystimulus.wav,l,,,,,,,,,,,,,,,,,,,,,0,3,3,0,1,,,,,,,,,,,,,,,,,,,,,,,,,,,,,,,,,,,,,,,,,,,,,,,,,,,,,,,,,,,,,
,,,,,34,001,2024-05-28_13h22.34.547,mathesisv2,2024.1.3,MacIntel,58.41121495,,,,,,341.112,344.643,l,3.527,,,,,,,stimuliAXBmix/yyustimulus.wav,l,,,,,,,,,,,,,,,,,,,,,1,0,4,3,1,,,,,,,,,,,,,,,,,,,,,,,,,,,,,,,,,,,,,,,,,,,,,,,,,,,,,,,,,,,,,
,,,,,34,001,2024-05-28_13h22.34.547,mathesisv2,2024.1.3,MacIntel,58.41121495,,,,,,344.644,344.876,l,0.225,,,,,,,stimuliAXBmix/iyystimulus.wav,f,,,,,,,,,,,,,,,,,,,,,1,1,5,1,1,,,,,,,,,,,,,,,,,,,,,,,,,,,,,,,,,,,,,,,,,,,,,,,,,,,,,,,,,,,,,
,,,,,34,001,2024-05-28_13h22.34.547,mathesisv2,2024.1.3,MacIntel,58.41121495,,,,,,344.877,348.278,f,3.398,,,,,,,stimuliAXBmix/yuustimulus.wav,f,,,,,,,,,,,,,,,,,,,,,1,2,6,2,1,,,,,,,,,,,,,,,,,,,,,,,,,,,,,,,,,,,,,,,,,,,,,,,,,,,,,,,,,,,,,
,,,,,34,001,2024-05-28_13h22.34.547,mathesisv2,2024.1.3,MacIntel,58.41121495,,,,,,348.279,352.327,l,4.043,,,,,,,stimuliAXBmix/iiystimulus.wav,l,,,,,,,,,,,,,,,,,,,,,1,3,7,0,1,,,,,,,,,,,,,,,,,,,,,,,,,,,,,,,,,,,,,,,,,,,,,,,,,,,,,,,,,,,,,
,,,,,34,001,2024-05-28_13h22.34.547,mathesisv2,2024.1.3,MacIntel,58.41121495,,,,,,,,,,,,,,,,,,,,,,,,,,,,,,,,,,,,,,,,,,,352.328,361.777,space,9.423,,361.777,375.411,space,13.571,,,,,,,,,,,,,,,,,,,,,,,,,,,,,,,,,,,,,,,,,,,,,,,,,,,,
,,,,,34,001,2024-05-28_13h22.34.547,mathesisv2,2024.1.3,MacIntel,58.41121495,,,,,,,,,,,,,,,,,,,,,,,,,,,,,,,,,,,,,,,,,,,,,,,,,,,,,375.43,378.709,y,3.244,,0,0,0,2,1,testTAFCmixfirst/nimnym006.wav,,,,,,,,,,,,,,,,,,,,,,,,,,,,,,,,,,,,,,,,
,,,,,34,001,2024-05-28_13h22.34.547,mathesisv2,2024.1.3,MacIntel,58.41121495,,,,,,,,,,,,,,,,,,,,,,,,,,,,,,,,,,,,,,,,,,,,,,,,,,,,,378.71,381.146,e,2.429,,0,1,1,1,1,testTAFCmixfirst/nimnym002.wav,,,,,,,,,,,,,,,,,,,,,,,,,,,,,,,,,,,,,,,,
,,,,,34,001,2024-05-28_13h22.34.547,mathesisv2,2024.1.3,MacIntel,58.41121495,,,,,,,,,,,,,,,,,,,,,,,,,,,,,,,,,,,,,,,,,,,,,,,,,,,,,381.148,383.146,e,1.981,,0,2,2,0,1,testTAFCmixfirst/nimnym001.wav,,,,,,,,,,,,,,,,,,,,,,,,,,,,,,,,,,,,,,,,
,,,,,34,001,2024-05-28_13h22.34.547,mathesisv2,2024.1.3,MacIntel,58.41121495,,,,,,,,,,,,,,,,,,,,,,,,,,,,,,,,,,,,,,,,,,,,,,,,,,,,,,,,,,,,,,,,383.162,387.027,u,3.819,,0,0,0,0,1,testTAFCmixsec/numnym001.wav,,,,,,,,,,,,,,,,,,,,,,,,,,,,,
,,,,,34,001,2024-05-28_13h22.34.547,mathesisv2,2024.1.3,MacIntel,58.41121495,,,,,,,,,,,,,,,,,,,,,,,,,,,,,,,,,,,,,,,,,,,,,,,,,,,,,,,,,,,,,,,,387.028,388.944,u,1.903,,0,1,1,1,1,testTAFCmixsec/numnym002.wav,,,,,,,,,,,,,,,,,,,,,,,,,,,,,
,,,,,34,001,2024-05-28_13h22.34.547,mathesisv2,2024.1.3,MacIntel,58.41121495,,,,,,,,,,,,,,,,,,,,,,,,,,,,,,,,,,,,,,,,,,,,,,,,,,,,,,,,,,,,,,,,388.946,391.094,y,2.135,,0,2,2,2,1,testTAFCmixsec/numnym006.wav,,,,,,,,,,,,,,,,,,,,,,,,,,,,,
,,,,,34,001,2024-05-28_13h22.34.547,mathesisv2,2024.1.3,MacIntel,58.41121495,,,,,,,,,,,,,,,,,,,,,,,,,,,,,,,,,,,,,,,,,,,,,,,,,,,,,,,,,,,,,,,,,,,,,,,,,,,391.095,398.178,space,6.973,,,,,,,,,,,,,,,,,,,,,,,,,
,,,,,34,001,2024-05-28_13h22.34.547,mathesisv2,2024.1.3,MacIntel,58.41121495,,,,,,,,,,,,,,,,,e,,,,,,,,,,,,,,,,,,,,,,,,,,,,,,,,,,,,,,,,,,,,,,,,,,,,,,,,,,,,,,,398.196,402.728,y,4.499,,0,0,0,2,1,stimuliTAFCfirst/nimnym003.wav,,,,,,,,,,,,,
,,,,,34,001,2024-05-28_13h22.34.547,mathesisv2,2024.1.3,MacIntel,58.41121495,,,,,,,,,,,,,,,,,e,,,,,,,,,,,,,,,,,,,,,,,,,,,,,,,,,,,,,,,,,,,,,,,,,,,,,,,,,,,,,,,402.729,404.328,e,1.588,,0,1,1,0,1,stimuliTAFCfirst/nimnym001.wav,,,,,,,,,,,,,
,,,,,34,001,2024-05-28_13h22.34.547,mathesisv2,2024.1.3,MacIntel,58.41121495,,,,,,,,,,,,,,,,,y,,,,,,,,,,,,,,,,,,,,,,,,,,,,,,,,,,,,,,,,,,,,,,,,,,,,,,,,,,,,,,,404.329,405.944,y,1.601,,0,2,2,5,1,stimuliTAFCfirst/nimnym006.wav,,,,,,,,,,,,,
,,,,,34,001,2024-05-28_13h22.34.547,mathesisv2,2024.1.3,MacIntel,58.41121495,,,,,,,,,,,,,,,,,y,,,,,,,,,,,,,,,,,,,,,,,,,,,,,,,,,,,,,,,,,,,,,,,,,,,,,,,,,,,,,,,405.945,407.578,y,1.619,,0,3,3,4,1,stimuliTAFCfirst/nimnym005.wav,,,,,,,,,,,,,
,,,,,34,001,2024-05-28_13h22.34.547,mathesisv2,2024.1.3,MacIntel,58.41121495,,,,,,,,,,,,,,,,,e,,,,,,,,,,,,,,,,,,,,,,,,,,,,,,,,,,,,,,,,,,,,,,,,,,,,,,,,,,,,,,,407.579,409.362,e,1.778,,0,4,4,1,1,stimuliTAFCfirst/nimnym002.wav,,,,,,,,,,,,,
,,,,,34,001,2024-05-28_13h22.34.547,mathesisv2,2024.1.3,MacIntel,58.41121495,,,,,,,,,,,,,,,,,y,,,,,,,,,,,,,,,,,,,,,,,,,,,,,,,,,,,,,,,,,,,,,,,,,,,,,,,,,,,,,,,409.363,410.81,y,1.435,,0,5,5,6,1,stimuliTAFCfirst/nimnym007.wav,,,,,,,,,,,,,
,,,,,34,001,2024-05-28_13h22.34.547,mathesisv2,2024.1.3,MacIntel,58.41121495,,,,,,,,,,,,,,,,,x,,,,,,,,,,,,,,,,,,,,,,,,,,,,,,,,,,,,,,,,,,,,,,,,,,,,,,,,,,,,,,,410.81,412.877,y,2.053,,0,6,6,3,1,stimuliTAFCfirst/nimnym004.wav,,,,,,,,,,,,,
,,,,,34,001,2024-05-28_13h22.34.547,mathesisv2,2024.1.3,MacIntel,58.41121495,,,,,,,,,,,,,,,,,y,,,,,,,,,,,,,,,,,,,,,,,,,,,,,,,,,,,,,,,,,,,,,,,,,,,,,,,,,,,,,,,412.879,414.544,y,1.651,,1,0,7,6,1,stimuliTAFCfirst/nimnym007.wav,,,,,,,,,,,,,
,,,,,34,001,2024-05-28_13h22.34.547,mathesisv2,2024.1.3,MacIntel,58.41121495,,,,,,,,,,,,,,,,,e,,,,,,,,,,,,,,,,,,,,,,,,,,,,,,,,,,,,,,,,,,,,,,,,,,,,,,,,,,,,,,,414.546,415.978,e,1.424,,1,1,8,1,1,stimuliTAFCfirst/nimnym002.wav,,,,,,,,,,,,,
,,,,,34,001,2024-05-28_13h22.34.547,mathesisv2,2024.1.3,MacIntel,58.41121495,,,,,,,,,,,,,,,,,y,,,,,,,,,,,,,,,,,,,,,,,,,,,,,,,,,,,,,,,,,,,,,,,,,,,,,,,,,,,,,,,415.98,418.21,y,2.217,,1,2,9,4,1,stimuliTAFCfirst/nimnym005.wav,,,,,,,,,,,,,
,,,,,34,001,2024-05-28_13h22.34.547,mathesisv2,2024.1.3,MacIntel,58.41121495,,,,,,,,,,,,,,,,,e,,,,,,,,,,,,,,,,,,,,,,,,,,,,,,,,,,,,,,,,,,,,,,,,,,,,,,,,,,,,,,,418.211,419.694,e,1.466,,1,3,10,0,1,stimuliTAFCfirst/nimnym001.wav,,,,,,,,,,,,,
,,,,,34,001,2024-05-28_13h22.34.547,mathesisv2,2024.1.3,MacIntel,58.41121495,,,,,,,,,,,,,,,,,x,,,,,,,,,,,,,,,,,,,,,,,,,,,,,,,,,,,,,,,,,,,,,,,,,,,,,,,,,,,,,,,419.696,421.379,y,1.677,,1,4,11,3,1,stimuliTAFCfirst/nimnym004.wav,,,,,,,,,,,,,
,,,,,34,001,2024-05-28_13h22.34.547,mathesisv2,2024.1.3,MacIntel,58.41121495,,,,,,,,,,,,,,,,,y,,,,,,,,,,,,,,,,,,,,,,,,,,,,,,,,,,,,,,,,,,,,,,,,,,,,,,,,,,,,,,,421.38,422.843,y,1.449,,1,5,12,5,1,stimuliTAFCfirst/nimnym006.wav,,,,,,,,,,,,,
,,,,,34,001,2024-05-28_13h22.34.547,mathesisv2,2024.1.3,MacIntel,58.41121495,,,,,,,,,,,,,,,,,e,,,,,,,,,,,,,,,,,,,,,,,,,,,,,,,,,,,,,,,,,,,,,,,,,,,,,,,,,,,,,,,422.844,424.462,e,1.601,,1,6,13,2,1,stimuliTAFCfirst/nimnym003.wav,,,,,,,,,,,,,
,,,,,34,001,2024-05-28_13h22.34.547,mathesisv2,2024.1.3,MacIntel,58.41121495,,,,,,,,,,,,,,,,,u,424.462,425.846,space,1.342,,,,,,,,,,,,,,,,,,,,,,,,,,,,,,,,,,,,,,,,,,,,,,,,,,,,,,,,,,,,,,,,,,,,,,425.868,427.494,u,1.585,,0,0,0,2,1,stimuliTAFCsec/numnym003.wav,,
,,,,,34,001,2024-05-28_13h22.34.547,mathesisv2,2024.1.3,MacIntel,58.41121495,,,,,,,,,,,,,,,,,x,,,,,,,,,,,,,,,,,,,,,,,,,,,,,,,,,,,,,,,,,,,,,,,,,,,,,,,,,,,,,,,,,,,,,,,,,,427.495,429.511,u,2.007,,0,1,1,3,1,stimuliTAFCsec/numnym004.wav,,
,,,,,34,001,2024-05-28_13h22.34.547,mathesisv2,2024.1.3,MacIntel,58.41121495,,,,,,,,,,,,,,,,,y,,,,,,,,,,,,,,,,,,,,,,,,,,,,,,,,,,,,,,,,,,,,,,,,,,,,,,,,,,,,,,,,,,,,,,,,,,429.512,431.029,y,1.499,,0,2,2,6,1,stimuliTAFCsec/numnym007.wav,,
,,,,,34,001,2024-05-28_13h22.34.547,mathesisv2,2024.1.3,MacIntel,58.41121495,,,,,,,,,,,,,,,,,y,,,,,,,,,,,,,,,,,,,,,,,,,,,,,,,,,,,,,,,,,,,,,,,,,,,,,,,,,,,,,,,,,,,,,,,,,,431.029,432.711,u,1.669,,0,3,3,4,1,stimuliTAFCsec/numnym005.wav,,
,,,,,34,001,2024-05-28_13h22.34.547,mathesisv2,2024.1.3,MacIntel,58.41121495,,,,,,,,,,,,,,,,,u,,,,,,,,,,,,,,,,,,,,,,,,,,,,,,,,,,,,,,,,,,,,,,,,,,,,,,,,,,,,,,,,,,,,,,,,,,432.712,434.279,u,1.56,,0,4,4,1,1,stimuliTAFCsec/numnym002.wav,,
,,,,,34,001,2024-05-28_13h22.34.547,mathesisv2,2024.1.3,MacIntel,58.41121495,,,,,,,,,,,,,,,,,y,,,,,,,,,,,,,,,,,,,,,,,,,,,,,,,,,,,,,,,,,,,,,,,,,,,,,,,,,,,,,,,,,,,,,,,,,,434.284,436.743,y,2.446,,0,5,5,5,1,stimuliTAFCsec/numnym006.wav,,
,,,,,34,001,2024-05-28_13h22.34.547,mathesisv2,2024.1.3,MacIntel,58.41121495,,,,,,,,,,,,,,,,,u,,,,,,,,,,,,,,,,,,,,,,,,,,,,,,,,,,,,,,,,,,,,,,,,,,,,,,,,,,,,,,,,,,,,,,,,,,436.744,438.228,u,1.48,,0,6,6,0,1,stimuliTAFCsec/numnym001.wav,,
,,,,,34,001,2024-05-28_13h22.34.547,mathesisv2,2024.1.3,MacIntel,58.41121495,,,,,,,,,,,,,,,,,y,,,,,,,,,,,,,,,,,,,,,,,,,,,,,,,,,,,,,,,,,,,,,,,,,,,,,,,,,,,,,,,,,,,,,,,,,,438.229,440.195,y,1.962,,1,0,7,4,1,stimuliTAFCsec/numnym005.wav,,
,,,,,34,001,2024-05-28_13h22.34.547,mathesisv2,2024.1.3,MacIntel,58.41121495,,,,,,,,,,,,,,,,,u,,,,,,,,,,,,,,,,,,,,,,,,,,,,,,,,,,,,,,,,,,,,,,,,,,,,,,,,,,,,,,,,,,,,,,,,,,440.196,441.945,u,1.743,,1,1,8,0,1,stimuliTAFCsec/numnym001.wav,,
,,,,,34,001,2024-05-28_13h22.34.547,mathesisv2,2024.1.3,MacIntel,58.41121495,,,,,,,,,,,,,,,,,y,,,,,,,,,,,,,,,,,,,,,,,,,,,,,,,,,,,,,,,,,,,,,,,,,,,,,,,,,,,,,,,,,,,,,,,,,,441.946,443.444,y,1.486,,1,2,9,6,1,stimuliTAFCsec/numnym007.wav,,
,,,,,34,001,2024-05-28_13h22.34.547,mathesisv2,2024.1.3,MacIntel,58.41121495,,,,,,,,,,,,,,,,,y,,,,,,,,,,,,,,,,,,,,,,,,,,,,,,,,,,,,,,,,,,,,,,,,,,,,,,,,,,,,,,,,,,,,,,,,,,443.445,445.229,y,1.766,,1,3,10,5,1,stimuliTAFCsec/numnym006.wav,,
,,,,,34,001,2024-05-28_13h22.34.547,mathesisv2,2024.1.3,MacIntel,58.41121495,,,,,,,,,,,,,,,,,u,,,,,,,,,,,,,,,,,,,,,,,,,,,,,,,,,,,,,,,,,,,,,,,,,,,,,,,,,,,,,,,,,,,,,,,,,,445.229,446.778,u,1.545,,1,4,11,1,1,stimuliTAFCsec/numnym002.wav,,
,,,,,34,001,2024-05-28_13h22.34.547,mathesisv2,2024.1.3,MacIntel,58.41121495,,,,,,,,,,,,,,,,,u,,,,,,,,,,,,,,,,,,,,,,,,,,,,,,,,,,,,,,,,,,,,,,,,,,,,,,,,,,,,,,,,,,,,,,,,,,446.779,448.378,u,1.585,,1,5,12,2,1,stimuliTAFCsec/numnym003.wav,,
,,,,,34,001,2024-05-28_13h22.34.547,mathesisv2,2024.1.3,MacIntel,58.41121495,,,,,,,,,,,,,,,,,x,,,,,,,,,,,,,,,,,,,,,,,,,,,,,,,,,,,,,,,,,,,,,,,,,,,,,,,,,,,,,,,,,,,,,,,,,,448.378,450.529,y,2.146,,1,6,13,3,1,stimuliTAFCsec/numnym004.wav,,
,,,,,34,001,2024-05-28_13h22.34.547,mathesisv2,2024.1.3,MacIntel,58.41121495,,,,,,,,,,,,,,,,,y,,,,,,,,,,,,,,,,,,,,,,,,,,450.529,454.062,space,3.505,,,,,,,,,,,,,,,,,,,,,,,,,,,,,,,,,,454.084,456.129,y,2.029,,0,0,0,6,1,stimuliTAFCfirst/nimnym007.wav,,,,,,,,,,,,,
,,,,,34,001,2024-05-28_13h22.34.547,mathesisv2,2024.1.3,MacIntel,58.41121495,,,,,,,,,,,,,,,,,e,,,,,,,,,,,,,,,,,,,,,,,,,,,,,,,,,,,,,,,,,,,,,,,,,,,,,,,,,,,,,,,456.129,457.579,e,1.445,,0,1,1,0,1,stimuliTAFCfirst/nimnym001.wav,,,,,,,,,,,,,
,,,,,34,001,2024-05-28_13h22.34.547,mathesisv2,2024.1.3,MacIntel,58.41121495,,,,,,,,,,,,,,,,,y,,,,,,,,,,,,,,,,,,,,,,,,,,,,,,,,,,,,,,,,,,,,,,,,,,,,,,,,,,,,,,,457.579,459.312,y,1.726,,0,2,2,4,1,stimuliTAFCfirst/nimnym005.wav,,,,,,,,,,,,,
,,,,,34,001,2024-05-28_13h22.34.547,mathesisv2,2024.1.3,MacIntel,58.41121495,,,,,,,,,,,,,,,,,x,,,,,,,,,,,,,,,,,,,,,,,,,,,,,,,,,,,,,,,,,,,,,,,,,,,,,,,,,,,,,,,459.312,461.178,y,1.86,,0,3,3,3,1,stimuliTAFCfirst/nimnym004.wav,,,,,,,,,,,,,
,,,,,34,001,2024-05-28_13h22.34.547,mathesisv2,2024.1.3,MacIntel,58.41121495,,,,,,,,,,,,,,,,,e,,,,,,,,,,,,,,,,,,,,,,,,,,,,,,,,,,,,,,,,,,,,,,,,,,,,,,,,,,,,,,,461.178,462.662,e,1.478,,0,4,4,2,1,stimuliTAFCfirst/nimnym003.wav,,,,,,,,,,,,,
,,,,,34,001,2024-05-28_13h22.34.547,mathesisv2,2024.1.3,MacIntel,58.41121495,,,,,,,,,,,,,,,,,e,,,,,,,,,,,,,,,,,,,,,,,,,,,,,,,,,,,,,,,,,,,,,,,,,,,,,,,,,,,,,,,462.663,463.998,e,1.332,,0,5,5,1,1,stimuliTAFCfirst/nimnym002.wav,,,,,,,,,,,,,
,,,,,34,001,2024-05-28_13h22.34.547,mathesisv2,2024.1.3,MacIntel,58.41121495,,,,,,,,,,,,,,,,,y,,,,,,,,,,,,,,,,,,,,,,,,,,,,,,,,,,,,,,,,,,,,,,,,,,,,,,,,,,,,,,,464,465.545,y,1.532,,0,6,6,5,1,stimuliTAFCfirst/nimnym006.wav,,,,,,,,,,,,,
,,,,,34,001,2024-05-28_13h22.34.547,mathesisv2,2024.1.3,MacIntel,58.41121495,,,,,,,,,,,,,,,,,x,,,,,,,,,,,,,,,,,,,,,,,,,,,,,,,,,,,,,,,,,,,,,,,,,,,,,,,,,,,,,,,465.546,467.046,y,1.484,,1,0,7,3,1,stimuliTAFCfirst/nimnym004.wav,,,,,,,,,,,,,
,,,,,34,001,2024-05-28_13h22.34.547,mathesisv2,2024.1.3,MacIntel,58.41121495,,,,,,,,,,,,,,,,,y,,,,,,,,,,,,,,,,,,,,,,,,,,,,,,,,,,,,,,,,,,,,,,,,,,,,,,,,,,,,,,,467.047,468.611,y,1.556,,1,1,8,6,1,stimuliTAFCfirst/nimnym007.wav,,,,,,,,,,,,,
,,,,,34,001,2024-05-28_13h22.34.547,mathesisv2,2024.1.3,MacIntel,58.41121495,,,,,,,,,,,,,,,,,y,,,,,,,,,,,,,,,,,,,,,,,,,,,,,,,,,,,,,,,,,,,,,,,,,,,,,,,,,,,,,,,468.612,470.229,y,1.611,,1,2,9,4,1,stimuliTAFCfirst/nimnym005.wav,,,,,,,,,,,,,
,,,,,34,001,2024-05-28_13h22.34.547,mathesisv2,2024.1.3,MacIntel,58.41121495,,,,,,,,,,,,,,,,,y,,,,,,,,,,,,,,,,,,,,,,,,,,,,,,,,,,,,,,,,,,,,,,,,,,,,,,,,,,,,,,,470.229,471.745,y,1.511,,1,3,10,5,1,stimuliTAFCfirst/nimnym006.wav,,,,,,,,,,,,,
,,,,,34,001,2024-05-28_13h22.34.547,mathesisv2,2024.1.3,MacIntel,58.41121495,,,,,,,,,,,,,,,,,e,,,,,,,,,,,,,,,,,,,,,,,,,,,,,,,,,,,,,,,,,,,,,,,,,,,,,,,,,,,,,,,471.746,473.178,e,1.417,,1,4,11,1,1,stimuliTAFCfirst/nimnym002.wav,,,,,,,,,,,,,
,,,,,34,001,2024-05-28_13h22.34.547,mathesisv2,2024.1.3,MacIntel,58.41121495,,,,,,,,,,,,,,,,,e,,,,,,,,,,,,,,,,,,,,,,,,,,,,,,,,,,,,,,,,,,,,,,,,,,,,,,,,,,,,,,,473.178,474.662,e,1.47,,1,5,12,2,1,stimuliTAFCfirst/nimnym003.wav,,,,,,,,,,,,,
,,,,,34,001,2024-05-28_13h22.34.547,mathesisv2,2024.1.3,MacIntel,58.41121495,,,,,,,,,,,,,,,,,e,,,,,,,,,,,,,,,,,,,,,,,,,,,,,,,,,,,,,,,,,,,,,,,,,,,,,,,,,,,,,,,474.663,476.181,e,1.512,,1,6,13,0,1,stimuliTAFCfirst/nimnym001.wav,,,,,,,,,,,,,
,,,,,34,001,2024-05-28_13h22.34.547,mathesisv2,2024.1.3,MacIntel,58.41121495,,,,,,,,,,,,,,,,,y,476.181,477.495,space,1.301,,,,,,,,,,,,,,,,,,,,,,,,,,,,,,,,,,,,,,,,,,,,,,,,,,,,,,,,,,,,,,,,,,,,,,477.511,479.312,y,1.785,,0,0,0,4,1,stimuliTAFCsec/numnym005.wav,,
,,,,,34,001,2024-05-28_13h22.34.547,mathesisv2,2024.1.3,MacIntel,58.41121495,,,,,,,,,,,,,,,,,u,,,,,,,,,,,,,,,,,,,,,,,,,,,,,,,,,,,,,,,,,,,,,,,,,,,,,,,,,,,,,,,,,,,,,,,,,,479.314,480.712,u,1.393,,0,1,1,0,1,stimuliTAFCsec/numnym001.wav,,
,,,,,34,001,2024-05-28_13h22.34.547,mathesisv2,2024.1.3,MacIntel,58.41121495,,,,,,,,,,,,,,,,,u,,,,,,,,,,,,,,,,,,,,,,,,,,,,,,,,,,,,,,,,,,,,,,,,,,,,,,,,,,,,,,,,,,,,,,,,,,480.713,482.267,u,1.548,,0,2,2,2,1,stimuliTAFCsec/numnym003.wav,,
,,,,,34,001,2024-05-28_13h22.34.547,mathesisv2,2024.1.3,MacIntel,58.41121495,,,,,,,,,,,,,,,,,x,,,,,,,,,,,,,,,,,,,,,,,,,,,,,,,,,,,,,,,,,,,,,,,,,,,,,,,,,,,,,,,,,,,,,,,,,,482.271,484.512,u,2.226,,0,3,3,3,1,stimuliTAFCsec/numnym004.wav,,
,,,,,34,001,2024-05-28_13h22.34.547,mathesisv2,2024.1.3,MacIntel,58.41121495,,,,,,,,,,,,,,,,,y,,,,,,,,,,,,,,,,,,,,,,,,,,,,,,,,,,,,,,,,,,,,,,,,,,,,,,,,,,,,,,,,,,,,,,,,,,484.513,485.979,y,1.45,,0,4,4,6,1,stimuliTAFCsec/numnym007.wav,,
,,,,,34,001,2024-05-28_13h22.34.547,mathesisv2,2024.1.3,MacIntel,58.41121495,,,,,,,,,,,,,,,,,y,,,,,,,,,,,,,,,,,,,,,,,,,,,,,,,,,,,,,,,,,,,,,,,,,,,,,,,,,,,,,,,,,,,,,,,,,,485.98,487.529,y,1.543,,0,5,5,5,1,stimuliTAFCsec/numnym006.wav,,
,,,,,34,001,2024-05-28_13h22.34.547,mathesisv2,2024.1.3,MacIntel,58.41121495,,,,,,,,,,,,,,,,,u,,,,,,,,,,,,,,,,,,,,,,,,,,,,,,,,,,,,,,,,,,,,,,,,,,,,,,,,,,,,,,,,,,,,,,,,,,487.53,489,u,1.451,,0,6,6,1,1,stimuliTAFCsec/numnym002.wav,,
,,,,,34,001,2024-05-28_13h22.34.547,mathesisv2,2024.1.3,MacIntel,58.41121495,,,,,,,,,,,,,,,,,u,,,,,,,,,,,,,,,,,,,,,,,,,,,,,,,,,,,,,,,,,,,,,,,,,,,,,,,,,,,,,,,,,,,,,,,,,,489.001,490.562,u,1.556,,1,0,7,1,1,stimuliTAFCsec/numnym002.wav,,
,,,,,34,001,2024-05-28_13h22.34.547,mathesisv2,2024.1.3,MacIntel,58.41121495,,,,,,,,,,,,,,,,,x,,,,,,,,,,,,,,,,,,,,,,,,,,,,,,,,,,,,,,,,,,,,,,,,,,,,,,,,,,,,,,,,,,,,,,,,,,490.564,492.962,y,2.385,,1,1,8,3,1,stimuliTAFCsec/numnym004.wav,,
,,,,,34,001,2024-05-28_13h22.34.547,mathesisv2,2024.1.3,MacIntel,58.41121495,,,,,,,,,,,,,,,,,u,,,,,,,,,,,,,,,,,,,,,,,,,,,,,,,,,,,,,,,,,,,,,,,,,,,,,,,,,,,,,,,,,,,,,,,,,,492.963,494.513,u,1.537,,1,2,9,2,1,stimuliTAFCsec/numnym003.wav,,
,,,,,34,001,2024-05-28_13h22.34.547,mathesisv2,2024.1.3,MacIntel,58.41121495,,,,,,,,,,,,,,,,,y,,,,,,,,,,,,,,,,,,,,,,,,,,,,,,,,,,,,,,,,,,,,,,,,,,,,,,,,,,,,,,,,,,,,,,,,,,494.514,496.095,y,1.569,,1,3,10,6,1,stimuliTAFCsec/numnym007.wav,,
,,,,,34,001,2024-05-28_13h22.34.547,mathesisv2,2024.1.3,MacIntel,58.41121495,,,,,,,,,,,,,,,,,u,,,,,,,,,,,,,,,,,,,,,,,,,,,,,,,,,,,,,,,,,,,,,,,,,,,,,,,,,,,,,,,,,,,,,,,,,,496.096,497.729,u,1.627,,1,4,11,0,1,stimuliTAFCsec/numnym001.wav,,
,,,,,34,001,2024-05-28_13h22.34.547,mathesisv2,2024.1.3,MacIntel,58.41121495,,,,,,,,,,,,,,,,,y,,,,,,,,,,,,,,,,,,,,,,,,,,,,,,,,,,,,,,,,,,,,,,,,,,,,,,,,,,,,,,,,,,,,,,,,,,497.73,499.401,y,1.649,,1,5,12,4,1,stimuliTAFCsec/numnym005.wav,,
,,,,,34,001,2024-05-28_13h22.34.547,mathesisv2,2024.1.3,MacIntel,58.41121495,,,,,,,,,,,,,,,,,y,,,,,,,,,,,,,,,,,,,,,,,,,,,,,,,,,,,,,,,,,,,,,,,,,,,,,,,,,,,,,,,,,,,,,,,,,,499.402,501.112,y,1.694,,1,6,13,5,1,stimuliTAFCsec/numnym006.wav,,
,,,,,34,001,2024-05-28_13h22.34.547,mathesisv2,2024.1.3,MacIntel,58.41121495,,,,,,,,,,,,,,,,,e,,,,,,,,,,,,,,,,,,,,,,,,,,501.113,506.529,space,5.402,,,,,,,,,,,,,,,,,,,,,,,,,,,,,,,,,,506.55,508.066,e,1.511,,0,0,0,2,1,stimuliTAFCfirst/nimnym003.wav,,,,,,,,,,,,,
,,,,,34,001,2024-05-28_13h22.34.547,mathesisv2,2024.1.3,MacIntel,58.41121495,,,,,,,,,,,,,,,,,y,,,,,,,,,,,,,,,,,,,,,,,,,,,,,,,,,,,,,,,,,,,,,,,,,,,,,,,,,,,,,,,508.067,509.596,y,1.512,,0,1,1,5,1,stimuliTAFCfirst/nimnym006.wav,,,,,,,,,,,,,
,,,,,34,001,2024-05-28_13h22.34.547,mathesisv2,2024.1.3,MacIntel,58.41121495,,,,,,,,,,,,,,,,,x,,,,,,,,,,,,,,,,,,,,,,,,,,,,,,,,,,,,,,,,,,,,,,,,,,,,,,,,,,,,,,,509.596,511.429,y,1.82,,0,2,2,3,1,stimuliTAFCfirst/nimnym004.wav,,,,,,,,,,,,,
,,,,,34,001,2024-05-28_13h22.34.547,mathesisv2,2024.1.3,MacIntel,58.41121495,,,,,,,,,,,,,,,,,y,,,,,,,,,,,,,,,,,,,,,,,,,,,,,,,,,,,,,,,,,,,,,,,,,,,,,,,,,,,,,,,511.431,512.945,y,1.501,,0,3,3,6,1,stimuliTAFCfirst/nimnym007.wav,,,,,,,,,,,,,
,,,,,34,001,2024-05-28_13h22.34.547,mathesisv2,2024.1.3,MacIntel,58.41121495,,,,,,,,,,,,,,,,,e,,,,,,,,,,,,,,,,,,,,,,,,,,,,,,,,,,,,,,,,,,,,,,,,,,,,,,,,,,,,,,,512.946,514.329,e,1.37,,0,4,4,1,1,stimuliTAFCfirst/nimnym002.wav,,,,,,,,,,,,,
,,,,,34,001,2024-05-28_13h22.34.547,mathesisv2,2024.1.3,MacIntel,58.41121495,,,,,,,,,,,,,,,,,y,,,,,,,,,,,,,,,,,,,,,,,,,,,,,,,,,,,,,,,,,,,,,,,,,,,,,,,,,,,,,,,514.33,515.98,y,1.645,,0,5,5,4,1,stimuliTAFCfirst/nimnym005.wav,,,,,,,,,,,,,
,,,,,34,001,2024-05-28_13h22.34.547,mathesisv2,2024.1.3,MacIntel,58.41121495,,,,,,,,,,,,,,,,,e,,,,,,,,,,,,,,,,,,,,,,,,,,,,,,,,,,,,,,,,,,,,,,,,,,,,,,,,,,,,,,,515.983,517.429,e,1.43,,0,6,6,0,1,stimuliTAFCfirst/nimnym001.wav,,,,,,,,,,,,,
,,,,,34,001,2024-05-28_13h22.34.547,mathesisv2,2024.1.3,MacIntel,58.41121495,,,,,,,,,,,,,,,,,e,,,,,,,,,,,,,,,,,,,,,,,,,,,,,,,,,,,,,,,,,,,,,,,,,,,,,,,,,,,,,,,517.43,518.883,e,1.435,,1,0,7,0,1,stimuliTAFCfirst/nimnym001.wav,,,,,,,,,,,,,
,,,,,34,001,2024-05-28_13h22.34.547,mathesisv2,2024.1.3,MacIntel,58.41121495,,,,,,,,,,,,,,,,,y,,,,,,,,,,,,,,,,,,,,,,,,,,,,,,,,,,,,,,,,,,,,,,,,,,,,,,,,,,,,,,,518.885,520.33,y,1.431,,1,1,8,5,1,stimuliTAFCfirst/nimnym006.wav,,,,,,,,,,,,,
,,,,,34,001,2024-05-28_13h22.34.547,mathesisv2,2024.1.3,MacIntel,58.41121495,,,,,,,,,,,,,,,,,e,,,,,,,,,,,,,,,,,,,,,,,,,,,,,,,,,,,,,,,,,,,,,,,,,,,,,,,,,,,,,,,520.331,521.98,e,1.644,,1,2,9,1,1,stimuliTAFCfirst/nimnym002.wav,,,,,,,,,,,,,
,,,,,34,001,2024-05-28_13h22.34.547,mathesisv2,2024.1.3,MacIntel,58.41121495,,,,,,,,,,,,,,,,,y,,,,,,,,,,,,,,,,,,,,,,,,,,,,,,,,,,,,,,,,,,,,,,,,,,,,,,,,,,,,,,,521.981,523.848,y,1.862,,1,3,10,4,1,stimuliTAFCfirst/nimnym005.wav,,,,,,,,,,,,,
,,,,,34,001,2024-05-28_13h22.34.547,mathesisv2,2024.1.3,MacIntel,58.41121495,,,,,,,,,,,,,,,,,e,,,,,,,,,,,,,,,,,,,,,,,,,,,,,,,,,,,,,,,,,,,,,,,,,,,,,,,,,,,,,,,523.849,525.447,e,1.582,,1,4,11,2,1,stimuliTAFCfirst/nimnym003.wav,,,,,,,,,,,,,
,,,,,34,001,2024-05-28_13h22.34.547,mathesisv2,2024.1.3,MacIntel,58.41121495,,,,,,,,,,,,,,,,,x,,,,,,,,,,,,,,,,,,,,,,,,,,,,,,,,,,,,,,,,,,,,,,,,,,,,,,,,,,,,,,,525.447,527.746,e,2.292,,1,5,12,3,1,stimuliTAFCfirst/nimnym004.wav,,,,,,,,,,,,,
,,,,,34,001,2024-05-28_13h22.34.547,mathesisv2,2024.1.3,MacIntel,58.41121495,,,,,,,,,,,,,,,,,y,,,,,,,,,,,,,,,,,,,,,,,,,,,,,,,,,,,,,,,,,,,,,,,,,,,,,,,,,,,,,,,527.747,529.213,y,1.463,,1,6,13,6,1,stimuliTAFCfirst/nimnym007.wav,,,,,,,,,,,,,
,,,,,34,001,2024-05-28_13h22.34.547,mathesisv2,2024.1.3,MacIntel,58.41121495,,,,,,,,,,,,,,,,,y,529.214,531.562,space,2.329,,,,,,,,,,,,,,,,,,,,,,,,,,,,,,,,,,,,,,,,,,,,,,,,,,,,,,,,,,,,,,,,,,,,,,531.572,533.329,y,1.746,,0,0,0,6,1,stimuliTAFCsec/numnym007.wav,,
,,,,,34,001,2024-05-28_13h22.34.547,mathesisv2,2024.1.3,MacIntel,58.41121495,,,,,,,,,,,,,,,,,u,,,,,,,,,,,,,,,,,,,,,,,,,,,,,,,,,,,,,,,,,,,,,,,,,,,,,,,,,,,,,,,,,,,,,,,,,,533.33,534.713,u,1.376,,0,1,1,1,1,stimuliTAFCsec/numnym002.wav,,
,,,,,34,001,2024-05-28_13h22.34.547,mathesisv2,2024.1.3,MacIntel,58.41121495,,,,,,,,,,,,,,,,,u,,,,,,,,,,,,,,,,,,,,,,,,,,,,,,,,,,,,,,,,,,,,,,,,,,,,,,,,,,,,,,,,,,,,,,,,,,534.714,536.262,u,1.532,,0,2,2,0,1,stimuliTAFCsec/numnym001.wav,,
,,,,,34,001,2024-05-28_13h22.34.547,mathesisv2,2024.1.3,MacIntel,58.41121495,,,,,,,,,,,,,,,,,y,,,,,,,,,,,,,,,,,,,,,,,,,,,,,,,,,,,,,,,,,,,,,,,,,,,,,,,,,,,,,,,,,,,,,,,,,,536.263,537.713,y,1.438,,0,3,3,5,1,stimuliTAFCsec/numnym006.wav,,
,,,,,34,001,2024-05-28_13h22.34.547,mathesisv2,2024.1.3,MacIntel,58.41121495,,,,,,,,,,,,,,,,,y,,,,,,,,,,,,,,,,,,,,,,,,,,,,,,,,,,,,,,,,,,,,,,,,,,,,,,,,,,,,,,,,,,,,,,,,,,537.716,539.997,y,2.263,,0,4,4,4,1,stimuliTAFCsec/numnym005.wav,,
,,,,,34,001,2024-05-28_13h22.34.547,mathesisv2,2024.1.3,MacIntel,58.41121495,,,,,,,,,,,,,,,,,u,,,,,,,,,,,,,,,,,,,,,,,,,,,,,,,,,,,,,,,,,,,,,,,,,,,,,,,,,,,,,,,,,,,,,,,,,,539.997,541.463,u,1.459,,0,5,5,2,1,stimuliTAFCsec/numnym003.wav,,
,,,,,34,001,2024-05-28_13h22.34.547,mathesisv2,2024.1.3,MacIntel,58.41121495,,,,,,,,,,,,,,,,,x,,,,,,,,,,,,,,,,,,,,,,,,,,,,,,,,,,,,,,,,,,,,,,,,,,,,,,,,,,,,,,,,,,,,,,,,,,541.464,543.213,u,1.743,,0,6,6,3,1,stimuliTAFCsec/numnym004.wav,,
,,,,,34,001,2024-05-28_13h22.34.547,mathesisv2,2024.1.3,MacIntel,58.41121495,,,,,,,,,,,,,,,,,x,,,,,,,,,,,,,,,,,,,,,,,,,,,,,,,,,,,,,,,,,,,,,,,,,,,,,,,,,,,,,,,,,,,,,,,,,,543.213,544.779,u,1.553,,1,0,7,3,1,stimuliTAFCsec/numnym004.wav,,
,,,,,34,001,2024-05-28_13h22.34.547,mathesisv2,2024.1.3,MacIntel,58.41121495,,,,,,,,,,,,,,,,,u,,,,,,,,,,,,,,,,,,,,,,,,,,,,,,,,,,,,,,,,,,,,,,,,,,,,,,,,,,,,,,,,,,,,,,,,,,544.781,546.38,u,1.581,,1,1,8,2,1,stimuliTAFCsec/numnym003.wav,,
,,,,,34,001,2024-05-28_13h22.34.547,mathesisv2,2024.1.3,MacIntel,58.41121495,,,,,,,,,,,,,,,,,u,,,,,,,,,,,,,,,,,,,,,,,,,,,,,,,,,,,,,,,,,,,,,,,,,,,,,,,,,,,,,,,,,,,,,,,,,,546.381,547.88,u,1.482,,1,2,9,1,1,stimuliTAFCsec/numnym002.wav,,
,,,,,34,001,2024-05-28_13h22.34.547,mathesisv2,2024.1.3,MacIntel,58.41121495,,,,,,,,,,,,,,,,,y,,,,,,,,,,,,,,,,,,,,,,,,,,,,,,,,,,,,,,,,,,,,,,,,,,,,,,,,,,,,,,,,,,,,,,,,,,547.88,549.347,y,1.453,,1,3,10,6,1,stimuliTAFCsec/numnym007.wav,,
,,,,,34,001,2024-05-28_13h22.34.547,mathesisv2,2024.1.3,MacIntel,58.41121495,,,,,,,,,,,,,,,,,y,,,,,,,,,,,,,,,,,,,,,,,,,,,,,,,,,,,,,,,,,,,,,,,,,,,,,,,,,,,,,,,,,,,,,,,,,,549.349,550.796,y,1.441,,1,4,11,5,1,stimuliTAFCsec/numnym006.wav,,
,,,,,34,001,2024-05-28_13h22.34.547,mathesisv2,2024.1.3,MacIntel,58.41121495,,,,,,,,,,,,,,,,,y,,,,,,,,,,,,,,,,,,,,,,,,,,,,,,,,,,,,,,,,,,,,,,,,,,,,,,,,,,,,,,,,,,,,,,,,,,550.797,552.746,y,1.934,,1,5,12,4,1,stimuliTAFCsec/numnym005.wav,,
,,,,,34,001,2024-05-28_13h22.34.547,mathesisv2,2024.1.3,MacIntel,58.41121495,,,,,,,,,,,,,,,,,u,,,,,,,,,,,,,,,,,,,,,,,,,,,,,,,,,,,,,,,,,,,,,,,,,,,,,,,,,,,,,,,,,,,,,,,,,,552.747,554.367,u,1.609,,1,6,13,0,1,stimuliTAFCsec/numnym001.wav,,
,,,,,34,001,2024-05-28_13h22.34.547,mathesisv2,2024.1.3,MacIntel,58.41121495,,,,,,,,,,,,,,,,,e,,,,,,,,,,,,,,,,,,,,,,,,,,554.368,558.48,space,4.094,,,,,,,,,,,,,,,,,,,,,,,,,,,,,,,,,,558.499,559.897,e,1.394,,0,0,0,2,1,stimuliTAFCfirst/nimnym003.wav,,,,,,,,,,,,,
,,,,,34,001,2024-05-28_13h22.34.547,mathesisv2,2024.1.3,MacIntel,58.41121495,,,,,,,,,,,,,,,,,y,,,,,,,,,,,,,,,,,,,,,,,,,,,,,,,,,,,,,,,,,,,,,,,,,,,,,,,,,,,,,,,559.898,561.382,y,1.48,,0,1,1,6,1,stimuliTAFCfirst/nimnym007.wav,,,,,,,,,,,,,
,,,,,34,001,2024-05-28_13h22.34.547,mathesisv2,2024.1.3,MacIntel,58.41121495,,,,,,,,,,,,,,,,,y,,,,,,,,,,,,,,,,,,,,,,,,,,,,,,,,,,,,,,,,,,,,,,,,,,,,,,,,,,,,,,,561.383,562.814,y,1.417,,0,2,2,5,1,stimuliTAFCfirst/nimnym006.wav,,,,,,,,,,,,,
,,,,,34,001,2024-05-28_13h22.34.547,mathesisv2,2024.1.3,MacIntel,58.41121495,,,,,,,,,,,,,,,,,e,,,,,,,,,,,,,,,,,,,,,,,,,,,,,,,,,,,,,,,,,,,,,,,,,,,,,,,,,,,,,,,562.817,564.346,e,1.522,,0,3,3,1,1,stimuliTAFCfirst/nimnym002.wav,,,,,,,,,,,,,
,,,,,34,001,2024-05-28_13h22.34.547,mathesisv2,2024.1.3,MacIntel,58.41121495,,,,,,,,,,,,,,,,,y,,,,,,,,,,,,,,,,,,,,,,,,,,,,,,,,,,,,,,,,,,,,,,,,,,,,,,,,,,,,,,,564.347,565.797,y,1.434,,0,4,4,4,1,stimuliTAFCfirst/nimnym005.wav,,,,,,,,,,,,,
,,,,,34,001,2024-05-28_13h22.34.547,mathesisv2,2024.1.3,MacIntel,58.41121495,,,,,,,,,,,,,,,,,x,,,,,,,,,,,,,,,,,,,,,,,,,,,,,,,,,,,,,,,,,,,,,,,,,,,,,,,,,,,,,,,565.8,567.185,y,1.381,,0,5,5,3,1,stimuliTAFCfirst/nimnym004.wav,,,,,,,,,,,,,
,,,,,34,001,2024-05-28_13h22.34.547,mathesisv2,2024.1.3,MacIntel,58.41121495,,,,,,,,,,,,,,,,,e,,,,,,,,,,,,,,,,,,,,,,,,,,,,,,,,,,,,,,,,,,,,,,,,,,,,,,,,,,,,,,,567.185,568.813,e,1.614,,0,6,6,0,1,stimuliTAFCfirst/nimnym001.wav,,,,,,,,,,,,,
,,,,,34,001,2024-05-28_13h22.34.547,mathesisv2,2024.1.3,MacIntel,58.41121495,,,,,,,,,,,,,,,,,y,,,,,,,,,,,,,,,,,,,,,,,,,,,,,,,,,,,,,,,,,,,,,,,,,,,,,,,,,,,,,,,568.814,570.497,y,1.676,,1,0,7,6,1,stimuliTAFCfirst/nimnym007.wav,,,,,,,,,,,,,
,,,,,34,001,2024-05-28_13h22.34.547,mathesisv2,2024.1.3,MacIntel,58.41121495,,,,,,,,,,,,,,,,,e,,,,,,,,,,,,,,,,,,,,,,,,,,,,,,,,,,,,,,,,,,,,,,,,,,,,,,,,,,,,,,,570.498,571.897,e,1.395,,1,1,8,1,1,stimuliTAFCfirst/nimnym002.wav,,,,,,,,,,,,,
,,,,,34,001,2024-05-28_13h22.34.547,mathesisv2,2024.1.3,MacIntel,58.41121495,,,,,,,,,,,,,,,,,e,,,,,,,,,,,,,,,,,,,,,,,,,,,,,,,,,,,,,,,,,,,,,,,,,,,,,,,,,,,,,,,571.898,573.43,e,1.518,,1,2,9,0,1,stimuliTAFCfirst/nimnym001.wav,,,,,,,,,,,,,
,,,,,34,001,2024-05-28_13h22.34.547,mathesisv2,2024.1.3,MacIntel,58.41121495,,,,,,,,,,,,,,,,,x,,,,,,,,,,,,,,,,,,,,,,,,,,,,,,,,,,,,,,,,,,,,,,,,,,,,,,,,,,,,,,,573.434,575.049,y,1.604,,1,3,10,3,1,stimuliTAFCfirst/nimnym004.wav,,,,,,,,,,,,,
,,,,,34,001,2024-05-28_13h22.34.547,mathesisv2,2024.1.3,MacIntel,58.41121495,,,,,,,,,,,,,,,,,y,,,,,,,,,,,,,,,,,,,,,,,,,,,,,,,,,,,,,,,,,,,,,,,,,,,,,,,,,,,,,,,575.05,576.597,y,1.54,,1,4,11,4,1,stimuliTAFCfirst/nimnym005.wav,,,,,,,,,,,,,
,,,,,34,001,2024-05-28_13h22.34.547,mathesisv2,2024.1.3,MacIntel,58.41121495,,,,,,,,,,,,,,,,,y,,,,,,,,,,,,,,,,,,,,,,,,,,,,,,,,,,,,,,,,,,,,,,,,,,,,,,,,,,,,,,,576.598,578.081,y,1.466,,1,5,12,5,1,stimuliTAFCfirst/nimnym006.wav,,,,,,,,,,,,,
,,,,,34,001,2024-05-28_13h22.34.547,mathesisv2,2024.1.3,MacIntel,58.41121495,,,,,,,,,,,,,,,,,e,,,,,,,,,,,,,,,,,,,,,,,,,,,,,,,,,,,,,,,,,,,,,,,,,,,,,,,,,,,,,,,578.082,579.697,e,1.609,,1,6,13,2,1,stimuliTAFCfirst/nimnym003.wav,,,,,,,,,,,,,
,,,,,34,001,2024-05-28_13h22.34.547,mathesisv2,2024.1.3,MacIntel,58.41121495,,,,,,,,,,,,,,,,,u,579.698,581.883,space,2.171,,,,,,,,,,,,,,,,,,,,,,,,,,,,,,,,,,,,,,,,,,,,,,,,,,,,,,,,,,,,,,,,,,,,,,581.902,583.347,u,1.431,,0,0,0,1,1,stimuliTAFCsec/numnym002.wav,,
,,,,,34,001,2024-05-28_13h22.34.547,mathesisv2,2024.1.3,MacIntel,58.41121495,,,,,,,,,,,,,,,,,u,,,,,,,,,,,,,,,,,,,,,,,,,,,,,,,,,,,,,,,,,,,,,,,,,,,,,,,,,,,,,,,,,,,,,,,,,,583.35,584.8,u,1.432,,0,1,1,0,1,stimuliTAFCsec/numnym001.wav,,
,,,,,34,001,2024-05-28_13h22.34.547,mathesisv2,2024.1.3,MacIntel,58.41121495,,,,,,,,,,,,,,,,,x,,,,,,,,,,,,,,,,,,,,,,,,,,,,,,,,,,,,,,,,,,,,,,,,,,,,,,,,,,,,,,,,,,,,,,,,,,584.8,586.233,y,1.428,,0,2,2,3,1,stimuliTAFCsec/numnym004.wav,,
,,,,,34,001,2024-05-28_13h22.34.547,mathesisv2,2024.1.3,MacIntel,58.41121495,,,,,,,,,,,,,,,,,y,,,,,,,,,,,,,,,,,,,,,,,,,,,,,,,,,,,,,,,,,,,,,,,,,,,,,,,,,,,,,,,,,,,,,,,,,,586.234,587.83,y,1.592,,0,3,3,4,1,stimuliTAFCsec/numnym005.wav,,
,,,,,34,001,2024-05-28_13h22.34.547,mathesisv2,2024.1.3,MacIntel,58.41121495,,,,,,,,,,,,,,,,,y,,,,,,,,,,,,,,,,,,,,,,,,,,,,,,,,,,,,,,,,,,,,,,,,,,,,,,,,,,,,,,,,,,,,,,,,,,587.831,589.246,y,1.403,,0,4,4,6,1,stimuliTAFCsec/numnym007.wav,,
,,,,,34,001,2024-05-28_13h22.34.547,mathesisv2,2024.1.3,MacIntel,58.41121495,,,,,,,,,,,,,,,,,y,,,,,,,,,,,,,,,,,,,,,,,,,,,,,,,,,,,,,,,,,,,,,,,,,,,,,,,,,,,,,,,,,,,,,,,,,,589.247,590.665,y,1.411,,0,5,5,5,1,stimuliTAFCsec/numnym006.wav,,
,,,,,34,001,2024-05-28_13h22.34.547,mathesisv2,2024.1.3,MacIntel,58.41121495,,,,,,,,,,,,,,,,,u,,,,,,,,,,,,,,,,,,,,,,,,,,,,,,,,,,,,,,,,,,,,,,,,,,,,,,,,,,,,,,,,,,,,,,,,,,590.667,592.198,u,1.515,,0,6,6,2,1,stimuliTAFCsec/numnym003.wav,,
,,,,,34,001,2024-05-28_13h22.34.547,mathesisv2,2024.1.3,MacIntel,58.41121495,,,,,,,,,,,,,,,,,y,,,,,,,,,,,,,,,,,,,,,,,,,,,,,,,,,,,,,,,,,,,,,,,,,,,,,,,,,,,,,,,,,,,,,,,,,,592.199,593.863,y,1.651,,1,0,7,4,1,stimuliTAFCsec/numnym005.wav,,
,,,,,34,001,2024-05-28_13h22.34.547,mathesisv2,2024.1.3,MacIntel,58.41121495,,,,,,,,,,,,,,,,,u,,,,,,,,,,,,,,,,,,,,,,,,,,,,,,,,,,,,,,,,,,,,,,,,,,,,,,,,,,,,,,,,,,,,,,,,,,593.864,595.332,u,1.451,,1,1,8,1,1,stimuliTAFCsec/numnym002.wav,,
,,,,,34,001,2024-05-28_13h22.34.547,mathesisv2,2024.1.3,MacIntel,58.41121495,,,,,,,,,,,,,,,,,u,,,,,,,,,,,,,,,,,,,,,,,,,,,,,,,,,,,,,,,,,,,,,,,,,,,,,,,,,,,,,,,,,,,,,,,,,,595.333,596.8,u,1.457,,1,2,9,0,1,stimuliTAFCsec/numnym001.wav,,
,,,,,34,001,2024-05-28_13h22.34.547,mathesisv2,2024.1.3,MacIntel,58.41121495,,,,,,,,,,,,,,,,,y,,,,,,,,,,,,,,,,,,,,,,,,,,,,,,,,,,,,,,,,,,,,,,,,,,,,,,,,,,,,,,,,,,,,,,,,,,596.801,598.38,y,1.573,,1,3,10,5,1,stimuliTAFCsec/numnym006.wav,,
,,,,,34,001,2024-05-28_13h22.34.547,mathesisv2,2024.1.3,MacIntel,58.41121495,,,,,,,,,,,,,,,,,x,,,,,,,,,,,,,,,,,,,,,,,,,,,,,,,,,,,,,,,,,,,,,,,,,,,,,,,,,,,,,,,,,,,,,,,,,,598.381,600.381,u,1.996,,1,4,11,3,1,stimuliTAFCsec/numnym004.wav,,
,,,,,34,001,2024-05-28_13h22.34.547,mathesisv2,2024.1.3,MacIntel,58.41121495,,,,,,,,,,,,,,,,,y,,,,,,,,,,,,,,,,,,,,,,,,,,,,,,,,,,,,,,,,,,,,,,,,,,,,,,,,,,,,,,,,,,,,,,,,,,600.383,601.9,y,1.512,,1,5,12,6,1,stimuliTAFCsec/numnym007.wav,,
,,,,,34,001,2024-05-28_13h22.34.547,mathesisv2,2024.1.3,MacIntel,58.41121495,,,,,,,,,,,,,,,,,u,,,,,,,,,,,,,,,,,,,,,,,,,,,,,,,,,,,,,,,,,,,,,,,,,,,,,,,,,,,,,,,,,,,,,,,,,,601.9,603.348,u,1.442,,1,6,13,2,1,stimuliTAFCsec/numnym003.wav,,
,,,,,34,001,2024-05-28_13h22.34.547,mathesisv2,2024.1.3,MacIntel,58.41121495,,,,,,,,,,,,,,,,,,,,,,,,,,,,,,,,,,,,,,,,,,,603.348,609.398,space,6.035,,,,,,,,,,,,,,,,,,,,,,,,,,,,,,,,,,,,,,,,,,,,,,,,,,,,,,,,609.399,614.398
