﻿start.started,start.stopped,startkey_resp.keys,startkey_resp.rt,startkey_resp.duration,participant,session,date,expName,psychopyVersion,OS,frameRate,attention.started,attention.stopped,key_resp.keys,key_resp.rt,key_resp.duration,stimuliAXBmix.started,stimuliAXBmix.stopped,stimuliAXBkey_resp.keys,stimuliAXBkey_resp.rt,stimuliAXBkey_resp.duration,stimuliAXBtesttrials.thisRepN,stimuliAXBtesttrials.thisTrialN,stimuliAXBtesttrials.thisN,stimuliAXBtesttrials.thisIndex,stimuliAXBtesttrials.ran,stimuliAXBmix,Correct,attentionsecond.started,attentionsecond.stopped,attentionsecondkey_resp.keys,attentionsecondkey_resp.rt,attentionsecondkey_resp.duration,instAXBreal.started,instAXBreal.stopped,instAXBrealkey_resp.keys,instAXBrealkey_resp.rt,instAXBrealkey_resp.duration,stimuliAXBmixfirst.thisRepN,stimuliAXBmixfirst.thisTrialN,stimuliAXBmixfirst.thisN,stimuliAXBmixfirst.thisIndex,stimuliAXBmixfirst.ran,attentionfirst.started,attentionfirst.stopped,attentionfirstkey_resp.keys,attentionfirstkey_resp.rt,attentionfirstkey_resp.duration,stimuliAXbmixsec.thisRepN,stimuliAXbmixsec.thisTrialN,stimuliAXbmixsec.thisN,stimuliAXbmixsec.thisIndex,stimuliAXbmixsec.ran,kaffeepause.started,kaffeepause.stopped,kaffeepausekey_resp.keys,kaffeepausekey_resp.rt,kaffeepausekey_resp.duration,instTAFCtest.started,instTAFCtest.stopped,instTAFCtestkey_resp.keys,instTAFCtestkey_resp.rt,instTAFCtestkey_resp.duration,testTAFCmixfirst.started,testTAFCmixfirst.stopped,testTAFCmixfirstkey_resp.keys,testTAFCmixfirstkey_resp.rt,testTAFCmixfirstkey_resp.duration,testTAFCmixfirsttrials.thisRepN,testTAFCmixfirsttrials.thisTrialN,testTAFCmixfirsttrials.thisN,testTAFCmixfirsttrials.thisIndex,testTAFCmixfirsttrials.ran,testTAFCmixfirst,testTAFCmixsec.started,testTAFCmixsec.stopped,testTAFCmixseckey_resp.keys,testTAFCmixseckey_resp.rt,testTAFCmixseckey_resp.duration,testTAFCmixsectrials.thisRepN,testTAFCmixsectrials.thisTrialN,testTAFCmixsectrials.thisN,testTAFCmixsectrials.thisIndex,testTAFCmixsectrials.ran,testTAFCmixsec,instTAFCreal.started,instTAFCreal.stopped,instTAFCrealkey_resp.keys,instTAFCrealkey_resp.rt,instTAFCrealkey_resp.duration,stimuliTAFCfirst.started,stimuliTAFCfirst.stopped,stimuliTAFCfirstkey_resp.keys,stimuliTAFCfirstkey_resp.rt,stimuliTAFCfirstkey_resp.duration,stimuliTAFCfirsttrials.thisRepN,stimuliTAFCfirsttrials.thisTrialN,stimuliTAFCfirsttrials.thisN,stimuliTAFCfirsttrials.thisIndex,stimuliTAFCfirsttrials.ran,stimuliTAFCfirst,stimuliTAFCsec.started,stimuliTAFCsec.stopped,stimuliTAFCseckey_resp.keys,stimuliTAFCseckey_resp.rt,stimuliTAFCseckey_resp.duration,stimuliTAFCsectrials.thisRepN,stimuliTAFCsectrials.thisTrialN,stimuliTAFCsectrials.thisN,stimuliTAFCsectrials.thisIndex,stimuliTAFCsectrials.ran,stimuliTAFCsec,end.started,end.stopped
0.001,20.185,space,20.164,,41,001,2024-06-05_10h51.17.120,mathesisv2,2024.1.3,MacIntel,83.33333333,,,,,,,,,,,,,,,,,,,,,,,,,,,,,,,,,,,,,,,,,,,,,,,,,,,,,,,,,,,,,,,,,,,,,,,,,,,,,,,,,,,,,,,,,,,,,,,,,,,,,,,
,,,,,41,001,2024-06-05_10h51.17.120,mathesisv2,2024.1.3,MacIntel,83.33333333,20.186,34.174,space,13.961,,,,,,,,,,,,,,,,,,,,,,,,,,,,,,,,,,,,,,,,,,,,,,,,,,,,,,,,,,,,,,,,,,,,,,,,,,,,,,,,,,,,,,,,,,,,,,,,,,,
,,,,,41,001,2024-06-05_10h51.17.120,mathesisv2,2024.1.3,MacIntel,83.33333333,,,,,,34.194,42.796,l,8.572,,0,0,0,3,1,stimuliAXBmix/yyustimulus.wav,l,,,,,,,,,,,,,,,,,,,,,,,,,,,,,,,,,,,,,,,,,,,,,,,,,,,,,,,,,,,,,,,,,,,,,,,,,,,,,,,,,,,,,,
,,,,,41,001,2024-06-05_10h51.17.120,mathesisv2,2024.1.3,MacIntel,83.33333333,,,,,,42.796,47.271,f,4.459,,0,1,1,1,1,stimuliAXBmix/iyystimulus.wav,f,,,,,,,,,,,,,,,,,,,,,,,,,,,,,,,,,,,,,,,,,,,,,,,,,,,,,,,,,,,,,,,,,,,,,,,,,,,,,,,,,,,,,,
,,,,,41,001,2024-06-05_10h51.17.120,mathesisv2,2024.1.3,MacIntel,83.33333333,,,,,,47.273,52.75,l,5.47,,0,2,2,0,1,stimuliAXBmix/iiystimulus.wav,l,,,,,,,,,,,,,,,,,,,,,,,,,,,,,,,,,,,,,,,,,,,,,,,,,,,,,,,,,,,,,,,,,,,,,,,,,,,,,,,,,,,,,,
,,,,,41,001,2024-06-05_10h51.17.120,mathesisv2,2024.1.3,MacIntel,83.33333333,,,,,,52.752,56.766,f,4.001,,0,3,3,2,1,stimuliAXBmix/yuustimulus.wav,f,,,,,,,,,,,,,,,,,,,,,,,,,,,,,,,,,,,,,,,,,,,,,,,,,,,,,,,,,,,,,,,,,,,,,,,,,,,,,,,,,,,,,,
,,,,,41,001,2024-06-05_10h51.17.120,mathesisv2,2024.1.3,MacIntel,83.33333333,,,,,,,,,,,,,,,,,,56.767,63.025,space,6.228,,,,,,,,,,,,,,,,,,,,,,,,,,,,,,,,,,,,,,,,,,,,,,,,,,,,,,,,,,,,,,,,,,,,,,,,,,,,,,,,,,
,,,,,41,001,2024-06-05_10h51.17.120,mathesisv2,2024.1.3,MacIntel,83.33333333,,,,,,,,,,,,,,,,,,,,,,,63.026,92.233,space,29.173,,,,,,,,,,,,,,,,,,,,,,,,,,,,,,,,,,,,,,,,,,,,,,,,,,,,,,,,,,,,,,,,,,,,,,,,,,,,,
,,,,,41,001,2024-06-05_10h51.17.120,mathesisv2,2024.1.3,MacIntel,83.33333333,,,,,,92.241,99.45,f,7.202,,,,,,,stimuliAXBmix/iyystimulus.wav,f,,,,,,,,,,,0,0,0,1,1,,,,,,,,,,,,,,,,,,,,,,,,,,,,,,,,,,,,,,,,,,,,,,,,,,,,,,,,,,,,,,,,,,,,,,,
,,,,,41,001,2024-06-05_10h51.17.120,mathesisv2,2024.1.3,MacIntel,83.33333333,,,,,,99.451,104.334,f,4.871,,,,,,,stimuliAXBmix/yuustimulus.wav,f,,,,,,,,,,,0,1,1,2,1,,,,,,,,,,,,,,,,,,,,,,,,,,,,,,,,,,,,,,,,,,,,,,,,,,,,,,,,,,,,,,,,,,,,,,,
,,,,,41,001,2024-06-05_10h51.17.120,mathesisv2,2024.1.3,MacIntel,83.33333333,,,,,,104.336,111.092,l,6.747,,,,,,,stimuliAXBmix/iiystimulus.wav,l,,,,,,,,,,,0,2,2,0,1,,,,,,,,,,,,,,,,,,,,,,,,,,,,,,,,,,,,,,,,,,,,,,,,,,,,,,,,,,,,,,,,,,,,,,,
,,,,,41,001,2024-06-05_10h51.17.120,mathesisv2,2024.1.3,MacIntel,83.33333333,,,,,,111.093,115.261,l,4.159,,,,,,,stimuliAXBmix/yyustimulus.wav,l,,,,,,,,,,,0,3,3,3,1,,,,,,,,,,,,,,,,,,,,,,,,,,,,,,,,,,,,,,,,,,,,,,,,,,,,,,,,,,,,,,,,,,,,,,,
,,,,,41,001,2024-06-05_10h51.17.120,mathesisv2,2024.1.3,MacIntel,83.33333333,,,,,,115.262,119.096,f,3.819,,,,,,,stimuliAXBmix/iyystimulus.wav,f,,,,,,,,,,,1,0,4,1,1,,,,,,,,,,,,,,,,,,,,,,,,,,,,,,,,,,,,,,,,,,,,,,,,,,,,,,,,,,,,,,,,,,,,,,,
,,,,,41,001,2024-06-05_10h51.17.120,mathesisv2,2024.1.3,MacIntel,83.33333333,,,,,,119.097,125.691,l,6.585,,,,,,,stimuliAXBmix/yyustimulus.wav,l,,,,,,,,,,,1,1,5,3,1,,,,,,,,,,,,,,,,,,,,,,,,,,,,,,,,,,,,,,,,,,,,,,,,,,,,,,,,,,,,,,,,,,,,,,,
,,,,,41,001,2024-06-05_10h51.17.120,mathesisv2,2024.1.3,MacIntel,83.33333333,,,,,,125.692,129.366,l,3.659,,,,,,,stimuliAXBmix/iiystimulus.wav,l,,,,,,,,,,,1,2,6,0,1,,,,,,,,,,,,,,,,,,,,,,,,,,,,,,,,,,,,,,,,,,,,,,,,,,,,,,,,,,,,,,,,,,,,,,,
,,,,,41,001,2024-06-05_10h51.17.120,mathesisv2,2024.1.3,MacIntel,83.33333333,,,,,,129.367,133.764,f,4.391,,,,,,,stimuliAXBmix/yuustimulus.wav,f,,,,,,,,,,,1,3,7,2,1,,,,,,,,,,,,,,,,,,,,,,,,,,,,,,,,,,,,,,,,,,,,,,,,,,,,,,,,,,,,,,,,,,,,,,,
,,,,,41,001,2024-06-05_10h51.17.120,mathesisv2,2024.1.3,MacIntel,83.33333333,,,,,,133.765,137.416,f,3.641,,,,,,,stimuliAXBmix/yuustimulus.wav,f,,,,,,,,,,,2,0,8,2,1,,,,,,,,,,,,,,,,,,,,,,,,,,,,,,,,,,,,,,,,,,,,,,,,,,,,,,,,,,,,,,,,,,,,,,,
,,,,,41,001,2024-06-05_10h51.17.120,mathesisv2,2024.1.3,MacIntel,83.33333333,,,,,,137.418,140.976,l,3.545,,,,,,,stimuliAXBmix/yyustimulus.wav,l,,,,,,,,,,,2,1,9,3,1,,,,,,,,,,,,,,,,,,,,,,,,,,,,,,,,,,,,,,,,,,,,,,,,,,,,,,,,,,,,,,,,,,,,,,,
,,,,,41,001,2024-06-05_10h51.17.120,mathesisv2,2024.1.3,MacIntel,83.33333333,,,,,,140.977,145.504,l,4.518,,,,,,,stimuliAXBmix/iiystimulus.wav,l,,,,,,,,,,,2,2,10,0,1,,,,,,,,,,,,,,,,,,,,,,,,,,,,,,,,,,,,,,,,,,,,,,,,,,,,,,,,,,,,,,,,,,,,,,,
,,,,,41,001,2024-06-05_10h51.17.120,mathesisv2,2024.1.3,MacIntel,83.33333333,,,,,,145.504,149.084,f,3.566,,,,,,,stimuliAXBmix/iyystimulus.wav,f,,,,,,,,,,,2,3,11,1,1,,,,,,,,,,,,,,,,,,,,,,,,,,,,,,,,,,,,,,,,,,,,,,,,,,,,,,,,,,,,,,,,,,,,,,,
,,,,,41,001,2024-06-05_10h51.17.120,mathesisv2,2024.1.3,MacIntel,83.33333333,,,,,,158.426,165.073,f,6.643,,,,,,,stimuliAXBmix/yuustimulus.wav,f,,,,,,,,,,,,,,,,149.086,158.421,return,9.306,,0,0,0,2,1,,,,,,,,,,,,,,,,,,,,,,,,,,,,,,,,,,,,,,,,,,,,,,,,,,,,,,,,,,,,,
,,,,,41,001,2024-06-05_10h51.17.120,mathesisv2,2024.1.3,MacIntel,83.33333333,,,,,,165.075,168.754,f,3.672,,,,,,,stimuliAXBmix/iyystimulus.wav,f,,,,,,,,,,,,,,,,,,,,,0,1,1,1,1,,,,,,,,,,,,,,,,,,,,,,,,,,,,,,,,,,,,,,,,,,,,,,,,,,,,,,,,,,,,,
,,,,,41,001,2024-06-05_10h51.17.120,mathesisv2,2024.1.3,MacIntel,83.33333333,,,,,,168.754,172.202,l,3.431,,,,,,,stimuliAXBmix/yyustimulus.wav,l,,,,,,,,,,,,,,,,,,,,,0,2,2,3,1,,,,,,,,,,,,,,,,,,,,,,,,,,,,,,,,,,,,,,,,,,,,,,,,,,,,,,,,,,,,,
,,,,,41,001,2024-06-05_10h51.17.120,mathesisv2,2024.1.3,MacIntel,83.33333333,,,,,,172.203,176.686,l,4.479,,,,,,,stimuliAXBmix/iiystimulus.wav,l,,,,,,,,,,,,,,,,,,,,,0,3,3,0,1,,,,,,,,,,,,,,,,,,,,,,,,,,,,,,,,,,,,,,,,,,,,,,,,,,,,,,,,,,,,,
,,,,,41,001,2024-06-05_10h51.17.120,mathesisv2,2024.1.3,MacIntel,83.33333333,,,,,,176.687,180.036,l,3.339,,,,,,,stimuliAXBmix/yyustimulus.wav,l,,,,,,,,,,,,,,,,,,,,,1,0,4,3,1,,,,,,,,,,,,,,,,,,,,,,,,,,,,,,,,,,,,,,,,,,,,,,,,,,,,,,,,,,,,,
,,,,,41,001,2024-06-05_10h51.17.120,mathesisv2,2024.1.3,MacIntel,83.33333333,,,,,,180.037,183.27,f,3.224,,,,,,,stimuliAXBmix/yuustimulus.wav,f,,,,,,,,,,,,,,,,,,,,,1,1,5,2,1,,,,,,,,,,,,,,,,,,,,,,,,,,,,,,,,,,,,,,,,,,,,,,,,,,,,,,,,,,,,,
,,,,,41,001,2024-06-05_10h51.17.120,mathesisv2,2024.1.3,MacIntel,83.33333333,,,,,,183.271,187.014,l,3.739,,,,,,,stimuliAXBmix/iiystimulus.wav,l,,,,,,,,,,,,,,,,,,,,,1,2,6,0,1,,,,,,,,,,,,,,,,,,,,,,,,,,,,,,,,,,,,,,,,,,,,,,,,,,,,,,,,,,,,,
,,,,,41,001,2024-06-05_10h51.17.120,mathesisv2,2024.1.3,MacIntel,83.33333333,,,,,,187.015,190.359,f,3.331,,,,,,,stimuliAXBmix/iyystimulus.wav,f,,,,,,,,,,,,,,,,,,,,,1,3,7,1,1,,,,,,,,,,,,,,,,,,,,,,,,,,,,,,,,,,,,,,,,,,,,,,,,,,,,,,,,,,,,,
,,,,,41,001,2024-06-05_10h51.17.120,mathesisv2,2024.1.3,MacIntel,83.33333333,,,,,,209.103,212.999,f,3.887,,,,,,,stimuliAXBmix/iyystimulus.wav,f,,,,,,,,,,,0,0,0,1,1,,,,,,,,,,,190.361,209.096,space,18.714,,,,,,,,,,,,,,,,,,,,,,,,,,,,,,,,,,,,,,,,,,,,,,,,,,,,,,,,,
,,,,,41,001,2024-06-05_10h51.17.120,mathesisv2,2024.1.3,MacIntel,83.33333333,,,,,,213.001,216.697,l,3.688,,,,,,,stimuliAXBmix/iiystimulus.wav,l,,,,,,,,,,,0,1,1,0,1,,,,,,,,,,,,,,,,,,,,,,,,,,,,,,,,,,,,,,,,,,,,,,,,,,,,,,,,,,,,,,,,,,,,,,,
,,,,,41,001,2024-06-05_10h51.17.120,mathesisv2,2024.1.3,MacIntel,83.33333333,,,,,,216.697,220.079,f,3.372,,,,,,,stimuliAXBmix/yuustimulus.wav,f,,,,,,,,,,,0,2,2,2,1,,,,,,,,,,,,,,,,,,,,,,,,,,,,,,,,,,,,,,,,,,,,,,,,,,,,,,,,,,,,,,,,,,,,,,,
,,,,,41,001,2024-06-05_10h51.17.120,mathesisv2,2024.1.3,MacIntel,83.33333333,,,,,,220.079,224.005,l,3.918,,,,,,,stimuliAXBmix/yyustimulus.wav,l,,,,,,,,,,,0,3,3,3,1,,,,,,,,,,,,,,,,,,,,,,,,,,,,,,,,,,,,,,,,,,,,,,,,,,,,,,,,,,,,,,,,,,,,,,,
,,,,,41,001,2024-06-05_10h51.17.120,mathesisv2,2024.1.3,MacIntel,83.33333333,,,,,,224.006,227.34,l,3.33,,,,,,,stimuliAXBmix/yyustimulus.wav,l,,,,,,,,,,,1,0,4,3,1,,,,,,,,,,,,,,,,,,,,,,,,,,,,,,,,,,,,,,,,,,,,,,,,,,,,,,,,,,,,,,,,,,,,,,,
,,,,,41,001,2024-06-05_10h51.17.120,mathesisv2,2024.1.3,MacIntel,83.33333333,,,,,,227.341,232.16,f,4.807,,,,,,,stimuliAXBmix/iyystimulus.wav,f,,,,,,,,,,,1,1,5,1,1,,,,,,,,,,,,,,,,,,,,,,,,,,,,,,,,,,,,,,,,,,,,,,,,,,,,,,,,,,,,,,,,,,,,,,,
,,,,,41,001,2024-06-05_10h51.17.120,mathesisv2,2024.1.3,MacIntel,83.33333333,,,,,,232.161,236.239,f,4.068,,,,,,,stimuliAXBmix/yuustimulus.wav,f,,,,,,,,,,,1,2,6,2,1,,,,,,,,,,,,,,,,,,,,,,,,,,,,,,,,,,,,,,,,,,,,,,,,,,,,,,,,,,,,,,,,,,,,,,,
,,,,,41,001,2024-06-05_10h51.17.120,mathesisv2,2024.1.3,MacIntel,83.33333333,,,,,,236.24,240.471,l,4.227,,,,,,,stimuliAXBmix/iiystimulus.wav,l,,,,,,,,,,,1,3,7,0,1,,,,,,,,,,,,,,,,,,,,,,,,,,,,,,,,,,,,,,,,,,,,,,,,,,,,,,,,,,,,,,,,,,,,,,,
,,,,,41,001,2024-06-05_10h51.17.120,mathesisv2,2024.1.3,MacIntel,83.33333333,,,,,,240.472,244.266,f,3.786,,,,,,,stimuliAXBmix/iyystimulus.wav,f,,,,,,,,,,,2,0,8,1,1,,,,,,,,,,,,,,,,,,,,,,,,,,,,,,,,,,,,,,,,,,,,,,,,,,,,,,,,,,,,,,,,,,,,,,,
,,,,,41,001,2024-06-05_10h51.17.120,mathesisv2,2024.1.3,MacIntel,83.33333333,,,,,,244.267,248.167,f,3.885,,,,,,,stimuliAXBmix/yuustimulus.wav,f,,,,,,,,,,,2,1,9,2,1,,,,,,,,,,,,,,,,,,,,,,,,,,,,,,,,,,,,,,,,,,,,,,,,,,,,,,,,,,,,,,,,,,,,,,,
,,,,,41,001,2024-06-05_10h51.17.120,mathesisv2,2024.1.3,MacIntel,83.33333333,,,,,,248.168,252.147,l,3.968,,,,,,,stimuliAXBmix/iiystimulus.wav,l,,,,,,,,,,,2,2,10,0,1,,,,,,,,,,,,,,,,,,,,,,,,,,,,,,,,,,,,,,,,,,,,,,,,,,,,,,,,,,,,,,,,,,,,,,,
,,,,,41,001,2024-06-05_10h51.17.120,mathesisv2,2024.1.3,MacIntel,83.33333333,,,,,,252.148,256.24,l,4.082,,,,,,,stimuliAXBmix/yyustimulus.wav,l,,,,,,,,,,,2,3,11,3,1,,,,,,,,,,,,,,,,,,,,,,,,,,,,,,,,,,,,,,,,,,,,,,,,,,,,,,,,,,,,,,,,,,,,,,,
,,,,,41,001,2024-06-05_10h51.17.120,mathesisv2,2024.1.3,MacIntel,83.33333333,,,,,,266.824,270.766,f,3.931,,,,,,,stimuliAXBmix/yuustimulus.wav,f,,,,,,,,,,,,,,,,256.24,266.816,return,10.558,,0,0,0,2,1,,,,,,,,,,,,,,,,,,,,,,,,,,,,,,,,,,,,,,,,,,,,,,,,,,,,,,,,,,,,,
,,,,,41,001,2024-06-05_10h51.17.120,mathesisv2,2024.1.3,MacIntel,83.33333333,,,,,,270.768,274.236,l,3.453,,,,,,,stimuliAXBmix/yyustimulus.wav,l,,,,,,,,,,,,,,,,,,,,,0,1,1,3,1,,,,,,,,,,,,,,,,,,,,,,,,,,,,,,,,,,,,,,,,,,,,,,,,,,,,,,,,,,,,,
,,,,,41,001,2024-06-05_10h51.17.120,mathesisv2,2024.1.3,MacIntel,83.33333333,,,,,,274.237,278.115,l,3.867,,,,,,,stimuliAXBmix/iiystimulus.wav,l,,,,,,,,,,,,,,,,,,,,,0,2,2,0,1,,,,,,,,,,,,,,,,,,,,,,,,,,,,,,,,,,,,,,,,,,,,,,,,,,,,,,,,,,,,,
,,,,,41,001,2024-06-05_10h51.17.120,mathesisv2,2024.1.3,MacIntel,83.33333333,,,,,,278.115,282.021,f,3.903,,,,,,,stimuliAXBmix/iyystimulus.wav,f,,,,,,,,,,,,,,,,,,,,,0,3,3,1,1,,,,,,,,,,,,,,,,,,,,,,,,,,,,,,,,,,,,,,,,,,,,,,,,,,,,,,,,,,,,,
,,,,,41,001,2024-06-05_10h51.17.120,mathesisv2,2024.1.3,MacIntel,83.33333333,,,,,,282.023,285.993,f,3.96,,,,,,,stimuliAXBmix/iyystimulus.wav,f,,,,,,,,,,,,,,,,,,,,,1,0,4,1,1,,,,,,,,,,,,,,,,,,,,,,,,,,,,,,,,,,,,,,,,,,,,,,,,,,,,,,,,,,,,,
,,,,,41,001,2024-06-05_10h51.17.120,mathesisv2,2024.1.3,MacIntel,83.33333333,,,,,,285.994,289.71,l,3.704,,,,,,,stimuliAXBmix/iiystimulus.wav,l,,,,,,,,,,,,,,,,,,,,,1,1,5,0,1,,,,,,,,,,,,,,,,,,,,,,,,,,,,,,,,,,,,,,,,,,,,,,,,,,,,,,,,,,,,,
,,,,,41,001,2024-06-05_10h51.17.120,mathesisv2,2024.1.3,MacIntel,83.33333333,,,,,,289.711,293.436,f,3.72,,,,,,,stimuliAXBmix/yuustimulus.wav,f,,,,,,,,,,,,,,,,,,,,,1,2,6,2,1,,,,,,,,,,,,,,,,,,,,,,,,,,,,,,,,,,,,,,,,,,,,,,,,,,,,,,,,,,,,,
,,,,,41,001,2024-06-05_10h51.17.120,mathesisv2,2024.1.3,MacIntel,83.33333333,,,,,,293.436,297.14,l,3.694,,,,,,,stimuliAXBmix/yyustimulus.wav,l,,,,,,,,,,,,,,,,,,,,,1,3,7,3,1,,,,,,,,,,,,,,,,,,,,,,,,,,,,,,,,,,,,,,,,,,,,,,,,,,,,,,,,,,,,,
,,,,,41,001,2024-06-05_10h51.17.120,mathesisv2,2024.1.3,MacIntel,83.33333333,,,,,,304.989,310.115,f,5.119,,,,,,,stimuliAXBmix/iyystimulus.wav,f,,,,,,,,,,,0,0,0,1,1,,,,,,,,,,,297.141,304.985,space,7.824,,,,,,,,,,,,,,,,,,,,,,,,,,,,,,,,,,,,,,,,,,,,,,,,,,,,,,,,,
,,,,,41,001,2024-06-05_10h51.17.120,mathesisv2,2024.1.3,MacIntel,83.33333333,,,,,,310.115,313.983,l,3.856,,,,,,,stimuliAXBmix/yyustimulus.wav,l,,,,,,,,,,,0,1,1,3,1,,,,,,,,,,,,,,,,,,,,,,,,,,,,,,,,,,,,,,,,,,,,,,,,,,,,,,,,,,,,,,,,,,,,,,,
,,,,,41,001,2024-06-05_10h51.17.120,mathesisv2,2024.1.3,MacIntel,83.33333333,,,,,,313.984,317.747,f,3.752,,,,,,,stimuliAXBmix/yuustimulus.wav,f,,,,,,,,,,,0,2,2,2,1,,,,,,,,,,,,,,,,,,,,,,,,,,,,,,,,,,,,,,,,,,,,,,,,,,,,,,,,,,,,,,,,,,,,,,,
,,,,,41,001,2024-06-05_10h51.17.120,mathesisv2,2024.1.3,MacIntel,83.33333333,,,,,,317.747,322.06,l,4.304,,,,,,,stimuliAXBmix/iiystimulus.wav,l,,,,,,,,,,,0,3,3,0,1,,,,,,,,,,,,,,,,,,,,,,,,,,,,,,,,,,,,,,,,,,,,,,,,,,,,,,,,,,,,,,,,,,,,,,,
,,,,,41,001,2024-06-05_10h51.17.120,mathesisv2,2024.1.3,MacIntel,83.33333333,,,,,,322.06,326.564,l,4.493,,,,,,,stimuliAXBmix/iiystimulus.wav,l,,,,,,,,,,,1,0,4,0,1,,,,,,,,,,,,,,,,,,,,,,,,,,,,,,,,,,,,,,,,,,,,,,,,,,,,,,,,,,,,,,,,,,,,,,,
,,,,,41,001,2024-06-05_10h51.17.120,mathesisv2,2024.1.3,MacIntel,83.33333333,,,,,,326.565,331.793,l,5.225,,,,,,,stimuliAXBmix/yyustimulus.wav,l,,,,,,,,,,,1,1,5,3,1,,,,,,,,,,,,,,,,,,,,,,,,,,,,,,,,,,,,,,,,,,,,,,,,,,,,,,,,,,,,,,,,,,,,,,,
,,,,,41,001,2024-06-05_10h51.17.120,mathesisv2,2024.1.3,MacIntel,83.33333333,,,,,,331.795,339.175,f,7.364,,,,,,,stimuliAXBmix/iyystimulus.wav,f,,,,,,,,,,,1,2,6,1,1,,,,,,,,,,,,,,,,,,,,,,,,,,,,,,,,,,,,,,,,,,,,,,,,,,,,,,,,,,,,,,,,,,,,,,,
,,,,,41,001,2024-06-05_10h51.17.120,mathesisv2,2024.1.3,MacIntel,83.33333333,,,,,,339.176,343.251,f,4.07,,,,,,,stimuliAXBmix/yuustimulus.wav,f,,,,,,,,,,,1,3,7,2,1,,,,,,,,,,,,,,,,,,,,,,,,,,,,,,,,,,,,,,,,,,,,,,,,,,,,,,,,,,,,,,,,,,,,,,,
,,,,,41,001,2024-06-05_10h51.17.120,mathesisv2,2024.1.3,MacIntel,83.33333333,,,,,,343.252,347.122,l,3.856,,,,,,,stimuliAXBmix/yyustimulus.wav,l,,,,,,,,,,,2,0,8,3,1,,,,,,,,,,,,,,,,,,,,,,,,,,,,,,,,,,,,,,,,,,,,,,,,,,,,,,,,,,,,,,,,,,,,,,,
,,,,,41,001,2024-06-05_10h51.17.120,mathesisv2,2024.1.3,MacIntel,83.33333333,,,,,,347.123,350.858,f,3.721,,,,,,,stimuliAXBmix/iyystimulus.wav,f,,,,,,,,,,,2,1,9,1,1,,,,,,,,,,,,,,,,,,,,,,,,,,,,,,,,,,,,,,,,,,,,,,,,,,,,,,,,,,,,,,,,,,,,,,,
,,,,,41,001,2024-06-05_10h51.17.120,mathesisv2,2024.1.3,MacIntel,83.33333333,,,,,,350.86,354.788,l,3.924,,,,,,,stimuliAXBmix/iiystimulus.wav,l,,,,,,,,,,,2,2,10,0,1,,,,,,,,,,,,,,,,,,,,,,,,,,,,,,,,,,,,,,,,,,,,,,,,,,,,,,,,,,,,,,,,,,,,,,,
,,,,,41,001,2024-06-05_10h51.17.120,mathesisv2,2024.1.3,MacIntel,83.33333333,,,,,,354.789,359.077,f,4.281,,,,,,,stimuliAXBmix/yuustimulus.wav,f,,,,,,,,,,,2,3,11,2,1,,,,,,,,,,,,,,,,,,,,,,,,,,,,,,,,,,,,,,,,,,,,,,,,,,,,,,,,,,,,,,,,,,,,,,,
,,,,,41,001,2024-06-05_10h51.17.120,mathesisv2,2024.1.3,MacIntel,83.33333333,,,,,,363.789,367.903,l,4.101,,,,,,,stimuliAXBmix/iiystimulus.wav,l,,,,,,,,,,,,,,,,359.077,363.785,return,4.693,,0,0,0,0,1,,,,,,,,,,,,,,,,,,,,,,,,,,,,,,,,,,,,,,,,,,,,,,,,,,,,,,,,,,,,,
,,,,,41,001,2024-06-05_10h51.17.120,mathesisv2,2024.1.3,MacIntel,83.33333333,,,,,,367.904,371.999,f,4.09,,,,,,,stimuliAXBmix/iyystimulus.wav,f,,,,,,,,,,,,,,,,,,,,,0,1,1,1,1,,,,,,,,,,,,,,,,,,,,,,,,,,,,,,,,,,,,,,,,,,,,,,,,,,,,,,,,,,,,,
,,,,,41,001,2024-06-05_10h51.17.120,mathesisv2,2024.1.3,MacIntel,83.33333333,,,,,,372,375.927,l,3.916,,,,,,,stimuliAXBmix/yyustimulus.wav,l,,,,,,,,,,,,,,,,,,,,,0,2,2,3,1,,,,,,,,,,,,,,,,,,,,,,,,,,,,,,,,,,,,,,,,,,,,,,,,,,,,,,,,,,,,,
,,,,,41,001,2024-06-05_10h51.17.120,mathesisv2,2024.1.3,MacIntel,83.33333333,,,,,,375.927,379.647,f,3.71,,,,,,,stimuliAXBmix/yuustimulus.wav,f,,,,,,,,,,,,,,,,,,,,,0,3,3,2,1,,,,,,,,,,,,,,,,,,,,,,,,,,,,,,,,,,,,,,,,,,,,,,,,,,,,,,,,,,,,,
,,,,,41,001,2024-06-05_10h51.17.120,mathesisv2,2024.1.3,MacIntel,83.33333333,,,,,,379.648,383.658,f,4.003,,,,,,,stimuliAXBmix/iyystimulus.wav,f,,,,,,,,,,,,,,,,,,,,,1,0,4,1,1,,,,,,,,,,,,,,,,,,,,,,,,,,,,,,,,,,,,,,,,,,,,,,,,,,,,,,,,,,,,,
,,,,,41,001,2024-06-05_10h51.17.120,mathesisv2,2024.1.3,MacIntel,83.33333333,,,,,,383.659,387.54,f,3.877,,,,,,,stimuliAXBmix/yuustimulus.wav,f,,,,,,,,,,,,,,,,,,,,,1,1,5,2,1,,,,,,,,,,,,,,,,,,,,,,,,,,,,,,,,,,,,,,,,,,,,,,,,,,,,,,,,,,,,,
,,,,,41,001,2024-06-05_10h51.17.120,mathesisv2,2024.1.3,MacIntel,83.33333333,,,,,,387.541,391.369,l,3.821,,,,,,,stimuliAXBmix/iiystimulus.wav,l,,,,,,,,,,,,,,,,,,,,,1,2,6,0,1,,,,,,,,,,,,,,,,,,,,,,,,,,,,,,,,,,,,,,,,,,,,,,,,,,,,,,,,,,,,,
,,,,,41,001,2024-06-05_10h51.17.120,mathesisv2,2024.1.3,MacIntel,83.33333333,,,,,,391.369,395.545,l,4.163,,,,,,,stimuliAXBmix/yyustimulus.wav,l,,,,,,,,,,,,,,,,,,,,,1,3,7,3,1,,,,,,,,,,,,,,,,,,,,,,,,,,,,,,,,,,,,,,,,,,,,,,,,,,,,,,,,,,,,,
,,,,,41,001,2024-06-05_10h51.17.120,mathesisv2,2024.1.3,MacIntel,83.33333333,,,,,,407.485,411.547,l,4.055,,,,,,,stimuliAXBmix/iiystimulus.wav,l,,,,,,,,,,,0,0,0,0,1,,,,,,,,,,,395.546,407.482,space,11.923,,,,,,,,,,,,,,,,,,,,,,,,,,,,,,,,,,,,,,,,,,,,,,,,,,,,,,,,,
,,,,,41,001,2024-06-05_10h51.17.120,mathesisv2,2024.1.3,MacIntel,83.33333333,,,,,,411.548,415.401,l,3.843,,,,,,,stimuliAXBmix/yyustimulus.wav,l,,,,,,,,,,,0,1,1,3,1,,,,,,,,,,,,,,,,,,,,,,,,,,,,,,,,,,,,,,,,,,,,,,,,,,,,,,,,,,,,,,,,,,,,,,,
,,,,,41,001,2024-06-05_10h51.17.120,mathesisv2,2024.1.3,MacIntel,83.33333333,,,,,,415.402,419.096,f,3.681,,,,,,,stimuliAXBmix/yuustimulus.wav,f,,,,,,,,,,,0,2,2,2,1,,,,,,,,,,,,,,,,,,,,,,,,,,,,,,,,,,,,,,,,,,,,,,,,,,,,,,,,,,,,,,,,,,,,,,,
,,,,,41,001,2024-06-05_10h51.17.120,mathesisv2,2024.1.3,MacIntel,83.33333333,,,,,,419.098,422.93,f,3.823,,,,,,,stimuliAXBmix/iyystimulus.wav,f,,,,,,,,,,,0,3,3,1,1,,,,,,,,,,,,,,,,,,,,,,,,,,,,,,,,,,,,,,,,,,,,,,,,,,,,,,,,,,,,,,,,,,,,,,,
,,,,,41,001,2024-06-05_10h51.17.120,mathesisv2,2024.1.3,MacIntel,83.33333333,,,,,,422.93,426.722,l,3.783,,,,,,,stimuliAXBmix/yyustimulus.wav,l,,,,,,,,,,,1,0,4,3,1,,,,,,,,,,,,,,,,,,,,,,,,,,,,,,,,,,,,,,,,,,,,,,,,,,,,,,,,,,,,,,,,,,,,,,,
,,,,,41,001,2024-06-05_10h51.17.120,mathesisv2,2024.1.3,MacIntel,83.33333333,,,,,,426.723,430.304,f,3.569,,,,,,,stimuliAXBmix/yuustimulus.wav,f,,,,,,,,,,,1,1,5,2,1,,,,,,,,,,,,,,,,,,,,,,,,,,,,,,,,,,,,,,,,,,,,,,,,,,,,,,,,,,,,,,,,,,,,,,,
,,,,,41,001,2024-06-05_10h51.17.120,mathesisv2,2024.1.3,MacIntel,83.33333333,,,,,,430.306,434.179,l,3.866,,,,,,,stimuliAXBmix/iiystimulus.wav,l,,,,,,,,,,,1,2,6,0,1,,,,,,,,,,,,,,,,,,,,,,,,,,,,,,,,,,,,,,,,,,,,,,,,,,,,,,,,,,,,,,,,,,,,,,,
,,,,,41,001,2024-06-05_10h51.17.120,mathesisv2,2024.1.3,MacIntel,83.33333333,,,,,,434.18,437.984,f,3.794,,,,,,,stimuliAXBmix/iyystimulus.wav,f,,,,,,,,,,,1,3,7,1,1,,,,,,,,,,,,,,,,,,,,,,,,,,,,,,,,,,,,,,,,,,,,,,,,,,,,,,,,,,,,,,,,,,,,,,,
,,,,,41,001,2024-06-05_10h51.17.120,mathesisv2,2024.1.3,MacIntel,83.33333333,,,,,,437.985,441.871,l,3.876,,,,,,,stimuliAXBmix/yyustimulus.wav,l,,,,,,,,,,,2,0,8,3,1,,,,,,,,,,,,,,,,,,,,,,,,,,,,,,,,,,,,,,,,,,,,,,,,,,,,,,,,,,,,,,,,,,,,,,,
,,,,,41,001,2024-06-05_10h51.17.120,mathesisv2,2024.1.3,MacIntel,83.33333333,,,,,,441.871,445.629,f,3.749,,,,,,,stimuliAXBmix/yuustimulus.wav,f,,,,,,,,,,,2,1,9,2,1,,,,,,,,,,,,,,,,,,,,,,,,,,,,,,,,,,,,,,,,,,,,,,,,,,,,,,,,,,,,,,,,,,,,,,,
,,,,,41,001,2024-06-05_10h51.17.120,mathesisv2,2024.1.3,MacIntel,83.33333333,,,,,,445.63,449.49,l,3.851,,,,,,,stimuliAXBmix/iiystimulus.wav,l,,,,,,,,,,,2,2,10,0,1,,,,,,,,,,,,,,,,,,,,,,,,,,,,,,,,,,,,,,,,,,,,,,,,,,,,,,,,,,,,,,,,,,,,,,,
,,,,,41,001,2024-06-05_10h51.17.120,mathesisv2,2024.1.3,MacIntel,83.33333333,,,,,,449.491,453.309,f,3.804,,,,,,,stimuliAXBmix/iyystimulus.wav,f,,,,,,,,,,,2,3,11,1,1,,,,,,,,,,,,,,,,,,,,,,,,,,,,,,,,,,,,,,,,,,,,,,,,,,,,,,,,,,,,,,,,,,,,,,,
,,,,,41,001,2024-06-05_10h51.17.120,mathesisv2,2024.1.3,MacIntel,83.33333333,,,,,,459.267,463.012,l,3.738,,,,,,,stimuliAXBmix/iiystimulus.wav,l,,,,,,,,,,,,,,,,453.31,459.261,return,5.935,,0,0,0,0,1,,,,,,,,,,,,,,,,,,,,,,,,,,,,,,,,,,,,,,,,,,,,,,,,,,,,,,,,,,,,,
,,,,,41,001,2024-06-05_10h51.17.120,mathesisv2,2024.1.3,MacIntel,83.33333333,,,,,,463.013,466.741,l,3.719,,,,,,,stimuliAXBmix/yyustimulus.wav,l,,,,,,,,,,,,,,,,,,,,,0,1,1,3,1,,,,,,,,,,,,,,,,,,,,,,,,,,,,,,,,,,,,,,,,,,,,,,,,,,,,,,,,,,,,,
,,,,,41,001,2024-06-05_10h51.17.120,mathesisv2,2024.1.3,MacIntel,83.33333333,,,,,,466.742,470.457,f,3.711,,,,,,,stimuliAXBmix/iyystimulus.wav,f,,,,,,,,,,,,,,,,,,,,,0,2,2,1,1,,,,,,,,,,,,,,,,,,,,,,,,,,,,,,,,,,,,,,,,,,,,,,,,,,,,,,,,,,,,,
,,,,,41,001,2024-06-05_10h51.17.120,mathesisv2,2024.1.3,MacIntel,83.33333333,,,,,,470.458,474.152,f,3.682,,,,,,,stimuliAXBmix/yuustimulus.wav,f,,,,,,,,,,,,,,,,,,,,,0,3,3,2,1,,,,,,,,,,,,,,,,,,,,,,,,,,,,,,,,,,,,,,,,,,,,,,,,,,,,,,,,,,,,,
,,,,,41,001,2024-06-05_10h51.17.120,mathesisv2,2024.1.3,MacIntel,83.33333333,,,,,,474.153,477.714,l,3.552,,,,,,,stimuliAXBmix/yyustimulus.wav,l,,,,,,,,,,,,,,,,,,,,,1,0,4,3,1,,,,,,,,,,,,,,,,,,,,,,,,,,,,,,,,,,,,,,,,,,,,,,,,,,,,,,,,,,,,,
,,,,,41,001,2024-06-05_10h51.17.120,mathesisv2,2024.1.3,MacIntel,83.33333333,,,,,,477.714,482.768,f,5.046,,,,,,,stimuliAXBmix/yuustimulus.wav,f,,,,,,,,,,,,,,,,,,,,,1,1,5,2,1,,,,,,,,,,,,,,,,,,,,,,,,,,,,,,,,,,,,,,,,,,,,,,,,,,,,,,,,,,,,,
,,,,,41,001,2024-06-05_10h51.17.120,mathesisv2,2024.1.3,MacIntel,83.33333333,,,,,,482.769,486.336,f,3.563,,,,,,,stimuliAXBmix/iyystimulus.wav,f,,,,,,,,,,,,,,,,,,,,,1,2,6,1,1,,,,,,,,,,,,,,,,,,,,,,,,,,,,,,,,,,,,,,,,,,,,,,,,,,,,,,,,,,,,,
,,,,,41,001,2024-06-05_10h51.17.120,mathesisv2,2024.1.3,MacIntel,83.33333333,,,,,,486.336,489.741,l,3.39,,,,,,,stimuliAXBmix/iiystimulus.wav,l,,,,,,,,,,,,,,,,,,,,,1,3,7,0,1,,,,,,,,,,,,,,,,,,,,,,,,,,,,,,,,,,,,,,,,,,,,,,,,,,,,,,,,,,,,,
,,,,,41,001,2024-06-05_10h51.17.120,mathesisv2,2024.1.3,MacIntel,83.33333333,,,,,,,,,,,,,,,,,,,,,,,,,,,,,,,,,,,,,,,,,,,489.742,495.142,space,5.383,,495.142,533.953,space,38.776,,,,,,,,,,,,,,,,,,,,,,,,,,,,,,,,,,,,,,,,,,,,,,,,,,,,
,,,,,41,001,2024-06-05_10h51.17.120,mathesisv2,2024.1.3,MacIntel,83.33333333,,,,,,,,,,,,,,,,,,,,,,,,,,,,,,,,,,,,,,,,,,,,,,,,,,,,,533.96,546.517,y,12.544,,0,0,0,2,1,testTAFCmixfirst/nimnym006.wav,,,,,,,,,,,,,,,,,,,,,,,,,,,,,,,,,,,,,,,,
,,,,,41,001,2024-06-05_10h51.17.120,mathesisv2,2024.1.3,MacIntel,83.33333333,,,,,,,,,,,,,,,,,,,,,,,,,,,,,,,,,,,,,,,,,,,,,,,,,,,,,546.518,549.643,e,3.121,,0,1,1,1,1,testTAFCmixfirst/nimnym002.wav,,,,,,,,,,,,,,,,,,,,,,,,,,,,,,,,,,,,,,,,
,,,,,41,001,2024-06-05_10h51.17.120,mathesisv2,2024.1.3,MacIntel,83.33333333,,,,,,,,,,,,,,,,,,,,,,,,,,,,,,,,,,,,,,,,,,,,,,,,,,,,,549.644,551.596,e,1.937,,0,2,2,0,1,testTAFCmixfirst/nimnym001.wav,,,,,,,,,,,,,,,,,,,,,,,,,,,,,,,,,,,,,,,,
,,,,,41,001,2024-06-05_10h51.17.120,mathesisv2,2024.1.3,MacIntel,83.33333333,,,,,,,,,,,,,,,,,,,,,,,,,,,,,,,,,,,,,,,,,,,,,,,,,,,,,,,,,,,,,,,,551.602,555.073,u,3.45,,0,0,0,1,1,testTAFCmixsec/numnym002.wav,,,,,,,,,,,,,,,,,,,,,,,,,,,,,
,,,,,41,001,2024-06-05_10h51.17.120,mathesisv2,2024.1.3,MacIntel,83.33333333,,,,,,,,,,,,,,,,,,,,,,,,,,,,,,,,,,,,,,,,,,,,,,,,,,,,,,,,,,,,,,,,555.074,560.781,u,5.704,,0,1,1,0,1,testTAFCmixsec/numnym001.wav,,,,,,,,,,,,,,,,,,,,,,,,,,,,,
,,,,,41,001,2024-06-05_10h51.17.120,mathesisv2,2024.1.3,MacIntel,83.33333333,,,,,,,,,,,,,,,,,,,,,,,,,,,,,,,,,,,,,,,,,,,,,,,,,,,,,,,,,,,,,,,,560.782,564.161,y,3.371,,0,2,2,2,1,testTAFCmixsec/numnym006.wav,,,,,,,,,,,,,,,,,,,,,,,,,,,,,
,,,,,41,001,2024-06-05_10h51.17.120,mathesisv2,2024.1.3,MacIntel,83.33333333,,,,,,,,,,,,,,,,,,,,,,,,,,,,,,,,,,,,,,,,,,,,,,,,,,,,,,,,,,,,,,,,,,,,,,,,,,,564.162,684.081,space,119.884,,,,,,,,,,,,,,,,,,,,,,,,,
,,,,,41,001,2024-06-05_10h51.17.120,mathesisv2,2024.1.3,MacIntel,83.33333333,,,,,,,,,,,,,,,,,x,,,,,,,,,,,,,,,,,,,,,,,,,,,,,,,,,,,,,,,,,,,,,,,,,,,,,,,,,,,,,,,684.089,687.523,y,3.412,,0,0,0,3,1,stimuliTAFCfirst/nimnym004.wav,,,,,,,,,,,,,
,,,,,41,001,2024-06-05_10h51.17.120,mathesisv2,2024.1.3,MacIntel,83.33333333,,,,,,,,,,,,,,,,,e,,,,,,,,,,,,,,,,,,,,,,,,,,,,,,,,,,,,,,,,,,,,,,,,,,,,,,,,,,,,,,,687.524,689.476,e,1.949,,0,1,1,2,1,stimuliTAFCfirst/nimnym003.wav,,,,,,,,,,,,,
,,,,,41,001,2024-06-05_10h51.17.120,mathesisv2,2024.1.3,MacIntel,83.33333333,,,,,,,,,,,,,,,,,y,,,,,,,,,,,,,,,,,,,,,,,,,,,,,,,,,,,,,,,,,,,,,,,,,,,,,,,,,,,,,,,689.477,691.681,y,2.196,,0,2,2,5,1,stimuliTAFCfirst/nimnym006.wav,,,,,,,,,,,,,
,,,,,41,001,2024-06-05_10h51.17.120,mathesisv2,2024.1.3,MacIntel,83.33333333,,,,,,,,,,,,,,,,,e,,,,,,,,,,,,,,,,,,,,,,,,,,,,,,,,,,,,,,,,,,,,,,,,,,,,,,,,,,,,,,,691.682,693.549,e,1.862,,0,3,3,1,1,stimuliTAFCfirst/nimnym002.wav,,,,,,,,,,,,,
,,,,,41,001,2024-06-05_10h51.17.120,mathesisv2,2024.1.3,MacIntel,83.33333333,,,,,,,,,,,,,,,,,y,,,,,,,,,,,,,,,,,,,,,,,,,,,,,,,,,,,,,,,,,,,,,,,,,,,,,,,,,,,,,,,693.55,698.949,y,5.385,,0,4,4,4,1,stimuliTAFCfirst/nimnym005.wav,,,,,,,,,,,,,
,,,,,41,001,2024-06-05_10h51.17.120,mathesisv2,2024.1.3,MacIntel,83.33333333,,,,,,,,,,,,,,,,,y,,,,,,,,,,,,,,,,,,,,,,,,,,,,,,,,,,,,,,,,,,,,,,,,,,,,,,,,,,,,,,,698.95,701.263,y,2.31,,0,5,5,6,1,stimuliTAFCfirst/nimnym007.wav,,,,,,,,,,,,,
,,,,,41,001,2024-06-05_10h51.17.120,mathesisv2,2024.1.3,MacIntel,83.33333333,,,,,,,,,,,,,,,,,e,,,,,,,,,,,,,,,,,,,,,,,,,,,,,,,,,,,,,,,,,,,,,,,,,,,,,,,,,,,,,,,701.264,702.825,e,1.554,,0,6,6,0,1,stimuliTAFCfirst/nimnym001.wav,,,,,,,,,,,,,
,,,,,41,001,2024-06-05_10h51.17.120,mathesisv2,2024.1.3,MacIntel,83.33333333,,,,,,,,,,,,,,,,,x,,,,,,,,,,,,,,,,,,,,,,,,,,,,,,,,,,,,,,,,,,,,,,,,,,,,,,,,,,,,,,,702.825,704.658,e,1.819,,1,0,7,3,1,stimuliTAFCfirst/nimnym004.wav,,,,,,,,,,,,,
,,,,,41,001,2024-06-05_10h51.17.120,mathesisv2,2024.1.3,MacIntel,83.33333333,,,,,,,,,,,,,,,,,y,,,,,,,,,,,,,,,,,,,,,,,,,,,,,,,,,,,,,,,,,,,,,,,,,,,,,,,,,,,,,,,704.659,706.475,y,1.8,,1,1,8,6,1,stimuliTAFCfirst/nimnym007.wav,,,,,,,,,,,,,
,,,,,41,001,2024-06-05_10h51.17.120,mathesisv2,2024.1.3,MacIntel,83.33333333,,,,,,,,,,,,,,,,,e,,,,,,,,,,,,,,,,,,,,,,,,,,,,,,,,,,,,,,,,,,,,,,,,,,,,,,,,,,,,,,,706.476,708.407,e,1.925,,1,2,9,1,1,stimuliTAFCfirst/nimnym002.wav,,,,,,,,,,,,,
,,,,,41,001,2024-06-05_10h51.17.120,mathesisv2,2024.1.3,MacIntel,83.33333333,,,,,,,,,,,,,,,,,y,,,,,,,,,,,,,,,,,,,,,,,,,,,,,,,,,,,,,,,,,,,,,,,,,,,,,,,,,,,,,,,708.408,710.667,e,2.255,,1,3,10,4,1,stimuliTAFCfirst/nimnym005.wav,,,,,,,,,,,,,
,,,,,41,001,2024-06-05_10h51.17.120,mathesisv2,2024.1.3,MacIntel,83.33333333,,,,,,,,,,,,,,,,,e,,,,,,,,,,,,,,,,,,,,,,,,,,,,,,,,,,,,,,,,,,,,,,,,,,,,,,,,,,,,,,,710.668,712.228,e,1.556,,1,4,11,2,1,stimuliTAFCfirst/nimnym003.wav,,,,,,,,,,,,,
,,,,,41,001,2024-06-05_10h51.17.120,mathesisv2,2024.1.3,MacIntel,83.33333333,,,,,,,,,,,,,,,,,y,,,,,,,,,,,,,,,,,,,,,,,,,,,,,,,,,,,,,,,,,,,,,,,,,,,,,,,,,,,,,,,712.229,714.347,y,2.107,,1,5,12,5,1,stimuliTAFCfirst/nimnym006.wav,,,,,,,,,,,,,
,,,,,41,001,2024-06-05_10h51.17.120,mathesisv2,2024.1.3,MacIntel,83.33333333,,,,,,,,,,,,,,,,,e,,,,,,,,,,,,,,,,,,,,,,,,,,,,,,,,,,,,,,,,,,,,,,,,,,,,,,,,,,,,,,,714.348,716.564,e,2.208,,1,6,13,0,1,stimuliTAFCfirst/nimnym001.wav,,,,,,,,,,,,,
,,,,,41,001,2024-06-05_10h51.17.120,mathesisv2,2024.1.3,MacIntel,83.33333333,,,,,,,,,,,,,,,,,y,716.566,750.328,space,33.74,,,,,,,,,,,,,,,,,,,,,,,,,,,,,,,,,,,,,,,,,,,,,,,,,,,,,,,,,,,,,,,,,,,,,,750.334,755.114,y,4.752,,0,0,0,4,1,stimuliTAFCsec/numnym005.wav,,
,,,,,41,001,2024-06-05_10h51.17.120,mathesisv2,2024.1.3,MacIntel,83.33333333,,,,,,,,,,,,,,,,,u,,,,,,,,,,,,,,,,,,,,,,,,,,,,,,,,,,,,,,,,,,,,,,,,,,,,,,,,,,,,,,,,,,,,,,,,,,755.115,757.386,u,2.267,,0,1,1,1,1,stimuliTAFCsec/numnym002.wav,,
,,,,,41,001,2024-06-05_10h51.17.120,mathesisv2,2024.1.3,MacIntel,83.33333333,,,,,,,,,,,,,,,,,y,,,,,,,,,,,,,,,,,,,,,,,,,,,,,,,,,,,,,,,,,,,,,,,,,,,,,,,,,,,,,,,,,,,,,,,,,,757.387,759.263,y,1.86,,0,2,2,5,1,stimuliTAFCsec/numnym006.wav,,
,,,,,41,001,2024-06-05_10h51.17.120,mathesisv2,2024.1.3,MacIntel,83.33333333,,,,,,,,,,,,,,,,,y,,,,,,,,,,,,,,,,,,,,,,,,,,,,,,,,,,,,,,,,,,,,,,,,,,,,,,,,,,,,,,,,,,,,,,,,,,759.265,760.971,y,1.695,,0,3,3,6,1,stimuliTAFCsec/numnym007.wav,,
,,,,,41,001,2024-06-05_10h51.17.120,mathesisv2,2024.1.3,MacIntel,83.33333333,,,,,,,,,,,,,,,,,x,,,,,,,,,,,,,,,,,,,,,,,,,,,,,,,,,,,,,,,,,,,,,,,,,,,,,,,,,,,,,,,,,,,,,,,,,,760.972,763.317,u,2.335,,0,4,4,3,1,stimuliTAFCsec/numnym004.wav,,
,,,,,41,001,2024-06-05_10h51.17.120,mathesisv2,2024.1.3,MacIntel,83.33333333,,,,,,,,,,,,,,,,,u,,,,,,,,,,,,,,,,,,,,,,,,,,,,,,,,,,,,,,,,,,,,,,,,,,,,,,,,,,,,,,,,,,,,,,,,,,763.318,765.027,u,1.699,,0,5,5,2,1,stimuliTAFCsec/numnym003.wav,,
,,,,,41,001,2024-06-05_10h51.17.120,mathesisv2,2024.1.3,MacIntel,83.33333333,,,,,,,,,,,,,,,,,u,,,,,,,,,,,,,,,,,,,,,,,,,,,,,,,,,,,,,,,,,,,,,,,,,,,,,,,,,,,,,,,,,,,,,,,,,,765.028,767.184,u,2.147,,0,6,6,0,1,stimuliTAFCsec/numnym001.wav,,
,,,,,41,001,2024-06-05_10h51.17.120,mathesisv2,2024.1.3,MacIntel,83.33333333,,,,,,,,,,,,,,,,,x,,,,,,,,,,,,,,,,,,,,,,,,,,,,,,,,,,,,,,,,,,,,,,,,,,,,,,,,,,,,,,,,,,,,,,,,,,767.184,769.134,u,1.944,,1,0,7,3,1,stimuliTAFCsec/numnym004.wav,,
,,,,,41,001,2024-06-05_10h51.17.120,mathesisv2,2024.1.3,MacIntel,83.33333333,,,,,,,,,,,,,,,,,y,,,,,,,,,,,,,,,,,,,,,,,,,,,,,,,,,,,,,,,,,,,,,,,,,,,,,,,,,,,,,,,,,,,,,,,,,,769.136,770.608,y,1.46,,1,1,8,4,1,stimuliTAFCsec/numnym005.wav,,
,,,,,41,001,2024-06-05_10h51.17.120,mathesisv2,2024.1.3,MacIntel,83.33333333,,,,,,,,,,,,,,,,,y,,,,,,,,,,,,,,,,,,,,,,,,,,,,,,,,,,,,,,,,,,,,,,,,,,,,,,,,,,,,,,,,,,,,,,,,,,770.609,772.17,y,1.551,,1,2,9,5,1,stimuliTAFCsec/numnym006.wav,,
,,,,,41,001,2024-06-05_10h51.17.120,mathesisv2,2024.1.3,MacIntel,83.33333333,,,,,,,,,,,,,,,,,u,,,,,,,,,,,,,,,,,,,,,,,,,,,,,,,,,,,,,,,,,,,,,,,,,,,,,,,,,,,,,,,,,,,,,,,,,,772.171,774.168,u,1.991,,1,3,10,1,1,stimuliTAFCsec/numnym002.wav,,
,,,,,41,001,2024-06-05_10h51.17.120,mathesisv2,2024.1.3,MacIntel,83.33333333,,,,,,,,,,,,,,,,,y,,,,,,,,,,,,,,,,,,,,,,,,,,,,,,,,,,,,,,,,,,,,,,,,,,,,,,,,,,,,,,,,,,,,,,,,,,774.169,775.867,y,1.686,,1,4,11,6,1,stimuliTAFCsec/numnym007.wav,,
,,,,,41,001,2024-06-05_10h51.17.120,mathesisv2,2024.1.3,MacIntel,83.33333333,,,,,,,,,,,,,,,,,u,,,,,,,,,,,,,,,,,,,,,,,,,,,,,,,,,,,,,,,,,,,,,,,,,,,,,,,,,,,,,,,,,,,,,,,,,,775.867,777.342,u,1.464,,1,5,12,2,1,stimuliTAFCsec/numnym003.wav,,
,,,,,41,001,2024-06-05_10h51.17.120,mathesisv2,2024.1.3,MacIntel,83.33333333,,,,,,,,,,,,,,,,,u,,,,,,,,,,,,,,,,,,,,,,,,,,,,,,,,,,,,,,,,,,,,,,,,,,,,,,,,,,,,,,,,,,,,,,,,,,777.342,779.225,u,1.879,,1,6,13,0,1,stimuliTAFCsec/numnym001.wav,,
,,,,,41,001,2024-06-05_10h51.17.120,mathesisv2,2024.1.3,MacIntel,83.33333333,,,,,,,,,,,,,,,,,y,,,,,,,,,,,,,,,,,,,,,,,,,,779.226,790.367,space,11.132,,,,,,,,,,,,,,,,,,,,,,,,,,,,,,,,,,790.372,793.962,e,3.578,,0,0,0,4,1,stimuliTAFCfirst/nimnym005.wav,,,,,,,,,,,,,
,,,,,41,001,2024-06-05_10h51.17.120,mathesisv2,2024.1.3,MacIntel,83.33333333,,,,,,,,,,,,,,,,,e,,,,,,,,,,,,,,,,,,,,,,,,,,,,,,,,,,,,,,,,,,,,,,,,,,,,,,,,,,,,,,,793.962,795.588,e,1.618,,0,1,1,1,1,stimuliTAFCfirst/nimnym002.wav,,,,,,,,,,,,,
,,,,,41,001,2024-06-05_10h51.17.120,mathesisv2,2024.1.3,MacIntel,83.33333333,,,,,,,,,,,,,,,,,x,,,,,,,,,,,,,,,,,,,,,,,,,,,,,,,,,,,,,,,,,,,,,,,,,,,,,,,,,,,,,,,795.589,797.206,e,1.612,,0,2,2,3,1,stimuliTAFCfirst/nimnym004.wav,,,,,,,,,,,,,
,,,,,41,001,2024-06-05_10h51.17.120,mathesisv2,2024.1.3,MacIntel,83.33333333,,,,,,,,,,,,,,,,,y,,,,,,,,,,,,,,,,,,,,,,,,,,,,,,,,,,,,,,,,,,,,,,,,,,,,,,,,,,,,,,,797.207,799.372,e,2.161,,0,3,3,5,1,stimuliTAFCfirst/nimnym006.wav,,,,,,,,,,,,,
,,,,,41,001,2024-06-05_10h51.17.120,mathesisv2,2024.1.3,MacIntel,83.33333333,,,,,,,,,,,,,,,,,e,,,,,,,,,,,,,,,,,,,,,,,,,,,,,,,,,,,,,,,,,,,,,,,,,,,,,,,,,,,,,,,799.373,801.185,e,1.8,,0,4,4,0,1,stimuliTAFCfirst/nimnym001.wav,,,,,,,,,,,,,
,,,,,41,001,2024-06-05_10h51.17.120,mathesisv2,2024.1.3,MacIntel,83.33333333,,,,,,,,,,,,,,,,,e,,,,,,,,,,,,,,,,,,,,,,,,,,,,,,,,,,,,,,,,,,,,,,,,,,,,,,,,,,,,,,,801.186,803.228,e,2.035,,0,5,5,2,1,stimuliTAFCfirst/nimnym003.wav,,,,,,,,,,,,,
,,,,,41,001,2024-06-05_10h51.17.120,mathesisv2,2024.1.3,MacIntel,83.33333333,,,,,,,,,,,,,,,,,y,,,,,,,,,,,,,,,,,,,,,,,,,,,,,,,,,,,,,,,,,,,,,,,,,,,,,,,,,,,,,,,803.228,805.282,y,2.049,,0,6,6,6,1,stimuliTAFCfirst/nimnym007.wav,,,,,,,,,,,,,
,,,,,41,001,2024-06-05_10h51.17.120,mathesisv2,2024.1.3,MacIntel,83.33333333,,,,,,,,,,,,,,,,,y,,,,,,,,,,,,,,,,,,,,,,,,,,,,,,,,,,,,,,,,,,,,,,,,,,,,,,,,,,,,,,,805.282,806.901,y,1.604,,1,0,7,4,1,stimuliTAFCfirst/nimnym005.wav,,,,,,,,,,,,,
,,,,,41,001,2024-06-05_10h51.17.120,mathesisv2,2024.1.3,MacIntel,83.33333333,,,,,,,,,,,,,,,,,y,,,,,,,,,,,,,,,,,,,,,,,,,,,,,,,,,,,,,,,,,,,,,,,,,,,,,,,,,,,,,,,806.902,808.564,y,1.65,,1,1,8,5,1,stimuliTAFCfirst/nimnym006.wav,,,,,,,,,,,,,
,,,,,41,001,2024-06-05_10h51.17.120,mathesisv2,2024.1.3,MacIntel,83.33333333,,,,,,,,,,,,,,,,,y,,,,,,,,,,,,,,,,,,,,,,,,,,,,,,,,,,,,,,,,,,,,,,,,,,,,,,,,,,,,,,,808.565,810.328,y,1.753,,1,2,9,6,1,stimuliTAFCfirst/nimnym007.wav,,,,,,,,,,,,,
,,,,,41,001,2024-06-05_10h51.17.120,mathesisv2,2024.1.3,MacIntel,83.33333333,,,,,,,,,,,,,,,,,e,,,,,,,,,,,,,,,,,,,,,,,,,,,,,,,,,,,,,,,,,,,,,,,,,,,,,,,,,,,,,,,810.329,812.802,e,2.457,,1,3,10,0,1,stimuliTAFCfirst/nimnym001.wav,,,,,,,,,,,,,
,,,,,41,001,2024-06-05_10h51.17.120,mathesisv2,2024.1.3,MacIntel,83.33333333,,,,,,,,,,,,,,,,,e,,,,,,,,,,,,,,,,,,,,,,,,,,,,,,,,,,,,,,,,,,,,,,,,,,,,,,,,,,,,,,,812.803,814.564,e,1.752,,1,4,11,1,1,stimuliTAFCfirst/nimnym002.wav,,,,,,,,,,,,,
,,,,,41,001,2024-06-05_10h51.17.120,mathesisv2,2024.1.3,MacIntel,83.33333333,,,,,,,,,,,,,,,,,e,,,,,,,,,,,,,,,,,,,,,,,,,,,,,,,,,,,,,,,,,,,,,,,,,,,,,,,,,,,,,,,814.564,816.272,e,1.696,,1,5,12,2,1,stimuliTAFCfirst/nimnym003.wav,,,,,,,,,,,,,
,,,,,41,001,2024-06-05_10h51.17.120,mathesisv2,2024.1.3,MacIntel,83.33333333,,,,,,,,,,,,,,,,,x,,,,,,,,,,,,,,,,,,,,,,,,,,,,,,,,,,,,,,,,,,,,,,,,,,,,,,,,,,,,,,,816.273,818.256,e,1.977,,1,6,13,3,1,stimuliTAFCfirst/nimnym004.wav,,,,,,,,,,,,,
,,,,,41,001,2024-06-05_10h51.17.120,mathesisv2,2024.1.3,MacIntel,83.33333333,,,,,,,,,,,,,,,,,y,818.256,822.073,space,3.806,,,,,,,,,,,,,,,,,,,,,,,,,,,,,,,,,,,,,,,,,,,,,,,,,,,,,,,,,,,,,,,,,,,,,,822.076,826.351,y,4.264,,0,0,0,4,1,stimuliTAFCsec/numnym005.wav,,
,,,,,41,001,2024-06-05_10h51.17.120,mathesisv2,2024.1.3,MacIntel,83.33333333,,,,,,,,,,,,,,,,,u,,,,,,,,,,,,,,,,,,,,,,,,,,,,,,,,,,,,,,,,,,,,,,,,,,,,,,,,,,,,,,,,,,,,,,,,,,826.351,828.859,u,2.499,,0,1,1,1,1,stimuliTAFCsec/numnym002.wav,,
,,,,,41,001,2024-06-05_10h51.17.120,mathesisv2,2024.1.3,MacIntel,83.33333333,,,,,,,,,,,,,,,,,y,,,,,,,,,,,,,,,,,,,,,,,,,,,,,,,,,,,,,,,,,,,,,,,,,,,,,,,,,,,,,,,,,,,,,,,,,,828.86,830.74,y,1.868,,0,2,2,6,1,stimuliTAFCsec/numnym007.wav,,
,,,,,41,001,2024-06-05_10h51.17.120,mathesisv2,2024.1.3,MacIntel,83.33333333,,,,,,,,,,,,,,,,,u,,,,,,,,,,,,,,,,,,,,,,,,,,,,,,,,,,,,,,,,,,,,,,,,,,,,,,,,,,,,,,,,,,,,,,,,,,830.741,832.687,u,1.94,,0,3,3,0,1,stimuliTAFCsec/numnym001.wav,,
,,,,,41,001,2024-06-05_10h51.17.120,mathesisv2,2024.1.3,MacIntel,83.33333333,,,,,,,,,,,,,,,,,u,,,,,,,,,,,,,,,,,,,,,,,,,,,,,,,,,,,,,,,,,,,,,,,,,,,,,,,,,,,,,,,,,,,,,,,,,,832.688,834.339,u,1.645,,0,4,4,2,1,stimuliTAFCsec/numnym003.wav,,
,,,,,41,001,2024-06-05_10h51.17.120,mathesisv2,2024.1.3,MacIntel,83.33333333,,,,,,,,,,,,,,,,,y,,,,,,,,,,,,,,,,,,,,,,,,,,,,,,,,,,,,,,,,,,,,,,,,,,,,,,,,,,,,,,,,,,,,,,,,,,834.34,835.872,y,1.528,,0,5,5,5,1,stimuliTAFCsec/numnym006.wav,,
,,,,,41,001,2024-06-05_10h51.17.120,mathesisv2,2024.1.3,MacIntel,83.33333333,,,,,,,,,,,,,,,,,x,,,,,,,,,,,,,,,,,,,,,,,,,,,,,,,,,,,,,,,,,,,,,,,,,,,,,,,,,,,,,,,,,,,,,,,,,,835.872,837.526,u,1.644,,0,6,6,3,1,stimuliTAFCsec/numnym004.wav,,
,,,,,41,001,2024-06-05_10h51.17.120,mathesisv2,2024.1.3,MacIntel,83.33333333,,,,,,,,,,,,,,,,,y,,,,,,,,,,,,,,,,,,,,,,,,,,,,,,,,,,,,,,,,,,,,,,,,,,,,,,,,,,,,,,,,,,,,,,,,,,837.527,839.194,y,1.655,,1,0,7,6,1,stimuliTAFCsec/numnym007.wav,,
,,,,,41,001,2024-06-05_10h51.17.120,mathesisv2,2024.1.3,MacIntel,83.33333333,,,,,,,,,,,,,,,,,y,,,,,,,,,,,,,,,,,,,,,,,,,,,,,,,,,,,,,,,,,,,,,,,,,,,,,,,,,,,,,,,,,,,,,,,,,,839.195,841.402,y,2.191,,1,1,8,4,1,stimuliTAFCsec/numnym005.wav,,
,,,,,41,001,2024-06-05_10h51.17.120,mathesisv2,2024.1.3,MacIntel,83.33333333,,,,,,,,,,,,,,,,,u,,,,,,,,,,,,,,,,,,,,,,,,,,,,,,,,,,,,,,,,,,,,,,,,,,,,,,,,,,,,,,,,,,,,,,,,,,841.403,842.964,u,1.548,,1,2,9,2,1,stimuliTAFCsec/numnym003.wav,,
,,,,,41,001,2024-06-05_10h51.17.120,mathesisv2,2024.1.3,MacIntel,83.33333333,,,,,,,,,,,,,,,,,u,,,,,,,,,,,,,,,,,,,,,,,,,,,,,,,,,,,,,,,,,,,,,,,,,,,,,,,,,,,,,,,,,,,,,,,,,,842.965,844.775,u,1.796,,1,3,10,0,1,stimuliTAFCsec/numnym001.wav,,
,,,,,41,001,2024-06-05_10h51.17.120,mathesisv2,2024.1.3,MacIntel,83.33333333,,,,,,,,,,,,,,,,,y,,,,,,,,,,,,,,,,,,,,,,,,,,,,,,,,,,,,,,,,,,,,,,,,,,,,,,,,,,,,,,,,,,,,,,,,,,844.776,846.292,y,1.505,,1,4,11,5,1,stimuliTAFCsec/numnym006.wav,,
,,,,,41,001,2024-06-05_10h51.17.120,mathesisv2,2024.1.3,MacIntel,83.33333333,,,,,,,,,,,,,,,,,x,,,,,,,,,,,,,,,,,,,,,,,,,,,,,,,,,,,,,,,,,,,,,,,,,,,,,,,,,,,,,,,,,,,,,,,,,,846.293,848.852,u,2.548,,1,5,12,3,1,stimuliTAFCsec/numnym004.wav,,
,,,,,41,001,2024-06-05_10h51.17.120,mathesisv2,2024.1.3,MacIntel,83.33333333,,,,,,,,,,,,,,,,,u,,,,,,,,,,,,,,,,,,,,,,,,,,,,,,,,,,,,,,,,,,,,,,,,,,,,,,,,,,,,,,,,,,,,,,,,,,848.853,850.493,u,1.628,,1,6,13,1,1,stimuliTAFCsec/numnym002.wav,,
,,,,,41,001,2024-06-05_10h51.17.120,mathesisv2,2024.1.3,MacIntel,83.33333333,,,,,,,,,,,,,,,,,y,,,,,,,,,,,,,,,,,,,,,,,,,,850.494,854.858,space,4.353,,,,,,,,,,,,,,,,,,,,,,,,,,,,,,,,,,854.863,859.402,e,4.524,,0,0,0,4,1,stimuliTAFCfirst/nimnym005.wav,,,,,,,,,,,,,
,,,,,41,001,2024-06-05_10h51.17.120,mathesisv2,2024.1.3,MacIntel,83.33333333,,,,,,,,,,,,,,,,,e,,,,,,,,,,,,,,,,,,,,,,,,,,,,,,,,,,,,,,,,,,,,,,,,,,,,,,,,,,,,,,,859.403,861.494,e,2.086,,0,1,1,1,1,stimuliTAFCfirst/nimnym002.wav,,,,,,,,,,,,,
,,,,,41,001,2024-06-05_10h51.17.120,mathesisv2,2024.1.3,MacIntel,83.33333333,,,,,,,,,,,,,,,,,y,,,,,,,,,,,,,,,,,,,,,,,,,,,,,,,,,,,,,,,,,,,,,,,,,,,,,,,,,,,,,,,861.495,863.139,y,1.635,,0,2,2,5,1,stimuliTAFCfirst/nimnym006.wav,,,,,,,,,,,,,
,,,,,41,001,2024-06-05_10h51.17.120,mathesisv2,2024.1.3,MacIntel,83.33333333,,,,,,,,,,,,,,,,,y,,,,,,,,,,,,,,,,,,,,,,,,,,,,,,,,,,,,,,,,,,,,,,,,,,,,,,,,,,,,,,,863.14,864.995,y,1.85,,0,3,3,6,1,stimuliTAFCfirst/nimnym007.wav,,,,,,,,,,,,,
,,,,,41,001,2024-06-05_10h51.17.120,mathesisv2,2024.1.3,MacIntel,83.33333333,,,,,,,,,,,,,,,,,e,,,,,,,,,,,,,,,,,,,,,,,,,,,,,,,,,,,,,,,,,,,,,,,,,,,,,,,,,,,,,,,864.996,866.8,e,1.79,,0,4,4,2,1,stimuliTAFCfirst/nimnym003.wav,,,,,,,,,,,,,
,,,,,41,001,2024-06-05_10h51.17.120,mathesisv2,2024.1.3,MacIntel,83.33333333,,,,,,,,,,,,,,,,,e,,,,,,,,,,,,,,,,,,,,,,,,,,,,,,,,,,,,,,,,,,,,,,,,,,,,,,,,,,,,,,,866.802,868.652,e,1.846,,0,5,5,0,1,stimuliTAFCfirst/nimnym001.wav,,,,,,,,,,,,,
,,,,,41,001,2024-06-05_10h51.17.120,mathesisv2,2024.1.3,MacIntel,83.33333333,,,,,,,,,,,,,,,,,x,,,,,,,,,,,,,,,,,,,,,,,,,,,,,,,,,,,,,,,,,,,,,,,,,,,,,,,,,,,,,,,868.653,870.408,e,1.744,,0,6,6,3,1,stimuliTAFCfirst/nimnym004.wav,,,,,,,,,,,,,
,,,,,41,001,2024-06-05_10h51.17.120,mathesisv2,2024.1.3,MacIntel,83.33333333,,,,,,,,,,,,,,,,,e,,,,,,,,,,,,,,,,,,,,,,,,,,,,,,,,,,,,,,,,,,,,,,,,,,,,,,,,,,,,,,,870.409,872.482,e,2.06,,1,0,7,2,1,stimuliTAFCfirst/nimnym003.wav,,,,,,,,,,,,,
,,,,,41,001,2024-06-05_10h51.17.120,mathesisv2,2024.1.3,MacIntel,83.33333333,,,,,,,,,,,,,,,,,e,,,,,,,,,,,,,,,,,,,,,,,,,,,,,,,,,,,,,,,,,,,,,,,,,,,,,,,,,,,,,,,872.483,874.322,e,1.831,,1,1,8,0,1,stimuliTAFCfirst/nimnym001.wav,,,,,,,,,,,,,
,,,,,41,001,2024-06-05_10h51.17.120,mathesisv2,2024.1.3,MacIntel,83.33333333,,,,,,,,,,,,,,,,,x,,,,,,,,,,,,,,,,,,,,,,,,,,,,,,,,,,,,,,,,,,,,,,,,,,,,,,,,,,,,,,,874.323,876.139,e,1.801,,1,2,9,3,1,stimuliTAFCfirst/nimnym004.wav,,,,,,,,,,,,,
,,,,,41,001,2024-06-05_10h51.17.120,mathesisv2,2024.1.3,MacIntel,83.33333333,,,,,,,,,,,,,,,,,e,,,,,,,,,,,,,,,,,,,,,,,,,,,,,,,,,,,,,,,,,,,,,,,,,,,,,,,,,,,,,,,876.14,878.018,e,1.864,,1,3,10,1,1,stimuliTAFCfirst/nimnym002.wav,,,,,,,,,,,,,
,,,,,41,001,2024-06-05_10h51.17.120,mathesisv2,2024.1.3,MacIntel,83.33333333,,,,,,,,,,,,,,,,,y,,,,,,,,,,,,,,,,,,,,,,,,,,,,,,,,,,,,,,,,,,,,,,,,,,,,,,,,,,,,,,,878.019,881.423,y,3.394,,1,4,11,4,1,stimuliTAFCfirst/nimnym005.wav,,,,,,,,,,,,,
,,,,,41,001,2024-06-05_10h51.17.120,mathesisv2,2024.1.3,MacIntel,83.33333333,,,,,,,,,,,,,,,,,y,,,,,,,,,,,,,,,,,,,,,,,,,,,,,,,,,,,,,,,,,,,,,,,,,,,,,,,,,,,,,,,881.424,883.129,y,1.698,,1,5,12,6,1,stimuliTAFCfirst/nimnym007.wav,,,,,,,,,,,,,
,,,,,41,001,2024-06-05_10h51.17.120,mathesisv2,2024.1.3,MacIntel,83.33333333,,,,,,,,,,,,,,,,,y,,,,,,,,,,,,,,,,,,,,,,,,,,,,,,,,,,,,,,,,,,,,,,,,,,,,,,,,,,,,,,,883.13,884.787,y,1.652,,1,6,13,5,1,stimuliTAFCfirst/nimnym006.wav,,,,,,,,,,,,,
,,,,,41,001,2024-06-05_10h51.17.120,mathesisv2,2024.1.3,MacIntel,83.33333333,,,,,,,,,,,,,,,,,y,884.788,890.395,space,5.598,,,,,,,,,,,,,,,,,,,,,,,,,,,,,,,,,,,,,,,,,,,,,,,,,,,,,,,,,,,,,,,,,,,,,,890.399,893.801,y,3.395,,0,0,0,4,1,stimuliTAFCsec/numnym005.wav,,
,,,,,41,001,2024-06-05_10h51.17.120,mathesisv2,2024.1.3,MacIntel,83.33333333,,,,,,,,,,,,,,,,,y,,,,,,,,,,,,,,,,,,,,,,,,,,,,,,,,,,,,,,,,,,,,,,,,,,,,,,,,,,,,,,,,,,,,,,,,,,893.802,895.376,y,1.568,,0,1,1,5,1,stimuliTAFCsec/numnym006.wav,,
,,,,,41,001,2024-06-05_10h51.17.120,mathesisv2,2024.1.3,MacIntel,83.33333333,,,,,,,,,,,,,,,,,u,,,,,,,,,,,,,,,,,,,,,,,,,,,,,,,,,,,,,,,,,,,,,,,,,,,,,,,,,,,,,,,,,,,,,,,,,,895.377,897.174,u,1.787,,0,2,2,2,1,stimuliTAFCsec/numnym003.wav,,
,,,,,41,001,2024-06-05_10h51.17.120,mathesisv2,2024.1.3,MacIntel,83.33333333,,,,,,,,,,,,,,,,,x,,,,,,,,,,,,,,,,,,,,,,,,,,,,,,,,,,,,,,,,,,,,,,,,,,,,,,,,,,,,,,,,,,,,,,,,,,897.175,899.371,u,2.183,,0,3,3,3,1,stimuliTAFCsec/numnym004.wav,,
,,,,,41,001,2024-06-05_10h51.17.120,mathesisv2,2024.1.3,MacIntel,83.33333333,,,,,,,,,,,,,,,,,u,,,,,,,,,,,,,,,,,,,,,,,,,,,,,,,,,,,,,,,,,,,,,,,,,,,,,,,,,,,,,,,,,,,,,,,,,,899.372,901.225,u,1.841,,0,4,4,1,1,stimuliTAFCsec/numnym002.wav,,
,,,,,41,001,2024-06-05_10h51.17.120,mathesisv2,2024.1.3,MacIntel,83.33333333,,,,,,,,,,,,,,,,,u,,,,,,,,,,,,,,,,,,,,,,,,,,,,,,,,,,,,,,,,,,,,,,,,,,,,,,,,,,,,,,,,,,,,,,,,,,901.226,902.961,u,1.725,,0,5,5,0,1,stimuliTAFCsec/numnym001.wav,,
,,,,,41,001,2024-06-05_10h51.17.120,mathesisv2,2024.1.3,MacIntel,83.33333333,,,,,,,,,,,,,,,,,y,,,,,,,,,,,,,,,,,,,,,,,,,,,,,,,,,,,,,,,,,,,,,,,,,,,,,,,,,,,,,,,,,,,,,,,,,,902.962,904.565,y,1.592,,0,6,6,6,1,stimuliTAFCsec/numnym007.wav,,
,,,,,41,001,2024-06-05_10h51.17.120,mathesisv2,2024.1.3,MacIntel,83.33333333,,,,,,,,,,,,,,,,,y,,,,,,,,,,,,,,,,,,,,,,,,,,,,,,,,,,,,,,,,,,,,,,,,,,,,,,,,,,,,,,,,,,,,,,,,,,904.566,907.391,y,2.814,,1,0,7,5,1,stimuliTAFCsec/numnym006.wav,,
,,,,,41,001,2024-06-05_10h51.17.120,mathesisv2,2024.1.3,MacIntel,83.33333333,,,,,,,,,,,,,,,,,y,,,,,,,,,,,,,,,,,,,,,,,,,,,,,,,,,,,,,,,,,,,,,,,,,,,,,,,,,,,,,,,,,,,,,,,,,,907.392,909.407,y,2.011,,1,1,8,6,1,stimuliTAFCsec/numnym007.wav,,
,,,,,41,001,2024-06-05_10h51.17.120,mathesisv2,2024.1.3,MacIntel,83.33333333,,,,,,,,,,,,,,,,,u,,,,,,,,,,,,,,,,,,,,,,,,,,,,,,,,,,,,,,,,,,,,,,,,,,,,,,,,,,,,,,,,,,,,,,,,,,909.408,911.378,u,1.966,,1,2,9,2,1,stimuliTAFCsec/numnym003.wav,,
,,,,,41,001,2024-06-05_10h51.17.120,mathesisv2,2024.1.3,MacIntel,83.33333333,,,,,,,,,,,,,,,,,u,,,,,,,,,,,,,,,,,,,,,,,,,,,,,,,,,,,,,,,,,,,,,,,,,,,,,,,,,,,,,,,,,,,,,,,,,,911.379,913.339,u,1.952,,1,3,10,1,1,stimuliTAFCsec/numnym002.wav,,
,,,,,41,001,2024-06-05_10h51.17.120,mathesisv2,2024.1.3,MacIntel,83.33333333,,,,,,,,,,,,,,,,,y,,,,,,,,,,,,,,,,,,,,,,,,,,,,,,,,,,,,,,,,,,,,,,,,,,,,,,,,,,,,,,,,,,,,,,,,,,913.34,915.686,y,2.333,,1,4,11,4,1,stimuliTAFCsec/numnym005.wav,,
,,,,,41,001,2024-06-05_10h51.17.120,mathesisv2,2024.1.3,MacIntel,83.33333333,,,,,,,,,,,,,,,,,u,,,,,,,,,,,,,,,,,,,,,,,,,,,,,,,,,,,,,,,,,,,,,,,,,,,,,,,,,,,,,,,,,,,,,,,,,,915.686,917.441,u,1.746,,1,5,12,0,1,stimuliTAFCsec/numnym001.wav,,
,,,,,41,001,2024-06-05_10h51.17.120,mathesisv2,2024.1.3,MacIntel,83.33333333,,,,,,,,,,,,,,,,,x,,,,,,,,,,,,,,,,,,,,,,,,,,,,,,,,,,,,,,,,,,,,,,,,,,,,,,,,,,,,,,,,,,,,,,,,,,917.442,919.491,u,2.04,,1,6,13,3,1,stimuliTAFCsec/numnym004.wav,,
,,,,,41,001,2024-06-05_10h51.17.120,mathesisv2,2024.1.3,MacIntel,83.33333333,,,,,,,,,,,,,,,,,y,,,,,,,,,,,,,,,,,,,,,,,,,,919.492,923.747,space,4.237,,,,,,,,,,,,,,,,,,,,,,,,,,,,,,,,,,923.752,926.12,y,2.356,,0,0,0,6,1,stimuliTAFCfirst/nimnym007.wav,,,,,,,,,,,,,
,,,,,41,001,2024-06-05_10h51.17.120,mathesisv2,2024.1.3,MacIntel,83.33333333,,,,,,,,,,,,,,,,,y,,,,,,,,,,,,,,,,,,,,,,,,,,,,,,,,,,,,,,,,,,,,,,,,,,,,,,,,,,,,,,,926.121,927.619,y,1.49,,0,1,1,5,1,stimuliTAFCfirst/nimnym006.wav,,,,,,,,,,,,,
,,,,,41,001,2024-06-05_10h51.17.120,mathesisv2,2024.1.3,MacIntel,83.33333333,,,,,,,,,,,,,,,,,e,,,,,,,,,,,,,,,,,,,,,,,,,,,,,,,,,,,,,,,,,,,,,,,,,,,,,,,,,,,,,,,927.62,929.82,e,2.19,,0,2,2,2,1,stimuliTAFCfirst/nimnym003.wav,,,,,,,,,,,,,
,,,,,41,001,2024-06-05_10h51.17.120,mathesisv2,2024.1.3,MacIntel,83.33333333,,,,,,,,,,,,,,,,,e,,,,,,,,,,,,,,,,,,,,,,,,,,,,,,,,,,,,,,,,,,,,,,,,,,,,,,,,,,,,,,,929.821,931.382,e,1.547,,0,3,3,1,1,stimuliTAFCfirst/nimnym002.wav,,,,,,,,,,,,,
,,,,,41,001,2024-06-05_10h51.17.120,mathesisv2,2024.1.3,MacIntel,83.33333333,,,,,,,,,,,,,,,,,x,,,,,,,,,,,,,,,,,,,,,,,,,,,,,,,,,,,,,,,,,,,,,,,,,,,,,,,,,,,,,,,931.383,932.844,e,1.448,,0,4,4,3,1,stimuliTAFCfirst/nimnym004.wav,,,,,,,,,,,,,
,,,,,41,001,2024-06-05_10h51.17.120,mathesisv2,2024.1.3,MacIntel,83.33333333,,,,,,,,,,,,,,,,,y,,,,,,,,,,,,,,,,,,,,,,,,,,,,,,,,,,,,,,,,,,,,,,,,,,,,,,,,,,,,,,,932.845,934.371,e,1.511,,0,5,5,4,1,stimuliTAFCfirst/nimnym005.wav,,,,,,,,,,,,,
,,,,,41,001,2024-06-05_10h51.17.120,mathesisv2,2024.1.3,MacIntel,83.33333333,,,,,,,,,,,,,,,,,e,,,,,,,,,,,,,,,,,,,,,,,,,,,,,,,,,,,,,,,,,,,,,,,,,,,,,,,,,,,,,,,934.372,935.907,e,1.525,,0,6,6,0,1,stimuliTAFCfirst/nimnym001.wav,,,,,,,,,,,,,
,,,,,41,001,2024-06-05_10h51.17.120,mathesisv2,2024.1.3,MacIntel,83.33333333,,,,,,,,,,,,,,,,,y,,,,,,,,,,,,,,,,,,,,,,,,,,,,,,,,,,,,,,,,,,,,,,,,,,,,,,,,,,,,,,,935.908,937.449,e,1.526,,1,0,7,4,1,stimuliTAFCfirst/nimnym005.wav,,,,,,,,,,,,,
,,,,,41,001,2024-06-05_10h51.17.120,mathesisv2,2024.1.3,MacIntel,83.33333333,,,,,,,,,,,,,,,,,y,,,,,,,,,,,,,,,,,,,,,,,,,,,,,,,,,,,,,,,,,,,,,,,,,,,,,,,,,,,,,,,937.45,939.35,y,1.895,,1,1,8,6,1,stimuliTAFCfirst/nimnym007.wav,,,,,,,,,,,,,
,,,,,41,001,2024-06-05_10h51.17.120,mathesisv2,2024.1.3,MacIntel,83.33333333,,,,,,,,,,,,,,,,,x,,,,,,,,,,,,,,,,,,,,,,,,,,,,,,,,,,,,,,,,,,,,,,,,,,,,,,,,,,,,,,,939.351,942.853,y,3.491,,1,2,9,3,1,stimuliTAFCfirst/nimnym004.wav,,,,,,,,,,,,,
,,,,,41,001,2024-06-05_10h51.17.120,mathesisv2,2024.1.3,MacIntel,83.33333333,,,,,,,,,,,,,,,,,e,,,,,,,,,,,,,,,,,,,,,,,,,,,,,,,,,,,,,,,,,,,,,,,,,,,,,,,,,,,,,,,942.854,944.425,e,1.564,,1,3,10,1,1,stimuliTAFCfirst/nimnym002.wav,,,,,,,,,,,,,
,,,,,41,001,2024-06-05_10h51.17.120,mathesisv2,2024.1.3,MacIntel,83.33333333,,,,,,,,,,,,,,,,,y,,,,,,,,,,,,,,,,,,,,,,,,,,,,,,,,,,,,,,,,,,,,,,,,,,,,,,,,,,,,,,,944.426,946.23,y,1.796,,1,4,11,5,1,stimuliTAFCfirst/nimnym006.wav,,,,,,,,,,,,,
,,,,,41,001,2024-06-05_10h51.17.120,mathesisv2,2024.1.3,MacIntel,83.33333333,,,,,,,,,,,,,,,,,e,,,,,,,,,,,,,,,,,,,,,,,,,,,,,,,,,,,,,,,,,,,,,,,,,,,,,,,,,,,,,,,946.231,947.818,e,1.577,,1,5,12,0,1,stimuliTAFCfirst/nimnym001.wav,,,,,,,,,,,,,
,,,,,41,001,2024-06-05_10h51.17.120,mathesisv2,2024.1.3,MacIntel,83.33333333,,,,,,,,,,,,,,,,,e,,,,,,,,,,,,,,,,,,,,,,,,,,,,,,,,,,,,,,,,,,,,,,,,,,,,,,,,,,,,,,,947.819,949.545,e,1.713,,1,6,13,2,1,stimuliTAFCfirst/nimnym003.wav,,,,,,,,,,,,,
,,,,,41,001,2024-06-05_10h51.17.120,mathesisv2,2024.1.3,MacIntel,83.33333333,,,,,,,,,,,,,,,,,y,949.546,952.602,space,3.05,,,,,,,,,,,,,,,,,,,,,,,,,,,,,,,,,,,,,,,,,,,,,,,,,,,,,,,,,,,,,,,,,,,,,,952.606,954.976,y,2.355,,0,0,0,5,1,stimuliTAFCsec/numnym006.wav,,
,,,,,41,001,2024-06-05_10h51.17.120,mathesisv2,2024.1.3,MacIntel,83.33333333,,,,,,,,,,,,,,,,,y,,,,,,,,,,,,,,,,,,,,,,,,,,,,,,,,,,,,,,,,,,,,,,,,,,,,,,,,,,,,,,,,,,,,,,,,,,954.977,956.559,y,1.576,,0,1,1,6,1,stimuliTAFCsec/numnym007.wav,,
,,,,,41,001,2024-06-05_10h51.17.120,mathesisv2,2024.1.3,MacIntel,83.33333333,,,,,,,,,,,,,,,,,u,,,,,,,,,,,,,,,,,,,,,,,,,,,,,,,,,,,,,,,,,,,,,,,,,,,,,,,,,,,,,,,,,,,,,,,,,,956.56,958.416,u,1.842,,0,2,2,0,1,stimuliTAFCsec/numnym001.wav,,
,,,,,41,001,2024-06-05_10h51.17.120,mathesisv2,2024.1.3,MacIntel,83.33333333,,,,,,,,,,,,,,,,,x,,,,,,,,,,,,,,,,,,,,,,,,,,,,,,,,,,,,,,,,,,,,,,,,,,,,,,,,,,,,,,,,,,,,,,,,,,958.417,960.097,u,1.673,,0,3,3,3,1,stimuliTAFCsec/numnym004.wav,,
,,,,,41,001,2024-06-05_10h51.17.120,mathesisv2,2024.1.3,MacIntel,83.33333333,,,,,,,,,,,,,,,,,u,,,,,,,,,,,,,,,,,,,,,,,,,,,,,,,,,,,,,,,,,,,,,,,,,,,,,,,,,,,,,,,,,,,,,,,,,,960.097,961.914,u,1.802,,0,4,4,1,1,stimuliTAFCsec/numnym002.wav,,
,,,,,41,001,2024-06-05_10h51.17.120,mathesisv2,2024.1.3,MacIntel,83.33333333,,,,,,,,,,,,,,,,,u,,,,,,,,,,,,,,,,,,,,,,,,,,,,,,,,,,,,,,,,,,,,,,,,,,,,,,,,,,,,,,,,,,,,,,,,,,961.914,963.637,u,1.718,,0,5,5,2,1,stimuliTAFCsec/numnym003.wav,,
,,,,,41,001,2024-06-05_10h51.17.120,mathesisv2,2024.1.3,MacIntel,83.33333333,,,,,,,,,,,,,,,,,y,,,,,,,,,,,,,,,,,,,,,,,,,,,,,,,,,,,,,,,,,,,,,,,,,,,,,,,,,,,,,,,,,,,,,,,,,,963.638,965.597,y,1.956,,0,6,6,4,1,stimuliTAFCsec/numnym005.wav,,
,,,,,41,001,2024-06-05_10h51.17.120,mathesisv2,2024.1.3,MacIntel,83.33333333,,,,,,,,,,,,,,,,,y,,,,,,,,,,,,,,,,,,,,,,,,,,,,,,,,,,,,,,,,,,,,,,,,,,,,,,,,,,,,,,,,,,,,,,,,,,965.598,967.524,y,1.91,,1,0,7,6,1,stimuliTAFCsec/numnym007.wav,,
,,,,,41,001,2024-06-05_10h51.17.120,mathesisv2,2024.1.3,MacIntel,83.33333333,,,,,,,,,,,,,,,,,u,,,,,,,,,,,,,,,,,,,,,,,,,,,,,,,,,,,,,,,,,,,,,,,,,,,,,,,,,,,,,,,,,,,,,,,,,,967.525,969.341,u,1.804,,1,1,8,0,1,stimuliTAFCsec/numnym001.wav,,
,,,,,41,001,2024-06-05_10h51.17.120,mathesisv2,2024.1.3,MacIntel,83.33333333,,,,,,,,,,,,,,,,,y,,,,,,,,,,,,,,,,,,,,,,,,,,,,,,,,,,,,,,,,,,,,,,,,,,,,,,,,,,,,,,,,,,,,,,,,,,969.342,970.81,y,1.463,,1,2,9,5,1,stimuliTAFCsec/numnym006.wav,,
,,,,,41,001,2024-06-05_10h51.17.120,mathesisv2,2024.1.3,MacIntel,83.33333333,,,,,,,,,,,,,,,,,u,,,,,,,,,,,,,,,,,,,,,,,,,,,,,,,,,,,,,,,,,,,,,,,,,,,,,,,,,,,,,,,,,,,,,,,,,,970.811,972.279,u,1.459,,1,3,10,2,1,stimuliTAFCsec/numnym003.wav,,
,,,,,41,001,2024-06-05_10h51.17.120,mathesisv2,2024.1.3,MacIntel,83.33333333,,,,,,,,,,,,,,,,,u,,,,,,,,,,,,,,,,,,,,,,,,,,,,,,,,,,,,,,,,,,,,,,,,,,,,,,,,,,,,,,,,,,,,,,,,,,972.279,973.924,u,1.641,,1,4,11,1,1,stimuliTAFCsec/numnym002.wav,,
,,,,,41,001,2024-06-05_10h51.17.120,mathesisv2,2024.1.3,MacIntel,83.33333333,,,,,,,,,,,,,,,,,y,,,,,,,,,,,,,,,,,,,,,,,,,,,,,,,,,,,,,,,,,,,,,,,,,,,,,,,,,,,,,,,,,,,,,,,,,,973.925,975.559,y,1.624,,1,5,12,4,1,stimuliTAFCsec/numnym005.wav,,
,,,,,41,001,2024-06-05_10h51.17.120,mathesisv2,2024.1.3,MacIntel,83.33333333,,,,,,,,,,,,,,,,,x,,,,,,,,,,,,,,,,,,,,,,,,,,,,,,,,,,,,,,,,,,,,,,,,,,,,,,,,,,,,,,,,,,,,,,,,,,975.56,977.085,u,1.511,,1,6,13,3,1,stimuliTAFCsec/numnym004.wav,,
,,,,,41,001,2024-06-05_10h51.17.120,mathesisv2,2024.1.3,MacIntel,83.33333333,,,,,,,,,,,,,,,,,,,,,,,,,,,,,,,,,,,,,,,,,,,977.086,995.408,space,18.314,,,,,,,,,,,,,,,,,,,,,,,,,,,,,,,,,,,,,,,,,,,,,,,,,,,,,,,,995.413,1000.416
