﻿start.started,start.stopped,startkey_resp.keys,startkey_resp.rt,startkey_resp.duration,participant,session,date,expName,psychopyVersion,OS,frameRate,attention.started,attention.stopped,key_resp.keys,key_resp.rt,key_resp.duration,stimuliAXBmix.started,stimuliAXBmix.stopped,stimuliAXBkey_resp.keys,stimuliAXBkey_resp.rt,stimuliAXBkey_resp.duration,stimuliAXBtesttrials.thisRepN,stimuliAXBtesttrials.thisTrialN,stimuliAXBtesttrials.thisN,stimuliAXBtesttrials.thisIndex,stimuliAXBtesttrials.ran,stimuliAXBmix,Correct,attentionsecond.started,attentionsecond.stopped,attentionsecondkey_resp.keys,attentionsecondkey_resp.rt,attentionsecondkey_resp.duration,instAXBreal.started,instAXBreal.stopped,instAXBrealkey_resp.keys,instAXBrealkey_resp.rt,instAXBrealkey_resp.duration,stimuliAXBmixfirst.thisRepN,stimuliAXBmixfirst.thisTrialN,stimuliAXBmixfirst.thisN,stimuliAXBmixfirst.thisIndex,stimuliAXBmixfirst.ran,attentionfirst.started,attentionfirst.stopped,attentionfirstkey_resp.keys,attentionfirstkey_resp.rt,attentionfirstkey_resp.duration,stimuliAXbmixsec.thisRepN,stimuliAXbmixsec.thisTrialN,stimuliAXbmixsec.thisN,stimuliAXbmixsec.thisIndex,stimuliAXbmixsec.ran,kaffeepause.started,kaffeepause.stopped,kaffeepausekey_resp.keys,kaffeepausekey_resp.rt,kaffeepausekey_resp.duration,instTAFCtest.started,instTAFCtest.stopped,instTAFCtestkey_resp.keys,instTAFCtestkey_resp.rt,instTAFCtestkey_resp.duration,testTAFCmixfirst.started,testTAFCmixfirst.stopped,testTAFCmixfirstkey_resp.keys,testTAFCmixfirstkey_resp.rt,testTAFCmixfirstkey_resp.duration,testTAFCmixfirsttrials.thisRepN,testTAFCmixfirsttrials.thisTrialN,testTAFCmixfirsttrials.thisN,testTAFCmixfirsttrials.thisIndex,testTAFCmixfirsttrials.ran,testTAFCmixfirst,testTAFCmixsec.started,testTAFCmixsec.stopped,testTAFCmixseckey_resp.keys,testTAFCmixseckey_resp.rt,testTAFCmixseckey_resp.duration,testTAFCmixsectrials.thisRepN,testTAFCmixsectrials.thisTrialN,testTAFCmixsectrials.thisN,testTAFCmixsectrials.thisIndex,testTAFCmixsectrials.ran,testTAFCmixsec,instTAFCreal.started,instTAFCreal.stopped,instTAFCrealkey_resp.keys,instTAFCrealkey_resp.rt,instTAFCrealkey_resp.duration,stimuliTAFCfirst.started,stimuliTAFCfirst.stopped,stimuliTAFCfirstkey_resp.keys,stimuliTAFCfirstkey_resp.rt,stimuliTAFCfirstkey_resp.duration,stimuliTAFCfirsttrials.thisRepN,stimuliTAFCfirsttrials.thisTrialN,stimuliTAFCfirsttrials.thisN,stimuliTAFCfirsttrials.thisIndex,stimuliTAFCfirsttrials.ran,stimuliTAFCfirst,stimuliTAFCsec.started,stimuliTAFCsec.stopped,stimuliTAFCseckey_resp.keys,stimuliTAFCseckey_resp.rt,stimuliTAFCseckey_resp.duration,stimuliTAFCsectrials.thisRepN,stimuliTAFCsectrials.thisTrialN,stimuliTAFCsectrials.thisN,stimuliTAFCsectrials.thisIndex,stimuliTAFCsectrials.ran,stimuliTAFCsec,end.started,end.stopped
0.0003,14.9318,space,14.9188,,6550ca7171b8b185b7f6deea,001,2024-05-25_18h24.05.562,mathesisv2,2024.1.3,Win32,59.88023952,,,,,,,,,,,,,,,,,,,,,,,,,,,,,,,,,,,,,,,,,,,,,,,,,,,,,,,,,,,,,,,,,,,,,,,,,,,,,,,,,,,,,,,,,,,,,,,,,,,,,,,
,,,,,6550ca7171b8b185b7f6deea,001,2024-05-25_18h24.05.562,mathesisv2,2024.1.3,Win32,59.88023952,14.932,20.0762,space,5.1107,,,,,,,,,,,,,,,,,,,,,,,,,,,,,,,,,,,,,,,,,,,,,,,,,,,,,,,,,,,,,,,,,,,,,,,,,,,,,,,,,,,,,,,,,,,,,,,,,,,
,,,,,6550ca7171b8b185b7f6deea,001,2024-05-25_18h24.05.562,mathesisv2,2024.1.3,Win32,59.88023952,,,,,,20.0842,26.4434,f,6.347,,0,0,0,1,1,stimuliAXBmix/iyystimulus.wav,f,,,,,,,,,,,,,,,,,,,,,,,,,,,,,,,,,,,,,,,,,,,,,,,,,,,,,,,,,,,,,,,,,,,,,,,,,,,,,,,,,,,,,,
,,,,,6550ca7171b8b185b7f6deea,001,2024-05-25_18h24.05.562,mathesisv2,2024.1.3,Win32,59.88023952,,,,,,26.4441,34.2596,l,7.7913,,0,1,1,3,1,stimuliAXBmix/yyustimulus.wav,l,,,,,,,,,,,,,,,,,,,,,,,,,,,,,,,,,,,,,,,,,,,,,,,,,,,,,,,,,,,,,,,,,,,,,,,,,,,,,,,,,,,,,,
,,,,,6550ca7171b8b185b7f6deea,001,2024-05-25_18h24.05.562,mathesisv2,2024.1.3,Win32,59.88023952,,,,,,34.26,38.3759,f,4.0947,,0,2,2,2,1,stimuliAXBmix/yuustimulus.wav,f,,,,,,,,,,,,,,,,,,,,,,,,,,,,,,,,,,,,,,,,,,,,,,,,,,,,,,,,,,,,,,,,,,,,,,,,,,,,,,,,,,,,,,
,,,,,6550ca7171b8b185b7f6deea,001,2024-05-25_18h24.05.562,mathesisv2,2024.1.3,Win32,59.88023952,,,,,,38.3763,43.2771,l,4.8671,,0,3,3,0,1,stimuliAXBmix/iiystimulus.wav,l,,,,,,,,,,,,,,,,,,,,,,,,,,,,,,,,,,,,,,,,,,,,,,,,,,,,,,,,,,,,,,,,,,,,,,,,,,,,,,,,,,,,,,
,,,,,6550ca7171b8b185b7f6deea,001,2024-05-25_18h24.05.562,mathesisv2,2024.1.3,Win32,59.88023952,,,,,,,,,,,,,,,,,,43.2777,44.9262,space,1.6304,,,,,,,,,,,,,,,,,,,,,,,,,,,,,,,,,,,,,,,,,,,,,,,,,,,,,,,,,,,,,,,,,,,,,,,,,,,,,,,,,,
,,,,,6550ca7171b8b185b7f6deea,001,2024-05-25_18h24.05.562,mathesisv2,2024.1.3,Win32,59.88023952,,,,,,,,,,,,,,,,,,,,,,,44.9263,48.2268,space,3.2796,,,,,,,,,,,,,,,,,,,,,,,,,,,,,,,,,,,,,,,,,,,,,,,,,,,,,,,,,,,,,,,,,,,,,,,,,,,,,
,,,,,6550ca7171b8b185b7f6deea,001,2024-05-25_18h24.05.562,mathesisv2,2024.1.3,Win32,59.88023952,,,,,,48.2347,52.0097,l,3.7655,,,,,,,stimuliAXBmix/iiystimulus.wav,l,,,,,,,,,,,0,0,0,0,1,,,,,,,,,,,,,,,,,,,,,,,,,,,,,,,,,,,,,,,,,,,,,,,,,,,,,,,,,,,,,,,,,,,,,,,
,,,,,6550ca7171b8b185b7f6deea,001,2024-05-25_18h24.05.562,mathesisv2,2024.1.3,Win32,59.88023952,,,,,,52.0107,55.4926,f,3.4657,,,,,,,stimuliAXBmix/yuustimulus.wav,f,,,,,,,,,,,0,1,1,2,1,,,,,,,,,,,,,,,,,,,,,,,,,,,,,,,,,,,,,,,,,,,,,,,,,,,,,,,,,,,,,,,,,,,,,,,
,,,,,6550ca7171b8b185b7f6deea,001,2024-05-25_18h24.05.562,mathesisv2,2024.1.3,Win32,59.88023952,,,,,,55.4985,59.2763,f,3.7704,,,,,,,stimuliAXBmix/iyystimulus.wav,f,,,,,,,,,,,0,2,2,1,1,,,,,,,,,,,,,,,,,,,,,,,,,,,,,,,,,,,,,,,,,,,,,,,,,,,,,,,,,,,,,,,,,,,,,,,
,,,,,6550ca7171b8b185b7f6deea,001,2024-05-25_18h24.05.562,mathesisv2,2024.1.3,Win32,59.88023952,,,,,,59.2837,63.4093,l,4.1141,,,,,,,stimuliAXBmix/yyustimulus.wav,l,,,,,,,,,,,0,3,3,3,1,,,,,,,,,,,,,,,,,,,,,,,,,,,,,,,,,,,,,,,,,,,,,,,,,,,,,,,,,,,,,,,,,,,,,,,
,,,,,6550ca7171b8b185b7f6deea,001,2024-05-25_18h24.05.562,mathesisv2,2024.1.3,Win32,59.88023952,,,,,,63.4179,67.2424,l,3.8191,,,,,,,stimuliAXBmix/yyustimulus.wav,l,,,,,,,,,,,1,0,4,3,1,,,,,,,,,,,,,,,,,,,,,,,,,,,,,,,,,,,,,,,,,,,,,,,,,,,,,,,,,,,,,,,,,,,,,,,
,,,,,6550ca7171b8b185b7f6deea,001,2024-05-25_18h24.05.562,mathesisv2,2024.1.3,Win32,59.88023952,,,,,,67.2505,71.1095,f,3.843,,,,,,,stimuliAXBmix/iyystimulus.wav,f,,,,,,,,,,,1,1,5,1,1,,,,,,,,,,,,,,,,,,,,,,,,,,,,,,,,,,,,,,,,,,,,,,,,,,,,,,,,,,,,,,,,,,,,,,,
,,,,,6550ca7171b8b185b7f6deea,001,2024-05-25_18h24.05.562,mathesisv2,2024.1.3,Win32,59.88023952,,,,,,71.1194,74.8764,f,3.7444,,,,,,,stimuliAXBmix/yuustimulus.wav,f,,,,,,,,,,,1,2,6,2,1,,,,,,,,,,,,,,,,,,,,,,,,,,,,,,,,,,,,,,,,,,,,,,,,,,,,,,,,,,,,,,,,,,,,,,,
,,,,,6550ca7171b8b185b7f6deea,001,2024-05-25_18h24.05.562,mathesisv2,2024.1.3,Win32,59.88023952,,,,,,74.8855,78.7133,l,3.8169,,,,,,,stimuliAXBmix/iiystimulus.wav,l,,,,,,,,,,,1,3,7,0,1,,,,,,,,,,,,,,,,,,,,,,,,,,,,,,,,,,,,,,,,,,,,,,,,,,,,,,,,,,,,,,,,,,,,,,,
,,,,,6550ca7171b8b185b7f6deea,001,2024-05-25_18h24.05.562,mathesisv2,2024.1.3,Win32,59.88023952,,,,,,78.718,82.6088,l,3.8771,,,,,,,stimuliAXBmix/iiystimulus.wav,l,,,,,,,,,,,2,0,8,0,1,,,,,,,,,,,,,,,,,,,,,,,,,,,,,,,,,,,,,,,,,,,,,,,,,,,,,,,,,,,,,,,,,,,,,,,
,,,,,6550ca7171b8b185b7f6deea,001,2024-05-25_18h24.05.562,mathesisv2,2024.1.3,Win32,59.88023952,,,,,,82.609,86.4774,l,3.8478,,,,,,,stimuliAXBmix/yyustimulus.wav,l,,,,,,,,,,,2,1,9,3,1,,,,,,,,,,,,,,,,,,,,,,,,,,,,,,,,,,,,,,,,,,,,,,,,,,,,,,,,,,,,,,,,,,,,,,,
,,,,,6550ca7171b8b185b7f6deea,001,2024-05-25_18h24.05.562,mathesisv2,2024.1.3,Win32,59.88023952,,,,,,86.4821,90.2785,f,3.7821,,,,,,,stimuliAXBmix/iyystimulus.wav,f,,,,,,,,,,,2,2,10,1,1,,,,,,,,,,,,,,,,,,,,,,,,,,,,,,,,,,,,,,,,,,,,,,,,,,,,,,,,,,,,,,,,,,,,,,,
,,,,,6550ca7171b8b185b7f6deea,001,2024-05-25_18h24.05.562,mathesisv2,2024.1.3,Win32,59.88023952,,,,,,90.283,94.042,f,3.7426,,,,,,,stimuliAXBmix/yuustimulus.wav,f,,,,,,,,,,,2,3,11,2,1,,,,,,,,,,,,,,,,,,,,,,,,,,,,,,,,,,,,,,,,,,,,,,,,,,,,,,,,,,,,,,,,,,,,,,,
,,,,,6550ca7171b8b185b7f6deea,001,2024-05-25_18h24.05.562,mathesisv2,2024.1.3,Win32,59.88023952,,,,,,94.8504,98.6925,l,3.8278,,,,,,,stimuliAXBmix/yyustimulus.wav,l,,,,,,,,,,,,,,,,94.0424,94.8442,space,0.778,,0,0,0,3,1,,,,,,,,,,,,,,,,,,,,,,,,,,,,,,,,,,,,,,,,,,,,,,,,,,,,,,,,,,,,,
,,,,,6550ca7171b8b185b7f6deea,001,2024-05-25_18h24.05.562,mathesisv2,2024.1.3,Win32,59.88023952,,,,,,98.7027,102.2966,f,3.584,,,,,,,stimuliAXBmix/yuustimulus.wav,f,,,,,,,,,,,,,,,,,,,,,0,1,1,2,1,,,,,,,,,,,,,,,,,,,,,,,,,,,,,,,,,,,,,,,,,,,,,,,,,,,,,,,,,,,,,
,,,,,6550ca7171b8b185b7f6deea,001,2024-05-25_18h24.05.562,mathesisv2,2024.1.3,Win32,59.88023952,,,,,,102.3016,106.0803,l,3.7671,,,,,,,stimuliAXBmix/iiystimulus.wav,l,,,,,,,,,,,,,,,,,,,,,0,2,2,0,1,,,,,,,,,,,,,,,,,,,,,,,,,,,,,,,,,,,,,,,,,,,,,,,,,,,,,,,,,,,,,
,,,,,6550ca7171b8b185b7f6deea,001,2024-05-25_18h24.05.562,mathesisv2,2024.1.3,Win32,59.88023952,,,,,,106.0805,109.8753,f,3.7743,,,,,,,stimuliAXBmix/iyystimulus.wav,f,,,,,,,,,,,,,,,,,,,,,0,3,3,1,1,,,,,,,,,,,,,,,,,,,,,,,,,,,,,,,,,,,,,,,,,,,,,,,,,,,,,,,,,,,,,
,,,,,6550ca7171b8b185b7f6deea,001,2024-05-25_18h24.05.562,mathesisv2,2024.1.3,Win32,59.88023952,,,,,,109.88,113.4592,l,3.5533,,,,,,,stimuliAXBmix/yyustimulus.wav,l,,,,,,,,,,,,,,,,,,,,,1,0,4,3,1,,,,,,,,,,,,,,,,,,,,,,,,,,,,,,,,,,,,,,,,,,,,,,,,,,,,,,,,,,,,,
,,,,,6550ca7171b8b185b7f6deea,001,2024-05-25_18h24.05.562,mathesisv2,2024.1.3,Win32,59.88023952,,,,,,113.4664,117.0099,f,3.5404,,,,,,,stimuliAXBmix/yuustimulus.wav,f,,,,,,,,,,,,,,,,,,,,,1,1,5,2,1,,,,,,,,,,,,,,,,,,,,,,,,,,,,,,,,,,,,,,,,,,,,,,,,,,,,,,,,,,,,,
,,,,,6550ca7171b8b185b7f6deea,001,2024-05-25_18h24.05.562,mathesisv2,2024.1.3,Win32,59.88023952,,,,,,117.0185,120.8598,l,3.826,,,,,,,stimuliAXBmix/iiystimulus.wav,l,,,,,,,,,,,,,,,,,,,,,1,2,6,0,1,,,,,,,,,,,,,,,,,,,,,,,,,,,,,,,,,,,,,,,,,,,,,,,,,,,,,,,,,,,,,
,,,,,6550ca7171b8b185b7f6deea,001,2024-05-25_18h24.05.562,mathesisv2,2024.1.3,Win32,59.88023952,,,,,,120.8679,124.7589,f,3.8805,,,,,,,stimuliAXBmix/iyystimulus.wav,f,,,,,,,,,,,,,,,,,,,,,1,3,7,1,1,,,,,,,,,,,,,,,,,,,,,,,,,,,,,,,,,,,,,,,,,,,,,,,,,,,,,,,,,,,,,
,,,,,6550ca7171b8b185b7f6deea,001,2024-05-25_18h24.05.562,mathesisv2,2024.1.3,Win32,59.88023952,,,,,,126.4037,129.7928,f,3.3758,,,,,,,stimuliAXBmix/yuustimulus.wav,f,,,,,,,,,,,0,0,0,2,1,,,,,,,,,,,124.7595,126.3931,space,1.6158,,,,,,,,,,,,,,,,,,,,,,,,,,,,,,,,,,,,,,,,,,,,,,,,,,,,,,,,,
,,,,,6550ca7171b8b185b7f6deea,001,2024-05-25_18h24.05.562,mathesisv2,2024.1.3,Win32,59.88023952,,,,,,129.7931,133.343,f,3.5377,,,,,,,stimuliAXBmix/iyystimulus.wav,f,,,,,,,,,,,0,1,1,1,1,,,,,,,,,,,,,,,,,,,,,,,,,,,,,,,,,,,,,,,,,,,,,,,,,,,,,,,,,,,,,,,,,,,,,,,
,,,,,6550ca7171b8b185b7f6deea,001,2024-05-25_18h24.05.562,mathesisv2,2024.1.3,Win32,59.88023952,,,,,,133.3506,137.0925,l,3.7289,,,,,,,stimuliAXBmix/iiystimulus.wav,l,,,,,,,,,,,0,2,2,0,1,,,,,,,,,,,,,,,,,,,,,,,,,,,,,,,,,,,,,,,,,,,,,,,,,,,,,,,,,,,,,,,,,,,,,,,
,,,,,6550ca7171b8b185b7f6deea,001,2024-05-25_18h24.05.562,mathesisv2,2024.1.3,Win32,59.88023952,,,,,,137.1028,140.7262,l,3.6096,,,,,,,stimuliAXBmix/yyustimulus.wav,l,,,,,,,,,,,0,3,3,3,1,,,,,,,,,,,,,,,,,,,,,,,,,,,,,,,,,,,,,,,,,,,,,,,,,,,,,,,,,,,,,,,,,,,,,,,
,,,,,6550ca7171b8b185b7f6deea,001,2024-05-25_18h24.05.562,mathesisv2,2024.1.3,Win32,59.88023952,,,,,,140.7361,144.6597,l,3.911,,,,,,,stimuliAXBmix/yyustimulus.wav,l,,,,,,,,,,,1,0,4,3,1,,,,,,,,,,,,,,,,,,,,,,,,,,,,,,,,,,,,,,,,,,,,,,,,,,,,,,,,,,,,,,,,,,,,,,,
,,,,,6550ca7171b8b185b7f6deea,001,2024-05-25_18h24.05.562,mathesisv2,2024.1.3,Win32,59.88023952,,,,,,144.6651,148.6088,l,3.9311,,,,,,,stimuliAXBmix/iiystimulus.wav,l,,,,,,,,,,,1,1,5,0,1,,,,,,,,,,,,,,,,,,,,,,,,,,,,,,,,,,,,,,,,,,,,,,,,,,,,,,,,,,,,,,,,,,,,,,,
,,,,,6550ca7171b8b185b7f6deea,001,2024-05-25_18h24.05.562,mathesisv2,2024.1.3,Win32,59.88023952,,,,,,148.6205,152.26,f,3.6245,,,,,,,stimuliAXBmix/yuustimulus.wav,f,,,,,,,,,,,1,2,6,2,1,,,,,,,,,,,,,,,,,,,,,,,,,,,,,,,,,,,,,,,,,,,,,,,,,,,,,,,,,,,,,,,,,,,,,,,
,,,,,6550ca7171b8b185b7f6deea,001,2024-05-25_18h24.05.562,mathesisv2,2024.1.3,Win32,59.88023952,,,,,,152.2706,156.1086,f,3.8259,,,,,,,stimuliAXBmix/iyystimulus.wav,f,,,,,,,,,,,1,3,7,1,1,,,,,,,,,,,,,,,,,,,,,,,,,,,,,,,,,,,,,,,,,,,,,,,,,,,,,,,,,,,,,,,,,,,,,,,
,,,,,6550ca7171b8b185b7f6deea,001,2024-05-25_18h24.05.562,mathesisv2,2024.1.3,Win32,59.88023952,,,,,,156.1089,159.8758,f,3.7601,,,,,,,stimuliAXBmix/yuustimulus.wav,f,,,,,,,,,,,2,0,8,2,1,,,,,,,,,,,,,,,,,,,,,,,,,,,,,,,,,,,,,,,,,,,,,,,,,,,,,,,,,,,,,,,,,,,,,,,
,,,,,6550ca7171b8b185b7f6deea,001,2024-05-25_18h24.05.562,mathesisv2,2024.1.3,Win32,59.88023952,,,,,,159.8854,163.6255,l,3.7353,,,,,,,stimuliAXBmix/iiystimulus.wav,l,,,,,,,,,,,2,1,9,0,1,,,,,,,,,,,,,,,,,,,,,,,,,,,,,,,,,,,,,,,,,,,,,,,,,,,,,,,,,,,,,,,,,,,,,,,
,,,,,6550ca7171b8b185b7f6deea,001,2024-05-25_18h24.05.562,mathesisv2,2024.1.3,Win32,59.88023952,,,,,,163.6336,167.1754,f,3.5324,,,,,,,stimuliAXBmix/iyystimulus.wav,f,,,,,,,,,,,2,2,10,1,1,,,,,,,,,,,,,,,,,,,,,,,,,,,,,,,,,,,,,,,,,,,,,,,,,,,,,,,,,,,,,,,,,,,,,,,
,,,,,6550ca7171b8b185b7f6deea,001,2024-05-25_18h24.05.562,mathesisv2,2024.1.3,Win32,59.88023952,,,,,,167.1842,170.7757,l,3.589,,,,,,,stimuliAXBmix/yyustimulus.wav,l,,,,,,,,,,,2,3,11,3,1,,,,,,,,,,,,,,,,,,,,,,,,,,,,,,,,,,,,,,,,,,,,,,,,,,,,,,,,,,,,,,,,,,,,,,,
,,,,,6550ca7171b8b185b7f6deea,001,2024-05-25_18h24.05.562,mathesisv2,2024.1.3,Win32,59.88023952,,,,,,173.1529,176.6753,l,3.5093,,,,,,,stimuliAXBmix/yyustimulus.wav,l,,,,,,,,,,,,,,,,170.7758,173.1428,space,2.3481,,0,0,0,3,1,,,,,,,,,,,,,,,,,,,,,,,,,,,,,,,,,,,,,,,,,,,,,,,,,,,,,,,,,,,,,
,,,,,6550ca7171b8b185b7f6deea,001,2024-05-25_18h24.05.562,mathesisv2,2024.1.3,Win32,59.88023952,,,,,,176.6803,181.275,f,4.5763,,,,,,,stimuliAXBmix/iyystimulus.wav,f,,,,,,,,,,,,,,,,,,,,,0,1,1,1,1,,,,,,,,,,,,,,,,,,,,,,,,,,,,,,,,,,,,,,,,,,,,,,,,,,,,,,,,,,,,,
,,,,,6550ca7171b8b185b7f6deea,001,2024-05-25_18h24.05.562,mathesisv2,2024.1.3,Win32,59.88023952,,,,,,181.2804,184.946,l,3.6502,,,,,,,stimuliAXBmix/iiystimulus.wav,l,,,,,,,,,,,,,,,,,,,,,0,2,2,0,1,,,,,,,,,,,,,,,,,,,,,,,,,,,,,,,,,,,,,,,,,,,,,,,,,,,,,,,,,,,,,
,,,,,6550ca7171b8b185b7f6deea,001,2024-05-25_18h24.05.562,mathesisv2,2024.1.3,Win32,59.88023952,,,,,,184.9507,188.4594,f,3.4823,,,,,,,stimuliAXBmix/yuustimulus.wav,f,,,,,,,,,,,,,,,,,,,,,0,3,3,2,1,,,,,,,,,,,,,,,,,,,,,,,,,,,,,,,,,,,,,,,,,,,,,,,,,,,,,,,,,,,,,
,,,,,6550ca7171b8b185b7f6deea,001,2024-05-25_18h24.05.562,mathesisv2,2024.1.3,Win32,59.88023952,,,,,,188.4652,191.9464,f,3.4673,,,,,,,stimuliAXBmix/yuustimulus.wav,f,,,,,,,,,,,,,,,,,,,,,1,0,4,2,1,,,,,,,,,,,,,,,,,,,,,,,,,,,,,,,,,,,,,,,,,,,,,,,,,,,,,,,,,,,,,
,,,,,6550ca7171b8b185b7f6deea,001,2024-05-25_18h24.05.562,mathesisv2,2024.1.3,Win32,59.88023952,,,,,,191.9465,195.8086,f,3.8451,,,,,,,stimuliAXBmix/iyystimulus.wav,f,,,,,,,,,,,,,,,,,,,,,1,1,5,1,1,,,,,,,,,,,,,,,,,,,,,,,,,,,,,,,,,,,,,,,,,,,,,,,,,,,,,,,,,,,,,
,,,,,6550ca7171b8b185b7f6deea,001,2024-05-25_18h24.05.562,mathesisv2,2024.1.3,Win32,59.88023952,,,,,,195.8166,199.3916,l,3.5528,,,,,,,stimuliAXBmix/iiystimulus.wav,l,,,,,,,,,,,,,,,,,,,,,1,2,6,0,1,,,,,,,,,,,,,,,,,,,,,,,,,,,,,,,,,,,,,,,,,,,,,,,,,,,,,,,,,,,,,
,,,,,6550ca7171b8b185b7f6deea,001,2024-05-25_18h24.05.562,mathesisv2,2024.1.3,Win32,59.88023952,,,,,,199.3999,202.9914,l,3.5891,,,,,,,stimuliAXBmix/yyustimulus.wav,l,,,,,,,,,,,,,,,,,,,,,1,3,7,3,1,,,,,,,,,,,,,,,,,,,,,,,,,,,,,,,,,,,,,,,,,,,,,,,,,,,,,,,,,,,,,
,,,,,6550ca7171b8b185b7f6deea,001,2024-05-25_18h24.05.562,mathesisv2,2024.1.3,Win32,59.88023952,,,,,,204.003,207.4416,f,3.4343,,,,,,,stimuliAXBmix/iyystimulus.wav,f,,,,,,,,,,,0,0,0,1,1,,,,,,,,,,,202.9915,203.992,space,0.9964,,,,,,,,,,,,,,,,,,,,,,,,,,,,,,,,,,,,,,,,,,,,,,,,,,,,,,,,,
,,,,,6550ca7171b8b185b7f6deea,001,2024-05-25_18h24.05.562,mathesisv2,2024.1.3,Win32,59.88023952,,,,,,207.4492,210.9914,l,3.5322,,,,,,,stimuliAXBmix/iiystimulus.wav,l,,,,,,,,,,,0,1,1,0,1,,,,,,,,,,,,,,,,,,,,,,,,,,,,,,,,,,,,,,,,,,,,,,,,,,,,,,,,,,,,,,,,,,,,,,,
,,,,,6550ca7171b8b185b7f6deea,001,2024-05-25_18h24.05.562,mathesisv2,2024.1.3,Win32,59.88023952,,,,,,210.9999,214.4591,f,3.4464,,,,,,,stimuliAXBmix/yuustimulus.wav,f,,,,,,,,,,,0,2,2,2,1,,,,,,,,,,,,,,,,,,,,,,,,,,,,,,,,,,,,,,,,,,,,,,,,,,,,,,,,,,,,,,,,,,,,,,,
,,,,,6550ca7171b8b185b7f6deea,001,2024-05-25_18h24.05.562,mathesisv2,2024.1.3,Win32,59.88023952,,,,,,214.4676,218.0088,l,3.5269,,,,,,,stimuliAXBmix/yyustimulus.wav,l,,,,,,,,,,,0,3,3,3,1,,,,,,,,,,,,,,,,,,,,,,,,,,,,,,,,,,,,,,,,,,,,,,,,,,,,,,,,,,,,,,,,,,,,,,,
,,,,,6550ca7171b8b185b7f6deea,001,2024-05-25_18h24.05.562,mathesisv2,2024.1.3,Win32,59.88023952,,,,,,218.0091,221.592,l,3.5769,,,,,,,stimuliAXBmix/iiystimulus.wav,l,,,,,,,,,,,1,0,4,0,1,,,,,,,,,,,,,,,,,,,,,,,,,,,,,,,,,,,,,,,,,,,,,,,,,,,,,,,,,,,,,,,,,,,,,,,
,,,,,6550ca7171b8b185b7f6deea,001,2024-05-25_18h24.05.562,mathesisv2,2024.1.3,Win32,59.88023952,,,,,,221.6017,225.1245,f,3.5138,,,,,,,stimuliAXBmix/iyystimulus.wav,f,,,,,,,,,,,1,1,5,1,1,,,,,,,,,,,,,,,,,,,,,,,,,,,,,,,,,,,,,,,,,,,,,,,,,,,,,,,,,,,,,,,,,,,,,,,
,,,,,6550ca7171b8b185b7f6deea,001,2024-05-25_18h24.05.562,mathesisv2,2024.1.3,Win32,59.88023952,,,,,,225.1304,228.6788,l,3.5354,,,,,,,stimuliAXBmix/yyustimulus.wav,l,,,,,,,,,,,1,2,6,3,1,,,,,,,,,,,,,,,,,,,,,,,,,,,,,,,,,,,,,,,,,,,,,,,,,,,,,,,,,,,,,,,,,,,,,,,
,,,,,6550ca7171b8b185b7f6deea,001,2024-05-25_18h24.05.562,mathesisv2,2024.1.3,Win32,59.88023952,,,,,,228.6838,232.1624,f,3.4674,,,,,,,stimuliAXBmix/yuustimulus.wav,f,,,,,,,,,,,1,3,7,2,1,,,,,,,,,,,,,,,,,,,,,,,,,,,,,,,,,,,,,,,,,,,,,,,,,,,,,,,,,,,,,,,,,,,,,,,
,,,,,6550ca7171b8b185b7f6deea,001,2024-05-25_18h24.05.562,mathesisv2,2024.1.3,Win32,59.88023952,,,,,,232.1626,235.6625,f,3.4834,,,,,,,stimuliAXBmix/iyystimulus.wav,f,,,,,,,,,,,2,0,8,1,1,,,,,,,,,,,,,,,,,,,,,,,,,,,,,,,,,,,,,,,,,,,,,,,,,,,,,,,,,,,,,,,,,,,,,,,
,,,,,6550ca7171b8b185b7f6deea,001,2024-05-25_18h24.05.562,mathesisv2,2024.1.3,Win32,59.88023952,,,,,,235.6676,239.2302,l,3.5505,,,,,,,stimuliAXBmix/iiystimulus.wav,l,,,,,,,,,,,2,1,9,0,1,,,,,,,,,,,,,,,,,,,,,,,,,,,,,,,,,,,,,,,,,,,,,,,,,,,,,,,,,,,,,,,,,,,,,,,
,,,,,6550ca7171b8b185b7f6deea,001,2024-05-25_18h24.05.562,mathesisv2,2024.1.3,Win32,59.88023952,,,,,,239.2371,242.7793,l,3.5333,,,,,,,stimuliAXBmix/yyustimulus.wav,l,,,,,,,,,,,2,2,10,3,1,,,,,,,,,,,,,,,,,,,,,,,,,,,,,,,,,,,,,,,,,,,,,,,,,,,,,,,,,,,,,,,,,,,,,,,
,,,,,6550ca7171b8b185b7f6deea,001,2024-05-25_18h24.05.562,mathesisv2,2024.1.3,Win32,59.88023952,,,,,,242.7844,246.2918,f,3.4935,,,,,,,stimuliAXBmix/yuustimulus.wav,f,,,,,,,,,,,2,3,11,2,1,,,,,,,,,,,,,,,,,,,,,,,,,,,,,,,,,,,,,,,,,,,,,,,,,,,,,,,,,,,,,,,,,,,,,,,
,,,,,6550ca7171b8b185b7f6deea,001,2024-05-25_18h24.05.562,mathesisv2,2024.1.3,Win32,59.88023952,,,,,,247.6341,252.8585,l,5.2013,,,,,,,stimuliAXBmix/iiystimulus.wav,l,,,,,,,,,,,,,,,,246.2919,247.6249,space,1.3127,,0,0,0,0,1,,,,,,,,,,,,,,,,,,,,,,,,,,,,,,,,,,,,,,,,,,,,,,,,,,,,,,,,,,,,,
,,,,,6550ca7171b8b185b7f6deea,001,2024-05-25_18h24.05.562,mathesisv2,2024.1.3,Win32,59.88023952,,,,,,252.8672,256.4253,l,3.5558,,,,,,,stimuliAXBmix/yyustimulus.wav,l,,,,,,,,,,,,,,,,,,,,,0,1,1,3,1,,,,,,,,,,,,,,,,,,,,,,,,,,,,,,,,,,,,,,,,,,,,,,,,,,,,,,,,,,,,,
,,,,,6550ca7171b8b185b7f6deea,001,2024-05-25_18h24.05.562,mathesisv2,2024.1.3,Win32,59.88023952,,,,,,256.4257,260.308,f,3.8673,,,,,,,stimuliAXBmix/yuustimulus.wav,f,,,,,,,,,,,,,,,,,,,,,0,2,2,2,1,,,,,,,,,,,,,,,,,,,,,,,,,,,,,,,,,,,,,,,,,,,,,,,,,,,,,,,,,,,,,
,,,,,6550ca7171b8b185b7f6deea,001,2024-05-25_18h24.05.562,mathesisv2,2024.1.3,Win32,59.88023952,,,,,,260.3187,263.8754,f,3.549,,,,,,,stimuliAXBmix/iyystimulus.wav,f,,,,,,,,,,,,,,,,,,,,,0,3,3,1,1,,,,,,,,,,,,,,,,,,,,,,,,,,,,,,,,,,,,,,,,,,,,,,,,,,,,,,,,,,,,,
,,,,,6550ca7171b8b185b7f6deea,001,2024-05-25_18h24.05.562,mathesisv2,2024.1.3,Win32,59.88023952,,,,,,263.8848,267.4088,l,3.5137,,,,,,,stimuliAXBmix/yyustimulus.wav,l,,,,,,,,,,,,,,,,,,,,,1,0,4,3,1,,,,,,,,,,,,,,,,,,,,,,,,,,,,,,,,,,,,,,,,,,,,,,,,,,,,,,,,,,,,,
,,,,,6550ca7171b8b185b7f6deea,001,2024-05-25_18h24.05.562,mathesisv2,2024.1.3,Win32,59.88023952,,,,,,267.4167,270.8251,f,3.4045,,,,,,,stimuliAXBmix/yuustimulus.wav,f,,,,,,,,,,,,,,,,,,,,,1,1,5,2,1,,,,,,,,,,,,,,,,,,,,,,,,,,,,,,,,,,,,,,,,,,,,,,,,,,,,,,,,,,,,,
,,,,,6550ca7171b8b185b7f6deea,001,2024-05-25_18h24.05.562,mathesisv2,2024.1.3,Win32,59.88023952,,,,,,270.834,274.3921,l,3.5467,,,,,,,stimuliAXBmix/iiystimulus.wav,l,,,,,,,,,,,,,,,,,,,,,1,2,6,0,1,,,,,,,,,,,,,,,,,,,,,,,,,,,,,,,,,,,,,,,,,,,,,,,,,,,,,,,,,,,,,
,,,,,6550ca7171b8b185b7f6deea,001,2024-05-25_18h24.05.562,mathesisv2,2024.1.3,Win32,59.88023952,,,,,,274.3924,277.9425,f,3.5442,,,,,,,stimuliAXBmix/iyystimulus.wav,f,,,,,,,,,,,,,,,,,,,,,1,3,7,1,1,,,,,,,,,,,,,,,,,,,,,,,,,,,,,,,,,,,,,,,,,,,,,,,,,,,,,,,,,,,,,
,,,,,6550ca7171b8b185b7f6deea,001,2024-05-25_18h24.05.562,mathesisv2,2024.1.3,Win32,59.88023952,,,,,,278.8514,282.2417,f,3.3688,,,,,,,stimuliAXBmix/yuustimulus.wav,f,,,,,,,,,,,0,0,0,2,1,,,,,,,,,,,277.9426,278.842,space,0.8859,,,,,,,,,,,,,,,,,,,,,,,,,,,,,,,,,,,,,,,,,,,,,,,,,,,,,,,,,
,,,,,6550ca7171b8b185b7f6deea,001,2024-05-25_18h24.05.562,mathesisv2,2024.1.3,Win32,59.88023952,,,,,,282.2425,285.7413,f,3.4715,,,,,,,stimuliAXBmix/iyystimulus.wav,f,,,,,,,,,,,0,1,1,1,1,,,,,,,,,,,,,,,,,,,,,,,,,,,,,,,,,,,,,,,,,,,,,,,,,,,,,,,,,,,,,,,,,,,,,,,
,,,,,6550ca7171b8b185b7f6deea,001,2024-05-25_18h24.05.562,mathesisv2,2024.1.3,Win32,59.88023952,,,,,,285.7481,289.3416,l,3.5693,,,,,,,stimuliAXBmix/iiystimulus.wav,l,,,,,,,,,,,0,2,2,0,1,,,,,,,,,,,,,,,,,,,,,,,,,,,,,,,,,,,,,,,,,,,,,,,,,,,,,,,,,,,,,,,,,,,,,,,
,,,,,6550ca7171b8b185b7f6deea,001,2024-05-25_18h24.05.562,mathesisv2,2024.1.3,Win32,59.88023952,,,,,,289.3501,292.9583,l,3.5882,,,,,,,stimuliAXBmix/yyustimulus.wav,l,,,,,,,,,,,0,3,3,3,1,,,,,,,,,,,,,,,,,,,,,,,,,,,,,,,,,,,,,,,,,,,,,,,,,,,,,,,,,,,,,,,,,,,,,,,
,,,,,6550ca7171b8b185b7f6deea,001,2024-05-25_18h24.05.562,mathesisv2,2024.1.3,Win32,59.88023952,,,,,,292.9703,296.4251,f,3.4365,,,,,,,stimuliAXBmix/yuustimulus.wav,f,,,,,,,,,,,1,0,4,2,1,,,,,,,,,,,,,,,,,,,,,,,,,,,,,,,,,,,,,,,,,,,,,,,,,,,,,,,,,,,,,,,,,,,,,,,
,,,,,6550ca7171b8b185b7f6deea,001,2024-05-25_18h24.05.562,mathesisv2,2024.1.3,Win32,59.88023952,,,,,,296.4257,299.9413,l,3.4887,,,,,,,stimuliAXBmix/yyustimulus.wav,l,,,,,,,,,,,1,1,5,3,1,,,,,,,,,,,,,,,,,,,,,,,,,,,,,,,,,,,,,,,,,,,,,,,,,,,,,,,,,,,,,,,,,,,,,,,
,,,,,6550ca7171b8b185b7f6deea,001,2024-05-25_18h24.05.562,mathesisv2,2024.1.3,Win32,59.88023952,,,,,,299.9476,303.5751,l,3.6019,,,,,,,stimuliAXBmix/iiystimulus.wav,l,,,,,,,,,,,1,2,6,0,1,,,,,,,,,,,,,,,,,,,,,,,,,,,,,,,,,,,,,,,,,,,,,,,,,,,,,,,,,,,,,,,,,,,,,,,
,,,,,6550ca7171b8b185b7f6deea,001,2024-05-25_18h24.05.562,mathesisv2,2024.1.3,Win32,59.88023952,,,,,,303.5818,307.1413,f,3.533,,,,,,,stimuliAXBmix/iyystimulus.wav,f,,,,,,,,,,,1,3,7,1,1,,,,,,,,,,,,,,,,,,,,,,,,,,,,,,,,,,,,,,,,,,,,,,,,,,,,,,,,,,,,,,,,,,,,,,,
,,,,,6550ca7171b8b185b7f6deea,001,2024-05-25_18h24.05.562,mathesisv2,2024.1.3,Win32,59.88023952,,,,,,307.1495,310.6911,f,3.5169,,,,,,,stimuliAXBmix/yuustimulus.wav,f,,,,,,,,,,,2,0,8,2,1,,,,,,,,,,,,,,,,,,,,,,,,,,,,,,,,,,,,,,,,,,,,,,,,,,,,,,,,,,,,,,,,,,,,,,,
,,,,,6550ca7171b8b185b7f6deea,001,2024-05-25_18h24.05.562,mathesisv2,2024.1.3,Win32,59.88023952,,,,,,310.7005,314.2249,f,3.5045,,,,,,,stimuliAXBmix/iyystimulus.wav,f,,,,,,,,,,,2,1,9,1,1,,,,,,,,,,,,,,,,,,,,,,,,,,,,,,,,,,,,,,,,,,,,,,,,,,,,,,,,,,,,,,,,,,,,,,,
,,,,,6550ca7171b8b185b7f6deea,001,2024-05-25_18h24.05.562,mathesisv2,2024.1.3,Win32,59.88023952,,,,,,314.2252,317.8247,l,3.5847,,,,,,,stimuliAXBmix/iiystimulus.wav,l,,,,,,,,,,,2,2,10,0,1,,,,,,,,,,,,,,,,,,,,,,,,,,,,,,,,,,,,,,,,,,,,,,,,,,,,,,,,,,,,,,,,,,,,,,,
,,,,,6550ca7171b8b185b7f6deea,001,2024-05-25_18h24.05.562,mathesisv2,2024.1.3,Win32,59.88023952,,,,,,317.8361,321.3919,l,3.5451,,,,,,,stimuliAXBmix/yyustimulus.wav,l,,,,,,,,,,,2,3,11,3,1,,,,,,,,,,,,,,,,,,,,,,,,,,,,,,,,,,,,,,,,,,,,,,,,,,,,,,,,,,,,,,,,,,,,,,,
,,,,,6550ca7171b8b185b7f6deea,001,2024-05-25_18h24.05.562,mathesisv2,2024.1.3,Win32,59.88023952,,,,,,322.5507,326.191,l,3.6369,,,,,,,stimuliAXBmix/iiystimulus.wav,l,,,,,,,,,,,,,,,,321.392,322.5411,space,1.1362,,0,0,0,0,1,,,,,,,,,,,,,,,,,,,,,,,,,,,,,,,,,,,,,,,,,,,,,,,,,,,,,,,,,,,,,
,,,,,6550ca7171b8b185b7f6deea,001,2024-05-25_18h24.05.562,mathesisv2,2024.1.3,Win32,59.88023952,,,,,,326.1996,329.6909,f,3.4788,,,,,,,stimuliAXBmix/yuustimulus.wav,f,,,,,,,,,,,,,,,,,,,,,0,1,1,2,1,,,,,,,,,,,,,,,,,,,,,,,,,,,,,,,,,,,,,,,,,,,,,,,,,,,,,,,,,,,,,
,,,,,6550ca7171b8b185b7f6deea,001,2024-05-25_18h24.05.562,mathesisv2,2024.1.3,Win32,59.88023952,,,,,,329.7005,333.2762,f,3.563,,,,,,,stimuliAXBmix/iyystimulus.wav,f,,,,,,,,,,,,,,,,,,,,,0,2,2,1,1,,,,,,,,,,,,,,,,,,,,,,,,,,,,,,,,,,,,,,,,,,,,,,,,,,,,,,,,,,,,,
,,,,,6550ca7171b8b185b7f6deea,001,2024-05-25_18h24.05.562,mathesisv2,2024.1.3,Win32,59.88023952,,,,,,333.2866,336.8576,l,3.5647,,,,,,,stimuliAXBmix/yyustimulus.wav,l,,,,,,,,,,,,,,,,,,,,,0,3,3,3,1,,,,,,,,,,,,,,,,,,,,,,,,,,,,,,,,,,,,,,,,,,,,,,,,,,,,,,,,,,,,,
,,,,,6550ca7171b8b185b7f6deea,001,2024-05-25_18h24.05.562,mathesisv2,2024.1.3,Win32,59.88023952,,,,,,336.8678,341.175,f,4.298,,,,,,,stimuliAXBmix/iyystimulus.wav,f,,,,,,,,,,,,,,,,,,,,,1,0,4,1,1,,,,,,,,,,,,,,,,,,,,,,,,,,,,,,,,,,,,,,,,,,,,,,,,,,,,,,,,,,,,,
,,,,,6550ca7171b8b185b7f6deea,001,2024-05-25_18h24.05.562,mathesisv2,2024.1.3,Win32,59.88023952,,,,,,341.1863,345.6752,l,4.4834,,,,,,,stimuliAXBmix/iiystimulus.wav,l,,,,,,,,,,,,,,,,,,,,,1,1,5,0,1,,,,,,,,,,,,,,,,,,,,,,,,,,,,,,,,,,,,,,,,,,,,,,,,,,,,,,,,,,,,,
,,,,,6550ca7171b8b185b7f6deea,001,2024-05-25_18h24.05.562,mathesisv2,2024.1.3,Win32,59.88023952,,,,,,345.6853,349.6918,l,3.9983,,,,,,,stimuliAXBmix/yyustimulus.wav,l,,,,,,,,,,,,,,,,,,,,,1,2,6,3,1,,,,,,,,,,,,,,,,,,,,,,,,,,,,,,,,,,,,,,,,,,,,,,,,,,,,,,,,,,,,,
,,,,,6550ca7171b8b185b7f6deea,001,2024-05-25_18h24.05.562,mathesisv2,2024.1.3,Win32,59.88023952,,,,,,349.7008,353.2258,f,3.512,,,,,,,stimuliAXBmix/yuustimulus.wav,f,,,,,,,,,,,,,,,,,,,,,1,3,7,2,1,,,,,,,,,,,,,,,,,,,,,,,,,,,,,,,,,,,,,,,,,,,,,,,,,,,,,,,,,,,,,
,,,,,6550ca7171b8b185b7f6deea,001,2024-05-25_18h24.05.562,mathesisv2,2024.1.3,Win32,59.88023952,,,,,,,,,,,,,,,,,,,,,,,,,,,,,,,,,,,,,,,,,,,353.2261,354.2747,space,1.0334,,354.2754,363.5089,space,9.2161,,,,,,,,,,,,,,,,,,,,,,,,,,,,,,,,,,,,,,,,,,,,,,,,,,,,
,,,,,6550ca7171b8b185b7f6deea,001,2024-05-25_18h24.05.562,mathesisv2,2024.1.3,Win32,59.88023952,,,,,,,,,,,,,,,,,,,,,,,,,,,,,,,,,,,,,,,,,,,,,,,,,,,,,363.521,370.5917,e,7.0592,,0,0,0,1,1,testTAFCmixfirst/nimnym002.wav,,,,,,,,,,,,,,,,,,,,,,,,,,,,,,,,,,,,,,,,
,,,,,6550ca7171b8b185b7f6deea,001,2024-05-25_18h24.05.562,mathesisv2,2024.1.3,Win32,59.88023952,,,,,,,,,,,,,,,,,,,,,,,,,,,,,,,,,,,,,,,,,,,,,,,,,,,,,370.6008,372.6743,e,2.068,,0,1,1,0,1,testTAFCmixfirst/nimnym001.wav,,,,,,,,,,,,,,,,,,,,,,,,,,,,,,,,,,,,,,,,
,,,,,6550ca7171b8b185b7f6deea,001,2024-05-25_18h24.05.562,mathesisv2,2024.1.3,Win32,59.88023952,,,,,,,,,,,,,,,,,,,,,,,,,,,,,,,,,,,,,,,,,,,,,,,,,,,,,372.6751,374.5741,y,1.8879,,0,2,2,2,1,testTAFCmixfirst/nimnym006.wav,,,,,,,,,,,,,,,,,,,,,,,,,,,,,,,,,,,,,,,,
,,,,,6550ca7171b8b185b7f6deea,001,2024-05-25_18h24.05.562,mathesisv2,2024.1.3,Win32,59.88023952,,,,,,,,,,,,,,,,,,,,,,,,,,,,,,,,,,,,,,,,,,,,,,,,,,,,,,,,,,,,,,,,374.5787,379.7582,u,5.161,,0,0,0,0,1,testTAFCmixsec/numnym001.wav,,,,,,,,,,,,,,,,,,,,,,,,,,,,,
,,,,,6550ca7171b8b185b7f6deea,001,2024-05-25_18h24.05.562,mathesisv2,2024.1.3,Win32,59.88023952,,,,,,,,,,,,,,,,,,,,,,,,,,,,,,,,,,,,,,,,,,,,,,,,,,,,,,,,,,,,,,,,379.7669,382.5106,u,2.7397,,0,1,1,1,1,testTAFCmixsec/numnym002.wav,,,,,,,,,,,,,,,,,,,,,,,,,,,,,
,,,,,6550ca7171b8b185b7f6deea,001,2024-05-25_18h24.05.562,mathesisv2,2024.1.3,Win32,59.88023952,,,,,,,,,,,,,,,,,,,,,,,,,,,,,,,,,,,,,,,,,,,,,,,,,,,,,,,,,,,,,,,,382.5108,384.3115,y,1.7832,,0,2,2,2,1,testTAFCmixsec/numnym006.wav,,,,,,,,,,,,,,,,,,,,,,,,,,,,,
,,,,,6550ca7171b8b185b7f6deea,001,2024-05-25_18h24.05.562,mathesisv2,2024.1.3,Win32,59.88023952,,,,,,,,,,,,,,,,,,,,,,,,,,,,,,,,,,,,,,,,,,,,,,,,,,,,,,,,,,,,,,,,,,,,,,,,,,,384.3118,389.0949,space,4.7665,,,,,,,,,,,,,,,,,,,,,,,,,
,,,,,6550ca7171b8b185b7f6deea,001,2024-05-25_18h24.05.562,mathesisv2,2024.1.3,Win32,59.88023952,,,,,,,,,,,,,,,,,y,,,,,,,,,,,,,,,,,,,,,,,,,,,,,,,,,,,,,,,,,,,,,,,,,,,,,,,,,,,,,,,389.1022,392.2285,y,3.1164,,0,0,0,6,1,stimuliTAFCfirst/nimnym007.wav,,,,,,,,,,,,,
,,,,,6550ca7171b8b185b7f6deea,001,2024-05-25_18h24.05.562,mathesisv2,2024.1.3,Win32,59.88023952,,,,,,,,,,,,,,,,,y,,,,,,,,,,,,,,,,,,,,,,,,,,,,,,,,,,,,,,,,,,,,,,,,,,,,,,,,,,,,,,,392.2334,394.0781,y,1.8334,,0,1,1,4,1,stimuliTAFCfirst/nimnym005.wav,,,,,,,,,,,,,
,,,,,6550ca7171b8b185b7f6deea,001,2024-05-25_18h24.05.562,mathesisv2,2024.1.3,Win32,59.88023952,,,,,,,,,,,,,,,,,x,,,,,,,,,,,,,,,,,,,,,,,,,,,,,,,,,,,,,,,,,,,,,,,,,,,,,,,,,,,,,,,394.0783,395.961,y,1.8664,,0,2,2,3,1,stimuliTAFCfirst/nimnym004.wav,,,,,,,,,,,,,
,,,,,6550ca7171b8b185b7f6deea,001,2024-05-25_18h24.05.562,mathesisv2,2024.1.3,Win32,59.88023952,,,,,,,,,,,,,,,,,e,,,,,,,,,,,,,,,,,,,,,,,,,,,,,,,,,,,,,,,,,,,,,,,,,,,,,,,,,,,,,,,395.9612,397.6948,e,1.7176,,0,3,3,1,1,stimuliTAFCfirst/nimnym002.wav,,,,,,,,,,,,,
,,,,,6550ca7171b8b185b7f6deea,001,2024-05-25_18h24.05.562,mathesisv2,2024.1.3,Win32,59.88023952,,,,,,,,,,,,,,,,,y,,,,,,,,,,,,,,,,,,,,,,,,,,,,,,,,,,,,,,,,,,,,,,,,,,,,,,,,,,,,,,,397.6949,399.526,y,1.8148,,0,4,4,5,1,stimuliTAFCfirst/nimnym006.wav,,,,,,,,,,,,,
,,,,,6550ca7171b8b185b7f6deea,001,2024-05-25_18h24.05.562,mathesisv2,2024.1.3,Win32,59.88023952,,,,,,,,,,,,,,,,,e,,,,,,,,,,,,,,,,,,,,,,,,,,,,,,,,,,,,,,,,,,,,,,,,,,,,,,,,,,,,,,,399.5262,401.1428,e,1.5981,,0,5,5,0,1,stimuliTAFCfirst/nimnym001.wav,,,,,,,,,,,,,
,,,,,6550ca7171b8b185b7f6deea,001,2024-05-25_18h24.05.562,mathesisv2,2024.1.3,Win32,59.88023952,,,,,,,,,,,,,,,,,e,,,,,,,,,,,,,,,,,,,,,,,,,,,,,,,,,,,,,,,,,,,,,,,,,,,,,,,,,,,,,,,401.143,402.7597,e,1.6008,,0,6,6,2,1,stimuliTAFCfirst/nimnym003.wav,,,,,,,,,,,,,
,,,,,6550ca7171b8b185b7f6deea,001,2024-05-25_18h24.05.562,mathesisv2,2024.1.3,Win32,59.88023952,,,,,,,,,,,,,,,,,y,,,,,,,,,,,,,,,,,,,,,,,,,,,,,,,,,,,,,,,,,,,,,,,,,,,,,,,,,,,,,,,402.76,404.3607,y,1.5844,,1,0,7,6,1,stimuliTAFCfirst/nimnym007.wav,,,,,,,,,,,,,
,,,,,6550ca7171b8b185b7f6deea,001,2024-05-25_18h24.05.562,mathesisv2,2024.1.3,Win32,59.88023952,,,,,,,,,,,,,,,,,e,,,,,,,,,,,,,,,,,,,,,,,,,,,,,,,,,,,,,,,,,,,,,,,,,,,,,,,,,,,,,,,404.3609,406.0783,e,1.7009,,1,1,8,0,1,stimuliTAFCfirst/nimnym001.wav,,,,,,,,,,,,,
,,,,,6550ca7171b8b185b7f6deea,001,2024-05-25_18h24.05.562,mathesisv2,2024.1.3,Win32,59.88023952,,,,,,,,,,,,,,,,,y,,,,,,,,,,,,,,,,,,,,,,,,,,,,,,,,,,,,,,,,,,,,,,,,,,,,,,,,,,,,,,,406.0786,407.9907,y,1.8943,,1,2,9,4,1,stimuliTAFCfirst/nimnym005.wav,,,,,,,,,,,,,
,,,,,6550ca7171b8b185b7f6deea,001,2024-05-25_18h24.05.562,mathesisv2,2024.1.3,Win32,59.88023952,,,,,,,,,,,,,,,,,y,,,,,,,,,,,,,,,,,,,,,,,,,,,,,,,,,,,,,,,,,,,,,,,,,,,,,,,,,,,,,,,407.9909,409.7073,y,1.6929,,1,3,10,5,1,stimuliTAFCfirst/nimnym006.wav,,,,,,,,,,,,,
,,,,,6550ca7171b8b185b7f6deea,001,2024-05-25_18h24.05.562,mathesisv2,2024.1.3,Win32,59.88023952,,,,,,,,,,,,,,,,,e,,,,,,,,,,,,,,,,,,,,,,,,,,,,,,,,,,,,,,,,,,,,,,,,,,,,,,,,,,,,,,,409.7075,411.3081,e,1.5704,,1,4,11,2,1,stimuliTAFCfirst/nimnym003.wav,,,,,,,,,,,,,
,,,,,6550ca7171b8b185b7f6deea,001,2024-05-25_18h24.05.562,mathesisv2,2024.1.3,Win32,59.88023952,,,,,,,,,,,,,,,,,x,,,,,,,,,,,,,,,,,,,,,,,,,,,,,,,,,,,,,,,,,,,,,,,,,,,,,,,,,,,,,,,411.3087,412.8947,e,1.5669,,1,5,12,3,1,stimuliTAFCfirst/nimnym004.wav,,,,,,,,,,,,,
,,,,,6550ca7171b8b185b7f6deea,001,2024-05-25_18h24.05.562,mathesisv2,2024.1.3,Win32,59.88023952,,,,,,,,,,,,,,,,,e,,,,,,,,,,,,,,,,,,,,,,,,,,,,,,,,,,,,,,,,,,,,,,,,,,,,,,,,,,,,,,,412.8948,414.391,e,1.4695,,1,6,13,1,1,stimuliTAFCfirst/nimnym002.wav,,,,,,,,,,,,,
,,,,,6550ca7171b8b185b7f6deea,001,2024-05-25_18h24.05.562,mathesisv2,2024.1.3,Win32,59.88023952,,,,,,,,,,,,,,,,,y,414.3913,415.9949,space,1.5851,,,,,,,,,,,,,,,,,,,,,,,,,,,,,,,,,,,,,,,,,,,,,,,,,,,,,,,,,,,,,,,,,,,,,,416.0012,418.5789,u,2.5666,,0,0,0,6,1,stimuliTAFCsec/numnym007.wav,,
,,,,,6550ca7171b8b185b7f6deea,001,2024-05-25_18h24.05.562,mathesisv2,2024.1.3,Win32,59.88023952,,,,,,,,,,,,,,,,,x,,,,,,,,,,,,,,,,,,,,,,,,,,,,,,,,,,,,,,,,,,,,,,,,,,,,,,,,,,,,,,,,,,,,,,,,,,418.5792,420.695,u,2.1003,,0,1,1,3,1,stimuliTAFCsec/numnym004.wav,,
,,,,,6550ca7171b8b185b7f6deea,001,2024-05-25_18h24.05.562,mathesisv2,2024.1.3,Win32,59.88023952,,,,,,,,,,,,,,,,,y,,,,,,,,,,,,,,,,,,,,,,,,,,,,,,,,,,,,,,,,,,,,,,,,,,,,,,,,,,,,,,,,,,,,,,,,,,420.6952,422.6072,y,1.8952,,0,2,2,4,1,stimuliTAFCsec/numnym005.wav,,
,,,,,6550ca7171b8b185b7f6deea,001,2024-05-25_18h24.05.562,mathesisv2,2024.1.3,Win32,59.88023952,,,,,,,,,,,,,,,,,u,,,,,,,,,,,,,,,,,,,,,,,,,,,,,,,,,,,,,,,,,,,,,,,,,,,,,,,,,,,,,,,,,,,,,,,,,,422.6075,424.3105,u,1.6827,,0,3,3,2,1,stimuliTAFCsec/numnym003.wav,,
,,,,,6550ca7171b8b185b7f6deea,001,2024-05-25_18h24.05.562,mathesisv2,2024.1.3,Win32,59.88023952,,,,,,,,,,,,,,,,,u,,,,,,,,,,,,,,,,,,,,,,,,,,,,,,,,,,,,,,,,,,,,,,,,,,,,,,,,,,,,,,,,,,,,,,,,,,424.3107,425.928,u,1.5999,,0,4,4,0,1,stimuliTAFCsec/numnym001.wav,,
,,,,,6550ca7171b8b185b7f6deea,001,2024-05-25_18h24.05.562,mathesisv2,2024.1.3,Win32,59.88023952,,,,,,,,,,,,,,,,,y,,,,,,,,,,,,,,,,,,,,,,,,,,,,,,,,,,,,,,,,,,,,,,,,,,,,,,,,,,,,,,,,,,,,,,,,,,425.9282,427.5926,y,1.648,,0,5,5,5,1,stimuliTAFCsec/numnym006.wav,,
,,,,,6550ca7171b8b185b7f6deea,001,2024-05-25_18h24.05.562,mathesisv2,2024.1.3,Win32,59.88023952,,,,,,,,,,,,,,,,,u,,,,,,,,,,,,,,,,,,,,,,,,,,,,,,,,,,,,,,,,,,,,,,,,,,,,,,,,,,,,,,,,,,,,,,,,,,427.593,429.1911,u,1.5717,,0,6,6,1,1,stimuliTAFCsec/numnym002.wav,,
,,,,,6550ca7171b8b185b7f6deea,001,2024-05-25_18h24.05.562,mathesisv2,2024.1.3,Win32,59.88023952,,,,,,,,,,,,,,,,,u,,,,,,,,,,,,,,,,,,,,,,,,,,,,,,,,,,,,,,,,,,,,,,,,,,,,,,,,,,,,,,,,,,,,,,,,,,429.1913,430.7408,u,1.5183,,1,0,7,1,1,stimuliTAFCsec/numnym002.wav,,
,,,,,6550ca7171b8b185b7f6deea,001,2024-05-25_18h24.05.562,mathesisv2,2024.1.3,Win32,59.88023952,,,,,,,,,,,,,,,,,x,,,,,,,,,,,,,,,,,,,,,,,,,,,,,,,,,,,,,,,,,,,,,,,,,,,,,,,,,,,,,,,,,,,,,,,,,,430.741,432.2785,u,1.5177,,1,1,8,3,1,stimuliTAFCsec/numnym004.wav,,
,,,,,6550ca7171b8b185b7f6deea,001,2024-05-25_18h24.05.562,mathesisv2,2024.1.3,Win32,59.88023952,,,,,,,,,,,,,,,,,u,,,,,,,,,,,,,,,,,,,,,,,,,,,,,,,,,,,,,,,,,,,,,,,,,,,,,,,,,,,,,,,,,,,,,,,,,,432.2787,433.8236,u,1.5168,,1,2,9,2,1,stimuliTAFCsec/numnym003.wav,,
,,,,,6550ca7171b8b185b7f6deea,001,2024-05-25_18h24.05.562,mathesisv2,2024.1.3,Win32,59.88023952,,,,,,,,,,,,,,,,,y,,,,,,,,,,,,,,,,,,,,,,,,,,,,,,,,,,,,,,,,,,,,,,,,,,,,,,,,,,,,,,,,,,,,,,,,,,433.8238,435.3097,y,1.4685,,1,3,10,6,1,stimuliTAFCsec/numnym007.wav,,
,,,,,6550ca7171b8b185b7f6deea,001,2024-05-25_18h24.05.562,mathesisv2,2024.1.3,Win32,59.88023952,,,,,,,,,,,,,,,,,y,,,,,,,,,,,,,,,,,,,,,,,,,,,,,,,,,,,,,,,,,,,,,,,,,,,,,,,,,,,,,,,,,,,,,,,,,,435.3099,436.857,y,1.5181,,1,4,11,4,1,stimuliTAFCsec/numnym005.wav,,
,,,,,6550ca7171b8b185b7f6deea,001,2024-05-25_18h24.05.562,mathesisv2,2024.1.3,Win32,59.88023952,,,,,,,,,,,,,,,,,u,,,,,,,,,,,,,,,,,,,,,,,,,,,,,,,,,,,,,,,,,,,,,,,,,,,,,,,,,,,,,,,,,,,,,,,,,,436.8572,438.3239,u,1.4402,,1,5,12,0,1,stimuliTAFCsec/numnym001.wav,,
,,,,,6550ca7171b8b185b7f6deea,001,2024-05-25_18h24.05.562,mathesisv2,2024.1.3,Win32,59.88023952,,,,,,,,,,,,,,,,,y,,,,,,,,,,,,,,,,,,,,,,,,,,,,,,,,,,,,,,,,,,,,,,,,,,,,,,,,,,,,,,,,,,,,,,,,,,438.3242,439.857,y,1.5014,,1,6,13,5,1,stimuliTAFCsec/numnym006.wav,,
,,,,,6550ca7171b8b185b7f6deea,001,2024-05-25_18h24.05.562,mathesisv2,2024.1.3,Win32,59.88023952,,,,,,,,,,,,,,,,,y,,,,,,,,,,,,,,,,,,,,,,,,,,439.8575,440.8919,space,1.0104,,,,,,,,,,,,,,,,,,,,,,,,,,,,,,,,,,440.8952,443.8907,y,2.9762,,0,0,0,4,1,stimuliTAFCfirst/nimnym005.wav,,,,,,,,,,,,,
,,,,,6550ca7171b8b185b7f6deea,001,2024-05-25_18h24.05.562,mathesisv2,2024.1.3,Win32,59.88023952,,,,,,,,,,,,,,,,,x,,,,,,,,,,,,,,,,,,,,,,,,,,,,,,,,,,,,,,,,,,,,,,,,,,,,,,,,,,,,,,,443.8983,445.7114,y,1.8002,,0,1,1,3,1,stimuliTAFCfirst/nimnym004.wav,,,,,,,,,,,,,
,,,,,6550ca7171b8b185b7f6deea,001,2024-05-25_18h24.05.562,mathesisv2,2024.1.3,Win32,59.88023952,,,,,,,,,,,,,,,,,e,,,,,,,,,,,,,,,,,,,,,,,,,,,,,,,,,,,,,,,,,,,,,,,,,,,,,,,,,,,,,,,445.7116,447.4402,e,1.7006,,0,2,2,2,1,stimuliTAFCfirst/nimnym003.wav,,,,,,,,,,,,,
,,,,,6550ca7171b8b185b7f6deea,001,2024-05-25_18h24.05.562,mathesisv2,2024.1.3,Win32,59.88023952,,,,,,,,,,,,,,,,,e,,,,,,,,,,,,,,,,,,,,,,,,,,,,,,,,,,,,,,,,,,,,,,,,,,,,,,,,,,,,,,,447.4404,449.0402,e,1.5676,,0,3,3,1,1,stimuliTAFCfirst/nimnym002.wav,,,,,,,,,,,,,
,,,,,6550ca7171b8b185b7f6deea,001,2024-05-25_18h24.05.562,mathesisv2,2024.1.3,Win32,59.88023952,,,,,,,,,,,,,,,,,y,,,,,,,,,,,,,,,,,,,,,,,,,,,,,,,,,,,,,,,,,,,,,,,,,,,,,,,,,,,,,,,449.0405,450.6237,y,1.5521,,0,4,4,5,1,stimuliTAFCfirst/nimnym006.wav,,,,,,,,,,,,,
,,,,,6550ca7171b8b185b7f6deea,001,2024-05-25_18h24.05.562,mathesisv2,2024.1.3,Win32,59.88023952,,,,,,,,,,,,,,,,,y,,,,,,,,,,,,,,,,,,,,,,,,,,,,,,,,,,,,,,,,,,,,,,,,,,,,,,,,,,,,,,,450.6238,452.09,y,1.4425,,0,5,5,6,1,stimuliTAFCfirst/nimnym007.wav,,,,,,,,,,,,,
,,,,,6550ca7171b8b185b7f6deea,001,2024-05-25_18h24.05.562,mathesisv2,2024.1.3,Win32,59.88023952,,,,,,,,,,,,,,,,,e,,,,,,,,,,,,,,,,,,,,,,,,,,,,,,,,,,,,,,,,,,,,,,,,,,,,,,,,,,,,,,,452.0904,454.0406,e,1.9269,,0,6,6,0,1,stimuliTAFCfirst/nimnym001.wav,,,,,,,,,,,,,
,,,,,6550ca7171b8b185b7f6deea,001,2024-05-25_18h24.05.562,mathesisv2,2024.1.3,Win32,59.88023952,,,,,,,,,,,,,,,,,e,,,,,,,,,,,,,,,,,,,,,,,,,,,,,,,,,,,,,,,,,,,,,,,,,,,,,,,,,,,,,,,454.0412,455.811,e,1.7516,,1,0,7,0,1,stimuliTAFCfirst/nimnym001.wav,,,,,,,,,,,,,
,,,,,6550ca7171b8b185b7f6deea,001,2024-05-25_18h24.05.562,mathesisv2,2024.1.3,Win32,59.88023952,,,,,,,,,,,,,,,,,y,,,,,,,,,,,,,,,,,,,,,,,,,,,,,,,,,,,,,,,,,,,,,,,,,,,,,,,,,,,,,,,455.8112,457.3884,y,1.5492,,1,1,8,4,1,stimuliTAFCfirst/nimnym005.wav,,,,,,,,,,,,,
,,,,,6550ca7171b8b185b7f6deea,001,2024-05-25_18h24.05.562,mathesisv2,2024.1.3,Win32,59.88023952,,,,,,,,,,,,,,,,,y,,,,,,,,,,,,,,,,,,,,,,,,,,,,,,,,,,,,,,,,,,,,,,,,,,,,,,,,,,,,,,,457.3885,459.0779,e,1.6664,,1,2,9,6,1,stimuliTAFCfirst/nimnym007.wav,,,,,,,,,,,,,
,,,,,6550ca7171b8b185b7f6deea,001,2024-05-25_18h24.05.562,mathesisv2,2024.1.3,Win32,59.88023952,,,,,,,,,,,,,,,,,y,,,,,,,,,,,,,,,,,,,,,,,,,,,,,,,,,,,,,,,,,,,,,,,,,,,,,,,,,,,,,,,459.0783,460.7447,y,1.6503,,1,3,10,5,1,stimuliTAFCfirst/nimnym006.wav,,,,,,,,,,,,,
,,,,,6550ca7171b8b185b7f6deea,001,2024-05-25_18h24.05.562,mathesisv2,2024.1.3,Win32,59.88023952,,,,,,,,,,,,,,,,,x,,,,,,,,,,,,,,,,,,,,,,,,,,,,,,,,,,,,,,,,,,,,,,,,,,,,,,,,,,,,,,,460.7449,462.4281,e,1.667,,1,4,11,3,1,stimuliTAFCfirst/nimnym004.wav,,,,,,,,,,,,,
,,,,,6550ca7171b8b185b7f6deea,001,2024-05-25_18h24.05.562,mathesisv2,2024.1.3,Win32,59.88023952,,,,,,,,,,,,,,,,,e,,,,,,,,,,,,,,,,,,,,,,,,,,,,,,,,,,,,,,,,,,,,,,,,,,,,,,,,,,,,,,,462.4283,463.9408,e,1.4882,,1,5,12,2,1,stimuliTAFCfirst/nimnym003.wav,,,,,,,,,,,,,
,,,,,6550ca7171b8b185b7f6deea,001,2024-05-25_18h24.05.562,mathesisv2,2024.1.3,Win32,59.88023952,,,,,,,,,,,,,,,,,e,,,,,,,,,,,,,,,,,,,,,,,,,,,,,,,,,,,,,,,,,,,,,,,,,,,,,,,,,,,,,,,463.9412,465.4111,e,1.4499,,1,6,13,1,1,stimuliTAFCfirst/nimnym002.wav,,,,,,,,,,,,,
,,,,,6550ca7171b8b185b7f6deea,001,2024-05-25_18h24.05.562,mathesisv2,2024.1.3,Win32,59.88023952,,,,,,,,,,,,,,,,,u,465.4112,466.5112,space,1.0834,,,,,,,,,,,,,,,,,,,,,,,,,,,,,,,,,,,,,,,,,,,,,,,,,,,,,,,,,,,,,,,,,,,,,,466.5176,470.0904,u,3.5521,,0,0,0,1,1,stimuliTAFCsec/numnym002.wav,,
,,,,,6550ca7171b8b185b7f6deea,001,2024-05-25_18h24.05.562,mathesisv2,2024.1.3,Win32,59.88023952,,,,,,,,,,,,,,,,,y,,,,,,,,,,,,,,,,,,,,,,,,,,,,,,,,,,,,,,,,,,,,,,,,,,,,,,,,,,,,,,,,,,,,,,,,,,470.1015,474.8109,y,4.6999,,0,1,1,4,1,stimuliTAFCsec/numnym005.wav,,
,,,,,6550ca7171b8b185b7f6deea,001,2024-05-25_18h24.05.562,mathesisv2,2024.1.3,Win32,59.88023952,,,,,,,,,,,,,,,,,u,,,,,,,,,,,,,,,,,,,,,,,,,,,,,,,,,,,,,,,,,,,,,,,,,,,,,,,,,,,,,,,,,,,,,,,,,,474.8156,476.5565,u,1.7233,,0,2,2,0,1,stimuliTAFCsec/numnym001.wav,,
,,,,,6550ca7171b8b185b7f6deea,001,2024-05-25_18h24.05.562,mathesisv2,2024.1.3,Win32,59.88023952,,,,,,,,,,,,,,,,,x,,,,,,,,,,,,,,,,,,,,,,,,,,,,,,,,,,,,,,,,,,,,,,,,,,,,,,,,,,,,,,,,,,,,,,,,,,476.5566,478.0568,u,1.4676,,0,3,3,3,1,stimuliTAFCsec/numnym004.wav,,
,,,,,6550ca7171b8b185b7f6deea,001,2024-05-25_18h24.05.562,mathesisv2,2024.1.3,Win32,59.88023952,,,,,,,,,,,,,,,,,y,,,,,,,,,,,,,,,,,,,,,,,,,,,,,,,,,,,,,,,,,,,,,,,,,,,,,,,,,,,,,,,,,,,,,,,,,,478.0573,479.6757,y,1.5983,,0,4,4,6,1,stimuliTAFCsec/numnym007.wav,,
,,,,,6550ca7171b8b185b7f6deea,001,2024-05-25_18h24.05.562,mathesisv2,2024.1.3,Win32,59.88023952,,,,,,,,,,,,,,,,,u,,,,,,,,,,,,,,,,,,,,,,,,,,,,,,,,,,,,,,,,,,,,,,,,,,,,,,,,,,,,,,,,,,,,,,,,,,479.6759,481.2766,u,1.5842,,0,5,5,2,1,stimuliTAFCsec/numnym003.wav,,
,,,,,6550ca7171b8b185b7f6deea,001,2024-05-25_18h24.05.562,mathesisv2,2024.1.3,Win32,59.88023952,,,,,,,,,,,,,,,,,y,,,,,,,,,,,,,,,,,,,,,,,,,,,,,,,,,,,,,,,,,,,,,,,,,,,,,,,,,,,,,,,,,,,,,,,,,,481.2768,483.0946,y,1.8019,,0,6,6,5,1,stimuliTAFCsec/numnym006.wav,,
,,,,,6550ca7171b8b185b7f6deea,001,2024-05-25_18h24.05.562,mathesisv2,2024.1.3,Win32,59.88023952,,,,,,,,,,,,,,,,,u,,,,,,,,,,,,,,,,,,,,,,,,,,,,,,,,,,,,,,,,,,,,,,,,,,,,,,,,,,,,,,,,,,,,,,,,,,483.0948,484.7402,u,1.618,,1,0,7,0,1,stimuliTAFCsec/numnym001.wav,,
,,,,,6550ca7171b8b185b7f6deea,001,2024-05-25_18h24.05.562,mathesisv2,2024.1.3,Win32,59.88023952,,,,,,,,,,,,,,,,,y,,,,,,,,,,,,,,,,,,,,,,,,,,,,,,,,,,,,,,,,,,,,,,,,,,,,,,,,,,,,,,,,,,,,,,,,,,484.7406,486.4903,y,1.7139,,1,1,8,4,1,stimuliTAFCsec/numnym005.wav,,
,,,,,6550ca7171b8b185b7f6deea,001,2024-05-25_18h24.05.562,mathesisv2,2024.1.3,Win32,59.88023952,,,,,,,,,,,,,,,,,x,,,,,,,,,,,,,,,,,,,,,,,,,,,,,,,,,,,,,,,,,,,,,,,,,,,,,,,,,,,,,,,,,,,,,,,,,,486.4908,488.011,u,1.5001,,1,2,9,3,1,stimuliTAFCsec/numnym004.wav,,
,,,,,6550ca7171b8b185b7f6deea,001,2024-05-25_18h24.05.562,mathesisv2,2024.1.3,Win32,59.88023952,,,,,,,,,,,,,,,,,y,,,,,,,,,,,,,,,,,,,,,,,,,,,,,,,,,,,,,,,,,,,,,,,,,,,,,,,,,,,,,,,,,,,,,,,,,,488.0111,489.7109,y,1.6834,,1,3,10,5,1,stimuliTAFCsec/numnym006.wav,,
,,,,,6550ca7171b8b185b7f6deea,001,2024-05-25_18h24.05.562,mathesisv2,2024.1.3,Win32,59.88023952,,,,,,,,,,,,,,,,,u,,,,,,,,,,,,,,,,,,,,,,,,,,,,,,,,,,,,,,,,,,,,,,,,,,,,,,,,,,,,,,,,,,,,,,,,,,489.7111,491.2088,u,1.4813,,1,4,11,2,1,stimuliTAFCsec/numnym003.wav,,
,,,,,6550ca7171b8b185b7f6deea,001,2024-05-25_18h24.05.562,mathesisv2,2024.1.3,Win32,59.88023952,,,,,,,,,,,,,,,,,u,,,,,,,,,,,,,,,,,,,,,,,,,,,,,,,,,,,,,,,,,,,,,,,,,,,,,,,,,,,,,,,,,,,,,,,,,,491.209,492.6568,u,1.426,,1,5,12,1,1,stimuliTAFCsec/numnym002.wav,,
,,,,,6550ca7171b8b185b7f6deea,001,2024-05-25_18h24.05.562,mathesisv2,2024.1.3,Win32,59.88023952,,,,,,,,,,,,,,,,,y,,,,,,,,,,,,,,,,,,,,,,,,,,,,,,,,,,,,,,,,,,,,,,,,,,,,,,,,,,,,,,,,,,,,,,,,,,492.6571,494.1903,y,1.5127,,1,6,13,6,1,stimuliTAFCsec/numnym007.wav,,
,,,,,6550ca7171b8b185b7f6deea,001,2024-05-25_18h24.05.562,mathesisv2,2024.1.3,Win32,59.88023952,,,,,,,,,,,,,,,,,e,,,,,,,,,,,,,,,,,,,,,,,,,,494.1904,495.0075,space,0.7837,,,,,,,,,,,,,,,,,,,,,,,,,,,,,,,,,,495.0106,496.661,e,1.6337,,0,0,0,0,1,stimuliTAFCfirst/nimnym001.wav,,,,,,,,,,,,,
,,,,,6550ca7171b8b185b7f6deea,001,2024-05-25_18h24.05.562,mathesisv2,2024.1.3,Win32,59.88023952,,,,,,,,,,,,,,,,,y,,,,,,,,,,,,,,,,,,,,,,,,,,,,,,,,,,,,,,,,,,,,,,,,,,,,,,,,,,,,,,,496.6613,499.3091,y,2.6317,,0,1,1,6,1,stimuliTAFCfirst/nimnym007.wav,,,,,,,,,,,,,
,,,,,6550ca7171b8b185b7f6deea,001,2024-05-25_18h24.05.562,mathesisv2,2024.1.3,Win32,59.88023952,,,,,,,,,,,,,,,,,y,,,,,,,,,,,,,,,,,,,,,,,,,,,,,,,,,,,,,,,,,,,,,,,,,,,,,,,,,,,,,,,499.3092,500.8443,y,1.532,,0,2,2,5,1,stimuliTAFCfirst/nimnym006.wav,,,,,,,,,,,,,
,,,,,6550ca7171b8b185b7f6deea,001,2024-05-25_18h24.05.562,mathesisv2,2024.1.3,Win32,59.88023952,,,,,,,,,,,,,,,,,y,,,,,,,,,,,,,,,,,,,,,,,,,,,,,,,,,,,,,,,,,,,,,,,,,,,,,,,,,,,,,,,500.8446,502.3737,y,1.5126,,0,3,3,4,1,stimuliTAFCfirst/nimnym005.wav,,,,,,,,,,,,,
,,,,,6550ca7171b8b185b7f6deea,001,2024-05-25_18h24.05.562,mathesisv2,2024.1.3,Win32,59.88023952,,,,,,,,,,,,,,,,,e,,,,,,,,,,,,,,,,,,,,,,,,,,,,,,,,,,,,,,,,,,,,,,,,,,,,,,,,,,,,,,,502.3739,503.8453,y,1.4511,,0,4,4,2,1,stimuliTAFCfirst/nimnym003.wav,,,,,,,,,,,,,
,,,,,6550ca7171b8b185b7f6deea,001,2024-05-25_18h24.05.562,mathesisv2,2024.1.3,Win32,59.88023952,,,,,,,,,,,,,,,,,x,,,,,,,,,,,,,,,,,,,,,,,,,,,,,,,,,,,,,,,,,,,,,,,,,,,,,,,,,,,,,,,503.8454,505.3067,y,1.4399,,0,5,5,3,1,stimuliTAFCfirst/nimnym004.wav,,,,,,,,,,,,,
,,,,,6550ca7171b8b185b7f6deea,001,2024-05-25_18h24.05.562,mathesisv2,2024.1.3,Win32,59.88023952,,,,,,,,,,,,,,,,,e,,,,,,,,,,,,,,,,,,,,,,,,,,,,,,,,,,,,,,,,,,,,,,,,,,,,,,,,,,,,,,,505.3069,507.0934,e,1.7681,,0,6,6,1,1,stimuliTAFCfirst/nimnym002.wav,,,,,,,,,,,,,
,,,,,6550ca7171b8b185b7f6deea,001,2024-05-25_18h24.05.562,mathesisv2,2024.1.3,Win32,59.88023952,,,,,,,,,,,,,,,,,e,,,,,,,,,,,,,,,,,,,,,,,,,,,,,,,,,,,,,,,,,,,,,,,,,,,,,,,,,,,,,,,507.0936,508.6941,e,1.5839,,1,0,7,2,1,stimuliTAFCfirst/nimnym003.wav,,,,,,,,,,,,,
,,,,,6550ca7171b8b185b7f6deea,001,2024-05-25_18h24.05.562,mathesisv2,2024.1.3,Win32,59.88023952,,,,,,,,,,,,,,,,,y,,,,,,,,,,,,,,,,,,,,,,,,,,,,,,,,,,,,,,,,,,,,,,,,,,,,,,,,,,,,,,,508.6943,510.1787,y,1.468,,1,1,8,6,1,stimuliTAFCfirst/nimnym007.wav,,,,,,,,,,,,,
,,,,,6550ca7171b8b185b7f6deea,001,2024-05-25_18h24.05.562,mathesisv2,2024.1.3,Win32,59.88023952,,,,,,,,,,,,,,,,,e,,,,,,,,,,,,,,,,,,,,,,,,,,,,,,,,,,,,,,,,,,,,,,,,,,,,,,,,,,,,,,,510.1788,511.692,e,1.4973,,1,2,9,0,1,stimuliTAFCfirst/nimnym001.wav,,,,,,,,,,,,,
,,,,,6550ca7171b8b185b7f6deea,001,2024-05-25_18h24.05.562,mathesisv2,2024.1.3,Win32,59.88023952,,,,,,,,,,,,,,,,,y,,,,,,,,,,,,,,,,,,,,,,,,,,,,,,,,,,,,,,,,,,,,,,,,,,,,,,,,,,,,,,,511.6922,513.6404,y,1.9201,,1,3,10,4,1,stimuliTAFCfirst/nimnym005.wav,,,,,,,,,,,,,
,,,,,6550ca7171b8b185b7f6deea,001,2024-05-25_18h24.05.562,mathesisv2,2024.1.3,Win32,59.88023952,,,,,,,,,,,,,,,,,x,,,,,,,,,,,,,,,,,,,,,,,,,,,,,,,,,,,,,,,,,,,,,,,,,,,,,,,,,,,,,,,513.6407,515.1408,y,1.468,,1,4,11,3,1,stimuliTAFCfirst/nimnym004.wav,,,,,,,,,,,,,
,,,,,6550ca7171b8b185b7f6deea,001,2024-05-25_18h24.05.562,mathesisv2,2024.1.3,Win32,59.88023952,,,,,,,,,,,,,,,,,y,,,,,,,,,,,,,,,,,,,,,,,,,,,,,,,,,,,,,,,,,,,,,,,,,,,,,,,,,,,,,,,515.1412,516.7066,y,1.5404,,1,5,12,5,1,stimuliTAFCfirst/nimnym006.wav,,,,,,,,,,,,,
,,,,,6550ca7171b8b185b7f6deea,001,2024-05-25_18h24.05.562,mathesisv2,2024.1.3,Win32,59.88023952,,,,,,,,,,,,,,,,,e,,,,,,,,,,,,,,,,,,,,,,,,,,,,,,,,,,,,,,,,,,,,,,,,,,,,,,,,,,,,,,,516.7069,518.2574,e,1.5265,,1,6,13,1,1,stimuliTAFCfirst/nimnym002.wav,,,,,,,,,,,,,
,,,,,6550ca7171b8b185b7f6deea,001,2024-05-25_18h24.05.562,mathesisv2,2024.1.3,Win32,59.88023952,,,,,,,,,,,,,,,,,u,518.2574,519.4072,space,1.1378,,,,,,,,,,,,,,,,,,,,,,,,,,,,,,,,,,,,,,,,,,,,,,,,,,,,,,,,,,,,,,,,,,,,,,519.4107,521.3237,u,1.8854,,0,0,0,1,1,stimuliTAFCsec/numnym002.wav,,
,,,,,6550ca7171b8b185b7f6deea,001,2024-05-25_18h24.05.562,mathesisv2,2024.1.3,Win32,59.88023952,,,,,,,,,,,,,,,,,x,,,,,,,,,,,,,,,,,,,,,,,,,,,,,,,,,,,,,,,,,,,,,,,,,,,,,,,,,,,,,,,,,,,,,,,,,,521.3241,522.873,u,1.5193,,0,1,1,3,1,stimuliTAFCsec/numnym004.wav,,
,,,,,6550ca7171b8b185b7f6deea,001,2024-05-25_18h24.05.562,mathesisv2,2024.1.3,Win32,59.88023952,,,,,,,,,,,,,,,,,u,,,,,,,,,,,,,,,,,,,,,,,,,,,,,,,,,,,,,,,,,,,,,,,,,,,,,,,,,,,,,,,,,,,,,,,,,,522.8735,524.54,u,1.6376,,0,2,2,0,1,stimuliTAFCsec/numnym001.wav,,
,,,,,6550ca7171b8b185b7f6deea,001,2024-05-25_18h24.05.562,mathesisv2,2024.1.3,Win32,59.88023952,,,,,,,,,,,,,,,,,y,,,,,,,,,,,,,,,,,,,,,,,,,,,,,,,,,,,,,,,,,,,,,,,,,,,,,,,,,,,,,,,,,,,,,,,,,,524.5401,526.0779,y,1.5182,,0,3,3,6,1,stimuliTAFCsec/numnym007.wav,,
,,,,,6550ca7171b8b185b7f6deea,001,2024-05-25_18h24.05.562,mathesisv2,2024.1.3,Win32,59.88023952,,,,,,,,,,,,,,,,,y,,,,,,,,,,,,,,,,,,,,,,,,,,,,,,,,,,,,,,,,,,,,,,,,,,,,,,,,,,,,,,,,,,,,,,,,,,526.0783,527.8775,y,1.7835,,0,4,4,4,1,stimuliTAFCsec/numnym005.wav,,
,,,,,6550ca7171b8b185b7f6deea,001,2024-05-25_18h24.05.562,mathesisv2,2024.1.3,Win32,59.88023952,,,,,,,,,,,,,,,,,u,,,,,,,,,,,,,,,,,,,,,,,,,,,,,,,,,,,,,,,,,,,,,,,,,,,,,,,,,,,,,,,,,,,,,,,,,,527.8776,529.4062,u,1.5108,,0,5,5,2,1,stimuliTAFCsec/numnym003.wav,,
,,,,,6550ca7171b8b185b7f6deea,001,2024-05-25_18h24.05.562,mathesisv2,2024.1.3,Win32,59.88023952,,,,,,,,,,,,,,,,,y,,,,,,,,,,,,,,,,,,,,,,,,,,,,,,,,,,,,,,,,,,,,,,,,,,,,,,,,,,,,,,,,,,,,,,,,,,529.4065,531.1421,y,1.7147,,0,6,6,5,1,stimuliTAFCsec/numnym006.wav,,
,,,,,6550ca7171b8b185b7f6deea,001,2024-05-25_18h24.05.562,mathesisv2,2024.1.3,Win32,59.88023952,,,,,,,,,,,,,,,,,x,,,,,,,,,,,,,,,,,,,,,,,,,,,,,,,,,,,,,,,,,,,,,,,,,,,,,,,,,,,,,,,,,,,,,,,,,,531.1424,532.9238,u,1.7578,,1,0,7,3,1,stimuliTAFCsec/numnym004.wav,,
,,,,,6550ca7171b8b185b7f6deea,001,2024-05-25_18h24.05.562,mathesisv2,2024.1.3,Win32,59.88023952,,,,,,,,,,,,,,,,,u,,,,,,,,,,,,,,,,,,,,,,,,,,,,,,,,,,,,,,,,,,,,,,,,,,,,,,,,,,,,,,,,,,,,,,,,,,532.9241,534.4899,u,1.5346,,1,1,8,2,1,stimuliTAFCsec/numnym003.wav,,
,,,,,6550ca7171b8b185b7f6deea,001,2024-05-25_18h24.05.562,mathesisv2,2024.1.3,Win32,59.88023952,,,,,,,,,,,,,,,,,y,,,,,,,,,,,,,,,,,,,,,,,,,,,,,,,,,,,,,,,,,,,,,,,,,,,,,,,,,,,,,,,,,,,,,,,,,,534.4904,536.1232,y,1.6086,,1,2,9,4,1,stimuliTAFCsec/numnym005.wav,,
,,,,,6550ca7171b8b185b7f6deea,001,2024-05-25_18h24.05.562,mathesisv2,2024.1.3,Win32,59.88023952,,,,,,,,,,,,,,,,,u,,,,,,,,,,,,,,,,,,,,,,,,,,,,,,,,,,,,,,,,,,,,,,,,,,,,,,,,,,,,,,,,,,,,,,,,,,536.1234,537.6744,u,1.5343,,1,3,10,0,1,stimuliTAFCsec/numnym001.wav,,
,,,,,6550ca7171b8b185b7f6deea,001,2024-05-25_18h24.05.562,mathesisv2,2024.1.3,Win32,59.88023952,,,,,,,,,,,,,,,,,y,,,,,,,,,,,,,,,,,,,,,,,,,,,,,,,,,,,,,,,,,,,,,,,,,,,,,,,,,,,,,,,,,,,,,,,,,,537.6749,539.7742,y,2.0815,,1,4,11,5,1,stimuliTAFCsec/numnym006.wav,,
,,,,,6550ca7171b8b185b7f6deea,001,2024-05-25_18h24.05.562,mathesisv2,2024.1.3,Win32,59.88023952,,,,,,,,,,,,,,,,,y,,,,,,,,,,,,,,,,,,,,,,,,,,,,,,,,,,,,,,,,,,,,,,,,,,,,,,,,,,,,,,,,,,,,,,,,,,539.7754,541.4906,y,1.7059,,1,5,12,6,1,stimuliTAFCsec/numnym007.wav,,
,,,,,6550ca7171b8b185b7f6deea,001,2024-05-25_18h24.05.562,mathesisv2,2024.1.3,Win32,59.88023952,,,,,,,,,,,,,,,,,u,,,,,,,,,,,,,,,,,,,,,,,,,,,,,,,,,,,,,,,,,,,,,,,,,,,,,,,,,,,,,,,,,,,,,,,,,,541.4909,542.973,u,1.4686,,1,6,13,1,1,stimuliTAFCsec/numnym002.wav,,
,,,,,6550ca7171b8b185b7f6deea,001,2024-05-25_18h24.05.562,mathesisv2,2024.1.3,Win32,59.88023952,,,,,,,,,,,,,,,,,e,,,,,,,,,,,,,,,,,,,,,,,,,,542.9732,543.8402,space,0.8587,,,,,,,,,,,,,,,,,,,,,,,,,,,,,,,,,,543.842,545.5234,e,1.6736,,0,0,0,2,1,stimuliTAFCfirst/nimnym003.wav,,,,,,,,,,,,,
,,,,,6550ca7171b8b185b7f6deea,001,2024-05-25_18h24.05.562,mathesisv2,2024.1.3,Win32,59.88023952,,,,,,,,,,,,,,,,,e,,,,,,,,,,,,,,,,,,,,,,,,,,,,,,,,,,,,,,,,,,,,,,,,,,,,,,,,,,,,,,,545.5242,547.0411,e,1.5012,,0,1,1,0,1,stimuliTAFCfirst/nimnym001.wav,,,,,,,,,,,,,
,,,,,6550ca7171b8b185b7f6deea,001,2024-05-25_18h24.05.562,mathesisv2,2024.1.3,Win32,59.88023952,,,,,,,,,,,,,,,,,y,,,,,,,,,,,,,,,,,,,,,,,,,,,,,,,,,,,,,,,,,,,,,,,,,,,,,,,,,,,,,,,547.0416,548.8404,y,1.7811,,0,2,2,5,1,stimuliTAFCfirst/nimnym006.wav,,,,,,,,,,,,,
,,,,,6550ca7171b8b185b7f6deea,001,2024-05-25_18h24.05.562,mathesisv2,2024.1.3,Win32,59.88023952,,,,,,,,,,,,,,,,,e,,,,,,,,,,,,,,,,,,,,,,,,,,,,,,,,,,,,,,,,,,,,,,,,,,,,,,,,,,,,,,,548.8407,550.7068,e,1.8545,,0,3,3,1,1,stimuliTAFCfirst/nimnym002.wav,,,,,,,,,,,,,
,,,,,6550ca7171b8b185b7f6deea,001,2024-05-25_18h24.05.562,mathesisv2,2024.1.3,Win32,59.88023952,,,,,,,,,,,,,,,,,x,,,,,,,,,,,,,,,,,,,,,,,,,,,,,,,,,,,,,,,,,,,,,,,,,,,,,,,,,,,,,,,550.7071,552.4068,y,1.6927,,0,4,4,3,1,stimuliTAFCfirst/nimnym004.wav,,,,,,,,,,,,,
,,,,,6550ca7171b8b185b7f6deea,001,2024-05-25_18h24.05.562,mathesisv2,2024.1.3,Win32,59.88023952,,,,,,,,,,,,,,,,,y,,,,,,,,,,,,,,,,,,,,,,,,,,,,,,,,,,,,,,,,,,,,,,,,,,,,,,,,,,,,,,,552.407,554.4732,e,2.0489,,0,5,5,4,1,stimuliTAFCfirst/nimnym005.wav,,,,,,,,,,,,,
,,,,,6550ca7171b8b185b7f6deea,001,2024-05-25_18h24.05.562,mathesisv2,2024.1.3,Win32,59.88023952,,,,,,,,,,,,,,,,,y,,,,,,,,,,,,,,,,,,,,,,,,,,,,,,,,,,,,,,,,,,,,,,,,,,,,,,,,,,,,,,,554.4735,556.0907,y,1.6001,,0,6,6,6,1,stimuliTAFCfirst/nimnym007.wav,,,,,,,,,,,,,
,,,,,6550ca7171b8b185b7f6deea,001,2024-05-25_18h24.05.562,mathesisv2,2024.1.3,Win32,59.88023952,,,,,,,,,,,,,,,,,x,,,,,,,,,,,,,,,,,,,,,,,,,,,,,,,,,,,,,,,,,,,,,,,,,,,,,,,,,,,,,,,556.0911,557.6403,e,1.5428,,1,0,7,3,1,stimuliTAFCfirst/nimnym004.wav,,,,,,,,,,,,,
,,,,,6550ca7171b8b185b7f6deea,001,2024-05-25_18h24.05.562,mathesisv2,2024.1.3,Win32,59.88023952,,,,,,,,,,,,,,,,,e,,,,,,,,,,,,,,,,,,,,,,,,,,,,,,,,,,,,,,,,,,,,,,,,,,,,,,,,,,,,,,,557.6407,559.1067,e,1.451,,1,1,8,1,1,stimuliTAFCfirst/nimnym002.wav,,,,,,,,,,,,,
,,,,,6550ca7171b8b185b7f6deea,001,2024-05-25_18h24.05.562,mathesisv2,2024.1.3,Win32,59.88023952,,,,,,,,,,,,,,,,,e,,,,,,,,,,,,,,,,,,,,,,,,,,,,,,,,,,,,,,,,,,,,,,,,,,,,,,,,,,,,,,,559.1072,560.4393,e,1.3245,,1,2,9,0,1,stimuliTAFCfirst/nimnym001.wav,,,,,,,,,,,,,
,,,,,6550ca7171b8b185b7f6deea,001,2024-05-25_18h24.05.562,mathesisv2,2024.1.3,Win32,59.88023952,,,,,,,,,,,,,,,,,y,,,,,,,,,,,,,,,,,,,,,,,,,,,,,,,,,,,,,,,,,,,,,,,,,,,,,,,,,,,,,,,560.4396,561.9571,y,1.5028,,1,3,10,5,1,stimuliTAFCfirst/nimnym006.wav,,,,,,,,,,,,,
,,,,,6550ca7171b8b185b7f6deea,001,2024-05-25_18h24.05.562,mathesisv2,2024.1.3,Win32,59.88023952,,,,,,,,,,,,,,,,,e,,,,,,,,,,,,,,,,,,,,,,,,,,,,,,,,,,,,,,,,,,,,,,,,,,,,,,,,,,,,,,,561.9575,563.3942,e,1.4301,,1,4,11,2,1,stimuliTAFCfirst/nimnym003.wav,,,,,,,,,,,,,
,,,,,6550ca7171b8b185b7f6deea,001,2024-05-25_18h24.05.562,mathesisv2,2024.1.3,Win32,59.88023952,,,,,,,,,,,,,,,,,y,,,,,,,,,,,,,,,,,,,,,,,,,,,,,,,,,,,,,,,,,,,,,,,,,,,,,,,,,,,,,,,563.3944,564.8279,y,1.4189,,1,5,12,6,1,stimuliTAFCfirst/nimnym007.wav,,,,,,,,,,,,,
,,,,,6550ca7171b8b185b7f6deea,001,2024-05-25_18h24.05.562,mathesisv2,2024.1.3,Win32,59.88023952,,,,,,,,,,,,,,,,,y,,,,,,,,,,,,,,,,,,,,,,,,,,,,,,,,,,,,,,,,,,,,,,,,,,,,,,,,,,,,,,,564.828,566.2567,y,1.4005,,1,6,13,4,1,stimuliTAFCfirst/nimnym005.wav,,,,,,,,,,,,,
,,,,,6550ca7171b8b185b7f6deea,001,2024-05-25_18h24.05.562,mathesisv2,2024.1.3,Win32,59.88023952,,,,,,,,,,,,,,,,,u,566.2568,567.0396,space,0.7593,,,,,,,,,,,,,,,,,,,,,,,,,,,,,,,,,,,,,,,,,,,,,,,,,,,,,,,,,,,,,,,,,,,,,,567.0414,568.9894,u,1.9194,,0,0,0,0,1,stimuliTAFCsec/numnym001.wav,,
,,,,,6550ca7171b8b185b7f6deea,001,2024-05-25_18h24.05.562,mathesisv2,2024.1.3,Win32,59.88023952,,,,,,,,,,,,,,,,,y,,,,,,,,,,,,,,,,,,,,,,,,,,,,,,,,,,,,,,,,,,,,,,,,,,,,,,,,,,,,,,,,,,,,,,,,,,568.9896,571.1562,y,2.1456,,0,1,1,5,1,stimuliTAFCsec/numnym006.wav,,
,,,,,6550ca7171b8b185b7f6deea,001,2024-05-25_18h24.05.562,mathesisv2,2024.1.3,Win32,59.88023952,,,,,,,,,,,,,,,,,y,,,,,,,,,,,,,,,,,,,,,,,,,,,,,,,,,,,,,,,,,,,,,,,,,,,,,,,,,,,,,,,,,,,,,,,,,,571.1563,572.7937,y,1.6168,,0,2,2,6,1,stimuliTAFCsec/numnym007.wav,,
,,,,,6550ca7171b8b185b7f6deea,001,2024-05-25_18h24.05.562,mathesisv2,2024.1.3,Win32,59.88023952,,,,,,,,,,,,,,,,,u,,,,,,,,,,,,,,,,,,,,,,,,,,,,,,,,,,,,,,,,,,,,,,,,,,,,,,,,,,,,,,,,,,,,,,,,,,572.7941,574.258,u,1.4474,,0,3,3,1,1,stimuliTAFCsec/numnym002.wav,,
,,,,,6550ca7171b8b185b7f6deea,001,2024-05-25_18h24.05.562,mathesisv2,2024.1.3,Win32,59.88023952,,,,,,,,,,,,,,,,,y,,,,,,,,,,,,,,,,,,,,,,,,,,,,,,,,,,,,,,,,,,,,,,,,,,,,,,,,,,,,,,,,,,,,,,,,,,574.2582,575.8105,u,1.5337,,0,4,4,4,1,stimuliTAFCsec/numnym005.wav,,
,,,,,6550ca7171b8b185b7f6deea,001,2024-05-25_18h24.05.562,mathesisv2,2024.1.3,Win32,59.88023952,,,,,,,,,,,,,,,,,u,,,,,,,,,,,,,,,,,,,,,,,,,,,,,,,,,,,,,,,,,,,,,,,,,,,,,,,,,,,,,,,,,,,,,,,,,,575.8107,577.2564,u,1.4177,,0,5,5,2,1,stimuliTAFCsec/numnym003.wav,,
,,,,,6550ca7171b8b185b7f6deea,001,2024-05-25_18h24.05.562,mathesisv2,2024.1.3,Win32,59.88023952,,,,,,,,,,,,,,,,,x,,,,,,,,,,,,,,,,,,,,,,,,,,,,,,,,,,,,,,,,,,,,,,,,,,,,,,,,,,,,,,,,,,,,,,,,,,577.2567,578.6397,u,1.36,,0,6,6,3,1,stimuliTAFCsec/numnym004.wav,,
,,,,,6550ca7171b8b185b7f6deea,001,2024-05-25_18h24.05.562,mathesisv2,2024.1.3,Win32,59.88023952,,,,,,,,,,,,,,,,,y,,,,,,,,,,,,,,,,,,,,,,,,,,,,,,,,,,,,,,,,,,,,,,,,,,,,,,,,,,,,,,,,,,,,,,,,,,578.64,580.2398,y,1.5684,,1,0,7,5,1,stimuliTAFCsec/numnym006.wav,,
,,,,,6550ca7171b8b185b7f6deea,001,2024-05-25_18h24.05.562,mathesisv2,2024.1.3,Win32,59.88023952,,,,,,,,,,,,,,,,,u,,,,,,,,,,,,,,,,,,,,,,,,,,,,,,,,,,,,,,,,,,,,,,,,,,,,,,,,,,,,,,,,,,,,,,,,,,580.2402,581.7402,u,1.4712,,1,1,8,1,1,stimuliTAFCsec/numnym002.wav,,
,,,,,6550ca7171b8b185b7f6deea,001,2024-05-25_18h24.05.562,mathesisv2,2024.1.3,Win32,59.88023952,,,,,,,,,,,,,,,,,y,,,,,,,,,,,,,,,,,,,,,,,,,,,,,,,,,,,,,,,,,,,,,,,,,,,,,,,,,,,,,,,,,,,,,,,,,,581.7404,583.1894,y,1.4159,,1,2,9,6,1,stimuliTAFCsec/numnym007.wav,,
,,,,,6550ca7171b8b185b7f6deea,001,2024-05-25_18h24.05.562,mathesisv2,2024.1.3,Win32,59.88023952,,,,,,,,,,,,,,,,,x,,,,,,,,,,,,,,,,,,,,,,,,,,,,,,,,,,,,,,,,,,,,,,,,,,,,,,,,,,,,,,,,,,,,,,,,,,583.1895,584.6086,u,1.4004,,1,3,10,3,1,stimuliTAFCsec/numnym004.wav,,
,,,,,6550ca7171b8b185b7f6deea,001,2024-05-25_18h24.05.562,mathesisv2,2024.1.3,Win32,59.88023952,,,,,,,,,,,,,,,,,u,,,,,,,,,,,,,,,,,,,,,,,,,,,,,,,,,,,,,,,,,,,,,,,,,,,,,,,,,,,,,,,,,,,,,,,,,,584.6089,585.9567,u,1.3237,,1,4,11,0,1,stimuliTAFCsec/numnym001.wav,,
,,,,,6550ca7171b8b185b7f6deea,001,2024-05-25_18h24.05.562,mathesisv2,2024.1.3,Win32,59.88023952,,,,,,,,,,,,,,,,,u,,,,,,,,,,,,,,,,,,,,,,,,,,,,,,,,,,,,,,,,,,,,,,,,,,,,,,,,,,,,,,,,,,,,,,,,,,585.9572,587.3063,u,1.3237,,1,5,12,2,1,stimuliTAFCsec/numnym003.wav,,
,,,,,6550ca7171b8b185b7f6deea,001,2024-05-25_18h24.05.562,mathesisv2,2024.1.3,Win32,59.88023952,,,,,,,,,,,,,,,,,y,,,,,,,,,,,,,,,,,,,,,,,,,,,,,,,,,,,,,,,,,,,,,,,,,,,,,,,,,,,,,,,,,,,,,,,,,,587.3065,588.9443,y,1.6174,,1,6,13,4,1,stimuliTAFCsec/numnym005.wav,,
,,,,,6550ca7171b8b185b7f6deea,001,2024-05-25_18h24.05.562,mathesisv2,2024.1.3,Win32,59.88023952,,,,,,,,,,,,,,,,,,,,,,,,,,,,,,,,,,,,,,,,,,,588.9444,589.7413,space,0.7601,,,,,,,,,,,,,,,,,,,,,,,,,,,,,,,,,,,,,,,,,,,,,,,,,,,,,,,,589.7421,594.7411
