﻿inst_test.started,inst_test.stopped,key_resptest.keys,key_resptest.rt,key_resptest.duration,participant,session,date,expName,psychopyVersion,OS,frameRate,AXBteststimuli.started,AXBteststimuli.stopped,slider_7.response,slider_7.rt,trials.thisRepN,trials.thisTrialN,trials.thisN,trials.thisIndex,trials.ran,AXBtest,attentioncheck_test.started,attentioncheck_test.stopped,slider.response,slider.rt,inst01.started,inst01.stopped,key_respinst01.keys,key_respinst01.rt,key_respinst01.duration,AXBstimuli01.started,AXBstimuli01.stopped,slider_8.response,slider_8.rt,trials_2.thisRepN,trials_2.thisTrialN,trials_2.thisN,trials_2.thisIndex,trials_2.ran,AXBstimuli,Correct,pause01.started,pause01.stopped,key_resp.keys,key_resp.rt,key_resp.duration,trials_3.thisRepN,trials_3.thisTrialN,trials_3.thisN,trials_3.thisIndex,trials_3.ran,attentioncheck01.started,attentioncheck01.stopped,slider_2.response,slider_2.rt,key_resp_5.keys,key_resp_5.rt,key_resp_5.duration,trials_4.thisRepN,trials_4.thisTrialN,trials_4.thisN,trials_4.thisIndex,trials_4.ran,trials_5.thisRepN,trials_5.thisTrialN,trials_5.thisN,trials_5.thisIndex,trials_5.ran,attentioncheck02.started,attentioncheck02.stopped,key_resp_6.keys,key_resp_6.rt,key_resp_6.duration,button.numClicks,button.timesOn,button.timesOff,trials_6.thisRepN,trials_6.thisTrialN,trials_6.thisN,trials_6.thisIndex,trials_6.ran,trials_7.thisRepN,trials_7.thisTrialN,trials_7.thisN,trials_7.thisIndex,trials_7.ran,attentioncheck03.started,attentioncheck03.stopped,slider_3.response,slider_3.rt,trials_8.thisRepN,trials_8.thisTrialN,trials_8.thisN,trials_8.thisIndex,trials_8.ran,inst_test2.started,inst_test2.stopped,key_resp_2.keys,key_resp_2.rt,key_resp_2.duration,routine_2AFCteststimuli.started,routine_2AFCteststimuli.stopped,slider_9.response,slider_9.rt,trials_17.thisRepN,trials_17.thisTrialN,trials_17.thisN,trials_17.thisIndex,trials_17.ran,TAFCteststimuli,attentioncheck_test2.started,attentioncheck_test2.stopped,slider_4.response,slider_4.rt,inst02.started,inst02.stopped,key_resp_3.keys,key_resp_3.rt,key_resp_3.duration,routine_2AFCstimuli01.started,routine_2AFCstimuli01.stopped,slider_10.response,slider_10.rt,trials_9.thisRepN,trials_9.thisTrialN,trials_9.thisN,trials_9.thisIndex,trials_9.ran,TAFCstimuli01,attentioncheck04.started,attentioncheck04.stopped,slider_6.response,slider_6.rt,key_resp_9.keys,trials_10.thisRepN,trials_10.thisTrialN,trials_10.thisN,trials_10.thisIndex,trials_10.ran,trials_11.thisRepN,trials_11.thisTrialN,trials_11.thisN,trials_11.thisIndex,trials_11.ran,trials_12.thisRepN,trials_12.thisTrialN,trials_12.thisN,trials_12.thisIndex,trials_12.ran,routine_2AFCstimuli02.started,routine_2AFCstimuli02.stopped,slider_11.response,slider_11.rt,trials_13.thisRepN,trials_13.thisTrialN,trials_13.thisN,trials_13.thisIndex,trials_13.ran,TAFCstimuli02,attentioncheck05.started,attentioncheck05.stopped,key_resp_8.keys,key_resp_8.rt,key_resp_8.duration,slider_5.response,slider_5.rt,trials_14.thisRepN,trials_14.thisTrialN,trials_14.thisN,trials_14.thisIndex,trials_14.ran,trials_15.thisRepN,trials_15.thisTrialN,trials_15.thisN,trials_15.thisIndex,trials_15.ran,attentioncheck06.started,attentioncheck06.stopped,button_2.numClicks,button_2.timesOn,button_2.timesOff,key_resp_7.keys,trials_16.thisRepN,trials_16.thisTrialN,trials_16.thisN,trials_16.thisIndex,trials_16.ran,thankyou.started,thankyou.stopped,key_resp_4.keys,key_resp_4.rt,key_resp_4.duration
0.0001,15.5186,space,15.497,,172561,001,2024-05-21_17h05.10.724,AXB:2AFC Experiments (16.05.2024),2024.1.3,Win32,60.24096386,,,,,,,,,,,,,,,,,,,,,,,,,,,,,,,,,,,,,,,,,,,,,,,,,,,,,,,,,,,,,,,,,,,,,,,,,,,,,,,,,,,,,,,,,,,,,,,,,,,,,,,,,,,,,,,,,,,,,,,,,,,,,,,,,,,,,,,,,,,,,,,,,,,,,,,,,,,,,,,,,,,,,,,,,,,,,,,,,,,,,
,,,,,172561,001,2024-05-21_17h05.10.724,AXB:2AFC Experiments (16.05.2024),2024.1.3,Win32,60.24096386,15.545,27.9641,2,12.4152,0,0,0,0,1,AXBstimuli/iiystimulus.wav,,,,,,,,,,,,,,,,,,,,,,,,,,,,,,,,,,,,,,,,,,,,,,,,,,,,,,,,,,,,,,,,,,,,,,,,,,,,,,,,,,,,,,,,,,,,,,,,,,,,,,,,,,,,,,,,,,,,,,,,,,,,,,,,,,,,,,,,,,,,,,,,,,,,,,,,,,,,,,,,,,,,,,,,,,,
,,,,,172561,001,2024-05-21_17h05.10.724,AXB:2AFC Experiments (16.05.2024),2024.1.3,Win32,60.24096386,27.9647,29.6522,2,1.6865,0,1,1,2,1,AXBstimuli/yuustimulus.wav,,,,,,,,,,,,,,,,,,,,,,,,,,,,,,,,,,,,,,,,,,,,,,,,,,,,,,,,,,,,,,,,,,,,,,,,,,,,,,,,,,,,,,,,,,,,,,,,,,,,,,,,,,,,,,,,,,,,,,,,,,,,,,,,,,,,,,,,,,,,,,,,,,,,,,,,,,,,,,,,,,,,,,,,,,,
,,,,,172561,001,2024-05-21_17h05.10.724,AXB:2AFC Experiments (16.05.2024),2024.1.3,Win32,60.24096386,29.6526,32.4307,2,2.774,0,2,2,3,1,AXBstimuli/yyustimulus.wav,,,,,,,,,,,,,,,,,,,,,,,,,,,,,,,,,,,,,,,,,,,,,,,,,,,,,,,,,,,,,,,,,,,,,,,,,,,,,,,,,,,,,,,,,,,,,,,,,,,,,,,,,,,,,,,,,,,,,,,,,,,,,,,,,,,,,,,,,,,,,,,,,,,,,,,,,,,,,,,,,,,,,,,,,,,
,,,,,172561,001,2024-05-21_17h05.10.724,AXB:2AFC Experiments (16.05.2024),2024.1.3,Win32,60.24096386,32.4315,37.3637,2,4.926,0,3,3,1,1,AXBstimuli/iyystimulus.wav,,,,,,,,,,,,,,,,,,,,,,,,,,,,,,,,,,,,,,,,,,,,,,,,,,,,,,,,,,,,,,,,,,,,,,,,,,,,,,,,,,,,,,,,,,,,,,,,,,,,,,,,,,,,,,,,,,,,,,,,,,,,,,,,,,,,,,,,,,,,,,,,,,,,,,,,,,,,,,,,,,,,,,,,,,,
,,,,,172561,001,2024-05-21_17h05.10.724,AXB:2AFC Experiments (16.05.2024),2024.1.3,Win32,60.24096386,,,,,,,,,,,37.3646,42.1062,1,4.7394,,,,,,,,,,,,,,,,,,,,,,,,,,,,,,,,,,,,,,,,,,,,,,,,,,,,,,,,,,,,,,,,,,,,,,,,,,,,,,,,,,,,,,,,,,,,,,,,,,,,,,,,,,,,,,,,,,,,,,,,,,,,,,,,,,,,,,,,,,,,,,,,,,,,,,,,,,,,,,,,,,,,,,,
,,,,,172561,001,2024-05-21_17h05.10.724,AXB:2AFC Experiments (16.05.2024),2024.1.3,Win32,60.24096386,,,,,,,,,,,,,,,42.1067,46.6798,space,4.5445,,,,,,,,,,,,,,,,,,,,,,,,,,,,,,,,,,,,,,,,,,,,,,,,,,,,,,,,,,,,,,,,,,,,,,,,,,,,,,,,,,,,,,,,,,,,,,,,,,,,,,,,,,,,,,,,,,,,,,,,,,,,,,,,,,,,,,,,,,,,,,,,,,,,,,,,,,,,,,,,,,,
,,,,,172561,001,2024-05-21_17h05.10.724,AXB:2AFC Experiments (16.05.2024),2024.1.3,Win32,60.24096386,,,,,,,,,,,,,,,,,,,,46.6938,50.7016,1,4.0055,0,0,0,2,1,AXBstimuli/yuustimulus.wav,First,,,,,,,,,,,,,,,,,,,,,,,,,,,,,,,,,,,,,,,,,,,,,,,,,,,,,,,,,,,,,,,,,,,,,,,,,,,,,,,,,,,,,,,,,,,,,,,,,,,,,,,,,,,,,,,,,,,,,,,,,,,,,,,,,,,,,,,,,,,,,,,,,,,,,,,
,,,,,172561,001,2024-05-21_17h05.10.724,AXB:2AFC Experiments (16.05.2024),2024.1.3,Win32,60.24096386,,,,,,,,,,,,,,,,,,,,50.7025,54.6685,2,3.9647,0,1,1,0,1,AXBstimuli/iiystimulus.wav,Last,,,,,,,,,,,,,,,,,,,,,,,,,,,,,,,,,,,,,,,,,,,,,,,,,,,,,,,,,,,,,,,,,,,,,,,,,,,,,,,,,,,,,,,,,,,,,,,,,,,,,,,,,,,,,,,,,,,,,,,,,,,,,,,,,,,,,,,,,,,,,,,,,,,,,,,
,,,,,172561,001,2024-05-21_17h05.10.724,AXB:2AFC Experiments (16.05.2024),2024.1.3,Win32,60.24096386,,,,,,,,,,,,,,,,,,,,54.6687,57.9439,2,3.2691,0,2,2,3,1,AXBstimuli/yyustimulus.wav,Last,,,,,,,,,,,,,,,,,,,,,,,,,,,,,,,,,,,,,,,,,,,,,,,,,,,,,,,,,,,,,,,,,,,,,,,,,,,,,,,,,,,,,,,,,,,,,,,,,,,,,,,,,,,,,,,,,,,,,,,,,,,,,,,,,,,,,,,,,,,,,,,,,,,,,,,
,,,,,172561,001,2024-05-21_17h05.10.724,AXB:2AFC Experiments (16.05.2024),2024.1.3,Win32,60.24096386,,,,,,,,,,,,,,,,,,,,57.9444,60.9938,2,3.0432,0,3,3,1,1,AXBstimuli/iyystimulus.wav,First,,,,,,,,,,,,,,,,,,,,,,,,,,,,,,,,,,,,,,,,,,,,,,,,,,,,,,,,,,,,,,,,,,,,,,,,,,,,,,,,,,,,,,,,,,,,,,,,,,,,,,,,,,,,,,,,,,,,,,,,,,,,,,,,,,,,,,,,,,,,,,,,,,,,,,,
,,,,,172561,001,2024-05-21_17h05.10.724,AXB:2AFC Experiments (16.05.2024),2024.1.3,Win32,60.24096386,,,,,,,,,,,,,,,,,,,,60.9946,66.7935,1,5.7889,1,0,4,1,1,AXBstimuli/iyystimulus.wav,First,,,,,,,,,,,,,,,,,,,,,,,,,,,,,,,,,,,,,,,,,,,,,,,,,,,,,,,,,,,,,,,,,,,,,,,,,,,,,,,,,,,,,,,,,,,,,,,,,,,,,,,,,,,,,,,,,,,,,,,,,,,,,,,,,,,,,,,,,,,,,,,,,,,,,,,
,,,,,172561,001,2024-05-21_17h05.10.724,AXB:2AFC Experiments (16.05.2024),2024.1.3,Win32,60.24096386,,,,,,,,,,,,,,,,,,,,66.7937,70.776,2,3.9725,1,1,5,3,1,AXBstimuli/yyustimulus.wav,Last,,,,,,,,,,,,,,,,,,,,,,,,,,,,,,,,,,,,,,,,,,,,,,,,,,,,,,,,,,,,,,,,,,,,,,,,,,,,,,,,,,,,,,,,,,,,,,,,,,,,,,,,,,,,,,,,,,,,,,,,,,,,,,,,,,,,,,,,,,,,,,,,,,,,,,,
,,,,,172561,001,2024-05-21_17h05.10.724,AXB:2AFC Experiments (16.05.2024),2024.1.3,Win32,60.24096386,,,,,,,,,,,,,,,,,,,,70.7763,74.4427,2,3.657,1,2,6,0,1,AXBstimuli/iiystimulus.wav,Last,,,,,,,,,,,,,,,,,,,,,,,,,,,,,,,,,,,,,,,,,,,,,,,,,,,,,,,,,,,,,,,,,,,,,,,,,,,,,,,,,,,,,,,,,,,,,,,,,,,,,,,,,,,,,,,,,,,,,,,,,,,,,,,,,,,,,,,,,,,,,,,,,,,,,,,
,,,,,172561,001,2024-05-21_17h05.10.724,AXB:2AFC Experiments (16.05.2024),2024.1.3,Win32,60.24096386,,,,,,,,,,,,,,,,,,,,74.4435,78.0592,1,3.6111,1,3,7,2,1,AXBstimuli/yuustimulus.wav,First,,,,,,,,,,,,,,,,,,,,,,,,,,,,,,,,,,,,,,,,,,,,,,,,,,,,,,,,,,,,,,,,,,,,,,,,,,,,,,,,,,,,,,,,,,,,,,,,,,,,,,,,,,,,,,,,,,,,,,,,,,,,,,,,,,,,,,,,,,,,,,,,,,,,,,,
,,,,,172561,001,2024-05-21_17h05.10.724,AXB:2AFC Experiments (16.05.2024),2024.1.3,Win32,60.24096386,,,,,,,,,,,,,,,,,,,,78.0598,81.1314,1,3.0699,2,0,8,2,1,AXBstimuli/yuustimulus.wav,First,,,,,,,,,,,,,,,,,,,,,,,,,,,,,,,,,,,,,,,,,,,,,,,,,,,,,,,,,,,,,,,,,,,,,,,,,,,,,,,,,,,,,,,,,,,,,,,,,,,,,,,,,,,,,,,,,,,,,,,,,,,,,,,,,,,,,,,,,,,,,,,,,,,,,,,
,,,,,172561,001,2024-05-21_17h05.10.724,AXB:2AFC Experiments (16.05.2024),2024.1.3,Win32,60.24096386,,,,,,,,,,,,,,,,,,,,81.1321,84.1413,2,3.0007,2,1,9,0,1,AXBstimuli/iiystimulus.wav,Last,,,,,,,,,,,,,,,,,,,,,,,,,,,,,,,,,,,,,,,,,,,,,,,,,,,,,,,,,,,,,,,,,,,,,,,,,,,,,,,,,,,,,,,,,,,,,,,,,,,,,,,,,,,,,,,,,,,,,,,,,,,,,,,,,,,,,,,,,,,,,,,,,,,,,,,
,,,,,172561,001,2024-05-21_17h05.10.724,AXB:2AFC Experiments (16.05.2024),2024.1.3,Win32,60.24096386,,,,,,,,,,,,,,,,,,,,84.1421,88.7905,2,4.645,2,2,10,1,1,AXBstimuli/iyystimulus.wav,First,,,,,,,,,,,,,,,,,,,,,,,,,,,,,,,,,,,,,,,,,,,,,,,,,,,,,,,,,,,,,,,,,,,,,,,,,,,,,,,,,,,,,,,,,,,,,,,,,,,,,,,,,,,,,,,,,,,,,,,,,,,,,,,,,,,,,,,,,,,,,,,,,,,,,,,
,,,,,172561,001,2024-05-21_17h05.10.724,AXB:2AFC Experiments (16.05.2024),2024.1.3,Win32,60.24096386,,,,,,,,,,,,,,,,,,,,88.7908,92.2737,2,3.4731,2,3,11,3,1,AXBstimuli/yyustimulus.wav,Last,,,,,,,,,,,,,,,,,,,,,,,,,,,,,,,,,,,,,,,,,,,,,,,,,,,,,,,,,,,,,,,,,,,,,,,,,,,,,,,,,,,,,,,,,,,,,,,,,,,,,,,,,,,,,,,,,,,,,,,,,,,,,,,,,,,,,,,,,,,,,,,,,,,,,,,
,,,,,172561,001,2024-05-21_17h05.10.724,AXB:2AFC Experiments (16.05.2024),2024.1.3,Win32,60.24096386,,,,,,,,,,,,,,,,,,,,92.2741,97.0969,2,4.822,3,0,12,0,1,AXBstimuli/iiystimulus.wav,Last,,,,,,,,,,,,,,,,,,,,,,,,,,,,,,,,,,,,,,,,,,,,,,,,,,,,,,,,,,,,,,,,,,,,,,,,,,,,,,,,,,,,,,,,,,,,,,,,,,,,,,,,,,,,,,,,,,,,,,,,,,,,,,,,,,,,,,,,,,,,,,,,,,,,,,,
,,,,,172561,001,2024-05-21_17h05.10.724,AXB:2AFC Experiments (16.05.2024),2024.1.3,Win32,60.24096386,,,,,,,,,,,,,,,,,,,,97.0972,101.2728,1,4.1684,3,1,13,2,1,AXBstimuli/yuustimulus.wav,First,,,,,,,,,,,,,,,,,,,,,,,,,,,,,,,,,,,,,,,,,,,,,,,,,,,,,,,,,,,,,,,,,,,,,,,,,,,,,,,,,,,,,,,,,,,,,,,,,,,,,,,,,,,,,,,,,,,,,,,,,,,,,,,,,,,,,,,,,,,,,,,,,,,,,,,
,,,,,172561,001,2024-05-21_17h05.10.724,AXB:2AFC Experiments (16.05.2024),2024.1.3,Win32,60.24096386,,,,,,,,,,,,,,,,,,,,101.2736,105.089,2,3.8062,3,2,14,3,1,AXBstimuli/yyustimulus.wav,Last,,,,,,,,,,,,,,,,,,,,,,,,,,,,,,,,,,,,,,,,,,,,,,,,,,,,,,,,,,,,,,,,,,,,,,,,,,,,,,,,,,,,,,,,,,,,,,,,,,,,,,,,,,,,,,,,,,,,,,,,,,,,,,,,,,,,,,,,,,,,,,,,,,,,,,,
,,,,,172561,001,2024-05-21_17h05.10.724,AXB:2AFC Experiments (16.05.2024),2024.1.3,Win32,60.24096386,,,,,,,,,,,,,,,,,,,,105.0897,110.088,1,4.9962,3,3,15,1,1,AXBstimuli/iyystimulus.wav,First,,,,,,,,,,,,,,,,,,,,,,,,,,,,,,,,,,,,,,,,,,,,,,,,,,,,,,,,,,,,,,,,,,,,,,,,,,,,,,,,,,,,,,,,,,,,,,,,,,,,,,,,,,,,,,,,,,,,,,,,,,,,,,,,,,,,,,,,,,,,,,,,,,,,,,,
,,,,,172561,001,2024-05-21_17h05.10.724,AXB:2AFC Experiments (16.05.2024),2024.1.3,Win32,60.24096386,,,,,,,,,,,,,,,,,,,,110.0882,132.9854,1,22.8881,4,0,16,1,1,AXBstimuli/iyystimulus.wav,First,,,,,,,,,,,,,,,,,,,,,,,,,,,,,,,,,,,,,,,,,,,,,,,,,,,,,,,,,,,,,,,,,,,,,,,,,,,,,,,,,,,,,,,,,,,,,,,,,,,,,,,,,,,,,,,,,,,,,,,,,,,,,,,,,,,,,,,,,,,,,,,,,,,,,,,
,,,,,172561,001,2024-05-21_17h05.10.724,AXB:2AFC Experiments (16.05.2024),2024.1.3,Win32,60.24096386,,,,,,,,,,,,,,,,,,,,132.9859,135.9412,1,2.9539,4,1,17,2,1,AXBstimuli/yuustimulus.wav,First,,,,,,,,,,,,,,,,,,,,,,,,,,,,,,,,,,,,,,,,,,,,,,,,,,,,,,,,,,,,,,,,,,,,,,,,,,,,,,,,,,,,,,,,,,,,,,,,,,,,,,,,,,,,,,,,,,,,,,,,,,,,,,,,,,,,,,,,,,,,,,,,,,,,,,,
,,,,,172561,001,2024-05-21_17h05.10.724,AXB:2AFC Experiments (16.05.2024),2024.1.3,Win32,60.24096386,,,,,,,,,,,,,,,,,,,,135.9417,139.7015,2,3.7467,4,2,18,3,1,AXBstimuli/yyustimulus.wav,Last,,,,,,,,,,,,,,,,,,,,,,,,,,,,,,,,,,,,,,,,,,,,,,,,,,,,,,,,,,,,,,,,,,,,,,,,,,,,,,,,,,,,,,,,,,,,,,,,,,,,,,,,,,,,,,,,,,,,,,,,,,,,,,,,,,,,,,,,,,,,,,,,,,,,,,,
,,,,,172561,001,2024-05-21_17h05.10.724,AXB:2AFC Experiments (16.05.2024),2024.1.3,Win32,60.24096386,,,,,,,,,,,,,,,,,,,,139.7018,143.0549,2,3.3521,4,3,19,0,1,AXBstimuli/iiystimulus.wav,Last,,,,,,,,,,,,,,,,,,,,,,,,,,,,,,,,,,,,,,,,,,,,,,,,,,,,,,,,,,,,,,,,,,,,,,,,,,,,,,,,,,,,,,,,,,,,,,,,,,,,,,,,,,,,,,,,,,,,,,,,,,,,,,,,,,,,,,,,,,,,,,,,,,,,,,,
,,,,,172561,001,2024-05-21_17h05.10.724,AXB:2AFC Experiments (16.05.2024),2024.1.3,Win32,60.24096386,,,,,,,,,,,,,,,,,,,,,,,,,,,,,,,143.0553,333.1147,space,190.038,,,,,,,,,,,,,,,,,,,,,,,,,,,,,,,,,,,,,,,,,,,,,,,,,,,,,,,,,,,,,,,,,,,,,,,,,,,,,,,,,,,,,,,,,,,,,,,,,,,,,,,,,,,,,,,,,,,,,,,,,,,,,,,,,,,,,,,,,,,,,,,,,,,
,,,,,172561,001,2024-05-21_17h05.10.724,AXB:2AFC Experiments (16.05.2024),2024.1.3,Win32,60.24096386,,,,,,,,,,,,,,,,,,,,333.1416,336.2126,2,3.0637,,,,,,AXBstimuli/yyustimulus.wav,Last,,,,,,0,0,0,3,1,,,,,,,,,,,,,,,,,,,,,,,,,,,,,,,,,,,,,,,,,,,,,,,,,,,,,,,,,,,,,,,,,,,,,,,,,,,,,,,,,,,,,,,,,,,,,,,,,,,,,,,,,,,,,,,,,,,,,,,,,,,,,,,,,,,,,,,,,,,,,
,,,,,172561,001,2024-05-21_17h05.10.724,AXB:2AFC Experiments (16.05.2024),2024.1.3,Win32,60.24096386,,,,,,,,,,,,,,,,,,,,336.2134,339.4456,1,3.2277,,,,,,AXBstimuli/yuustimulus.wav,First,,,,,,0,1,1,2,1,,,,,,,,,,,,,,,,,,,,,,,,,,,,,,,,,,,,,,,,,,,,,,,,,,,,,,,,,,,,,,,,,,,,,,,,,,,,,,,,,,,,,,,,,,,,,,,,,,,,,,,,,,,,,,,,,,,,,,,,,,,,,,,,,,,,,,,,,,,,,
,,,,,172561,001,2024-05-21_17h05.10.724,AXB:2AFC Experiments (16.05.2024),2024.1.3,Win32,60.24096386,,,,,,,,,,,,,,,,,,,,339.4461,342.6787,2,3.2227,,,,,,AXBstimuli/iiystimulus.wav,Last,,,,,,0,2,2,0,1,,,,,,,,,,,,,,,,,,,,,,,,,,,,,,,,,,,,,,,,,,,,,,,,,,,,,,,,,,,,,,,,,,,,,,,,,,,,,,,,,,,,,,,,,,,,,,,,,,,,,,,,,,,,,,,,,,,,,,,,,,,,,,,,,,,,,,,,,,,,,
,,,,,172561,001,2024-05-21_17h05.10.724,AXB:2AFC Experiments (16.05.2024),2024.1.3,Win32,60.24096386,,,,,,,,,,,,,,,,,,,,342.6793,346.3117,1,3.6289,,,,,,AXBstimuli/iyystimulus.wav,First,,,,,,0,3,3,1,1,,,,,,,,,,,,,,,,,,,,,,,,,,,,,,,,,,,,,,,,,,,,,,,,,,,,,,,,,,,,,,,,,,,,,,,,,,,,,,,,,,,,,,,,,,,,,,,,,,,,,,,,,,,,,,,,,,,,,,,,,,,,,,,,,,,,,,,,,,,,,
,,,,,172561,001,2024-05-21_17h05.10.724,AXB:2AFC Experiments (16.05.2024),2024.1.3,Win32,60.24096386,,,,,,,,,,,,,,,,,,,,346.3124,349.4109,2,3.0887,,,,,,AXBstimuli/iiystimulus.wav,Last,,,,,,1,0,4,0,1,,,,,,,,,,,,,,,,,,,,,,,,,,,,,,,,,,,,,,,,,,,,,,,,,,,,,,,,,,,,,,,,,,,,,,,,,,,,,,,,,,,,,,,,,,,,,,,,,,,,,,,,,,,,,,,,,,,,,,,,,,,,,,,,,,,,,,,,,,,,,
,,,,,172561,001,2024-05-21_17h05.10.724,AXB:2AFC Experiments (16.05.2024),2024.1.3,Win32,60.24096386,,,,,,,,,,,,,,,,,,,,349.4113,352.5776,2,3.1629,,,,,,AXBstimuli/yyustimulus.wav,Last,,,,,,1,1,5,3,1,,,,,,,,,,,,,,,,,,,,,,,,,,,,,,,,,,,,,,,,,,,,,,,,,,,,,,,,,,,,,,,,,,,,,,,,,,,,,,,,,,,,,,,,,,,,,,,,,,,,,,,,,,,,,,,,,,,,,,,,,,,,,,,,,,,,,,,,,,,,,
,,,,,172561,001,2024-05-21_17h05.10.724,AXB:2AFC Experiments (16.05.2024),2024.1.3,Win32,60.24096386,,,,,,,,,,,,,,,,,,,,352.5784,356.4938,1,3.9123,,,,,,AXBstimuli/iyystimulus.wav,First,,,,,,1,2,6,1,1,,,,,,,,,,,,,,,,,,,,,,,,,,,,,,,,,,,,,,,,,,,,,,,,,,,,,,,,,,,,,,,,,,,,,,,,,,,,,,,,,,,,,,,,,,,,,,,,,,,,,,,,,,,,,,,,,,,,,,,,,,,,,,,,,,,,,,,,,,,,,
,,,,,172561,001,2024-05-21_17h05.10.724,AXB:2AFC Experiments (16.05.2024),2024.1.3,Win32,60.24096386,,,,,,,,,,,,,,,,,,,,356.4947,359.5315,2,3.0358,,,,,,AXBstimuli/yuustimulus.wav,First,,,,,,1,3,7,2,1,,,,,,,,,,,,,,,,,,,,,,,,,,,,,,,,,,,,,,,,,,,,,,,,,,,,,,,,,,,,,,,,,,,,,,,,,,,,,,,,,,,,,,,,,,,,,,,,,,,,,,,,,,,,,,,,,,,,,,,,,,,,,,,,,,,,,,,,,,,,,
,,,,,172561,001,2024-05-21_17h05.10.724,AXB:2AFC Experiments (16.05.2024),2024.1.3,Win32,60.24096386,,,,,,,,,,,,,,,,,,,,359.5316,359.9268,2,0.3858,,,,,,AXBstimuli/iyystimulus.wav,First,,,,,,2,0,8,1,1,,,,,,,,,,,,,,,,,,,,,,,,,,,,,,,,,,,,,,,,,,,,,,,,,,,,,,,,,,,,,,,,,,,,,,,,,,,,,,,,,,,,,,,,,,,,,,,,,,,,,,,,,,,,,,,,,,,,,,,,,,,,,,,,,,,,,,,,,,,,,
,,,,,172561,001,2024-05-21_17h05.10.724,AXB:2AFC Experiments (16.05.2024),2024.1.3,Win32,60.24096386,,,,,,,,,,,,,,,,,,,,359.9275,363.8597,2,3.9227,,,,,,AXBstimuli/iiystimulus.wav,Last,,,,,,2,1,9,0,1,,,,,,,,,,,,,,,,,,,,,,,,,,,,,,,,,,,,,,,,,,,,,,,,,,,,,,,,,,,,,,,,,,,,,,,,,,,,,,,,,,,,,,,,,,,,,,,,,,,,,,,,,,,,,,,,,,,,,,,,,,,,,,,,,,,,,,,,,,,,,
,,,,,172561,001,2024-05-21_17h05.10.724,AXB:2AFC Experiments (16.05.2024),2024.1.3,Win32,60.24096386,,,,,,,,,,,,,,,,,,,,363.8604,367.7256,1,3.8619,,,,,,AXBstimuli/yuustimulus.wav,First,,,,,,2,2,10,2,1,,,,,,,,,,,,,,,,,,,,,,,,,,,,,,,,,,,,,,,,,,,,,,,,,,,,,,,,,,,,,,,,,,,,,,,,,,,,,,,,,,,,,,,,,,,,,,,,,,,,,,,,,,,,,,,,,,,,,,,,,,,,,,,,,,,,,,,,,,,,,
,,,,,172561,001,2024-05-21_17h05.10.724,AXB:2AFC Experiments (16.05.2024),2024.1.3,Win32,60.24096386,,,,,,,,,,,,,,,,,,,,367.7261,371.5917,2,3.8646,,,,,,AXBstimuli/yyustimulus.wav,Last,,,,,,2,3,11,3,1,,,,,,,,,,,,,,,,,,,,,,,,,,,,,,,,,,,,,,,,,,,,,,,,,,,,,,,,,,,,,,,,,,,,,,,,,,,,,,,,,,,,,,,,,,,,,,,,,,,,,,,,,,,,,,,,,,,,,,,,,,,,,,,,,,,,,,,,,,,,,
,,,,,172561,001,2024-05-21_17h05.10.724,AXB:2AFC Experiments (16.05.2024),2024.1.3,Win32,60.24096386,,,,,,,,,,,,,,,,,,,,,,,,,,,,,,,,,,,,,,,,,371.5925,375.0093,,,space,3.3828,,,,,,,,,,,,,,,,,,,,,,,,,,,,,,,,,,,,,,,,,,,,,,,,,,,,,,,,,,,,,,,,,,,,,,,,,,,,,,,,,,,,,,,,,,,,,,,,,,,,,,,,,,,,,,,,,,,,,,,,,,,,,,,,,,,,,,,
,,,,,172561,001,2024-05-21_17h05.10.724,AXB:2AFC Experiments (16.05.2024),2024.1.3,Win32,60.24096386,,,,,,,,,,,,,,,,,,,,375.0198,381.1076,2,6.0773,,,,,,AXBstimuli/iyystimulus.wav,First,,,,,,,,,,,,,,,,,,0,0,0,1,1,,,,,,,,,,,,,,,,,,,,,,,,,,,,,,,,,,,,,,,,,,,,,,,,,,,,,,,,,,,,,,,,,,,,,,,,,,,,,,,,,,,,,,,,,,,,,,,,,,,,,,,,,,,,,,,,,,,,,,,,,,,,,,,,,
,,,,,172561,001,2024-05-21_17h05.10.724,AXB:2AFC Experiments (16.05.2024),2024.1.3,Win32,60.24096386,,,,,,,,,,,,,,,,,,,,381.1092,384.2738,2,3.155,,,,,,AXBstimuli/yyustimulus.wav,Last,,,,,,,,,,,,,,,,,,0,1,1,3,1,,,,,,,,,,,,,,,,,,,,,,,,,,,,,,,,,,,,,,,,,,,,,,,,,,,,,,,,,,,,,,,,,,,,,,,,,,,,,,,,,,,,,,,,,,,,,,,,,,,,,,,,,,,,,,,,,,,,,,,,,,,,,,,,,
,,,,,172561,001,2024-05-21_17h05.10.724,AXB:2AFC Experiments (16.05.2024),2024.1.3,Win32,60.24096386,,,,,,,,,,,,,,,,,,,,384.2744,387.6233,2,3.3419,,,,,,AXBstimuli/iiystimulus.wav,Last,,,,,,,,,,,,,,,,,,0,2,2,0,1,,,,,,,,,,,,,,,,,,,,,,,,,,,,,,,,,,,,,,,,,,,,,,,,,,,,,,,,,,,,,,,,,,,,,,,,,,,,,,,,,,,,,,,,,,,,,,,,,,,,,,,,,,,,,,,,,,,,,,,,,,,,,,,,,
,,,,,172561,001,2024-05-21_17h05.10.724,AXB:2AFC Experiments (16.05.2024),2024.1.3,Win32,60.24096386,,,,,,,,,,,,,,,,,,,,387.6237,391.5727,1,3.944,,,,,,AXBstimuli/yuustimulus.wav,First,,,,,,,,,,,,,,,,,,0,3,3,2,1,,,,,,,,,,,,,,,,,,,,,,,,,,,,,,,,,,,,,,,,,,,,,,,,,,,,,,,,,,,,,,,,,,,,,,,,,,,,,,,,,,,,,,,,,,,,,,,,,,,,,,,,,,,,,,,,,,,,,,,,,,,,,,,,,
,,,,,172561,001,2024-05-21_17h05.10.724,AXB:2AFC Experiments (16.05.2024),2024.1.3,Win32,60.24096386,,,,,,,,,,,,,,,,,,,,391.5733,394.9561,1,3.3732,,,,,,AXBstimuli/iyystimulus.wav,First,,,,,,,,,,,,,,,,,,1,0,4,1,1,,,,,,,,,,,,,,,,,,,,,,,,,,,,,,,,,,,,,,,,,,,,,,,,,,,,,,,,,,,,,,,,,,,,,,,,,,,,,,,,,,,,,,,,,,,,,,,,,,,,,,,,,,,,,,,,,,,,,,,,,,,,,,,,,
,,,,,172561,001,2024-05-21_17h05.10.724,AXB:2AFC Experiments (16.05.2024),2024.1.3,Win32,60.24096386,,,,,,,,,,,,,,,,,,,,394.9568,399.2716,1,4.3058,,,,,,AXBstimuli/yuustimulus.wav,First,,,,,,,,,,,,,,,,,,1,1,5,2,1,,,,,,,,,,,,,,,,,,,,,,,,,,,,,,,,,,,,,,,,,,,,,,,,,,,,,,,,,,,,,,,,,,,,,,,,,,,,,,,,,,,,,,,,,,,,,,,,,,,,,,,,,,,,,,,,,,,,,,,,,,,,,,,,,
,,,,,172561,001,2024-05-21_17h05.10.724,AXB:2AFC Experiments (16.05.2024),2024.1.3,Win32,60.24096386,,,,,,,,,,,,,,,,,,,,399.2719,403.5383,2,4.2568,,,,,,AXBstimuli/yyustimulus.wav,Last,,,,,,,,,,,,,,,,,,1,2,6,3,1,,,,,,,,,,,,,,,,,,,,,,,,,,,,,,,,,,,,,,,,,,,,,,,,,,,,,,,,,,,,,,,,,,,,,,,,,,,,,,,,,,,,,,,,,,,,,,,,,,,,,,,,,,,,,,,,,,,,,,,,,,,,,,,,,
,,,,,172561,001,2024-05-21_17h05.10.724,AXB:2AFC Experiments (16.05.2024),2024.1.3,Win32,60.24096386,,,,,,,,,,,,,,,,,,,,403.5389,406.9964,2,3.4557,,,,,,AXBstimuli/iiystimulus.wav,Last,,,,,,,,,,,,,,,,,,1,3,7,0,1,,,,,,,,,,,,,,,,,,,,,,,,,,,,,,,,,,,,,,,,,,,,,,,,,,,,,,,,,,,,,,,,,,,,,,,,,,,,,,,,,,,,,,,,,,,,,,,,,,,,,,,,,,,,,,,,,,,,,,,,,,,,,,,,,
,,,,,172561,001,2024-05-21_17h05.10.724,AXB:2AFC Experiments (16.05.2024),2024.1.3,Win32,60.24096386,,,,,,,,,,,,,,,,,,,,,,,,,,,,,,,406.9978,408.8548,space,1.8337,,,,,,,,,,,,,,,,,,,,,,,,,,,,,,,,,,,,,,,,,,,,,,,,,,,,,,,,,,,,,,,,,,,,,,,,,,,,,,,,,,,,,,,,,,,,,,,,,,,,,,,,,,,,,,,,,,,,,,,,,,,,,,,,,,,,,,,,,,,,,,,,,,,
,,,,,172561,001,2024-05-21_17h05.10.724,AXB:2AFC Experiments (16.05.2024),2024.1.3,Win32,60.24096386,,,,,,,,,,,,,,,,,,,,408.8627,412.0706,2,3.2061,,,,,,AXBstimuli/iiystimulus.wav,Last,,,,,,,,,,,,,,,,,,,,,,,0,0,0,0,1,,,,,,,,,,,,,,,,,,,,,,,,,,,,,,,,,,,,,,,,,,,,,,,,,,,,,,,,,,,,,,,,,,,,,,,,,,,,,,,,,,,,,,,,,,,,,,,,,,,,,,,,,,,,,,,,,,,,,,,,,,,,
,,,,,172561,001,2024-05-21_17h05.10.724,AXB:2AFC Experiments (16.05.2024),2024.1.3,Win32,60.24096386,,,,,,,,,,,,,,,,,,,,412.0727,415.5706,1,3.4881,,,,,,AXBstimuli/yuustimulus.wav,First,,,,,,,,,,,,,,,,,,,,,,,0,1,1,2,1,,,,,,,,,,,,,,,,,,,,,,,,,,,,,,,,,,,,,,,,,,,,,,,,,,,,,,,,,,,,,,,,,,,,,,,,,,,,,,,,,,,,,,,,,,,,,,,,,,,,,,,,,,,,,,,,,,,,,,,,,,,,
,,,,,172561,001,2024-05-21_17h05.10.724,AXB:2AFC Experiments (16.05.2024),2024.1.3,Win32,60.24096386,,,,,,,,,,,,,,,,,,,,415.5713,419.2701,2,3.6889,,,,,,AXBstimuli/yyustimulus.wav,Last,,,,,,,,,,,,,,,,,,,,,,,0,2,2,3,1,,,,,,,,,,,,,,,,,,,,,,,,,,,,,,,,,,,,,,,,,,,,,,,,,,,,,,,,,,,,,,,,,,,,,,,,,,,,,,,,,,,,,,,,,,,,,,,,,,,,,,,,,,,,,,,,,,,,,,,,,,,,
,,,,,172561,001,2024-05-21_17h05.10.724,AXB:2AFC Experiments (16.05.2024),2024.1.3,Win32,60.24096386,,,,,,,,,,,,,,,,,,,,419.2708,423.1077,1,3.8358,,,,,,AXBstimuli/iyystimulus.wav,First,,,,,,,,,,,,,,,,,,,,,,,0,3,3,1,1,,,,,,,,,,,,,,,,,,,,,,,,,,,,,,,,,,,,,,,,,,,,,,,,,,,,,,,,,,,,,,,,,,,,,,,,,,,,,,,,,,,,,,,,,,,,,,,,,,,,,,,,,,,,,,,,,,,,,,,,,,,,
,,,,,172561,001,2024-05-21_17h05.10.724,AXB:2AFC Experiments (16.05.2024),2024.1.3,Win32,60.24096386,,,,,,,,,,,,,,,,,,,,423.108,426.4259,1,3.3174,,,,,,AXBstimuli/iyystimulus.wav,First,,,,,,,,,,,,,,,,,,,,,,,1,0,4,1,1,,,,,,,,,,,,,,,,,,,,,,,,,,,,,,,,,,,,,,,,,,,,,,,,,,,,,,,,,,,,,,,,,,,,,,,,,,,,,,,,,,,,,,,,,,,,,,,,,,,,,,,,,,,,,,,,,,,,,,,,,,,,
,,,,,172561,001,2024-05-21_17h05.10.724,AXB:2AFC Experiments (16.05.2024),2024.1.3,Win32,60.24096386,,,,,,,,,,,,,,,,,,,,426.4262,429.6192,2,3.183,,,,,,AXBstimuli/yyustimulus.wav,Last,,,,,,,,,,,,,,,,,,,,,,,1,1,5,3,1,,,,,,,,,,,,,,,,,,,,,,,,,,,,,,,,,,,,,,,,,,,,,,,,,,,,,,,,,,,,,,,,,,,,,,,,,,,,,,,,,,,,,,,,,,,,,,,,,,,,,,,,,,,,,,,,,,,,,,,,,,,,
,,,,,172561,001,2024-05-21_17h05.10.724,AXB:2AFC Experiments (16.05.2024),2024.1.3,Win32,60.24096386,,,,,,,,,,,,,,,,,,,,429.6199,434.4843,2,4.8541,,,,,,AXBstimuli/iiystimulus.wav,Last,,,,,,,,,,,,,,,,,,,,,,,1,2,6,0,1,,,,,,,,,,,,,,,,,,,,,,,,,,,,,,,,,,,,,,,,,,,,,,,,,,,,,,,,,,,,,,,,,,,,,,,,,,,,,,,,,,,,,,,,,,,,,,,,,,,,,,,,,,,,,,,,,,,,,,,,,,,,
,,,,,172561,001,2024-05-21_17h05.10.724,AXB:2AFC Experiments (16.05.2024),2024.1.3,Win32,60.24096386,,,,,,,,,,,,,,,,,,,,434.4846,438.1174,1,3.6283,,,,,,AXBstimuli/yuustimulus.wav,First,,,,,,,,,,,,,,,,,,,,,,,1,3,7,2,1,,,,,,,,,,,,,,,,,,,,,,,,,,,,,,,,,,,,,,,,,,,,,,,,,,,,,,,,,,,,,,,,,,,,,,,,,,,,,,,,,,,,,,,,,,,,,,,,,,,,,,,,,,,,,,,,,,,,,,,,,,,,
,,,,,172561,001,2024-05-21_17h05.10.724,AXB:2AFC Experiments (16.05.2024),2024.1.3,Win32,60.24096386,,,,,,,,,,,,,,,,,,,,438.1179,441.3507,1,3.229,,,,,,AXBstimuli/iyystimulus.wav,First,,,,,,,,,,,,,,,,,,,,,,,2,0,8,1,1,,,,,,,,,,,,,,,,,,,,,,,,,,,,,,,,,,,,,,,,,,,,,,,,,,,,,,,,,,,,,,,,,,,,,,,,,,,,,,,,,,,,,,,,,,,,,,,,,,,,,,,,,,,,,,,,,,,,,,,,,,,,
,,,,,172561,001,2024-05-21_17h05.10.724,AXB:2AFC Experiments (16.05.2024),2024.1.3,Win32,60.24096386,,,,,,,,,,,,,,,,,,,,441.3514,445.0666,2,3.7038,,,,,,AXBstimuli/yyustimulus.wav,Last,,,,,,,,,,,,,,,,,,,,,,,2,1,9,3,1,,,,,,,,,,,,,,,,,,,,,,,,,,,,,,,,,,,,,,,,,,,,,,,,,,,,,,,,,,,,,,,,,,,,,,,,,,,,,,,,,,,,,,,,,,,,,,,,,,,,,,,,,,,,,,,,,,,,,,,,,,,,
,,,,,172561,001,2024-05-21_17h05.10.724,AXB:2AFC Experiments (16.05.2024),2024.1.3,Win32,60.24096386,,,,,,,,,,,,,,,,,,,,445.0676,448.6329,1,3.5553,,,,,,AXBstimuli/yuustimulus.wav,First,,,,,,,,,,,,,,,,,,,,,,,2,2,10,2,1,,,,,,,,,,,,,,,,,,,,,,,,,,,,,,,,,,,,,,,,,,,,,,,,,,,,,,,,,,,,,,,,,,,,,,,,,,,,,,,,,,,,,,,,,,,,,,,,,,,,,,,,,,,,,,,,,,,,,,,,,,,,
,,,,,172561,001,2024-05-21_17h05.10.724,AXB:2AFC Experiments (16.05.2024),2024.1.3,Win32,60.24096386,,,,,,,,,,,,,,,,,,,,448.6334,453.5992,2,4.9633,,,,,,AXBstimuli/iiystimulus.wav,Last,,,,,,,,,,,,,,,,,,,,,,,2,3,11,0,1,,,,,,,,,,,,,,,,,,,,,,,,,,,,,,,,,,,,,,,,,,,,,,,,,,,,,,,,,,,,,,,,,,,,,,,,,,,,,,,,,,,,,,,,,,,,,,,,,,,,,,,,,,,,,,,,,,,,,,,,,,,,
,,,,,172561,001,2024-05-21_17h05.10.724,AXB:2AFC Experiments (16.05.2024),2024.1.3,Win32,60.24096386,,,,,,,,,,,,,,,,,,,,453.5998,456.9818,2,3.3802,,,,,,AXBstimuli/iiystimulus.wav,Last,,,,,,,,,,,,,,,,,,,,,,,3,0,12,0,1,,,,,,,,,,,,,,,,,,,,,,,,,,,,,,,,,,,,,,,,,,,,,,,,,,,,,,,,,,,,,,,,,,,,,,,,,,,,,,,,,,,,,,,,,,,,,,,,,,,,,,,,,,,,,,,,,,,,,,,,,,,,
,,,,,172561,001,2024-05-21_17h05.10.724,AXB:2AFC Experiments (16.05.2024),2024.1.3,Win32,60.24096386,,,,,,,,,,,,,,,,,,,,456.982,461.3479,1,4.3544,,,,,,AXBstimuli/iyystimulus.wav,First,,,,,,,,,,,,,,,,,,,,,,,3,1,13,1,1,,,,,,,,,,,,,,,,,,,,,,,,,,,,,,,,,,,,,,,,,,,,,,,,,,,,,,,,,,,,,,,,,,,,,,,,,,,,,,,,,,,,,,,,,,,,,,,,,,,,,,,,,,,,,,,,,,,,,,,,,,,,
,,,,,172561,001,2024-05-21_17h05.10.724,AXB:2AFC Experiments (16.05.2024),2024.1.3,Win32,60.24096386,,,,,,,,,,,,,,,,,,,,461.3483,464.9474,2,3.5926,,,,,,AXBstimuli/yyustimulus.wav,Last,,,,,,,,,,,,,,,,,,,,,,,3,2,14,3,1,,,,,,,,,,,,,,,,,,,,,,,,,,,,,,,,,,,,,,,,,,,,,,,,,,,,,,,,,,,,,,,,,,,,,,,,,,,,,,,,,,,,,,,,,,,,,,,,,,,,,,,,,,,,,,,,,,,,,,,,,,,,
,,,,,172561,001,2024-05-21_17h05.10.724,AXB:2AFC Experiments (16.05.2024),2024.1.3,Win32,60.24096386,,,,,,,,,,,,,,,,,,,,464.9477,468.6474,1,3.6875,,,,,,AXBstimuli/yuustimulus.wav,First,,,,,,,,,,,,,,,,,,,,,,,3,3,15,2,1,,,,,,,,,,,,,,,,,,,,,,,,,,,,,,,,,,,,,,,,,,,,,,,,,,,,,,,,,,,,,,,,,,,,,,,,,,,,,,,,,,,,,,,,,,,,,,,,,,,,,,,,,,,,,,,,,,,,,,,,,,,,
,,,,,172561,001,2024-05-21_17h05.10.724,AXB:2AFC Experiments (16.05.2024),2024.1.3,Win32,60.24096386,,,,,,,,,,,,,,,,,,,,,,,,,,,,,,,,,,,,,,,,,,,,,,,,,,,,,,,,,,468.6481,474.6813,space,6.004,,0,[],[],,,,,,,,,,,,,,,,,,,,,,,,,,,,,,,,,,,,,,,,,,,,,,,,,,,,,,,,,,,,,,,,,,,,,,,,,,,,,,,,,,,,,,,,,,,,,,,,,,,,,,,,,,,,,,,,,,,,
,,,,,172561,001,2024-05-21_17h05.10.724,AXB:2AFC Experiments (16.05.2024),2024.1.3,Win32,60.24096386,,,,,,,,,,,,,,,,,,,,474.698,479.7964,1,5.0917,,,,,,AXBstimuli/iyystimulus.wav,First,,,,,,,,,,,,,,,,,,,,,,,,,,,,,,,,,,,,0,0,0,1,1,,,,,,,,,,,,,,,,,,,,,,,,,,,,,,,,,,,,,,,,,,,,,,,,,,,,,,,,,,,,,,,,,,,,,,,,,,,,,,,,,,,,,,,,,,,,,,,,,,,,,,,,,,,,,,,
,,,,,172561,001,2024-05-21_17h05.10.724,AXB:2AFC Experiments (16.05.2024),2024.1.3,Win32,60.24096386,,,,,,,,,,,,,,,,,,,,479.798,482.7126,1,2.9063,,,,,,AXBstimuli/yuustimulus.wav,First,,,,,,,,,,,,,,,,,,,,,,,,,,,,,,,,,,,,0,1,1,2,1,,,,,,,,,,,,,,,,,,,,,,,,,,,,,,,,,,,,,,,,,,,,,,,,,,,,,,,,,,,,,,,,,,,,,,,,,,,,,,,,,,,,,,,,,,,,,,,,,,,,,,,,,,,,,,,
,,,,,172561,001,2024-05-21_17h05.10.724,AXB:2AFC Experiments (16.05.2024),2024.1.3,Win32,60.24096386,,,,,,,,,,,,,,,,,,,,482.7135,486.2617,2,3.5393,,,,,,AXBstimuli/yyustimulus.wav,Last,,,,,,,,,,,,,,,,,,,,,,,,,,,,,,,,,,,,0,2,2,3,1,,,,,,,,,,,,,,,,,,,,,,,,,,,,,,,,,,,,,,,,,,,,,,,,,,,,,,,,,,,,,,,,,,,,,,,,,,,,,,,,,,,,,,,,,,,,,,,,,,,,,,,,,,,,,,,
,,,,,172561,001,2024-05-21_17h05.10.724,AXB:2AFC Experiments (16.05.2024),2024.1.3,Win32,60.24096386,,,,,,,,,,,,,,,,,,,,486.2621,491.0118,2,4.7427,,,,,,AXBstimuli/iiystimulus.wav,Last,,,,,,,,,,,,,,,,,,,,,,,,,,,,,,,,,,,,0,3,3,0,1,,,,,,,,,,,,,,,,,,,,,,,,,,,,,,,,,,,,,,,,,,,,,,,,,,,,,,,,,,,,,,,,,,,,,,,,,,,,,,,,,,,,,,,,,,,,,,,,,,,,,,,,,,,,,,,
,,,,,172561,001,2024-05-21_17h05.10.724,AXB:2AFC Experiments (16.05.2024),2024.1.3,Win32,60.24096386,,,,,,,,,,,,,,,,,,,,,,,,,,,,,,,491.0132,493.0613,space,2.0281,,,,,,,,,,,,,,,,,,,,,,,,,,,,,,,,,,,,,,,,,,,,,,,,,,,,,,,,,,,,,,,,,,,,,,,,,,,,,,,,,,,,,,,,,,,,,,,,,,,,,,,,,,,,,,,,,,,,,,,,,,,,,,,,,,,,,,,,,,,,,,,,,,,
,,,,,172561,001,2024-05-21_17h05.10.724,AXB:2AFC Experiments (16.05.2024),2024.1.3,Win32,60.24096386,,,,,,,,,,,,,,,,,,,,493.0645,496.7283,1,3.6527,,,,,,AXBstimuli/yuustimulus.wav,First,,,,,,,,,,,,,,,,,,,,,,,,,,,,,,,,,,,,,,,,,0,0,0,2,1,,,,,,,,,,,,,,,,,,,,,,,,,,,,,,,,,,,,,,,,,,,,,,,,,,,,,,,,,,,,,,,,,,,,,,,,,,,,,,,,,,,,,,,,,,,,,,,,,,,,,,,,,,
,,,,,172561,001,2024-05-21_17h05.10.724,AXB:2AFC Experiments (16.05.2024),2024.1.3,Win32,60.24096386,,,,,,,,,,,,,,,,,,,,496.7303,500.7938,2,4.0567,,,,,,AXBstimuli/iiystimulus.wav,Last,,,,,,,,,,,,,,,,,,,,,,,,,,,,,,,,,,,,,,,,,0,1,1,0,1,,,,,,,,,,,,,,,,,,,,,,,,,,,,,,,,,,,,,,,,,,,,,,,,,,,,,,,,,,,,,,,,,,,,,,,,,,,,,,,,,,,,,,,,,,,,,,,,,,,,,,,,,,
,,,,,172561,001,2024-05-21_17h05.10.724,AXB:2AFC Experiments (16.05.2024),2024.1.3,Win32,60.24096386,,,,,,,,,,,,,,,,,,,,500.7948,504.2105,2,3.4038,,,,,,AXBstimuli/yyustimulus.wav,Last,,,,,,,,,,,,,,,,,,,,,,,,,,,,,,,,,,,,,,,,,0,2,2,3,1,,,,,,,,,,,,,,,,,,,,,,,,,,,,,,,,,,,,,,,,,,,,,,,,,,,,,,,,,,,,,,,,,,,,,,,,,,,,,,,,,,,,,,,,,,,,,,,,,,,,,,,,,,
,,,,,172561,001,2024-05-21_17h05.10.724,AXB:2AFC Experiments (16.05.2024),2024.1.3,Win32,60.24096386,,,,,,,,,,,,,,,,,,,,504.2116,507.4928,1,3.2704,,,,,,AXBstimuli/iyystimulus.wav,First,,,,,,,,,,,,,,,,,,,,,,,,,,,,,,,,,,,,,,,,,0,3,3,1,1,,,,,,,,,,,,,,,,,,,,,,,,,,,,,,,,,,,,,,,,,,,,,,,,,,,,,,,,,,,,,,,,,,,,,,,,,,,,,,,,,,,,,,,,,,,,,,,,,,,,,,,,,,
,,,,,172561,001,2024-05-21_17h05.10.724,AXB:2AFC Experiments (16.05.2024),2024.1.3,Win32,60.24096386,,,,,,,,,,,,,,,,,,,,507.4933,511.276,2,3.7721,,,,,,AXBstimuli/iiystimulus.wav,Last,,,,,,,,,,,,,,,,,,,,,,,,,,,,,,,,,,,,,,,,,1,0,4,0,1,,,,,,,,,,,,,,,,,,,,,,,,,,,,,,,,,,,,,,,,,,,,,,,,,,,,,,,,,,,,,,,,,,,,,,,,,,,,,,,,,,,,,,,,,,,,,,,,,,,,,,,,,,
,,,,,172561,001,2024-05-21_17h05.10.724,AXB:2AFC Experiments (16.05.2024),2024.1.3,Win32,60.24096386,,,,,,,,,,,,,,,,,,,,511.2767,571.3362,2,60.0488,,,,,,AXBstimuli/iyystimulus.wav,First,,,,,,,,,,,,,,,,,,,,,,,,,,,,,,,,,,,,,,,,,1,1,5,1,1,,,,,,,,,,,,,,,,,,,,,,,,,,,,,,,,,,,,,,,,,,,,,,,,,,,,,,,,,,,,,,,,,,,,,,,,,,,,,,,,,,,,,,,,,,,,,,,,,,,,,,,,,,
,,,,,172561,001,2024-05-21_17h05.10.724,AXB:2AFC Experiments (16.05.2024),2024.1.3,Win32,60.24096386,,,,,,,,,,,,,,,,,,,,571.3367,574.4526,2,3.1089,,,,,,AXBstimuli/yyustimulus.wav,Last,,,,,,,,,,,,,,,,,,,,,,,,,,,,,,,,,,,,,,,,,1,2,6,3,1,,,,,,,,,,,,,,,,,,,,,,,,,,,,,,,,,,,,,,,,,,,,,,,,,,,,,,,,,,,,,,,,,,,,,,,,,,,,,,,,,,,,,,,,,,,,,,,,,,,,,,,,,,
,,,,,172561,001,2024-05-21_17h05.10.724,AXB:2AFC Experiments (16.05.2024),2024.1.3,Win32,60.24096386,,,,,,,,,,,,,,,,,,,,574.4534,578.4179,1,3.9546,,,,,,AXBstimuli/yuustimulus.wav,First,,,,,,,,,,,,,,,,,,,,,,,,,,,,,,,,,,,,,,,,,1,3,7,2,1,,,,,,,,,,,,,,,,,,,,,,,,,,,,,,,,,,,,,,,,,,,,,,,,,,,,,,,,,,,,,,,,,,,,,,,,,,,,,,,,,,,,,,,,,,,,,,,,,,,,,,,,,,
,,,,,172561,001,2024-05-21_17h05.10.724,AXB:2AFC Experiments (16.05.2024),2024.1.3,Win32,60.24096386,,,,,,,,,,,,,,,,,,,,,,,,,,,,,,,,,,,,,,,,,,,,,,,,,,,,,,,,,,,,,,,,,,,,,,,,,,,,578.4185,582.9346,2,4.5096,,,,,,,,,,,,,,,,,,,,,,,,,,,,,,,,,,,,,,,,,,,,,,,,,,,,,,,,,,,,,,,,,,,,,,,,,,,,,,,,,,,,,,,,,,,,,,,,,,,,,,
,,,,,172561,001,2024-05-21_17h05.10.724,AXB:2AFC Experiments (16.05.2024),2024.1.3,Win32,60.24096386,,,,,,,,,,,,,,,,,,,,582.9371,590.301,2,7.3613,,,,,,AXBstimuli/iiystimulus.wav,Last,,,,,,,,,,,,,,,,,,,,,,,,,,,,,,,,,,,,,,,,,,,,,,,,,,0,0,0,0,1,,,,,,,,,,,,,,,,,,,,,,,,,,,,,,,,,,,,,,,,,,,,,,,,,,,,,,,,,,,,,,,,,,,,,,,,,,,,,,,,,,,,,,,,,,,,,,,,,
,,,,,172561,001,2024-05-21_17h05.10.724,AXB:2AFC Experiments (16.05.2024),2024.1.3,Win32,60.24096386,,,,,,,,,,,,,,,,,,,,590.3027,593.5833,2,3.2762,,,,,,AXBstimuli/yyustimulus.wav,Last,,,,,,,,,,,,,,,,,,,,,,,,,,,,,,,,,,,,,,,,,,,,,,,,,,0,1,1,3,1,,,,,,,,,,,,,,,,,,,,,,,,,,,,,,,,,,,,,,,,,,,,,,,,,,,,,,,,,,,,,,,,,,,,,,,,,,,,,,,,,,,,,,,,,,,,,,,,,
,,,,,172561,001,2024-05-21_17h05.10.724,AXB:2AFC Experiments (16.05.2024),2024.1.3,Win32,60.24096386,,,,,,,,,,,,,,,,,,,,593.5842,596.6419,1,3.056,,,,,,AXBstimuli/yuustimulus.wav,First,,,,,,,,,,,,,,,,,,,,,,,,,,,,,,,,,,,,,,,,,,,,,,,,,,0,2,2,2,1,,,,,,,,,,,,,,,,,,,,,,,,,,,,,,,,,,,,,,,,,,,,,,,,,,,,,,,,,,,,,,,,,,,,,,,,,,,,,,,,,,,,,,,,,,,,,,,,,
,,,,,172561,001,2024-05-21_17h05.10.724,AXB:2AFC Experiments (16.05.2024),2024.1.3,Win32,60.24096386,,,,,,,,,,,,,,,,,,,,596.6426,599.5825,1,2.933,,,,,,AXBstimuli/iyystimulus.wav,First,,,,,,,,,,,,,,,,,,,,,,,,,,,,,,,,,,,,,,,,,,,,,,,,,,0,3,3,1,1,,,,,,,,,,,,,,,,,,,,,,,,,,,,,,,,,,,,,,,,,,,,,,,,,,,,,,,,,,,,,,,,,,,,,,,,,,,,,,,,,,,,,,,,,,,,,,,,,
,,,,,172561,001,2024-05-21_17h05.10.724,AXB:2AFC Experiments (16.05.2024),2024.1.3,Win32,60.24096386,,,,,,,,,,,,,,,,,,,,599.583,602.5404,1,2.9561,,,,,,AXBstimuli/iyystimulus.wav,First,,,,,,,,,,,,,,,,,,,,,,,,,,,,,,,,,,,,,,,,,,,,,,,,,,1,0,4,1,1,,,,,,,,,,,,,,,,,,,,,,,,,,,,,,,,,,,,,,,,,,,,,,,,,,,,,,,,,,,,,,,,,,,,,,,,,,,,,,,,,,,,,,,,,,,,,,,,,
,,,,,172561,001,2024-05-21_17h05.10.724,AXB:2AFC Experiments (16.05.2024),2024.1.3,Win32,60.24096386,,,,,,,,,,,,,,,,,,,,602.5411,605.8987,1,3.3511,,,,,,AXBstimuli/iiystimulus.wav,Last,,,,,,,,,,,,,,,,,,,,,,,,,,,,,,,,,,,,,,,,,,,,,,,,,,1,1,5,0,1,,,,,,,,,,,,,,,,,,,,,,,,,,,,,,,,,,,,,,,,,,,,,,,,,,,,,,,,,,,,,,,,,,,,,,,,,,,,,,,,,,,,,,,,,,,,,,,,,
,,,,,172561,001,2024-05-21_17h05.10.724,AXB:2AFC Experiments (16.05.2024),2024.1.3,Win32,60.24096386,,,,,,,,,,,,,,,,,,,,605.8993,619.8207,1,13.9206,,,,,,AXBstimuli/yyustimulus.wav,Last,,,,,,,,,,,,,,,,,,,,,,,,,,,,,,,,,,,,,,,,,,,,,,,,,,1,2,6,3,1,,,,,,,,,,,,,,,,,,,,,,,,,,,,,,,,,,,,,,,,,,,,,,,,,,,,,,,,,,,,,,,,,,,,,,,,,,,,,,,,,,,,,,,,,,,,,,,,,
,,,,,172561,001,2024-05-21_17h05.10.724,AXB:2AFC Experiments (16.05.2024),2024.1.3,Win32,60.24096386,,,,,,,,,,,,,,,,,,,,619.8209,622.5802,1,2.7522,,,,,,AXBstimuli/yuustimulus.wav,First,,,,,,,,,,,,,,,,,,,,,,,,,,,,,,,,,,,,,,,,,,,,,,,,,,1,3,7,2,1,,,,,,,,,,,,,,,,,,,,,,,,,,,,,,,,,,,,,,,,,,,,,,,,,,,,,,,,,,,,,,,,,,,,,,,,,,,,,,,,,,,,,,,,,,,,,,,,,
,,,,,172561,001,2024-05-21_17h05.10.724,AXB:2AFC Experiments (16.05.2024),2024.1.3,Win32,60.24096386,,,,,,,,,,,,,,,,,,,,622.5809,626.4129,2,3.8283,,,,,,AXBstimuli/yyustimulus.wav,Last,,,,,,,,,,,,,,,,,,,,,,,,,,,,,,,,,,,,,,,,,,,,,,,,,,2,0,8,3,1,,,,,,,,,,,,,,,,,,,,,,,,,,,,,,,,,,,,,,,,,,,,,,,,,,,,,,,,,,,,,,,,,,,,,,,,,,,,,,,,,,,,,,,,,,,,,,,,,
,,,,,172561,001,2024-05-21_17h05.10.724,AXB:2AFC Experiments (16.05.2024),2024.1.3,Win32,60.24096386,,,,,,,,,,,,,,,,,,,,626.4136,631.979,1,5.558,,,,,,AXBstimuli/iyystimulus.wav,First,,,,,,,,,,,,,,,,,,,,,,,,,,,,,,,,,,,,,,,,,,,,,,,,,,2,1,9,1,1,,,,,,,,,,,,,,,,,,,,,,,,,,,,,,,,,,,,,,,,,,,,,,,,,,,,,,,,,,,,,,,,,,,,,,,,,,,,,,,,,,,,,,,,,,,,,,,,,
,,,,,172561,001,2024-05-21_17h05.10.724,AXB:2AFC Experiments (16.05.2024),2024.1.3,Win32,60.24096386,,,,,,,,,,,,,,,,,,,,631.9797,642.5275,1,10.5373,,,,,,AXBstimuli/yuustimulus.wav,First,,,,,,,,,,,,,,,,,,,,,,,,,,,,,,,,,,,,,,,,,,,,,,,,,,2,2,10,2,1,,,,,,,,,,,,,,,,,,,,,,,,,,,,,,,,,,,,,,,,,,,,,,,,,,,,,,,,,,,,,,,,,,,,,,,,,,,,,,,,,,,,,,,,,,,,,,,,,
,,,,,172561,001,2024-05-21_17h05.10.724,AXB:2AFC Experiments (16.05.2024),2024.1.3,Win32,60.24096386,,,,,,,,,,,,,,,,,,,,642.5278,644.6187,1,2.0897,,,,,,AXBstimuli/iiystimulus.wav,Last,,,,,,,,,,,,,,,,,,,,,,,,,,,,,,,,,,,,,,,,,,,,,,,,,,2,3,11,0,1,,,,,,,,,,,,,,,,,,,,,,,,,,,,,,,,,,,,,,,,,,,,,,,,,,,,,,,,,,,,,,,,,,,,,,,,,,,,,,,,,,,,,,,,,,,,,,,,,
,,,,,172561,001,2024-05-21_17h05.10.724,AXB:2AFC Experiments (16.05.2024),2024.1.3,Win32,60.24096386,,,,,,,,,,,,,,,,,,,,,,,,,,,,,,,,,,,,,,,,,,,,,,,,,,,,,,,,,,,,,,,,,,,,,,,,,,,,,,,,,,,,,644.6202,652.1611,space,7.5101,,,,,,,,,,,,,,,,,,,,,,,,,,,,,,,,,,,,,,,,,,,,,,,,,,,,,,,,,,,,,,,,,,,,,,,,,,,,,,,,,,,,,,,,,,,,,
,,,,,172561,001,2024-05-21_17h05.10.724,AXB:2AFC Experiments (16.05.2024),2024.1.3,Win32,60.24096386,,,,,,,,,,,,,,,,,,,,,,,,,,,,,,,,,,,,,,,,,,,,,,,,,,,,,,,,,,,,,,,,,,,,,,,,,,,,,,,,,,,,,,,,,,652.183,656.1931,1,4.0088,0,0,0,0,1,TAFCstimuli01/nimnym001.wav,,,,,,,,,,,,,,,,,,,,,,,,,,,,,,,,,,,,,,,,,,,,,,,,,,,,,,,,,,,,,,,,,,,,,,,,,,,,,,,,,,
,,,,,172561,001,2024-05-21_17h05.10.724,AXB:2AFC Experiments (16.05.2024),2024.1.3,Win32,60.24096386,,,,,,,,,,,,,,,,,,,,,,,,,,,,,,,,,,,,,,,,,,,,,,,,,,,,,,,,,,,,,,,,,,,,,,,,,,,,,,,,,,,,,,,,,,656.1934,657.7475,1,1.5534,0,1,1,2,1,TAFCstimuli01/nimnym003.wav,,,,,,,,,,,,,,,,,,,,,,,,,,,,,,,,,,,,,,,,,,,,,,,,,,,,,,,,,,,,,,,,,,,,,,,,,,,,,,,,,,
,,,,,172561,001,2024-05-21_17h05.10.724,AXB:2AFC Experiments (16.05.2024),2024.1.3,Win32,60.24096386,,,,,,,,,,,,,,,,,,,,,,,,,,,,,,,,,,,,,,,,,,,,,,,,,,,,,,,,,,,,,,,,,,,,,,,,,,,,,,,,,,,,,,,,,,657.7477,659.0678,1,1.3187,0,2,2,1,1,TAFCstimuli01/nimnym002.wav,,,,,,,,,,,,,,,,,,,,,,,,,,,,,,,,,,,,,,,,,,,,,,,,,,,,,,,,,,,,,,,,,,,,,,,,,,,,,,,,,,
,,,,,172561,001,2024-05-21_17h05.10.724,AXB:2AFC Experiments (16.05.2024),2024.1.3,Win32,60.24096386,,,,,,,,,,,,,,,,,,,,,,,,,,,,,,,,,,,,,,,,,,,,,,,,,,,,,,,,,,,,,,,,,,,,,,,,,,,,,,,,,,,,,,,,,,659.0683,660.2756,1,1.2011,0,3,3,3,1,TAFCstimuli01/nimnym004.wav,,,,,,,,,,,,,,,,,,,,,,,,,,,,,,,,,,,,,,,,,,,,,,,,,,,,,,,,,,,,,,,,,,,,,,,,,,,,,,,,,,
,,,,,172561,001,2024-05-21_17h05.10.724,AXB:2AFC Experiments (16.05.2024),2024.1.3,Win32,60.24096386,,,,,,,,,,,,,,,,,,,,,,,,,,,,,,,,,,,,,,,,,,,,,,,,,,,,,,,,,,,,,,,,,,,,,,,,,,,,,,,,,,,,,,,,,,,,,,,,,,,,660.2765,663.6097,2,3.3283,,,,,,,,,,,,,,,,,,,,,,,,,,,,,,,,,,,,,,,,,,,,,,,,,,,,,,,,,,,,,,,,,,,,,,,,,,,,,,
,,,,,172561,001,2024-05-21_17h05.10.724,AXB:2AFC Experiments (16.05.2024),2024.1.3,Win32,60.24096386,,,,,,,,,,,,,,,,,,,,,,,,,,,,,,,,,,,,,,,,,,,,,,,,,,,,,,,,,,,,,,,,,,,,,,,,,,,,,,,,,,,,,,,,,,,,,,,,,,,,,,,,663.6102,665.409,space,1.7667,,,,,,,,,,,,,,,,,,,,,,,,,,,,,,,,,,,,,,,,,,,,,,,,,,,,,,,,,,,,,,,,,,,,,,,,,,
,,,,,172561,001,2024-05-21_17h05.10.724,AXB:2AFC Experiments (16.05.2024),2024.1.3,Win32,60.24096386,,,,,,,,,,,,,,,,,,,,,,,,,,,,,,nym,,,,,,,,,,,,,,,,,,,,,,,,,,,,,,,,,,,,,,,,,,,,,,,,,,,,,,,,,,,,,,,,,,,,,,,,,,,,,,,665.4179,669.2586,1,3.8312,0,0,0,4,1,TAFCstimuli01/nimnym005.wav,,,,,,,,,,,,,,,,,,,,,,,,,,,,,,,,,,,,,,,,,,,,,,,,,,,,,,,,,,,,,,,
,,,,,172561,001,2024-05-21_17h05.10.724,AXB:2AFC Experiments (16.05.2024),2024.1.3,Win32,60.24096386,,,,,,,,,,,,,,,,,,,,,,,,,,,,,,nym,,,,,,,,,,,,,,,,,,,,,,,,,,,,,,,,,,,,,,,,,,,,,,,,,,,,,,,,,,,,,,,,,,,,,,,,,,,,,,,669.2593,671.9665,1,2.7057,0,1,1,6,1,TAFCstimuli01/nimnym007.wav,,,,,,,,,,,,,,,,,,,,,,,,,,,,,,,,,,,,,,,,,,,,,,,,,,,,,,,,,,,,,,,
,,,,,172561,001,2024-05-21_17h05.10.724,AXB:2AFC Experiments (16.05.2024),2024.1.3,Win32,60.24096386,,,,,,,,,,,,,,,,,,,,,,,,,,,,,,nim,,,,,,,,,,,,,,,,,,,,,,,,,,,,,,,,,,,,,,,,,,,,,,,,,,,,,,,,,,,,,,,,,,,,,,,,,,,,,,,671.9672,673.1905,1,1.2211,0,2,2,0,1,TAFCstimuli01/nimnym001.wav,,,,,,,,,,,,,,,,,,,,,,,,,,,,,,,,,,,,,,,,,,,,,,,,,,,,,,,,,,,,,,,
,,,,,172561,001,2024-05-21_17h05.10.724,AXB:2AFC Experiments (16.05.2024),2024.1.3,Win32,60.24096386,,,,,,,,,,,,,,,,,,,,,,,,,,,,,,nim,,,,,,,,,,,,,,,,,,,,,,,,,,,,,,,,,,,,,,,,,,,,,,,,,,,,,,,,,,,,,,,,,,,,,,,,,,,,,,,673.191,674.6071,1,1.4145,0,3,3,2,1,TAFCstimuli01/nimnym003.wav,,,,,,,,,,,,,,,,,,,,,,,,,,,,,,,,,,,,,,,,,,,,,,,,,,,,,,,,,,,,,,,
,,,,,172561,001,2024-05-21_17h05.10.724,AXB:2AFC Experiments (16.05.2024),2024.1.3,Win32,60.24096386,,,,,,,,,,,,,,,,,,,,,,,,,,,,,,nim,,,,,,,,,,,,,,,,,,,,,,,,,,,,,,,,,,,,,,,,,,,,,,,,,,,,,,,,,,,,,,,,,,,,,,,,,,,,,,,674.6075,675.9973,1,1.3886,0,4,4,1,1,TAFCstimuli01/nimnym002.wav,,,,,,,,,,,,,,,,,,,,,,,,,,,,,,,,,,,,,,,,,,,,,,,,,,,,,,,,,,,,,,,
,,,,,172561,001,2024-05-21_17h05.10.724,AXB:2AFC Experiments (16.05.2024),2024.1.3,Win32,60.24096386,,,,,,,,,,,,,,,,,,,,,,,,,,,,,,nym,,,,,,,,,,,,,,,,,,,,,,,,,,,,,,,,,,,,,,,,,,,,,,,,,,,,,,,,,,,,,,,,,,,,,,,,,,,,,,,675.9975,679.5068,2,3.5013,0,5,5,5,1,TAFCstimuli01/nimnym006.wav,,,,,,,,,,,,,,,,,,,,,,,,,,,,,,,,,,,,,,,,,,,,,,,,,,,,,,,,,,,,,,,
,,,,,172561,001,2024-05-21_17h05.10.724,AXB:2AFC Experiments (16.05.2024),2024.1.3,Win32,60.24096386,,,,,,,,,,,,,,,,,,,,,,,,,,,,,,/,,,,,,,,,,,,,,,,,,,,,,,,,,,,,,,,,,,,,,,,,,,,,,,,,,,,,,,,,,,,,,,,,,,,,,,,,,,,,,,679.5074,681.907,1,2.39,0,6,6,3,1,TAFCstimuli01/nimnym004.wav,,,,,,,,,,,,,,,,,,,,,,,,,,,,,,,,,,,,,,,,,,,,,,,,,,,,,,,,,,,,,,,
,,,,,172561,001,2024-05-21_17h05.10.724,AXB:2AFC Experiments (16.05.2024),2024.1.3,Win32,60.24096386,,,,,,,,,,,,,,,,,,,,,,,,,,,,,,nym,,,,,,,,,,,,,,,,,,,,,,,,,,,,,,,,,,,,,,,,,,,,,,,,,,,,,,,,,,,,,,,,,,,,,,,,,,,,,,,681.9077,683.7399,1,1.8221,1,0,7,6,1,TAFCstimuli01/nimnym007.wav,,,,,,,,,,,,,,,,,,,,,,,,,,,,,,,,,,,,,,,,,,,,,,,,,,,,,,,,,,,,,,,
,,,,,172561,001,2024-05-21_17h05.10.724,AXB:2AFC Experiments (16.05.2024),2024.1.3,Win32,60.24096386,,,,,,,,,,,,,,,,,,,,,,,,,,,,,,nim,,,,,,,,,,,,,,,,,,,,,,,,,,,,,,,,,,,,,,,,,,,,,,,,,,,,,,,,,,,,,,,,,,,,,,,,,,,,,,,683.7407,685.2724,1,1.5214,1,1,8,0,1,TAFCstimuli01/nimnym001.wav,,,,,,,,,,,,,,,,,,,,,,,,,,,,,,,,,,,,,,,,,,,,,,,,,,,,,,,,,,,,,,,
,,,,,172561,001,2024-05-21_17h05.10.724,AXB:2AFC Experiments (16.05.2024),2024.1.3,Win32,60.24096386,,,,,,,,,,,,,,,,,,,,,,,,,,,,,,/,,,,,,,,,,,,,,,,,,,,,,,,,,,,,,,,,,,,,,,,,,,,,,,,,,,,,,,,,,,,,,,,,,,,,,,,,,,,,,,685.2728,686.8562,1,1.5737,1,2,9,3,1,TAFCstimuli01/nimnym004.wav,,,,,,,,,,,,,,,,,,,,,,,,,,,,,,,,,,,,,,,,,,,,,,,,,,,,,,,,,,,,,,,
,,,,,172561,001,2024-05-21_17h05.10.724,AXB:2AFC Experiments (16.05.2024),2024.1.3,Win32,60.24096386,,,,,,,,,,,,,,,,,,,,,,,,,,,,,,nym,,,,,,,,,,,,,,,,,,,,,,,,,,,,,,,,,,,,,,,,,,,,,,,,,,,,,,,,,,,,,,,,,,,,,,,,,,,,,,,686.8568,688.4221,1,1.5563,1,3,10,4,1,TAFCstimuli01/nimnym005.wav,,,,,,,,,,,,,,,,,,,,,,,,,,,,,,,,,,,,,,,,,,,,,,,,,,,,,,,,,,,,,,,
,,,,,172561,001,2024-05-21_17h05.10.724,AXB:2AFC Experiments (16.05.2024),2024.1.3,Win32,60.24096386,,,,,,,,,,,,,,,,,,,,,,,,,,,,,,nim,,,,,,,,,,,,,,,,,,,,,,,,,,,,,,,,,,,,,,,,,,,,,,,,,,,,,,,,,,,,,,,,,,,,,,,,,,,,,,,688.4226,690.0884,1,1.6608,1,4,11,2,1,TAFCstimuli01/nimnym003.wav,,,,,,,,,,,,,,,,,,,,,,,,,,,,,,,,,,,,,,,,,,,,,,,,,,,,,,,,,,,,,,,
,,,,,172561,001,2024-05-21_17h05.10.724,AXB:2AFC Experiments (16.05.2024),2024.1.3,Win32,60.24096386,,,,,,,,,,,,,,,,,,,,,,,,,,,,,,nim,,,,,,,,,,,,,,,,,,,,,,,,,,,,,,,,,,,,,,,,,,,,,,,,,,,,,,,,,,,,,,,,,,,,,,,,,,,,,,,690.0888,691.8124,1,1.7226,1,5,12,1,1,TAFCstimuli01/nimnym002.wav,,,,,,,,,,,,,,,,,,,,,,,,,,,,,,,,,,,,,,,,,,,,,,,,,,,,,,,,,,,,,,,
,,,,,172561,001,2024-05-21_17h05.10.724,AXB:2AFC Experiments (16.05.2024),2024.1.3,Win32,60.24096386,,,,,,,,,,,,,,,,,,,,,,,,,,,,,,nym,,,,,,,,,,,,,,,,,,,,,,,,,,,,,,,,,,,,,,,,,,,,,,,,,,,,,,,,,,,,,,,,,,,,,,,,,,,,,,,691.8126,695.0307,2,3.2168,1,6,13,5,1,TAFCstimuli01/nimnym006.wav,,,,,,,,,,,,,,,,,,,,,,,,,,,,,,,,,,,,,,,,,,,,,,,,,,,,,,,,,,,,,,,
,,,,,172561,001,2024-05-21_17h05.10.724,AXB:2AFC Experiments (16.05.2024),2024.1.3,Win32,60.24096386,,,,,,,,,,,,,,,,,,,,,,,,,,,,,,,,,,,,,,,,,,,,,,,,,,,,,,,,,,,,,,,,,,,,,,,,,,,,,,,,,,,,,,,,,,,,,,,,,,,,,,,,,,,,,,,,,,,,,,,695.0323,699.4548,2,4.4198,,,,,,,,,,,,,,,,,,,,,,,,,,,,,,,,,,,,,,,,,,,,,,,,,,,,,,,,,,,
,,,,,172561,001,2024-05-21_17h05.10.724,AXB:2AFC Experiments (16.05.2024),2024.1.3,Win32,60.24096386,,,,,,,,,,,,,,,,,,,,,,,,,,,,,,nim,,,,,,,,,,,,,,,,,,,,,,,,,,,,,,,,,,,,,,,,,,,,,,,,,,,,,,,,,,,,,,,,,,,,,,,,,,,,,,,699.4573,701.7709,1,2.3074,,,,,,TAFCstimuli01/nimnym001.wav,,,,,,0,0,0,0,1,,,,,,,,,,,,,,,,,,,,,,,,,,,,,,,,,,,,,,,,,,,,,,,,,,,,,
,,,,,172561,001,2024-05-21_17h05.10.724,AXB:2AFC Experiments (16.05.2024),2024.1.3,Win32,60.24096386,,,,,,,,,,,,,,,,,,,,,,,,,,,,,,/,,,,,,,,,,,,,,,,,,,,,,,,,,,,,,,,,,,,,,,,,,,,,,,,,,,,,,,,,,,,,,,,,,,,,,,,,,,,,,,701.7716,703.1707,1,1.3935,,,,,,TAFCstimuli01/nimnym004.wav,,,,,,0,1,1,3,1,,,,,,,,,,,,,,,,,,,,,,,,,,,,,,,,,,,,,,,,,,,,,,,,,,,,,
,,,,,172561,001,2024-05-21_17h05.10.724,AXB:2AFC Experiments (16.05.2024),2024.1.3,Win32,60.24096386,,,,,,,,,,,,,,,,,,,,,,,,,,,,,,nim,,,,,,,,,,,,,,,,,,,,,,,,,,,,,,,,,,,,,,,,,,,,,,,,,,,,,,,,,,,,,,,,,,,,,,,,,,,,,,,703.1714,704.8868,1,1.707,,,,,,TAFCstimuli01/nimnym003.wav,,,,,,0,2,2,2,1,,,,,,,,,,,,,,,,,,,,,,,,,,,,,,,,,,,,,,,,,,,,,,,,,,,,,
,,,,,172561,001,2024-05-21_17h05.10.724,AXB:2AFC Experiments (16.05.2024),2024.1.3,Win32,60.24096386,,,,,,,,,,,,,,,,,,,,,,,,,,,,,,nym,,,,,,,,,,,,,,,,,,,,,,,,,,,,,,,,,,,,,,,,,,,,,,,,,,,,,,,,,,,,,,,,,,,,,,,,,,,,,,,704.8871,706.8601,1,1.9723,,,,,,TAFCstimuli01/nimnym005.wav,,,,,,0,3,3,4,1,,,,,,,,,,,,,,,,,,,,,,,,,,,,,,,,,,,,,,,,,,,,,,,,,,,,,
,,,,,172561,001,2024-05-21_17h05.10.724,AXB:2AFC Experiments (16.05.2024),2024.1.3,Win32,60.24096386,,,,,,,,,,,,,,,,,,,,,,,,,,,,,,nim,,,,,,,,,,,,,,,,,,,,,,,,,,,,,,,,,,,,,,,,,,,,,,,,,,,,,,,,,,,,,,,,,,,,,,,,,,,,,,,706.8603,708.3903,1,1.5294,,,,,,TAFCstimuli01/nimnym002.wav,,,,,,0,4,4,1,1,,,,,,,,,,,,,,,,,,,,,,,,,,,,,,,,,,,,,,,,,,,,,,,,,,,,,
,,,,,172561,001,2024-05-21_17h05.10.724,AXB:2AFC Experiments (16.05.2024),2024.1.3,Win32,60.24096386,,,,,,,,,,,,,,,,,,,,,,,,,,,,,,nym,,,,,,,,,,,,,,,,,,,,,,,,,,,,,,,,,,,,,,,,,,,,,,,,,,,,,,,,,,,,,,,,,,,,,,,,,,,,,,,708.3906,710.4528,2,2.0533,,,,,,TAFCstimuli01/nimnym007.wav,,,,,,0,5,5,6,1,,,,,,,,,,,,,,,,,,,,,,,,,,,,,,,,,,,,,,,,,,,,,,,,,,,,,
,,,,,172561,001,2024-05-21_17h05.10.724,AXB:2AFC Experiments (16.05.2024),2024.1.3,Win32,60.24096386,,,,,,,,,,,,,,,,,,,,,,,,,,,,,,nym,,,,,,,,,,,,,,,,,,,,,,,,,,,,,,,,,,,,,,,,,,,,,,,,,,,,,,,,,,,,,,,,,,,,,,,,,,,,,,,710.4531,712.3698,2,1.9032,,,,,,TAFCstimuli01/nimnym006.wav,,,,,,0,6,6,5,1,,,,,,,,,,,,,,,,,,,,,,,,,,,,,,,,,,,,,,,,,,,,,,,,,,,,,
,,,,,172561,001,2024-05-21_17h05.10.724,AXB:2AFC Experiments (16.05.2024),2024.1.3,Win32,60.24096386,,,,,,,,,,,,,,,,,,,,,,,,,,,,,,nym,,,,,,,,,,,,,,,,,,,,,,,,,,,,,,,,,,,,,,,,,,,,,,,,,,,,,,,,,,,,,,,,,,,,,,,,,,,,,,,712.3704,714.7693,1,2.393,,,,,,TAFCstimuli01/nimnym005.wav,,,,,,1,0,7,4,1,,,,,,,,,,,,,,,,,,,,,,,,,,,,,,,,,,,,,,,,,,,,,,,,,,,,,
,,,,,172561,001,2024-05-21_17h05.10.724,AXB:2AFC Experiments (16.05.2024),2024.1.3,Win32,60.24096386,,,,,,,,,,,,,,,,,,,,,,,,,,,,,,nim,,,,,,,,,,,,,,,,,,,,,,,,,,,,,,,,,,,,,,,,,,,,,,,,,,,,,,,,,,,,,,,,,,,,,,,,,,,,,,,714.7698,716.2024,1,1.4218,,,,,,TAFCstimuli01/nimnym002.wav,,,,,,1,1,8,1,1,,,,,,,,,,,,,,,,,,,,,,,,,,,,,,,,,,,,,,,,,,,,,,,,,,,,,
,,,,,172561,001,2024-05-21_17h05.10.724,AXB:2AFC Experiments (16.05.2024),2024.1.3,Win32,60.24096386,,,,,,,,,,,,,,,,,,,,,,,,,,,,,,nym,,,,,,,,,,,,,,,,,,,,,,,,,,,,,,,,,,,,,,,,,,,,,,,,,,,,,,,,,,,,,,,,,,,,,,,,,,,,,,,716.2027,719.2686,2,3.0535,,,,,,TAFCstimuli01/nimnym007.wav,,,,,,1,2,9,6,1,,,,,,,,,,,,,,,,,,,,,,,,,,,,,,,,,,,,,,,,,,,,,,,,,,,,,
,,,,,172561,001,2024-05-21_17h05.10.724,AXB:2AFC Experiments (16.05.2024),2024.1.3,Win32,60.24096386,,,,,,,,,,,,,,,,,,,,,,,,,,,,,,nym,,,,,,,,,,,,,,,,,,,,,,,,,,,,,,,,,,,,,,,,,,,,,,,,,,,,,,,,,,,,,,,,,,,,,,,,,,,,,,,719.269,720.635,2,1.3584,,,,,,TAFCstimuli01/nimnym006.wav,,,,,,1,3,10,5,1,,,,,,,,,,,,,,,,,,,,,,,,,,,,,,,,,,,,,,,,,,,,,,,,,,,,,
,,,,,172561,001,2024-05-21_17h05.10.724,AXB:2AFC Experiments (16.05.2024),2024.1.3,Win32,60.24096386,,,,,,,,,,,,,,,,,,,,,,,,,,,,,,nim,,,,,,,,,,,,,,,,,,,,,,,,,,,,,,,,,,,,,,,,,,,,,,,,,,,,,,,,,,,,,,,,,,,,,,,,,,,,,,,720.6352,722.5847,2,1.9475,,,,,,TAFCstimuli01/nimnym003.wav,,,,,,1,4,11,2,1,,,,,,,,,,,,,,,,,,,,,,,,,,,,,,,,,,,,,,,,,,,,,,,,,,,,,
,,,,,172561,001,2024-05-21_17h05.10.724,AXB:2AFC Experiments (16.05.2024),2024.1.3,Win32,60.24096386,,,,,,,,,,,,,,,,,,,,,,,,,,,,,,nim,,,,,,,,,,,,,,,,,,,,,,,,,,,,,,,,,,,,,,,,,,,,,,,,,,,,,,,,,,,,,,,,,,,,,,,,,,,,,,,722.585,724.6179,1,2.019,,,,,,TAFCstimuli01/nimnym001.wav,,,,,,1,5,12,0,1,,,,,,,,,,,,,,,,,,,,,,,,,,,,,,,,,,,,,,,,,,,,,,,,,,,,,
,,,,,172561,001,2024-05-21_17h05.10.724,AXB:2AFC Experiments (16.05.2024),2024.1.3,Win32,60.24096386,,,,,,,,,,,,,,,,,,,,,,,,,,,,,,/,,,,,,,,,,,,,,,,,,,,,,,,,,,,,,,,,,,,,,,,,,,,,,,,,,,,,,,,,,,,,,,,,,,,,,,,,,,,,,,724.6182,726.1177,1,1.4956,,,,,,TAFCstimuli01/nimnym004.wav,,,,,,1,6,13,3,1,,,,,,,,,,,,,,,,,,,,,,,,,,,,,,,,,,,,,,,,,,,,,,,,,,,,,
,,,,,172561,001,2024-05-21_17h05.10.724,AXB:2AFC Experiments (16.05.2024),2024.1.3,Win32,60.24096386,,,,,,,,,,,,,,,,,,,,,,,,,,,,,,,726.1181,727.5348,space,1.4015,,,,,,,,,,,,,,,,,,,,,,,,,,,,,,,,,,,,,,,,,,,,,,,,,,,,,,,,,,,,,,,,,,,,,,,,,,,,,,,,,,,,,,,,,,,,,,,,,,,,,,,,,,,,,,,,,,,,,,,,,,,,,,,,,,,,,,,,,,,,,,,,,,,
,,,,,172561,001,2024-05-21_17h05.10.724,AXB:2AFC Experiments (16.05.2024),2024.1.3,Win32,60.24096386,,,,,,,,,,,,,,,,,,,,,,,,,,,,,,nim,,,,,,,,,,,,,,,,,,,,,,,,,,,,,,,,,,,,,,,,,,,,,,,,,,,,,,,,,,,,,,,,,,,,,,,,,,,,,,,727.5393,728.9841,1,1.4332,,,,,,TAFCstimuli01/nimnym003.wav,,,,,,,,,,,0,0,0,2,1,,,,,,,,,,,,,,,,,,,,,,,,,,,,,,,,,,,,,,,,,,,,,,,,
,,,,,172561,001,2024-05-21_17h05.10.724,AXB:2AFC Experiments (16.05.2024),2024.1.3,Win32,60.24096386,,,,,,,,,,,,,,,,,,,,,,,,,,,,,,nym,,,,,,,,,,,,,,,,,,,,,,,,,,,,,,,,,,,,,,,,,,,,,,,,,,,,,,,,,,,,,,,,,,,,,,,,,,,,,,,728.9845,730.7844,1,1.791,,,,,,TAFCstimuli01/nimnym006.wav,,,,,,,,,,,0,1,1,5,1,,,,,,,,,,,,,,,,,,,,,,,,,,,,,,,,,,,,,,,,,,,,,,,,
,,,,,172561,001,2024-05-21_17h05.10.724,AXB:2AFC Experiments (16.05.2024),2024.1.3,Win32,60.24096386,,,,,,,,,,,,,,,,,,,,,,,,,,,,,,nym,,,,,,,,,,,,,,,,,,,,,,,,,,,,,,,,,,,,,,,,,,,,,,,,,,,,,,,,,,,,,,,,,,,,,,,,,,,,,,,730.7851,732.3845,1,1.5949,,,,,,TAFCstimuli01/nimnym005.wav,,,,,,,,,,,0,2,2,4,1,,,,,,,,,,,,,,,,,,,,,,,,,,,,,,,,,,,,,,,,,,,,,,,,
,,,,,172561,001,2024-05-21_17h05.10.724,AXB:2AFC Experiments (16.05.2024),2024.1.3,Win32,60.24096386,,,,,,,,,,,,,,,,,,,,,,,,,,,,,,nim,,,,,,,,,,,,,,,,,,,,,,,,,,,,,,,,,,,,,,,,,,,,,,,,,,,,,,,,,,,,,,,,,,,,,,,,,,,,,,,732.3853,733.7676,1,1.3735,,,,,,TAFCstimuli01/nimnym002.wav,,,,,,,,,,,0,3,3,1,1,,,,,,,,,,,,,,,,,,,,,,,,,,,,,,,,,,,,,,,,,,,,,,,,
,,,,,172561,001,2024-05-21_17h05.10.724,AXB:2AFC Experiments (16.05.2024),2024.1.3,Win32,60.24096386,,,,,,,,,,,,,,,,,,,,,,,,,,,,,,/,,,,,,,,,,,,,,,,,,,,,,,,,,,,,,,,,,,,,,,,,,,,,,,,,,,,,,,,,,,,,,,,,,,,,,,,,,,,,,,733.7685,735.2009,1,1.4198,,,,,,TAFCstimuli01/nimnym004.wav,,,,,,,,,,,0,4,4,3,1,,,,,,,,,,,,,,,,,,,,,,,,,,,,,,,,,,,,,,,,,,,,,,,,
,,,,,172561,001,2024-05-21_17h05.10.724,AXB:2AFC Experiments (16.05.2024),2024.1.3,Win32,60.24096386,,,,,,,,,,,,,,,,,,,,,,,,,,,,,,nym,,,,,,,,,,,,,,,,,,,,,,,,,,,,,,,,,,,,,,,,,,,,,,,,,,,,,,,,,,,,,,,,,,,,,,,,,,,,,,,735.2016,739.1329,2,3.9255,,,,,,TAFCstimuli01/nimnym007.wav,,,,,,,,,,,0,5,5,6,1,,,,,,,,,,,,,,,,,,,,,,,,,,,,,,,,,,,,,,,,,,,,,,,,
,,,,,172561,001,2024-05-21_17h05.10.724,AXB:2AFC Experiments (16.05.2024),2024.1.3,Win32,60.24096386,,,,,,,,,,,,,,,,,,,,,,,,,,,,,,nim,,,,,,,,,,,,,,,,,,,,,,,,,,,,,,,,,,,,,,,,,,,,,,,,,,,,,,,,,,,,,,,,,,,,,,,,,,,,,,,739.1332,741.4666,1,2.3218,,,,,,TAFCstimuli01/nimnym001.wav,,,,,,,,,,,0,6,6,0,1,,,,,,,,,,,,,,,,,,,,,,,,,,,,,,,,,,,,,,,,,,,,,,,,
,,,,,172561,001,2024-05-21_17h05.10.724,AXB:2AFC Experiments (16.05.2024),2024.1.3,Win32,60.24096386,,,,,,,,,,,,,,,,,,,,,,,,,,,,,,nim,,,,,,,,,,,,,,,,,,,,,,,,,,,,,,,,,,,,,,,,,,,,,,,,,,,,,,,,,,,,,,,,,,,,,,,,,,,,,,,741.4673,742.7495,1,1.2786,,,,,,TAFCstimuli01/nimnym003.wav,,,,,,,,,,,1,0,7,2,1,,,,,,,,,,,,,,,,,,,,,,,,,,,,,,,,,,,,,,,,,,,,,,,,
,,,,,172561,001,2024-05-21_17h05.10.724,AXB:2AFC Experiments (16.05.2024),2024.1.3,Win32,60.24096386,,,,,,,,,,,,,,,,,,,,,,,,,,,,,,nym,,,,,,,,,,,,,,,,,,,,,,,,,,,,,,,,,,,,,,,,,,,,,,,,,,,,,,,,,,,,,,,,,,,,,,,,,,,,,,,742.7501,744.8164,2,2.0607,,,,,,TAFCstimuli01/nimnym007.wav,,,,,,,,,,,1,1,8,6,1,,,,,,,,,,,,,,,,,,,,,,,,,,,,,,,,,,,,,,,,,,,,,,,,
,,,,,172561,001,2024-05-21_17h05.10.724,AXB:2AFC Experiments (16.05.2024),2024.1.3,Win32,60.24096386,,,,,,,,,,,,,,,,,,,,,,,,,,,,,,nym,,,,,,,,,,,,,,,,,,,,,,,,,,,,,,,,,,,,,,,,,,,,,,,,,,,,,,,,,,,,,,,,,,,,,,,,,,,,,,,744.8172,747.616,2,2.7942,,,,,,TAFCstimuli01/nimnym006.wav,,,,,,,,,,,1,2,9,5,1,,,,,,,,,,,,,,,,,,,,,,,,,,,,,,,,,,,,,,,,,,,,,,,,
,,,,,172561,001,2024-05-21_17h05.10.724,AXB:2AFC Experiments (16.05.2024),2024.1.3,Win32,60.24096386,,,,,,,,,,,,,,,,,,,,,,,,,,,,,,nym,,,,,,,,,,,,,,,,,,,,,,,,,,,,,,,,,,,,,,,,,,,,,,,,,,,,,,,,,,,,,,,,,,,,,,,,,,,,,,,747.6165,748.9826,2,1.3597,,,,,,TAFCstimuli01/nimnym005.wav,,,,,,,,,,,1,3,10,4,1,,,,,,,,,,,,,,,,,,,,,,,,,,,,,,,,,,,,,,,,,,,,,,,,
,,,,,172561,001,2024-05-21_17h05.10.724,AXB:2AFC Experiments (16.05.2024),2024.1.3,Win32,60.24096386,,,,,,,,,,,,,,,,,,,,,,,,,,,,,,/,,,,,,,,,,,,,,,,,,,,,,,,,,,,,,,,,,,,,,,,,,,,,,,,,,,,,,,,,,,,,,,,,,,,,,,,,,,,,,,748.9834,750.4334,2,1.4442,,,,,,TAFCstimuli01/nimnym004.wav,,,,,,,,,,,1,4,11,3,1,,,,,,,,,,,,,,,,,,,,,,,,,,,,,,,,,,,,,,,,,,,,,,,,
,,,,,172561,001,2024-05-21_17h05.10.724,AXB:2AFC Experiments (16.05.2024),2024.1.3,Win32,60.24096386,,,,,,,,,,,,,,,,,,,,,,,,,,,,,,nim,,,,,,,,,,,,,,,,,,,,,,,,,,,,,,,,,,,,,,,,,,,,,,,,,,,,,,,,,,,,,,,,,,,,,,,,,,,,,,,750.4341,753.516,1,3.0702,,,,,,TAFCstimuli01/nimnym002.wav,,,,,,,,,,,1,5,12,1,1,,,,,,,,,,,,,,,,,,,,,,,,,,,,,,,,,,,,,,,,,,,,,,,,
,,,,,172561,001,2024-05-21_17h05.10.724,AXB:2AFC Experiments (16.05.2024),2024.1.3,Win32,60.24096386,,,,,,,,,,,,,,,,,,,,,,,,,,,,,,nim,,,,,,,,,,,,,,,,,,,,,,,,,,,,,,,,,,,,,,,,,,,,,,,,,,,,,,,,,,,,,,,,,,,,,,,,,,,,,,,753.5168,754.6986,1,1.1784,,,,,,TAFCstimuli01/nimnym001.wav,,,,,,,,,,,1,6,13,0,1,,,,,,,,,,,,,,,,,,,,,,,,,,,,,,,,,,,,,,,,,,,,,,,,
,,,,,172561,001,2024-05-21_17h05.10.724,AXB:2AFC Experiments (16.05.2024),2024.1.3,Win32,60.24096386,,,,,,,,,,,,,,,,,,,,,,,,,,,,,,nim,,,,,,,,,,,,,,,,,,,,,,,,,,,,,,,,,,,,,,,,,,,,,,,,,,,,,,,,,,,,,,,,,,,,,,,,,,,,,,,754.6996,756.1808,1,1.4742,,,,,,TAFCstimuli01/nimnym001.wav,,,,,,,,,,,2,0,14,0,1,,,,,,,,,,,,,,,,,,,,,,,,,,,,,,,,,,,,,,,,,,,,,,,,
,,,,,172561,001,2024-05-21_17h05.10.724,AXB:2AFC Experiments (16.05.2024),2024.1.3,Win32,60.24096386,,,,,,,,,,,,,,,,,,,,,,,,,,,,,,/,,,,,,,,,,,,,,,,,,,,,,,,,,,,,,,,,,,,,,,,,,,,,,,,,,,,,,,,,,,,,,,,,,,,,,,,,,,,,,,756.1811,757.7978,1,1.6062,,,,,,TAFCstimuli01/nimnym004.wav,,,,,,,,,,,2,1,15,3,1,,,,,,,,,,,,,,,,,,,,,,,,,,,,,,,,,,,,,,,,,,,,,,,,
,,,,,172561,001,2024-05-21_17h05.10.724,AXB:2AFC Experiments (16.05.2024),2024.1.3,Win32,60.24096386,,,,,,,,,,,,,,,,,,,,,,,,,,,,,,nym,,,,,,,,,,,,,,,,,,,,,,,,,,,,,,,,,,,,,,,,,,,,,,,,,,,,,,,,,,,,,,,,,,,,,,,,,,,,,,,757.7984,760.5812,2,2.7757,,,,,,TAFCstimuli01/nimnym007.wav,,,,,,,,,,,2,2,16,6,1,,,,,,,,,,,,,,,,,,,,,,,,,,,,,,,,,,,,,,,,,,,,,,,,
,,,,,172561,001,2024-05-21_17h05.10.724,AXB:2AFC Experiments (16.05.2024),2024.1.3,Win32,60.24096386,,,,,,,,,,,,,,,,,,,,,,,,,,,,,,nym,,,,,,,,,,,,,,,,,,,,,,,,,,,,,,,,,,,,,,,,,,,,,,,,,,,,,,,,,,,,,,,,,,,,,,,,,,,,,,,760.5819,762.0304,2,1.4437,,,,,,TAFCstimuli01/nimnym006.wav,,,,,,,,,,,2,3,17,5,1,,,,,,,,,,,,,,,,,,,,,,,,,,,,,,,,,,,,,,,,,,,,,,,,
,,,,,172561,001,2024-05-21_17h05.10.724,AXB:2AFC Experiments (16.05.2024),2024.1.3,Win32,60.24096386,,,,,,,,,,,,,,,,,,,,,,,,,,,,,,nim,,,,,,,,,,,,,,,,,,,,,,,,,,,,,,,,,,,,,,,,,,,,,,,,,,,,,,,,,,,,,,,,,,,,,,,,,,,,,,,762.0308,764.6309,2,2.5927,,,,,,TAFCstimuli01/nimnym003.wav,,,,,,,,,,,2,4,18,2,1,,,,,,,,,,,,,,,,,,,,,,,,,,,,,,,,,,,,,,,,,,,,,,,,
,,,,,172561,001,2024-05-21_17h05.10.724,AXB:2AFC Experiments (16.05.2024),2024.1.3,Win32,60.24096386,,,,,,,,,,,,,,,,,,,,,,,,,,,,,,nim,,,,,,,,,,,,,,,,,,,,,,,,,,,,,,,,,,,,,,,,,,,,,,,,,,,,,,,,,,,,,,,,,,,,,,,,,,,,,,,764.6317,767.0134,1,2.3789,,,,,,TAFCstimuli01/nimnym002.wav,,,,,,,,,,,2,5,19,1,1,,,,,,,,,,,,,,,,,,,,,,,,,,,,,,,,,,,,,,,,,,,,,,,,
,,,,,172561,001,2024-05-21_17h05.10.724,AXB:2AFC Experiments (16.05.2024),2024.1.3,Win32,60.24096386,,,,,,,,,,,,,,,,,,,,,,,,,,,,,,nym,,,,,,,,,,,,,,,,,,,,,,,,,,,,,,,,,,,,,,,,,,,,,,,,,,,,,,,,,,,,,,,,,,,,,,,,,,,,,,,767.0141,768.7298,1,1.7046,,,,,,TAFCstimuli01/nimnym005.wav,,,,,,,,,,,2,6,20,4,1,,,,,,,,,,,,,,,,,,,,,,,,,,,,,,,,,,,,,,,,,,,,,,,,
,,,,,172561,001,2024-05-21_17h05.10.724,AXB:2AFC Experiments (16.05.2024),2024.1.3,Win32,60.24096386,,,,,,,,,,,,,,,,,,,,,,,,,,,,,,,,,,,,,,,,,,,,,,,,,,,,,,,,,,768.7312,771.1467,space,2.3962,,0,[],[],,,,,,,,,,,,,,,,,,,,,,,,,,,,,,,,,,,,,,,,,,,,,,,,,,,,,,,,,,,,,,,,,,,,,,,,,,,,,,,,,,,,,,,,,,,,,,,,,,,,,,,,,,,,,,,,,,,,
,,,,,172561,001,2024-05-21_17h05.10.724,AXB:2AFC Experiments (16.05.2024),2024.1.3,Win32,60.24096386,,,,,,,,,,,,,,,,,,,,,,,,,,,,,,nym,,,,,,,,,,,,,,,,,,,,,,,,,,,,,,,,,,,,,,,,,,,,,,,,,,,,,,,,,,,,,,,,,,,,,,,,,,,,,,,771.1532,772.9967,1,1.838,,,,,,TAFCstimuli01/nimnym006.wav,,,,,,,,,,,,,,,,0,0,0,5,1,,,,,,,,,,,,,,,,,,,,,,,,,,,,,,,,,,,,,,,,,,,
,,,,,172561,001,2024-05-21_17h05.10.724,AXB:2AFC Experiments (16.05.2024),2024.1.3,Win32,60.24096386,,,,,,,,,,,,,,,,,,,,,,,,,,,,,,nim,,,,,,,,,,,,,,,,,,,,,,,,,,,,,,,,,,,,,,,,,,,,,,,,,,,,,,,,,,,,,,,,,,,,,,,,,,,,,,,772.9971,774.379,1,1.3801,,,,,,TAFCstimuli01/nimnym002.wav,,,,,,,,,,,,,,,,0,1,1,1,1,,,,,,,,,,,,,,,,,,,,,,,,,,,,,,,,,,,,,,,,,,,
,,,,,172561,001,2024-05-21_17h05.10.724,AXB:2AFC Experiments (16.05.2024),2024.1.3,Win32,60.24096386,,,,,,,,,,,,,,,,,,,,,,,,,,,,,,/,,,,,,,,,,,,,,,,,,,,,,,,,,,,,,,,,,,,,,,,,,,,,,,,,,,,,,,,,,,,,,,,,,,,,,,,,,,,,,,774.3796,775.9459,1,1.5588,,,,,,TAFCstimuli01/nimnym004.wav,,,,,,,,,,,,,,,,0,2,2,3,1,,,,,,,,,,,,,,,,,,,,,,,,,,,,,,,,,,,,,,,,,,,
,,,,,172561,001,2024-05-21_17h05.10.724,AXB:2AFC Experiments (16.05.2024),2024.1.3,Win32,60.24096386,,,,,,,,,,,,,,,,,,,,,,,,,,,,,,nim,,,,,,,,,,,,,,,,,,,,,,,,,,,,,,,,,,,,,,,,,,,,,,,,,,,,,,,,,,,,,,,,,,,,,,,,,,,,,,,775.9465,777.2624,1,1.3055,,,,,,TAFCstimuli01/nimnym001.wav,,,,,,,,,,,,,,,,0,3,3,0,1,,,,,,,,,,,,,,,,,,,,,,,,,,,,,,,,,,,,,,,,,,,
,,,,,172561,001,2024-05-21_17h05.10.724,AXB:2AFC Experiments (16.05.2024),2024.1.3,Win32,60.24096386,,,,,,,,,,,,,,,,,,,,,,,,,,,,,,nim,,,,,,,,,,,,,,,,,,,,,,,,,,,,,,,,,,,,,,,,,,,,,,,,,,,,,,,,,,,,,,,,,,,,,,,,,,,,,,,777.2636,778.4625,1,1.1876,,,,,,TAFCstimuli01/nimnym003.wav,,,,,,,,,,,,,,,,0,4,4,2,1,,,,,,,,,,,,,,,,,,,,,,,,,,,,,,,,,,,,,,,,,,,
,,,,,172561,001,2024-05-21_17h05.10.724,AXB:2AFC Experiments (16.05.2024),2024.1.3,Win32,60.24096386,,,,,,,,,,,,,,,,,,,,,,,,,,,,,,nym,,,,,,,,,,,,,,,,,,,,,,,,,,,,,,,,,,,,,,,,,,,,,,,,,,,,,,,,,,,,,,,,,,,,,,,,,,,,,,,778.4635,780.0786,1,1.612,,,,,,TAFCstimuli01/nimnym005.wav,,,,,,,,,,,,,,,,0,5,5,4,1,,,,,,,,,,,,,,,,,,,,,,,,,,,,,,,,,,,,,,,,,,,
,,,,,172561,001,2024-05-21_17h05.10.724,AXB:2AFC Experiments (16.05.2024),2024.1.3,Win32,60.24096386,,,,,,,,,,,,,,,,,,,,,,,,,,,,,,nym,,,,,,,,,,,,,,,,,,,,,,,,,,,,,,,,,,,,,,,,,,,,,,,,,,,,,,,,,,,,,,,,,,,,,,,,,,,,,,,780.0791,782.8124,2,2.7218,,,,,,TAFCstimuli01/nimnym007.wav,,,,,,,,,,,,,,,,0,6,6,6,1,,,,,,,,,,,,,,,,,,,,,,,,,,,,,,,,,,,,,,,,,,,
,,,,,172561,001,2024-05-21_17h05.10.724,AXB:2AFC Experiments (16.05.2024),2024.1.3,Win32,60.24096386,,,,,,,,,,,,,,,,,,,,,,,,,,,,,,,782.8141,784.4785,space,1.6466,,,,,,,,,,,,,,,,,,,,,,,,,,,,,,,,,,,,,,,,,,,,,,,,,,,,,,,,,,,,,,,,,,,,,,,,,,,,,,,,,,,,,,,,,,,,,,,,,,,,,,,,,,,,,,,,,,,,,,,,,,,,,,,,,,,,,,,,,,,,,,,,,,,
,,,,,172561,001,2024-05-21_17h05.10.724,AXB:2AFC Experiments (16.05.2024),2024.1.3,Win32,60.24096386,,,,,,,,,,,,,,,,,,,,,,,,,,,,,,nym,,,,,,,,,,,,,,,,,,,,,,,,,,,,,,,,,,,,,,,,,,,,,,,,,,,,,,,,,,,,,,,,,,,,,,,,,,,,,,,,,,,,,,,,,,,,,,,,,,,,,,,,,,,,,784.4871,786.1778,2,1.6786,0,0,0,4,1,TAFCstimuli02/numnym005.wav,,,,,,,,,,,,,,,,,,,,,,,,,,,,,,,,,
,,,,,172561,001,2024-05-21_17h05.10.724,AXB:2AFC Experiments (16.05.2024),2024.1.3,Win32,60.24096386,,,,,,,,,,,,,,,,,,,,,,,,,,,,,,num,,,,,,,,,,,,,,,,,,,,,,,,,,,,,,,,,,,,,,,,,,,,,,,,,,,,,,,,,,,,,,,,,,,,,,,,,,,,,,,,,,,,,,,,,,,,,,,,,,,,,,,,,,,,,786.1784,790.4943,1,4.3047,0,1,1,1,1,TAFCstimuli02/numnym002.wav,,,,,,,,,,,,,,,,,,,,,,,,,,,,,,,,,
,,,,,172561,001,2024-05-21_17h05.10.724,AXB:2AFC Experiments (16.05.2024),2024.1.3,Win32,60.24096386,,,,,,,,,,,,,,,,,,,,,,,,,,,,,,nym,,,,,,,,,,,,,,,,,,,,,,,,,,,,,,,,,,,,,,,,,,,,,,,,,,,,,,,,,,,,,,,,,,,,,,,,,,,,,,,,,,,,,,,,,,,,,,,,,,,,,,,,,,,,,790.495,796.1598,2,5.6518,0,2,2,6,1,TAFCstimuli02/numnym007.wav,,,,,,,,,,,,,,,,,,,,,,,,,,,,,,,,,
,,,,,172561,001,2024-05-21_17h05.10.724,AXB:2AFC Experiments (16.05.2024),2024.1.3,Win32,60.24096386,,,,,,,,,,,,,,,,,,,,,,,,,,,,,,/,,,,,,,,,,,,,,,,,,,,,,,,,,,,,,,,,,,,,,,,,,,,,,,,,,,,,,,,,,,,,,,,,,,,,,,,,,,,,,,,,,,,,,,,,,,,,,,,,,,,,,,,,,,,,796.1601,797.8934,2,1.7222,0,3,3,3,1,TAFCstimuli02/numnym004.wav,,,,,,,,,,,,,,,,,,,,,,,,,,,,,,,,,
,,,,,172561,001,2024-05-21_17h05.10.724,AXB:2AFC Experiments (16.05.2024),2024.1.3,Win32,60.24096386,,,,,,,,,,,,,,,,,,,,,,,,,,,,,,nym,,,,,,,,,,,,,,,,,,,,,,,,,,,,,,,,,,,,,,,,,,,,,,,,,,,,,,,,,,,,,,,,,,,,,,,,,,,,,,,,,,,,,,,,,,,,,,,,,,,,,,,,,,,,,797.8941,799.2934,2,1.3881,0,4,4,5,1,TAFCstimuli02/numnym006.wav,,,,,,,,,,,,,,,,,,,,,,,,,,,,,,,,,
,,,,,172561,001,2024-05-21_17h05.10.724,AXB:2AFC Experiments (16.05.2024),2024.1.3,Win32,60.24096386,,,,,,,,,,,,,,,,,,,,,,,,,,,,,,num,,,,,,,,,,,,,,,,,,,,,,,,,,,,,,,,,,,,,,,,,,,,,,,,,,,,,,,,,,,,,,,,,,,,,,,,,,,,,,,,,,,,,,,,,,,,,,,,,,,,,,,,,,,,,799.2943,801.6432,1,2.3415,0,5,5,0,1,TAFCstimuli02/numnym001.wav,,,,,,,,,,,,,,,,,,,,,,,,,,,,,,,,,
,,,,,172561,001,2024-05-21_17h05.10.724,AXB:2AFC Experiments (16.05.2024),2024.1.3,Win32,60.24096386,,,,,,,,,,,,,,,,,,,,,,,,,,,,,,num,,,,,,,,,,,,,,,,,,,,,,,,,,,,,,,,,,,,,,,,,,,,,,,,,,,,,,,,,,,,,,,,,,,,,,,,,,,,,,,,,,,,,,,,,,,,,,,,,,,,,,,,,,,,,801.6439,803.0099,1,1.3596,0,6,6,2,1,TAFCstimuli02/numnym003.wav,,,,,,,,,,,,,,,,,,,,,,,,,,,,,,,,,
,,,,,172561,001,2024-05-21_17h05.10.724,AXB:2AFC Experiments (16.05.2024),2024.1.3,Win32,60.24096386,,,,,,,,,,,,,,,,,,,,,,,,,,,,,,,,,,,,,,,,,,,,,,,,,,,,,,,,,,,,,,,,,,,,,,,,,,,,,,,,,,,,,,,,,,,,,,,,,,,,,,,,,,,,,,,,,,,,,,,,,,,,,,,,,,,,,,,,,,,,,,,,,,,,,803.0117,804.4599,space,1.4266,,,,,,,,,,,,,,,,,,,,,,,,,,,,,
,,,,,172561,001,2024-05-21_17h05.10.724,AXB:2AFC Experiments (16.05.2024),2024.1.3,Win32,60.24096386,,,,,,,,,,,,,,,,,,,,,,,,,,,,,,/,,,,,,,,,,,,,,,,,,,,,,,,,,,,,,,,,,,,,,,,,,,,,,,,,,,,,,,,,,,,,,,,,,,,,,,,,,,,,,,,,,,,,,,,,,,,,,,,,,,,,,,,,,,,,804.4677,806.2439,1,1.7691,,,,,,TAFCstimuli02/numnym004.wav,,,,,,,,0,0,0,3,1,,,,,,,,,,,,,,,,,,,,,
,,,,,172561,001,2024-05-21_17h05.10.724,AXB:2AFC Experiments (16.05.2024),2024.1.3,Win32,60.24096386,,,,,,,,,,,,,,,,,,,,,,,,,,,,,,num,,,,,,,,,,,,,,,,,,,,,,,,,,,,,,,,,,,,,,,,,,,,,,,,,,,,,,,,,,,,,,,,,,,,,,,,,,,,,,,,,,,,,,,,,,,,,,,,,,,,,,,,,,,,,806.2449,808.6095,2,2.363,,,,,,TAFCstimuli02/numnym003.wav,,,,,,,,0,1,1,2,1,,,,,,,,,,,,,,,,,,,,,
,,,,,172561,001,2024-05-21_17h05.10.724,AXB:2AFC Experiments (16.05.2024),2024.1.3,Win32,60.24096386,,,,,,,,,,,,,,,,,,,,,,,,,,,,,,num,,,,,,,,,,,,,,,,,,,,,,,,,,,,,,,,,,,,,,,,,,,,,,,,,,,,,,,,,,,,,,,,,,,,,,,,,,,,,,,,,,,,,,,,,,,,,,,,,,,,,,,,,,,,,808.6102,811.4753,2,2.8582,,,,,,TAFCstimuli02/numnym002.wav,,,,,,,,0,2,2,1,1,,,,,,,,,,,,,,,,,,,,,
,,,,,172561,001,2024-05-21_17h05.10.724,AXB:2AFC Experiments (16.05.2024),2024.1.3,Win32,60.24096386,,,,,,,,,,,,,,,,,,,,,,,,,,,,,,nym,,,,,,,,,,,,,,,,,,,,,,,,,,,,,,,,,,,,,,,,,,,,,,,,,,,,,,,,,,,,,,,,,,,,,,,,,,,,,,,,,,,,,,,,,,,,,,,,,,,,,,,,,,,,,811.476,813.7751,2,2.2973,,,,,,TAFCstimuli02/numnym005.wav,,,,,,,,0,3,3,4,1,,,,,,,,,,,,,,,,,,,,,
,,,,,172561,001,2024-05-21_17h05.10.724,AXB:2AFC Experiments (16.05.2024),2024.1.3,Win32,60.24096386,,,,,,,,,,,,,,,,,,,,,,,,,,,,,,nym,,,,,,,,,,,,,,,,,,,,,,,,,,,,,,,,,,,,,,,,,,,,,,,,,,,,,,,,,,,,,,,,,,,,,,,,,,,,,,,,,,,,,,,,,,,,,,,,,,,,,,,,,,,,,813.776,815.3083,2,1.5207,,,,,,TAFCstimuli02/numnym006.wav,,,,,,,,0,4,4,5,1,,,,,,,,,,,,,,,,,,,,,
,,,,,172561,001,2024-05-21_17h05.10.724,AXB:2AFC Experiments (16.05.2024),2024.1.3,Win32,60.24096386,,,,,,,,,,,,,,,,,,,,,,,,,,,,,,num,,,,,,,,,,,,,,,,,,,,,,,,,,,,,,,,,,,,,,,,,,,,,,,,,,,,,,,,,,,,,,,,,,,,,,,,,,,,,,,,,,,,,,,,,,,,,,,,,,,,,,,,,,,,,815.309,817.491,1,2.18,,,,,,TAFCstimuli02/numnym001.wav,,,,,,,,0,5,5,0,1,,,,,,,,,,,,,,,,,,,,,
,,,,,172561,001,2024-05-21_17h05.10.724,AXB:2AFC Experiments (16.05.2024),2024.1.3,Win32,60.24096386,,,,,,,,,,,,,,,,,,,,,,,,,,,,,,nym,,,,,,,,,,,,,,,,,,,,,,,,,,,,,,,,,,,,,,,,,,,,,,,,,,,,,,,,,,,,,,,,,,,,,,,,,,,,,,,,,,,,,,,,,,,,,,,,,,,,,,,,,,,,,817.4918,819.7578,2,2.255,,,,,,TAFCstimuli02/numnym007.wav,,,,,,,,0,6,6,6,1,,,,,,,,,,,,,,,,,,,,,
,,,,,172561,001,2024-05-21_17h05.10.724,AXB:2AFC Experiments (16.05.2024),2024.1.3,Win32,60.24096386,,,,,,,,,,,,,,,,,,,,,,,,,,,,,,nym,,,,,,,,,,,,,,,,,,,,,,,,,,,,,,,,,,,,,,,,,,,,,,,,,,,,,,,,,,,,,,,,,,,,,,,,,,,,,,,,,,,,,,,,,,,,,,,,,,,,,,,,,,,,,819.7587,821.124,2,1.3568,,,,,,TAFCstimuli02/numnym007.wav,,,,,,,,1,0,7,6,1,,,,,,,,,,,,,,,,,,,,,
,,,,,172561,001,2024-05-21_17h05.10.724,AXB:2AFC Experiments (16.05.2024),2024.1.3,Win32,60.24096386,,,,,,,,,,,,,,,,,,,,,,,,,,,,,,num,,,,,,,,,,,,,,,,,,,,,,,,,,,,,,,,,,,,,,,,,,,,,,,,,,,,,,,,,,,,,,,,,,,,,,,,,,,,,,,,,,,,,,,,,,,,,,,,,,,,,,,,,,,,,821.1246,823.1739,1,2.0391,,,,,,TAFCstimuli02/numnym003.wav,,,,,,,,1,1,8,2,1,,,,,,,,,,,,,,,,,,,,,
,,,,,172561,001,2024-05-21_17h05.10.724,AXB:2AFC Experiments (16.05.2024),2024.1.3,Win32,60.24096386,,,,,,,,,,,,,,,,,,,,,,,,,,,,,,num,,,,,,,,,,,,,,,,,,,,,,,,,,,,,,,,,,,,,,,,,,,,,,,,,,,,,,,,,,,,,,,,,,,,,,,,,,,,,,,,,,,,,,,,,,,,,,,,,,,,,,,,,,,,,823.1748,824.7065,1,1.5291,,,,,,TAFCstimuli02/numnym001.wav,,,,,,,,1,2,9,0,1,,,,,,,,,,,,,,,,,,,,,
,,,,,172561,001,2024-05-21_17h05.10.724,AXB:2AFC Experiments (16.05.2024),2024.1.3,Win32,60.24096386,,,,,,,,,,,,,,,,,,,,,,,,,,,,,,num,,,,,,,,,,,,,,,,,,,,,,,,,,,,,,,,,,,,,,,,,,,,,,,,,,,,,,,,,,,,,,,,,,,,,,,,,,,,,,,,,,,,,,,,,,,,,,,,,,,,,,,,,,,,,824.7069,826.0569,1,1.3392,,,,,,TAFCstimuli02/numnym002.wav,,,,,,,,1,3,10,1,1,,,,,,,,,,,,,,,,,,,,,
,,,,,172561,001,2024-05-21_17h05.10.724,AXB:2AFC Experiments (16.05.2024),2024.1.3,Win32,60.24096386,,,,,,,,,,,,,,,,,,,,,,,,,,,,,,/,,,,,,,,,,,,,,,,,,,,,,,,,,,,,,,,,,,,,,,,,,,,,,,,,,,,,,,,,,,,,,,,,,,,,,,,,,,,,,,,,,,,,,,,,,,,,,,,,,,,,,,,,,,,,826.0578,829.79,2,3.7205,,,,,,TAFCstimuli02/numnym004.wav,,,,,,,,1,4,11,3,1,,,,,,,,,,,,,,,,,,,,,
,,,,,172561,001,2024-05-21_17h05.10.724,AXB:2AFC Experiments (16.05.2024),2024.1.3,Win32,60.24096386,,,,,,,,,,,,,,,,,,,,,,,,,,,,,,nym,,,,,,,,,,,,,,,,,,,,,,,,,,,,,,,,,,,,,,,,,,,,,,,,,,,,,,,,,,,,,,,,,,,,,,,,,,,,,,,,,,,,,,,,,,,,,,,,,,,,,,,,,,,,,829.7908,831.5064,2,1.7046,,,,,,TAFCstimuli02/numnym006.wav,,,,,,,,1,5,12,5,1,,,,,,,,,,,,,,,,,,,,,
,,,,,172561,001,2024-05-21_17h05.10.724,AXB:2AFC Experiments (16.05.2024),2024.1.3,Win32,60.24096386,,,,,,,,,,,,,,,,,,,,,,,,,,,,,,nym,,,,,,,,,,,,,,,,,,,,,,,,,,,,,,,,,,,,,,,,,,,,,,,,,,,,,,,,,,,,,,,,,,,,,,,,,,,,,,,,,,,,,,,,,,,,,,,,,,,,,,,,,,,,,831.5073,833.0394,2,1.529,,,,,,TAFCstimuli02/numnym005.wav,,,,,,,,1,6,13,4,1,,,,,,,,,,,,,,,,,,,,,
,,,,,172561,001,2024-05-21_17h05.10.724,AXB:2AFC Experiments (16.05.2024),2024.1.3,Win32,60.24096386,,,,,,,,,,,,,,,,,,,,,,,,,,,,,,num,,,,,,,,,,,,,,,,,,,,,,,,,,,,,,,,,,,,,,,,,,,,,,,,,,,,,,,,,,,,,,,,,,,,,,,,,,,,,,,,,,,,,,,,,,,,,,,,,,,,,,,,,,,,,833.04,835.273,1,2.2219,,,,,,TAFCstimuli02/numnym002.wav,,,,,,,,2,0,14,1,1,,,,,,,,,,,,,,,,,,,,,
,,,,,172561,001,2024-05-21_17h05.10.724,AXB:2AFC Experiments (16.05.2024),2024.1.3,Win32,60.24096386,,,,,,,,,,,,,,,,,,,,,,,,,,,,,,nym,,,,,,,,,,,,,,,,,,,,,,,,,,,,,,,,,,,,,,,,,,,,,,,,,,,,,,,,,,,,,,,,,,,,,,,,,,,,,,,,,,,,,,,,,,,,,,,,,,,,,,,,,,,,,835.2739,836.6727,1,1.3946,,,,,,TAFCstimuli02/numnym007.wav,,,,,,,,2,1,15,6,1,,,,,,,,,,,,,,,,,,,,,
,,,,,172561,001,2024-05-21_17h05.10.724,AXB:2AFC Experiments (16.05.2024),2024.1.3,Win32,60.24096386,,,,,,,,,,,,,,,,,,,,,,,,,,,,,,nym,,,,,,,,,,,,,,,,,,,,,,,,,,,,,,,,,,,,,,,,,,,,,,,,,,,,,,,,,,,,,,,,,,,,,,,,,,,,,,,,,,,,,,,,,,,,,,,,,,,,,,,,,,,,,836.6736,839.8047,2,3.1269,,,,,,TAFCstimuli02/numnym005.wav,,,,,,,,2,2,16,4,1,,,,,,,,,,,,,,,,,,,,,
,,,,,172561,001,2024-05-21_17h05.10.724,AXB:2AFC Experiments (16.05.2024),2024.1.3,Win32,60.24096386,,,,,,,,,,,,,,,,,,,,,,,,,,,,,,nym,,,,,,,,,,,,,,,,,,,,,,,,,,,,,,,,,,,,,,,,,,,,,,,,,,,,,,,,,,,,,,,,,,,,,,,,,,,,,,,,,,,,,,,,,,,,,,,,,,,,,,,,,,,,,839.8052,842.0219,2,2.207,,,,,,TAFCstimuli02/numnym006.wav,,,,,,,,2,3,17,5,1,,,,,,,,,,,,,,,,,,,,,
,,,,,172561,001,2024-05-21_17h05.10.724,AXB:2AFC Experiments (16.05.2024),2024.1.3,Win32,60.24096386,,,,,,,,,,,,,,,,,,,,,,,,,,,,,,/,,,,,,,,,,,,,,,,,,,,,,,,,,,,,,,,,,,,,,,,,,,,,,,,,,,,,,,,,,,,,,,,,,,,,,,,,,,,,,,,,,,,,,,,,,,,,,,,,,,,,,,,,,,,,842.0227,843.9885,1,1.959,,,,,,TAFCstimuli02/numnym004.wav,,,,,,,,2,4,18,3,1,,,,,,,,,,,,,,,,,,,,,
,,,,,172561,001,2024-05-21_17h05.10.724,AXB:2AFC Experiments (16.05.2024),2024.1.3,Win32,60.24096386,,,,,,,,,,,,,,,,,,,,,,,,,,,,,,num,,,,,,,,,,,,,,,,,,,,,,,,,,,,,,,,,,,,,,,,,,,,,,,,,,,,,,,,,,,,,,,,,,,,,,,,,,,,,,,,,,,,,,,,,,,,,,,,,,,,,,,,,,,,,843.9893,845.2379,1,1.2367,,,,,,TAFCstimuli02/numnym003.wav,,,,,,,,2,5,19,2,1,,,,,,,,,,,,,,,,,,,,,
,,,,,172561,001,2024-05-21_17h05.10.724,AXB:2AFC Experiments (16.05.2024),2024.1.3,Win32,60.24096386,,,,,,,,,,,,,,,,,,,,,,,,,,,,,,num,,,,,,,,,,,,,,,,,,,,,,,,,,,,,,,,,,,,,,,,,,,,,,,,,,,,,,,,,,,,,,,,,,,,,,,,,,,,,,,,,,,,,,,,,,,,,,,,,,,,,,,,,,,,,845.2386,846.3382,1,1.0921,,,,,,TAFCstimuli02/numnym001.wav,,,,,,,,2,6,20,0,1,,,,,,,,,,,,,,,,,,,,,
,,,,,172561,001,2024-05-21_17h05.10.724,AXB:2AFC Experiments (16.05.2024),2024.1.3,Win32,60.24096386,,,,,,,,,,,,,,,,,,,,,,,,,,,,,,,846.3399,848.1217,space,1.7671,,,,,,,,,,,,,,,,,,,,,,,,,,,,,,,,,,,,,,,,,,,,,,,,,,,,,,,,,,,,,,,,,,,,,,,,,,,,,,,,,,,,,,,,,,,,,,,,,,,,,,,,,,,,,,,,,,,,,,,,,,,,,,,,,,,,,,,,,,,,,,,,,,,
,,,,,172561,001,2024-05-21_17h05.10.724,AXB:2AFC Experiments (16.05.2024),2024.1.3,Win32,60.24096386,,,,,,,,,,,,,,,,,,,,,,,,,,,,,,num,,,,,,,,,,,,,,,,,,,,,,,,,,,,,,,,,,,,,,,,,,,,,,,,,,,,,,,,,,,,,,,,,,,,,,,,,,,,,,,,,,,,,,,,,,,,,,,,,,,,,,,,,,,,,848.1304,849.4042,1,1.2633,,,,,,TAFCstimuli02/numnym001.wav,,,,,,,,,,,,,0,0,0,0,1,,,,,,,,,,,,,,,,
,,,,,172561,001,2024-05-21_17h05.10.724,AXB:2AFC Experiments (16.05.2024),2024.1.3,Win32,60.24096386,,,,,,,,,,,,,,,,,,,,,,,,,,,,,,num,,,,,,,,,,,,,,,,,,,,,,,,,,,,,,,,,,,,,,,,,,,,,,,,,,,,,,,,,,,,,,,,,,,,,,,,,,,,,,,,,,,,,,,,,,,,,,,,,,,,,,,,,,,,,849.4057,850.5208,1,1.1044,,,,,,TAFCstimuli02/numnym003.wav,,,,,,,,,,,,,0,1,1,2,1,,,,,,,,,,,,,,,,
,,,,,172561,001,2024-05-21_17h05.10.724,AXB:2AFC Experiments (16.05.2024),2024.1.3,Win32,60.24096386,,,,,,,,,,,,,,,,,,,,,,,,,,,,,,nym,,,,,,,,,,,,,,,,,,,,,,,,,,,,,,,,,,,,,,,,,,,,,,,,,,,,,,,,,,,,,,,,,,,,,,,,,,,,,,,,,,,,,,,,,,,,,,,,,,,,,,,,,,,,,850.5219,852.3368,2,1.8033,,,,,,TAFCstimuli02/numnym007.wav,,,,,,,,,,,,,0,2,2,6,1,,,,,,,,,,,,,,,,
,,,,,172561,001,2024-05-21_17h05.10.724,AXB:2AFC Experiments (16.05.2024),2024.1.3,Win32,60.24096386,,,,,,,,,,,,,,,,,,,,,,,,,,,,,,nym,,,,,,,,,,,,,,,,,,,,,,,,,,,,,,,,,,,,,,,,,,,,,,,,,,,,,,,,,,,,,,,,,,,,,,,,,,,,,,,,,,,,,,,,,,,,,,,,,,,,,,,,,,,,,852.3373,853.4871,2,1.1426,,,,,,TAFCstimuli02/numnym005.wav,,,,,,,,,,,,,0,3,3,4,1,,,,,,,,,,,,,,,,
,,,,,172561,001,2024-05-21_17h05.10.724,AXB:2AFC Experiments (16.05.2024),2024.1.3,Win32,60.24096386,,,,,,,,,,,,,,,,,,,,,,,,,,,,,,num,,,,,,,,,,,,,,,,,,,,,,,,,,,,,,,,,,,,,,,,,,,,,,,,,,,,,,,,,,,,,,,,,,,,,,,,,,,,,,,,,,,,,,,,,,,,,,,,,,,,,,,,,,,,,853.4877,855.2866,1,1.7953,,,,,,TAFCstimuli02/numnym002.wav,,,,,,,,,,,,,0,4,4,1,1,,,,,,,,,,,,,,,,
,,,,,172561,001,2024-05-21_17h05.10.724,AXB:2AFC Experiments (16.05.2024),2024.1.3,Win32,60.24096386,,,,,,,,,,,,,,,,,,,,,,,,,,,,,,nym,,,,,,,,,,,,,,,,,,,,,,,,,,,,,,,,,,,,,,,,,,,,,,,,,,,,,,,,,,,,,,,,,,,,,,,,,,,,,,,,,,,,,,,,,,,,,,,,,,,,,,,,,,,,,855.2871,857.6362,2,2.3364,,,,,,TAFCstimuli02/numnym006.wav,,,,,,,,,,,,,0,5,5,5,1,,,,,,,,,,,,,,,,
,,,,,172561,001,2024-05-21_17h05.10.724,AXB:2AFC Experiments (16.05.2024),2024.1.3,Win32,60.24096386,,,,,,,,,,,,,,,,,,,,,,,,,,,,,,/,,,,,,,,,,,,,,,,,,,,,,,,,,,,,,,,,,,,,,,,,,,,,,,,,,,,,,,,,,,,,,,,,,,,,,,,,,,,,,,,,,,,,,,,,,,,,,,,,,,,,,,,,,,,,857.6366,859.2198,2,1.5721,,,,,,TAFCstimuli02/numnym004.wav,,,,,,,,,,,,,0,6,6,3,1,,,,,,,,,,,,,,,,
,,,,,172561,001,2024-05-21_17h05.10.724,AXB:2AFC Experiments (16.05.2024),2024.1.3,Win32,60.24096386,,,,,,,,,,,,,,,,,,,,,,,,,,,,,,nym,,,,,,,,,,,,,,,,,,,,,,,,,,,,,,,,,,,,,,,,,,,,,,,,,,,,,,,,,,,,,,,,,,,,,,,,,,,,,,,,,,,,,,,,,,,,,,,,,,,,,,,,,,,,,859.2206,860.8033,2,1.5715,,,,,,TAFCstimuli02/numnym007.wav,,,,,,,,,,,,,1,0,7,6,1,,,,,,,,,,,,,,,,
,,,,,172561,001,2024-05-21_17h05.10.724,AXB:2AFC Experiments (16.05.2024),2024.1.3,Win32,60.24096386,,,,,,,,,,,,,,,,,,,,,,,,,,,,,,num,,,,,,,,,,,,,,,,,,,,,,,,,,,,,,,,,,,,,,,,,,,,,,,,,,,,,,,,,,,,,,,,,,,,,,,,,,,,,,,,,,,,,,,,,,,,,,,,,,,,,,,,,,,,,860.8043,863.0024,1,2.189,,,,,,TAFCstimuli02/numnym001.wav,,,,,,,,,,,,,1,1,8,0,1,,,,,,,,,,,,,,,,
,,,,,172561,001,2024-05-21_17h05.10.724,AXB:2AFC Experiments (16.05.2024),2024.1.3,Win32,60.24096386,,,,,,,,,,,,,,,,,,,,,,,,,,,,,,num,,,,,,,,,,,,,,,,,,,,,,,,,,,,,,,,,,,,,,,,,,,,,,,,,,,,,,,,,,,,,,,,,,,,,,,,,,,,,,,,,,,,,,,,,,,,,,,,,,,,,,,,,,,,,863.003,864.2693,1,1.2552,,,,,,TAFCstimuli02/numnym003.wav,,,,,,,,,,,,,1,2,9,2,1,,,,,,,,,,,,,,,,
,,,,,172561,001,2024-05-21_17h05.10.724,AXB:2AFC Experiments (16.05.2024),2024.1.3,Win32,60.24096386,,,,,,,,,,,,,,,,,,,,,,,,,,,,,,num,,,,,,,,,,,,,,,,,,,,,,,,,,,,,,,,,,,,,,,,,,,,,,,,,,,,,,,,,,,,,,,,,,,,,,,,,,,,,,,,,,,,,,,,,,,,,,,,,,,,,,,,,,,,,864.2704,865.3853,1,1.1052,,,,,,TAFCstimuli02/numnym002.wav,,,,,,,,,,,,,1,3,10,1,1,,,,,,,,,,,,,,,,
,,,,,172561,001,2024-05-21_17h05.10.724,AXB:2AFC Experiments (16.05.2024),2024.1.3,Win32,60.24096386,,,,,,,,,,,,,,,,,,,,,,,,,,,,,,/,,,,,,,,,,,,,,,,,,,,,,,,,,,,,,,,,,,,,,,,,,,,,,,,,,,,,,,,,,,,,,,,,,,,,,,,,,,,,,,,,,,,,,,,,,,,,,,,,,,,,,,,,,,,,865.3859,866.736,1,1.3387,,,,,,TAFCstimuli02/numnym004.wav,,,,,,,,,,,,,1,4,11,3,1,,,,,,,,,,,,,,,,
,,,,,172561,001,2024-05-21_17h05.10.724,AXB:2AFC Experiments (16.05.2024),2024.1.3,Win32,60.24096386,,,,,,,,,,,,,,,,,,,,,,,,,,,,,,nym,,,,,,,,,,,,,,,,,,,,,,,,,,,,,,,,,,,,,,,,,,,,,,,,,,,,,,,,,,,,,,,,,,,,,,,,,,,,,,,,,,,,,,,,,,,,,,,,,,,,,,,,,,,,,866.7367,869.4184,2,2.6693,,,,,,TAFCstimuli02/numnym006.wav,,,,,,,,,,,,,1,5,12,5,1,,,,,,,,,,,,,,,,
,,,,,172561,001,2024-05-21_17h05.10.724,AXB:2AFC Experiments (16.05.2024),2024.1.3,Win32,60.24096386,,,,,,,,,,,,,,,,,,,,,,,,,,,,,,nym,,,,,,,,,,,,,,,,,,,,,,,,,,,,,,,,,,,,,,,,,,,,,,,,,,,,,,,,,,,,,,,,,,,,,,,,,,,,,,,,,,,,,,,,,,,,,,,,,,,,,,,,,,,,,869.4192,870.6183,2,1.1895,,,,,,TAFCstimuli02/numnym005.wav,,,,,,,,,,,,,1,6,13,4,1,,,,,,,,,,,,,,,,
,,,,,172561,001,2024-05-21_17h05.10.724,AXB:2AFC Experiments (16.05.2024),2024.1.3,Win32,60.24096386,,,,,,,,,,,,,,,,,,,,,,,,,,,,,,,,,,,,,,,,,,,,,,,,,,,,,,,,,,,,,,,,,,,,,,,,,,,,,,,,,,,,,,,,,,,,,,,,,,,,,,,,,,,,,,,,,,,,,,,,,,,,,,,,,,,,,,,,,,,,,,,,,,,,,,,,,,,,,,,,,,,,,,870.6197,874.2902,0,[874.2911999999999],[874.2911999999999],,,,,,,,,,,
,,,,,172561,001,2024-05-21_17h05.10.724,AXB:2AFC Experiments (16.05.2024),2024.1.3,Win32,60.24096386,,,,,,,,,,,,,,,,,,,,,,,,,,,,,,num,,,,,,,,,,,,,,,,,,,,,,,,,,,,,,,,,,,,,,,,,,,,,,,,,,,,,,,,,,,,,,,,,,,,,,,,,,,,,,,,,,,,,,,,,,,,,,,,,,,,,,,,,,,,,874.2936,876.3009,1,1.9959,,,,,,TAFCstimuli02/numnym002.wav,,,,,,,,,,,,,,,,,,,,,,,,0,0,0,1,1,,,,,
,,,,,172561,001,2024-05-21_17h05.10.724,AXB:2AFC Experiments (16.05.2024),2024.1.3,Win32,60.24096386,,,,,,,,,,,,,,,,,,,,,,,,,,,,,,num,,,,,,,,,,,,,,,,,,,,,,,,,,,,,,,,,,,,,,,,,,,,,,,,,,,,,,,,,,,,,,,,,,,,,,,,,,,,,,,,,,,,,,,,,,,,,,,,,,,,,,,,,,,,,876.302,877.4177,1,1.1065,,,,,,TAFCstimuli02/numnym001.wav,,,,,,,,,,,,,,,,,,,,,,,,0,1,1,0,1,,,,,
,,,,,172561,001,2024-05-21_17h05.10.724,AXB:2AFC Experiments (16.05.2024),2024.1.3,Win32,60.24096386,,,,,,,,,,,,,,,,,,,,,,,,,,,,,,num,,,,,,,,,,,,,,,,,,,,,,,,,,,,,,,,,,,,,,,,,,,,,,,,,,,,,,,,,,,,,,,,,,,,,,,,,,,,,,,,,,,,,,,,,,,,,,,,,,,,,,,,,,,,,877.4184,878.5007,1,1.0768,,,,,,TAFCstimuli02/numnym003.wav,,,,,,,,,,,,,,,,,,,,,,,,0,2,2,2,1,,,,,
,,,,,172561,001,2024-05-21_17h05.10.724,AXB:2AFC Experiments (16.05.2024),2024.1.3,Win32,60.24096386,,,,,,,,,,,,,,,,,,,,,,,,,,,,,,nym,,,,,,,,,,,,,,,,,,,,,,,,,,,,,,,,,,,,,,,,,,,,,,,,,,,,,,,,,,,,,,,,,,,,,,,,,,,,,,,,,,,,,,,,,,,,,,,,,,,,,,,,,,,,,878.5011,880.2675,2,1.7597,,,,,,TAFCstimuli02/numnym007.wav,,,,,,,,,,,,,,,,,,,,,,,,0,3,3,6,1,,,,,
,,,,,172561,001,2024-05-21_17h05.10.724,AXB:2AFC Experiments (16.05.2024),2024.1.3,Win32,60.24096386,,,,,,,,,,,,,,,,,,,,,,,,,,,,,,nym,,,,,,,,,,,,,,,,,,,,,,,,,,,,,,,,,,,,,,,,,,,,,,,,,,,,,,,,,,,,,,,,,,,,,,,,,,,,,,,,,,,,,,,,,,,,,,,,,,,,,,,,,,,,,880.2683,881.6174,2,1.3367,,,,,,TAFCstimuli02/numnym005.wav,,,,,,,,,,,,,,,,,,,,,,,,0,4,4,4,1,,,,,
,,,,,172561,001,2024-05-21_17h05.10.724,AXB:2AFC Experiments (16.05.2024),2024.1.3,Win32,60.24096386,,,,,,,,,,,,,,,,,,,,,,,,,,,,,,/,,,,,,,,,,,,,,,,,,,,,,,,,,,,,,,,,,,,,,,,,,,,,,,,,,,,,,,,,,,,,,,,,,,,,,,,,,,,,,,,,,,,,,,,,,,,,,,,,,,,,,,,,,,,,881.6182,883.9335,1,2.3044,,,,,,TAFCstimuli02/numnym004.wav,,,,,,,,,,,,,,,,,,,,,,,,0,5,5,3,1,,,,,
,,,,,172561,001,2024-05-21_17h05.10.724,AXB:2AFC Experiments (16.05.2024),2024.1.3,Win32,60.24096386,,,,,,,,,,,,,,,,,,,,,,,,,,,,,,nym,,,,,,,,,,,,,,,,,,,,,,,,,,,,,,,,,,,,,,,,,,,,,,,,,,,,,,,,,,,,,,,,,,,,,,,,,,,,,,,,,,,,,,,,,,,,,,,,,,,,,,,,,,,,,883.9348,887.2661,2,3.321,,,,,,TAFCstimuli02/numnym006.wav,,,,,,,,,,,,,,,,,,,,,,,,0,6,6,5,1,,,,,
,,,,,172561,001,2024-05-21_17h05.10.724,AXB:2AFC Experiments (16.05.2024),2024.1.3,Win32,60.24096386,,,,,,,,,,,,,,,,,,,,,,,,,,,,,,/,,,,,,,,,,,,,,,,,,,,,,,,,,,,,,,,,,,,,,,,,,,,,,,,,,,,,,,,,,,,,,,,,,,,,,,,,,,,,,,,,,,,,,,,,,,,,,,,,,,,,,,,,,,,,887.2665,888.5663,2,1.2888,,,,,,TAFCstimuli02/numnym004.wav,,,,,,,,,,,,,,,,,,,,,,,,1,0,7,3,1,,,,,
,,,,,172561,001,2024-05-21_17h05.10.724,AXB:2AFC Experiments (16.05.2024),2024.1.3,Win32,60.24096386,,,,,,,,,,,,,,,,,,,,,,,,,,,,,,nym,,,,,,,,,,,,,,,,,,,,,,,,,,,,,,,,,,,,,,,,,,,,,,,,,,,,,,,,,,,,,,,,,,,,,,,,,,,,,,,,,,,,,,,,,,,,,,,,,,,,,,,,,,,,,888.5669,889.6672,2,1.0987,,,,,,TAFCstimuli02/numnym006.wav,,,,,,,,,,,,,,,,,,,,,,,,1,1,8,5,1,,,,,
,,,,,172561,001,2024-05-21_17h05.10.724,AXB:2AFC Experiments (16.05.2024),2024.1.3,Win32,60.24096386,,,,,,,,,,,,,,,,,,,,,,,,,,,,,,num,,,,,,,,,,,,,,,,,,,,,,,,,,,,,,,,,,,,,,,,,,,,,,,,,,,,,,,,,,,,,,,,,,,,,,,,,,,,,,,,,,,,,,,,,,,,,,,,,,,,,,,,,,,,,889.6678,891.6657,1,1.9866,,,,,,TAFCstimuli02/numnym001.wav,,,,,,,,,,,,,,,,,,,,,,,,1,2,9,0,1,,,,,
,,,,,172561,001,2024-05-21_17h05.10.724,AXB:2AFC Experiments (16.05.2024),2024.1.3,Win32,60.24096386,,,,,,,,,,,,,,,,,,,,,,,,,,,,,,nym,,,,,,,,,,,,,,,,,,,,,,,,,,,,,,,,,,,,,,,,,,,,,,,,,,,,,,,,,,,,,,,,,,,,,,,,,,,,,,,,,,,,,,,,,,,,,,,,,,,,,,,,,,,,,891.666,892.7824,1,1.1137,,,,,,TAFCstimuli02/numnym005.wav,,,,,,,,,,,,,,,,,,,,,,,,1,3,10,4,1,,,,,
,,,,,172561,001,2024-05-21_17h05.10.724,AXB:2AFC Experiments (16.05.2024),2024.1.3,Win32,60.24096386,,,,,,,,,,,,,,,,,,,,,,,,,,,,,,num,,,,,,,,,,,,,,,,,,,,,,,,,,,,,,,,,,,,,,,,,,,,,,,,,,,,,,,,,,,,,,,,,,,,,,,,,,,,,,,,,,,,,,,,,,,,,,,,,,,,,,,,,,,,,892.7832,895.1323,1,2.3434,,,,,,TAFCstimuli02/numnym002.wav,,,,,,,,,,,,,,,,,,,,,,,,1,4,11,1,1,,,,,
,,,,,172561,001,2024-05-21_17h05.10.724,AXB:2AFC Experiments (16.05.2024),2024.1.3,Win32,60.24096386,,,,,,,,,,,,,,,,,,,,,,,,,,,,,,nym,,,,,,,,,,,,,,,,,,,,,,,,,,,,,,,,,,,,,,,,,,,,,,,,,,,,,,,,,,,,,,,,,,,,,,,,,,,,,,,,,,,,,,,,,,,,,,,,,,,,,,,,,,,,,895.1327,897.3989,2,2.2647,,,,,,TAFCstimuli02/numnym007.wav,,,,,,,,,,,,,,,,,,,,,,,,1,5,12,6,1,,,,,
,,,,,172561,001,2024-05-21_17h05.10.724,AXB:2AFC Experiments (16.05.2024),2024.1.3,Win32,60.24096386,,,,,,,,,,,,,,,,,,,,,,,,,,,,,,num,,,,,,,,,,,,,,,,,,,,,,,,,,,,,,,,,,,,,,,,,,,,,,,,,,,,,,,,,,,,,,,,,,,,,,,,,,,,,,,,,,,,,,,,,,,,,,,,,,,,,,,,,,,,,897.3995,899.4653,1,2.0553,,,,,,TAFCstimuli02/numnym003.wav,,,,,,,,,,,,,,,,,,,,,,,,1,6,13,2,1,,,,,
,,,,,172561,001,2024-05-21_17h05.10.724,AXB:2AFC Experiments (16.05.2024),2024.1.3,Win32,60.24096386,,,,,,,,,,,,,,,,,,,,,,,,,,,,,,,,,,,,,,,,,,,,,,,,,,,,,,,,,,,,,,,,,,,,,,,,,,,,,,,,,,,,,,,,,,,,,,,,,,,,,,,,,,,,,,,,,,,,,,,,,,,,,,,,,,,,,,,,,,,,,,,,,,,,,,,,,,,,,,,,,,,,,,,,,,,,,,,,,899.4671,918.5645,space,19.0731,
