﻿start.started,start.stopped,startkey_resp.keys,startkey_resp.rt,startkey_resp.duration,participant,session,date,expName,psychopyVersion,OS,frameRate,attention.started,attention.stopped,key_resp.keys,key_resp.rt,key_resp.duration,stimuliAXBmix.started,stimuliAXBmix.stopped,stimuliAXBkey_resp.keys,stimuliAXBkey_resp.rt,stimuliAXBkey_resp.duration,stimuliAXBtesttrials.thisRepN,stimuliAXBtesttrials.thisTrialN,stimuliAXBtesttrials.thisN,stimuliAXBtesttrials.thisIndex,stimuliAXBtesttrials.ran,stimuliAXBmix,Correct,attentionsecond.started,attentionsecond.stopped,attentionsecondkey_resp.keys,attentionsecondkey_resp.rt,attentionsecondkey_resp.duration,instAXBreal.started,instAXBreal.stopped,instAXBrealkey_resp.keys,instAXBrealkey_resp.rt,instAXBrealkey_resp.duration,stimuliAXBmixfirst.thisRepN,stimuliAXBmixfirst.thisTrialN,stimuliAXBmixfirst.thisN,stimuliAXBmixfirst.thisIndex,stimuliAXBmixfirst.ran,attentionfirst.started,attentionfirst.stopped,attentionfirstkey_resp.keys,attentionfirstkey_resp.rt,attentionfirstkey_resp.duration,stimuliAXbmixsec.thisRepN,stimuliAXbmixsec.thisTrialN,stimuliAXbmixsec.thisN,stimuliAXbmixsec.thisIndex,stimuliAXbmixsec.ran,kaffeepause.started,kaffeepause.stopped,kaffeepausekey_resp.keys,kaffeepausekey_resp.rt,kaffeepausekey_resp.duration,instTAFCtest.started,instTAFCtest.stopped,instTAFCtestkey_resp.keys,instTAFCtestkey_resp.rt,instTAFCtestkey_resp.duration,testTAFCmixfirst.started,testTAFCmixfirst.stopped,testTAFCmixfirstkey_resp.keys,testTAFCmixfirstkey_resp.rt,testTAFCmixfirstkey_resp.duration,testTAFCmixfirsttrials.thisRepN,testTAFCmixfirsttrials.thisTrialN,testTAFCmixfirsttrials.thisN,testTAFCmixfirsttrials.thisIndex,testTAFCmixfirsttrials.ran,testTAFCmixfirst,testTAFCmixsec.started,testTAFCmixsec.stopped,testTAFCmixseckey_resp.keys,testTAFCmixseckey_resp.rt,testTAFCmixseckey_resp.duration,testTAFCmixsectrials.thisRepN,testTAFCmixsectrials.thisTrialN,testTAFCmixsectrials.thisN,testTAFCmixsectrials.thisIndex,testTAFCmixsectrials.ran,testTAFCmixsec,instTAFCreal.started,instTAFCreal.stopped,instTAFCrealkey_resp.keys,instTAFCrealkey_resp.rt,instTAFCrealkey_resp.duration,stimuliTAFCfirst.started,stimuliTAFCfirst.stopped,stimuliTAFCfirstkey_resp.keys,stimuliTAFCfirstkey_resp.rt,stimuliTAFCfirstkey_resp.duration,stimuliTAFCfirsttrials.thisRepN,stimuliTAFCfirsttrials.thisTrialN,stimuliTAFCfirsttrials.thisN,stimuliTAFCfirsttrials.thisIndex,stimuliTAFCfirsttrials.ran,stimuliTAFCfirst,stimuliTAFCsec.started,stimuliTAFCsec.stopped,stimuliTAFCseckey_resp.keys,stimuliTAFCseckey_resp.rt,stimuliTAFCseckey_resp.duration,stimuliTAFCsectrials.thisRepN,stimuliTAFCsectrials.thisTrialN,stimuliTAFCsectrials.thisN,stimuliTAFCsectrials.thisIndex,stimuliTAFCsectrials.ran,stimuliTAFCsec,end.started,end.stopped
0.0007,4.0805,space,4.058,,235829,001,2024-06-06_13h49.03.339,mathesisv2,2024.1.3,Win32,60.24096386,,,,,,,,,,,,,,,,,,,,,,,,,,,,,,,,,,,,,,,,,,,,,,,,,,,,,,,,,,,,,,,,,,,,,,,,,,,,,,,,,,,,,,,,,,,,,,,,,,,,,,,
,,,,,235829,001,2024-06-06_13h49.03.339,mathesisv2,2024.1.3,Win32,60.24096386,4.0808,5.8523,space,1.7452,,,,,,,,,,,,,,,,,,,,,,,,,,,,,,,,,,,,,,,,,,,,,,,,,,,,,,,,,,,,,,,,,,,,,,,,,,,,,,,,,,,,,,,,,,,,,,,,,,,
,,,,,235829,001,2024-06-06_13h49.03.339,mathesisv2,2024.1.3,Win32,60.24096386,,,,,,5.8812,9.5105,l,3.6104,,0,0,0,3,1,stimuliAXBmix/yyustimulus.wav,l,,,,,,,,,,,,,,,,,,,,,,,,,,,,,,,,,,,,,,,,,,,,,,,,,,,,,,,,,,,,,,,,,,,,,,,,,,,,,,,,,,,,,,
,,,,,235829,001,2024-06-06_13h49.03.339,mathesisv2,2024.1.3,Win32,60.24096386,,,,,,9.5249,14.975,f,5.4362,,0,1,1,2,1,stimuliAXBmix/yuustimulus.wav,f,,,,,,,,,,,,,,,,,,,,,,,,,,,,,,,,,,,,,,,,,,,,,,,,,,,,,,,,,,,,,,,,,,,,,,,,,,,,,,,,,,,,,,
,,,,,235829,001,2024-06-06_13h49.03.339,mathesisv2,2024.1.3,Win32,60.24096386,,,,,,14.989,18.974,l,3.9717,,0,2,2,0,1,stimuliAXBmix/iiystimulus.wav,l,,,,,,,,,,,,,,,,,,,,,,,,,,,,,,,,,,,,,,,,,,,,,,,,,,,,,,,,,,,,,,,,,,,,,,,,,,,,,,,,,,,,,,
,,,,,235829,001,2024-06-06_13h49.03.339,mathesisv2,2024.1.3,Win32,60.24096386,,,,,,18.9878,23.9061,f,4.9111,,0,3,3,1,1,stimuliAXBmix/iyystimulus.wav,f,,,,,,,,,,,,,,,,,,,,,,,,,,,,,,,,,,,,,,,,,,,,,,,,,,,,,,,,,,,,,,,,,,,,,,,,,,,,,,,,,,,,,,
,,,,,235829,001,2024-06-06_13h49.03.339,mathesisv2,2024.1.3,Win32,60.24096386,,,,,,,,,,,,,,,,,,23.9208,27.4894,space,3.5447,,,,,,,,,,,,,,,,,,,,,,,,,,,,,,,,,,,,,,,,,,,,,,,,,,,,,,,,,,,,,,,,,,,,,,,,,,,,,,,,,,
,,,,,235829,001,2024-06-06_13h49.03.339,mathesisv2,2024.1.3,Win32,60.24096386,,,,,,,,,,,,,,,,,,,,,,,27.4895,48.5182,space,21.0005,,,,,,,,,,,,,,,,,,,,,,,,,,,,,,,,,,,,,,,,,,,,,,,,,,,,,,,,,,,,,,,,,,,,,,,,,,,,,
,,,,,235829,001,2024-06-06_13h49.03.339,mathesisv2,2024.1.3,Win32,60.24096386,,,,,,48.5467,51.766,l,3.2106,,,,,,,stimuliAXBmix/iiystimulus.wav,l,,,,,,,,,,,0,0,0,0,1,,,,,,,,,,,,,,,,,,,,,,,,,,,,,,,,,,,,,,,,,,,,,,,,,,,,,,,,,,,,,,,,,,,,,,,
,,,,,235829,001,2024-06-06_13h49.03.339,mathesisv2,2024.1.3,Win32,60.24096386,,,,,,51.767,55.4485,l,3.6719,,,,,,,stimuliAXBmix/yyustimulus.wav,l,,,,,,,,,,,0,1,1,3,1,,,,,,,,,,,,,,,,,,,,,,,,,,,,,,,,,,,,,,,,,,,,,,,,,,,,,,,,,,,,,,,,,,,,,,,
,,,,,235829,001,2024-06-06_13h49.03.339,mathesisv2,2024.1.3,Win32,60.24096386,,,,,,55.4627,59.2143,f,3.7438,,,,,,,stimuliAXBmix/yuustimulus.wav,f,,,,,,,,,,,0,2,2,2,1,,,,,,,,,,,,,,,,,,,,,,,,,,,,,,,,,,,,,,,,,,,,,,,,,,,,,,,,,,,,,,,,,,,,,,,
,,,,,235829,001,2024-06-06_13h49.03.339,mathesisv2,2024.1.3,Win32,60.24096386,,,,,,59.2286,62.6134,f,3.3759,,,,,,,stimuliAXBmix/iyystimulus.wav,f,,,,,,,,,,,0,3,3,1,1,,,,,,,,,,,,,,,,,,,,,,,,,,,,,,,,,,,,,,,,,,,,,,,,,,,,,,,,,,,,,,,,,,,,,,,
,,,,,235829,001,2024-06-06_13h49.03.339,mathesisv2,2024.1.3,Win32,60.24096386,,,,,,62.6274,66.2126,f,3.5724,,,,,,,stimuliAXBmix/yuustimulus.wav,f,,,,,,,,,,,1,0,4,2,1,,,,,,,,,,,,,,,,,,,,,,,,,,,,,,,,,,,,,,,,,,,,,,,,,,,,,,,,,,,,,,,,,,,,,,,
,,,,,235829,001,2024-06-06_13h49.03.339,mathesisv2,2024.1.3,Win32,60.24096386,,,,,,66.2134,70.6781,f,4.4465,,,,,,,stimuliAXBmix/iyystimulus.wav,f,,,,,,,,,,,1,1,5,1,1,,,,,,,,,,,,,,,,,,,,,,,,,,,,,,,,,,,,,,,,,,,,,,,,,,,,,,,,,,,,,,,,,,,,,,,
,,,,,235829,001,2024-06-06_13h49.03.339,mathesisv2,2024.1.3,Win32,60.24096386,,,,,,70.6919,73.7939,l,3.0925,,,,,,,stimuliAXBmix/yyustimulus.wav,l,,,,,,,,,,,1,2,6,3,1,,,,,,,,,,,,,,,,,,,,,,,,,,,,,,,,,,,,,,,,,,,,,,,,,,,,,,,,,,,,,,,,,,,,,,,
,,,,,235829,001,2024-06-06_13h49.03.339,mathesisv2,2024.1.3,Win32,60.24096386,,,,,,73.7946,77.0098,l,3.1994,,,,,,,stimuliAXBmix/iiystimulus.wav,l,,,,,,,,,,,1,3,7,0,1,,,,,,,,,,,,,,,,,,,,,,,,,,,,,,,,,,,,,,,,,,,,,,,,,,,,,,,,,,,,,,,,,,,,,,,
,,,,,235829,001,2024-06-06_13h49.03.339,mathesisv2,2024.1.3,Win32,60.24096386,,,,,,77.0234,80.6089,f,3.5775,,,,,,,stimuliAXBmix/yuustimulus.wav,f,,,,,,,,,,,2,0,8,2,1,,,,,,,,,,,,,,,,,,,,,,,,,,,,,,,,,,,,,,,,,,,,,,,,,,,,,,,,,,,,,,,,,,,,,,,
,,,,,235829,001,2024-06-06_13h49.03.339,mathesisv2,2024.1.3,Win32,60.24096386,,,,,,80.6228,83.8084,l,3.1721,,,,,,,stimuliAXBmix/iiystimulus.wav,l,,,,,,,,,,,2,1,9,0,1,,,,,,,,,,,,,,,,,,,,,,,,,,,,,,,,,,,,,,,,,,,,,,,,,,,,,,,,,,,,,,,,,,,,,,,
,,,,,235829,001,2024-06-06_13h49.03.339,mathesisv2,2024.1.3,Win32,60.24096386,,,,,,83.8092,87.024,f,3.1995,,,,,,,stimuliAXBmix/iyystimulus.wav,f,,,,,,,,,,,2,2,10,1,1,,,,,,,,,,,,,,,,,,,,,,,,,,,,,,,,,,,,,,,,,,,,,,,,,,,,,,,,,,,,,,,,,,,,,,,
,,,,,235829,001,2024-06-06_13h49.03.339,mathesisv2,2024.1.3,Win32,60.24096386,,,,,,87.0379,90.0233,l,2.969,,,,,,,stimuliAXBmix/yyustimulus.wav,l,,,,,,,,,,,2,3,11,3,1,,,,,,,,,,,,,,,,,,,,,,,,,,,,,,,,,,,,,,,,,,,,,,,,,,,,,,,,,,,,,,,,,,,,,,,
,,,,,235829,001,2024-06-06_13h49.03.339,mathesisv2,2024.1.3,Win32,60.24096386,,,,,,92.6718,96.8715,l,4.1835,,,,,,,stimuliAXBmix/iiystimulus.wav,l,,,,,,,,,,,,,,,,90.0244,92.6568,return,2.6098,,0,0,0,0,1,,,,,,,,,,,,,,,,,,,,,,,,,,,,,,,,,,,,,,,,,,,,,,,,,,,,,,,,,,,,,
,,,,,235829,001,2024-06-06_13h49.03.339,mathesisv2,2024.1.3,Win32,60.24096386,,,,,,96.8859,100.904,l,4.0119,,,,,,,stimuliAXBmix/yyustimulus.wav,l,,,,,,,,,,,,,,,,,,,,,0,1,1,3,1,,,,,,,,,,,,,,,,,,,,,,,,,,,,,,,,,,,,,,,,,,,,,,,,,,,,,,,,,,,,,
,,,,,235829,001,2024-06-06_13h49.03.339,mathesisv2,2024.1.3,Win32,60.24096386,,,,,,100.9183,104.0202,f,3.0956,,,,,,,stimuliAXBmix/iyystimulus.wav,f,,,,,,,,,,,,,,,,,,,,,0,2,2,1,1,,,,,,,,,,,,,,,,,,,,,,,,,,,,,,,,,,,,,,,,,,,,,,,,,,,,,,,,,,,,,
,,,,,235829,001,2024-06-06_13h49.03.339,mathesisv2,2024.1.3,Win32,60.24096386,,,,,,104.021,107.203,f,3.174,,,,,,,stimuliAXBmix/yuustimulus.wav,f,,,,,,,,,,,,,,,,,,,,,0,3,3,2,1,,,,,,,,,,,,,,,,,,,,,,,,,,,,,,,,,,,,,,,,,,,,,,,,,,,,,,,,,,,,,
,,,,,235829,001,2024-06-06_13h49.03.339,mathesisv2,2024.1.3,Win32,60.24096386,,,,,,107.2172,110.385,f,3.1605,,,,,,,stimuliAXBmix/yuustimulus.wav,f,,,,,,,,,,,,,,,,,,,,,1,0,4,2,1,,,,,,,,,,,,,,,,,,,,,,,,,,,,,,,,,,,,,,,,,,,,,,,,,,,,,,,,,,,,,
,,,,,235829,001,2024-06-06_13h49.03.339,mathesisv2,2024.1.3,Win32,60.24096386,,,,,,110.3856,113.9675,f,3.5657,,,,,,,stimuliAXBmix/iyystimulus.wav,f,,,,,,,,,,,,,,,,,,,,,1,1,5,1,1,,,,,,,,,,,,,,,,,,,,,,,,,,,,,,,,,,,,,,,,,,,,,,,,,,,,,,,,,,,,,
,,,,,235829,001,2024-06-06_13h49.03.339,mathesisv2,2024.1.3,Win32,60.24096386,,,,,,113.9818,117.0001,l,3.0055,,,,,,,stimuliAXBmix/yyustimulus.wav,l,,,,,,,,,,,,,,,,,,,,,1,2,6,3,1,,,,,,,,,,,,,,,,,,,,,,,,,,,,,,,,,,,,,,,,,,,,,,,,,,,,,,,,,,,,,
,,,,,235829,001,2024-06-06_13h49.03.339,mathesisv2,2024.1.3,Win32,60.24096386,,,,,,117.0156,120.0326,l,3.0068,,,,,,,stimuliAXBmix/iiystimulus.wav,l,,,,,,,,,,,,,,,,,,,,,1,3,7,0,1,,,,,,,,,,,,,,,,,,,,,,,,,,,,,,,,,,,,,,,,,,,,,,,,,,,,,,,,,,,,,
,,,,,235829,001,2024-06-06_13h49.03.339,mathesisv2,2024.1.3,Win32,60.24096386,,,,,,141.3147,144.3767,f,3.0552,,,,,,,stimuliAXBmix/iyystimulus.wav,f,,,,,,,,,,,0,0,0,1,1,,,,,,,,,,,120.0341,141.2952,space,21.2354,,,,,,,,,,,,,,,,,,,,,,,,,,,,,,,,,,,,,,,,,,,,,,,,,,,,,,,,,
,,,,,235829,001,2024-06-06_13h49.03.339,mathesisv2,2024.1.3,Win32,60.24096386,,,,,,144.3774,147.2927,l,2.8971,,,,,,,stimuliAXBmix/yyustimulus.wav,l,,,,,,,,,,,0,1,1,3,1,,,,,,,,,,,,,,,,,,,,,,,,,,,,,,,,,,,,,,,,,,,,,,,,,,,,,,,,,,,,,,,,,,,,,,,
,,,,,235829,001,2024-06-06_13h49.03.339,mathesisv2,2024.1.3,Win32,60.24096386,,,,,,147.2932,151.2418,l,3.9367,,,,,,,stimuliAXBmix/iiystimulus.wav,l,,,,,,,,,,,0,2,2,0,1,,,,,,,,,,,,,,,,,,,,,,,,,,,,,,,,,,,,,,,,,,,,,,,,,,,,,,,,,,,,,,,,,,,,,,,
,,,,,235829,001,2024-06-06_13h49.03.339,mathesisv2,2024.1.3,Win32,60.24096386,,,,,,151.256,154.1243,f,2.8539,,,,,,,stimuliAXBmix/yuustimulus.wav,f,,,,,,,,,,,0,3,3,2,1,,,,,,,,,,,,,,,,,,,,,,,,,,,,,,,,,,,,,,,,,,,,,,,,,,,,,,,,,,,,,,,,,,,,,,,
,,,,,235829,001,2024-06-06_13h49.03.339,mathesisv2,2024.1.3,Win32,60.24096386,,,,,,154.1381,157.1404,f,2.9902,,,,,,,stimuliAXBmix/yuustimulus.wav,f,,,,,,,,,,,1,0,4,2,1,,,,,,,,,,,,,,,,,,,,,,,,,,,,,,,,,,,,,,,,,,,,,,,,,,,,,,,,,,,,,,,,,,,,,,,
,,,,,235829,001,2024-06-06_13h49.03.339,mathesisv2,2024.1.3,Win32,60.24096386,,,,,,157.1411,160.6561,f,3.4994,,,,,,,stimuliAXBmix/yyustimulus.wav,l,,,,,,,,,,,1,1,5,3,1,,,,,,,,,,,,,,,,,,,,,,,,,,,,,,,,,,,,,,,,,,,,,,,,,,,,,,,,,,,,,,,,,,,,,,,
,,,,,235829,001,2024-06-06_13h49.03.339,mathesisv2,2024.1.3,Win32,60.24096386,,,,,,160.6704,164.6051,f,3.9215,,,,,,,stimuliAXBmix/iyystimulus.wav,f,,,,,,,,,,,1,2,6,1,1,,,,,,,,,,,,,,,,,,,,,,,,,,,,,,,,,,,,,,,,,,,,,,,,,,,,,,,,,,,,,,,,,,,,,,,
,,,,,235829,001,2024-06-06_13h49.03.339,mathesisv2,2024.1.3,Win32,60.24096386,,,,,,164.6193,170.4372,f,5.8024,,,,,,,stimuliAXBmix/iiystimulus.wav,l,,,,,,,,,,,1,3,7,0,1,,,,,,,,,,,,,,,,,,,,,,,,,,,,,,,,,,,,,,,,,,,,,,,,,,,,,,,,,,,,,,,,,,,,,,,
,,,,,235829,001,2024-06-06_13h49.03.339,mathesisv2,2024.1.3,Win32,60.24096386,,,,,,170.4511,173.6529,f,3.1891,,,,,,,stimuliAXBmix/iyystimulus.wav,f,,,,,,,,,,,2,0,8,1,1,,,,,,,,,,,,,,,,,,,,,,,,,,,,,,,,,,,,,,,,,,,,,,,,,,,,,,,,,,,,,,,,,,,,,,,
,,,,,235829,001,2024-06-06_13h49.03.339,mathesisv2,2024.1.3,Win32,60.24096386,,,,,,173.6667,176.9521,l,3.2726,,,,,,,stimuliAXBmix/yyustimulus.wav,l,,,,,,,,,,,2,1,9,3,1,,,,,,,,,,,,,,,,,,,,,,,,,,,,,,,,,,,,,,,,,,,,,,,,,,,,,,,,,,,,,,,,,,,,,,,
,,,,,235829,001,2024-06-06_13h49.03.339,mathesisv2,2024.1.3,Win32,60.24096386,,,,,,176.9526,181.7009,f,4.7373,,,,,,,stimuliAXBmix/iiystimulus.wav,l,,,,,,,,,,,2,2,10,0,1,,,,,,,,,,,,,,,,,,,,,,,,,,,,,,,,,,,,,,,,,,,,,,,,,,,,,,,,,,,,,,,,,,,,,,,
,,,,,235829,001,2024-06-06_13h49.03.339,mathesisv2,2024.1.3,Win32,60.24096386,,,,,,181.7154,184.9335,f,3.2106,,,,,,,stimuliAXBmix/yuustimulus.wav,f,,,,,,,,,,,2,3,11,2,1,,,,,,,,,,,,,,,,,,,,,,,,,,,,,,,,,,,,,,,,,,,,,,,,,,,,,,,,,,,,,,,,,,,,,,,
,,,,,235829,001,2024-06-06_13h49.03.339,mathesisv2,2024.1.3,Win32,60.24096386,,,,,,186.914,190.3492,f,3.4233,,,,,,,stimuliAXBmix/yuustimulus.wav,f,,,,,,,,,,,,,,,,184.9337,186.8995,return,1.9473,,0,0,0,2,1,,,,,,,,,,,,,,,,,,,,,,,,,,,,,,,,,,,,,,,,,,,,,,,,,,,,,,,,,,,,,
,,,,,235829,001,2024-06-06_13h49.03.339,mathesisv2,2024.1.3,Win32,60.24096386,,,,,,190.364,194.6645,l,4.2842,,,,,,,stimuliAXBmix/yyustimulus.wav,l,,,,,,,,,,,,,,,,,,,,,0,1,1,3,1,,,,,,,,,,,,,,,,,,,,,,,,,,,,,,,,,,,,,,,,,,,,,,,,,,,,,,,,,,,,,
,,,,,235829,001,2024-06-06_13h49.03.339,mathesisv2,2024.1.3,Win32,60.24096386,,,,,,194.6788,198.6635,f,3.9687,,,,,,,stimuliAXBmix/iyystimulus.wav,f,,,,,,,,,,,,,,,,,,,,,0,2,2,1,1,,,,,,,,,,,,,,,,,,,,,,,,,,,,,,,,,,,,,,,,,,,,,,,,,,,,,,,,,,,,,
,,,,,235829,001,2024-06-06_13h49.03.339,mathesisv2,2024.1.3,Win32,60.24096386,,,,,,198.6774,201.6135,l,2.9302,,,,,,,stimuliAXBmix/iiystimulus.wav,l,,,,,,,,,,,,,,,,,,,,,0,3,3,0,1,,,,,,,,,,,,,,,,,,,,,,,,,,,,,,,,,,,,,,,,,,,,,,,,,,,,,,,,,,,,,
,,,,,235829,001,2024-06-06_13h49.03.339,mathesisv2,2024.1.3,Win32,60.24096386,,,,,,201.6272,204.6953,l,3.0567,,,,,,,stimuliAXBmix/yyustimulus.wav,l,,,,,,,,,,,,,,,,,,,,,1,0,4,3,1,,,,,,,,,,,,,,,,,,,,,,,,,,,,,,,,,,,,,,,,,,,,,,,,,,,,,,,,,,,,,
,,,,,235829,001,2024-06-06_13h49.03.339,mathesisv2,2024.1.3,Win32,60.24096386,,,,,,204.6959,207.5779,f,2.8669,,,,,,,stimuliAXBmix/iyystimulus.wav,f,,,,,,,,,,,,,,,,,,,,,1,1,5,1,1,,,,,,,,,,,,,,,,,,,,,,,,,,,,,,,,,,,,,,,,,,,,,,,,,,,,,,,,,,,,,
,,,,,235829,001,2024-06-06_13h49.03.339,mathesisv2,2024.1.3,Win32,60.24096386,,,,,,207.5921,210.6939,l,3.0904,,,,,,,stimuliAXBmix/iiystimulus.wav,l,,,,,,,,,,,,,,,,,,,,,1,2,6,0,1,,,,,,,,,,,,,,,,,,,,,,,,,,,,,,,,,,,,,,,,,,,,,,,,,,,,,,,,,,,,,
,,,,,235829,001,2024-06-06_13h49.03.339,mathesisv2,2024.1.3,Win32,60.24096386,,,,,,210.6945,213.5764,f,2.8734,,,,,,,stimuliAXBmix/yuustimulus.wav,f,,,,,,,,,,,,,,,,,,,,,1,3,7,2,1,,,,,,,,,,,,,,,,,,,,,,,,,,,,,,,,,,,,,,,,,,,,,,,,,,,,,,,,,,,,,
,,,,,235829,001,2024-06-06_13h49.03.339,mathesisv2,2024.1.3,Win32,60.24096386,,,,,,221.0775,225.0737,l,3.9836,,,,,,,stimuliAXBmix/yyustimulus.wav,l,,,,,,,,,,,0,0,0,3,1,,,,,,,,,,,213.5766,221.0583,space,7.4622,,,,,,,,,,,,,,,,,,,,,,,,,,,,,,,,,,,,,,,,,,,,,,,,,,,,,,,,,
,,,,,235829,001,2024-06-06_13h49.03.339,mathesisv2,2024.1.3,Win32,60.24096386,,,,,,225.0743,228.2562,l,3.1636,,,,,,,stimuliAXBmix/iiystimulus.wav,l,,,,,,,,,,,0,1,1,0,1,,,,,,,,,,,,,,,,,,,,,,,,,,,,,,,,,,,,,,,,,,,,,,,,,,,,,,,,,,,,,,,,,,,,,,,
,,,,,235829,001,2024-06-06_13h49.03.339,mathesisv2,2024.1.3,Win32,60.24096386,,,,,,228.2706,232.4886,f,4.2034,,,,,,,stimuliAXBmix/iyystimulus.wav,f,,,,,,,,,,,0,2,2,1,1,,,,,,,,,,,,,,,,,,,,,,,,,,,,,,,,,,,,,,,,,,,,,,,,,,,,,,,,,,,,,,,,,,,,,,,
,,,,,235829,001,2024-06-06_13h49.03.339,mathesisv2,2024.1.3,Win32,60.24096386,,,,,,232.5024,235.5877,f,3.0692,,,,,,,stimuliAXBmix/yuustimulus.wav,f,,,,,,,,,,,0,3,3,2,1,,,,,,,,,,,,,,,,,,,,,,,,,,,,,,,,,,,,,,,,,,,,,,,,,,,,,,,,,,,,,,,,,,,,,,,
,,,,,235829,001,2024-06-06_13h49.03.339,mathesisv2,2024.1.3,Win32,60.24096386,,,,,,235.6018,238.6045,l,2.9932,,,,,,,stimuliAXBmix/iiystimulus.wav,l,,,,,,,,,,,1,0,4,0,1,,,,,,,,,,,,,,,,,,,,,,,,,,,,,,,,,,,,,,,,,,,,,,,,,,,,,,,,,,,,,,,,,,,,,,,
,,,,,235829,001,2024-06-06_13h49.03.339,mathesisv2,2024.1.3,Win32,60.24096386,,,,,,238.605,241.853,l,3.2389,,,,,,,stimuliAXBmix/yyustimulus.wav,l,,,,,,,,,,,1,1,5,3,1,,,,,,,,,,,,,,,,,,,,,,,,,,,,,,,,,,,,,,,,,,,,,,,,,,,,,,,,,,,,,,,,,,,,,,,
,,,,,235829,001,2024-06-06_13h49.03.339,mathesisv2,2024.1.3,Win32,60.24096386,,,,,,241.8666,244.6689,f,2.7873,,,,,,,stimuliAXBmix/iyystimulus.wav,f,,,,,,,,,,,1,2,6,1,1,,,,,,,,,,,,,,,,,,,,,,,,,,,,,,,,,,,,,,,,,,,,,,,,,,,,,,,,,,,,,,,,,,,,,,,
,,,,,235829,001,2024-06-06_13h49.03.339,mathesisv2,2024.1.3,Win32,60.24096386,,,,,,244.6696,247.4849,f,2.7968,,,,,,,stimuliAXBmix/yuustimulus.wav,f,,,,,,,,,,,1,3,7,2,1,,,,,,,,,,,,,,,,,,,,,,,,,,,,,,,,,,,,,,,,,,,,,,,,,,,,,,,,,,,,,,,,,,,,,,,
,,,,,235829,001,2024-06-06_13h49.03.339,mathesisv2,2024.1.3,Win32,60.24096386,,,,,,247.4988,250.4674,l,2.957,,,,,,,stimuliAXBmix/yyustimulus.wav,l,,,,,,,,,,,2,0,8,3,1,,,,,,,,,,,,,,,,,,,,,,,,,,,,,,,,,,,,,,,,,,,,,,,,,,,,,,,,,,,,,,,,,,,,,,,
,,,,,235829,001,2024-06-06_13h49.03.339,mathesisv2,2024.1.3,Win32,60.24096386,,,,,,250.468,253.3003,f,2.816,,,,,,,stimuliAXBmix/iyystimulus.wav,f,,,,,,,,,,,2,1,9,1,1,,,,,,,,,,,,,,,,,,,,,,,,,,,,,,,,,,,,,,,,,,,,,,,,,,,,,,,,,,,,,,,,,,,,,,,
,,,,,235829,001,2024-06-06_13h49.03.339,mathesisv2,2024.1.3,Win32,60.24096386,,,,,,253.314,256.0494,f,2.7244,,,,,,,stimuliAXBmix/yuustimulus.wav,f,,,,,,,,,,,2,2,10,2,1,,,,,,,,,,,,,,,,,,,,,,,,,,,,,,,,,,,,,,,,,,,,,,,,,,,,,,,,,,,,,,,,,,,,,,,
,,,,,235829,001,2024-06-06_13h49.03.339,mathesisv2,2024.1.3,Win32,60.24096386,,,,,,256.0501,259.3653,l,3.2972,,,,,,,stimuliAXBmix/iiystimulus.wav,l,,,,,,,,,,,2,3,11,0,1,,,,,,,,,,,,,,,,,,,,,,,,,,,,,,,,,,,,,,,,,,,,,,,,,,,,,,,,,,,,,,,,,,,,,,,
,,,,,235829,001,2024-06-06_13h49.03.339,mathesisv2,2024.1.3,Win32,60.24096386,,,,,,261.5289,264.2974,f,2.7604,,,,,,,stimuliAXBmix/yuustimulus.wav,f,,,,,,,,,,,,,,,,259.3656,261.515,return,2.1308,,0,0,0,2,1,,,,,,,,,,,,,,,,,,,,,,,,,,,,,,,,,,,,,,,,,,,,,,,,,,,,,,,,,,,,,
,,,,,235829,001,2024-06-06_13h49.03.339,mathesisv2,2024.1.3,Win32,60.24096386,,,,,,264.2981,267.6966,l,3.3832,,,,,,,stimuliAXBmix/yyustimulus.wav,l,,,,,,,,,,,,,,,,,,,,,0,1,1,3,1,,,,,,,,,,,,,,,,,,,,,,,,,,,,,,,,,,,,,,,,,,,,,,,,,,,,,,,,,,,,,
,,,,,235829,001,2024-06-06_13h49.03.339,mathesisv2,2024.1.3,Win32,60.24096386,,,,,,267.7111,270.5959,f,2.8788,,,,,,,stimuliAXBmix/iyystimulus.wav,f,,,,,,,,,,,,,,,,,,,,,0,2,2,1,1,,,,,,,,,,,,,,,,,,,,,,,,,,,,,,,,,,,,,,,,,,,,,,,,,,,,,,,,,,,,,
,,,,,235829,001,2024-06-06_13h49.03.339,mathesisv2,2024.1.3,Win32,60.24096386,,,,,,270.5966,273.929,l,3.3245,,,,,,,stimuliAXBmix/iiystimulus.wav,l,,,,,,,,,,,,,,,,,,,,,0,3,3,0,1,,,,,,,,,,,,,,,,,,,,,,,,,,,,,,,,,,,,,,,,,,,,,,,,,,,,,,,,,,,,,
,,,,,235829,001,2024-06-06_13h49.03.339,mathesisv2,2024.1.3,Win32,60.24096386,,,,,,273.9428,277.9441,l,3.9881,,,,,,,stimuliAXBmix/yyustimulus.wav,l,,,,,,,,,,,,,,,,,,,,,1,0,4,3,1,,,,,,,,,,,,,,,,,,,,,,,,,,,,,,,,,,,,,,,,,,,,,,,,,,,,,,,,,,,,,
,,,,,235829,001,2024-06-06_13h49.03.339,mathesisv2,2024.1.3,Win32,60.24096386,,,,,,277.9581,280.8435,f,2.8698,,,,,,,stimuliAXBmix/yuustimulus.wav,f,,,,,,,,,,,,,,,,,,,,,1,1,5,2,1,,,,,,,,,,,,,,,,,,,,,,,,,,,,,,,,,,,,,,,,,,,,,,,,,,,,,,,,,,,,,
,,,,,235829,001,2024-06-06_13h49.03.339,mathesisv2,2024.1.3,Win32,60.24096386,,,,,,280.844,284.7089,f,3.8546,,,,,,,stimuliAXBmix/iyystimulus.wav,f,,,,,,,,,,,,,,,,,,,,,1,2,6,1,1,,,,,,,,,,,,,,,,,,,,,,,,,,,,,,,,,,,,,,,,,,,,,,,,,,,,,,,,,,,,,
,,,,,235829,001,2024-06-06_13h49.03.339,mathesisv2,2024.1.3,Win32,60.24096386,,,,,,284.7227,287.7916,l,3.0615,,,,,,,stimuliAXBmix/iiystimulus.wav,l,,,,,,,,,,,,,,,,,,,,,1,3,7,0,1,,,,,,,,,,,,,,,,,,,,,,,,,,,,,,,,,,,,,,,,,,,,,,,,,,,,,,,,,,,,,
,,,,,235829,001,2024-06-06_13h49.03.339,mathesisv2,2024.1.3,Win32,60.24096386,,,,,,302.5404,305.495,f,2.9486,,,,,,,stimuliAXBmix/iyystimulus.wav,f,,,,,,,,,,,0,0,0,1,1,,,,,,,,,,,287.7918,302.5219,space,14.7142,,,,,,,,,,,,,,,,,,,,,,,,,,,,,,,,,,,,,,,,,,,,,,,,,,,,,,,,,
,,,,,235829,001,2024-06-06_13h49.03.339,mathesisv2,2024.1.3,Win32,60.24096386,,,,,,305.4956,308.2615,f,2.7501,,,,,,,stimuliAXBmix/yuustimulus.wav,f,,,,,,,,,,,0,1,1,2,1,,,,,,,,,,,,,,,,,,,,,,,,,,,,,,,,,,,,,,,,,,,,,,,,,,,,,,,,,,,,,,,,,,,,,,,
,,,,,235829,001,2024-06-06_13h49.03.339,mathesisv2,2024.1.3,Win32,60.24096386,,,,,,308.262,311.0694,l,2.791,,,,,,,stimuliAXBmix/iiystimulus.wav,l,,,,,,,,,,,0,2,2,0,1,,,,,,,,,,,,,,,,,,,,,,,,,,,,,,,,,,,,,,,,,,,,,,,,,,,,,,,,,,,,,,,,,,,,,,,
,,,,,235829,001,2024-06-06_13h49.03.339,mathesisv2,2024.1.3,Win32,60.24096386,,,,,,311.0835,313.9854,l,2.8837,,,,,,,stimuliAXBmix/yyustimulus.wav,l,,,,,,,,,,,0,3,3,3,1,,,,,,,,,,,,,,,,,,,,,,,,,,,,,,,,,,,,,,,,,,,,,,,,,,,,,,,,,,,,,,,,,,,,,,,
,,,,,235829,001,2024-06-06_13h49.03.339,mathesisv2,2024.1.3,Win32,60.24096386,,,,,,313.9859,316.8225,f,2.8136,,,,,,,stimuliAXBmix/iyystimulus.wav,f,,,,,,,,,,,1,0,4,1,1,,,,,,,,,,,,,,,,,,,,,,,,,,,,,,,,,,,,,,,,,,,,,,,,,,,,,,,,,,,,,,,,,,,,,,,
,,,,,235829,001,2024-06-06_13h49.03.339,mathesisv2,2024.1.3,Win32,60.24096386,,,,,,316.8371,319.8008,f,2.9487,,,,,,,stimuliAXBmix/yuustimulus.wav,f,,,,,,,,,,,1,1,5,2,1,,,,,,,,,,,,,,,,,,,,,,,,,,,,,,,,,,,,,,,,,,,,,,,,,,,,,,,,,,,,,,,,,,,,,,,
,,,,,235829,001,2024-06-06_13h49.03.339,mathesisv2,2024.1.3,Win32,60.24096386,,,,,,319.8017,322.8331,l,3.0053,,,,,,,stimuliAXBmix/yyustimulus.wav,l,,,,,,,,,,,1,2,6,3,1,,,,,,,,,,,,,,,,,,,,,,,,,,,,,,,,,,,,,,,,,,,,,,,,,,,,,,,,,,,,,,,,,,,,,,,
,,,,,235829,001,2024-06-06_13h49.03.339,mathesisv2,2024.1.3,Win32,60.24096386,,,,,,322.8474,325.87,l,3.0133,,,,,,,stimuliAXBmix/iiystimulus.wav,l,,,,,,,,,,,1,3,7,0,1,,,,,,,,,,,,,,,,,,,,,,,,,,,,,,,,,,,,,,,,,,,,,,,,,,,,,,,,,,,,,,,,,,,,,,,
,,,,,235829,001,2024-06-06_13h49.03.339,mathesisv2,2024.1.3,Win32,60.24096386,,,,,,325.8707,331.3313,l,5.434,,,,,,,stimuliAXBmix/iiystimulus.wav,l,,,,,,,,,,,2,0,8,0,1,,,,,,,,,,,,,,,,,,,,,,,,,,,,,,,,,,,,,,,,,,,,,,,,,,,,,,,,,,,,,,,,,,,,,,,
,,,,,235829,001,2024-06-06_13h49.03.339,mathesisv2,2024.1.3,Win32,60.24096386,,,,,,331.345,334.3807,f,3.0203,,,,,,,stimuliAXBmix/yuustimulus.wav,f,,,,,,,,,,,2,1,9,2,1,,,,,,,,,,,,,,,,,,,,,,,,,,,,,,,,,,,,,,,,,,,,,,,,,,,,,,,,,,,,,,,,,,,,,,,
,,,,,235829,001,2024-06-06_13h49.03.339,mathesisv2,2024.1.3,Win32,60.24096386,,,,,,334.3814,337.9298,l,3.5166,,,,,,,stimuliAXBmix/yyustimulus.wav,l,,,,,,,,,,,2,2,10,3,1,,,,,,,,,,,,,,,,,,,,,,,,,,,,,,,,,,,,,,,,,,,,,,,,,,,,,,,,,,,,,,,,,,,,,,,
,,,,,235829,001,2024-06-06_13h49.03.339,mathesisv2,2024.1.3,Win32,60.24096386,,,,,,337.944,341.0368,f,3.0836,,,,,,,stimuliAXBmix/iyystimulus.wav,f,,,,,,,,,,,2,3,11,1,1,,,,,,,,,,,,,,,,,,,,,,,,,,,,,,,,,,,,,,,,,,,,,,,,,,,,,,,,,,,,,,,,,,,,,,,
,,,,,235829,001,2024-06-06_13h49.03.339,mathesisv2,2024.1.3,Win32,60.24096386,,,,,,343.509,346.4607,l,2.934,,,,,,,stimuliAXBmix/iiystimulus.wav,l,,,,,,,,,,,,,,,,341.0369,343.495,return,2.4397,,0,0,0,0,1,,,,,,,,,,,,,,,,,,,,,,,,,,,,,,,,,,,,,,,,,,,,,,,,,,,,,,,,,,,,,
,,,,,235829,001,2024-06-06_13h49.03.339,mathesisv2,2024.1.3,Win32,60.24096386,,,,,,346.4616,349.9933,l,3.5061,,,,,,,stimuliAXBmix/yyustimulus.wav,l,,,,,,,,,,,,,,,,,,,,,0,1,1,3,1,,,,,,,,,,,,,,,,,,,,,,,,,,,,,,,,,,,,,,,,,,,,,,,,,,,,,,,,,,,,,
,,,,,235829,001,2024-06-06_13h49.03.339,mathesisv2,2024.1.3,Win32,60.24096386,,,,,,350.0078,352.876,f,2.854,,,,,,,stimuliAXBmix/iyystimulus.wav,f,,,,,,,,,,,,,,,,,,,,,0,2,2,1,1,,,,,,,,,,,,,,,,,,,,,,,,,,,,,,,,,,,,,,,,,,,,,,,,,,,,,,,,,,,,,
,,,,,235829,001,2024-06-06_13h49.03.339,mathesisv2,2024.1.3,Win32,60.24096386,,,,,,352.8898,355.7593,l,2.8598,,,,,,,stimuliAXBmix/yuustimulus.wav,f,,,,,,,,,,,,,,,,,,,,,0,3,3,2,1,,,,,,,,,,,,,,,,,,,,,,,,,,,,,,,,,,,,,,,,,,,,,,,,,,,,,,,,,,,,,
,,,,,235829,001,2024-06-06_13h49.03.339,mathesisv2,2024.1.3,Win32,60.24096386,,,,,,355.7602,359.1656,l,3.3834,,,,,,,stimuliAXBmix/yyustimulus.wav,l,,,,,,,,,,,,,,,,,,,,,1,0,4,3,1,,,,,,,,,,,,,,,,,,,,,,,,,,,,,,,,,,,,,,,,,,,,,,,,,,,,,,,,,,,,,
,,,,,235829,001,2024-06-06_13h49.03.339,mathesisv2,2024.1.3,Win32,60.24096386,,,,,,359.1825,362.1407,f,2.9428,,,,,,,stimuliAXBmix/iyystimulus.wav,f,,,,,,,,,,,,,,,,,,,,,1,1,5,1,1,,,,,,,,,,,,,,,,,,,,,,,,,,,,,,,,,,,,,,,,,,,,,,,,,,,,,,,,,,,,,
,,,,,235829,001,2024-06-06_13h49.03.339,mathesisv2,2024.1.3,Win32,60.24096386,,,,,,362.1415,365.1229,l,2.95,,,,,,,stimuliAXBmix/iiystimulus.wav,l,,,,,,,,,,,,,,,,,,,,,1,2,6,0,1,,,,,,,,,,,,,,,,,,,,,,,,,,,,,,,,,,,,,,,,,,,,,,,,,,,,,,,,,,,,,
,,,,,235829,001,2024-06-06_13h49.03.339,mathesisv2,2024.1.3,Win32,60.24096386,,,,,,365.1366,368.0222,f,2.8666,,,,,,,stimuliAXBmix/yuustimulus.wav,f,,,,,,,,,,,,,,,,,,,,,1,3,7,2,1,,,,,,,,,,,,,,,,,,,,,,,,,,,,,,,,,,,,,,,,,,,,,,,,,,,,,,,,,,,,,
,,,,,235829,001,2024-06-06_13h49.03.339,mathesisv2,2024.1.3,Win32,60.24096386,,,,,,,,,,,,,,,,,,,,,,,,,,,,,,,,,,,,,,,,,,,368.0225,387.6676,space,19.6119,,387.6687,398.2326,space,10.5343,,,,,,,,,,,,,,,,,,,,,,,,,,,,,,,,,,,,,,,,,,,,,,,,,,,,
,,,,,235829,001,2024-06-06_13h49.03.339,mathesisv2,2024.1.3,Win32,60.24096386,,,,,,,,,,,,,,,,,,,,,,,,,,,,,,,,,,,,,,,,,,,,,,,,,,,,,398.2548,402.3811,e,4.1037,,0,0,0,1,1,testTAFCmixfirst/nimnym002.wav,,,,,,,,,,,,,,,,,,,,,,,,,,,,,,,,,,,,,,,,
,,,,,235829,001,2024-06-06_13h49.03.339,mathesisv2,2024.1.3,Win32,60.24096386,,,,,,,,,,,,,,,,,,,,,,,,,,,,,,,,,,,,,,,,,,,,,,,,,,,,,402.3957,404.5303,e,2.1182,,0,1,1,0,1,testTAFCmixfirst/nimnym001.wav,,,,,,,,,,,,,,,,,,,,,,,,,,,,,,,,,,,,,,,,
,,,,,235829,001,2024-06-06_13h49.03.339,mathesisv2,2024.1.3,Win32,60.24096386,,,,,,,,,,,,,,,,,,,,,,,,,,,,,,,,,,,,,,,,,,,,,,,,,,,,,404.5309,406.8627,y,2.3214,,0,2,2,2,1,testTAFCmixfirst/nimnym006.wav,,,,,,,,,,,,,,,,,,,,,,,,,,,,,,,,,,,,,,,,
,,,,,235829,001,2024-06-06_13h49.03.339,mathesisv2,2024.1.3,Win32,60.24096386,,,,,,,,,,,,,,,,,,,,,,,,,,,,,,,,,,,,,,,,,,,,,,,,,,,,,,,,,,,,,,,,406.8692,412.6454,y,5.75,,0,0,0,1,1,testTAFCmixsec/numnym002.wav,,,,,,,,,,,,,,,,,,,,,,,,,,,,,
,,,,,235829,001,2024-06-06_13h49.03.339,mathesisv2,2024.1.3,Win32,60.24096386,,,,,,,,,,,,,,,,,,,,,,,,,,,,,,,,,,,,,,,,,,,,,,,,,,,,,,,,,,,,,,,,412.6594,414.8275,u,2.1563,,0,1,1,0,1,testTAFCmixsec/numnym001.wav,,,,,,,,,,,,,,,,,,,,,,,,,,,,,
,,,,,235829,001,2024-06-06_13h49.03.339,mathesisv2,2024.1.3,Win32,60.24096386,,,,,,,,,,,,,,,,,,,,,,,,,,,,,,,,,,,,,,,,,,,,,,,,,,,,,,,,,,,,,,,,414.828,417.3267,y,2.4808,,0,2,2,2,1,testTAFCmixsec/numnym006.wav,,,,,,,,,,,,,,,,,,,,,,,,,,,,,
,,,,,235829,001,2024-06-06_13h49.03.339,mathesisv2,2024.1.3,Win32,60.24096386,,,,,,,,,,,,,,,,,,,,,,,,,,,,,,,,,,,,,,,,,,,,,,,,,,,,,,,,,,,,,,,,,,,,,,,,,,,417.3277,425.9258,space,8.5699,,,,,,,,,,,,,,,,,,,,,,,,,
,,,,,235829,001,2024-06-06_13h49.03.339,mathesisv2,2024.1.3,Win32,60.24096386,,,,,,,,,,,,,,,,,e,,,,,,,,,,,,,,,,,,,,,,,,,,,,,,,,,,,,,,,,,,,,,,,,,,,,,,,,,,,,,,,425.9528,429.158,e,3.1844,,0,0,0,0,1,stimuliTAFCfirst/nimnym001.wav,,,,,,,,,,,,,
,,,,,235829,001,2024-06-06_13h49.03.339,mathesisv2,2024.1.3,Win32,60.24096386,,,,,,,,,,,,,,,,,e,,,,,,,,,,,,,,,,,,,,,,,,,,,,,,,,,,,,,,,,,,,,,,,,,,,,,,,,,,,,,,,429.1731,430.8236,e,1.6333,,0,1,1,1,1,stimuliTAFCfirst/nimnym002.wav,,,,,,,,,,,,,
,,,,,235829,001,2024-06-06_13h49.03.339,mathesisv2,2024.1.3,Win32,60.24096386,,,,,,,,,,,,,,,,,x,,,,,,,,,,,,,,,,,,,,,,,,,,,,,,,,,,,,,,,,,,,,,,,,,,,,,,,,,,,,,,,430.8242,433.2408,y,2.3935,,0,2,2,3,1,stimuliTAFCfirst/nimnym004.wav,,,,,,,,,,,,,
,,,,,235829,001,2024-06-06_13h49.03.339,mathesisv2,2024.1.3,Win32,60.24096386,,,,,,,,,,,,,,,,,e,,,,,,,,,,,,,,,,,,,,,,,,,,,,,,,,,,,,,,,,,,,,,,,,,,,,,,,,,,,,,,,433.2414,436.0556,y,2.7838,,0,3,3,2,1,stimuliTAFCfirst/nimnym003.wav,,,,,,,,,,,,,
,,,,,235829,001,2024-06-06_13h49.03.339,mathesisv2,2024.1.3,Win32,60.24096386,,,,,,,,,,,,,,,,,y,,,,,,,,,,,,,,,,,,,,,,,,,,,,,,,,,,,,,,,,,,,,,,,,,,,,,,,,,,,,,,,436.0563,438.9928,y,2.9134,,0,4,4,6,1,stimuliTAFCfirst/nimnym007.wav,,,,,,,,,,,,,
,,,,,235829,001,2024-06-06_13h49.03.339,mathesisv2,2024.1.3,Win32,60.24096386,,,,,,,,,,,,,,,,,y,,,,,,,,,,,,,,,,,,,,,,,,,,,,,,,,,,,,,,,,,,,,,,,,,,,,,,,,,,,,,,,439.0035,442.2542,y,3.2335,,0,5,5,4,1,stimuliTAFCfirst/nimnym005.wav,,,,,,,,,,,,,
,,,,,235829,001,2024-06-06_13h49.03.339,mathesisv2,2024.1.3,Win32,60.24096386,,,,,,,,,,,,,,,,,y,,,,,,,,,,,,,,,,,,,,,,,,,,,,,,,,,,,,,,,,,,,,,,,,,,,,,,,,,,,,,,,442.2549,444.2037,y,1.9189,,0,6,6,5,1,stimuliTAFCfirst/nimnym006.wav,,,,,,,,,,,,,
,,,,,235829,001,2024-06-06_13h49.03.339,mathesisv2,2024.1.3,Win32,60.24096386,,,,,,,,,,,,,,,,,y,,,,,,,,,,,,,,,,,,,,,,,,,,,,,,,,,,,,,,,,,,,,,,,,,,,,,,,,,,,,,,,444.2044,445.7108,y,1.4838,,1,0,7,5,1,stimuliTAFCfirst/nimnym006.wav,,,,,,,,,,,,,
,,,,,235829,001,2024-06-06_13h49.03.339,mathesisv2,2024.1.3,Win32,60.24096386,,,,,,,,,,,,,,,,,x,,,,,,,,,,,,,,,,,,,,,,,,,,,,,,,,,,,,,,,,,,,,,,,,,,,,,,,,,,,,,,,445.7114,448.4025,y,2.6725,,1,1,8,3,1,stimuliTAFCfirst/nimnym004.wav,,,,,,,,,,,,,
,,,,,235829,001,2024-06-06_13h49.03.339,mathesisv2,2024.1.3,Win32,60.24096386,,,,,,,,,,,,,,,,,y,,,,,,,,,,,,,,,,,,,,,,,,,,,,,,,,,,,,,,,,,,,,,,,,,,,,,,,,,,,,,,,448.4169,450.3429,y,1.9168,,1,2,9,4,1,stimuliTAFCfirst/nimnym005.wav,,,,,,,,,,,,,
,,,,,235829,001,2024-06-06_13h49.03.339,mathesisv2,2024.1.3,Win32,60.24096386,,,,,,,,,,,,,,,,,e,,,,,,,,,,,,,,,,,,,,,,,,,,,,,,,,,,,,,,,,,,,,,,,,,,,,,,,,,,,,,,,450.3435,452.2097,e,1.8507,,1,3,10,0,1,stimuliTAFCfirst/nimnym001.wav,,,,,,,,,,,,,
,,,,,235829,001,2024-06-06_13h49.03.339,mathesisv2,2024.1.3,Win32,60.24096386,,,,,,,,,,,,,,,,,e,,,,,,,,,,,,,,,,,,,,,,,,,,,,,,,,,,,,,,,,,,,,,,,,,,,,,,,,,,,,,,,452.2102,454.0011,e,1.7695,,1,4,11,2,1,stimuliTAFCfirst/nimnym003.wav,,,,,,,,,,,,,
,,,,,235829,001,2024-06-06_13h49.03.339,mathesisv2,2024.1.3,Win32,60.24096386,,,,,,,,,,,,,,,,,y,,,,,,,,,,,,,,,,,,,,,,,,,,,,,,,,,,,,,,,,,,,,,,,,,,,,,,,,,,,,,,,454.0018,455.9674,y,1.9397,,1,5,12,6,1,stimuliTAFCfirst/nimnym007.wav,,,,,,,,,,,,,
,,,,,235829,001,2024-06-06_13h49.03.339,mathesisv2,2024.1.3,Win32,60.24096386,,,,,,,,,,,,,,,,,e,,,,,,,,,,,,,,,,,,,,,,,,,,,,,,,,,,,,,,,,,,,,,,,,,,,,,,,,,,,,,,,455.9681,457.6337,e,1.6339,,1,6,13,1,1,stimuliTAFCfirst/nimnym002.wav,,,,,,,,,,,,,
,,,,,235829,001,2024-06-06_13h49.03.339,mathesisv2,2024.1.3,Win32,60.24096386,,,,,,,,,,,,,,,,,u,457.6353,460.2338,space,2.5666,,,,,,,,,,,,,,,,,,,,,,,,,,,,,,,,,,,,,,,,,,,,,,,,,,,,,,,,,,,,,,,,,,,,,,460.2528,463.1829,u,2.9111,,0,0,0,1,1,stimuliTAFCsec/numnym002.wav,,
,,,,,235829,001,2024-06-06_13h49.03.339,mathesisv2,2024.1.3,Win32,60.24096386,,,,,,,,,,,,,,,,,y,,,,,,,,,,,,,,,,,,,,,,,,,,,,,,,,,,,,,,,,,,,,,,,,,,,,,,,,,,,,,,,,,,,,,,,,,,463.1965,465.3151,y,2.1022,,0,1,1,6,1,stimuliTAFCsec/numnym007.wav,,
,,,,,235829,001,2024-06-06_13h49.03.339,mathesisv2,2024.1.3,Win32,60.24096386,,,,,,,,,,,,,,,,,u,,,,,,,,,,,,,,,,,,,,,,,,,,,,,,,,,,,,,,,,,,,,,,,,,,,,,,,,,,,,,,,,,,,,,,,,,,465.3158,466.9147,u,1.5884,,0,2,2,2,1,stimuliTAFCsec/numnym003.wav,,
,,,,,235829,001,2024-06-06_13h49.03.339,mathesisv2,2024.1.3,Win32,60.24096386,,,,,,,,,,,,,,,,,x,,,,,,,,,,,,,,,,,,,,,,,,,,,,,,,,,,,,,,,,,,,,,,,,,,,,,,,,,,,,,,,,,,,,,,,,,,466.9154,468.4143,y,1.4855,,0,3,3,3,1,stimuliTAFCsec/numnym004.wav,,
,,,,,235829,001,2024-06-06_13h49.03.339,mathesisv2,2024.1.3,Win32,60.24096386,,,,,,,,,,,,,,,,,y,,,,,,,,,,,,,,,,,,,,,,,,,,,,,,,,,,,,,,,,,,,,,,,,,,,,,,,,,,,,,,,,,,,,,,,,,,468.4149,470.3305,y,1.904,,0,4,4,4,1,stimuliTAFCsec/numnym005.wav,,
,,,,,235829,001,2024-06-06_13h49.03.339,mathesisv2,2024.1.3,Win32,60.24096386,,,,,,,,,,,,,,,,,y,,,,,,,,,,,,,,,,,,,,,,,,,,,,,,,,,,,,,,,,,,,,,,,,,,,,,,,,,,,,,,,,,,,,,,,,,,470.3312,473.3298,y,2.9833,,0,5,5,5,1,stimuliTAFCsec/numnym006.wav,,
,,,,,235829,001,2024-06-06_13h49.03.339,mathesisv2,2024.1.3,Win32,60.24096386,,,,,,,,,,,,,,,,,u,,,,,,,,,,,,,,,,,,,,,,,,,,,,,,,,,,,,,,,,,,,,,,,,,,,,,,,,,,,,,,,,,,,,,,,,,,473.3435,474.8628,u,1.5037,,0,6,6,0,1,stimuliTAFCsec/numnym001.wav,,
,,,,,235829,001,2024-06-06_13h49.03.339,mathesisv2,2024.1.3,Win32,60.24096386,,,,,,,,,,,,,,,,,y,,,,,,,,,,,,,,,,,,,,,,,,,,,,,,,,,,,,,,,,,,,,,,,,,,,,,,,,,,,,,,,,,,,,,,,,,,474.8634,476.7622,y,1.8806,,1,0,7,6,1,stimuliTAFCsec/numnym007.wav,,
,,,,,235829,001,2024-06-06_13h49.03.339,mathesisv2,2024.1.3,Win32,60.24096386,,,,,,,,,,,,,,,,,u,,,,,,,,,,,,,,,,,,,,,,,,,,,,,,,,,,,,,,,,,,,,,,,,,,,,,,,,,,,,,,,,,,,,,,,,,,476.7629,478.0951,u,1.3143,,1,1,8,0,1,stimuliTAFCsec/numnym001.wav,,
,,,,,235829,001,2024-06-06_13h49.03.339,mathesisv2,2024.1.3,Win32,60.24096386,,,,,,,,,,,,,,,,,y,,,,,,,,,,,,,,,,,,,,,,,,,,,,,,,,,,,,,,,,,,,,,,,,,,,,,,,,,,,,,,,,,,,,,,,,,,478.0959,479.5949,y,1.481,,1,2,9,4,1,stimuliTAFCsec/numnym005.wav,,
,,,,,235829,001,2024-06-06_13h49.03.339,mathesisv2,2024.1.3,Win32,60.24096386,,,,,,,,,,,,,,,,,y,,,,,,,,,,,,,,,,,,,,,,,,,,,,,,,,,,,,,,,,,,,,,,,,,,,,,,,,,,,,,,,,,,,,,,,,,,479.5957,481.6777,y,2.067,,1,3,10,5,1,stimuliTAFCsec/numnym006.wav,,
,,,,,235829,001,2024-06-06_13h49.03.339,mathesisv2,2024.1.3,Win32,60.24096386,,,,,,,,,,,,,,,,,u,,,,,,,,,,,,,,,,,,,,,,,,,,,,,,,,,,,,,,,,,,,,,,,,,,,,,,,,,,,,,,,,,,,,,,,,,,481.6784,483.0612,u,1.3644,,1,4,11,2,1,stimuliTAFCsec/numnym003.wav,,
,,,,,235829,001,2024-06-06_13h49.03.339,mathesisv2,2024.1.3,Win32,60.24096386,,,,,,,,,,,,,,,,,x,,,,,,,,,,,,,,,,,,,,,,,,,,,,,,,,,,,,,,,,,,,,,,,,,,,,,,,,,,,,,,,,,,,,,,,,,,483.0618,484.7937,u,1.7167,,1,5,12,3,1,stimuliTAFCsec/numnym004.wav,,
,,,,,235829,001,2024-06-06_13h49.03.339,mathesisv2,2024.1.3,Win32,60.24096386,,,,,,,,,,,,,,,,,u,,,,,,,,,,,,,,,,,,,,,,,,,,,,,,,,,,,,,,,,,,,,,,,,,,,,,,,,,,,,,,,,,,,,,,,,,,484.7943,486.4598,u,1.6517,,1,6,13,1,1,stimuliTAFCsec/numnym002.wav,,
,,,,,235829,001,2024-06-06_13h49.03.339,mathesisv2,2024.1.3,Win32,60.24096386,,,,,,,,,,,,,,,,,y,,,,,,,,,,,,,,,,,,,,,,,,,,486.4608,494.0426,space,7.5651,,,,,,,,,,,,,,,,,,,,,,,,,,,,,,,,,,494.0601,497.8571,y,3.789,,0,0,0,6,1,stimuliTAFCfirst/nimnym007.wav,,,,,,,,,,,,,
,,,,,235829,001,2024-06-06_13h49.03.339,mathesisv2,2024.1.3,Win32,60.24096386,,,,,,,,,,,,,,,,,e,,,,,,,,,,,,,,,,,,,,,,,,,,,,,,,,,,,,,,,,,,,,,,,,,,,,,,,,,,,,,,,497.8708,499.6734,e,1.7967,,0,1,1,2,1,stimuliTAFCfirst/nimnym003.wav,,,,,,,,,,,,,
,,,,,235829,001,2024-06-06_13h49.03.339,mathesisv2,2024.1.3,Win32,60.24096386,,,,,,,,,,,,,,,,,y,,,,,,,,,,,,,,,,,,,,,,,,,,,,,,,,,,,,,,,,,,,,,,,,,,,,,,,,,,,,,,,499.674,503.2726,e,3.5879,,0,2,2,4,1,stimuliTAFCfirst/nimnym005.wav,,,,,,,,,,,,,
,,,,,235829,001,2024-06-06_13h49.03.339,mathesisv2,2024.1.3,Win32,60.24096386,,,,,,,,,,,,,,,,,x,,,,,,,,,,,,,,,,,,,,,,,,,,,,,,,,,,,,,,,,,,,,,,,,,,,,,,,,,,,,,,,503.2867,506.5882,y,3.2855,,0,3,3,3,1,stimuliTAFCfirst/nimnym004.wav,,,,,,,,,,,,,
,,,,,235829,001,2024-06-06_13h49.03.339,mathesisv2,2024.1.3,Win32,60.24096386,,,,,,,,,,,,,,,,,y,,,,,,,,,,,,,,,,,,,,,,,,,,,,,,,,,,,,,,,,,,,,,,,,,,,,,,,,,,,,,,,506.602,508.9384,y,2.3304,,0,4,4,5,1,stimuliTAFCfirst/nimnym006.wav,,,,,,,,,,,,,
,,,,,235829,001,2024-06-06_13h49.03.339,mathesisv2,2024.1.3,Win32,60.24096386,,,,,,,,,,,,,,,,,e,,,,,,,,,,,,,,,,,,,,,,,,,,,,,,,,,,,,,,,,,,,,,,,,,,,,,,,,,,,,,,,508.9416,510.8872,e,1.9292,,0,5,5,1,1,stimuliTAFCfirst/nimnym002.wav,,,,,,,,,,,,,
,,,,,235829,001,2024-06-06_13h49.03.339,mathesisv2,2024.1.3,Win32,60.24096386,,,,,,,,,,,,,,,,,e,,,,,,,,,,,,,,,,,,,,,,,,,,,,,,,,,,,,,,,,,,,,,,,,,,,,,,,,,,,,,,,510.8877,512.2536,e,1.3518,,0,6,6,0,1,stimuliTAFCfirst/nimnym001.wav,,,,,,,,,,,,,
,,,,,235829,001,2024-06-06_13h49.03.339,mathesisv2,2024.1.3,Win32,60.24096386,,,,,,,,,,,,,,,,,y,,,,,,,,,,,,,,,,,,,,,,,,,,,,,,,,,,,,,,,,,,,,,,,,,,,,,,,,,,,,,,,512.2542,513.8032,y,1.5338,,1,0,7,4,1,stimuliTAFCfirst/nimnym005.wav,,,,,,,,,,,,,
,,,,,235829,001,2024-06-06_13h49.03.339,mathesisv2,2024.1.3,Win32,60.24096386,,,,,,,,,,,,,,,,,e,,,,,,,,,,,,,,,,,,,,,,,,,,,,,,,,,,,,,,,,,,,,,,,,,,,,,,,,,,,,,,,513.8039,515.9858,e,2.1641,,1,1,8,2,1,stimuliTAFCfirst/nimnym003.wav,,,,,,,,,,,,,
,,,,,235829,001,2024-06-06_13h49.03.339,mathesisv2,2024.1.3,Win32,60.24096386,,,,,,,,,,,,,,,,,x,,,,,,,,,,,,,,,,,,,,,,,,,,,,,,,,,,,,,,,,,,,,,,,,,,,,,,,,,,,,,,,515.9865,519.5019,y,3.5003,,1,2,9,3,1,stimuliTAFCfirst/nimnym004.wav,,,,,,,,,,,,,
,,,,,235829,001,2024-06-06_13h49.03.339,mathesisv2,2024.1.3,Win32,60.24096386,,,,,,,,,,,,,,,,,y,,,,,,,,,,,,,,,,,,,,,,,,,,,,,,,,,,,,,,,,,,,,,,,,,,,,,,,,,,,,,,,519.5159,521.7513,y,2.2264,,1,3,10,5,1,stimuliTAFCfirst/nimnym006.wav,,,,,,,,,,,,,
,,,,,235829,001,2024-06-06_13h49.03.339,mathesisv2,2024.1.3,Win32,60.24096386,,,,,,,,,,,,,,,,,y,,,,,,,,,,,,,,,,,,,,,,,,,,,,,,,,,,,,,,,,,,,,,,,,,,,,,,,,,,,,,,,521.7521,523.9007,y,2.1311,,1,4,11,6,1,stimuliTAFCfirst/nimnym007.wav,,,,,,,,,,,,,
,,,,,235829,001,2024-06-06_13h49.03.339,mathesisv2,2024.1.3,Win32,60.24096386,,,,,,,,,,,,,,,,,e,,,,,,,,,,,,,,,,,,,,,,,,,,,,,,,,,,,,,,,,,,,,,,,,,,,,,,,,,,,,,,,523.9013,525.4503,e,1.5316,,1,5,12,1,1,stimuliTAFCfirst/nimnym002.wav,,,,,,,,,,,,,
,,,,,235829,001,2024-06-06_13h49.03.339,mathesisv2,2024.1.3,Win32,60.24096386,,,,,,,,,,,,,,,,,e,,,,,,,,,,,,,,,,,,,,,,,,,,,,,,,,,,,,,,,,,,,,,,,,,,,,,,,,,,,,,,,525.451,526.9167,e,1.4537,,1,6,13,0,1,stimuliTAFCfirst/nimnym001.wav,,,,,,,,,,,,,
,,,,,235829,001,2024-06-06_13h49.03.339,mathesisv2,2024.1.3,Win32,60.24096386,,,,,,,,,,,,,,,,,u,526.917,528.9501,space,2.0172,,,,,,,,,,,,,,,,,,,,,,,,,,,,,,,,,,,,,,,,,,,,,,,,,,,,,,,,,,,,,,,,,,,,,,528.9685,531.9156,u,2.9331,,0,0,0,2,1,stimuliTAFCsec/numnym003.wav,,
,,,,,235829,001,2024-06-06_13h49.03.339,mathesisv2,2024.1.3,Win32,60.24096386,,,,,,,,,,,,,,,,,y,,,,,,,,,,,,,,,,,,,,,,,,,,,,,,,,,,,,,,,,,,,,,,,,,,,,,,,,,,,,,,,,,,,,,,,,,,531.9164,533.4818,y,1.5501,,0,1,1,6,1,stimuliTAFCsec/numnym007.wav,,
,,,,,235829,001,2024-06-06_13h49.03.339,mathesisv2,2024.1.3,Win32,60.24096386,,,,,,,,,,,,,,,,,y,,,,,,,,,,,,,,,,,,,,,,,,,,,,,,,,,,,,,,,,,,,,,,,,,,,,,,,,,,,,,,,,,,,,,,,,,,533.4825,535.1156,y,1.625,,0,2,2,4,1,stimuliTAFCsec/numnym005.wav,,
,,,,,235829,001,2024-06-06_13h49.03.339,mathesisv2,2024.1.3,Win32,60.24096386,,,,,,,,,,,,,,,,,x,,,,,,,,,,,,,,,,,,,,,,,,,,,,,,,,,,,,,,,,,,,,,,,,,,,,,,,,,,,,,,,,,,,,,,,,,,535.1161,536.6143,y,1.4846,,0,3,3,3,1,stimuliTAFCsec/numnym004.wav,,
,,,,,235829,001,2024-06-06_13h49.03.339,mathesisv2,2024.1.3,Win32,60.24096386,,,,,,,,,,,,,,,,,u,,,,,,,,,,,,,,,,,,,,,,,,,,,,,,,,,,,,,,,,,,,,,,,,,,,,,,,,,,,,,,,,,,,,,,,,,,536.6149,538.0973,u,1.4671,,0,4,4,1,1,stimuliTAFCsec/numnym002.wav,,
,,,,,235829,001,2024-06-06_13h49.03.339,mathesisv2,2024.1.3,Win32,60.24096386,,,,,,,,,,,,,,,,,u,,,,,,,,,,,,,,,,,,,,,,,,,,,,,,,,,,,,,,,,,,,,,,,,,,,,,,,,,,,,,,,,,,,,,,,,,,538.098,539.7136,u,1.6046,,0,5,5,0,1,stimuliTAFCsec/numnym001.wav,,
,,,,,235829,001,2024-06-06_13h49.03.339,mathesisv2,2024.1.3,Win32,60.24096386,,,,,,,,,,,,,,,,,y,,,,,,,,,,,,,,,,,,,,,,,,,,,,,,,,,,,,,,,,,,,,,,,,,,,,,,,,,,,,,,,,,,,,,,,,,,539.7141,541.4464,y,1.7146,,0,6,6,5,1,stimuliTAFCsec/numnym006.wav,,
,,,,,235829,001,2024-06-06_13h49.03.339,mathesisv2,2024.1.3,Win32,60.24096386,,,,,,,,,,,,,,,,,u,,,,,,,,,,,,,,,,,,,,,,,,,,,,,,,,,,,,,,,,,,,,,,,,,,,,,,,,,,,,,,,,,,,,,,,,,,541.4472,543.6792,u,2.2137,,1,0,7,0,1,stimuliTAFCsec/numnym001.wav,,
,,,,,235829,001,2024-06-06_13h49.03.339,mathesisv2,2024.1.3,Win32,60.24096386,,,,,,,,,,,,,,,,,y,,,,,,,,,,,,,,,,,,,,,,,,,,,,,,,,,,,,,,,,,,,,,,,,,,,,,,,,,,,,,,,,,,,,,,,,,,543.6798,545.5288,y,1.8362,,1,1,8,6,1,stimuliTAFCsec/numnym007.wav,,
,,,,,235829,001,2024-06-06_13h49.03.339,mathesisv2,2024.1.3,Win32,60.24096386,,,,,,,,,,,,,,,,,y,,,,,,,,,,,,,,,,,,,,,,,,,,,,,,,,,,,,,,,,,,,,,,,,,,,,,,,,,,,,,,,,,,,,,,,,,,545.5294,547.1951,y,1.6486,,1,2,9,5,1,stimuliTAFCsec/numnym006.wav,,
,,,,,235829,001,2024-06-06_13h49.03.339,mathesisv2,2024.1.3,Win32,60.24096386,,,,,,,,,,,,,,,,,y,,,,,,,,,,,,,,,,,,,,,,,,,,,,,,,,,,,,,,,,,,,,,,,,,,,,,,,,,,,,,,,,,,,,,,,,,,547.1957,548.6614,y,1.4537,,1,3,10,4,1,stimuliTAFCsec/numnym005.wav,,
,,,,,235829,001,2024-06-06_13h49.03.339,mathesisv2,2024.1.3,Win32,60.24096386,,,,,,,,,,,,,,,,,u,,,,,,,,,,,,,,,,,,,,,,,,,,,,,,,,,,,,,,,,,,,,,,,,,,,,,,,,,,,,,,,,,,,,,,,,,,548.6619,550.1111,u,1.4313,,1,4,11,1,1,stimuliTAFCsec/numnym002.wav,,
,,,,,235829,001,2024-06-06_13h49.03.339,mathesisv2,2024.1.3,Win32,60.24096386,,,,,,,,,,,,,,,,,x,,,,,,,,,,,,,,,,,,,,,,,,,,,,,,,,,,,,,,,,,,,,,,,,,,,,,,,,,,,,,,,,,,,,,,,,,,550.1118,552.627,y,2.4975,,1,5,12,3,1,stimuliTAFCsec/numnym004.wav,,
,,,,,235829,001,2024-06-06_13h49.03.339,mathesisv2,2024.1.3,Win32,60.24096386,,,,,,,,,,,,,,,,,u,,,,,,,,,,,,,,,,,,,,,,,,,,,,,,,,,,,,,,,,,,,,,,,,,,,,,,,,,,,,,,,,,,,,,,,,,,552.6408,553.9766,u,1.3299,,1,6,13,2,1,stimuliTAFCsec/numnym003.wav,,
,,,,,235829,001,2024-06-06_13h49.03.339,mathesisv2,2024.1.3,Win32,60.24096386,,,,,,,,,,,,,,,,,y,,,,,,,,,,,,,,,,,,,,,,,,,,553.9768,565.2075,space,11.212,,,,,,,,,,,,,,,,,,,,,,,,,,,,,,,,,,565.2258,567.3568,y,2.1154,,0,0,0,4,1,stimuliTAFCfirst/nimnym005.wav,,,,,,,,,,,,,
,,,,,235829,001,2024-06-06_13h49.03.339,mathesisv2,2024.1.3,Win32,60.24096386,,,,,,,,,,,,,,,,,e,,,,,,,,,,,,,,,,,,,,,,,,,,,,,,,,,,,,,,,,,,,,,,,,,,,,,,,,,,,,,,,567.3574,569.1729,e,1.8013,,0,1,1,2,1,stimuliTAFCfirst/nimnym003.wav,,,,,,,,,,,,,
,,,,,235829,001,2024-06-06_13h49.03.339,mathesisv2,2024.1.3,Win32,60.24096386,,,,,,,,,,,,,,,,,y,,,,,,,,,,,,,,,,,,,,,,,,,,,,,,,,,,,,,,,,,,,,,,,,,,,,,,,,,,,,,,,569.1735,571.1892,y,1.9975,,0,2,2,6,1,stimuliTAFCfirst/nimnym007.wav,,,,,,,,,,,,,
,,,,,235829,001,2024-06-06_13h49.03.339,mathesisv2,2024.1.3,Win32,60.24096386,,,,,,,,,,,,,,,,,e,,,,,,,,,,,,,,,,,,,,,,,,,,,,,,,,,,,,,,,,,,,,,,,,,,,,,,,,,,,,,,,571.1899,572.5557,e,1.3508,,0,3,3,1,1,stimuliTAFCfirst/nimnym002.wav,,,,,,,,,,,,,
,,,,,235829,001,2024-06-06_13h49.03.339,mathesisv2,2024.1.3,Win32,60.24096386,,,,,,,,,,,,,,,,,e,,,,,,,,,,,,,,,,,,,,,,,,,,,,,,,,,,,,,,,,,,,,,,,,,,,,,,,,,,,,,,,572.5563,574.0553,e,1.4812,,0,4,4,0,1,stimuliTAFCfirst/nimnym001.wav,,,,,,,,,,,,,
,,,,,235829,001,2024-06-06_13h49.03.339,mathesisv2,2024.1.3,Win32,60.24096386,,,,,,,,,,,,,,,,,x,,,,,,,,,,,,,,,,,,,,,,,,,,,,,,,,,,,,,,,,,,,,,,,,,,,,,,,,,,,,,,,574.056,575.9546,y,1.8871,,0,5,5,3,1,stimuliTAFCfirst/nimnym004.wav,,,,,,,,,,,,,
,,,,,235829,001,2024-06-06_13h49.03.339,mathesisv2,2024.1.3,Win32,60.24096386,,,,,,,,,,,,,,,,,y,,,,,,,,,,,,,,,,,,,,,,,,,,,,,,,,,,,,,,,,,,,,,,,,,,,,,,,,,,,,,,,575.9554,578.1708,y,2.1999,,0,6,6,5,1,stimuliTAFCfirst/nimnym006.wav,,,,,,,,,,,,,
,,,,,235829,001,2024-06-06_13h49.03.339,mathesisv2,2024.1.3,Win32,60.24096386,,,,,,,,,,,,,,,,,e,,,,,,,,,,,,,,,,,,,,,,,,,,,,,,,,,,,,,,,,,,,,,,,,,,,,,,,,,,,,,,,578.1715,579.6372,e,1.4569,,1,0,7,0,1,stimuliTAFCfirst/nimnym001.wav,,,,,,,,,,,,,
,,,,,235829,001,2024-06-06_13h49.03.339,mathesisv2,2024.1.3,Win32,60.24096386,,,,,,,,,,,,,,,,,x,,,,,,,,,,,,,,,,,,,,,,,,,,,,,,,,,,,,,,,,,,,,,,,,,,,,,,,,,,,,,,,579.6377,581.2867,y,1.6311,,1,1,8,3,1,stimuliTAFCfirst/nimnym004.wav,,,,,,,,,,,,,
,,,,,235829,001,2024-06-06_13h49.03.339,mathesisv2,2024.1.3,Win32,60.24096386,,,,,,,,,,,,,,,,,e,,,,,,,,,,,,,,,,,,,,,,,,,,,,,,,,,,,,,,,,,,,,,,,,,,,,,,,,,,,,,,,581.2873,583.453,e,2.1512,,1,2,9,2,1,stimuliTAFCfirst/nimnym003.wav,,,,,,,,,,,,,
,,,,,235829,001,2024-06-06_13h49.03.339,mathesisv2,2024.1.3,Win32,60.24096386,,,,,,,,,,,,,,,,,y,,,,,,,,,,,,,,,,,,,,,,,,,,,,,,,,,,,,,,,,,,,,,,,,,,,,,,,,,,,,,,,583.4535,584.7192,y,1.2502,,1,3,10,6,1,stimuliTAFCfirst/nimnym007.wav,,,,,,,,,,,,,
,,,,,235829,001,2024-06-06_13h49.03.339,mathesisv2,2024.1.3,Win32,60.24096386,,,,,,,,,,,,,,,,,y,,,,,,,,,,,,,,,,,,,,,,,,,,,,,,,,,,,,,,,,,,,,,,,,,,,,,,,,,,,,,,,584.7198,586.5357,y,1.8005,,1,4,11,4,1,stimuliTAFCfirst/nimnym005.wav,,,,,,,,,,,,,
,,,,,235829,001,2024-06-06_13h49.03.339,mathesisv2,2024.1.3,Win32,60.24096386,,,,,,,,,,,,,,,,,e,,,,,,,,,,,,,,,,,,,,,,,,,,,,,,,,,,,,,,,,,,,,,,,,,,,,,,,,,,,,,,,586.5363,587.9018,e,1.3501,,1,5,12,1,1,stimuliTAFCfirst/nimnym002.wav,,,,,,,,,,,,,
,,,,,235829,001,2024-06-06_13h49.03.339,mathesisv2,2024.1.3,Win32,60.24096386,,,,,,,,,,,,,,,,,y,,,,,,,,,,,,,,,,,,,,,,,,,,,,,,,,,,,,,,,,,,,,,,,,,,,,,,,,,,,,,,,587.9024,589.4014,y,1.4837,,1,6,13,5,1,stimuliTAFCfirst/nimnym006.wav,,,,,,,,,,,,,
,,,,,235829,001,2024-06-06_13h49.03.339,mathesisv2,2024.1.3,Win32,60.24096386,,,,,,,,,,,,,,,,,y,589.4016,590.8347,space,1.4236,,,,,,,,,,,,,,,,,,,,,,,,,,,,,,,,,,,,,,,,,,,,,,,,,,,,,,,,,,,,,,,,,,,,,,590.8403,594.2001,y,3.3457,,0,0,0,4,1,stimuliTAFCsec/numnym005.wav,,
,,,,,235829,001,2024-06-06_13h49.03.339,mathesisv2,2024.1.3,Win32,60.24096386,,,,,,,,,,,,,,,,,u,,,,,,,,,,,,,,,,,,,,,,,,,,,,,,,,,,,,,,,,,,,,,,,,,,,,,,,,,,,,,,,,,,,,,,,,,,594.2139,595.9171,u,1.693,,0,1,1,0,1,stimuliTAFCsec/numnym001.wav,,
,,,,,235829,001,2024-06-06_13h49.03.339,mathesisv2,2024.1.3,Win32,60.24096386,,,,,,,,,,,,,,,,,u,,,,,,,,,,,,,,,,,,,,,,,,,,,,,,,,,,,,,,,,,,,,,,,,,,,,,,,,,,,,,,,,,,,,,,,,,,595.9177,597.0997,u,1.1676,,0,2,2,1,1,stimuliTAFCsec/numnym002.wav,,
,,,,,235829,001,2024-06-06_13h49.03.339,mathesisv2,2024.1.3,Win32,60.24096386,,,,,,,,,,,,,,,,,u,,,,,,,,,,,,,,,,,,,,,,,,,,,,,,,,,,,,,,,,,,,,,,,,,,,,,,,,,,,,,,,,,,,,,,,,,,597.1003,598.2827,u,1.1662,,0,3,3,2,1,stimuliTAFCsec/numnym003.wav,,
,,,,,235829,001,2024-06-06_13h49.03.339,mathesisv2,2024.1.3,Win32,60.24096386,,,,,,,,,,,,,,,,,y,,,,,,,,,,,,,,,,,,,,,,,,,,,,,,,,,,,,,,,,,,,,,,,,,,,,,,,,,,,,,,,,,,,,,,,,,,598.2832,599.9486,y,1.6571,,0,4,4,6,1,stimuliTAFCsec/numnym007.wav,,
,,,,,235829,001,2024-06-06_13h49.03.339,mathesisv2,2024.1.3,Win32,60.24096386,,,,,,,,,,,,,,,,,y,,,,,,,,,,,,,,,,,,,,,,,,,,,,,,,,,,,,,,,,,,,,,,,,,,,,,,,,,,,,,,,,,,,,,,,,,,599.9493,602.2817,y,2.3167,,0,5,5,5,1,stimuliTAFCsec/numnym006.wav,,
,,,,,235829,001,2024-06-06_13h49.03.339,mathesisv2,2024.1.3,Win32,60.24096386,,,,,,,,,,,,,,,,,x,,,,,,,,,,,,,,,,,,,,,,,,,,,,,,,,,,,,,,,,,,,,,,,,,,,,,,,,,,,,,,,,,,,,,,,,,,602.2823,603.8145,y,1.5138,,0,6,6,3,1,stimuliTAFCsec/numnym004.wav,,
,,,,,235829,001,2024-06-06_13h49.03.339,mathesisv2,2024.1.3,Win32,60.24096386,,,,,,,,,,,,,,,,,x,,,,,,,,,,,,,,,,,,,,,,,,,,,,,,,,,,,,,,,,,,,,,,,,,,,,,,,,,,,,,,,,,,,,,,,,,,603.8155,606.8471,y,3.0165,,1,0,7,3,1,stimuliTAFCsec/numnym004.wav,,
,,,,,235829,001,2024-06-06_13h49.03.339,mathesisv2,2024.1.3,Win32,60.24096386,,,,,,,,,,,,,,,,,y,,,,,,,,,,,,,,,,,,,,,,,,,,,,,,,,,,,,,,,,,,,,,,,,,,,,,,,,,,,,,,,,,,,,,,,,,,606.8478,608.8967,y,2.031,,1,1,8,6,1,stimuliTAFCsec/numnym007.wav,,
,,,,,235829,001,2024-06-06_13h49.03.339,mathesisv2,2024.1.3,Win32,60.24096386,,,,,,,,,,,,,,,,,y,,,,,,,,,,,,,,,,,,,,,,,,,,,,,,,,,,,,,,,,,,,,,,,,,,,,,,,,,,,,,,,,,,,,,,,,,,608.8973,610.9628,y,2.0554,,1,2,9,4,1,stimuliTAFCsec/numnym005.wav,,
,,,,,235829,001,2024-06-06_13h49.03.339,mathesisv2,2024.1.3,Win32,60.24096386,,,,,,,,,,,,,,,,,u,,,,,,,,,,,,,,,,,,,,,,,,,,,,,,,,,,,,,,,,,,,,,,,,,,,,,,,,,,,,,,,,,,,,,,,,,,610.9634,612.2792,u,1.302,,1,3,10,1,1,stimuliTAFCsec/numnym002.wav,,
,,,,,235829,001,2024-06-06_13h49.03.339,mathesisv2,2024.1.3,Win32,60.24096386,,,,,,,,,,,,,,,,,u,,,,,,,,,,,,,,,,,,,,,,,,,,,,,,,,,,,,,,,,,,,,,,,,,,,,,,,,,,,,,,,,,,,,,,,,,,612.2798,613.4122,u,1.1231,,1,4,11,0,1,stimuliTAFCsec/numnym001.wav,,
,,,,,235829,001,2024-06-06_13h49.03.339,mathesisv2,2024.1.3,Win32,60.24096386,,,,,,,,,,,,,,,,,u,,,,,,,,,,,,,,,,,,,,,,,,,,,,,,,,,,,,,,,,,,,,,,,,,,,,,,,,,,,,,,,,,,,,,,,,,,613.4129,614.6119,u,1.1907,,1,5,12,2,1,stimuliTAFCsec/numnym003.wav,,
,,,,,235829,001,2024-06-06_13h49.03.339,mathesisv2,2024.1.3,Win32,60.24096386,,,,,,,,,,,,,,,,,y,,,,,,,,,,,,,,,,,,,,,,,,,,,,,,,,,,,,,,,,,,,,,,,,,,,,,,,,,,,,,,,,,,,,,,,,,,614.6124,615.9949,y,1.3641,,1,6,13,5,1,stimuliTAFCsec/numnym006.wav,,
,,,,,235829,001,2024-06-06_13h49.03.339,mathesisv2,2024.1.3,Win32,60.24096386,,,,,,,,,,,,,,,,,y,,,,,,,,,,,,,,,,,,,,,,,,,,615.9952,617.4613,space,1.4549,,,,,,,,,,,,,,,,,,,,,,,,,,,,,,,,,,617.4788,620.8437,y,3.3487,,0,0,0,5,1,stimuliTAFCfirst/nimnym006.wav,,,,,,,,,,,,,
,,,,,235829,001,2024-06-06_13h49.03.339,mathesisv2,2024.1.3,Win32,60.24096386,,,,,,,,,,,,,,,,,e,,,,,,,,,,,,,,,,,,,,,,,,,,,,,,,,,,,,,,,,,,,,,,,,,,,,,,,,,,,,,,,620.8443,622.2933,e,1.4328,,0,1,1,1,1,stimuliTAFCfirst/nimnym002.wav,,,,,,,,,,,,,
,,,,,235829,001,2024-06-06_13h49.03.339,mathesisv2,2024.1.3,Win32,60.24096386,,,,,,,,,,,,,,,,,e,,,,,,,,,,,,,,,,,,,,,,,,,,,,,,,,,,,,,,,,,,,,,,,,,,,,,,,,,,,,,,,622.2939,623.6263,e,1.3171,,0,2,2,2,1,stimuliTAFCfirst/nimnym003.wav,,,,,,,,,,,,,
,,,,,235829,001,2024-06-06_13h49.03.339,mathesisv2,2024.1.3,Win32,60.24096386,,,,,,,,,,,,,,,,,y,,,,,,,,,,,,,,,,,,,,,,,,,,,,,,,,,,,,,,,,,,,,,,,,,,,,,,,,,,,,,,,623.627,625.2929,y,1.6504,,0,3,3,4,1,stimuliTAFCfirst/nimnym005.wav,,,,,,,,,,,,,
,,,,,235829,001,2024-06-06_13h49.03.339,mathesisv2,2024.1.3,Win32,60.24096386,,,,,,,,,,,,,,,,,x,,,,,,,,,,,,,,,,,,,,,,,,,,,,,,,,,,,,,,,,,,,,,,,,,,,,,,,,,,,,,,,625.2935,626.8758,y,1.5639,,0,4,4,3,1,stimuliTAFCfirst/nimnym004.wav,,,,,,,,,,,,,
,,,,,235829,001,2024-06-06_13h49.03.339,mathesisv2,2024.1.3,Win32,60.24096386,,,,,,,,,,,,,,,,,y,,,,,,,,,,,,,,,,,,,,,,,,,,,,,,,,,,,,,,,,,,,,,,,,,,,,,,,,,,,,,,,626.8766,629.4417,y,2.5469,,0,5,5,6,1,stimuliTAFCfirst/nimnym007.wav,,,,,,,,,,,,,
,,,,,235829,001,2024-06-06_13h49.03.339,mathesisv2,2024.1.3,Win32,60.24096386,,,,,,,,,,,,,,,,,e,,,,,,,,,,,,,,,,,,,,,,,,,,,,,,,,,,,,,,,,,,,,,,,,,,,,,,,,,,,,,,,629.4558,630.9579,e,1.4949,,0,6,6,0,1,stimuliTAFCfirst/nimnym001.wav,,,,,,,,,,,,,
,,,,,235829,001,2024-06-06_13h49.03.339,mathesisv2,2024.1.3,Win32,60.24096386,,,,,,,,,,,,,,,,,e,,,,,,,,,,,,,,,,,,,,,,,,,,,,,,,,,,,,,,,,,,,,,,,,,,,,,,,,,,,,,,,630.9585,632.5408,e,1.5707,,1,0,7,2,1,stimuliTAFCfirst/nimnym003.wav,,,,,,,,,,,,,
,,,,,235829,001,2024-06-06_13h49.03.339,mathesisv2,2024.1.3,Win32,60.24096386,,,,,,,,,,,,,,,,,y,,,,,,,,,,,,,,,,,,,,,,,,,,,,,,,,,,,,,,,,,,,,,,,,,,,,,,,,,,,,,,,632.5414,634.4736,y,1.9138,,1,1,8,5,1,stimuliTAFCfirst/nimnym006.wav,,,,,,,,,,,,,
,,,,,235829,001,2024-06-06_13h49.03.339,mathesisv2,2024.1.3,Win32,60.24096386,,,,,,,,,,,,,,,,,y,,,,,,,,,,,,,,,,,,,,,,,,,,,,,,,,,,,,,,,,,,,,,,,,,,,,,,,,,,,,,,,634.4743,636.2398,y,1.7478,,1,2,9,4,1,stimuliTAFCfirst/nimnym005.wav,,,,,,,,,,,,,
,,,,,235829,001,2024-06-06_13h49.03.339,mathesisv2,2024.1.3,Win32,60.24096386,,,,,,,,,,,,,,,,,x,,,,,,,,,,,,,,,,,,,,,,,,,,,,,,,,,,,,,,,,,,,,,,,,,,,,,,,,,,,,,,,636.2405,638.0229,e,1.7704,,1,3,10,3,1,stimuliTAFCfirst/nimnym004.wav,,,,,,,,,,,,,
,,,,,235829,001,2024-06-06_13h49.03.339,mathesisv2,2024.1.3,Win32,60.24096386,,,,,,,,,,,,,,,,,y,,,,,,,,,,,,,,,,,,,,,,,,,,,,,,,,,,,,,,,,,,,,,,,,,,,,,,,,,,,,,,,638.0234,639.4393,y,1.4043,,1,4,11,6,1,stimuliTAFCfirst/nimnym007.wav,,,,,,,,,,,,,
,,,,,235829,001,2024-06-06_13h49.03.339,mathesisv2,2024.1.3,Win32,60.24096386,,,,,,,,,,,,,,,,,e,,,,,,,,,,,,,,,,,,,,,,,,,,,,,,,,,,,,,,,,,,,,,,,,,,,,,,,,,,,,,,,639.4399,640.9222,e,1.4671,,1,5,12,1,1,stimuliTAFCfirst/nimnym002.wav,,,,,,,,,,,,,
,,,,,235829,001,2024-06-06_13h49.03.339,mathesisv2,2024.1.3,Win32,60.24096386,,,,,,,,,,,,,,,,,e,,,,,,,,,,,,,,,,,,,,,,,,,,,,,,,,,,,,,,,,,,,,,,,,,,,,,,,,,,,,,,,640.9228,642.4219,e,1.4873,,1,6,13,0,1,stimuliTAFCfirst/nimnym001.wav,,,,,,,,,,,,,
,,,,,235829,001,2024-06-06_13h49.03.339,mathesisv2,2024.1.3,Win32,60.24096386,,,,,,,,,,,,,,,,,x,642.4223,643.8384,space,1.4063,,,,,,,,,,,,,,,,,,,,,,,,,,,,,,,,,,,,,,,,,,,,,,,,,,,,,,,,,,,,,,,,,,,,,,643.8576,645.8877,y,2.0219,,0,0,0,3,1,stimuliTAFCsec/numnym004.wav,,
,,,,,235829,001,2024-06-06_13h49.03.339,mathesisv2,2024.1.3,Win32,60.24096386,,,,,,,,,,,,,,,,,u,,,,,,,,,,,,,,,,,,,,,,,,,,,,,,,,,,,,,,,,,,,,,,,,,,,,,,,,,,,,,,,,,,,,,,,,,,645.8883,648.6704,u,2.7684,,0,1,1,1,1,stimuliTAFCsec/numnym002.wav,,
,,,,,235829,001,2024-06-06_13h49.03.339,mathesisv2,2024.1.3,Win32,60.24096386,,,,,,,,,,,,,,,,,y,,,,,,,,,,,,,,,,,,,,,,,,,,,,,,,,,,,,,,,,,,,,,,,,,,,,,,,,,,,,,,,,,,,,,,,,,,648.671,653.1192,u,4.4379,,0,2,2,4,1,stimuliTAFCsec/numnym005.wav,,
,,,,,235829,001,2024-06-06_13h49.03.339,mathesisv2,2024.1.3,Win32,60.24096386,,,,,,,,,,,,,,,,,y,,,,,,,,,,,,,,,,,,,,,,,,,,,,,,,,,,,,,,,,,,,,,,,,,,,,,,,,,,,,,,,,,,,,,,,,,,653.1332,654.5376,u,1.3985,,0,3,3,5,1,stimuliTAFCsec/numnym006.wav,,
,,,,,235829,001,2024-06-06_13h49.03.339,mathesisv2,2024.1.3,Win32,60.24096386,,,,,,,,,,,,,,,,,u,,,,,,,,,,,,,,,,,,,,,,,,,,,,,,,,,,,,,,,,,,,,,,,,,,,,,,,,,,,,,,,,,,,,,,,,,,654.538,655.7686,y,1.2163,,0,4,4,2,1,stimuliTAFCsec/numnym003.wav,,
,,,,,235829,001,2024-06-06_13h49.03.339,mathesisv2,2024.1.3,Win32,60.24096386,,,,,,,,,,,,,,,,,y,,,,,,,,,,,,,,,,,,,,,,,,,,,,,,,,,,,,,,,,,,,,,,,,,,,,,,,,,,,,,,,,,,,,,,,,,,655.7692,658.268,y,2.4804,,0,5,5,6,1,stimuliTAFCsec/numnym007.wav,,
,,,,,235829,001,2024-06-06_13h49.03.339,mathesisv2,2024.1.3,Win32,60.24096386,,,,,,,,,,,,,,,,,u,,,,,,,,,,,,,,,,,,,,,,,,,,,,,,,,,,,,,,,,,,,,,,,,,,,,,,,,,,,,,,,,,,,,,,,,,,658.2686,660.0008,u,1.7205,,0,6,6,0,1,stimuliTAFCsec/numnym001.wav,,
,,,,,235829,001,2024-06-06_13h49.03.339,mathesisv2,2024.1.3,Win32,60.24096386,,,,,,,,,,,,,,,,,x,,,,,,,,,,,,,,,,,,,,,,,,,,,,,,,,,,,,,,,,,,,,,,,,,,,,,,,,,,,,,,,,,,,,,,,,,,660.0015,663.7168,y,3.6998,,1,0,7,3,1,stimuliTAFCsec/numnym004.wav,,
,,,,,235829,001,2024-06-06_13h49.03.339,mathesisv2,2024.1.3,Win32,60.24096386,,,,,,,,,,,,,,,,,u,,,,,,,,,,,,,,,,,,,,,,,,,,,,,,,,,,,,,,,,,,,,,,,,,,,,,,,,,,,,,,,,,,,,,,,,,,663.7305,666.0328,u,2.2885,,1,1,8,1,1,stimuliTAFCsec/numnym002.wav,,
,,,,,235829,001,2024-06-06_13h49.03.339,mathesisv2,2024.1.3,Win32,60.24096386,,,,,,,,,,,,,,,,,u,,,,,,,,,,,,,,,,,,,,,,,,,,,,,,,,,,,,,,,,,,,,,,,,,,,,,,,,,,,,,,,,,,,,,,,,,,666.0334,667.4491,u,1.3977,,1,2,9,0,1,stimuliTAFCsec/numnym001.wav,,
,,,,,235829,001,2024-06-06_13h49.03.339,mathesisv2,2024.1.3,Win32,60.24096386,,,,,,,,,,,,,,,,,y,,,,,,,,,,,,,,,,,,,,,,,,,,,,,,,,,,,,,,,,,,,,,,,,,,,,,,,,,,,,,,,,,,,,,,,,,,667.4496,669.232,y,1.769,,1,3,10,6,1,stimuliTAFCsec/numnym007.wav,,
,,,,,235829,001,2024-06-06_13h49.03.339,mathesisv2,2024.1.3,Win32,60.24096386,,,,,,,,,,,,,,,,,y,,,,,,,,,,,,,,,,,,,,,,,,,,,,,,,,,,,,,,,,,,,,,,,,,,,,,,,,,,,,,,,,,,,,,,,,,,669.2327,670.9152,y,1.6744,,1,4,11,4,1,stimuliTAFCsec/numnym005.wav,,
,,,,,235829,001,2024-06-06_13h49.03.339,mathesisv2,2024.1.3,Win32,60.24096386,,,,,,,,,,,,,,,,,u,,,,,,,,,,,,,,,,,,,,,,,,,,,,,,,,,,,,,,,,,,,,,,,,,,,,,,,,,,,,,,,,,,,,,,,,,,670.916,672.1813,u,1.2477,,1,5,12,2,1,stimuliTAFCsec/numnym003.wav,,
,,,,,235829,001,2024-06-06_13h49.03.339,mathesisv2,2024.1.3,Win32,60.24096386,,,,,,,,,,,,,,,,,y,,,,,,,,,,,,,,,,,,,,,,,,,,,,,,,,,,,,,,,,,,,,,,,,,,,,,,,,,,,,,,,,,,,,,,,,,,672.1818,675.2639,y,3.0639,,1,6,13,5,1,stimuliTAFCsec/numnym006.wav,,
,,,,,235829,001,2024-06-06_13h49.03.339,mathesisv2,2024.1.3,Win32,60.24096386,,,,,,,,,,,,,,,,,,,,,,,,,,,,,,,,,,,,,,,,,,,675.2641,676.7473,space,1.4748,,,,,,,,,,,,,,,,,,,,,,,,,,,,,,,,,,,,,,,,,,,,,,,,,,,,,,,,676.7612,681.7461
