﻿start.started,start.stopped,startkey_resp.keys,startkey_resp.rt,startkey_resp.duration,participant,session,date,expName,psychopyVersion,OS,frameRate,attention.started,attention.stopped,key_resp.keys,key_resp.rt,key_resp.duration,stimuliAXBmix.started,stimuliAXBmix.stopped,stimuliAXBkey_resp.keys,stimuliAXBkey_resp.rt,stimuliAXBkey_resp.duration,stimuliAXBtesttrials.thisRepN,stimuliAXBtesttrials.thisTrialN,stimuliAXBtesttrials.thisN,stimuliAXBtesttrials.thisIndex,stimuliAXBtesttrials.ran,stimuliAXBmix,Correct,attentionsecond.started,attentionsecond.stopped,attentionsecondkey_resp.keys,attentionsecondkey_resp.rt,attentionsecondkey_resp.duration,instAXBreal.started,instAXBreal.stopped,instAXBrealkey_resp.keys,instAXBrealkey_resp.rt,instAXBrealkey_resp.duration,stimuliAXBmixfirst.thisRepN,stimuliAXBmixfirst.thisTrialN,stimuliAXBmixfirst.thisN,stimuliAXBmixfirst.thisIndex,stimuliAXBmixfirst.ran,attentionfirst.started,attentionfirst.stopped,attentionfirstkey_resp.keys,attentionfirstkey_resp.rt,attentionfirstkey_resp.duration,stimuliAXbmixsec.thisRepN,stimuliAXbmixsec.thisTrialN,stimuliAXbmixsec.thisN,stimuliAXbmixsec.thisIndex,stimuliAXbmixsec.ran,kaffeepause.started,kaffeepause.stopped,kaffeepausekey_resp.keys,kaffeepausekey_resp.rt,kaffeepausekey_resp.duration,instTAFCtest.started,instTAFCtest.stopped,instTAFCtestkey_resp.keys,instTAFCtestkey_resp.rt,instTAFCtestkey_resp.duration,testTAFCmixfirst.started,testTAFCmixfirst.stopped,testTAFCmixfirstkey_resp.keys,testTAFCmixfirstkey_resp.rt,testTAFCmixfirstkey_resp.duration,testTAFCmixfirsttrials.thisRepN,testTAFCmixfirsttrials.thisTrialN,testTAFCmixfirsttrials.thisN,testTAFCmixfirsttrials.thisIndex,testTAFCmixfirsttrials.ran,testTAFCmixfirst,testTAFCmixsec.started,testTAFCmixsec.stopped,testTAFCmixseckey_resp.keys,testTAFCmixseckey_resp.rt,testTAFCmixseckey_resp.duration,testTAFCmixsectrials.thisRepN,testTAFCmixsectrials.thisTrialN,testTAFCmixsectrials.thisN,testTAFCmixsectrials.thisIndex,testTAFCmixsectrials.ran,testTAFCmixsec,instTAFCreal.started,instTAFCreal.stopped,instTAFCrealkey_resp.keys,instTAFCrealkey_resp.rt,instTAFCrealkey_resp.duration,stimuliTAFCfirst.started,stimuliTAFCfirst.stopped,stimuliTAFCfirstkey_resp.keys,stimuliTAFCfirstkey_resp.rt,stimuliTAFCfirstkey_resp.duration,stimuliTAFCfirsttrials.thisRepN,stimuliTAFCfirsttrials.thisTrialN,stimuliTAFCfirsttrials.thisN,stimuliTAFCfirsttrials.thisIndex,stimuliTAFCfirsttrials.ran,stimuliTAFCfirst,stimuliTAFCsec.started,stimuliTAFCsec.stopped,stimuliTAFCseckey_resp.keys,stimuliTAFCseckey_resp.rt,stimuliTAFCseckey_resp.duration,stimuliTAFCsectrials.thisRepN,stimuliTAFCsectrials.thisTrialN,stimuliTAFCsectrials.thisN,stimuliTAFCsectrials.thisIndex,stimuliTAFCsectrials.ran,stimuliTAFCsec,end.started,end.stopped
0.0003,1.7321,space,1.7053,,5f37748da58054204f5b433a,001,2024-05-25_16h20.59.141,mathesisv2,2024.1.3,MacIntel,63.69426752,,,,,,,,,,,,,,,,,,,,,,,,,,,,,,,,,,,,,,,,,,,,,,,,,,,,,,,,,,,,,,,,,,,,,,,,,,,,,,,,,,,,,,,,,,,,,,,,,,,,,,,
,,,,,5f37748da58054204f5b433a,001,2024-05-25_16h20.59.141,mathesisv2,2024.1.3,MacIntel,63.69426752,1.7324,22.8325,space,21.0737,,,,,,,,,,,,,,,,,,,,,,,,,,,,,,,,,,,,,,,,,,,,,,,,,,,,,,,,,,,,,,,,,,,,,,,,,,,,,,,,,,,,,,,,,,,,,,,,,,,
,,,,,5f37748da58054204f5b433a,001,2024-05-25_16h20.59.141,mathesisv2,2024.1.3,MacIntel,63.69426752,,,,,,22.8537,31.45,f,8.5859,,0,0,0,1,1,stimuliAXBmix/iyystimulus.wav,f,,,,,,,,,,,,,,,,,,,,,,,,,,,,,,,,,,,,,,,,,,,,,,,,,,,,,,,,,,,,,,,,,,,,,,,,,,,,,,,,,,,,,,
,,,,,5f37748da58054204f5b433a,001,2024-05-25_16h20.59.141,mathesisv2,2024.1.3,MacIntel,63.69426752,,,,,,31.4595,36.3665,f,4.89,,0,1,1,2,1,stimuliAXBmix/yuustimulus.wav,f,,,,,,,,,,,,,,,,,,,,,,,,,,,,,,,,,,,,,,,,,,,,,,,,,,,,,,,,,,,,,,,,,,,,,,,,,,,,,,,,,,,,,,
,,,,,5f37748da58054204f5b433a,001,2024-05-25_16h20.59.141,mathesisv2,2024.1.3,MacIntel,63.69426752,,,,,,36.3764,39.8166,l,3.4224,,0,2,2,3,1,stimuliAXBmix/yyustimulus.wav,l,,,,,,,,,,,,,,,,,,,,,,,,,,,,,,,,,,,,,,,,,,,,,,,,,,,,,,,,,,,,,,,,,,,,,,,,,,,,,,,,,,,,,,
,,,,,5f37748da58054204f5b433a,001,2024-05-25_16h20.59.141,mathesisv2,2024.1.3,MacIntel,63.69426752,,,,,,39.8286,43.4835,l,3.6419,,0,3,3,0,1,stimuliAXBmix/iiystimulus.wav,l,,,,,,,,,,,,,,,,,,,,,,,,,,,,,,,,,,,,,,,,,,,,,,,,,,,,,,,,,,,,,,,,,,,,,,,,,,,,,,,,,,,,,,
,,,,,5f37748da58054204f5b433a,001,2024-05-25_16h20.59.141,mathesisv2,2024.1.3,MacIntel,63.69426752,,,,,,,,,,,,,,,,,,43.4927,47.3343,space,3.8312,,,,,,,,,,,,,,,,,,,,,,,,,,,,,,,,,,,,,,,,,,,,,,,,,,,,,,,,,,,,,,,,,,,,,,,,,,,,,,,,,,
,,,,,5f37748da58054204f5b433a,001,2024-05-25_16h20.59.141,mathesisv2,2024.1.3,MacIntel,63.69426752,,,,,,,,,,,,,,,,,,,,,,,47.3344,60.285,space,12.9222,,,,,,,,,,,,,,,,,,,,,,,,,,,,,,,,,,,,,,,,,,,,,,,,,,,,,,,,,,,,,,,,,,,,,,,,,,,,,
,,,,,5f37748da58054204f5b433a,001,2024-05-25_16h20.59.141,mathesisv2,2024.1.3,MacIntel,63.69426752,,,,,,60.3007,63.8345,l,3.5183,,,,,,,stimuliAXBmix/yyustimulus.wav,l,,,,,,,,,,,0,0,0,3,1,,,,,,,,,,,,,,,,,,,,,,,,,,,,,,,,,,,,,,,,,,,,,,,,,,,,,,,,,,,,,,,,,,,,,,,
,,,,,5f37748da58054204f5b433a,001,2024-05-25_16h20.59.141,mathesisv2,2024.1.3,MacIntel,63.69426752,,,,,,63.8352,67.2845,l,3.4323,,,,,,,stimuliAXBmix/iiystimulus.wav,l,,,,,,,,,,,0,1,1,0,1,,,,,,,,,,,,,,,,,,,,,,,,,,,,,,,,,,,,,,,,,,,,,,,,,,,,,,,,,,,,,,,,,,,,,,,
,,,,,5f37748da58054204f5b433a,001,2024-05-25_16h20.59.141,mathesisv2,2024.1.3,MacIntel,63.69426752,,,,,,67.294,71.2014,f,3.889,,,,,,,stimuliAXBmix/yuustimulus.wav,f,,,,,,,,,,,0,2,2,2,1,,,,,,,,,,,,,,,,,,,,,,,,,,,,,,,,,,,,,,,,,,,,,,,,,,,,,,,,,,,,,,,,,,,,,,,
,,,,,5f37748da58054204f5b433a,001,2024-05-25_16h20.59.141,mathesisv2,2024.1.3,MacIntel,63.69426752,,,,,,71.202,75.4349,f,4.2168,,,,,,,stimuliAXBmix/iyystimulus.wav,f,,,,,,,,,,,0,3,3,1,1,,,,,,,,,,,,,,,,,,,,,,,,,,,,,,,,,,,,,,,,,,,,,,,,,,,,,,,,,,,,,,,,,,,,,,,
,,,,,5f37748da58054204f5b433a,001,2024-05-25_16h20.59.141,mathesisv2,2024.1.3,MacIntel,63.69426752,,,,,,75.4446,78.7168,f,3.2539,,,,,,,stimuliAXBmix/iyystimulus.wav,f,,,,,,,,,,,1,0,4,1,1,,,,,,,,,,,,,,,,,,,,,,,,,,,,,,,,,,,,,,,,,,,,,,,,,,,,,,,,,,,,,,,,,,,,,,,
,,,,,5f37748da58054204f5b433a,001,2024-05-25_16h20.59.141,mathesisv2,2024.1.3,MacIntel,63.69426752,,,,,,78.7247,81.9018,l,3.162,,,,,,,stimuliAXBmix/yyustimulus.wav,l,,,,,,,,,,,1,1,5,3,1,,,,,,,,,,,,,,,,,,,,,,,,,,,,,,,,,,,,,,,,,,,,,,,,,,,,,,,,,,,,,,,,,,,,,,,
,,,,,5f37748da58054204f5b433a,001,2024-05-25_16h20.59.141,mathesisv2,2024.1.3,MacIntel,63.69426752,,,,,,81.9024,85.1853,f,3.2665,,,,,,,stimuliAXBmix/yuustimulus.wav,f,,,,,,,,,,,1,2,6,2,1,,,,,,,,,,,,,,,,,,,,,,,,,,,,,,,,,,,,,,,,,,,,,,,,,,,,,,,,,,,,,,,,,,,,,,,
,,,,,5f37748da58054204f5b433a,001,2024-05-25_16h20.59.141,mathesisv2,2024.1.3,MacIntel,63.69426752,,,,,,85.1948,89.3188,l,4.105,,,,,,,stimuliAXBmix/iiystimulus.wav,l,,,,,,,,,,,1,3,7,0,1,,,,,,,,,,,,,,,,,,,,,,,,,,,,,,,,,,,,,,,,,,,,,,,,,,,,,,,,,,,,,,,,,,,,,,,
,,,,,5f37748da58054204f5b433a,001,2024-05-25_16h20.59.141,mathesisv2,2024.1.3,MacIntel,63.69426752,,,,,,89.3295,97.1182,l,7.773,,,,,,,stimuliAXBmix/yyustimulus.wav,l,,,,,,,,,,,2,0,8,3,1,,,,,,,,,,,,,,,,,,,,,,,,,,,,,,,,,,,,,,,,,,,,,,,,,,,,,,,,,,,,,,,,,,,,,,,
,,,,,5f37748da58054204f5b433a,001,2024-05-25_16h20.59.141,mathesisv2,2024.1.3,MacIntel,63.69426752,,,,,,97.1291,104.7527,f,7.6076,,,,,,,stimuliAXBmix/yuustimulus.wav,f,,,,,,,,,,,2,1,9,2,1,,,,,,,,,,,,,,,,,,,,,,,,,,,,,,,,,,,,,,,,,,,,,,,,,,,,,,,,,,,,,,,,,,,,,,,
,,,,,5f37748da58054204f5b433a,001,2024-05-25_16h20.59.141,mathesisv2,2024.1.3,MacIntel,63.69426752,,,,,,104.7621,108.5362,f,3.7559,,,,,,,stimuliAXBmix/iyystimulus.wav,f,,,,,,,,,,,2,2,10,1,1,,,,,,,,,,,,,,,,,,,,,,,,,,,,,,,,,,,,,,,,,,,,,,,,,,,,,,,,,,,,,,,,,,,,,,,
,,,,,5f37748da58054204f5b433a,001,2024-05-25_16h20.59.141,mathesisv2,2024.1.3,MacIntel,63.69426752,,,,,,108.5452,112.5866,l,4.0222,,,,,,,stimuliAXBmix/iiystimulus.wav,l,,,,,,,,,,,2,3,11,0,1,,,,,,,,,,,,,,,,,,,,,,,,,,,,,,,,,,,,,,,,,,,,,,,,,,,,,,,,,,,,,,,,,,,,,,,
,,,,,5f37748da58054204f5b433a,001,2024-05-25_16h20.59.141,mathesisv2,2024.1.3,MacIntel,63.69426752,,,,,,114.8498,119.5023,f,4.6395,,,,,,,stimuliAXBmix/iyystimulus.wav,f,,,,,,,,,,,,,,,,112.5875,114.8372,space,2.2294,,0,0,0,1,1,,,,,,,,,,,,,,,,,,,,,,,,,,,,,,,,,,,,,,,,,,,,,,,,,,,,,,,,,,,,,
,,,,,5f37748da58054204f5b433a,001,2024-05-25_16h20.59.141,mathesisv2,2024.1.3,MacIntel,63.69426752,,,,,,119.5121,122.6531,l,3.1269,,,,,,,stimuliAXBmix/iiystimulus.wav,l,,,,,,,,,,,,,,,,,,,,,0,1,1,0,1,,,,,,,,,,,,,,,,,,,,,,,,,,,,,,,,,,,,,,,,,,,,,,,,,,,,,,,,,,,,,
,,,,,5f37748da58054204f5b433a,001,2024-05-25_16h20.59.141,mathesisv2,2024.1.3,MacIntel,63.69426752,,,,,,122.6605,126.3195,l,3.6449,,,,,,,stimuliAXBmix/yyustimulus.wav,l,,,,,,,,,,,,,,,,,,,,,0,2,2,3,1,,,,,,,,,,,,,,,,,,,,,,,,,,,,,,,,,,,,,,,,,,,,,,,,,,,,,,,,,,,,,
,,,,,5f37748da58054204f5b433a,001,2024-05-25_16h20.59.141,mathesisv2,2024.1.3,MacIntel,63.69426752,,,,,,126.3201,129.8706,f,3.5338,,,,,,,stimuliAXBmix/yuustimulus.wav,f,,,,,,,,,,,,,,,,,,,,,0,3,3,2,1,,,,,,,,,,,,,,,,,,,,,,,,,,,,,,,,,,,,,,,,,,,,,,,,,,,,,,,,,,,,,
,,,,,5f37748da58054204f5b433a,001,2024-05-25_16h20.59.141,mathesisv2,2024.1.3,MacIntel,63.69426752,,,,,,129.8813,134.0367,f,4.1388,,,,,,,stimuliAXBmix/iyystimulus.wav,f,,,,,,,,,,,,,,,,,,,,,1,0,4,1,1,,,,,,,,,,,,,,,,,,,,,,,,,,,,,,,,,,,,,,,,,,,,,,,,,,,,,,,,,,,,,
,,,,,5f37748da58054204f5b433a,001,2024-05-25_16h20.59.141,mathesisv2,2024.1.3,MacIntel,63.69426752,,,,,,134.0466,137.4041,l,3.3383,,,,,,,stimuliAXBmix/iiystimulus.wav,l,,,,,,,,,,,,,,,,,,,,,1,1,5,0,1,,,,,,,,,,,,,,,,,,,,,,,,,,,,,,,,,,,,,,,,,,,,,,,,,,,,,,,,,,,,,
,,,,,5f37748da58054204f5b433a,001,2024-05-25_16h20.59.141,mathesisv2,2024.1.3,MacIntel,63.69426752,,,,,,137.4133,140.5705,l,3.1487,,,,,,,stimuliAXBmix/yyustimulus.wav,l,,,,,,,,,,,,,,,,,,,,,1,2,6,3,1,,,,,,,,,,,,,,,,,,,,,,,,,,,,,,,,,,,,,,,,,,,,,,,,,,,,,,,,,,,,,
,,,,,5f37748da58054204f5b433a,001,2024-05-25_16h20.59.141,mathesisv2,2024.1.3,MacIntel,63.69426752,,,,,,140.5791,143.4712,f,2.8764,,,,,,,stimuliAXBmix/yuustimulus.wav,f,,,,,,,,,,,,,,,,,,,,,1,3,7,2,1,,,,,,,,,,,,,,,,,,,,,,,,,,,,,,,,,,,,,,,,,,,,,,,,,,,,,,,,,,,,,
,,,,,5f37748da58054204f5b433a,001,2024-05-25_16h20.59.141,mathesisv2,2024.1.3,MacIntel,63.69426752,,,,,,150.8349,153.9716,l,3.1216,,,,,,,stimuliAXBmix/yyustimulus.wav,l,,,,,,,,,,,0,0,0,3,1,,,,,,,,,,,143.472,150.8223,space,7.3235,,,,,,,,,,,,,,,,,,,,,,,,,,,,,,,,,,,,,,,,,,,,,,,,,,,,,,,,,
,,,,,5f37748da58054204f5b433a,001,2024-05-25_16h20.59.141,mathesisv2,2024.1.3,MacIntel,63.69426752,,,,,,153.9723,157.4717,l,3.4815,,,,,,,stimuliAXBmix/iiystimulus.wav,l,,,,,,,,,,,0,1,1,0,1,,,,,,,,,,,,,,,,,,,,,,,,,,,,,,,,,,,,,,,,,,,,,,,,,,,,,,,,,,,,,,,,,,,,,,,
,,,,,5f37748da58054204f5b433a,001,2024-05-25_16h20.59.141,mathesisv2,2024.1.3,MacIntel,63.69426752,,,,,,157.4818,160.5378,f,3.043,,,,,,,stimuliAXBmix/yuustimulus.wav,f,,,,,,,,,,,0,2,2,2,1,,,,,,,,,,,,,,,,,,,,,,,,,,,,,,,,,,,,,,,,,,,,,,,,,,,,,,,,,,,,,,,,,,,,,,,
,,,,,5f37748da58054204f5b433a,001,2024-05-25_16h20.59.141,mathesisv2,2024.1.3,MacIntel,63.69426752,,,,,,160.5465,163.8715,f,3.3207,,,,,,,stimuliAXBmix/iyystimulus.wav,f,,,,,,,,,,,0,3,3,1,1,,,,,,,,,,,,,,,,,,,,,,,,,,,,,,,,,,,,,,,,,,,,,,,,,,,,,,,,,,,,,,,,,,,,,,,
,,,,,5f37748da58054204f5b433a,001,2024-05-25_16h20.59.141,mathesisv2,2024.1.3,MacIntel,63.69426752,,,,,,163.8717,167.222,l,3.3355,,,,,,,stimuliAXBmix/iiystimulus.wav,l,,,,,,,,,,,1,0,4,0,1,,,,,,,,,,,,,,,,,,,,,,,,,,,,,,,,,,,,,,,,,,,,,,,,,,,,,,,,,,,,,,,,,,,,,,,
,,,,,5f37748da58054204f5b433a,001,2024-05-25_16h20.59.141,mathesisv2,2024.1.3,MacIntel,63.69426752,,,,,,167.2311,170.5046,l,3.2568,,,,,,,stimuliAXBmix/yyustimulus.wav,l,,,,,,,,,,,1,1,5,3,1,,,,,,,,,,,,,,,,,,,,,,,,,,,,,,,,,,,,,,,,,,,,,,,,,,,,,,,,,,,,,,,,,,,,,,,
,,,,,5f37748da58054204f5b433a,001,2024-05-25_16h20.59.141,mathesisv2,2024.1.3,MacIntel,63.69426752,,,,,,170.5135,173.6557,f,3.1241,,,,,,,stimuliAXBmix/yuustimulus.wav,f,,,,,,,,,,,1,2,6,2,1,,,,,,,,,,,,,,,,,,,,,,,,,,,,,,,,,,,,,,,,,,,,,,,,,,,,,,,,,,,,,,,,,,,,,,,
,,,,,5f37748da58054204f5b433a,001,2024-05-25_16h20.59.141,mathesisv2,2024.1.3,MacIntel,63.69426752,,,,,,173.6562,176.9219,f,3.2495,,,,,,,stimuliAXBmix/iyystimulus.wav,f,,,,,,,,,,,1,3,7,1,1,,,,,,,,,,,,,,,,,,,,,,,,,,,,,,,,,,,,,,,,,,,,,,,,,,,,,,,,,,,,,,,,,,,,,,,
,,,,,5f37748da58054204f5b433a,001,2024-05-25_16h20.59.141,mathesisv2,2024.1.3,MacIntel,63.69426752,,,,,,176.9315,180.306,l,3.3563,,,,,,,stimuliAXBmix/iiystimulus.wav,l,,,,,,,,,,,2,0,8,0,1,,,,,,,,,,,,,,,,,,,,,,,,,,,,,,,,,,,,,,,,,,,,,,,,,,,,,,,,,,,,,,,,,,,,,,,
,,,,,5f37748da58054204f5b433a,001,2024-05-25_16h20.59.141,mathesisv2,2024.1.3,MacIntel,63.69426752,,,,,,180.3066,183.7228,l,3.3995,,,,,,,stimuliAXBmix/yyustimulus.wav,l,,,,,,,,,,,2,1,9,3,1,,,,,,,,,,,,,,,,,,,,,,,,,,,,,,,,,,,,,,,,,,,,,,,,,,,,,,,,,,,,,,,,,,,,,,,
,,,,,5f37748da58054204f5b433a,001,2024-05-25_16h20.59.141,mathesisv2,2024.1.3,MacIntel,63.69426752,,,,,,183.7323,186.9389,f,3.1888,,,,,,,stimuliAXBmix/yuustimulus.wav,f,,,,,,,,,,,2,2,10,2,1,,,,,,,,,,,,,,,,,,,,,,,,,,,,,,,,,,,,,,,,,,,,,,,,,,,,,,,,,,,,,,,,,,,,,,,
,,,,,5f37748da58054204f5b433a,001,2024-05-25_16h20.59.141,mathesisv2,2024.1.3,MacIntel,63.69426752,,,,,,186.9494,190.6055,f,3.6391,,,,,,,stimuliAXBmix/iyystimulus.wav,f,,,,,,,,,,,2,3,11,1,1,,,,,,,,,,,,,,,,,,,,,,,,,,,,,,,,,,,,,,,,,,,,,,,,,,,,,,,,,,,,,,,,,,,,,,,
,,,,,5f37748da58054204f5b433a,001,2024-05-25_16h20.59.141,mathesisv2,2024.1.3,MacIntel,63.69426752,,,,,,194.5188,197.8055,l,3.2829,,,,,,,stimuliAXBmix/iiystimulus.wav,l,,,,,,,,,,,,,,,,190.6057,194.5068,space,3.8826,,0,0,0,0,1,,,,,,,,,,,,,,,,,,,,,,,,,,,,,,,,,,,,,,,,,,,,,,,,,,,,,,,,,,,,,
,,,,,5f37748da58054204f5b433a,001,2024-05-25_16h20.59.141,mathesisv2,2024.1.3,MacIntel,63.69426752,,,,,,197.806,201.0067,l,3.1841,,,,,,,stimuliAXBmix/yyustimulus.wav,l,,,,,,,,,,,,,,,,,,,,,0,1,1,3,1,,,,,,,,,,,,,,,,,,,,,,,,,,,,,,,,,,,,,,,,,,,,,,,,,,,,,,,,,,,,,
,,,,,5f37748da58054204f5b433a,001,2024-05-25_16h20.59.141,mathesisv2,2024.1.3,MacIntel,63.69426752,,,,,,201.0155,205.0237,f,3.9884,,,,,,,stimuliAXBmix/iyystimulus.wav,f,,,,,,,,,,,,,,,,,,,,,0,2,2,1,1,,,,,,,,,,,,,,,,,,,,,,,,,,,,,,,,,,,,,,,,,,,,,,,,,,,,,,,,,,,,,
,,,,,5f37748da58054204f5b433a,001,2024-05-25_16h20.59.141,mathesisv2,2024.1.3,MacIntel,63.69426752,,,,,,205.0332,208.7571,f,3.7102,,,,,,,stimuliAXBmix/yuustimulus.wav,f,,,,,,,,,,,,,,,,,,,,,0,3,3,2,1,,,,,,,,,,,,,,,,,,,,,,,,,,,,,,,,,,,,,,,,,,,,,,,,,,,,,,,,,,,,,
,,,,,5f37748da58054204f5b433a,001,2024-05-25_16h20.59.141,mathesisv2,2024.1.3,MacIntel,63.69426752,,,,,,208.766,213.5906,l,4.8055,,,,,,,stimuliAXBmix/yyustimulus.wav,l,,,,,,,,,,,,,,,,,,,,,1,0,4,3,1,,,,,,,,,,,,,,,,,,,,,,,,,,,,,,,,,,,,,,,,,,,,,,,,,,,,,,,,,,,,,
,,,,,5f37748da58054204f5b433a,001,2024-05-25_16h20.59.141,mathesisv2,2024.1.3,MacIntel,63.69426752,,,,,,213.5992,216.8734,f,3.2559,,,,,,,stimuliAXBmix/yuustimulus.wav,f,,,,,,,,,,,,,,,,,,,,,1,1,5,2,1,,,,,,,,,,,,,,,,,,,,,,,,,,,,,,,,,,,,,,,,,,,,,,,,,,,,,,,,,,,,,
,,,,,5f37748da58054204f5b433a,001,2024-05-25_16h20.59.141,mathesisv2,2024.1.3,MacIntel,63.69426752,,,,,,216.8826,220.2242,l,3.3231,,,,,,,stimuliAXBmix/iiystimulus.wav,l,,,,,,,,,,,,,,,,,,,,,1,2,6,0,1,,,,,,,,,,,,,,,,,,,,,,,,,,,,,,,,,,,,,,,,,,,,,,,,,,,,,,,,,,,,,
,,,,,5f37748da58054204f5b433a,001,2024-05-25_16h20.59.141,mathesisv2,2024.1.3,MacIntel,63.69426752,,,,,,220.2247,224.5079,f,4.2684,,,,,,,stimuliAXBmix/iyystimulus.wav,f,,,,,,,,,,,,,,,,,,,,,1,3,7,1,1,,,,,,,,,,,,,,,,,,,,,,,,,,,,,,,,,,,,,,,,,,,,,,,,,,,,,,,,,,,,,
,,,,,5f37748da58054204f5b433a,001,2024-05-25_16h20.59.141,mathesisv2,2024.1.3,MacIntel,63.69426752,,,,,,227.7187,232.2071,l,4.476,,,,,,,stimuliAXBmix/yyustimulus.wav,l,,,,,,,,,,,0,0,0,3,1,,,,,,,,,,,224.508,227.708,space,3.1794,,,,,,,,,,,,,,,,,,,,,,,,,,,,,,,,,,,,,,,,,,,,,,,,,,,,,,,,,
,,,,,5f37748da58054204f5b433a,001,2024-05-25_16h20.59.141,mathesisv2,2024.1.3,MacIntel,63.69426752,,,,,,232.2156,235.5572,l,3.3249,,,,,,,stimuliAXBmix/iiystimulus.wav,l,,,,,,,,,,,0,1,1,0,1,,,,,,,,,,,,,,,,,,,,,,,,,,,,,,,,,,,,,,,,,,,,,,,,,,,,,,,,,,,,,,,,,,,,,,,
,,,,,5f37748da58054204f5b433a,001,2024-05-25_16h20.59.141,mathesisv2,2024.1.3,MacIntel,63.69426752,,,,,,235.5656,238.6418,f,3.0596,,,,,,,stimuliAXBmix/yuustimulus.wav,f,,,,,,,,,,,0,2,2,2,1,,,,,,,,,,,,,,,,,,,,,,,,,,,,,,,,,,,,,,,,,,,,,,,,,,,,,,,,,,,,,,,,,,,,,,,
,,,,,5f37748da58054204f5b433a,001,2024-05-25_16h20.59.141,mathesisv2,2024.1.3,MacIntel,63.69426752,,,,,,238.6517,241.8919,f,3.2237,,,,,,,stimuliAXBmix/iyystimulus.wav,f,,,,,,,,,,,0,3,3,1,1,,,,,,,,,,,,,,,,,,,,,,,,,,,,,,,,,,,,,,,,,,,,,,,,,,,,,,,,,,,,,,,,,,,,,,,
,,,,,5f37748da58054204f5b433a,001,2024-05-25_16h20.59.141,mathesisv2,2024.1.3,MacIntel,63.69426752,,,,,,241.8924,245.0421,l,3.1339,,,,,,,stimuliAXBmix/yyustimulus.wav,l,,,,,,,,,,,1,0,4,3,1,,,,,,,,,,,,,,,,,,,,,,,,,,,,,,,,,,,,,,,,,,,,,,,,,,,,,,,,,,,,,,,,,,,,,,,
,,,,,5f37748da58054204f5b433a,001,2024-05-25_16h20.59.141,mathesisv2,2024.1.3,MacIntel,63.69426752,,,,,,245.0507,248.4417,l,3.3736,,,,,,,stimuliAXBmix/iiystimulus.wav,l,,,,,,,,,,,1,1,5,0,1,,,,,,,,,,,,,,,,,,,,,,,,,,,,,,,,,,,,,,,,,,,,,,,,,,,,,,,,,,,,,,,,,,,,,,,
,,,,,5f37748da58054204f5b433a,001,2024-05-25_16h20.59.141,mathesisv2,2024.1.3,MacIntel,63.69426752,,,,,,248.4503,251.6259,f,3.1566,,,,,,,stimuliAXBmix/yuustimulus.wav,f,,,,,,,,,,,1,2,6,2,1,,,,,,,,,,,,,,,,,,,,,,,,,,,,,,,,,,,,,,,,,,,,,,,,,,,,,,,,,,,,,,,,,,,,,,,
,,,,,5f37748da58054204f5b433a,001,2024-05-25_16h20.59.141,mathesisv2,2024.1.3,MacIntel,63.69426752,,,,,,251.6264,254.9752,f,3.3332,,,,,,,stimuliAXBmix/iyystimulus.wav,f,,,,,,,,,,,1,3,7,1,1,,,,,,,,,,,,,,,,,,,,,,,,,,,,,,,,,,,,,,,,,,,,,,,,,,,,,,,,,,,,,,,,,,,,,,,
,,,,,5f37748da58054204f5b433a,001,2024-05-25_16h20.59.141,mathesisv2,2024.1.3,MacIntel,63.69426752,,,,,,254.9841,258.8426,f,3.8406,,,,,,,stimuliAXBmix/iyystimulus.wav,f,,,,,,,,,,,2,0,8,1,1,,,,,,,,,,,,,,,,,,,,,,,,,,,,,,,,,,,,,,,,,,,,,,,,,,,,,,,,,,,,,,,,,,,,,,,
,,,,,5f37748da58054204f5b433a,001,2024-05-25_16h20.59.141,mathesisv2,2024.1.3,MacIntel,63.69426752,,,,,,258.8537,262.5597,l,3.6992,,,,,,,stimuliAXBmix/iiystimulus.wav,l,,,,,,,,,,,2,1,9,0,1,,,,,,,,,,,,,,,,,,,,,,,,,,,,,,,,,,,,,,,,,,,,,,,,,,,,,,,,,,,,,,,,,,,,,,,
,,,,,5f37748da58054204f5b433a,001,2024-05-25_16h20.59.141,mathesisv2,2024.1.3,MacIntel,63.69426752,,,,,,262.5681,265.8929,l,3.3163,,,,,,,stimuliAXBmix/yyustimulus.wav,l,,,,,,,,,,,2,2,10,3,1,,,,,,,,,,,,,,,,,,,,,,,,,,,,,,,,,,,,,,,,,,,,,,,,,,,,,,,,,,,,,,,,,,,,,,,
,,,,,5f37748da58054204f5b433a,001,2024-05-25_16h20.59.141,mathesisv2,2024.1.3,MacIntel,63.69426752,,,,,,265.8933,269.6258,f,3.7182,,,,,,,stimuliAXBmix/yuustimulus.wav,f,,,,,,,,,,,2,3,11,2,1,,,,,,,,,,,,,,,,,,,,,,,,,,,,,,,,,,,,,,,,,,,,,,,,,,,,,,,,,,,,,,,,,,,,,,,
,,,,,5f37748da58054204f5b433a,001,2024-05-25_16h20.59.141,mathesisv2,2024.1.3,MacIntel,63.69426752,,,,,,272.138,275.3759,f,3.2226,,,,,,,stimuliAXBmix/iyystimulus.wav,f,,,,,,,,,,,,,,,,269.626,272.1269,space,2.4835,,0,0,0,1,1,,,,,,,,,,,,,,,,,,,,,,,,,,,,,,,,,,,,,,,,,,,,,,,,,,,,,,,,,,,,,
,,,,,5f37748da58054204f5b433a,001,2024-05-25_16h20.59.141,mathesisv2,2024.1.3,MacIntel,63.69426752,,,,,,275.3862,278.7104,l,3.3153,,,,,,,stimuliAXBmix/yyustimulus.wav,l,,,,,,,,,,,,,,,,,,,,,0,1,1,3,1,,,,,,,,,,,,,,,,,,,,,,,,,,,,,,,,,,,,,,,,,,,,,,,,,,,,,,,,,,,,,
,,,,,5f37748da58054204f5b433a,001,2024-05-25_16h20.59.141,mathesisv2,2024.1.3,MacIntel,63.69426752,,,,,,278.7209,281.9104,l,3.1725,,,,,,,stimuliAXBmix/iiystimulus.wav,l,,,,,,,,,,,,,,,,,,,,,0,2,2,0,1,,,,,,,,,,,,,,,,,,,,,,,,,,,,,,,,,,,,,,,,,,,,,,,,,,,,,,,,,,,,,
,,,,,5f37748da58054204f5b433a,001,2024-05-25_16h20.59.141,mathesisv2,2024.1.3,MacIntel,63.69426752,,,,,,281.9108,284.9932,f,3.0673,,,,,,,stimuliAXBmix/yuustimulus.wav,f,,,,,,,,,,,,,,,,,,,,,0,3,3,2,1,,,,,,,,,,,,,,,,,,,,,,,,,,,,,,,,,,,,,,,,,,,,,,,,,,,,,,,,,,,,,
,,,,,5f37748da58054204f5b433a,001,2024-05-25_16h20.59.141,mathesisv2,2024.1.3,MacIntel,63.69426752,,,,,,285.0023,288.1775,f,3.1559,,,,,,,stimuliAXBmix/iyystimulus.wav,f,,,,,,,,,,,,,,,,,,,,,1,0,4,1,1,,,,,,,,,,,,,,,,,,,,,,,,,,,,,,,,,,,,,,,,,,,,,,,,,,,,,,,,,,,,,
,,,,,5f37748da58054204f5b433a,001,2024-05-25_16h20.59.141,mathesisv2,2024.1.3,MacIntel,63.69426752,,,,,,288.1781,291.3609,l,3.1697,,,,,,,stimuliAXBmix/iiystimulus.wav,l,,,,,,,,,,,,,,,,,,,,,1,1,5,0,1,,,,,,,,,,,,,,,,,,,,,,,,,,,,,,,,,,,,,,,,,,,,,,,,,,,,,,,,,,,,,
,,,,,5f37748da58054204f5b433a,001,2024-05-25_16h20.59.141,mathesisv2,2024.1.3,MacIntel,63.69426752,,,,,,291.3712,294.4772,f,3.0887,,,,,,,stimuliAXBmix/yuustimulus.wav,f,,,,,,,,,,,,,,,,,,,,,1,2,6,2,1,,,,,,,,,,,,,,,,,,,,,,,,,,,,,,,,,,,,,,,,,,,,,,,,,,,,,,,,,,,,,
,,,,,5f37748da58054204f5b433a,001,2024-05-25_16h20.59.141,mathesisv2,2024.1.3,MacIntel,63.69426752,,,,,,294.4869,297.6605,l,3.1553,,,,,,,stimuliAXBmix/yyustimulus.wav,l,,,,,,,,,,,,,,,,,,,,,1,3,7,3,1,,,,,,,,,,,,,,,,,,,,,,,,,,,,,,,,,,,,,,,,,,,,,,,,,,,,,,,,,,,,,
,,,,,5f37748da58054204f5b433a,001,2024-05-25_16h20.59.141,mathesisv2,2024.1.3,MacIntel,63.69426752,,,,,,305.1238,308.3117,l,3.1708,,,,,,,stimuliAXBmix/iiystimulus.wav,l,,,,,,,,,,,0,0,0,0,1,,,,,,,,,,,297.6607,305.1116,space,7.4353,,,,,,,,,,,,,,,,,,,,,,,,,,,,,,,,,,,,,,,,,,,,,,,,,,,,,,,,,
,,,,,5f37748da58054204f5b433a,001,2024-05-25_16h20.59.141,mathesisv2,2024.1.3,MacIntel,63.69426752,,,,,,308.3123,311.4117,l,3.0944,,,,,,,stimuliAXBmix/yyustimulus.wav,l,,,,,,,,,,,0,1,1,3,1,,,,,,,,,,,,,,,,,,,,,,,,,,,,,,,,,,,,,,,,,,,,,,,,,,,,,,,,,,,,,,,,,,,,,,,
,,,,,5f37748da58054204f5b433a,001,2024-05-25_16h20.59.141,mathesisv2,2024.1.3,MacIntel,63.69426752,,,,,,311.4212,314.5785,f,3.1416,,,,,,,stimuliAXBmix/iyystimulus.wav,f,,,,,,,,,,,0,2,2,1,1,,,,,,,,,,,,,,,,,,,,,,,,,,,,,,,,,,,,,,,,,,,,,,,,,,,,,,,,,,,,,,,,,,,,,,,
,,,,,5f37748da58054204f5b433a,001,2024-05-25_16h20.59.141,mathesisv2,2024.1.3,MacIntel,63.69426752,,,,,,314.5789,317.6455,f,3.0534,,,,,,,stimuliAXBmix/yuustimulus.wav,f,,,,,,,,,,,0,3,3,2,1,,,,,,,,,,,,,,,,,,,,,,,,,,,,,,,,,,,,,,,,,,,,,,,,,,,,,,,,,,,,,,,,,,,,,,,
,,,,,5f37748da58054204f5b433a,001,2024-05-25_16h20.59.141,mathesisv2,2024.1.3,MacIntel,63.69426752,,,,,,317.6556,320.7787,f,3.1055,,,,,,,stimuliAXBmix/yuustimulus.wav,f,,,,,,,,,,,1,0,4,2,1,,,,,,,,,,,,,,,,,,,,,,,,,,,,,,,,,,,,,,,,,,,,,,,,,,,,,,,,,,,,,,,,,,,,,,,
,,,,,5f37748da58054204f5b433a,001,2024-05-25_16h20.59.141,mathesisv2,2024.1.3,MacIntel,63.69426752,,,,,,320.7792,324.4123,f,3.6169,,,,,,,stimuliAXBmix/iyystimulus.wav,f,,,,,,,,,,,1,1,5,1,1,,,,,,,,,,,,,,,,,,,,,,,,,,,,,,,,,,,,,,,,,,,,,,,,,,,,,,,,,,,,,,,,,,,,,,,
,,,,,5f37748da58054204f5b433a,001,2024-05-25_16h20.59.141,mathesisv2,2024.1.3,MacIntel,63.69426752,,,,,,324.4223,327.5456,l,3.1063,,,,,,,stimuliAXBmix/yyustimulus.wav,l,,,,,,,,,,,1,2,6,3,1,,,,,,,,,,,,,,,,,,,,,,,,,,,,,,,,,,,,,,,,,,,,,,,,,,,,,,,,,,,,,,,,,,,,,,,
,,,,,5f37748da58054204f5b433a,001,2024-05-25_16h20.59.141,mathesisv2,2024.1.3,MacIntel,63.69426752,,,,,,327.5557,331.8124,l,4.2511,,,,,,,stimuliAXBmix/iiystimulus.wav,l,,,,,,,,,,,1,3,7,0,1,,,,,,,,,,,,,,,,,,,,,,,,,,,,,,,,,,,,,,,,,,,,,,,,,,,,,,,,,,,,,,,,,,,,,,,
,,,,,5f37748da58054204f5b433a,001,2024-05-25_16h20.59.141,mathesisv2,2024.1.3,MacIntel,63.69426752,,,,,,331.8212,335.346,l,3.5067,,,,,,,stimuliAXBmix/yyustimulus.wav,l,,,,,,,,,,,2,0,8,3,1,,,,,,,,,,,,,,,,,,,,,,,,,,,,,,,,,,,,,,,,,,,,,,,,,,,,,,,,,,,,,,,,,,,,,,,
,,,,,5f37748da58054204f5b433a,001,2024-05-25_16h20.59.141,mathesisv2,2024.1.3,MacIntel,63.69426752,,,,,,335.3559,338.5796,f,3.2062,,,,,,,stimuliAXBmix/yuustimulus.wav,f,,,,,,,,,,,2,1,9,2,1,,,,,,,,,,,,,,,,,,,,,,,,,,,,,,,,,,,,,,,,,,,,,,,,,,,,,,,,,,,,,,,,,,,,,,,
,,,,,5f37748da58054204f5b433a,001,2024-05-25_16h20.59.141,mathesisv2,2024.1.3,MacIntel,63.69426752,,,,,,338.5801,342.3966,f,3.7995,,,,,,,stimuliAXBmix/iyystimulus.wav,f,,,,,,,,,,,2,2,10,1,1,,,,,,,,,,,,,,,,,,,,,,,,,,,,,,,,,,,,,,,,,,,,,,,,,,,,,,,,,,,,,,,,,,,,,,,
,,,,,5f37748da58054204f5b433a,001,2024-05-25_16h20.59.141,mathesisv2,2024.1.3,MacIntel,63.69426752,,,,,,342.4067,346.0298,l,3.6094,,,,,,,stimuliAXBmix/iiystimulus.wav,l,,,,,,,,,,,2,3,11,0,1,,,,,,,,,,,,,,,,,,,,,,,,,,,,,,,,,,,,,,,,,,,,,,,,,,,,,,,,,,,,,,,,,,,,,,,
,,,,,5f37748da58054204f5b433a,001,2024-05-25_16h20.59.141,mathesisv2,2024.1.3,MacIntel,63.69426752,,,,,,349.2567,352.1967,l,2.9223,,,,,,,stimuliAXBmix/yyustimulus.wav,l,,,,,,,,,,,,,,,,346.03,349.2458,space,3.1992,,0,0,0,3,1,,,,,,,,,,,,,,,,,,,,,,,,,,,,,,,,,,,,,,,,,,,,,,,,,,,,,,,,,,,,,
,,,,,5f37748da58054204f5b433a,001,2024-05-25_16h20.59.141,mathesisv2,2024.1.3,MacIntel,63.69426752,,,,,,352.1973,355.1801,l,2.9775,,,,,,,stimuliAXBmix/iiystimulus.wav,l,,,,,,,,,,,,,,,,,,,,,0,1,1,0,1,,,,,,,,,,,,,,,,,,,,,,,,,,,,,,,,,,,,,,,,,,,,,,,,,,,,,,,,,,,,,
,,,,,5f37748da58054204f5b433a,001,2024-05-25_16h20.59.141,mathesisv2,2024.1.3,MacIntel,63.69426752,,,,,,355.1891,358.4137,f,3.206,,,,,,,stimuliAXBmix/yuustimulus.wav,f,,,,,,,,,,,,,,,,,,,,,0,2,2,2,1,,,,,,,,,,,,,,,,,,,,,,,,,,,,,,,,,,,,,,,,,,,,,,,,,,,,,,,,,,,,,
,,,,,5f37748da58054204f5b433a,001,2024-05-25_16h20.59.141,mathesisv2,2024.1.3,MacIntel,63.69426752,,,,,,358.4142,362.4306,f,4.0004,,,,,,,stimuliAXBmix/iyystimulus.wav,f,,,,,,,,,,,,,,,,,,,,,0,3,3,1,1,,,,,,,,,,,,,,,,,,,,,,,,,,,,,,,,,,,,,,,,,,,,,,,,,,,,,,,,,,,,,
,,,,,5f37748da58054204f5b433a,001,2024-05-25_16h20.59.141,mathesisv2,2024.1.3,MacIntel,63.69426752,,,,,,362.4411,365.764,l,3.3087,,,,,,,stimuliAXBmix/yyustimulus.wav,l,,,,,,,,,,,,,,,,,,,,,1,0,4,3,1,,,,,,,,,,,,,,,,,,,,,,,,,,,,,,,,,,,,,,,,,,,,,,,,,,,,,,,,,,,,,
,,,,,5f37748da58054204f5b433a,001,2024-05-25_16h20.59.141,mathesisv2,2024.1.3,MacIntel,63.69426752,,,,,,365.7733,370.9309,f,5.1399,,,,,,,stimuliAXBmix/iyystimulus.wav,f,,,,,,,,,,,,,,,,,,,,,1,1,5,1,1,,,,,,,,,,,,,,,,,,,,,,,,,,,,,,,,,,,,,,,,,,,,,,,,,,,,,,,,,,,,,
,,,,,5f37748da58054204f5b433a,001,2024-05-25_16h20.59.141,mathesisv2,2024.1.3,MacIntel,63.69426752,,,,,,370.9412,374.0801,l,3.1218,,,,,,,stimuliAXBmix/iiystimulus.wav,l,,,,,,,,,,,,,,,,,,,,,1,2,6,0,1,,,,,,,,,,,,,,,,,,,,,,,,,,,,,,,,,,,,,,,,,,,,,,,,,,,,,,,,,,,,,
,,,,,5f37748da58054204f5b433a,001,2024-05-25_16h20.59.141,mathesisv2,2024.1.3,MacIntel,63.69426752,,,,,,374.0901,377.1811,f,3.0726,,,,,,,stimuliAXBmix/yuustimulus.wav,f,,,,,,,,,,,,,,,,,,,,,1,3,7,2,1,,,,,,,,,,,,,,,,,,,,,,,,,,,,,,,,,,,,,,,,,,,,,,,,,,,,,,,,,,,,,
,,,,,5f37748da58054204f5b433a,001,2024-05-25_16h20.59.141,mathesisv2,2024.1.3,MacIntel,63.69426752,,,,,,,,,,,,,,,,,,,,,,,,,,,,,,,,,,,,,,,,,,,377.1813,384.5315,space,7.3316,,384.5322,396.2494,space,11.6904,,,,,,,,,,,,,,,,,,,,,,,,,,,,,,,,,,,,,,,,,,,,,,,,,,,,
,,,,,5f37748da58054204f5b433a,001,2024-05-25_16h20.59.141,mathesisv2,2024.1.3,MacIntel,63.69426752,,,,,,,,,,,,,,,,,,,,,,,,,,,,,,,,,,,,,,,,,,,,,,,,,,,,,396.2625,405.4495,e,9.167,,0,0,0,1,1,testTAFCmixfirst/nimnym002.wav,,,,,,,,,,,,,,,,,,,,,,,,,,,,,,,,,,,,,,,,
,,,,,5f37748da58054204f5b433a,001,2024-05-25_16h20.59.141,mathesisv2,2024.1.3,MacIntel,63.69426752,,,,,,,,,,,,,,,,,,,,,,,,,,,,,,,,,,,,,,,,,,,,,,,,,,,,,405.4586,407.5981,e,2.1221,,0,1,1,0,1,testTAFCmixfirst/nimnym001.wav,,,,,,,,,,,,,,,,,,,,,,,,,,,,,,,,,,,,,,,,
,,,,,5f37748da58054204f5b433a,001,2024-05-25_16h20.59.141,mathesisv2,2024.1.3,MacIntel,63.69426752,,,,,,,,,,,,,,,,,,,,,,,,,,,,,,,,,,,,,,,,,,,,,,,,,,,,,407.5986,409.2993,y,1.6848,,0,2,2,2,1,testTAFCmixfirst/nimnym006.wav,,,,,,,,,,,,,,,,,,,,,,,,,,,,,,,,,,,,,,,,
,,,,,5f37748da58054204f5b433a,001,2024-05-25_16h20.59.141,mathesisv2,2024.1.3,MacIntel,63.69426752,,,,,,,,,,,,,,,,,,,,,,,,,,,,,,,,,,,,,,,,,,,,,,,,,,,,,,,,,,,,,,,,409.3052,414.6832,u,5.3539,,0,0,0,1,1,testTAFCmixsec/numnym002.wav,,,,,,,,,,,,,,,,,,,,,,,,,,,,,
,,,,,5f37748da58054204f5b433a,001,2024-05-25_16h20.59.141,mathesisv2,2024.1.3,MacIntel,63.69426752,,,,,,,,,,,,,,,,,,,,,,,,,,,,,,,,,,,,,,,,,,,,,,,,,,,,,,,,,,,,,,,,414.6924,416.6992,u,1.9883,,0,1,1,0,1,testTAFCmixsec/numnym001.wav,,,,,,,,,,,,,,,,,,,,,,,,,,,,,
,,,,,5f37748da58054204f5b433a,001,2024-05-25_16h20.59.141,mathesisv2,2024.1.3,MacIntel,63.69426752,,,,,,,,,,,,,,,,,,,,,,,,,,,,,,,,,,,,,,,,,,,,,,,,,,,,,,,,,,,,,,,,416.6997,418.3159,y,1.6118,,0,2,2,2,1,testTAFCmixsec/numnym006.wav,,,,,,,,,,,,,,,,,,,,,,,,,,,,,
,,,,,5f37748da58054204f5b433a,001,2024-05-25_16h20.59.141,mathesisv2,2024.1.3,MacIntel,63.69426752,,,,,,,,,,,,,,,,,,,,,,,,,,,,,,,,,,,,,,,,,,,,,,,,,,,,,,,,,,,,,,,,,,,,,,,,,,,418.3168,429.7836,space,11.4405,,,,,,,,,,,,,,,,,,,,,,,,,
,,,,,5f37748da58054204f5b433a,001,2024-05-25_16h20.59.141,mathesisv2,2024.1.3,MacIntel,63.69426752,,,,,,,,,,,,,,,,,x,,,,,,,,,,,,,,,,,,,,,,,,,,,,,,,,,,,,,,,,,,,,,,,,,,,,,,,,,,,,,,,429.7969,435.7335,e,5.9194,,0,0,0,3,1,stimuliTAFCfirst/nimnym004.wav,,,,,,,,,,,,,
,,,,,5f37748da58054204f5b433a,001,2024-05-25_16h20.59.141,mathesisv2,2024.1.3,MacIntel,63.69426752,,,,,,,,,,,,,,,,,y,,,,,,,,,,,,,,,,,,,,,,,,,,,,,,,,,,,,,,,,,,,,,,,,,,,,,,,,,,,,,,,435.7415,438.2162,y,2.4574,,0,1,1,6,1,stimuliTAFCfirst/nimnym007.wav,,,,,,,,,,,,,
,,,,,5f37748da58054204f5b433a,001,2024-05-25_16h20.59.141,mathesisv2,2024.1.3,MacIntel,63.69426752,,,,,,,,,,,,,,,,,e,,,,,,,,,,,,,,,,,,,,,,,,,,,,,,,,,,,,,,,,,,,,,,,,,,,,,,,,,,,,,,,438.2243,439.8495,e,1.6112,,0,2,2,1,1,stimuliTAFCfirst/nimnym002.wav,,,,,,,,,,,,,
,,,,,5f37748da58054204f5b433a,001,2024-05-25_16h20.59.141,mathesisv2,2024.1.3,MacIntel,63.69426752,,,,,,,,,,,,,,,,,e,,,,,,,,,,,,,,,,,,,,,,,,,,,,,,,,,,,,,,,,,,,,,,,,,,,,,,,,,,,,,,,439.8501,441.3673,e,1.5002,,0,3,3,0,1,stimuliTAFCfirst/nimnym001.wav,,,,,,,,,,,,,
,,,,,5f37748da58054204f5b433a,001,2024-05-25_16h20.59.141,mathesisv2,2024.1.3,MacIntel,63.69426752,,,,,,,,,,,,,,,,,e,,,,,,,,,,,,,,,,,,,,,,,,,,,,,,,,,,,,,,,,,,,,,,,,,,,,,,,,,,,,,,,441.3679,442.5841,e,1.202,,0,4,4,2,1,stimuliTAFCfirst/nimnym003.wav,,,,,,,,,,,,,
,,,,,5f37748da58054204f5b433a,001,2024-05-25_16h20.59.141,mathesisv2,2024.1.3,MacIntel,63.69426752,,,,,,,,,,,,,,,,,y,,,,,,,,,,,,,,,,,,,,,,,,,,,,,,,,,,,,,,,,,,,,,,,,,,,,,,,,,,,,,,,442.5846,443.8675,y,1.2671,,0,5,5,5,1,stimuliTAFCfirst/nimnym006.wav,,,,,,,,,,,,,
,,,,,5f37748da58054204f5b433a,001,2024-05-25_16h20.59.141,mathesisv2,2024.1.3,MacIntel,63.69426752,,,,,,,,,,,,,,,,,y,,,,,,,,,,,,,,,,,,,,,,,,,,,,,,,,,,,,,,,,,,,,,,,,,,,,,,,,,,,,,,,443.8681,445.5508,y,1.6674,,0,6,6,4,1,stimuliTAFCfirst/nimnym005.wav,,,,,,,,,,,,,
,,,,,5f37748da58054204f5b433a,001,2024-05-25_16h20.59.141,mathesisv2,2024.1.3,MacIntel,63.69426752,,,,,,,,,,,,,,,,,y,,,,,,,,,,,,,,,,,,,,,,,,,,,,,,,,,,,,,,,,,,,,,,,,,,,,,,,,,,,,,,,445.5514,446.8003,y,1.2309,,1,0,7,5,1,stimuliTAFCfirst/nimnym006.wav,,,,,,,,,,,,,
,,,,,5f37748da58054204f5b433a,001,2024-05-25_16h20.59.141,mathesisv2,2024.1.3,MacIntel,63.69426752,,,,,,,,,,,,,,,,,y,,,,,,,,,,,,,,,,,,,,,,,,,,,,,,,,,,,,,,,,,,,,,,,,,,,,,,,,,,,,,,,446.8006,448.0837,y,1.2688,,1,1,8,4,1,stimuliTAFCfirst/nimnym005.wav,,,,,,,,,,,,,
,,,,,5f37748da58054204f5b433a,001,2024-05-25_16h20.59.141,mathesisv2,2024.1.3,MacIntel,63.69426752,,,,,,,,,,,,,,,,,e,,,,,,,,,,,,,,,,,,,,,,,,,,,,,,,,,,,,,,,,,,,,,,,,,,,,,,,,,,,,,,,448.0842,449.301,e,1.2005,,1,2,9,0,1,stimuliTAFCfirst/nimnym001.wav,,,,,,,,,,,,,
,,,,,5f37748da58054204f5b433a,001,2024-05-25_16h20.59.141,mathesisv2,2024.1.3,MacIntel,63.69426752,,,,,,,,,,,,,,,,,y,,,,,,,,,,,,,,,,,,,,,,,,,,,,,,,,,,,,,,,,,,,,,,,,,,,,,,,,,,,,,,,449.3016,450.5,y,1.1851,,1,3,10,6,1,stimuliTAFCfirst/nimnym007.wav,,,,,,,,,,,,,
,,,,,5f37748da58054204f5b433a,001,2024-05-25_16h20.59.141,mathesisv2,2024.1.3,MacIntel,63.69426752,,,,,,,,,,,,,,,,,x,,,,,,,,,,,,,,,,,,,,,,,,,,,,,,,,,,,,,,,,,,,,,,,,,,,,,,,,,,,,,,,450.5006,451.8004,e,1.2876,,1,4,11,3,1,stimuliTAFCfirst/nimnym004.wav,,,,,,,,,,,,,
,,,,,5f37748da58054204f5b433a,001,2024-05-25_16h20.59.141,mathesisv2,2024.1.3,MacIntel,63.69426752,,,,,,,,,,,,,,,,,e,,,,,,,,,,,,,,,,,,,,,,,,,,,,,,,,,,,,,,,,,,,,,,,,,,,,,,,,,,,,,,,451.8009,453.001,e,1.1873,,1,5,12,1,1,stimuliTAFCfirst/nimnym002.wav,,,,,,,,,,,,,
,,,,,5f37748da58054204f5b433a,001,2024-05-25_16h20.59.141,mathesisv2,2024.1.3,MacIntel,63.69426752,,,,,,,,,,,,,,,,,e,,,,,,,,,,,,,,,,,,,,,,,,,,,,,,,,,,,,,,,,,,,,,,,,,,,,,,,,,,,,,,,453.0017,454.268,e,1.2494,,1,6,13,2,1,stimuliTAFCfirst/nimnym003.wav,,,,,,,,,,,,,
,,,,,5f37748da58054204f5b433a,001,2024-05-25_16h20.59.141,mathesisv2,2024.1.3,MacIntel,63.69426752,,,,,,,,,,,,,,,,,u,454.2688,457.8016,space,3.5147,,,,,,,,,,,,,,,,,,,,,,,,,,,,,,,,,,,,,,,,,,,,,,,,,,,,,,,,,,,,,,,,,,,,,,457.8145,465.3524,u,7.5185,,0,0,0,2,1,stimuliTAFCsec/numnym003.wav,,
,,,,,5f37748da58054204f5b433a,001,2024-05-25_16h20.59.141,mathesisv2,2024.1.3,MacIntel,63.69426752,,,,,,,,,,,,,,,,,x,,,,,,,,,,,,,,,,,,,,,,,,,,,,,,,,,,,,,,,,,,,,,,,,,,,,,,,,,,,,,,,,,,,,,,,,,,465.3641,469.9351,y,4.5563,,0,1,1,3,1,stimuliTAFCsec/numnym004.wav,,
,,,,,5f37748da58054204f5b433a,001,2024-05-25_16h20.59.141,mathesisv2,2024.1.3,MacIntel,63.69426752,,,,,,,,,,,,,,,,,u,,,,,,,,,,,,,,,,,,,,,,,,,,,,,,,,,,,,,,,,,,,,,,,,,,,,,,,,,,,,,,,,,,,,,,,,,,469.945,474.1353,u,4.172,,0,2,2,0,1,stimuliTAFCsec/numnym001.wav,,
,,,,,5f37748da58054204f5b433a,001,2024-05-25_16h20.59.141,mathesisv2,2024.1.3,MacIntel,63.69426752,,,,,,,,,,,,,,,,,u,,,,,,,,,,,,,,,,,,,,,,,,,,,,,,,,,,,,,,,,,,,,,,,,,,,,,,,,,,,,,,,,,,,,,,,,,,474.1468,475.6519,u,1.4953,,0,3,3,1,1,stimuliTAFCsec/numnym002.wav,,
,,,,,5f37748da58054204f5b433a,001,2024-05-25_16h20.59.141,mathesisv2,2024.1.3,MacIntel,63.69426752,,,,,,,,,,,,,,,,,y,,,,,,,,,,,,,,,,,,,,,,,,,,,,,,,,,,,,,,,,,,,,,,,,,,,,,,,,,,,,,,,,,,,,,,,,,,475.6525,477.1016,y,1.4436,,0,4,4,4,1,stimuliTAFCsec/numnym005.wav,,
,,,,,5f37748da58054204f5b433a,001,2024-05-25_16h20.59.141,mathesisv2,2024.1.3,MacIntel,63.69426752,,,,,,,,,,,,,,,,,y,,,,,,,,,,,,,,,,,,,,,,,,,,,,,,,,,,,,,,,,,,,,,,,,,,,,,,,,,,,,,,,,,,,,,,,,,,477.1021,478.3013,y,1.1847,,0,5,5,5,1,stimuliTAFCsec/numnym006.wav,,
,,,,,5f37748da58054204f5b433a,001,2024-05-25_16h20.59.141,mathesisv2,2024.1.3,MacIntel,63.69426752,,,,,,,,,,,,,,,,,y,,,,,,,,,,,,,,,,,,,,,,,,,,,,,,,,,,,,,,,,,,,,,,,,,,,,,,,,,,,,,,,,,,,,,,,,,,478.3018,479.3686,y,1.0506,,0,6,6,6,1,stimuliTAFCsec/numnym007.wav,,
,,,,,5f37748da58054204f5b433a,001,2024-05-25_16h20.59.141,mathesisv2,2024.1.3,MacIntel,63.69426752,,,,,,,,,,,,,,,,,u,,,,,,,,,,,,,,,,,,,,,,,,,,,,,,,,,,,,,,,,,,,,,,,,,,,,,,,,,,,,,,,,,,,,,,,,,,479.3691,480.6014,u,1.2181,,1,0,7,2,1,stimuliTAFCsec/numnym003.wav,,
,,,,,5f37748da58054204f5b433a,001,2024-05-25_16h20.59.141,mathesisv2,2024.1.3,MacIntel,63.69426752,,,,,,,,,,,,,,,,,x,,,,,,,,,,,,,,,,,,,,,,,,,,,,,,,,,,,,,,,,,,,,,,,,,,,,,,,,,,,,,,,,,,,,,,,,,,480.6019,481.752,u,1.1329,,1,1,8,3,1,stimuliTAFCsec/numnym004.wav,,
,,,,,5f37748da58054204f5b433a,001,2024-05-25_16h20.59.141,mathesisv2,2024.1.3,MacIntel,63.69426752,,,,,,,,,,,,,,,,,y,,,,,,,,,,,,,,,,,,,,,,,,,,,,,,,,,,,,,,,,,,,,,,,,,,,,,,,,,,,,,,,,,,,,,,,,,,481.7525,483.3191,y,1.5529,,1,2,9,5,1,stimuliTAFCsec/numnym006.wav,,
,,,,,5f37748da58054204f5b433a,001,2024-05-25_16h20.59.141,mathesisv2,2024.1.3,MacIntel,63.69426752,,,,,,,,,,,,,,,,,y,,,,,,,,,,,,,,,,,,,,,,,,,,,,,,,,,,,,,,,,,,,,,,,,,,,,,,,,,,,,,,,,,,,,,,,,,,483.3197,484.6522,y,1.3273,,1,3,10,6,1,stimuliTAFCsec/numnym007.wav,,
,,,,,5f37748da58054204f5b433a,001,2024-05-25_16h20.59.141,mathesisv2,2024.1.3,MacIntel,63.69426752,,,,,,,,,,,,,,,,,u,,,,,,,,,,,,,,,,,,,,,,,,,,,,,,,,,,,,,,,,,,,,,,,,,,,,,,,,,,,,,,,,,,,,,,,,,,484.6525,485.7179,u,1.0588,,1,4,11,1,1,stimuliTAFCsec/numnym002.wav,,
,,,,,5f37748da58054204f5b433a,001,2024-05-25_16h20.59.141,mathesisv2,2024.1.3,MacIntel,63.69426752,,,,,,,,,,,,,,,,,u,,,,,,,,,,,,,,,,,,,,,,,,,,,,,,,,,,,,,,,,,,,,,,,,,,,,,,,,,,,,,,,,,,,,,,,,,,485.7184,486.8187,u,1.0961,,1,5,12,0,1,stimuliTAFCsec/numnym001.wav,,
,,,,,5f37748da58054204f5b433a,001,2024-05-25_16h20.59.141,mathesisv2,2024.1.3,MacIntel,63.69426752,,,,,,,,,,,,,,,,,y,,,,,,,,,,,,,,,,,,,,,,,,,,,,,,,,,,,,,,,,,,,,,,,,,,,,,,,,,,,,,,,,,,,,,,,,,,486.8193,488.3024,y,1.4675,,1,6,13,4,1,stimuliTAFCsec/numnym005.wav,,
,,,,,5f37748da58054204f5b433a,001,2024-05-25_16h20.59.141,mathesisv2,2024.1.3,MacIntel,63.69426752,,,,,,,,,,,,,,,,,y,,,,,,,,,,,,,,,,,,,,,,,,,,488.3031,490.302,space,1.9852,,,,,,,,,,,,,,,,,,,,,,,,,,,,,,,,,,490.3133,493.552,y,3.2223,,0,0,0,6,1,stimuliTAFCfirst/nimnym007.wav,,,,,,,,,,,,,
,,,,,5f37748da58054204f5b433a,001,2024-05-25_16h20.59.141,mathesisv2,2024.1.3,MacIntel,63.69426752,,,,,,,,,,,,,,,,,e,,,,,,,,,,,,,,,,,,,,,,,,,,,,,,,,,,,,,,,,,,,,,,,,,,,,,,,,,,,,,,,493.5526,494.8362,e,1.2668,,0,1,1,0,1,stimuliTAFCfirst/nimnym001.wav,,,,,,,,,,,,,
,,,,,5f37748da58054204f5b433a,001,2024-05-25_16h20.59.141,mathesisv2,2024.1.3,MacIntel,63.69426752,,,,,,,,,,,,,,,,,x,,,,,,,,,,,,,,,,,,,,,,,,,,,,,,,,,,,,,,,,,,,,,,,,,,,,,,,,,,,,,,,494.8368,496.1363,e,1.2835,,0,2,2,3,1,stimuliTAFCfirst/nimnym004.wav,,,,,,,,,,,,,
,,,,,5f37748da58054204f5b433a,001,2024-05-25_16h20.59.141,mathesisv2,2024.1.3,MacIntel,63.69426752,,,,,,,,,,,,,,,,,e,,,,,,,,,,,,,,,,,,,,,,,,,,,,,,,,,,,,,,,,,,,,,,,,,,,,,,,,,,,,,,,496.1368,497.1862,e,1.033,,0,3,3,1,1,stimuliTAFCfirst/nimnym002.wav,,,,,,,,,,,,,
,,,,,5f37748da58054204f5b433a,001,2024-05-25_16h20.59.141,mathesisv2,2024.1.3,MacIntel,63.69426752,,,,,,,,,,,,,,,,,y,,,,,,,,,,,,,,,,,,,,,,,,,,,,,,,,,,,,,,,,,,,,,,,,,,,,,,,,,,,,,,,497.1868,498.4195,y,1.2167,,0,4,4,5,1,stimuliTAFCfirst/nimnym006.wav,,,,,,,,,,,,,
,,,,,5f37748da58054204f5b433a,001,2024-05-25_16h20.59.141,mathesisv2,2024.1.3,MacIntel,63.69426752,,,,,,,,,,,,,,,,,y,,,,,,,,,,,,,,,,,,,,,,,,,,,,,,,,,,,,,,,,,,,,,,,,,,,,,,,,,,,,,,,498.4199,499.5031,y,1.0665,,0,5,5,4,1,stimuliTAFCfirst/nimnym005.wav,,,,,,,,,,,,,
,,,,,5f37748da58054204f5b433a,001,2024-05-25_16h20.59.141,mathesisv2,2024.1.3,MacIntel,63.69426752,,,,,,,,,,,,,,,,,e,,,,,,,,,,,,,,,,,,,,,,,,,,,,,,,,,,,,,,,,,,,,,,,,,,,,,,,,,,,,,,,499.5034,500.7531,e,1.2349,,0,6,6,2,1,stimuliTAFCfirst/nimnym003.wav,,,,,,,,,,,,,
,,,,,5f37748da58054204f5b433a,001,2024-05-25_16h20.59.141,mathesisv2,2024.1.3,MacIntel,63.69426752,,,,,,,,,,,,,,,,,y,,,,,,,,,,,,,,,,,,,,,,,,,,,,,,,,,,,,,,,,,,,,,,,,,,,,,,,,,,,,,,,500.7536,502.0034,y,1.2452,,1,0,7,4,1,stimuliTAFCfirst/nimnym005.wav,,,,,,,,,,,,,
,,,,,5f37748da58054204f5b433a,001,2024-05-25_16h20.59.141,mathesisv2,2024.1.3,MacIntel,63.69426752,,,,,,,,,,,,,,,,,y,,,,,,,,,,,,,,,,,,,,,,,,,,,,,,,,,,,,,,,,,,,,,,,,,,,,,,,,,,,,,,,502.0039,503.3198,y,1.3005,,1,1,8,5,1,stimuliTAFCfirst/nimnym006.wav,,,,,,,,,,,,,
,,,,,5f37748da58054204f5b433a,001,2024-05-25_16h20.59.141,mathesisv2,2024.1.3,MacIntel,63.69426752,,,,,,,,,,,,,,,,,e,,,,,,,,,,,,,,,,,,,,,,,,,,,,,,,,,,,,,,,,,,,,,,,,,,,,,,,,,,,,,,,503.3202,504.5032,e,1.1672,,1,2,9,0,1,stimuliTAFCfirst/nimnym001.wav,,,,,,,,,,,,,
,,,,,5f37748da58054204f5b433a,001,2024-05-25_16h20.59.141,mathesisv2,2024.1.3,MacIntel,63.69426752,,,,,,,,,,,,,,,,,x,,,,,,,,,,,,,,,,,,,,,,,,,,,,,,,,,,,,,,,,,,,,,,,,,,,,,,,,,,,,,,,504.5037,507.6867,y,3.1668,,1,3,10,3,1,stimuliTAFCfirst/nimnym004.wav,,,,,,,,,,,,,
,,,,,5f37748da58054204f5b433a,001,2024-05-25_16h20.59.141,mathesisv2,2024.1.3,MacIntel,63.69426752,,,,,,,,,,,,,,,,,y,,,,,,,,,,,,,,,,,,,,,,,,,,,,,,,,,,,,,,,,,,,,,,,,,,,,,,,,,,,,,,,507.6872,509.2702,y,1.5663,,1,4,11,6,1,stimuliTAFCfirst/nimnym007.wav,,,,,,,,,,,,,
,,,,,5f37748da58054204f5b433a,001,2024-05-25_16h20.59.141,mathesisv2,2024.1.3,MacIntel,63.69426752,,,,,,,,,,,,,,,,,e,,,,,,,,,,,,,,,,,,,,,,,,,,,,,,,,,,,,,,,,,,,,,,,,,,,,,,,,,,,,,,,509.2707,510.4703,e,1.1853,,1,5,12,1,1,stimuliTAFCfirst/nimnym002.wav,,,,,,,,,,,,,
,,,,,5f37748da58054204f5b433a,001,2024-05-25_16h20.59.141,mathesisv2,2024.1.3,MacIntel,63.69426752,,,,,,,,,,,,,,,,,e,,,,,,,,,,,,,,,,,,,,,,,,,,,,,,,,,,,,,,,,,,,,,,,,,,,,,,,,,,,,,,,510.4708,511.6367,e,1.1515,,1,6,13,2,1,stimuliTAFCfirst/nimnym003.wav,,,,,,,,,,,,,
,,,,,5f37748da58054204f5b433a,001,2024-05-25_16h20.59.141,mathesisv2,2024.1.3,MacIntel,63.69426752,,,,,,,,,,,,,,,,,x,511.6369,514.1708,space,2.5172,,,,,,,,,,,,,,,,,,,,,,,,,,,,,,,,,,,,,,,,,,,,,,,,,,,,,,,,,,,,,,,,,,,,,,514.1822,518.7039,u,4.5047,,0,0,0,3,1,stimuliTAFCsec/numnym004.wav,,
,,,,,5f37748da58054204f5b433a,001,2024-05-25_16h20.59.141,mathesisv2,2024.1.3,MacIntel,63.69426752,,,,,,,,,,,,,,,,,y,,,,,,,,,,,,,,,,,,,,,,,,,,,,,,,,,,,,,,,,,,,,,,,,,,,,,,,,,,,,,,,,,,,,,,,,,,518.7142,519.954,u,1.222,,0,1,1,6,1,stimuliTAFCsec/numnym007.wav,,
,,,,,5f37748da58054204f5b433a,001,2024-05-25_16h20.59.141,mathesisv2,2024.1.3,MacIntel,63.69426752,,,,,,,,,,,,,,,,,y,,,,,,,,,,,,,,,,,,,,,,,,,,,,,,,,,,,,,,,,,,,,,,,,,,,,,,,,,,,,,,,,,,,,,,,,,,519.9546,521.154,u,1.1857,,0,2,2,4,1,stimuliTAFCsec/numnym005.wav,,
,,,,,5f37748da58054204f5b433a,001,2024-05-25_16h20.59.141,mathesisv2,2024.1.3,MacIntel,63.69426752,,,,,,,,,,,,,,,,,u,,,,,,,,,,,,,,,,,,,,,,,,,,,,,,,,,,,,,,,,,,,,,,,,,,,,,,,,,,,,,,,,,,,,,,,,,,521.1548,525.52,u,4.3495,,0,3,3,2,1,stimuliTAFCsec/numnym003.wav,,
,,,,,5f37748da58054204f5b433a,001,2024-05-25_16h20.59.141,mathesisv2,2024.1.3,MacIntel,63.69426752,,,,,,,,,,,,,,,,,u,,,,,,,,,,,,,,,,,,,,,,,,,,,,,,,,,,,,,,,,,,,,,,,,,,,,,,,,,,,,,,,,,,,,,,,,,,525.529,527.1209,u,1.5749,,0,4,4,0,1,stimuliTAFCsec/numnym001.wav,,
,,,,,5f37748da58054204f5b433a,001,2024-05-25_16h20.59.141,mathesisv2,2024.1.3,MacIntel,63.69426752,,,,,,,,,,,,,,,,,y,,,,,,,,,,,,,,,,,,,,,,,,,,,,,,,,,,,,,,,,,,,,,,,,,,,,,,,,,,,,,,,,,,,,,,,,,,527.1215,529.8364,y,2.7096,,0,5,5,5,1,stimuliTAFCsec/numnym006.wav,,
,,,,,5f37748da58054204f5b433a,001,2024-05-25_16h20.59.141,mathesisv2,2024.1.3,MacIntel,63.69426752,,,,,,,,,,,,,,,,,u,,,,,,,,,,,,,,,,,,,,,,,,,,,,,,,,,,,,,,,,,,,,,,,,,,,,,,,,,,,,,,,,,,,,,,,,,,529.8365,531.0711,u,1.2201,,0,6,6,1,1,stimuliTAFCsec/numnym002.wav,,
,,,,,5f37748da58054204f5b433a,001,2024-05-25_16h20.59.141,mathesisv2,2024.1.3,MacIntel,63.69426752,,,,,,,,,,,,,,,,,u,,,,,,,,,,,,,,,,,,,,,,,,,,,,,,,,,,,,,,,,,,,,,,,,,,,,,,,,,,,,,,,,,,,,,,,,,,531.0718,532.2044,u,1.1186,,1,0,7,1,1,stimuliTAFCsec/numnym002.wav,,
,,,,,5f37748da58054204f5b433a,001,2024-05-25_16h20.59.141,mathesisv2,2024.1.3,MacIntel,63.69426752,,,,,,,,,,,,,,,,,u,,,,,,,,,,,,,,,,,,,,,,,,,,,,,,,,,,,,,,,,,,,,,,,,,,,,,,,,,,,,,,,,,,,,,,,,,,532.2049,533.221,u,1.0038,,1,1,8,0,1,stimuliTAFCsec/numnym001.wav,,
,,,,,5f37748da58054204f5b433a,001,2024-05-25_16h20.59.141,mathesisv2,2024.1.3,MacIntel,63.69426752,,,,,,,,,,,,,,,,,x,,,,,,,,,,,,,,,,,,,,,,,,,,,,,,,,,,,,,,,,,,,,,,,,,,,,,,,,,,,,,,,,,,,,,,,,,,533.2215,534.4546,y,1.2168,,1,2,9,3,1,stimuliTAFCsec/numnym004.wav,,
,,,,,5f37748da58054204f5b433a,001,2024-05-25_16h20.59.141,mathesisv2,2024.1.3,MacIntel,63.69426752,,,,,,,,,,,,,,,,,y,,,,,,,,,,,,,,,,,,,,,,,,,,,,,,,,,,,,,,,,,,,,,,,,,,,,,,,,,,,,,,,,,,,,,,,,,,534.455,535.6046,y,1.1337,,1,3,10,5,1,stimuliTAFCsec/numnym006.wav,,
,,,,,5f37748da58054204f5b433a,001,2024-05-25_16h20.59.141,mathesisv2,2024.1.3,MacIntel,63.69426752,,,,,,,,,,,,,,,,,y,,,,,,,,,,,,,,,,,,,,,,,,,,,,,,,,,,,,,,,,,,,,,,,,,,,,,,,,,,,,,,,,,,,,,,,,,,535.6052,536.787,y,1.1702,,1,4,11,4,1,stimuliTAFCsec/numnym005.wav,,
,,,,,5f37748da58054204f5b433a,001,2024-05-25_16h20.59.141,mathesisv2,2024.1.3,MacIntel,63.69426752,,,,,,,,,,,,,,,,,u,,,,,,,,,,,,,,,,,,,,,,,,,,,,,,,,,,,,,,,,,,,,,,,,,,,,,,,,,,,,,,,,,,,,,,,,,,536.7877,537.9543,u,1.1506,,1,5,12,2,1,stimuliTAFCsec/numnym003.wav,,
,,,,,5f37748da58054204f5b433a,001,2024-05-25_16h20.59.141,mathesisv2,2024.1.3,MacIntel,63.69426752,,,,,,,,,,,,,,,,,y,,,,,,,,,,,,,,,,,,,,,,,,,,,,,,,,,,,,,,,,,,,,,,,,,,,,,,,,,,,,,,,,,,,,,,,,,,537.9549,539.4371,y,1.4673,,1,6,13,6,1,stimuliTAFCsec/numnym007.wav,,
,,,,,5f37748da58054204f5b433a,001,2024-05-25_16h20.59.141,mathesisv2,2024.1.3,MacIntel,63.69426752,,,,,,,,,,,,,,,,,x,,,,,,,,,,,,,,,,,,,,,,,,,,539.4374,543.4717,space,4.0174,,,,,,,,,,,,,,,,,,,,,,,,,,,,,,,,,,543.4833,546.8049,e,3.3062,,0,0,0,3,1,stimuliTAFCfirst/nimnym004.wav,,,,,,,,,,,,,
,,,,,5f37748da58054204f5b433a,001,2024-05-25_16h20.59.141,mathesisv2,2024.1.3,MacIntel,63.69426752,,,,,,,,,,,,,,,,,y,,,,,,,,,,,,,,,,,,,,,,,,,,,,,,,,,,,,,,,,,,,,,,,,,,,,,,,,,,,,,,,546.814,548.1053,y,1.2736,,0,1,1,6,1,stimuliTAFCfirst/nimnym007.wav,,,,,,,,,,,,,
,,,,,5f37748da58054204f5b433a,001,2024-05-25_16h20.59.141,mathesisv2,2024.1.3,MacIntel,63.69426752,,,,,,,,,,,,,,,,,y,,,,,,,,,,,,,,,,,,,,,,,,,,,,,,,,,,,,,,,,,,,,,,,,,,,,,,,,,,,,,,,548.1058,551.0554,e,2.9328,,0,2,2,4,1,stimuliTAFCfirst/nimnym005.wav,,,,,,,,,,,,,
,,,,,5f37748da58054204f5b433a,001,2024-05-25_16h20.59.141,mathesisv2,2024.1.3,MacIntel,63.69426752,,,,,,,,,,,,,,,,,e,,,,,,,,,,,,,,,,,,,,,,,,,,,,,,,,,,,,,,,,,,,,,,,,,,,,,,,,,,,,,,,551.056,552.6045,e,1.5417,,0,3,3,2,1,stimuliTAFCfirst/nimnym003.wav,,,,,,,,,,,,,
,,,,,5f37748da58054204f5b433a,001,2024-05-25_16h20.59.141,mathesisv2,2024.1.3,MacIntel,63.69426752,,,,,,,,,,,,,,,,,y,,,,,,,,,,,,,,,,,,,,,,,,,,,,,,,,,,,,,,,,,,,,,,,,,,,,,,,,,,,,,,,552.605,554.222,y,1.6006,,0,4,4,5,1,stimuliTAFCfirst/nimnym006.wav,,,,,,,,,,,,,
,,,,,5f37748da58054204f5b433a,001,2024-05-25_16h20.59.141,mathesisv2,2024.1.3,MacIntel,63.69426752,,,,,,,,,,,,,,,,,e,,,,,,,,,,,,,,,,,,,,,,,,,,,,,,,,,,,,,,,,,,,,,,,,,,,,,,,,,,,,,,,554.2226,555.472,e,1.2431,,0,5,5,1,1,stimuliTAFCfirst/nimnym002.wav,,,,,,,,,,,,,
,,,,,5f37748da58054204f5b433a,001,2024-05-25_16h20.59.141,mathesisv2,2024.1.3,MacIntel,63.69426752,,,,,,,,,,,,,,,,,e,,,,,,,,,,,,,,,,,,,,,,,,,,,,,,,,,,,,,,,,,,,,,,,,,,,,,,,,,,,,,,,555.4726,556.7054,e,1.2154,,0,6,6,0,1,stimuliTAFCfirst/nimnym001.wav,,,,,,,,,,,,,
,,,,,5f37748da58054204f5b433a,001,2024-05-25_16h20.59.141,mathesisv2,2024.1.3,MacIntel,63.69426752,,,,,,,,,,,,,,,,,y,,,,,,,,,,,,,,,,,,,,,,,,,,,,,,,,,,,,,,,,,,,,,,,,,,,,,,,,,,,,,,,556.7059,557.9722,y,1.2539,,1,0,7,5,1,stimuliTAFCfirst/nimnym006.wav,,,,,,,,,,,,,
,,,,,5f37748da58054204f5b433a,001,2024-05-25_16h20.59.141,mathesisv2,2024.1.3,MacIntel,63.69426752,,,,,,,,,,,,,,,,,y,,,,,,,,,,,,,,,,,,,,,,,,,,,,,,,,,,,,,,,,,,,,,,,,,,,,,,,,,,,,,,,557.9728,559.1892,y,1.2,,1,1,8,6,1,stimuliTAFCfirst/nimnym007.wav,,,,,,,,,,,,,
,,,,,5f37748da58054204f5b433a,001,2024-05-25_16h20.59.141,mathesisv2,2024.1.3,MacIntel,63.69426752,,,,,,,,,,,,,,,,,y,,,,,,,,,,,,,,,,,,,,,,,,,,,,,,,,,,,,,,,,,,,,,,,,,,,,,,,,,,,,,,,559.1897,560.3572,y,1.1487,,1,2,9,4,1,stimuliTAFCfirst/nimnym005.wav,,,,,,,,,,,,,
,,,,,5f37748da58054204f5b433a,001,2024-05-25_16h20.59.141,mathesisv2,2024.1.3,MacIntel,63.69426752,,,,,,,,,,,,,,,,,x,,,,,,,,,,,,,,,,,,,,,,,,,,,,,,,,,,,,,,,,,,,,,,,,,,,,,,,,,,,,,,,560.3577,561.7217,e,1.3484,,1,3,10,3,1,stimuliTAFCfirst/nimnym004.wav,,,,,,,,,,,,,
,,,,,5f37748da58054204f5b433a,001,2024-05-25_16h20.59.141,mathesisv2,2024.1.3,MacIntel,63.69426752,,,,,,,,,,,,,,,,,e,,,,,,,,,,,,,,,,,,,,,,,,,,,,,,,,,,,,,,,,,,,,,,,,,,,,,,,,,,,,,,,561.7222,562.9716,e,1.2343,,1,4,11,2,1,stimuliTAFCfirst/nimnym003.wav,,,,,,,,,,,,,
,,,,,5f37748da58054204f5b433a,001,2024-05-25_16h20.59.141,mathesisv2,2024.1.3,MacIntel,63.69426752,,,,,,,,,,,,,,,,,e,,,,,,,,,,,,,,,,,,,,,,,,,,,,,,,,,,,,,,,,,,,,,,,,,,,,,,,,,,,,,,,562.9721,564.3059,e,1.3177,,1,5,12,1,1,stimuliTAFCfirst/nimnym002.wav,,,,,,,,,,,,,
,,,,,5f37748da58054204f5b433a,001,2024-05-25_16h20.59.141,mathesisv2,2024.1.3,MacIntel,63.69426752,,,,,,,,,,,,,,,,,e,,,,,,,,,,,,,,,,,,,,,,,,,,,,,,,,,,,,,,,,,,,,,,,,,,,,,,,,,,,,,,,564.3063,565.5393,e,1.2177,,1,6,13,0,1,stimuliTAFCfirst/nimnym001.wav,,,,,,,,,,,,,
,,,,,5f37748da58054204f5b433a,001,2024-05-25_16h20.59.141,mathesisv2,2024.1.3,MacIntel,63.69426752,,,,,,,,,,,,,,,,,y,565.5395,568.856,space,3.2997,,,,,,,,,,,,,,,,,,,,,,,,,,,,,,,,,,,,,,,,,,,,,,,,,,,,,,,,,,,,,,,,,,,,,,568.8678,575.3223,y,6.4391,,0,0,0,5,1,stimuliTAFCsec/numnym006.wav,,
,,,,,5f37748da58054204f5b433a,001,2024-05-25_16h20.59.141,mathesisv2,2024.1.3,MacIntel,63.69426752,,,,,,,,,,,,,,,,,u,,,,,,,,,,,,,,,,,,,,,,,,,,,,,,,,,,,,,,,,,,,,,,,,,,,,,,,,,,,,,,,,,,,,,,,,,,575.3326,576.8064,u,1.4557,,0,1,1,2,1,stimuliTAFCsec/numnym003.wav,,
,,,,,5f37748da58054204f5b433a,001,2024-05-25_16h20.59.141,mathesisv2,2024.1.3,MacIntel,63.69426752,,,,,,,,,,,,,,,,,u,,,,,,,,,,,,,,,,,,,,,,,,,,,,,,,,,,,,,,,,,,,,,,,,,,,,,,,,,,,,,,,,,,,,,,,,,,576.8071,578.0059,u,1.1841,,0,2,2,0,1,stimuliTAFCsec/numnym001.wav,,
,,,,,5f37748da58054204f5b433a,001,2024-05-25_16h20.59.141,mathesisv2,2024.1.3,MacIntel,63.69426752,,,,,,,,,,,,,,,,,x,,,,,,,,,,,,,,,,,,,,,,,,,,,,,,,,,,,,,,,,,,,,,,,,,,,,,,,,,,,,,,,,,,,,,,,,,,578.0065,581.7556,y,3.736,,0,3,3,3,1,stimuliTAFCsec/numnym004.wav,,
,,,,,5f37748da58054204f5b433a,001,2024-05-25_16h20.59.141,mathesisv2,2024.1.3,MacIntel,63.69426752,,,,,,,,,,,,,,,,,u,,,,,,,,,,,,,,,,,,,,,,,,,,,,,,,,,,,,,,,,,,,,,,,,,,,,,,,,,,,,,,,,,,,,,,,,,,581.7561,583.7066,u,1.9331,,0,4,4,1,1,stimuliTAFCsec/numnym002.wav,,
,,,,,5f37748da58054204f5b433a,001,2024-05-25_16h20.59.141,mathesisv2,2024.1.3,MacIntel,63.69426752,,,,,,,,,,,,,,,,,y,,,,,,,,,,,,,,,,,,,,,,,,,,,,,,,,,,,,,,,,,,,,,,,,,,,,,,,,,,,,,,,,,,,,,,,,,,583.7071,586.0559,y,2.3339,,0,5,5,4,1,stimuliTAFCsec/numnym005.wav,,
,,,,,5f37748da58054204f5b433a,001,2024-05-25_16h20.59.141,mathesisv2,2024.1.3,MacIntel,63.69426752,,,,,,,,,,,,,,,,,y,,,,,,,,,,,,,,,,,,,,,,,,,,,,,,,,,,,,,,,,,,,,,,,,,,,,,,,,,,,,,,,,,,,,,,,,,,586.0648,587.3733,y,1.2916,,0,6,6,6,1,stimuliTAFCsec/numnym007.wav,,
,,,,,5f37748da58054204f5b433a,001,2024-05-25_16h20.59.141,mathesisv2,2024.1.3,MacIntel,63.69426752,,,,,,,,,,,,,,,,,u,,,,,,,,,,,,,,,,,,,,,,,,,,,,,,,,,,,,,,,,,,,,,,,,,,,,,,,,,,,,,,,,,,,,,,,,,,587.3738,588.623,u,1.2338,,1,0,7,1,1,stimuliTAFCsec/numnym002.wav,,
,,,,,5f37748da58054204f5b433a,001,2024-05-25_16h20.59.141,mathesisv2,2024.1.3,MacIntel,63.69426752,,,,,,,,,,,,,,,,,u,,,,,,,,,,,,,,,,,,,,,,,,,,,,,,,,,,,,,,,,,,,,,,,,,,,,,,,,,,,,,,,,,,,,,,,,,,588.6236,589.7063,u,1.0771,,1,1,8,0,1,stimuliTAFCsec/numnym001.wav,,
,,,,,5f37748da58054204f5b433a,001,2024-05-25_16h20.59.141,mathesisv2,2024.1.3,MacIntel,63.69426752,,,,,,,,,,,,,,,,,u,,,,,,,,,,,,,,,,,,,,,,,,,,,,,,,,,,,,,,,,,,,,,,,,,,,,,,,,,,,,,,,,,,,,,,,,,,589.7067,590.8059,u,1.086,,1,2,9,2,1,stimuliTAFCsec/numnym003.wav,,
,,,,,5f37748da58054204f5b433a,001,2024-05-25_16h20.59.141,mathesisv2,2024.1.3,MacIntel,63.69426752,,,,,,,,,,,,,,,,,y,,,,,,,,,,,,,,,,,,,,,,,,,,,,,,,,,,,,,,,,,,,,,,,,,,,,,,,,,,,,,,,,,,,,,,,,,,590.8066,591.9404,y,1.1282,,1,3,10,6,1,stimuliTAFCsec/numnym007.wav,,
,,,,,5f37748da58054204f5b433a,001,2024-05-25_16h20.59.141,mathesisv2,2024.1.3,MacIntel,63.69426752,,,,,,,,,,,,,,,,,x,,,,,,,,,,,,,,,,,,,,,,,,,,,,,,,,,,,,,,,,,,,,,,,,,,,,,,,,,,,,,,,,,,,,,,,,,,591.9409,593.1739,y,1.2173,,1,4,11,3,1,stimuliTAFCsec/numnym004.wav,,
,,,,,5f37748da58054204f5b433a,001,2024-05-25_16h20.59.141,mathesisv2,2024.1.3,MacIntel,63.69426752,,,,,,,,,,,,,,,,,y,,,,,,,,,,,,,,,,,,,,,,,,,,,,,,,,,,,,,,,,,,,,,,,,,,,,,,,,,,,,,,,,,,,,,,,,,,593.1745,594.4405,y,1.2501,,1,5,12,5,1,stimuliTAFCsec/numnym006.wav,,
,,,,,5f37748da58054204f5b433a,001,2024-05-25_16h20.59.141,mathesisv2,2024.1.3,MacIntel,63.69426752,,,,,,,,,,,,,,,,,y,,,,,,,,,,,,,,,,,,,,,,,,,,,,,,,,,,,,,,,,,,,,,,,,,,,,,,,,,,,,,,,,,,,,,,,,,,594.4411,595.5739,y,1.1196,,1,6,13,4,1,stimuliTAFCsec/numnym005.wav,,
,,,,,5f37748da58054204f5b433a,001,2024-05-25_16h20.59.141,mathesisv2,2024.1.3,MacIntel,63.69426752,,,,,,,,,,,,,,,,,e,,,,,,,,,,,,,,,,,,,,,,,,,,595.5741,602.3912,space,6.8022,,,,,,,,,,,,,,,,,,,,,,,,,,,,,,,,,,602.4033,606.4409,e,4.0222,,0,0,0,2,1,stimuliTAFCfirst/nimnym003.wav,,,,,,,,,,,,,
,,,,,5f37748da58054204f5b433a,001,2024-05-25_16h20.59.141,mathesisv2,2024.1.3,MacIntel,63.69426752,,,,,,,,,,,,,,,,,e,,,,,,,,,,,,,,,,,,,,,,,,,,,,,,,,,,,,,,,,,,,,,,,,,,,,,,,,,,,,,,,606.4511,607.9735,e,1.5161,,0,1,1,0,1,stimuliTAFCfirst/nimnym001.wav,,,,,,,,,,,,,
,,,,,5f37748da58054204f5b433a,001,2024-05-25_16h20.59.141,mathesisv2,2024.1.3,MacIntel,63.69426752,,,,,,,,,,,,,,,,,x,,,,,,,,,,,,,,,,,,,,,,,,,,,,,,,,,,,,,,,,,,,,,,,,,,,,,,,,,,,,,,,607.9739,609.0403,e,1.0543,,0,2,2,3,1,stimuliTAFCfirst/nimnym004.wav,,,,,,,,,,,,,
,,,,,5f37748da58054204f5b433a,001,2024-05-25_16h20.59.141,mathesisv2,2024.1.3,MacIntel,63.69426752,,,,,,,,,,,,,,,,,y,,,,,,,,,,,,,,,,,,,,,,,,,,,,,,,,,,,,,,,,,,,,,,,,,,,,,,,,,,,,,,,609.0406,610.2566,y,1.2119,,0,3,3,6,1,stimuliTAFCfirst/nimnym007.wav,,,,,,,,,,,,,
,,,,,5f37748da58054204f5b433a,001,2024-05-25_16h20.59.141,mathesisv2,2024.1.3,MacIntel,63.69426752,,,,,,,,,,,,,,,,,y,,,,,,,,,,,,,,,,,,,,,,,,,,,,,,,,,,,,,,,,,,,,,,,,,,,,,,,,,,,,,,,610.2571,611.5246,y,1.2508,,0,4,4,5,1,stimuliTAFCfirst/nimnym006.wav,,,,,,,,,,,,,
,,,,,5f37748da58054204f5b433a,001,2024-05-25_16h20.59.141,mathesisv2,2024.1.3,MacIntel,63.69426752,,,,,,,,,,,,,,,,,y,,,,,,,,,,,,,,,,,,,,,,,,,,,,,,,,,,,,,,,,,,,,,,,,,,,,,,,,,,,,,,,611.5251,615.1247,y,3.583,,0,5,5,4,1,stimuliTAFCfirst/nimnym005.wav,,,,,,,,,,,,,
,,,,,5f37748da58054204f5b433a,001,2024-05-25_16h20.59.141,mathesisv2,2024.1.3,MacIntel,63.69426752,,,,,,,,,,,,,,,,,e,,,,,,,,,,,,,,,,,,,,,,,,,,,,,,,,,,,,,,,,,,,,,,,,,,,,,,,,,,,,,,,615.1349,616.3412,e,1.1885,,0,6,6,1,1,stimuliTAFCfirst/nimnym002.wav,,,,,,,,,,,,,
,,,,,5f37748da58054204f5b433a,001,2024-05-25_16h20.59.141,mathesisv2,2024.1.3,MacIntel,63.69426752,,,,,,,,,,,,,,,,,e,,,,,,,,,,,,,,,,,,,,,,,,,,,,,,,,,,,,,,,,,,,,,,,,,,,,,,,,,,,,,,,616.3417,617.4079,e,1.0504,,1,0,7,0,1,stimuliTAFCfirst/nimnym001.wav,,,,,,,,,,,,,
,,,,,5f37748da58054204f5b433a,001,2024-05-25_16h20.59.141,mathesisv2,2024.1.3,MacIntel,63.69426752,,,,,,,,,,,,,,,,,e,,,,,,,,,,,,,,,,,,,,,,,,,,,,,,,,,,,,,,,,,,,,,,,,,,,,,,,,,,,,,,,617.4084,618.3749,e,0.9499,,1,1,8,1,1,stimuliTAFCfirst/nimnym002.wav,,,,,,,,,,,,,
,,,,,5f37748da58054204f5b433a,001,2024-05-25_16h20.59.141,mathesisv2,2024.1.3,MacIntel,63.69426752,,,,,,,,,,,,,,,,,x,,,,,,,,,,,,,,,,,,,,,,,,,,,,,,,,,,,,,,,,,,,,,,,,,,,,,,,,,,,,,,,618.3754,620.2081,y,1.8257,,1,2,9,3,1,stimuliTAFCfirst/nimnym004.wav,,,,,,,,,,,,,
,,,,,5f37748da58054204f5b433a,001,2024-05-25_16h20.59.141,mathesisv2,2024.1.3,MacIntel,63.69426752,,,,,,,,,,,,,,,,,y,,,,,,,,,,,,,,,,,,,,,,,,,,,,,,,,,,,,,,,,,,,,,,,,,,,,,,,,,,,,,,,620.2086,621.3083,y,1.0933,,1,3,10,4,1,stimuliTAFCfirst/nimnym005.wav,,,,,,,,,,,,,
,,,,,5f37748da58054204f5b433a,001,2024-05-25_16h20.59.141,mathesisv2,2024.1.3,MacIntel,63.69426752,,,,,,,,,,,,,,,,,e,,,,,,,,,,,,,,,,,,,,,,,,,,,,,,,,,,,,,,,,,,,,,,,,,,,,,,,,,,,,,,,621.3089,622.4747,e,1.1607,,1,4,11,2,1,stimuliTAFCfirst/nimnym003.wav,,,,,,,,,,,,,
,,,,,5f37748da58054204f5b433a,001,2024-05-25_16h20.59.141,mathesisv2,2024.1.3,MacIntel,63.69426752,,,,,,,,,,,,,,,,,y,,,,,,,,,,,,,,,,,,,,,,,,,,,,,,,,,,,,,,,,,,,,,,,,,,,,,,,,,,,,,,,622.4753,623.7583,y,1.2665,,1,5,12,6,1,stimuliTAFCfirst/nimnym007.wav,,,,,,,,,,,,,
,,,,,5f37748da58054204f5b433a,001,2024-05-25_16h20.59.141,mathesisv2,2024.1.3,MacIntel,63.69426752,,,,,,,,,,,,,,,,,y,,,,,,,,,,,,,,,,,,,,,,,,,,,,,,,,,,,,,,,,,,,,,,,,,,,,,,,,,,,,,,,623.7588,624.9586,y,1.1841,,1,6,13,5,1,stimuliTAFCfirst/nimnym006.wav,,,,,,,,,,,,,
,,,,,5f37748da58054204f5b433a,001,2024-05-25_16h20.59.141,mathesisv2,2024.1.3,MacIntel,63.69426752,,,,,,,,,,,,,,,,,u,624.9589,629.8921,space,4.9156,,,,,,,,,,,,,,,,,,,,,,,,,,,,,,,,,,,,,,,,,,,,,,,,,,,,,,,,,,,,,,,,,,,,,,629.9041,633.4421,u,3.5224,,0,0,0,1,1,stimuliTAFCsec/numnym002.wav,,
,,,,,5f37748da58054204f5b433a,001,2024-05-25_16h20.59.141,mathesisv2,2024.1.3,MacIntel,63.69426752,,,,,,,,,,,,,,,,,y,,,,,,,,,,,,,,,,,,,,,,,,,,,,,,,,,,,,,,,,,,,,,,,,,,,,,,,,,,,,,,,,,,,,,,,,,,633.4511,635.059,y,1.5896,,0,1,1,4,1,stimuliTAFCsec/numnym005.wav,,
,,,,,5f37748da58054204f5b433a,001,2024-05-25_16h20.59.141,mathesisv2,2024.1.3,MacIntel,63.69426752,,,,,,,,,,,,,,,,,u,,,,,,,,,,,,,,,,,,,,,,,,,,,,,,,,,,,,,,,,,,,,,,,,,,,,,,,,,,,,,,,,,,,,,,,,,,635.0595,636.1747,u,1.0993,,0,2,2,0,1,stimuliTAFCsec/numnym001.wav,,
,,,,,5f37748da58054204f5b433a,001,2024-05-25_16h20.59.141,mathesisv2,2024.1.3,MacIntel,63.69426752,,,,,,,,,,,,,,,,,y,,,,,,,,,,,,,,,,,,,,,,,,,,,,,,,,,,,,,,,,,,,,,,,,,,,,,,,,,,,,,,,,,,,,,,,,,,636.1753,637.3423,y,1.1545,,0,3,3,6,1,stimuliTAFCsec/numnym007.wav,,
,,,,,5f37748da58054204f5b433a,001,2024-05-25_16h20.59.141,mathesisv2,2024.1.3,MacIntel,63.69426752,,,,,,,,,,,,,,,,,u,,,,,,,,,,,,,,,,,,,,,,,,,,,,,,,,,,,,,,,,,,,,,,,,,,,,,,,,,,,,,,,,,,,,,,,,,,637.3429,638.4419,u,1.0856,,0,4,4,2,1,stimuliTAFCsec/numnym003.wav,,
,,,,,5f37748da58054204f5b433a,001,2024-05-25_16h20.59.141,mathesisv2,2024.1.3,MacIntel,63.69426752,,,,,,,,,,,,,,,,,x,,,,,,,,,,,,,,,,,,,,,,,,,,,,,,,,,,,,,,,,,,,,,,,,,,,,,,,,,,,,,,,,,,,,,,,,,,638.4424,639.6086,u,1.1528,,0,5,5,3,1,stimuliTAFCsec/numnym004.wav,,
,,,,,5f37748da58054204f5b433a,001,2024-05-25_16h20.59.141,mathesisv2,2024.1.3,MacIntel,63.69426752,,,,,,,,,,,,,,,,,y,,,,,,,,,,,,,,,,,,,,,,,,,,,,,,,,,,,,,,,,,,,,,,,,,,,,,,,,,,,,,,,,,,,,,,,,,,639.6092,640.7586,y,1.1421,,0,6,6,5,1,stimuliTAFCsec/numnym006.wav,,
,,,,,5f37748da58054204f5b433a,001,2024-05-25_16h20.59.141,mathesisv2,2024.1.3,MacIntel,63.69426752,,,,,,,,,,,,,,,,,u,,,,,,,,,,,,,,,,,,,,,,,,,,,,,,,,,,,,,,,,,,,,,,,,,,,,,,,,,,,,,,,,,,,,,,,,,,640.7588,641.8585,u,1.0859,,1,0,7,2,1,stimuliTAFCsec/numnym003.wav,,
,,,,,5f37748da58054204f5b433a,001,2024-05-25_16h20.59.141,mathesisv2,2024.1.3,MacIntel,63.69426752,,,,,,,,,,,,,,,,,x,,,,,,,,,,,,,,,,,,,,,,,,,,,,,,,,,,,,,,,,,,,,,,,,,,,,,,,,,,,,,,,,,,,,,,,,,,641.8589,643.2082,u,1.3344,,1,1,8,3,1,stimuliTAFCsec/numnym004.wav,,
,,,,,5f37748da58054204f5b433a,001,2024-05-25_16h20.59.141,mathesisv2,2024.1.3,MacIntel,63.69426752,,,,,,,,,,,,,,,,,y,,,,,,,,,,,,,,,,,,,,,,,,,,,,,,,,,,,,,,,,,,,,,,,,,,,,,,,,,,,,,,,,,,,,,,,,,,643.2088,644.4093,y,1.184,,1,2,9,6,1,stimuliTAFCsec/numnym007.wav,,
,,,,,5f37748da58054204f5b433a,001,2024-05-25_16h20.59.141,mathesisv2,2024.1.3,MacIntel,63.69426752,,,,,,,,,,,,,,,,,u,,,,,,,,,,,,,,,,,,,,,,,,,,,,,,,,,,,,,,,,,,,,,,,,,,,,,,,,,,,,,,,,,,,,,,,,,,644.41,645.7921,u,1.3744,,1,3,10,1,1,stimuliTAFCsec/numnym002.wav,,
,,,,,5f37748da58054204f5b433a,001,2024-05-25_16h20.59.141,mathesisv2,2024.1.3,MacIntel,63.69426752,,,,,,,,,,,,,,,,,y,,,,,,,,,,,,,,,,,,,,,,,,,,,,,,,,,,,,,,,,,,,,,,,,,,,,,,,,,,,,,,,,,,,,,,,,,,645.7926,647.0092,y,1.2119,,1,4,11,4,1,stimuliTAFCsec/numnym005.wav,,
,,,,,5f37748da58054204f5b433a,001,2024-05-25_16h20.59.141,mathesisv2,2024.1.3,MacIntel,63.69426752,,,,,,,,,,,,,,,,,y,,,,,,,,,,,,,,,,,,,,,,,,,,,,,,,,,,,,,,,,,,,,,,,,,,,,,,,,,,,,,,,,,,,,,,,,,,647.0097,648.3917,y,1.367,,1,5,12,5,1,stimuliTAFCsec/numnym006.wav,,
,,,,,5f37748da58054204f5b433a,001,2024-05-25_16h20.59.141,mathesisv2,2024.1.3,MacIntel,63.69426752,,,,,,,,,,,,,,,,,u,,,,,,,,,,,,,,,,,,,,,,,,,,,,,,,,,,,,,,,,,,,,,,,,,,,,,,,,,,,,,,,,,,,,,,,,,,648.3924,649.5085,u,1.1093,,1,6,13,0,1,stimuliTAFCsec/numnym001.wav,,
,,,,,5f37748da58054204f5b433a,001,2024-05-25_16h20.59.141,mathesisv2,2024.1.3,MacIntel,63.69426752,,,,,,,,,,,,,,,,,,,,,,,,,,,,,,,,,,,,,,,,,,,649.5086,655.0432,space,5.5196,,,,,,,,,,,,,,,,,,,,,,,,,,,,,,,,,,,,,,,,,,,,,,,,,,,,,,,,655.0529,660.0438
