﻿start.started,start.stopped,startkey_resp.keys,startkey_resp.rt,startkey_resp.duration,participant,session,date,expName,psychopyVersion,OS,frameRate,attention.started,attention.stopped,key_resp.keys,key_resp.rt,key_resp.duration,stimuliAXBmix.started,stimuliAXBmix.stopped,stimuliAXBkey_resp.keys,stimuliAXBkey_resp.rt,stimuliAXBkey_resp.duration,stimuliAXBtesttrials.thisRepN,stimuliAXBtesttrials.thisTrialN,stimuliAXBtesttrials.thisN,stimuliAXBtesttrials.thisIndex,stimuliAXBtesttrials.ran,stimuliAXBmix,Correct,attentionsecond.started,attentionsecond.stopped,attentionsecondkey_resp.keys,attentionsecondkey_resp.rt,attentionsecondkey_resp.duration,instAXBreal.started,instAXBreal.stopped,instAXBrealkey_resp.keys,instAXBrealkey_resp.rt,instAXBrealkey_resp.duration,stimuliAXBmixfirst.thisRepN,stimuliAXBmixfirst.thisTrialN,stimuliAXBmixfirst.thisN,stimuliAXBmixfirst.thisIndex,stimuliAXBmixfirst.ran,attentionfirst.started,attentionfirst.stopped,attentionfirstkey_resp.keys,attentionfirstkey_resp.rt,attentionfirstkey_resp.duration,stimuliAXbmixsec.thisRepN,stimuliAXbmixsec.thisTrialN,stimuliAXbmixsec.thisN,stimuliAXbmixsec.thisIndex,stimuliAXbmixsec.ran,kaffeepause.started,kaffeepause.stopped,kaffeepausekey_resp.keys,kaffeepausekey_resp.rt,kaffeepausekey_resp.duration,instTAFCtest.started,instTAFCtest.stopped,instTAFCtestkey_resp.keys,instTAFCtestkey_resp.rt,instTAFCtestkey_resp.duration,testTAFCmixfirst.started,testTAFCmixfirst.stopped,testTAFCmixfirstkey_resp.keys,testTAFCmixfirstkey_resp.rt,testTAFCmixfirstkey_resp.duration,testTAFCmixfirsttrials.thisRepN,testTAFCmixfirsttrials.thisTrialN,testTAFCmixfirsttrials.thisN,testTAFCmixfirsttrials.thisIndex,testTAFCmixfirsttrials.ran,testTAFCmixfirst,testTAFCmixsec.started,testTAFCmixsec.stopped,testTAFCmixseckey_resp.keys,testTAFCmixseckey_resp.rt,testTAFCmixseckey_resp.duration,testTAFCmixsectrials.thisRepN,testTAFCmixsectrials.thisTrialN,testTAFCmixsectrials.thisN,testTAFCmixsectrials.thisIndex,testTAFCmixsectrials.ran,testTAFCmixsec,instTAFCreal.started,instTAFCreal.stopped,instTAFCrealkey_resp.keys,instTAFCrealkey_resp.rt,instTAFCrealkey_resp.duration,stimuliTAFCfirst.started,stimuliTAFCfirst.stopped,stimuliTAFCfirstkey_resp.keys,stimuliTAFCfirstkey_resp.rt,stimuliTAFCfirstkey_resp.duration,stimuliTAFCfirsttrials.thisRepN,stimuliTAFCfirsttrials.thisTrialN,stimuliTAFCfirsttrials.thisN,stimuliTAFCfirsttrials.thisIndex,stimuliTAFCfirsttrials.ran,stimuliTAFCfirst,stimuliTAFCsec.started,stimuliTAFCsec.stopped,stimuliTAFCseckey_resp.keys,stimuliTAFCseckey_resp.rt,stimuliTAFCseckey_resp.duration,stimuliTAFCsectrials.thisRepN,stimuliTAFCsectrials.thisTrialN,stimuliTAFCsectrials.thisN,stimuliTAFCsectrials.thisIndex,stimuliTAFCsectrials.ran,stimuliTAFCsec,end.started,end.stopped
0.002,5.4814,space,5.1508,0.0009,190239,001,2024-06-05_20h40.56.892,mathesisv2,2024.1.3,Win32,3.756574005,,,,,,,,,,,,,,,,,,,,,,,,,,,,,,,,,,,,,,,,,,,,,,,,,,,,,,,,,,,,,,,,,,,,,,,,,,,,,,,,,,,,,,,,,,,,,,,,,,,,,,,
,,,,,190239,001,2024-06-05_20h40.56.892,mathesisv2,2024.1.3,Win32,3.756574005,5.4815,19.8655,space,14.0013,,,,,,,,,,,,,,,,,,,,,,,,,,,,,,,,,,,,,,,,,,,,,,,,,,,,,,,,,,,,,,,,,,,,,,,,,,,,,,,,,,,,,,,,,,,,,,,,,,,
,,,,,190239,001,2024-06-05_20h40.56.892,mathesisv2,2024.1.3,Win32,3.756574005,,,,,,19.9062,27.8056,f,7.556,,0,0,0,2,1,stimuliAXBmix/yuustimulus.wav,f,,,,,,,,,,,,,,,,,,,,,,,,,,,,,,,,,,,,,,,,,,,,,,,,,,,,,,,,,,,,,,,,,,,,,,,,,,,,,,,,,,,,,,
,,,,,190239,001,2024-06-05_20h40.56.892,mathesisv2,2024.1.3,Win32,3.756574005,,,,,,27.8298,43.2006,f,14.9817,,0,1,1,1,1,stimuliAXBmix/iyystimulus.wav,f,,,,,,,,,,,,,,,,,,,,,,,,,,,,,,,,,,,,,,,,,,,,,,,,,,,,,,,,,,,,,,,,,,,,,,,,,,,,,,,,,,,,,,
,,,,,190239,001,2024-06-05_20h40.56.892,mathesisv2,2024.1.3,Win32,3.756574005,,,,,,43.2254,50.2258,l,6.6677,,0,2,2,0,1,stimuliAXBmix/iiystimulus.wav,l,,,,,,,,,,,,,,,,,,,,,,,,,,,,,,,,,,,,,,,,,,,,,,,,,,,,,,,,,,,,,,,,,,,,,,,,,,,,,,,,,,,,,,
,,,,,190239,001,2024-06-05_20h40.56.892,mathesisv2,2024.1.3,Win32,3.756574005,,,,,,50.2513,62.5941,l,11.9968,,0,3,3,3,1,stimuliAXBmix/yyustimulus.wav,l,,,,,,,,,,,,,,,,,,,,,,,,,,,,,,,,,,,,,,,,,,,,,,,,,,,,,,,,,,,,,,,,,,,,,,,,,,,,,,,,,,,,,,
,,,,,190239,001,2024-06-05_20h40.56.892,mathesisv2,2024.1.3,Win32,3.756574005,,,,,,,,,,,,,,,,,,62.6205,65.9388,space,2.8967,0.0007,,,,,,,,,,,,,,,,,,,,,,,,,,,,,,,,,,,,,,,,,,,,,,,,,,,,,,,,,,,,,,,,,,,,,,,,,,,,,,,,,
,,,,,190239,001,2024-06-05_20h40.56.892,mathesisv2,2024.1.3,Win32,3.756574005,,,,,,,,,,,,,,,,,,,,,,,65.9391,78.5924,space,12.1996,0.001,,,,,,,,,,,,,,,,,,,,,,,,,,,,,,,,,,,,,,,,,,,,,,,,,,,,,,,,,,,,,,,,,,,,,,,,,,,,
,,,,,190239,001,2024-06-05_20h40.56.892,mathesisv2,2024.1.3,Win32,3.756574005,,,,,,78.6421,95.4765,f,16.4488,,,,,,,stimuliAXBmix/iyystimulus.wav,f,,,,,,,,,,,0,0,0,1,1,,,,,,,,,,,,,,,,,,,,,,,,,,,,,,,,,,,,,,,,,,,,,,,,,,,,,,,,,,,,,,,,,,,,,,,
,,,,,190239,001,2024-06-05_20h40.56.892,mathesisv2,2024.1.3,Win32,3.756574005,,,,,,95.5032,119.9259,l,23.9968,0.0005,,,,,,stimuliAXBmix/iiystimulus.wav,l,,,,,,,,,,,0,1,1,0,1,,,,,,,,,,,,,,,,,,,,,,,,,,,,,,,,,,,,,,,,,,,,,,,,,,,,,,,,,,,,,,,,,,,,,,,
,,,,,190239,001,2024-06-05_20h40.56.892,mathesisv2,2024.1.3,Win32,3.756574005,,,,,,119.9529,125.9395,l,5.5364,0.0009,,,,,,stimuliAXBmix/yyustimulus.wav,l,,,,,,,,,,,0,2,2,3,1,,,,,,,,,,,,,,,,,,,,,,,,,,,,,,,,,,,,,,,,,,,,,,,,,,,,,,,,,,,,,,,,,,,,,,,
,,,,,190239,001,2024-06-05_20h40.56.892,mathesisv2,2024.1.3,Win32,3.756574005,,,,,,125.9643,134.6516,f,8.33,,,,,,,stimuliAXBmix/yuustimulus.wav,f,,,,,,,,,,,0,3,3,2,1,,,,,,,,,,,,,,,,,,,,,,,,,,,,,,,,,,,,,,,,,,,,,,,,,,,,,,,,,,,,,,,,,,,,,,,
,,,,,190239,001,2024-06-05_20h40.56.892,mathesisv2,2024.1.3,Win32,3.756574005,,,,,,134.6793,148.8365,f,13.8028,0.0007,,,,,,stimuliAXBmix/yuustimulus.wav,f,,,,,,,,,,,1,0,4,2,1,,,,,,,,,,,,,,,,,,,,,,,,,,,,,,,,,,,,,,,,,,,,,,,,,,,,,,,,,,,,,,,,,,,,,,,
,,,,,190239,001,2024-06-05_20h40.56.892,mathesisv2,2024.1.3,Win32,3.756574005,,,,,,148.862,159.7396,f,10.512,,,,,,,stimuliAXBmix/iyystimulus.wav,f,,,,,,,,,,,1,1,5,1,1,,,,,,,,,,,,,,,,,,,,,,,,,,,,,,,,,,,,,,,,,,,,,,,,,,,,,,,,,,,,,,,,,,,,,,,
,,,,,190239,001,2024-06-05_20h40.56.892,mathesisv2,2024.1.3,Win32,3.756574005,,,,,,159.7669,176.0566,f,15.8772,,,,,,,stimuliAXBmix/yyustimulus.wav,l,,,,,,,,,,,1,2,6,3,1,,,,,,,,,,,,,,,,,,,,,,,,,,,,,,,,,,,,,,,,,,,,,,,,,,,,,,,,,,,,,,,,,,,,,,,
,,,,,190239,001,2024-06-05_20h40.56.892,mathesisv2,2024.1.3,Win32,3.756574005,,,,,,176.0821,188.806,l,12.304,0.0007,,,,,,stimuliAXBmix/iiystimulus.wav,l,,,,,,,,,,,1,3,7,0,1,,,,,,,,,,,,,,,,,,,,,,,,,,,,,,,,,,,,,,,,,,,,,,,,,,,,,,,,,,,,,,,,,,,,,,,
,,,,,190239,001,2024-06-05_20h40.56.892,mathesisv2,2024.1.3,Win32,3.756574005,,,,,,188.8317,201.2423,l,12.0504,,,,,,,stimuliAXBmix/iiystimulus.wav,l,,,,,,,,,,,2,0,8,0,1,,,,,,,,,,,,,,,,,,,,,,,,,,,,,,,,,,,,,,,,,,,,,,,,,,,,,,,,,,,,,,,,,,,,,,,
,,,,,190239,001,2024-06-05_20h40.56.892,mathesisv2,2024.1.3,Win32,3.756574005,,,,,,201.2685,212.9753,f,11.292,,,,,,,stimuliAXBmix/yuustimulus.wav,f,,,,,,,,,,,2,1,9,2,1,,,,,,,,,,,,,,,,,,,,,,,,,,,,,,,,,,,,,,,,,,,,,,,,,,,,,,,,,,,,,,,,,,,,,,,
,,,,,190239,001,2024-06-05_20h40.56.892,mathesisv2,2024.1.3,Win32,3.756574005,,,,,,213.0016,229.0765,l,15.6616,0.0007,,,,,,stimuliAXBmix/yyustimulus.wav,l,,,,,,,,,,,2,2,10,3,1,,,,,,,,,,,,,,,,,,,,,,,,,,,,,,,,,,,,,,,,,,,,,,,,,,,,,,,,,,,,,,,,,,,,,,,
,,,,,190239,001,2024-06-05_20h40.56.892,mathesisv2,2024.1.3,Win32,3.756574005,,,,,,229.1035,236.4572,f,7.0006,,,,,,,stimuliAXBmix/iyystimulus.wav,f,,,,,,,,,,,2,3,11,1,1,,,,,,,,,,,,,,,,,,,,,,,,,,,,,,,,,,,,,,,,,,,,,,,,,,,,,,,,,,,,,,,,,,,,,,,
,,,,,190239,001,2024-06-05_20h40.56.892,mathesisv2,2024.1.3,Win32,3.756574005,,,,,,241.5628,247.1312,l,5.1737,,,,,,,stimuliAXBmix/yyustimulus.wav,l,,,,,,,,,,,,,,,,236.4584,241.5235,return,4.6935,,0,0,0,3,1,,,,,,,,,,,,,,,,,,,,,,,,,,,,,,,,,,,,,,,,,,,,,,,,,,,,,,,,,,,,,
,,,,,190239,001,2024-06-05_20h40.56.892,mathesisv2,2024.1.3,Win32,3.756574005,,,,,,247.1567,258.3409,f,10.8324,0.0005,,,,,,stimuliAXBmix/iyystimulus.wav,f,,,,,,,,,,,,,,,,,,,,,0,1,1,1,1,,,,,,,,,,,,,,,,,,,,,,,,,,,,,,,,,,,,,,,,,,,,,,,,,,,,,,,,,,,,,
,,,,,190239,001,2024-06-05_20h40.56.892,mathesisv2,2024.1.3,Win32,3.756574005,,,,,,258.3668,272.7761,f,14.0403,,,,,,,stimuliAXBmix/yuustimulus.wav,f,,,,,,,,,,,,,,,,,,,,,0,2,2,2,1,,,,,,,,,,,,,,,,,,,,,,,,,,,,,,,,,,,,,,,,,,,,,,,,,,,,,,,,,,,,,
,,,,,190239,001,2024-06-05_20h40.56.892,mathesisv2,2024.1.3,Win32,3.756574005,,,,,,272.8036,282.4069,l,9.2489,,,,,,,stimuliAXBmix/iiystimulus.wav,l,,,,,,,,,,,,,,,,,,,,,0,3,3,0,1,,,,,,,,,,,,,,,,,,,,,,,,,,,,,,,,,,,,,,,,,,,,,,,,,,,,,,,,,,,,,
,,,,,190239,001,2024-06-05_20h40.56.892,mathesisv2,2024.1.3,Win32,3.756574005,,,,,,282.4319,291.6849,f,8.9196,,,,,,,stimuliAXBmix/yuustimulus.wav,f,,,,,,,,,,,,,,,,,,,,,1,0,4,2,1,,,,,,,,,,,,,,,,,,,,,,,,,,,,,,,,,,,,,,,,,,,,,,,,,,,,,,,,,,,,,
,,,,,190239,001,2024-06-05_20h40.56.892,mathesisv2,2024.1.3,Win32,3.756574005,,,,,,291.7106,300.5718,l,8.5252,,,,,,,stimuliAXBmix/iyystimulus.wav,f,,,,,,,,,,,,,,,,,,,,,1,1,5,1,1,,,,,,,,,,,,,,,,,,,,,,,,,,,,,,,,,,,,,,,,,,,,,,,,,,,,,,,,,,,,,
,,,,,190239,001,2024-06-05_20h40.56.892,mathesisv2,2024.1.3,Win32,3.756574005,,,,,,300.5977,311.2498,l,10.2298,,,,,,,stimuliAXBmix/yyustimulus.wav,l,,,,,,,,,,,,,,,,,,,,,1,2,6,3,1,,,,,,,,,,,,,,,,,,,,,,,,,,,,,,,,,,,,,,,,,,,,,,,,,,,,,,,,,,,,,
,,,,,190239,001,2024-06-05_20h40.56.892,mathesisv2,2024.1.3,Win32,3.756574005,,,,,,311.2756,321.1059,l,9.4936,,,,,,,stimuliAXBmix/iiystimulus.wav,l,,,,,,,,,,,,,,,,,,,,,1,3,7,0,1,,,,,,,,,,,,,,,,,,,,,,,,,,,,,,,,,,,,,,,,,,,,,,,,,,,,,,,,,,,,,
,,,,,190239,001,2024-06-05_20h40.56.892,mathesisv2,2024.1.3,Win32,3.756574005,,,,,,352.4115,371.6838,f,18.9896,0.0006,,,,,,stimuliAXBmix/iiystimulus.wav,l,,,,,,,,,,,0,0,0,0,1,,,,,,,,,,,321.1071,352.3748,space,30.9134,0.0007,,,,,,,,,,,,,,,,,,,,,,,,,,,,,,,,,,,,,,,,,,,,,,,,,,,,,,,,
,,,,,190239,001,2024-06-05_20h40.56.892,mathesisv2,2024.1.3,Win32,3.756574005,,,,,,371.7105,379.7865,l,7.7986,,,,,,,stimuliAXBmix/iyystimulus.wav,f,,,,,,,,,,,0,1,1,1,1,,,,,,,,,,,,,,,,,,,,,,,,,,,,,,,,,,,,,,,,,,,,,,,,,,,,,,,,,,,,,,,,,,,,,,,
,,,,,190239,001,2024-06-05_20h40.56.892,mathesisv2,2024.1.3,Win32,3.756574005,,,,,,379.8123,390.39,l,10.2817,0.0008,,,,,,stimuliAXBmix/yuustimulus.wav,f,,,,,,,,,,,0,2,2,2,1,,,,,,,,,,,,,,,,,,,,,,,,,,,,,,,,,,,,,,,,,,,,,,,,,,,,,,,,,,,,,,,,,,,,,,,
,,,,,190239,001,2024-06-05_20h40.56.892,mathesisv2,2024.1.3,Win32,3.756574005,,,,,,390.4163,412.7002,f,21.9863,0.0008,,,,,,stimuliAXBmix/yyustimulus.wav,l,,,,,,,,,,,0,3,3,3,1,,,,,,,,,,,,,,,,,,,,,,,,,,,,,,,,,,,,,,,,,,,,,,,,,,,,,,,,,,,,,,,,,,,,,,,
,,,,,190239,001,2024-06-05_20h40.56.892,mathesisv2,2024.1.3,Win32,3.756574005,,,,,,412.7274,430.3436,l,17.3246,,,,,,,stimuliAXBmix/yyustimulus.wav,l,,,,,,,,,,,1,0,4,3,1,,,,,,,,,,,,,,,,,,,,,,,,,,,,,,,,,,,,,,,,,,,,,,,,,,,,,,,,,,,,,,,,,,,,,,,
,,,,,190239,001,2024-06-05_20h40.56.892,mathesisv2,2024.1.3,Win32,3.756574005,,,,,,430.3714,440.2211,l,9.5746,,,,,,,stimuliAXBmix/yuustimulus.wav,f,,,,,,,,,,,1,1,5,2,1,,,,,,,,,,,,,,,,,,,,,,,,,,,,,,,,,,,,,,,,,,,,,,,,,,,,,,,,,,,,,,,,,,,,,,,
,,,,,190239,001,2024-06-05_20h40.56.892,mathesisv2,2024.1.3,Win32,3.756574005,,,,,,440.2461,448.1991,l,7.6708,,,,,,,stimuliAXBmix/iyystimulus.wav,f,,,,,,,,,,,1,2,6,1,1,,,,,,,,,,,,,,,,,,,,,,,,,,,,,,,,,,,,,,,,,,,,,,,,,,,,,,,,,,,,,,,,,,,,,,,
,,,,,190239,001,2024-06-05_20h40.56.892,mathesisv2,2024.1.3,Win32,3.756574005,,,,,,448.2233,465.5394,f,17.0399,0.0005,,,,,,stimuliAXBmix/iiystimulus.wav,l,,,,,,,,,,,1,3,7,0,1,,,,,,,,,,,,,,,,,,,,,,,,,,,,,,,,,,,,,,,,,,,,,,,,,,,,,,,,,,,,,,,,,,,,,,,
,,,,,190239,001,2024-06-05_20h40.56.892,mathesisv2,2024.1.3,Win32,3.756574005,,,,,,465.5684,473.8761,f,8.0382,0.0006,,,,,,stimuliAXBmix/iiystimulus.wav,l,,,,,,,,,,,2,0,8,0,1,,,,,,,,,,,,,,,,,,,,,,,,,,,,,,,,,,,,,,,,,,,,,,,,,,,,,,,,,,,,,,,,,,,,,,,
,,,,,190239,001,2024-06-05_20h40.56.892,mathesisv2,2024.1.3,Win32,3.756574005,,,,,,473.9006,478.3732,l,4.1794,,,,,,,stimuliAXBmix/yuustimulus.wav,f,,,,,,,,,,,2,1,9,2,1,,,,,,,,,,,,,,,,,,,,,,,,,,,,,,,,,,,,,,,,,,,,,,,,,,,,,,,,,,,,,,,,,,,,,,,
,,,,,190239,001,2024-06-05_20h40.56.892,mathesisv2,2024.1.3,Win32,3.756574005,,,,,,478.398,488.0706,l,9.4003,,,,,,,stimuliAXBmix/yyustimulus.wav,l,,,,,,,,,,,2,2,10,3,1,,,,,,,,,,,,,,,,,,,,,,,,,,,,,,,,,,,,,,,,,,,,,,,,,,,,,,,,,,,,,,,,,,,,,,,
,,,,,190239,001,2024-06-05_20h40.56.892,mathesisv2,2024.1.3,Win32,3.756574005,,,,,,488.0959,495.298,f,6.9089,,,,,,,stimuliAXBmix/iyystimulus.wav,f,,,,,,,,,,,2,3,11,1,1,,,,,,,,,,,,,,,,,,,,,,,,,,,,,,,,,,,,,,,,,,,,,,,,,,,,,,,,,,,,,,,,,,,,,,,
,,,,,190239,001,2024-06-05_20h40.56.892,mathesisv2,2024.1.3,Win32,3.756574005,,,,,,506.3706,524.1705,f,17.4571,,,,,,,stimuliAXBmix/iiystimulus.wav,l,,,,,,,,,,,,,,,,495.2982,506.3363,f,10.729,,0,0,0,0,1,,,,,,,,,,,,,,,,,,,,,,,,,,,,,,,,,,,,,,,,,,,,,,,,,,,,,,,,,,,,,
,,,,,190239,001,2024-06-05_20h40.56.892,mathesisv2,2024.1.3,Win32,3.756574005,,,,,,524.1983,534.8248,l,10.2922,0.0005,,,,,,stimuliAXBmix/yyustimulus.wav,l,,,,,,,,,,,,,,,,,,,,,0,1,1,3,1,,,,,,,,,,,,,,,,,,,,,,,,,,,,,,,,,,,,,,,,,,,,,,,,,,,,,,,,,,,,,
,,,,,190239,001,2024-06-05_20h40.56.892,mathesisv2,2024.1.3,Win32,3.756574005,,,,,,534.8511,539.9313,f,4.7893,,,,,,,stimuliAXBmix/yuustimulus.wav,f,,,,,,,,,,,,,,,,,,,,,0,2,2,2,1,,,,,,,,,,,,,,,,,,,,,,,,,,,,,,,,,,,,,,,,,,,,,,,,,,,,,,,,,,,,,
,,,,,190239,001,2024-06-05_20h40.56.892,mathesisv2,2024.1.3,Win32,3.756574005,,,,,,539.9568,554.7668,f,14.4951,,,,,,,stimuliAXBmix/iyystimulus.wav,f,,,,,,,,,,,,,,,,,,,,,0,3,3,1,1,,,,,,,,,,,,,,,,,,,,,,,,,,,,,,,,,,,,,,,,,,,,,,,,,,,,,,,,,,,,,
,,,,,190239,001,2024-06-05_20h40.56.892,mathesisv2,2024.1.3,Win32,3.756574005,,,,,,554.7933,563.3839,l,8.3008,0.0007,,,,,,stimuliAXBmix/iiystimulus.wav,l,,,,,,,,,,,,,,,,,,,,,1,0,4,0,1,,,,,,,,,,,,,,,,,,,,,,,,,,,,,,,,,,,,,,,,,,,,,,,,,,,,,,,,,,,,,
,,,,,190239,001,2024-06-05_20h40.56.892,mathesisv2,2024.1.3,Win32,3.756574005,,,,,,563.4089,571.7156,l,8.0211,0.0006,,,,,,stimuliAXBmix/iyystimulus.wav,f,,,,,,,,,,,,,,,,,,,,,1,1,5,1,1,,,,,,,,,,,,,,,,,,,,,,,,,,,,,,,,,,,,,,,,,,,,,,,,,,,,,,,,,,,,,
,,,,,190239,001,2024-06-05_20h40.56.892,mathesisv2,2024.1.3,Win32,3.756574005,,,,,,571.7413,581.2146,l,9.1455,,,,,,,stimuliAXBmix/yyustimulus.wav,l,,,,,,,,,,,,,,,,,,,,,1,2,6,3,1,,,,,,,,,,,,,,,,,,,,,,,,,,,,,,,,,,,,,,,,,,,,,,,,,,,,,,,,,,,,,
,,,,,190239,001,2024-06-05_20h40.56.892,mathesisv2,2024.1.3,Win32,3.756574005,,,,,,581.241,596.8797,l,15.3554,,,,,,,stimuliAXBmix/yuustimulus.wav,f,,,,,,,,,,,,,,,,,,,,,1,3,7,2,1,,,,,,,,,,,,,,,,,,,,,,,,,,,,,,,,,,,,,,,,,,,,,,,,,,,,,,,,,,,,,
,,,,,190239,001,2024-06-05_20h40.56.892,mathesisv2,2024.1.3,Win32,3.756574005,,,,,,599.4283,605.6473,l,5.93,0.0005,,,,,,stimuliAXBmix/yyustimulus.wav,l,,,,,,,,,,,0,0,0,3,1,,,,,,,,,,,596.88,599.3939,space,2.1802,,,,,,,,,,,,,,,,,,,,,,,,,,,,,,,,,,,,,,,,,,,,,,,,,,,,,,,,,
,,,,,190239,001,2024-06-05_20h40.56.892,mathesisv2,2024.1.3,Win32,3.756574005,,,,,,605.6726,612.1621,f,6.1728,,,,,,,stimuliAXBmix/yuustimulus.wav,f,,,,,,,,,,,0,1,1,2,1,,,,,,,,,,,,,,,,,,,,,,,,,,,,,,,,,,,,,,,,,,,,,,,,,,,,,,,,,,,,,,,,,,,,,,,
,,,,,190239,001,2024-06-05_20h40.56.892,mathesisv2,2024.1.3,Win32,3.756574005,,,,,,612.1881,620.947,f,8.4587,0.0005,,,,,,stimuliAXBmix/iyystimulus.wav,f,,,,,,,,,,,0,2,2,1,1,,,,,,,,,,,,,,,,,,,,,,,,,,,,,,,,,,,,,,,,,,,,,,,,,,,,,,,,,,,,,,,,,,,,,,,
,,,,,190239,001,2024-06-05_20h40.56.892,mathesisv2,2024.1.3,Win32,3.756574005,,,,,,620.9732,631.2971,l,10.0221,,,,,,,stimuliAXBmix/iiystimulus.wav,l,,,,,,,,,,,0,3,3,0,1,,,,,,,,,,,,,,,,,,,,,,,,,,,,,,,,,,,,,,,,,,,,,,,,,,,,,,,,,,,,,,,,,,,,,,,
,,,,,190239,001,2024-06-05_20h40.56.892,mathesisv2,2024.1.3,Win32,3.756574005,,,,,,631.3211,640.1599,l,8.5422,,,,,,,stimuliAXBmix/yyustimulus.wav,l,,,,,,,,,,,1,0,4,3,1,,,,,,,,,,,,,,,,,,,,,,,,,,,,,,,,,,,,,,,,,,,,,,,,,,,,,,,,,,,,,,,,,,,,,,,
,,,,,190239,001,2024-06-05_20h40.56.892,mathesisv2,2024.1.3,Win32,3.756574005,,,,,,640.1864,648.3024,l,7.8244,0.0005,,,,,,stimuliAXBmix/iiystimulus.wav,l,,,,,,,,,,,1,1,5,0,1,,,,,,,,,,,,,,,,,,,,,,,,,,,,,,,,,,,,,,,,,,,,,,,,,,,,,,,,,,,,,,,,,,,,,,,
,,,,,190239,001,2024-06-05_20h40.56.892,mathesisv2,2024.1.3,Win32,3.756574005,,,,,,648.326,656.4941,f,7.8698,0.0004,,,,,,stimuliAXBmix/iyystimulus.wav,f,,,,,,,,,,,1,2,6,1,1,,,,,,,,,,,,,,,,,,,,,,,,,,,,,,,,,,,,,,,,,,,,,,,,,,,,,,,,,,,,,,,,,,,,,,,
,,,,,190239,001,2024-06-05_20h40.56.892,mathesisv2,2024.1.3,Win32,3.756574005,,,,,,656.521,666.4906,l,9.6395,,,,,,,stimuliAXBmix/yuustimulus.wav,f,,,,,,,,,,,1,3,7,2,1,,,,,,,,,,,,,,,,,,,,,,,,,,,,,,,,,,,,,,,,,,,,,,,,,,,,,,,,,,,,,,,,,,,,,,,
,,,,,190239,001,2024-06-05_20h40.56.892,mathesisv2,2024.1.3,Win32,3.756574005,,,,,,666.5159,675.0602,l,8.2443,0.0007,,,,,,stimuliAXBmix/yuustimulus.wav,f,,,,,,,,,,,2,0,8,2,1,,,,,,,,,,,,,,,,,,,,,,,,,,,,,,,,,,,,,,,,,,,,,,,,,,,,,,,,,,,,,,,,,,,,,,,
,,,,,190239,001,2024-06-05_20h40.56.892,mathesisv2,2024.1.3,Win32,3.756574005,,,,,,675.0866,682.5601,l,7.1728,0.0005,,,,,,stimuliAXBmix/iiystimulus.wav,l,,,,,,,,,,,2,1,9,0,1,,,,,,,,,,,,,,,,,,,,,,,,,,,,,,,,,,,,,,,,,,,,,,,,,,,,,,,,,,,,,,,,,,,,,,,
,,,,,190239,001,2024-06-05_20h40.56.892,mathesisv2,2024.1.3,Win32,3.756574005,,,,,,682.5865,688.6086,f,5.7296,,,,,,,stimuliAXBmix/iyystimulus.wav,f,,,,,,,,,,,2,2,10,1,1,,,,,,,,,,,,,,,,,,,,,,,,,,,,,,,,,,,,,,,,,,,,,,,,,,,,,,,,,,,,,,,,,,,,,,,
,,,,,190239,001,2024-06-05_20h40.56.892,mathesisv2,2024.1.3,Win32,3.756574005,,,,,,688.6355,701.1843,f,12.2593,0.0006,,,,,,stimuliAXBmix/yyustimulus.wav,l,,,,,,,,,,,2,3,11,3,1,,,,,,,,,,,,,,,,,,,,,,,,,,,,,,,,,,,,,,,,,,,,,,,,,,,,,,,,,,,,,,,,,,,,,,,
,,,,,190239,001,2024-06-05_20h40.56.892,mathesisv2,2024.1.3,Win32,3.756574005,,,,,,704.1673,710.2755,l,5.7873,,,,,,,stimuliAXBmix/yuustimulus.wav,f,,,,,,,,,,,,,,,,701.1845,704.1336,return,2.6533,0.0006,0,0,0,2,1,,,,,,,,,,,,,,,,,,,,,,,,,,,,,,,,,,,,,,,,,,,,,,,,,,,,,,,,,,,,,
,,,,,190239,001,2024-06-05_20h40.56.892,mathesisv2,2024.1.3,Win32,3.756574005,,,,,,710.301,717.0616,l,6.463,0.0007,,,,,,stimuliAXBmix/iiystimulus.wav,l,,,,,,,,,,,,,,,,,,,,,0,1,1,0,1,,,,,,,,,,,,,,,,,,,,,,,,,,,,,,,,,,,,,,,,,,,,,,,,,,,,,,,,,,,,,
,,,,,190239,001,2024-06-05_20h40.56.892,mathesisv2,2024.1.3,Win32,3.756574005,,,,,,717.0869,726.8106,f,9.3692,0.0006,,,,,,stimuliAXBmix/yyustimulus.wav,l,,,,,,,,,,,,,,,,,,,,,0,2,2,3,1,,,,,,,,,,,,,,,,,,,,,,,,,,,,,,,,,,,,,,,,,,,,,,,,,,,,,,,,,,,,,
,,,,,190239,001,2024-06-05_20h40.56.892,mathesisv2,2024.1.3,Win32,3.756574005,,,,,,726.8377,735.8609,f,8.7325,0.0006,,,,,,stimuliAXBmix/iyystimulus.wav,f,,,,,,,,,,,,,,,,,,,,,0,3,3,1,1,,,,,,,,,,,,,,,,,,,,,,,,,,,,,,,,,,,,,,,,,,,,,,,,,,,,,,,,,,,,,
,,,,,190239,001,2024-06-05_20h40.56.892,mathesisv2,2024.1.3,Win32,3.756574005,,,,,,735.8863,743.0501,l,6.8226,0.0005,,,,,,stimuliAXBmix/yyustimulus.wav,l,,,,,,,,,,,,,,,,,,,,,1,0,4,3,1,,,,,,,,,,,,,,,,,,,,,,,,,,,,,,,,,,,,,,,,,,,,,,,,,,,,,,,,,,,,,
,,,,,190239,001,2024-06-05_20h40.56.892,mathesisv2,2024.1.3,Win32,3.756574005,,,,,,743.0755,750.1212,f,6.7412,0.0006,,,,,,stimuliAXBmix/iiystimulus.wav,l,,,,,,,,,,,,,,,,,,,,,1,1,5,0,1,,,,,,,,,,,,,,,,,,,,,,,,,,,,,,,,,,,,,,,,,,,,,,,,,,,,,,,,,,,,,
,,,,,190239,001,2024-06-05_20h40.56.892,mathesisv2,2024.1.3,Win32,3.756574005,,,,,,750.1469,757.6102,l,7.152,,,,,,,stimuliAXBmix/yuustimulus.wav,f,,,,,,,,,,,,,,,,,,,,,1,2,6,2,1,,,,,,,,,,,,,,,,,,,,,,,,,,,,,,,,,,,,,,,,,,,,,,,,,,,,,,,,,,,,,
,,,,,190239,001,2024-06-05_20h40.56.892,mathesisv2,2024.1.3,Win32,3.756574005,,,,,,757.6344,764.1304,l,6.1989,0.0006,,,,,,stimuliAXBmix/iyystimulus.wav,f,,,,,,,,,,,,,,,,,,,,,1,3,7,1,1,,,,,,,,,,,,,,,,,,,,,,,,,,,,,,,,,,,,,,,,,,,,,,,,,,,,,,,,,,,,,
,,,,,190239,001,2024-06-05_20h40.56.892,mathesisv2,2024.1.3,Win32,3.756574005,,,,,,770.0341,786.628,f,16.2965,,,,,,,stimuliAXBmix/iiystimulus.wav,l,,,,,,,,,,,0,0,0,0,1,,,,,,,,,,,764.1306,770.001,space,5.5304,0.0005,,,,,,,,,,,,,,,,,,,,,,,,,,,,,,,,,,,,,,,,,,,,,,,,,,,,,,,,
,,,,,190239,001,2024-06-05_20h40.56.892,mathesisv2,2024.1.3,Win32,3.756574005,,,,,,786.6529,793.454,f,6.5109,0.0006,,,,,,stimuliAXBmix/yuustimulus.wav,f,,,,,,,,,,,0,1,1,2,1,,,,,,,,,,,,,,,,,,,,,,,,,,,,,,,,,,,,,,,,,,,,,,,,,,,,,,,,,,,,,,,,,,,,,,,
,,,,,190239,001,2024-06-05_20h40.56.892,mathesisv2,2024.1.3,Win32,3.756574005,,,,,,793.4789,798.5189,l,4.7512,0.0005,,,,,,stimuliAXBmix/iyystimulus.wav,f,,,,,,,,,,,0,2,2,1,1,,,,,,,,,,,,,,,,,,,,,,,,,,,,,,,,,,,,,,,,,,,,,,,,,,,,,,,,,,,,,,,,,,,,,,,
,,,,,190239,001,2024-06-05_20h40.56.892,mathesisv2,2024.1.3,Win32,3.756574005,,,,,,798.5436,804.2291,f,5.394,0.0006,,,,,,stimuliAXBmix/yyustimulus.wav,l,,,,,,,,,,,0,3,3,3,1,,,,,,,,,,,,,,,,,,,,,,,,,,,,,,,,,,,,,,,,,,,,,,,,,,,,,,,,,,,,,,,,,,,,,,,
,,,,,190239,001,2024-06-05_20h40.56.892,mathesisv2,2024.1.3,Win32,3.756574005,,,,,,804.2555,808.9799,l,4.4421,,,,,,,stimuliAXBmix/yyustimulus.wav,l,,,,,,,,,,,1,0,4,3,1,,,,,,,,,,,,,,,,,,,,,,,,,,,,,,,,,,,,,,,,,,,,,,,,,,,,,,,,,,,,,,,,,,,,,,,
,,,,,190239,001,2024-06-05_20h40.56.892,mathesisv2,2024.1.3,Win32,3.756574005,,,,,,809.0053,816.2698,l,6.9723,,,,,,,stimuliAXBmix/iiystimulus.wav,l,,,,,,,,,,,1,1,5,0,1,,,,,,,,,,,,,,,,,,,,,,,,,,,,,,,,,,,,,,,,,,,,,,,,,,,,,,,,,,,,,,,,,,,,,,,
,,,,,190239,001,2024-06-05_20h40.56.892,mathesisv2,2024.1.3,Win32,3.756574005,,,,,,816.2958,821.6096,f,5.0313,0.0005,,,,,,stimuliAXBmix/yuustimulus.wav,f,,,,,,,,,,,1,2,6,2,1,,,,,,,,,,,,,,,,,,,,,,,,,,,,,,,,,,,,,,,,,,,,,,,,,,,,,,,,,,,,,,,,,,,,,,,
,,,,,190239,001,2024-06-05_20h40.56.892,mathesisv2,2024.1.3,Win32,3.756574005,,,,,,821.6333,826.8053,l,4.8734,,,,,,,stimuliAXBmix/iyystimulus.wav,f,,,,,,,,,,,1,3,7,1,1,,,,,,,,,,,,,,,,,,,,,,,,,,,,,,,,,,,,,,,,,,,,,,,,,,,,,,,,,,,,,,,,,,,,,,,
,,,,,190239,001,2024-06-05_20h40.56.892,mathesisv2,2024.1.3,Win32,3.756574005,,,,,,826.8291,835.8422,f,8.733,,,,,,,stimuliAXBmix/yuustimulus.wav,f,,,,,,,,,,,2,0,8,2,1,,,,,,,,,,,,,,,,,,,,,,,,,,,,,,,,,,,,,,,,,,,,,,,,,,,,,,,,,,,,,,,,,,,,,,,
,,,,,190239,001,2024-06-05_20h40.56.892,mathesisv2,2024.1.3,Win32,3.756574005,,,,,,835.8695,840.1091,l,3.9477,,,,,,,stimuliAXBmix/yyustimulus.wav,l,,,,,,,,,,,2,1,9,3,1,,,,,,,,,,,,,,,,,,,,,,,,,,,,,,,,,,,,,,,,,,,,,,,,,,,,,,,,,,,,,,,,,,,,,,,
,,,,,190239,001,2024-06-05_20h40.56.892,mathesisv2,2024.1.3,Win32,3.756574005,,,,,,840.1096,846.8626,l,6.4403,,,,,,,stimuliAXBmix/iyystimulus.wav,f,,,,,,,,,,,2,2,10,1,1,,,,,,,,,,,,,,,,,,,,,,,,,,,,,,,,,,,,,,,,,,,,,,,,,,,,,,,,,,,,,,,,,,,,,,,
,,,,,190239,001,2024-06-05_20h40.56.892,mathesisv2,2024.1.3,Win32,3.756574005,,,,,,846.8871,852.9909,f,5.824,0.0005,,,,,,stimuliAXBmix/iiystimulus.wav,l,,,,,,,,,,,2,3,11,0,1,,,,,,,,,,,,,,,,,,,,,,,,,,,,,,,,,,,,,,,,,,,,,,,,,,,,,,,,,,,,,,,,,,,,,,,
,,,,,190239,001,2024-06-05_20h40.56.892,mathesisv2,2024.1.3,Win32,3.756574005,,,,,,855.9045,862.8288,f,6.6346,,,,,,,stimuliAXBmix/yuustimulus.wav,f,,,,,,,,,,,,,,,,852.991,855.8694,return,2.5758,0.0005,0,0,0,2,1,,,,,,,,,,,,,,,,,,,,,,,,,,,,,,,,,,,,,,,,,,,,,,,,,,,,,,,,,,,,,
,,,,,190239,001,2024-06-05_20h40.56.892,mathesisv2,2024.1.3,Win32,3.756574005,,,,,,862.8535,871.7303,l,8.576,0.0006,,,,,,stimuliAXBmix/yyustimulus.wav,l,,,,,,,,,,,,,,,,,,,,,0,1,1,3,1,,,,,,,,,,,,,,,,,,,,,,,,,,,,,,,,,,,,,,,,,,,,,,,,,,,,,,,,,,,,,
,,,,,190239,001,2024-06-05_20h40.56.892,mathesisv2,2024.1.3,Win32,3.756574005,,,,,,871.7567,885.3433,l,13.2269,0.0006,,,,,,stimuliAXBmix/iyystimulus.wav,f,,,,,,,,,,,,,,,,,,,,,0,2,2,1,1,,,,,,,,,,,,,,,,,,,,,,,,,,,,,,,,,,,,,,,,,,,,,,,,,,,,,,,,,,,,,
,,,,,190239,001,2024-06-05_20h40.56.892,mathesisv2,2024.1.3,Win32,3.756574005,,,,,,885.3702,891.7398,f,6.0733,,,,,,,stimuliAXBmix/iiystimulus.wav,l,,,,,,,,,,,,,,,,,,,,,0,3,3,0,1,,,,,,,,,,,,,,,,,,,,,,,,,,,,,,,,,,,,,,,,,,,,,,,,,,,,,,,,,,,,,
,,,,,190239,001,2024-06-05_20h40.56.892,mathesisv2,2024.1.3,Win32,3.756574005,,,,,,891.7651,900.0961,f,8.0432,,,,,,,stimuliAXBmix/yyustimulus.wav,l,,,,,,,,,,,,,,,,,,,,,1,0,4,3,1,,,,,,,,,,,,,,,,,,,,,,,,,,,,,,,,,,,,,,,,,,,,,,,,,,,,,,,,,,,,,
,,,,,190239,001,2024-06-05_20h40.56.892,mathesisv2,2024.1.3,Win32,3.756574005,,,,,,900.1226,906.6403,l,6.229,,,,,,,stimuliAXBmix/iyystimulus.wav,f,,,,,,,,,,,,,,,,,,,,,1,1,5,1,1,,,,,,,,,,,,,,,,,,,,,,,,,,,,,,,,,,,,,,,,,,,,,,,,,,,,,,,,,,,,,
,,,,,190239,001,2024-06-05_20h40.56.892,mathesisv2,2024.1.3,Win32,3.756574005,,,,,,906.6662,912.606,f,5.5917,,,,,,,stimuliAXBmix/yuustimulus.wav,f,,,,,,,,,,,,,,,,,,,,,1,2,6,2,1,,,,,,,,,,,,,,,,,,,,,,,,,,,,,,,,,,,,,,,,,,,,,,,,,,,,,,,,,,,,,
,,,,,190239,001,2024-06-05_20h40.56.892,mathesisv2,2024.1.3,Win32,3.756574005,,,,,,912.6306,919.9186,l,7.0029,,,,,,,stimuliAXBmix/iiystimulus.wav,l,,,,,,,,,,,,,,,,,,,,,1,3,7,0,1,,,,,,,,,,,,,,,,,,,,,,,,,,,,,,,,,,,,,,,,,,,,,,,,,,,,,,,,,,,,,
,,,,,190239,001,2024-06-05_20h40.56.892,mathesisv2,2024.1.3,Win32,3.756574005,,,,,,,,,,,,,,,,,,,,,,,,,,,,,,,,,,,,,,,,,,,919.9188,948.0426,space,27.8207,0.0005,948.0437,957.4621,space,9.1146,0.0006,,,,,,,,,,,,,,,,,,,,,,,,,,,,,,,,,,,,,,,,,,,,,,,,,,,
,,,,,190239,001,2024-06-05_20h40.56.892,mathesisv2,2024.1.3,Win32,3.756574005,,,,,,,,,,,,,,,,,,,,,,,,,,,,,,,,,,,,,,,,,,,,,,,,,,,,,957.5005,969.7009,e,11.9334,0.0006,0,0,0,2,1,testTAFCmixfirst/nimnym006.wav,,,,,,,,,,,,,,,,,,,,,,,,,,,,,,,,,,,,,,,,
,,,,,190239,001,2024-06-05_20h40.56.892,mathesisv2,2024.1.3,Win32,3.756574005,,,,,,,,,,,,,,,,,,,,,,,,,,,,,,,,,,,,,,,,,,,,,,,,,,,,,969.7279,974.1045,e,4.0625,,0,1,1,0,1,testTAFCmixfirst/nimnym001.wav,,,,,,,,,,,,,,,,,,,,,,,,,,,,,,,,,,,,,,,,
,,,,,190239,001,2024-06-05_20h40.56.892,mathesisv2,2024.1.3,Win32,3.756574005,,,,,,,,,,,,,,,,,,,,,,,,,,,,,,,,,,,,,,,,,,,,,,,,,,,,,974.1051,988.4232,e,14.0258,,0,2,2,1,1,testTAFCmixfirst/nimnym002.wav,,,,,,,,,,,,,,,,,,,,,,,,,,,,,,,,,,,,,,,,
,,,,,190239,001,2024-06-05_20h40.56.892,mathesisv2,2024.1.3,Win32,3.756574005,,,,,,,,,,,,,,,,,,,,,,,,,,,,,,,,,,,,,,,,,,,,,,,,,,,,,,,,,,,,,,,,988.4584,993.3088,y,4.5738,0.0005,0,0,0,2,1,testTAFCmixsec/numnym006.wav,,,,,,,,,,,,,,,,,,,,,,,,,,,,,
,,,,,190239,001,2024-06-05_20h40.56.892,mathesisv2,2024.1.3,Win32,3.756574005,,,,,,,,,,,,,,,,,,,,,,,,,,,,,,,,,,,,,,,,,,,,,,,,,,,,,,,,,,,,,,,,993.3098,998.4761,u,4.8796,0.0006,0,1,1,0,1,testTAFCmixsec/numnym001.wav,,,,,,,,,,,,,,,,,,,,,,,,,,,,,
,,,,,190239,001,2024-06-05_20h40.56.892,mathesisv2,2024.1.3,Win32,3.756574005,,,,,,,,,,,,,,,,,,,,,,,,,,,,,,,,,,,,,,,,,,,,,,,,,,,,,,,,,,,,,,,,998.5013,1001.7562,u,2.9314,0.0007,0,2,2,1,1,testTAFCmixsec/numnym002.wav,,,,,,,,,,,,,,,,,,,,,,,,,,,,,
,,,,,190239,001,2024-06-05_20h40.56.892,mathesisv2,2024.1.3,Win32,3.756574005,,,,,,,,,,,,,,,,,,,,,,,,,,,,,,,,,,,,,,,,,,,,,,,,,,,,,,,,,,,,,,,,,,,,,,,,,,,1001.7574,1007.6695,space,5.5961,,,,,,,,,,,,,,,,,,,,,,,,,
,,,,,190239,001,2024-06-05_20h40.56.892,mathesisv2,2024.1.3,Win32,3.756574005,,,,,,,,,,,,,,,,,e,,,,,,,,,,,,,,,,,,,,,,,,,,,,,,,,,,,,,,,,,,,,,,,,,,,,,,,,,,,,,,,1007.711,1011.4133,e,3.3746,,0,0,0,2,1,stimuliTAFCfirst/nimnym003.wav,,,,,,,,,,,,,
,,,,,190239,001,2024-06-05_20h40.56.892,mathesisv2,2024.1.3,Win32,3.756574005,,,,,,,,,,,,,,,,,e,,,,,,,,,,,,,,,,,,,,,,,,,,,,,,,,,,,,,,,,,,,,,,,,,,,,,,,,,,,,,,,1011.4416,1019.2356,e,7.4741,,0,1,1,1,1,stimuliTAFCfirst/nimnym002.wav,,,,,,,,,,,,,
,,,,,190239,001,2024-06-05_20h40.56.892,mathesisv2,2024.1.3,Win32,3.756574005,,,,,,,,,,,,,,,,,y,,,,,,,,,,,,,,,,,,,,,,,,,,,,,,,,,,,,,,,,,,,,,,,,,,,,,,,,,,,,,,,1019.2612,1024.3369,e,4.7982,0.0006,0,2,2,6,1,stimuliTAFCfirst/nimnym007.wav,,,,,,,,,,,,,
,,,,,190239,001,2024-06-05_20h40.56.892,mathesisv2,2024.1.3,Win32,3.756574005,,,,,,,,,,,,,,,,,e,,,,,,,,,,,,,,,,,,,,,,,,,,,,,,,,,,,,,,,,,,,,,,,,,,,,,,,,,,,,,,,1024.3615,1028.6749,e,4.0193,0.0005,0,3,3,0,1,stimuliTAFCfirst/nimnym001.wav,,,,,,,,,,,,,
,,,,,190239,001,2024-06-05_20h40.56.892,mathesisv2,2024.1.3,Win32,3.756574005,,,,,,,,,,,,,,,,,x,,,,,,,,,,,,,,,,,,,,,,,,,,,,,,,,,,,,,,,,,,,,,,,,,,,,,,,,,,,,,,,1028.7014,1034.4786,e,5.4841,0.0007,0,4,4,3,1,stimuliTAFCfirst/nimnym004.wav,,,,,,,,,,,,,
,,,,,190239,001,2024-06-05_20h40.56.892,mathesisv2,2024.1.3,Win32,3.756574005,,,,,,,,,,,,,,,,,y,,,,,,,,,,,,,,,,,,,,,,,,,,,,,,,,,,,,,,,,,,,,,,,,,,,,,,,,,,,,,,,1034.5049,1037.8016,e,3.0341,,0,5,5,5,1,stimuliTAFCfirst/nimnym006.wav,,,,,,,,,,,,,
,,,,,190239,001,2024-06-05_20h40.56.892,mathesisv2,2024.1.3,Win32,3.756574005,,,,,,,,,,,,,,,,,y,,,,,,,,,,,,,,,,,,,,,,,,,,,,,,,,,,,,,,,,,,,,,,,,,,,,,,,,,,,,,,,1037.8021,1040.8228,y,2.6972,,0,6,6,4,1,stimuliTAFCfirst/nimnym005.wav,,,,,,,,,,,,,
,,,,,190239,001,2024-06-05_20h40.56.892,mathesisv2,2024.1.3,Win32,3.756574005,,,,,,,,,,,,,,,,,y,,,,,,,,,,,,,,,,,,,,,,,,,,,,,,,,,,,,,,,,,,,,,,,,,,,,,,,,,,,,,,,1040.8234,1043.9356,y,2.8393,,1,0,7,5,1,stimuliTAFCfirst/nimnym006.wav,,,,,,,,,,,,,
,,,,,190239,001,2024-06-05_20h40.56.892,mathesisv2,2024.1.3,Win32,3.756574005,,,,,,,,,,,,,,,,,e,,,,,,,,,,,,,,,,,,,,,,,,,,,,,,,,,,,,,,,,,,,,,,,,,,,,,,,,,,,,,,,1043.9362,1047.0544,y,2.8343,,1,1,8,1,1,stimuliTAFCfirst/nimnym002.wav,,,,,,,,,,,,,
,,,,,190239,001,2024-06-05_20h40.56.892,mathesisv2,2024.1.3,Win32,3.756574005,,,,,,,,,,,,,,,,,e,,,,,,,,,,,,,,,,,,,,,,,,,,,,,,,,,,,,,,,,,,,,,,,,,,,,,,,,,,,,,,,1047.0549,1049.7974,e,2.4548,0.0005,1,2,9,0,1,stimuliTAFCfirst/nimnym001.wav,,,,,,,,,,,,,
,,,,,190239,001,2024-06-05_20h40.56.892,mathesisv2,2024.1.3,Win32,3.756574005,,,,,,,,,,,,,,,,,y,,,,,,,,,,,,,,,,,,,,,,,,,,,,,,,,,,,,,,,,,,,,,,,,,,,,,,,,,,,,,,,1049.798,1052.8421,e,2.7594,,1,3,10,6,1,stimuliTAFCfirst/nimnym007.wav,,,,,,,,,,,,,
,,,,,190239,001,2024-06-05_20h40.56.892,mathesisv2,2024.1.3,Win32,3.756574005,,,,,,,,,,,,,,,,,e,,,,,,,,,,,,,,,,,,,,,,,,,,,,,,,,,,,,,,,,,,,,,,,,,,,,,,,,,,,,,,,1052.8678,1054.9714,y,1.8113,,1,4,11,2,1,stimuliTAFCfirst/nimnym003.wav,,,,,,,,,,,,,
,,,,,190239,001,2024-06-05_20h40.56.892,mathesisv2,2024.1.3,Win32,3.756574005,,,,,,,,,,,,,,,,,y,,,,,,,,,,,,,,,,,,,,,,,,,,,,,,,,,,,,,,,,,,,,,,,,,,,,,,,,,,,,,,,1054.9721,1057.1071,e,1.8483,0.0004,1,5,12,4,1,stimuliTAFCfirst/nimnym005.wav,,,,,,,,,,,,,
,,,,,190239,001,2024-06-05_20h40.56.892,mathesisv2,2024.1.3,Win32,3.756574005,,,,,,,,,,,,,,,,,x,,,,,,,,,,,,,,,,,,,,,,,,,,,,,,,,,,,,,,,,,,,,,,,,,,,,,,,,,,,,,,,1057.1078,1059.2809,y,1.8817,,1,6,13,3,1,stimuliTAFCfirst/nimnym004.wav,,,,,,,,,,,,,
,,,,,190239,001,2024-06-05_20h40.56.892,mathesisv2,2024.1.3,Win32,3.756574005,,,,,,,,,,,,,,,,,u,1059.2819,1063.4564,space,3.8826,0.0009,,,,,,,,,,,,,,,,,,,,,,,,,,,,,,,,,,,,,,,,,,,,,,,,,,,,,,,,,,,,,,,,,,,,,1063.4914,1068.3287,u,4.555,0.0005,0,0,0,0,1,stimuliTAFCsec/numnym001.wav,,
,,,,,190239,001,2024-06-05_20h40.56.892,mathesisv2,2024.1.3,Win32,3.756574005,,,,,,,,,,,,,,,,,x,,,,,,,,,,,,,,,,,,,,,,,,,,,,,,,,,,,,,,,,,,,,,,,,,,,,,,,,,,,,,,,,,,,,,,,,,,1068.3553,1071.4041,u,2.7572,,0,1,1,3,1,stimuliTAFCsec/numnym004.wav,,
,,,,,190239,001,2024-06-05_20h40.56.892,mathesisv2,2024.1.3,Win32,3.756574005,,,,,,,,,,,,,,,,,y,,,,,,,,,,,,,,,,,,,,,,,,,,,,,,,,,,,,,,,,,,,,,,,,,,,,,,,,,,,,,,,,,,,,,,,,,,1071.4049,1079.1917,u,7.4578,,0,2,2,6,1,stimuliTAFCsec/numnym007.wav,,
,,,,,190239,001,2024-06-05_20h40.56.892,mathesisv2,2024.1.3,Win32,3.756574005,,,,,,,,,,,,,,,,,y,,,,,,,,,,,,,,,,,,,,,,,,,,,,,,,,,,,,,,,,,,,,,,,,,,,,,,,,,,,,,,,,,,,,,,,,,,1079.2162,1082.0011,y,2.519,,0,3,3,5,1,stimuliTAFCsec/numnym006.wav,,
,,,,,190239,001,2024-06-05_20h40.56.892,mathesisv2,2024.1.3,Win32,3.756574005,,,,,,,,,,,,,,,,,u,,,,,,,,,,,,,,,,,,,,,,,,,,,,,,,,,,,,,,,,,,,,,,,,,,,,,,,,,,,,,,,,,,,,,,,,,,1082.0016,1084.7721,y,2.4433,,0,4,4,1,1,stimuliTAFCsec/numnym002.wav,,
,,,,,190239,001,2024-06-05_20h40.56.892,mathesisv2,2024.1.3,Win32,3.756574005,,,,,,,,,,,,,,,,,u,,,,,,,,,,,,,,,,,,,,,,,,,,,,,,,,,,,,,,,,,,,,,,,,,,,,,,,,,,,,,,,,,,,,,,,,,,1084.7727,1087.1611,u,2.0983,,0,5,5,2,1,stimuliTAFCsec/numnym003.wav,,
,,,,,190239,001,2024-06-05_20h40.56.892,mathesisv2,2024.1.3,Win32,3.756574005,,,,,,,,,,,,,,,,,y,,,,,,,,,,,,,,,,,,,,,,,,,,,,,,,,,,,,,,,,,,,,,,,,,,,,,,,,,,,,,,,,,,,,,,,,,,1087.1617,1089.6288,u,2.1837,,0,6,6,4,1,stimuliTAFCsec/numnym005.wav,,
,,,,,190239,001,2024-06-05_20h40.56.892,mathesisv2,2024.1.3,Win32,3.756574005,,,,,,,,,,,,,,,,,x,,,,,,,,,,,,,,,,,,,,,,,,,,,,,,,,,,,,,,,,,,,,,,,,,,,,,,,,,,,,,,,,,,,,,,,,,,1089.6294,1092.3514,u,2.4329,,1,0,7,3,1,stimuliTAFCsec/numnym004.wav,,
,,,,,190239,001,2024-06-05_20h40.56.892,mathesisv2,2024.1.3,Win32,3.756574005,,,,,,,,,,,,,,,,,u,,,,,,,,,,,,,,,,,,,,,,,,,,,,,,,,,,,,,,,,,,,,,,,,,,,,,,,,,,,,,,,,,,,,,,,,,,1092.352,1094.7831,y,2.1406,,1,1,8,2,1,stimuliTAFCsec/numnym003.wav,,
,,,,,190239,001,2024-06-05_20h40.56.892,mathesisv2,2024.1.3,Win32,3.756574005,,,,,,,,,,,,,,,,,u,,,,,,,,,,,,,,,,,,,,,,,,,,,,,,,,,,,,,,,,,,,,,,,,,,,,,,,,,,,,,,,,,,,,,,,,,,1094.7836,1097.2305,u,2.1573,,1,2,9,1,1,stimuliTAFCsec/numnym002.wav,,
,,,,,190239,001,2024-06-05_20h40.56.892,mathesisv2,2024.1.3,Win32,3.756574005,,,,,,,,,,,,,,,,,y,,,,,,,,,,,,,,,,,,,,,,,,,,,,,,,,,,,,,,,,,,,,,,,,,,,,,,,,,,,,,,,,,,,,,,,,,,1097.231,1099.878,u,2.371,,1,3,10,5,1,stimuliTAFCsec/numnym006.wav,,
,,,,,190239,001,2024-06-05_20h40.56.892,mathesisv2,2024.1.3,Win32,3.756574005,,,,,,,,,,,,,,,,,y,,,,,,,,,,,,,,,,,,,,,,,,,,,,,,,,,,,,,,,,,,,,,,,,,,,,,,,,,,,,,,,,,,,,,,,,,,1099.8785,1102.0806,y,1.8812,,1,4,11,4,1,stimuliTAFCsec/numnym005.wav,,
,,,,,190239,001,2024-06-05_20h40.56.892,mathesisv2,2024.1.3,Win32,3.756574005,,,,,,,,,,,,,,,,,u,,,,,,,,,,,,,,,,,,,,,,,,,,,,,,,,,,,,,,,,,,,,,,,,,,,,,,,,,,,,,,,,,,,,,,,,,,1102.0811,1105.0802,y,2.7144,0.0006,1,5,12,0,1,stimuliTAFCsec/numnym001.wav,,
,,,,,190239,001,2024-06-05_20h40.56.892,mathesisv2,2024.1.3,Win32,3.756574005,,,,,,,,,,,,,,,,,y,,,,,,,,,,,,,,,,,,,,,,,,,,,,,,,,,,,,,,,,,,,,,,,,,,,,,,,,,,,,,,,,,,,,,,,,,,1105.0807,1108.4735,u,3.1175,,1,6,13,6,1,stimuliTAFCsec/numnym007.wav,,
,,,,,190239,001,2024-06-05_20h40.56.892,mathesisv2,2024.1.3,Win32,3.756574005,,,,,,,,,,,,,,,,,x,,,,,,,,,,,,,,,,,,,,,,,,,,1108.4743,1110.8813,space,2.1272,0.0009,,,,,,,,,,,,,,,,,,,,,,,,,,,,,,,,,1110.9136,1115.4385,e,4.2466,0.0007,0,0,0,3,1,stimuliTAFCfirst/nimnym004.wav,,,,,,,,,,,,,
,,,,,190239,001,2024-06-05_20h40.56.892,mathesisv2,2024.1.3,Win32,3.756574005,,,,,,,,,,,,,,,,,e,,,,,,,,,,,,,,,,,,,,,,,,,,,,,,,,,,,,,,,,,,,,,,,,,,,,,,,,,,,,,,,1115.4631,1118.7235,e,2.9918,,0,1,1,1,1,stimuliTAFCfirst/nimnym002.wav,,,,,,,,,,,,,
,,,,,190239,001,2024-06-05_20h40.56.892,mathesisv2,2024.1.3,Win32,3.756574005,,,,,,,,,,,,,,,,,y,,,,,,,,,,,,,,,,,,,,,,,,,,,,,,,,,,,,,,,,,,,,,,,,,,,,,,,,,,,,,,,1118.7241,1126.3607,e,7.3546,,0,2,2,6,1,stimuliTAFCfirst/nimnym007.wav,,,,,,,,,,,,,
,,,,,190239,001,2024-06-05_20h40.56.892,mathesisv2,2024.1.3,Win32,3.756574005,,,,,,,,,,,,,,,,,e,,,,,,,,,,,,,,,,,,,,,,,,,,,,,,,,,,,,,,,,,,,,,,,,,,,,,,,,,,,,,,,1126.3856,1134.6856,y,8.0185,,0,3,3,2,1,stimuliTAFCfirst/nimnym003.wav,,,,,,,,,,,,,
,,,,,190239,001,2024-06-05_20h40.56.892,mathesisv2,2024.1.3,Win32,3.756574005,,,,,,,,,,,,,,,,,y,,,,,,,,,,,,,,,,,,,,,,,,,,,,,,,,,,,,,,,,,,,,,,,,,,,,,,,,,,,,,,,1134.7138,1139.0153,y,3.9925,,0,4,4,5,1,stimuliTAFCfirst/nimnym006.wav,,,,,,,,,,,,,
,,,,,190239,001,2024-06-05_20h40.56.892,mathesisv2,2024.1.3,Win32,3.756574005,,,,,,,,,,,,,,,,,e,,,,,,,,,,,,,,,,,,,,,,,,,,,,,,,,,,,,,,,,,,,,,,,,,,,,,,,,,,,,,,,1139.0158,1142.99,y,3.6948,,0,5,5,0,1,stimuliTAFCfirst/nimnym001.wav,,,,,,,,,,,,,
,,,,,190239,001,2024-06-05_20h40.56.892,mathesisv2,2024.1.3,Win32,3.756574005,,,,,,,,,,,,,,,,,y,,,,,,,,,,,,,,,,,,,,,,,,,,,,,,,,,,,,,,,,,,,,,,,,,,,,,,,,,,,,,,,1143.0151,1145.4193,e,2.1238,0.0007,0,6,6,4,1,stimuliTAFCfirst/nimnym005.wav,,,,,,,,,,,,,
,,,,,190239,001,2024-06-05_20h40.56.892,mathesisv2,2024.1.3,Win32,3.756574005,,,,,,,,,,,,,,,,,e,,,,,,,,,,,,,,,,,,,,,,,,,,,,,,,,,,,,,,,,,,,,,,,,,,,,,,,,,,,,,,,1145.4199,1148.2321,y,2.5148,0.0005,1,0,7,1,1,stimuliTAFCfirst/nimnym002.wav,,,,,,,,,,,,,
,,,,,190239,001,2024-06-05_20h40.56.892,mathesisv2,2024.1.3,Win32,3.756574005,,,,,,,,,,,,,,,,,y,,,,,,,,,,,,,,,,,,,,,,,,,,,,,,,,,,,,,,,,,,,,,,,,,,,,,,,,,,,,,,,1148.2328,1150.6413,e,2.0933,,1,1,8,6,1,stimuliTAFCfirst/nimnym007.wav,,,,,,,,,,,,,
,,,,,190239,001,2024-06-05_20h40.56.892,mathesisv2,2024.1.3,Win32,3.756574005,,,,,,,,,,,,,,,,,e,,,,,,,,,,,,,,,,,,,,,,,,,,,,,,,,,,,,,,,,,,,,,,,,,,,,,,,,,,,,,,,1150.6419,1153.6476,e,2.7254,,1,2,9,0,1,stimuliTAFCfirst/nimnym001.wav,,,,,,,,,,,,,
,,,,,190239,001,2024-06-05_20h40.56.892,mathesisv2,2024.1.3,Win32,3.756574005,,,,,,,,,,,,,,,,,x,,,,,,,,,,,,,,,,,,,,,,,,,,,,,,,,,,,,,,,,,,,,,,,,,,,,,,,,,,,,,,,1153.6482,1156.3471,e,2.4168,,1,3,10,3,1,stimuliTAFCfirst/nimnym004.wav,,,,,,,,,,,,,
,,,,,190239,001,2024-06-05_20h40.56.892,mathesisv2,2024.1.3,Win32,3.756574005,,,,,,,,,,,,,,,,,y,,,,,,,,,,,,,,,,,,,,,,,,,,,,,,,,,,,,,,,,,,,,,,,,,,,,,,,,,,,,,,,1156.3476,1158.7675,e,2.0989,,1,4,11,4,1,stimuliTAFCfirst/nimnym005.wav,,,,,,,,,,,,,
,,,,,190239,001,2024-06-05_20h40.56.892,mathesisv2,2024.1.3,Win32,3.756574005,,,,,,,,,,,,,,,,,y,,,,,,,,,,,,,,,,,,,,,,,,,,,,,,,,,,,,,,,,,,,,,,,,,,,,,,,,,,,,,,,1158.768,1161.1954,y,2.1096,,1,5,12,5,1,stimuliTAFCfirst/nimnym006.wav,,,,,,,,,,,,,
,,,,,190239,001,2024-06-05_20h40.56.892,mathesisv2,2024.1.3,Win32,3.756574005,,,,,,,,,,,,,,,,,e,,,,,,,,,,,,,,,,,,,,,,,,,,,,,,,,,,,,,,,,,,,,,,,,,,,,,,,,,,,,,,,1161.196,1163.766,y,2.2502,0.0012,1,6,13,2,1,stimuliTAFCfirst/nimnym003.wav,,,,,,,,,,,,,
,,,,,190239,001,2024-06-05_20h40.56.892,mathesisv2,2024.1.3,Win32,3.756574005,,,,,,,,,,,,,,,,,u,1163.7663,1166.6747,space,2.5708,0.0008,,,,,,,,,,,,,,,,,,,,,,,,,,,,,,,,,,,,,,,,,,,,,,,,,,,,,,,,,,,,,,,,,,,,,1166.7089,1169.9611,y,2.9778,,0,0,0,0,1,stimuliTAFCsec/numnym001.wav,,
,,,,,190239,001,2024-06-05_20h40.56.892,mathesisv2,2024.1.3,Win32,3.756574005,,,,,,,,,,,,,,,,,y,,,,,,,,,,,,,,,,,,,,,,,,,,,,,,,,,,,,,,,,,,,,,,,,,,,,,,,,,,,,,,,,,,,,,,,,,,1169.9859,1173.2689,u,2.9947,,0,1,1,6,1,stimuliTAFCsec/numnym007.wav,,
,,,,,190239,001,2024-06-05_20h40.56.892,mathesisv2,2024.1.3,Win32,3.756574005,,,,,,,,,,,,,,,,,y,,,,,,,,,,,,,,,,,,,,,,,,,,,,,,,,,,,,,,,,,,,,,,,,,,,,,,,,,,,,,,,,,,,,,,,,,,1173.2694,1175.4757,y,1.8909,,0,2,2,4,1,stimuliTAFCsec/numnym005.wav,,
,,,,,190239,001,2024-06-05_20h40.56.892,mathesisv2,2024.1.3,Win32,3.756574005,,,,,,,,,,,,,,,,,u,,,,,,,,,,,,,,,,,,,,,,,,,,,,,,,,,,,,,,,,,,,,,,,,,,,,,,,,,,,,,,,,,,,,,,,,,,1175.4766,1177.542,y,1.7733,,0,3,3,1,1,stimuliTAFCsec/numnym002.wav,,
,,,,,190239,001,2024-06-05_20h40.56.892,mathesisv2,2024.1.3,Win32,3.756574005,,,,,,,,,,,,,,,,,u,,,,,,,,,,,,,,,,,,,,,,,,,,,,,,,,,,,,,,,,,,,,,,,,,,,,,,,,,,,,,,,,,,,,,,,,,,1177.5426,1179.685,u,1.8074,,0,4,4,2,1,stimuliTAFCsec/numnym003.wav,,
,,,,,190239,001,2024-06-05_20h40.56.892,mathesisv2,2024.1.3,Win32,3.756574005,,,,,,,,,,,,,,,,,x,,,,,,,,,,,,,,,,,,,,,,,,,,,,,,,,,,,,,,,,,,,,,,,,,,,,,,,,,,,,,,,,,,,,,,,,,,1179.6854,1182.5859,u,2.6203,,0,5,5,3,1,stimuliTAFCsec/numnym004.wav,,
,,,,,190239,001,2024-06-05_20h40.56.892,mathesisv2,2024.1.3,Win32,3.756574005,,,,,,,,,,,,,,,,,y,,,,,,,,,,,,,,,,,,,,,,,,,,,,,,,,,,,,,,,,,,,,,,,,,,,,,,,,,,,,,,,,,,,,,,,,,,1182.5865,1187.8379,u,4.9645,,0,6,6,5,1,stimuliTAFCsec/numnym006.wav,,
,,,,,190239,001,2024-06-05_20h40.56.892,mathesisv2,2024.1.3,Win32,3.756574005,,,,,,,,,,,,,,,,,u,,,,,,,,,,,,,,,,,,,,,,,,,,,,,,,,,,,,,,,,,,,,,,,,,,,,,,,,,,,,,,,,,,,,,,,,,,1187.8626,1191.2405,y,3.1109,0.0005,1,0,7,0,1,stimuliTAFCsec/numnym001.wav,,
,,,,,190239,001,2024-06-05_20h40.56.892,mathesisv2,2024.1.3,Win32,3.756574005,,,,,,,,,,,,,,,,,y,,,,,,,,,,,,,,,,,,,,,,,,,,,,,,,,,,,,,,,,,,,,,,,,,,,,,,,,,,,,,,,,,,,,,,,,,,1191.2649,1193.7341,u,2.2007,,1,1,8,5,1,stimuliTAFCsec/numnym006.wav,,
,,,,,190239,001,2024-06-05_20h40.56.892,mathesisv2,2024.1.3,Win32,3.756574005,,,,,,,,,,,,,,,,,u,,,,,,,,,,,,,,,,,,,,,,,,,,,,,,,,,,,,,,,,,,,,,,,,,,,,,,,,,,,,,,,,,,,,,,,,,,1193.7346,1196.4409,y,2.4233,0.0004,1,2,9,2,1,stimuliTAFCsec/numnym003.wav,,
,,,,,190239,001,2024-06-05_20h40.56.892,mathesisv2,2024.1.3,Win32,3.756574005,,,,,,,,,,,,,,,,,x,,,,,,,,,,,,,,,,,,,,,,,,,,,,,,,,,,,,,,,,,,,,,,,,,,,,,,,,,,,,,,,,,,,,,,,,,,1196.4415,1198.6331,u,1.8949,0.0005,1,3,10,3,1,stimuliTAFCsec/numnym004.wav,,
,,,,,190239,001,2024-06-05_20h40.56.892,mathesisv2,2024.1.3,Win32,3.756574005,,,,,,,,,,,,,,,,,y,,,,,,,,,,,,,,,,,,,,,,,,,,,,,,,,,,,,,,,,,,,,,,,,,,,,,,,,,,,,,,,,,,,,,,,,,,1198.6337,1201.981,y,3.0142,,1,4,11,4,1,stimuliTAFCsec/numnym005.wav,,
,,,,,190239,001,2024-06-05_20h40.56.892,mathesisv2,2024.1.3,Win32,3.756574005,,,,,,,,,,,,,,,,,y,,,,,,,,,,,,,,,,,,,,,,,,,,,,,,,,,,,,,,,,,,,,,,,,,,,,,,,,,,,,,,,,,,,,,,,,,,1201.9815,1205.464,y,3.1612,0.0006,1,5,12,6,1,stimuliTAFCsec/numnym007.wav,,
,,,,,190239,001,2024-06-05_20h40.56.892,mathesisv2,2024.1.3,Win32,3.756574005,,,,,,,,,,,,,,,,,u,,,,,,,,,,,,,,,,,,,,,,,,,,,,,,,,,,,,,,,,,,,,,,,,,,,,,,,,,,,,,,,,,,,,,,,,,,1205.4646,1208.4283,y,2.681,0.0006,1,6,13,1,1,stimuliTAFCsec/numnym002.wav,,
,,,,,190239,001,2024-06-05_20h40.56.892,mathesisv2,2024.1.3,Win32,3.756574005,,,,,,,,,,,,,,,,,y,,,,,,,,,,,,,,,,,,,,,,,,,,1208.4286,1210.3594,space,1.6341,,,,,,,,,,,,,,,,,,,,,,,,,,,,,,,,,,1210.3921,1213.6713,y,2.9658,0.0005,0,0,0,5,1,stimuliTAFCfirst/nimnym006.wav,,,,,,,,,,,,,
,,,,,190239,001,2024-06-05_20h40.56.892,mathesisv2,2024.1.3,Win32,3.756574005,,,,,,,,,,,,,,,,,e,,,,,,,,,,,,,,,,,,,,,,,,,,,,,,,,,,,,,,,,,,,,,,,,,,,,,,,,,,,,,,,1213.672,1215.8868,y,1.9047,,0,1,1,1,1,stimuliTAFCfirst/nimnym002.wav,,,,,,,,,,,,,
,,,,,190239,001,2024-06-05_20h40.56.892,mathesisv2,2024.1.3,Win32,3.756574005,,,,,,,,,,,,,,,,,y,,,,,,,,,,,,,,,,,,,,,,,,,,,,,,,,,,,,,,,,,,,,,,,,,,,,,,,,,,,,,,,1215.8887,1219.8314,e,3.6054,,0,2,2,6,1,stimuliTAFCfirst/nimnym007.wav,,,,,,,,,,,,,
,,,,,190239,001,2024-06-05_20h40.56.892,mathesisv2,2024.1.3,Win32,3.756574005,,,,,,,,,,,,,,,,,e,,,,,,,,,,,,,,,,,,,,,,,,,,,,,,,,,,,,,,,,,,,,,,,,,,,,,,,,,,,,,,,1219.8559,1223.2027,y,3.028,0.0005,0,3,3,0,1,stimuliTAFCfirst/nimnym001.wav,,,,,,,,,,,,,
,,,,,190239,001,2024-06-05_20h40.56.892,mathesisv2,2024.1.3,Win32,3.756574005,,,,,,,,,,,,,,,,,x,,,,,,,,,,,,,,,,,,,,,,,,,,,,,,,,,,,,,,,,,,,,,,,,,,,,,,,,,,,,,,,1223.2033,1225.566,e,2.0817,,0,4,4,3,1,stimuliTAFCfirst/nimnym004.wav,,,,,,,,,,,,,
,,,,,190239,001,2024-06-05_20h40.56.892,mathesisv2,2024.1.3,Win32,3.756574005,,,,,,,,,,,,,,,,,y,,,,,,,,,,,,,,,,,,,,,,,,,,,,,,,,,,,,,,,,,,,,,,,,,,,,,,,,,,,,,,,1225.5666,1227.9922,y,2.1067,0.0004,0,5,5,4,1,stimuliTAFCfirst/nimnym005.wav,,,,,,,,,,,,,
,,,,,190239,001,2024-06-05_20h40.56.892,mathesisv2,2024.1.3,Win32,3.756574005,,,,,,,,,,,,,,,,,e,,,,,,,,,,,,,,,,,,,,,,,,,,,,,,,,,,,,,,,,,,,,,,,,,,,,,,,,,,,,,,,1227.9927,1230.1326,y,1.8494,,0,6,6,2,1,stimuliTAFCfirst/nimnym003.wav,,,,,,,,,,,,,
,,,,,190239,001,2024-06-05_20h40.56.892,mathesisv2,2024.1.3,Win32,3.756574005,,,,,,,,,,,,,,,,,y,,,,,,,,,,,,,,,,,,,,,,,,,,,,,,,,,,,,,,,,,,,,,,,,,,,,,,,,,,,,,,,1230.1331,1234.2432,y,3.8307,,1,0,7,6,1,stimuliTAFCfirst/nimnym007.wav,,,,,,,,,,,,,
,,,,,190239,001,2024-06-05_20h40.56.892,mathesisv2,2024.1.3,Win32,3.756574005,,,,,,,,,,,,,,,,,e,,,,,,,,,,,,,,,,,,,,,,,,,,,,,,,,,,,,,,,,,,,,,,,,,,,,,,,,,,,,,,,1234.2683,1237.0296,y,2.4911,,1,1,8,2,1,stimuliTAFCfirst/nimnym003.wav,,,,,,,,,,,,,
,,,,,190239,001,2024-06-05_20h40.56.892,mathesisv2,2024.1.3,Win32,3.756574005,,,,,,,,,,,,,,,,,e,,,,,,,,,,,,,,,,,,,,,,,,,,,,,,,,,,,,,,,,,,,,,,,,,,,,,,,,,,,,,,,1237.0301,1238.8225,e,1.5103,,1,2,9,0,1,stimuliTAFCfirst/nimnym001.wav,,,,,,,,,,,,,
,,,,,190239,001,2024-06-05_20h40.56.892,mathesisv2,2024.1.3,Win32,3.756574005,,,,,,,,,,,,,,,,,y,,,,,,,,,,,,,,,,,,,,,,,,,,,,,,,,,,,,,,,,,,,,,,,,,,,,,,,,,,,,,,,1238.8231,1241.9725,e,2.8523,0.0005,1,3,10,5,1,stimuliTAFCfirst/nimnym006.wav,,,,,,,,,,,,,
,,,,,190239,001,2024-06-05_20h40.56.892,mathesisv2,2024.1.3,Win32,3.756574005,,,,,,,,,,,,,,,,,x,,,,,,,,,,,,,,,,,,,,,,,,,,,,,,,,,,,,,,,,,,,,,,,,,,,,,,,,,,,,,,,1241.973,1244.1349,y,1.8654,,1,4,11,3,1,stimuliTAFCfirst/nimnym004.wav,,,,,,,,,,,,,
,,,,,190239,001,2024-06-05_20h40.56.892,mathesisv2,2024.1.3,Win32,3.756574005,,,,,,,,,,,,,,,,,y,,,,,,,,,,,,,,,,,,,,,,,,,,,,,,,,,,,,,,,,,,,,,,,,,,,,,,,,,,,,,,,1244.1355,1246.2937,y,1.8748,,1,5,12,4,1,stimuliTAFCfirst/nimnym005.wav,,,,,,,,,,,,,
,,,,,190239,001,2024-06-05_20h40.56.892,mathesisv2,2024.1.3,Win32,3.756574005,,,,,,,,,,,,,,,,,e,,,,,,,,,,,,,,,,,,,,,,,,,,,,,,,,,,,,,,,,,,,,,,,,,,,,,,,,,,,,,,,1246.2942,1248.2319,y,1.6425,,1,6,13,1,1,stimuliTAFCfirst/nimnym002.wav,,,,,,,,,,,,,
,,,,,190239,001,2024-06-05_20h40.56.892,mathesisv2,2024.1.3,Win32,3.756574005,,,,,,,,,,,,,,,,,u,1248.2321,1250.4512,space,1.8756,0.0006,,,,,,,,,,,,,,,,,,,,,,,,,,,,,,,,,,,,,,,,,,,,,,,,,,,,,,,,,,,,,,,,,,,,,1250.4608,1253.211,u,2.4692,,0,0,0,0,1,stimuliTAFCsec/numnym001.wav,,
,,,,,190239,001,2024-06-05_20h40.56.892,mathesisv2,2024.1.3,Win32,3.756574005,,,,,,,,,,,,,,,,,u,,,,,,,,,,,,,,,,,,,,,,,,,,,,,,,,,,,,,,,,,,,,,,,,,,,,,,,,,,,,,,,,,,,,,,,,,,1253.2117,1255.6812,u,2.1458,,0,1,1,2,1,stimuliTAFCsec/numnym003.wav,,
,,,,,190239,001,2024-06-05_20h40.56.892,mathesisv2,2024.1.3,Win32,3.756574005,,,,,,,,,,,,,,,,,u,,,,,,,,,,,,,,,,,,,,,,,,,,,,,,,,,,,,,,,,,,,,,,,,,,,,,,,,,,,,,,,,,,,,,,,,,,1255.6817,1258.1459,u,2.1884,,0,2,2,1,1,stimuliTAFCsec/numnym002.wav,,
,,,,,190239,001,2024-06-05_20h40.56.892,mathesisv2,2024.1.3,Win32,3.756574005,,,,,,,,,,,,,,,,,y,,,,,,,,,,,,,,,,,,,,,,,,,,,,,,,,,,,,,,,,,,,,,,,,,,,,,,,,,,,,,,,,,,,,,,,,,,1258.1465,1261.8031,u,3.3749,,0,3,3,4,1,stimuliTAFCsec/numnym005.wav,,
,,,,,190239,001,2024-06-05_20h40.56.892,mathesisv2,2024.1.3,Win32,3.756574005,,,,,,,,,,,,,,,,,y,,,,,,,,,,,,,,,,,,,,,,,,,,,,,,,,,,,,,,,,,,,,,,,,,,,,,,,,,,,,,,,,,,,,,,,,,,1261.8271,1263.9193,y,1.8141,,0,4,4,6,1,stimuliTAFCsec/numnym007.wav,,
,,,,,190239,001,2024-06-05_20h40.56.892,mathesisv2,2024.1.3,Win32,3.756574005,,,,,,,,,,,,,,,,,x,,,,,,,,,,,,,,,,,,,,,,,,,,,,,,,,,,,,,,,,,,,,,,,,,,,,,,,,,,,,,,,,,,,,,,,,,,1263.9198,1266.2192,y,1.9734,,0,5,5,3,1,stimuliTAFCsec/numnym004.wav,,
,,,,,190239,001,2024-06-05_20h40.56.892,mathesisv2,2024.1.3,Win32,3.756574005,,,,,,,,,,,,,,,,,y,,,,,,,,,,,,,,,,,,,,,,,,,,,,,,,,,,,,,,,,,,,,,,,,,,,,,,,,,,,,,,,,,,,,,,,,,,1266.2197,1268.3395,u,1.8406,,0,6,6,5,1,stimuliTAFCsec/numnym006.wav,,
,,,,,190239,001,2024-06-05_20h40.56.892,mathesisv2,2024.1.3,Win32,3.756574005,,,,,,,,,,,,,,,,,y,,,,,,,,,,,,,,,,,,,,,,,,,,,,,,,,,,,,,,,,,,,,,,,,,,,,,,,,,,,,,,,,,,,,,,,,,,1268.3401,1270.4467,y,1.8213,,1,0,7,5,1,stimuliTAFCsec/numnym006.wav,,
,,,,,190239,001,2024-06-05_20h40.56.892,mathesisv2,2024.1.3,Win32,3.756574005,,,,,,,,,,,,,,,,,x,,,,,,,,,,,,,,,,,,,,,,,,,,,,,,,,,,,,,,,,,,,,,,,,,,,,,,,,,,,,,,,,,,,,,,,,,,1270.4474,1273.5645,y,2.8057,,1,1,8,3,1,stimuliTAFCsec/numnym004.wav,,
,,,,,190239,001,2024-06-05_20h40.56.892,mathesisv2,2024.1.3,Win32,3.756574005,,,,,,,,,,,,,,,,,y,,,,,,,,,,,,,,,,,,,,,,,,,,,,,,,,,,,,,,,,,,,,,,,,,,,,,,,,,,,,,,,,,,,,,,,,,,1273.5652,1275.6478,u,1.8073,,1,2,9,6,1,stimuliTAFCsec/numnym007.wav,,
,,,,,190239,001,2024-06-05_20h40.56.892,mathesisv2,2024.1.3,Win32,3.756574005,,,,,,,,,,,,,,,,,y,,,,,,,,,,,,,,,,,,,,,,,,,,,,,,,,,,,,,,,,,,,,,,,,,,,,,,,,,,,,,,,,,,,,,,,,,,1275.6483,1277.7225,y,1.7979,,1,3,10,4,1,stimuliTAFCsec/numnym005.wav,,
,,,,,190239,001,2024-06-05_20h40.56.892,mathesisv2,2024.1.3,Win32,3.756574005,,,,,,,,,,,,,,,,,u,,,,,,,,,,,,,,,,,,,,,,,,,,,,,,,,,,,,,,,,,,,,,,,,,,,,,,,,,,,,,,,,,,,,,,,,,,1277.7231,1280.1319,y,2.1237,,1,4,11,1,1,stimuliTAFCsec/numnym002.wav,,
,,,,,190239,001,2024-06-05_20h40.56.892,mathesisv2,2024.1.3,Win32,3.756574005,,,,,,,,,,,,,,,,,u,,,,,,,,,,,,,,,,,,,,,,,,,,,,,,,,,,,,,,,,,,,,,,,,,,,,,,,,,,,,,,,,,,,,,,,,,,1280.1324,1281.9647,u,1.5494,,1,5,12,0,1,stimuliTAFCsec/numnym001.wav,,
,,,,,190239,001,2024-06-05_20h40.56.892,mathesisv2,2024.1.3,Win32,3.756574005,,,,,,,,,,,,,,,,,u,,,,,,,,,,,,,,,,,,,,,,,,,,,,,,,,,,,,,,,,,,,,,,,,,,,,,,,,,,,,,,,,,,,,,,,,,,1281.9654,1284.5343,u,2.2414,,1,6,13,2,1,stimuliTAFCsec/numnym003.wav,,
,,,,,190239,001,2024-06-05_20h40.56.892,mathesisv2,2024.1.3,Win32,3.756574005,,,,,,,,,,,,,,,,,y,,,,,,,,,,,,,,,,,,,,,,,,,,1284.5345,1286.1046,space,1.2873,,,,,,,,,,,,,,,,,,,,,,,,,,,,,,,,,,1286.1181,1293.2232,e,6.8028,,0,0,0,6,1,stimuliTAFCfirst/nimnym007.wav,,,,,,,,,,,,,
,,,,,190239,001,2024-06-05_20h40.56.892,mathesisv2,2024.1.3,Win32,3.756574005,,,,,,,,,,,,,,,,,x,,,,,,,,,,,,,,,,,,,,,,,,,,,,,,,,,,,,,,,,,,,,,,,,,,,,,,,,,,,,,,,1293.2511,1295.9423,y,2.4108,,0,1,1,3,1,stimuliTAFCfirst/nimnym004.wav,,,,,,,,,,,,,
,,,,,190239,001,2024-06-05_20h40.56.892,mathesisv2,2024.1.3,Win32,3.756574005,,,,,,,,,,,,,,,,,y,,,,,,,,,,,,,,,,,,,,,,,,,,,,,,,,,,,,,,,,,,,,,,,,,,,,,,,,,,,,,,,1295.9428,1298.3672,y,2.1323,0.0005,0,2,2,4,1,stimuliTAFCfirst/nimnym005.wav,,,,,,,,,,,,,
,,,,,190239,001,2024-06-05_20h40.56.892,mathesisv2,2024.1.3,Win32,3.756574005,,,,,,,,,,,,,,,,,y,,,,,,,,,,,,,,,,,,,,,,,,,,,,,,,,,,,,,,,,,,,,,,,,,,,,,,,,,,,,,,,1298.3677,1300.4615,e,1.8085,,0,3,3,5,1,stimuliTAFCfirst/nimnym006.wav,,,,,,,,,,,,,
,,,,,190239,001,2024-06-05_20h40.56.892,mathesisv2,2024.1.3,Win32,3.756574005,,,,,,,,,,,,,,,,,e,,,,,,,,,,,,,,,,,,,,,,,,,,,,,,,,,,,,,,,,,,,,,,,,,,,,,,,,,,,,,,,1300.4621,1302.3393,y,1.6003,,0,4,4,1,1,stimuliTAFCfirst/nimnym002.wav,,,,,,,,,,,,,
,,,,,190239,001,2024-06-05_20h40.56.892,mathesisv2,2024.1.3,Win32,3.756574005,,,,,,,,,,,,,,,,,e,,,,,,,,,,,,,,,,,,,,,,,,,,,,,,,,,,,,,,,,,,,,,,,,,,,,,,,,,,,,,,,1302.3398,1305.3308,e,2.6779,,0,5,5,0,1,stimuliTAFCfirst/nimnym001.wav,,,,,,,,,,,,,
,,,,,190239,001,2024-06-05_20h40.56.892,mathesisv2,2024.1.3,Win32,3.756574005,,,,,,,,,,,,,,,,,e,,,,,,,,,,,,,,,,,,,,,,,,,,,,,,,,,,,,,,,,,,,,,,,,,,,,,,,,,,,,,,,1305.3313,1307.5366,e,1.9288,,0,6,6,2,1,stimuliTAFCfirst/nimnym003.wav,,,,,,,,,,,,,
,,,,,190239,001,2024-06-05_20h40.56.892,mathesisv2,2024.1.3,Win32,3.756574005,,,,,,,,,,,,,,,,,y,,,,,,,,,,,,,,,,,,,,,,,,,,,,,,,,,,,,,,,,,,,,,,,,,,,,,,,,,,,,,,,1307.5371,1309.9162,e,2.0921,0.0007,1,0,7,6,1,stimuliTAFCfirst/nimnym007.wav,,,,,,,,,,,,,
,,,,,190239,001,2024-06-05_20h40.56.892,mathesisv2,2024.1.3,Win32,3.756574005,,,,,,,,,,,,,,,,,y,,,,,,,,,,,,,,,,,,,,,,,,,,,,,,,,,,,,,,,,,,,,,,,,,,,,,,,,,,,,,,,1309.9167,1312.8973,y,2.6592,0.0006,1,1,8,4,1,stimuliTAFCfirst/nimnym005.wav,,,,,,,,,,,,,
,,,,,190239,001,2024-06-05_20h40.56.892,mathesisv2,2024.1.3,Win32,3.756574005,,,,,,,,,,,,,,,,,e,,,,,,,,,,,,,,,,,,,,,,,,,,,,,,,,,,,,,,,,,,,,,,,,,,,,,,,,,,,,,,,1312.8978,1315.7216,y,2.5152,,1,2,9,1,1,stimuliTAFCfirst/nimnym002.wav,,,,,,,,,,,,,
,,,,,190239,001,2024-06-05_20h40.56.892,mathesisv2,2024.1.3,Win32,3.756574005,,,,,,,,,,,,,,,,,e,,,,,,,,,,,,,,,,,,,,,,,,,,,,,,,,,,,,,,,,,,,,,,,,,,,,,,,,,,,,,,,1315.7223,1318.4366,e,2.3933,,1,3,10,0,1,stimuliTAFCfirst/nimnym001.wav,,,,,,,,,,,,,
,,,,,190239,001,2024-06-05_20h40.56.892,mathesisv2,2024.1.3,Win32,3.756574005,,,,,,,,,,,,,,,,,x,,,,,,,,,,,,,,,,,,,,,,,,,,,,,,,,,,,,,,,,,,,,,,,,,,,,,,,,,,,,,,,1318.4372,1320.5621,e,1.8464,0.0005,1,4,11,3,1,stimuliTAFCfirst/nimnym004.wav,,,,,,,,,,,,,
,,,,,190239,001,2024-06-05_20h40.56.892,mathesisv2,2024.1.3,Win32,3.756574005,,,,,,,,,,,,,,,,,e,,,,,,,,,,,,,,,,,,,,,,,,,,,,,,,,,,,,,,,,,,,,,,,,,,,,,,,,,,,,,,,1320.5626,1323.3614,e,2.5004,0.0005,1,5,12,2,1,stimuliTAFCfirst/nimnym003.wav,,,,,,,,,,,,,
,,,,,190239,001,2024-06-05_20h40.56.892,mathesisv2,2024.1.3,Win32,3.756574005,,,,,,,,,,,,,,,,,y,,,,,,,,,,,,,,,,,,,,,,,,,,,,,,,,,,,,,,,,,,,,,,,,,,,,,,,,,,,,,,,1323.3619,1325.636,e,1.956,,1,6,13,5,1,stimuliTAFCfirst/nimnym006.wav,,,,,,,,,,,,,
,,,,,190239,001,2024-06-05_20h40.56.892,mathesisv2,2024.1.3,Win32,3.756574005,,,,,,,,,,,,,,,,,u,1325.6363,1328.0846,space,2.1422,0.0006,,,,,,,,,,,,,,,,,,,,,,,,,,,,,,,,,,,,,,,,,,,,,,,,,,,,,,,,,,,,,,,,,,,,,1328.1169,1330.7709,u,2.3547,,0,0,0,0,1,stimuliTAFCsec/numnym001.wav,,
,,,,,190239,001,2024-06-05_20h40.56.892,mathesisv2,2024.1.3,Win32,3.756574005,,,,,,,,,,,,,,,,,y,,,,,,,,,,,,,,,,,,,,,,,,,,,,,,,,,,,,,,,,,,,,,,,,,,,,,,,,,,,,,,,,,,,,,,,,,,1330.7714,1332.8837,u,1.7929,0.0005,0,1,1,4,1,stimuliTAFCsec/numnym005.wav,,
,,,,,190239,001,2024-06-05_20h40.56.892,mathesisv2,2024.1.3,Win32,3.756574005,,,,,,,,,,,,,,,,,u,,,,,,,,,,,,,,,,,,,,,,,,,,,,,,,,,,,,,,,,,,,,,,,,,,,,,,,,,,,,,,,,,,,,,,,,,,1332.8842,1334.9378,u,1.7781,,0,2,2,2,1,stimuliTAFCsec/numnym003.wav,,
,,,,,190239,001,2024-06-05_20h40.56.892,mathesisv2,2024.1.3,Win32,3.756574005,,,,,,,,,,,,,,,,,x,,,,,,,,,,,,,,,,,,,,,,,,,,,,,,,,,,,,,,,,,,,,,,,,,,,,,,,,,,,,,,,,,,,,,,,,,,1334.9384,1337.055,u,1.7938,,0,3,3,3,1,stimuliTAFCsec/numnym004.wav,,
,,,,,190239,001,2024-06-05_20h40.56.892,mathesisv2,2024.1.3,Win32,3.756574005,,,,,,,,,,,,,,,,,y,,,,,,,,,,,,,,,,,,,,,,,,,,,,,,,,,,,,,,,,,,,,,,,,,,,,,,,,,,,,,,,,,,,,,,,,,,1337.0556,1339.2395,u,1.8981,,0,4,4,5,1,stimuliTAFCsec/numnym006.wav,,
,,,,,190239,001,2024-06-05_20h40.56.892,mathesisv2,2024.1.3,Win32,3.756574005,,,,,,,,,,,,,,,,,u,,,,,,,,,,,,,,,,,,,,,,,,,,,,,,,,,,,,,,,,,,,,,,,,,,,,,,,,,,,,,,,,,,,,,,,,,,1339.24,1341.3222,y,1.8021,,0,5,5,1,1,stimuliTAFCsec/numnym002.wav,,
,,,,,190239,001,2024-06-05_20h40.56.892,mathesisv2,2024.1.3,Win32,3.756574005,,,,,,,,,,,,,,,,,y,,,,,,,,,,,,,,,,,,,,,,,,,,,,,,,,,,,,,,,,,,,,,,,,,,,,,,,,,,,,,,,,,,,,,,,,,,1341.3228,1343.6618,u,2.0619,,0,6,6,6,1,stimuliTAFCsec/numnym007.wav,,
,,,,,190239,001,2024-06-05_20h40.56.892,mathesisv2,2024.1.3,Win32,3.756574005,,,,,,,,,,,,,,,,,u,,,,,,,,,,,,,,,,,,,,,,,,,,,,,,,,,,,,,,,,,,,,,,,,,,,,,,,,,,,,,,,,,,,,,,,,,,1343.6623,1345.9882,y,2.0484,0.0005,1,0,7,0,1,stimuliTAFCsec/numnym001.wav,,
,,,,,190239,001,2024-06-05_20h40.56.892,mathesisv2,2024.1.3,Win32,3.756574005,,,,,,,,,,,,,,,,,y,,,,,,,,,,,,,,,,,,,,,,,,,,,,,,,,,,,,,,,,,,,,,,,,,,,,,,,,,,,,,,,,,,,,,,,,,,1345.9887,1348.0444,u,1.7605,,1,1,8,4,1,stimuliTAFCsec/numnym005.wav,,
,,,,,190239,001,2024-06-05_20h40.56.892,mathesisv2,2024.1.3,Win32,3.756574005,,,,,,,,,,,,,,,,,u,,,,,,,,,,,,,,,,,,,,,,,,,,,,,,,,,,,,,,,,,,,,,,,,,,,,,,,,,,,,,,,,,,,,,,,,,,1348.045,1350.1297,y,1.7964,,1,2,9,2,1,stimuliTAFCsec/numnym003.wav,,
,,,,,190239,001,2024-06-05_20h40.56.892,mathesisv2,2024.1.3,Win32,3.756574005,,,,,,,,,,,,,,,,,x,,,,,,,,,,,,,,,,,,,,,,,,,,,,,,,,,,,,,,,,,,,,,,,,,,,,,,,,,,,,,,,,,,,,,,,,,,1350.1303,1352.3237,u,1.8755,,1,3,10,3,1,stimuliTAFCsec/numnym004.wav,,
,,,,,190239,001,2024-06-05_20h40.56.892,mathesisv2,2024.1.3,Win32,3.756574005,,,,,,,,,,,,,,,,,y,,,,,,,,,,,,,,,,,,,,,,,,,,,,,,,,,,,,,,,,,,,,,,,,,,,,,,,,,,,,,,,,,,,,,,,,,,1352.3241,1354.1206,u,1.4772,,1,4,11,6,1,stimuliTAFCsec/numnym007.wav,,
,,,,,190239,001,2024-06-05_20h40.56.892,mathesisv2,2024.1.3,Win32,3.756574005,,,,,,,,,,,,,,,,,u,,,,,,,,,,,,,,,,,,,,,,,,,,,,,,,,,,,,,,,,,,,,,,,,,,,,,,,,,,,,,,,,,,,,,,,,,,1354.1212,1356.0174,y,1.6047,,1,5,12,1,1,stimuliTAFCsec/numnym002.wav,,
,,,,,190239,001,2024-06-05_20h40.56.892,mathesisv2,2024.1.3,Win32,3.756574005,,,,,,,,,,,,,,,,,y,,,,,,,,,,,,,,,,,,,,,,,,,,,,,,,,,,,,,,,,,,,,,,,,,,,,,,,,,,,,,,,,,,,,,,,,,,1356.0181,1358.4681,u,2.1378,,1,6,13,5,1,stimuliTAFCsec/numnym006.wav,,
,,,,,190239,001,2024-06-05_20h40.56.892,mathesisv2,2024.1.3,Win32,3.756574005,,,,,,,,,,,,,,,,,,,,,,,,,,,,,,,,,,,,,,,,,,,1358.4683,1359.9641,space,1.212,,,,,,,,,,,,,,,,,,,,,,,,,,,,,,,,,,,,,,,,,,,,,,,,,,,,,,,,1359.9918,1364.7461
