﻿start.started,start.stopped,startkey_resp.keys,startkey_resp.rt,startkey_resp.duration,participant,session,date,expName,psychopyVersion,OS,frameRate,attention.started,attention.stopped,key_resp.keys,key_resp.rt,key_resp.duration,stimuliAXBmix.started,stimuliAXBmix.stopped,stimuliAXBkey_resp.keys,stimuliAXBkey_resp.rt,stimuliAXBkey_resp.duration,stimuliAXBtesttrials.thisRepN,stimuliAXBtesttrials.thisTrialN,stimuliAXBtesttrials.thisN,stimuliAXBtesttrials.thisIndex,stimuliAXBtesttrials.ran,stimuliAXBmix,Correct,attentionsecond.started,attentionsecond.stopped,attentionsecondkey_resp.keys,attentionsecondkey_resp.rt,attentionsecondkey_resp.duration,instAXBreal.started,instAXBreal.stopped,instAXBrealkey_resp.keys,instAXBrealkey_resp.rt,instAXBrealkey_resp.duration,stimuliAXBmixfirst.thisRepN,stimuliAXBmixfirst.thisTrialN,stimuliAXBmixfirst.thisN,stimuliAXBmixfirst.thisIndex,stimuliAXBmixfirst.ran,attentionfirst.started,attentionfirst.stopped,attentionfirstkey_resp.keys,attentionfirstkey_resp.rt,attentionfirstkey_resp.duration,stimuliAXbmixsec.thisRepN,stimuliAXbmixsec.thisTrialN,stimuliAXbmixsec.thisN,stimuliAXbmixsec.thisIndex,stimuliAXbmixsec.ran,kaffeepause.started,kaffeepause.stopped,kaffeepausekey_resp.keys,kaffeepausekey_resp.rt,kaffeepausekey_resp.duration,instTAFCtest.started,instTAFCtest.stopped,instTAFCtestkey_resp.keys,instTAFCtestkey_resp.rt,instTAFCtestkey_resp.duration,testTAFCmixfirst.started,testTAFCmixfirst.stopped,testTAFCmixfirstkey_resp.keys,testTAFCmixfirstkey_resp.rt,testTAFCmixfirstkey_resp.duration,testTAFCmixfirsttrials.thisRepN,testTAFCmixfirsttrials.thisTrialN,testTAFCmixfirsttrials.thisN,testTAFCmixfirsttrials.thisIndex,testTAFCmixfirsttrials.ran,testTAFCmixfirst,testTAFCmixsec.started,testTAFCmixsec.stopped,testTAFCmixseckey_resp.keys,testTAFCmixseckey_resp.rt,testTAFCmixseckey_resp.duration,testTAFCmixsectrials.thisRepN,testTAFCmixsectrials.thisTrialN,testTAFCmixsectrials.thisN,testTAFCmixsectrials.thisIndex,testTAFCmixsectrials.ran,testTAFCmixsec,instTAFCreal.started,instTAFCreal.stopped,instTAFCrealkey_resp.keys,instTAFCrealkey_resp.rt,instTAFCrealkey_resp.duration,stimuliTAFCfirst.started,stimuliTAFCfirst.stopped,stimuliTAFCfirstkey_resp.keys,stimuliTAFCfirstkey_resp.rt,stimuliTAFCfirstkey_resp.duration,stimuliTAFCfirsttrials.thisRepN,stimuliTAFCfirsttrials.thisTrialN,stimuliTAFCfirsttrials.thisN,stimuliTAFCfirsttrials.thisIndex,stimuliTAFCfirsttrials.ran,stimuliTAFCfirst,stimuliTAFCsec.started,stimuliTAFCsec.stopped,stimuliTAFCseckey_resp.keys,stimuliTAFCseckey_resp.rt,stimuliTAFCseckey_resp.duration,stimuliTAFCsectrials.thisRepN,stimuliTAFCsectrials.thisTrialN,stimuliTAFCsectrials.thisN,stimuliTAFCsectrials.thisIndex,stimuliTAFCsectrials.ran,stimuliTAFCsec,end.started,end.stopped
0,10.738,space,10.72,,728444,001,2024-06-06_15h05.43.314,mathesisv2,2024.1.3,MacIntel,71.42857143,,,,,,,,,,,,,,,,,,,,,,,,,,,,,,,,,,,,,,,,,,,,,,,,,,,,,,,,,,,,,,,,,,,,,,,,,,,,,,,,,,,,,,,,,,,,,,,,,,,,,,,
,,,,,728444,001,2024-06-06_15h05.43.314,mathesisv2,2024.1.3,MacIntel,71.42857143,10.739,14.5,space,3.717,,,,,,,,,,,,,,,,,,,,,,,,,,,,,,,,,,,,,,,,,,,,,,,,,,,,,,,,,,,,,,,,,,,,,,,,,,,,,,,,,,,,,,,,,,,,,,,,,,,
,,,,,728444,001,2024-06-06_15h05.43.314,mathesisv2,2024.1.3,MacIntel,71.42857143,,,,,,14.516,21.769,f,7.239,,0,0,0,1,1,stimuliAXBmix/iyystimulus.wav,f,,,,,,,,,,,,,,,,,,,,,,,,,,,,,,,,,,,,,,,,,,,,,,,,,,,,,,,,,,,,,,,,,,,,,,,,,,,,,,,,,,,,,,
,,,,,728444,001,2024-06-06_15h05.43.314,mathesisv2,2024.1.3,MacIntel,71.42857143,,,,,,21.77,26.5,f,4.72,,0,1,1,2,1,stimuliAXBmix/yuustimulus.wav,f,,,,,,,,,,,,,,,,,,,,,,,,,,,,,,,,,,,,,,,,,,,,,,,,,,,,,,,,,,,,,,,,,,,,,,,,,,,,,,,,,,,,,,
,,,,,728444,001,2024-06-06_15h05.43.314,mathesisv2,2024.1.3,MacIntel,71.42857143,,,,,,26.501,30.5,l,3.988,,0,2,2,3,1,stimuliAXBmix/yyustimulus.wav,l,,,,,,,,,,,,,,,,,,,,,,,,,,,,,,,,,,,,,,,,,,,,,,,,,,,,,,,,,,,,,,,,,,,,,,,,,,,,,,,,,,,,,,
,,,,,728444,001,2024-06-06_15h05.43.314,mathesisv2,2024.1.3,MacIntel,71.42857143,,,,,,30.501,34.434,l,3.918,,0,3,3,0,1,stimuliAXBmix/iiystimulus.wav,l,,,,,,,,,,,,,,,,,,,,,,,,,,,,,,,,,,,,,,,,,,,,,,,,,,,,,,,,,,,,,,,,,,,,,,,,,,,,,,,,,,,,,,
,,,,,728444,001,2024-06-06_15h05.43.314,mathesisv2,2024.1.3,MacIntel,71.42857143,,,,,,,,,,,,,,,,,,34.436,36.101,space,1.647,,,,,,,,,,,,,,,,,,,,,,,,,,,,,,,,,,,,,,,,,,,,,,,,,,,,,,,,,,,,,,,,,,,,,,,,,,,,,,,,,,
,,,,,728444,001,2024-06-06_15h05.43.314,mathesisv2,2024.1.3,MacIntel,71.42857143,,,,,,,,,,,,,,,,,,,,,,,36.101,43.501,space,7.375,,,,,,,,,,,,,,,,,,,,,,,,,,,,,,,,,,,,,,,,,,,,,,,,,,,,,,,,,,,,,,,,,,,,,,,,,,,,,
,,,,,728444,001,2024-06-06_15h05.43.314,mathesisv2,2024.1.3,MacIntel,71.42857143,,,,,,43.509,47,l,3.48,,,,,,,stimuliAXBmix/iiystimulus.wav,l,,,,,,,,,,,0,0,0,0,1,,,,,,,,,,,,,,,,,,,,,,,,,,,,,,,,,,,,,,,,,,,,,,,,,,,,,,,,,,,,,,,,,,,,,,,
,,,,,728444,001,2024-06-06_15h05.43.314,mathesisv2,2024.1.3,MacIntel,71.42857143,,,,,,47.001,51.069,f,4.063,,,,,,,stimuliAXBmix/yuustimulus.wav,f,,,,,,,,,,,0,1,1,2,1,,,,,,,,,,,,,,,,,,,,,,,,,,,,,,,,,,,,,,,,,,,,,,,,,,,,,,,,,,,,,,,,,,,,,,,
,,,,,728444,001,2024-06-06_15h05.43.314,mathesisv2,2024.1.3,MacIntel,71.42857143,,,,,,51.07,54.868,l,3.787,,,,,,,stimuliAXBmix/yyustimulus.wav,l,,,,,,,,,,,0,2,2,3,1,,,,,,,,,,,,,,,,,,,,,,,,,,,,,,,,,,,,,,,,,,,,,,,,,,,,,,,,,,,,,,,,,,,,,,,
,,,,,728444,001,2024-06-06_15h05.43.314,mathesisv2,2024.1.3,MacIntel,71.42857143,,,,,,54.868,60.151,f,5.269,,,,,,,stimuliAXBmix/iyystimulus.wav,f,,,,,,,,,,,0,3,3,1,1,,,,,,,,,,,,,,,,,,,,,,,,,,,,,,,,,,,,,,,,,,,,,,,,,,,,,,,,,,,,,,,,,,,,,,,
,,,,,728444,001,2024-06-06_15h05.43.314,mathesisv2,2024.1.3,MacIntel,71.42857143,,,,,,60.152,63.152,f,2.985,,,,,,,stimuliAXBmix/iyystimulus.wav,f,,,,,,,,,,,1,0,4,1,1,,,,,,,,,,,,,,,,,,,,,,,,,,,,,,,,,,,,,,,,,,,,,,,,,,,,,,,,,,,,,,,,,,,,,,,
,,,,,728444,001,2024-06-06_15h05.43.314,mathesisv2,2024.1.3,MacIntel,71.42857143,,,,,,63.153,66.502,f,3.343,,,,,,,stimuliAXBmix/yuustimulus.wav,f,,,,,,,,,,,1,1,5,2,1,,,,,,,,,,,,,,,,,,,,,,,,,,,,,,,,,,,,,,,,,,,,,,,,,,,,,,,,,,,,,,,,,,,,,,,
,,,,,728444,001,2024-06-06_15h05.43.314,mathesisv2,2024.1.3,MacIntel,71.42857143,,,,,,66.502,69.585,l,3.07,,,,,,,stimuliAXBmix/iiystimulus.wav,l,,,,,,,,,,,1,2,6,0,1,,,,,,,,,,,,,,,,,,,,,,,,,,,,,,,,,,,,,,,,,,,,,,,,,,,,,,,,,,,,,,,,,,,,,,,
,,,,,728444,001,2024-06-06_15h05.43.314,mathesisv2,2024.1.3,MacIntel,71.42857143,,,,,,69.585,73.268,l,3.671,,,,,,,stimuliAXBmix/yyustimulus.wav,l,,,,,,,,,,,1,3,7,3,1,,,,,,,,,,,,,,,,,,,,,,,,,,,,,,,,,,,,,,,,,,,,,,,,,,,,,,,,,,,,,,,,,,,,,,,
,,,,,728444,001,2024-06-06_15h05.43.314,mathesisv2,2024.1.3,MacIntel,71.42857143,,,,,,73.269,76.652,f,3.37,,,,,,,stimuliAXBmix/yuustimulus.wav,f,,,,,,,,,,,2,0,8,2,1,,,,,,,,,,,,,,,,,,,,,,,,,,,,,,,,,,,,,,,,,,,,,,,,,,,,,,,,,,,,,,,,,,,,,,,
,,,,,728444,001,2024-06-06_15h05.43.314,mathesisv2,2024.1.3,MacIntel,71.42857143,,,,,,76.653,79.769,l,3.107,,,,,,,stimuliAXBmix/yyustimulus.wav,l,,,,,,,,,,,2,1,9,3,1,,,,,,,,,,,,,,,,,,,,,,,,,,,,,,,,,,,,,,,,,,,,,,,,,,,,,,,,,,,,,,,,,,,,,,,
,,,,,728444,001,2024-06-06_15h05.43.314,mathesisv2,2024.1.3,MacIntel,71.42857143,,,,,,79.769,84.235,l,4.455,,,,,,,stimuliAXBmix/iiystimulus.wav,l,,,,,,,,,,,2,2,10,0,1,,,,,,,,,,,,,,,,,,,,,,,,,,,,,,,,,,,,,,,,,,,,,,,,,,,,,,,,,,,,,,,,,,,,,,,
,,,,,728444,001,2024-06-06_15h05.43.314,mathesisv2,2024.1.3,MacIntel,71.42857143,,,,,,84.236,87.269,f,3.021,,,,,,,stimuliAXBmix/iyystimulus.wav,f,,,,,,,,,,,2,3,11,1,1,,,,,,,,,,,,,,,,,,,,,,,,,,,,,,,,,,,,,,,,,,,,,,,,,,,,,,,,,,,,,,,,,,,,,,,
,,,,,728444,001,2024-06-06_15h05.43.314,mathesisv2,2024.1.3,MacIntel,71.42857143,,,,,,92.109,97.552,f,5.435,,,,,,,stimuliAXBmix/iyystimulus.wav,f,,,,,,,,,,,,,,,,87.271,92.103,return,4.806,,0,0,0,1,1,,,,,,,,,,,,,,,,,,,,,,,,,,,,,,,,,,,,,,,,,,,,,,,,,,,,,,,,,,,,,
,,,,,728444,001,2024-06-06_15h05.43.314,mathesisv2,2024.1.3,MacIntel,71.42857143,,,,,,97.554,101.302,l,3.733,,,,,,,stimuliAXBmix/yyustimulus.wav,l,,,,,,,,,,,,,,,,,,,,,0,1,1,3,1,,,,,,,,,,,,,,,,,,,,,,,,,,,,,,,,,,,,,,,,,,,,,,,,,,,,,,,,,,,,,
,,,,,728444,001,2024-06-06_15h05.43.314,mathesisv2,2024.1.3,MacIntel,71.42857143,,,,,,101.302,105.085,l,3.772,,,,,,,stimuliAXBmix/iiystimulus.wav,l,,,,,,,,,,,,,,,,,,,,,0,2,2,0,1,,,,,,,,,,,,,,,,,,,,,,,,,,,,,,,,,,,,,,,,,,,,,,,,,,,,,,,,,,,,,
,,,,,728444,001,2024-06-06_15h05.43.314,mathesisv2,2024.1.3,MacIntel,71.42857143,,,,,,105.086,108.203,f,3.11,,,,,,,stimuliAXBmix/yuustimulus.wav,f,,,,,,,,,,,,,,,,,,,,,0,3,3,2,1,,,,,,,,,,,,,,,,,,,,,,,,,,,,,,,,,,,,,,,,,,,,,,,,,,,,,,,,,,,,,
,,,,,728444,001,2024-06-06_15h05.43.314,mathesisv2,2024.1.3,MacIntel,71.42857143,,,,,,108.204,112.519,l,4.302,,,,,,,stimuliAXBmix/yyustimulus.wav,l,,,,,,,,,,,,,,,,,,,,,1,0,4,3,1,,,,,,,,,,,,,,,,,,,,,,,,,,,,,,,,,,,,,,,,,,,,,,,,,,,,,,,,,,,,,
,,,,,728444,001,2024-06-06_15h05.43.314,mathesisv2,2024.1.3,MacIntel,71.42857143,,,,,,112.52,115.803,l,3.267,,,,,,,stimuliAXBmix/iiystimulus.wav,l,,,,,,,,,,,,,,,,,,,,,1,1,5,0,1,,,,,,,,,,,,,,,,,,,,,,,,,,,,,,,,,,,,,,,,,,,,,,,,,,,,,,,,,,,,,
,,,,,728444,001,2024-06-06_15h05.43.314,mathesisv2,2024.1.3,MacIntel,71.42857143,,,,,,115.803,118.886,f,3.07,,,,,,,stimuliAXBmix/iyystimulus.wav,f,,,,,,,,,,,,,,,,,,,,,1,2,6,1,1,,,,,,,,,,,,,,,,,,,,,,,,,,,,,,,,,,,,,,,,,,,,,,,,,,,,,,,,,,,,,
,,,,,728444,001,2024-06-06_15h05.43.314,mathesisv2,2024.1.3,MacIntel,71.42857143,,,,,,118.886,122.402,f,3.503,,,,,,,stimuliAXBmix/yuustimulus.wav,f,,,,,,,,,,,,,,,,,,,,,1,3,7,2,1,,,,,,,,,,,,,,,,,,,,,,,,,,,,,,,,,,,,,,,,,,,,,,,,,,,,,,,,,,,,,
,,,,,728444,001,2024-06-06_15h05.43.314,mathesisv2,2024.1.3,MacIntel,71.42857143,,,,,,135.984,139.636,l,3.639,,,,,,,stimuliAXBmix/yyustimulus.wav,l,,,,,,,,,,,0,0,0,3,1,,,,,,,,,,,122.403,135.971,space,13.549,,,,,,,,,,,,,,,,,,,,,,,,,,,,,,,,,,,,,,,,,,,,,,,,,,,,,,,,,
,,,,,728444,001,2024-06-06_15h05.43.314,mathesisv2,2024.1.3,MacIntel,71.42857143,,,,,,139.637,142.536,l,2.885,,,,,,,stimuliAXBmix/iiystimulus.wav,l,,,,,,,,,,,0,1,1,0,1,,,,,,,,,,,,,,,,,,,,,,,,,,,,,,,,,,,,,,,,,,,,,,,,,,,,,,,,,,,,,,,,,,,,,,,
,,,,,728444,001,2024-06-06_15h05.43.314,mathesisv2,2024.1.3,MacIntel,71.42857143,,,,,,142.537,145.87,f,3.32,,,,,,,stimuliAXBmix/iyystimulus.wav,f,,,,,,,,,,,0,2,2,1,1,,,,,,,,,,,,,,,,,,,,,,,,,,,,,,,,,,,,,,,,,,,,,,,,,,,,,,,,,,,,,,,,,,,,,,,
,,,,,728444,001,2024-06-06_15h05.43.314,mathesisv2,2024.1.3,MacIntel,71.42857143,,,,,,145.87,148.753,f,2.869,,,,,,,stimuliAXBmix/yuustimulus.wav,f,,,,,,,,,,,0,3,3,2,1,,,,,,,,,,,,,,,,,,,,,,,,,,,,,,,,,,,,,,,,,,,,,,,,,,,,,,,,,,,,,,,,,,,,,,,
,,,,,728444,001,2024-06-06_15h05.43.314,mathesisv2,2024.1.3,MacIntel,71.42857143,,,,,,148.754,154.004,f,5.235,,,,,,,stimuliAXBmix/iyystimulus.wav,f,,,,,,,,,,,1,0,4,1,1,,,,,,,,,,,,,,,,,,,,,,,,,,,,,,,,,,,,,,,,,,,,,,,,,,,,,,,,,,,,,,,,,,,,,,,
,,,,,728444,001,2024-06-06_15h05.43.314,mathesisv2,2024.1.3,MacIntel,71.42857143,,,,,,154.004,156.837,l,2.82,,,,,,,stimuliAXBmix/yyustimulus.wav,l,,,,,,,,,,,1,1,5,3,1,,,,,,,,,,,,,,,,,,,,,,,,,,,,,,,,,,,,,,,,,,,,,,,,,,,,,,,,,,,,,,,,,,,,,,,
,,,,,728444,001,2024-06-06_15h05.43.314,mathesisv2,2024.1.3,MacIntel,71.42857143,,,,,,156.838,159.953,f,3.106,,,,,,,stimuliAXBmix/yuustimulus.wav,f,,,,,,,,,,,1,2,6,2,1,,,,,,,,,,,,,,,,,,,,,,,,,,,,,,,,,,,,,,,,,,,,,,,,,,,,,,,,,,,,,,,,,,,,,,,
,,,,,728444,001,2024-06-06_15h05.43.314,mathesisv2,2024.1.3,MacIntel,71.42857143,,,,,,159.953,165.62,l,5.653,,,,,,,stimuliAXBmix/iiystimulus.wav,l,,,,,,,,,,,1,3,7,0,1,,,,,,,,,,,,,,,,,,,,,,,,,,,,,,,,,,,,,,,,,,,,,,,,,,,,,,,,,,,,,,,,,,,,,,,
,,,,,728444,001,2024-06-06_15h05.43.314,mathesisv2,2024.1.3,MacIntel,71.42857143,,,,,,165.621,168.321,f,2.684,,,,,,,stimuliAXBmix/yuustimulus.wav,f,,,,,,,,,,,2,0,8,2,1,,,,,,,,,,,,,,,,,,,,,,,,,,,,,,,,,,,,,,,,,,,,,,,,,,,,,,,,,,,,,,,,,,,,,,,
,,,,,728444,001,2024-06-06_15h05.43.314,mathesisv2,2024.1.3,MacIntel,71.42857143,,,,,,168.322,171.204,l,2.867,,,,,,,stimuliAXBmix/iiystimulus.wav,l,,,,,,,,,,,2,1,9,0,1,,,,,,,,,,,,,,,,,,,,,,,,,,,,,,,,,,,,,,,,,,,,,,,,,,,,,,,,,,,,,,,,,,,,,,,
,,,,,728444,001,2024-06-06_15h05.43.314,mathesisv2,2024.1.3,MacIntel,71.42857143,,,,,,171.204,174.587,f,3.372,,,,,,,stimuliAXBmix/iyystimulus.wav,f,,,,,,,,,,,2,2,10,1,1,,,,,,,,,,,,,,,,,,,,,,,,,,,,,,,,,,,,,,,,,,,,,,,,,,,,,,,,,,,,,,,,,,,,,,,
,,,,,728444,001,2024-06-06_15h05.43.314,mathesisv2,2024.1.3,MacIntel,71.42857143,,,,,,174.588,178.704,l,4.105,,,,,,,stimuliAXBmix/yyustimulus.wav,l,,,,,,,,,,,2,3,11,3,1,,,,,,,,,,,,,,,,,,,,,,,,,,,,,,,,,,,,,,,,,,,,,,,,,,,,,,,,,,,,,,,,,,,,,,,
,,,,,728444,001,2024-06-06_15h05.43.314,mathesisv2,2024.1.3,MacIntel,71.42857143,,,,,,180.661,184.472,f,3.804,,,,,,,stimuliAXBmix/yuustimulus.wav,f,,,,,,,,,,,,,,,,178.705,180.655,return,1.93,,0,0,0,2,1,,,,,,,,,,,,,,,,,,,,,,,,,,,,,,,,,,,,,,,,,,,,,,,,,,,,,,,,,,,,,
,,,,,728444,001,2024-06-06_15h05.43.314,mathesisv2,2024.1.3,MacIntel,71.42857143,,,,,,184.474,187.904,l,3.413,,,,,,,stimuliAXBmix/iiystimulus.wav,l,,,,,,,,,,,,,,,,,,,,,0,1,1,0,1,,,,,,,,,,,,,,,,,,,,,,,,,,,,,,,,,,,,,,,,,,,,,,,,,,,,,,,,,,,,,
,,,,,728444,001,2024-06-06_15h05.43.314,mathesisv2,2024.1.3,MacIntel,71.42857143,,,,,,187.904,191.338,f,3.426,,,,,,,stimuliAXBmix/iyystimulus.wav,f,,,,,,,,,,,,,,,,,,,,,0,2,2,1,1,,,,,,,,,,,,,,,,,,,,,,,,,,,,,,,,,,,,,,,,,,,,,,,,,,,,,,,,,,,,,
,,,,,728444,001,2024-06-06_15h05.43.314,mathesisv2,2024.1.3,MacIntel,71.42857143,,,,,,191.339,195.32,l,3.966,,,,,,,stimuliAXBmix/yyustimulus.wav,l,,,,,,,,,,,,,,,,,,,,,0,3,3,3,1,,,,,,,,,,,,,,,,,,,,,,,,,,,,,,,,,,,,,,,,,,,,,,,,,,,,,,,,,,,,,
,,,,,728444,001,2024-06-06_15h05.43.314,mathesisv2,2024.1.3,MacIntel,71.42857143,,,,,,195.32,199.788,l,4.455,,,,,,,stimuliAXBmix/yyustimulus.wav,l,,,,,,,,,,,,,,,,,,,,,1,0,4,3,1,,,,,,,,,,,,,,,,,,,,,,,,,,,,,,,,,,,,,,,,,,,,,,,,,,,,,,,,,,,,,
,,,,,728444,001,2024-06-06_15h05.43.314,mathesisv2,2024.1.3,MacIntel,71.42857143,,,,,,199.79,203.72,l,3.922,,,,,,,stimuliAXBmix/iiystimulus.wav,l,,,,,,,,,,,,,,,,,,,,,1,1,5,0,1,,,,,,,,,,,,,,,,,,,,,,,,,,,,,,,,,,,,,,,,,,,,,,,,,,,,,,,,,,,,,
,,,,,728444,001,2024-06-06_15h05.43.314,mathesisv2,2024.1.3,MacIntel,71.42857143,,,,,,203.721,207.005,f,3.268,,,,,,,stimuliAXBmix/iyystimulus.wav,f,,,,,,,,,,,,,,,,,,,,,1,2,6,1,1,,,,,,,,,,,,,,,,,,,,,,,,,,,,,,,,,,,,,,,,,,,,,,,,,,,,,,,,,,,,,
,,,,,728444,001,2024-06-06_15h05.43.314,mathesisv2,2024.1.3,MacIntel,71.42857143,,,,,,207.005,210.355,f,3.339,,,,,,,stimuliAXBmix/yuustimulus.wav,f,,,,,,,,,,,,,,,,,,,,,1,3,7,2,1,,,,,,,,,,,,,,,,,,,,,,,,,,,,,,,,,,,,,,,,,,,,,,,,,,,,,,,,,,,,,
,,,,,728444,001,2024-06-06_15h05.43.314,mathesisv2,2024.1.3,MacIntel,71.42857143,,,,,,238.365,241.439,l,3.06,,,,,,,stimuliAXBmix/yyustimulus.wav,l,,,,,,,,,,,0,0,0,3,1,,,,,,,,,,,210.355,238.358,space,27.993,,,,,,,,,,,,,,,,,,,,,,,,,,,,,,,,,,,,,,,,,,,,,,,,,,,,,,,,,
,,,,,728444,001,2024-06-06_15h05.43.314,mathesisv2,2024.1.3,MacIntel,71.42857143,,,,,,241.44,245.79,f,4.342,,,,,,,stimuliAXBmix/yuustimulus.wav,f,,,,,,,,,,,0,1,1,2,1,,,,,,,,,,,,,,,,,,,,,,,,,,,,,,,,,,,,,,,,,,,,,,,,,,,,,,,,,,,,,,,,,,,,,,,
,,,,,728444,001,2024-06-06_15h05.43.314,mathesisv2,2024.1.3,MacIntel,71.42857143,,,,,,245.791,252.222,l,6.419,,,,,,,stimuliAXBmix/iiystimulus.wav,l,,,,,,,,,,,0,2,2,0,1,,,,,,,,,,,,,,,,,,,,,,,,,,,,,,,,,,,,,,,,,,,,,,,,,,,,,,,,,,,,,,,,,,,,,,,
,,,,,728444,001,2024-06-06_15h05.43.314,mathesisv2,2024.1.3,MacIntel,71.42857143,,,,,,252.223,255.073,f,2.836,,,,,,,stimuliAXBmix/iyystimulus.wav,f,,,,,,,,,,,0,3,3,1,1,,,,,,,,,,,,,,,,,,,,,,,,,,,,,,,,,,,,,,,,,,,,,,,,,,,,,,,,,,,,,,,,,,,,,,,
,,,,,728444,001,2024-06-06_15h05.43.314,mathesisv2,2024.1.3,MacIntel,71.42857143,,,,,,255.075,257.956,f,2.872,,,,,,,stimuliAXBmix/iyystimulus.wav,f,,,,,,,,,,,1,0,4,1,1,,,,,,,,,,,,,,,,,,,,,,,,,,,,,,,,,,,,,,,,,,,,,,,,,,,,,,,,,,,,,,,,,,,,,,,
,,,,,728444,001,2024-06-06_15h05.43.314,mathesisv2,2024.1.3,MacIntel,71.42857143,,,,,,257.957,260.973,l,3.007,,,,,,,stimuliAXBmix/yyustimulus.wav,l,,,,,,,,,,,1,1,5,3,1,,,,,,,,,,,,,,,,,,,,,,,,,,,,,,,,,,,,,,,,,,,,,,,,,,,,,,,,,,,,,,,,,,,,,,,
,,,,,728444,001,2024-06-06_15h05.43.314,mathesisv2,2024.1.3,MacIntel,71.42857143,,,,,,260.973,265.306,l,4.316,,,,,,,stimuliAXBmix/iiystimulus.wav,l,,,,,,,,,,,1,2,6,0,1,,,,,,,,,,,,,,,,,,,,,,,,,,,,,,,,,,,,,,,,,,,,,,,,,,,,,,,,,,,,,,,,,,,,,,,
,,,,,728444,001,2024-06-06_15h05.43.314,mathesisv2,2024.1.3,MacIntel,71.42857143,,,,,,265.307,268.606,f,3.281,,,,,,,stimuliAXBmix/yuustimulus.wav,f,,,,,,,,,,,1,3,7,2,1,,,,,,,,,,,,,,,,,,,,,,,,,,,,,,,,,,,,,,,,,,,,,,,,,,,,,,,,,,,,,,,,,,,,,,,
,,,,,728444,001,2024-06-06_15h05.43.314,mathesisv2,2024.1.3,MacIntel,71.42857143,,,,,,268.607,271.706,f,3.087,,,,,,,stimuliAXBmix/iyystimulus.wav,f,,,,,,,,,,,2,0,8,1,1,,,,,,,,,,,,,,,,,,,,,,,,,,,,,,,,,,,,,,,,,,,,,,,,,,,,,,,,,,,,,,,,,,,,,,,
,,,,,728444,001,2024-06-06_15h05.43.314,mathesisv2,2024.1.3,MacIntel,71.42857143,,,,,,271.707,274.723,l,3.003,,,,,,,stimuliAXBmix/iiystimulus.wav,l,,,,,,,,,,,2,1,9,0,1,,,,,,,,,,,,,,,,,,,,,,,,,,,,,,,,,,,,,,,,,,,,,,,,,,,,,,,,,,,,,,,,,,,,,,,
,,,,,728444,001,2024-06-06_15h05.43.314,mathesisv2,2024.1.3,MacIntel,71.42857143,,,,,,274.723,277.557,f,2.825,,,,,,,stimuliAXBmix/yuustimulus.wav,f,,,,,,,,,,,2,2,10,2,1,,,,,,,,,,,,,,,,,,,,,,,,,,,,,,,,,,,,,,,,,,,,,,,,,,,,,,,,,,,,,,,,,,,,,,,
,,,,,728444,001,2024-06-06_15h05.43.314,mathesisv2,2024.1.3,MacIntel,71.42857143,,,,,,277.558,281.557,l,3.987,,,,,,,stimuliAXBmix/yyustimulus.wav,l,,,,,,,,,,,2,3,11,3,1,,,,,,,,,,,,,,,,,,,,,,,,,,,,,,,,,,,,,,,,,,,,,,,,,,,,,,,,,,,,,,,,,,,,,,,
,,,,,728444,001,2024-06-06_15h05.43.314,mathesisv2,2024.1.3,MacIntel,71.42857143,,,,,,283.449,287.39,f,3.928,,,,,,,stimuliAXBmix/yuustimulus.wav,f,,,,,,,,,,,,,,,,281.557,283.441,return,1.861,,0,0,0,2,1,,,,,,,,,,,,,,,,,,,,,,,,,,,,,,,,,,,,,,,,,,,,,,,,,,,,,,,,,,,,,
,,,,,728444,001,2024-06-06_15h05.43.314,mathesisv2,2024.1.3,MacIntel,71.42857143,,,,,,287.391,290.274,l,2.866,,,,,,,stimuliAXBmix/iiystimulus.wav,l,,,,,,,,,,,,,,,,,,,,,0,1,1,0,1,,,,,,,,,,,,,,,,,,,,,,,,,,,,,,,,,,,,,,,,,,,,,,,,,,,,,,,,,,,,,
,,,,,728444,001,2024-06-06_15h05.43.314,mathesisv2,2024.1.3,MacIntel,71.42857143,,,,,,290.275,294.324,f,4.041,,,,,,,stimuliAXBmix/iyystimulus.wav,f,,,,,,,,,,,,,,,,,,,,,0,2,2,1,1,,,,,,,,,,,,,,,,,,,,,,,,,,,,,,,,,,,,,,,,,,,,,,,,,,,,,,,,,,,,,
,,,,,728444,001,2024-06-06_15h05.43.314,mathesisv2,2024.1.3,MacIntel,71.42857143,,,,,,294.324,296.924,l,2.586,,,,,,,stimuliAXBmix/yyustimulus.wav,l,,,,,,,,,,,,,,,,,,,,,0,3,3,3,1,,,,,,,,,,,,,,,,,,,,,,,,,,,,,,,,,,,,,,,,,,,,,,,,,,,,,,,,,,,,,
,,,,,728444,001,2024-06-06_15h05.43.314,mathesisv2,2024.1.3,MacIntel,71.42857143,,,,,,296.925,300.24,l,3.302,,,,,,,stimuliAXBmix/iiystimulus.wav,l,,,,,,,,,,,,,,,,,,,,,1,0,4,0,1,,,,,,,,,,,,,,,,,,,,,,,,,,,,,,,,,,,,,,,,,,,,,,,,,,,,,,,,,,,,,
,,,,,728444,001,2024-06-06_15h05.43.314,mathesisv2,2024.1.3,MacIntel,71.42857143,,,,,,300.241,304.292,l,4.043,,,,,,,stimuliAXBmix/yyustimulus.wav,l,,,,,,,,,,,,,,,,,,,,,1,1,5,3,1,,,,,,,,,,,,,,,,,,,,,,,,,,,,,,,,,,,,,,,,,,,,,,,,,,,,,,,,,,,,,
,,,,,728444,001,2024-06-06_15h05.43.314,mathesisv2,2024.1.3,MacIntel,71.42857143,,,,,,304.295,307.574,f,3.263,,,,,,,stimuliAXBmix/iyystimulus.wav,f,,,,,,,,,,,,,,,,,,,,,1,2,6,1,1,,,,,,,,,,,,,,,,,,,,,,,,,,,,,,,,,,,,,,,,,,,,,,,,,,,,,,,,,,,,,
,,,,,728444,001,2024-06-06_15h05.43.314,mathesisv2,2024.1.3,MacIntel,71.42857143,,,,,,307.574,310.525,f,2.942,,,,,,,stimuliAXBmix/yuustimulus.wav,f,,,,,,,,,,,,,,,,,,,,,1,3,7,2,1,,,,,,,,,,,,,,,,,,,,,,,,,,,,,,,,,,,,,,,,,,,,,,,,,,,,,,,,,,,,,
,,,,,728444,001,2024-06-06_15h05.43.314,mathesisv2,2024.1.3,MacIntel,71.42857143,,,,,,396.049,399.926,f,3.846,,,,,,,stimuliAXBmix/iyystimulus.wav,f,,,,,,,,,,,0,0,0,1,1,,,,,,,,,,,310.526,396.043,space,85.508,,,,,,,,,,,,,,,,,,,,,,,,,,,,,,,,,,,,,,,,,,,,,,,,,,,,,,,,,
,,,,,728444,001,2024-06-06_15h05.43.314,mathesisv2,2024.1.3,MacIntel,71.42857143,,,,,,399.927,404.277,l,4.343,,,,,,,stimuliAXBmix/iiystimulus.wav,l,,,,,,,,,,,0,1,1,0,1,,,,,,,,,,,,,,,,,,,,,,,,,,,,,,,,,,,,,,,,,,,,,,,,,,,,,,,,,,,,,,,,,,,,,,,
,,,,,728444,001,2024-06-06_15h05.43.314,mathesisv2,2024.1.3,MacIntel,71.42857143,,,,,,404.278,407.993,f,3.702,,,,,,,stimuliAXBmix/yuustimulus.wav,f,,,,,,,,,,,0,2,2,2,1,,,,,,,,,,,,,,,,,,,,,,,,,,,,,,,,,,,,,,,,,,,,,,,,,,,,,,,,,,,,,,,,,,,,,,,
,,,,,728444,001,2024-06-06_15h05.43.314,mathesisv2,2024.1.3,MacIntel,71.42857143,,,,,,407.993,410.46,l,2.453,,,,,,,stimuliAXBmix/yyustimulus.wav,l,,,,,,,,,,,0,3,3,3,1,,,,,,,,,,,,,,,,,,,,,,,,,,,,,,,,,,,,,,,,,,,,,,,,,,,,,,,,,,,,,,,,,,,,,,,
,,,,,728444,001,2024-06-06_15h05.43.314,mathesisv2,2024.1.3,MacIntel,71.42857143,,,,,,410.461,413.41,f,2.936,,,,,,,stimuliAXBmix/yuustimulus.wav,f,,,,,,,,,,,1,0,4,2,1,,,,,,,,,,,,,,,,,,,,,,,,,,,,,,,,,,,,,,,,,,,,,,,,,,,,,,,,,,,,,,,,,,,,,,,
,,,,,728444,001,2024-06-06_15h05.43.314,mathesisv2,2024.1.3,MacIntel,71.42857143,,,,,,413.411,416.527,f,3.106,,,,,,,stimuliAXBmix/iyystimulus.wav,f,,,,,,,,,,,1,1,5,1,1,,,,,,,,,,,,,,,,,,,,,,,,,,,,,,,,,,,,,,,,,,,,,,,,,,,,,,,,,,,,,,,,,,,,,,,
,,,,,728444,001,2024-06-06_15h05.43.314,mathesisv2,2024.1.3,MacIntel,71.42857143,,,,,,416.527,419.294,l,2.751,,,,,,,stimuliAXBmix/yyustimulus.wav,l,,,,,,,,,,,1,2,6,3,1,,,,,,,,,,,,,,,,,,,,,,,,,,,,,,,,,,,,,,,,,,,,,,,,,,,,,,,,,,,,,,,,,,,,,,,
,,,,,728444,001,2024-06-06_15h05.43.314,mathesisv2,2024.1.3,MacIntel,71.42857143,,,,,,419.295,422.394,l,3.092,,,,,,,stimuliAXBmix/iiystimulus.wav,l,,,,,,,,,,,1,3,7,0,1,,,,,,,,,,,,,,,,,,,,,,,,,,,,,,,,,,,,,,,,,,,,,,,,,,,,,,,,,,,,,,,,,,,,,,,
,,,,,728444,001,2024-06-06_15h05.43.314,mathesisv2,2024.1.3,MacIntel,71.42857143,,,,,,422.394,425.328,f,2.918,,,,,,,stimuliAXBmix/yuustimulus.wav,f,,,,,,,,,,,2,0,8,2,1,,,,,,,,,,,,,,,,,,,,,,,,,,,,,,,,,,,,,,,,,,,,,,,,,,,,,,,,,,,,,,,,,,,,,,,
,,,,,728444,001,2024-06-06_15h05.43.314,mathesisv2,2024.1.3,MacIntel,71.42857143,,,,,,425.329,429.994,f,4.645,,,,,,,stimuliAXBmix/iyystimulus.wav,f,,,,,,,,,,,2,1,9,1,1,,,,,,,,,,,,,,,,,,,,,,,,,,,,,,,,,,,,,,,,,,,,,,,,,,,,,,,,,,,,,,,,,,,,,,,
,,,,,728444,001,2024-06-06_15h05.43.314,mathesisv2,2024.1.3,MacIntel,71.42857143,,,,,,429.994,432.544,l,2.545,,,,,,,stimuliAXBmix/yyustimulus.wav,l,,,,,,,,,,,2,2,10,3,1,,,,,,,,,,,,,,,,,,,,,,,,,,,,,,,,,,,,,,,,,,,,,,,,,,,,,,,,,,,,,,,,,,,,,,,
,,,,,728444,001,2024-06-06_15h05.43.314,mathesisv2,2024.1.3,MacIntel,71.42857143,,,,,,432.546,435.077,l,2.525,,,,,,,stimuliAXBmix/iiystimulus.wav,l,,,,,,,,,,,2,3,11,0,1,,,,,,,,,,,,,,,,,,,,,,,,,,,,,,,,,,,,,,,,,,,,,,,,,,,,,,,,,,,,,,,,,,,,,,,
,,,,,728444,001,2024-06-06_15h05.43.314,mathesisv2,2024.1.3,MacIntel,71.42857143,,,,,,436.939,439.861,f,2.91,,,,,,,stimuliAXBmix/yuustimulus.wav,f,,,,,,,,,,,,,,,,435.078,436.928,return,1.83,,0,0,0,2,1,,,,,,,,,,,,,,,,,,,,,,,,,,,,,,,,,,,,,,,,,,,,,,,,,,,,,,,,,,,,,
,,,,,728444,001,2024-06-06_15h05.43.314,mathesisv2,2024.1.3,MacIntel,71.42857143,,,,,,439.861,441.978,l,2.107,,,,,,,stimuliAXBmix/iiystimulus.wav,l,,,,,,,,,,,,,,,,,,,,,0,1,1,0,1,,,,,,,,,,,,,,,,,,,,,,,,,,,,,,,,,,,,,,,,,,,,,,,,,,,,,,,,,,,,,
,,,,,728444,001,2024-06-06_15h05.43.314,mathesisv2,2024.1.3,MacIntel,71.42857143,,,,,,441.978,445.011,f,3.019,,,,,,,stimuliAXBmix/iyystimulus.wav,f,,,,,,,,,,,,,,,,,,,,,0,2,2,1,1,,,,,,,,,,,,,,,,,,,,,,,,,,,,,,,,,,,,,,,,,,,,,,,,,,,,,,,,,,,,,
,,,,,728444,001,2024-06-06_15h05.43.314,mathesisv2,2024.1.3,MacIntel,71.42857143,,,,,,445.011,448.187,l,3.172,,,,,,,stimuliAXBmix/yyustimulus.wav,l,,,,,,,,,,,,,,,,,,,,,0,3,3,3,1,,,,,,,,,,,,,,,,,,,,,,,,,,,,,,,,,,,,,,,,,,,,,,,,,,,,,,,,,,,,,
,,,,,728444,001,2024-06-06_15h05.43.314,mathesisv2,2024.1.3,MacIntel,71.42857143,,,,,,448.187,452.327,l,4.134,,,,,,,stimuliAXBmix/yyustimulus.wav,l,,,,,,,,,,,,,,,,,,,,,1,0,4,3,1,,,,,,,,,,,,,,,,,,,,,,,,,,,,,,,,,,,,,,,,,,,,,,,,,,,,,,,,,,,,,
,,,,,728444,001,2024-06-06_15h05.43.314,mathesisv2,2024.1.3,MacIntel,71.42857143,,,,,,452.328,455.195,f,2.852,,,,,,,stimuliAXBmix/yuustimulus.wav,f,,,,,,,,,,,,,,,,,,,,,1,1,5,2,1,,,,,,,,,,,,,,,,,,,,,,,,,,,,,,,,,,,,,,,,,,,,,,,,,,,,,,,,,,,,,
,,,,,728444,001,2024-06-06_15h05.43.314,mathesisv2,2024.1.3,MacIntel,71.42857143,,,,,,455.195,457.978,l,2.774,,,,,,,stimuliAXBmix/iiystimulus.wav,l,,,,,,,,,,,,,,,,,,,,,1,2,6,0,1,,,,,,,,,,,,,,,,,,,,,,,,,,,,,,,,,,,,,,,,,,,,,,,,,,,,,,,,,,,,,
,,,,,728444,001,2024-06-06_15h05.43.314,mathesisv2,2024.1.3,MacIntel,71.42857143,,,,,,457.978,460.694,f,2.707,,,,,,,stimuliAXBmix/iyystimulus.wav,f,,,,,,,,,,,,,,,,,,,,,1,3,7,1,1,,,,,,,,,,,,,,,,,,,,,,,,,,,,,,,,,,,,,,,,,,,,,,,,,,,,,,,,,,,,,
,,,,,728444,001,2024-06-06_15h05.43.314,mathesisv2,2024.1.3,MacIntel,71.42857143,,,,,,,,,,,,,,,,,,,,,,,,,,,,,,,,,,,,,,,,,,,460.694,462.428,space,1.721,,462.429,470.311,space,7.857,,,,,,,,,,,,,,,,,,,,,,,,,,,,,,,,,,,,,,,,,,,,,,,,,,,,
,,,,,728444,001,2024-06-06_15h05.43.314,mathesisv2,2024.1.3,MacIntel,71.42857143,,,,,,,,,,,,,,,,,,,,,,,,,,,,,,,,,,,,,,,,,,,,,,,,,,,,,470.324,474.745,e,4.385,,0,0,0,1,1,testTAFCmixfirst/nimnym002.wav,,,,,,,,,,,,,,,,,,,,,,,,,,,,,,,,,,,,,,,,
,,,,,728444,001,2024-06-06_15h05.43.314,mathesisv2,2024.1.3,MacIntel,71.42857143,,,,,,,,,,,,,,,,,,,,,,,,,,,,,,,,,,,,,,,,,,,,,,,,,,,,,474.745,477.445,e,2.692,,0,1,1,0,1,testTAFCmixfirst/nimnym001.wav,,,,,,,,,,,,,,,,,,,,,,,,,,,,,,,,,,,,,,,,
,,,,,728444,001,2024-06-06_15h05.43.314,mathesisv2,2024.1.3,MacIntel,71.42857143,,,,,,,,,,,,,,,,,,,,,,,,,,,,,,,,,,,,,,,,,,,,,,,,,,,,,477.446,483.328,y,5.875,,0,2,2,2,1,testTAFCmixfirst/nimnym006.wav,,,,,,,,,,,,,,,,,,,,,,,,,,,,,,,,,,,,,,,,
,,,,,728444,001,2024-06-06_15h05.43.314,mathesisv2,2024.1.3,MacIntel,71.42857143,,,,,,,,,,,,,,,,,,,,,,,,,,,,,,,,,,,,,,,,,,,,,,,,,,,,,,,,,,,,,,,,483.341,487.679,u,4.309,,0,0,0,0,1,testTAFCmixsec/numnym001.wav,,,,,,,,,,,,,,,,,,,,,,,,,,,,,
,,,,,728444,001,2024-06-06_15h05.43.314,mathesisv2,2024.1.3,MacIntel,71.42857143,,,,,,,,,,,,,,,,,,,,,,,,,,,,,,,,,,,,,,,,,,,,,,,,,,,,,,,,,,,,,,,,487.68,489.362,y,1.669,,0,1,1,2,1,testTAFCmixsec/numnym006.wav,,,,,,,,,,,,,,,,,,,,,,,,,,,,,
,,,,,728444,001,2024-06-06_15h05.43.314,mathesisv2,2024.1.3,MacIntel,71.42857143,,,,,,,,,,,,,,,,,,,,,,,,,,,,,,,,,,,,,,,,,,,,,,,,,,,,,,,,,,,,,,,,489.362,490.694,u,1.319,,0,2,2,1,1,testTAFCmixsec/numnym002.wav,,,,,,,,,,,,,,,,,,,,,,,,,,,,,
,,,,,728444,001,2024-06-06_15h05.43.314,mathesisv2,2024.1.3,MacIntel,71.42857143,,,,,,,,,,,,,,,,,,,,,,,,,,,,,,,,,,,,,,,,,,,,,,,,,,,,,,,,,,,,,,,,,,,,,,,,,,,490.695,497.819,space,7.096,,,,,,,,,,,,,,,,,,,,,,,,,
,,,,,728444,001,2024-06-06_15h05.43.314,mathesisv2,2024.1.3,MacIntel,71.42857143,,,,,,,,,,,,,,,,,e,,,,,,,,,,,,,,,,,,,,,,,,,,,,,,,,,,,,,,,,,,,,,,,,,,,,,,,,,,,,,,,497.831,501.179,e,3.315,,0,0,0,1,1,stimuliTAFCfirst/nimnym002.wav,,,,,,,,,,,,,
,,,,,728444,001,2024-06-06_15h05.43.314,mathesisv2,2024.1.3,MacIntel,71.42857143,,,,,,,,,,,,,,,,,x,,,,,,,,,,,,,,,,,,,,,,,,,,,,,,,,,,,,,,,,,,,,,,,,,,,,,,,,,,,,,,,501.179,502.979,e,1.786,,0,1,1,3,1,stimuliTAFCfirst/nimnym004.wav,,,,,,,,,,,,,
,,,,,728444,001,2024-06-06_15h05.43.314,mathesisv2,2024.1.3,MacIntel,71.42857143,,,,,,,,,,,,,,,,,e,,,,,,,,,,,,,,,,,,,,,,,,,,,,,,,,,,,,,,,,,,,,,,,,,,,,,,,,,,,,,,,502.98,504.495,e,1.501,,0,2,2,2,1,stimuliTAFCfirst/nimnym003.wav,,,,,,,,,,,,,
,,,,,728444,001,2024-06-06_15h05.43.314,mathesisv2,2024.1.3,MacIntel,71.42857143,,,,,,,,,,,,,,,,,y,,,,,,,,,,,,,,,,,,,,,,,,,,,,,,,,,,,,,,,,,,,,,,,,,,,,,,,,,,,,,,,504.496,506.079,y,1.568,,0,3,3,6,1,stimuliTAFCfirst/nimnym007.wav,,,,,,,,,,,,,
,,,,,728444,001,2024-06-06_15h05.43.314,mathesisv2,2024.1.3,MacIntel,71.42857143,,,,,,,,,,,,,,,,,e,,,,,,,,,,,,,,,,,,,,,,,,,,,,,,,,,,,,,,,,,,,,,,,,,,,,,,,,,,,,,,,506.08,507.979,e,1.885,,0,4,4,0,1,stimuliTAFCfirst/nimnym001.wav,,,,,,,,,,,,,
,,,,,728444,001,2024-06-06_15h05.43.314,mathesisv2,2024.1.3,MacIntel,71.42857143,,,,,,,,,,,,,,,,,y,,,,,,,,,,,,,,,,,,,,,,,,,,,,,,,,,,,,,,,,,,,,,,,,,,,,,,,,,,,,,,,507.98,509.229,y,1.238,,0,5,5,4,1,stimuliTAFCfirst/nimnym005.wav,,,,,,,,,,,,,
,,,,,728444,001,2024-06-06_15h05.43.314,mathesisv2,2024.1.3,MacIntel,71.42857143,,,,,,,,,,,,,,,,,y,,,,,,,,,,,,,,,,,,,,,,,,,,,,,,,,,,,,,,,,,,,,,,,,,,,,,,,,,,,,,,,509.23,510.863,y,1.618,,0,6,6,5,1,stimuliTAFCfirst/nimnym006.wav,,,,,,,,,,,,,
,,,,,728444,001,2024-06-06_15h05.43.314,mathesisv2,2024.1.3,MacIntel,71.42857143,,,,,,,,,,,,,,,,,x,,,,,,,,,,,,,,,,,,,,,,,,,,,,,,,,,,,,,,,,,,,,,,,,,,,,,,,,,,,,,,,510.863,512.779,y,1.898,,1,0,7,3,1,stimuliTAFCfirst/nimnym004.wav,,,,,,,,,,,,,
,,,,,728444,001,2024-06-06_15h05.43.314,mathesisv2,2024.1.3,MacIntel,71.42857143,,,,,,,,,,,,,,,,,y,,,,,,,,,,,,,,,,,,,,,,,,,,,,,,,,,,,,,,,,,,,,,,,,,,,,,,,,,,,,,,,512.78,514.063,y,1.27,,1,1,8,5,1,stimuliTAFCfirst/nimnym006.wav,,,,,,,,,,,,,
,,,,,728444,001,2024-06-06_15h05.43.314,mathesisv2,2024.1.3,MacIntel,71.42857143,,,,,,,,,,,,,,,,,e,,,,,,,,,,,,,,,,,,,,,,,,,,,,,,,,,,,,,,,,,,,,,,,,,,,,,,,,,,,,,,,514.063,515.263,e,1.189,,1,2,9,1,1,stimuliTAFCfirst/nimnym002.wav,,,,,,,,,,,,,
,,,,,728444,001,2024-06-06_15h05.43.314,mathesisv2,2024.1.3,MacIntel,71.42857143,,,,,,,,,,,,,,,,,y,,,,,,,,,,,,,,,,,,,,,,,,,,,,,,,,,,,,,,,,,,,,,,,,,,,,,,,,,,,,,,,515.264,516.462,y,1.191,,1,3,10,4,1,stimuliTAFCfirst/nimnym005.wav,,,,,,,,,,,,,
,,,,,728444,001,2024-06-06_15h05.43.314,mathesisv2,2024.1.3,MacIntel,71.42857143,,,,,,,,,,,,,,,,,e,,,,,,,,,,,,,,,,,,,,,,,,,,,,,,,,,,,,,,,,,,,,,,,,,,,,,,,,,,,,,,,516.463,518.112,e,1.637,,1,4,11,2,1,stimuliTAFCfirst/nimnym003.wav,,,,,,,,,,,,,
,,,,,728444,001,2024-06-06_15h05.43.314,mathesisv2,2024.1.3,MacIntel,71.42857143,,,,,,,,,,,,,,,,,y,,,,,,,,,,,,,,,,,,,,,,,,,,,,,,,,,,,,,,,,,,,,,,,,,,,,,,,,,,,,,,,518.113,519.263,y,1.143,,1,5,12,6,1,stimuliTAFCfirst/nimnym007.wav,,,,,,,,,,,,,
,,,,,728444,001,2024-06-06_15h05.43.314,mathesisv2,2024.1.3,MacIntel,71.42857143,,,,,,,,,,,,,,,,,e,,,,,,,,,,,,,,,,,,,,,,,,,,,,,,,,,,,,,,,,,,,,,,,,,,,,,,,,,,,,,,,519.263,520.412,e,1.139,,1,6,13,0,1,stimuliTAFCfirst/nimnym001.wav,,,,,,,,,,,,,
,,,,,728444,001,2024-06-06_15h05.43.314,mathesisv2,2024.1.3,MacIntel,71.42857143,,,,,,,,,,,,,,,,,u,520.413,521.38,space,0.948,,,,,,,,,,,,,,,,,,,,,,,,,,,,,,,,,,,,,,,,,,,,,,,,,,,,,,,,,,,,,,,,,,,,,,521.389,525.697,u,4.29,,0,0,0,0,1,stimuliTAFCsec/numnym001.wav,,
,,,,,728444,001,2024-06-06_15h05.43.314,mathesisv2,2024.1.3,MacIntel,71.42857143,,,,,,,,,,,,,,,,,u,,,,,,,,,,,,,,,,,,,,,,,,,,,,,,,,,,,,,,,,,,,,,,,,,,,,,,,,,,,,,,,,,,,,,,,,,,525.698,527.08,u,1.366,,0,1,1,2,1,stimuliTAFCsec/numnym003.wav,,
,,,,,728444,001,2024-06-06_15h05.43.314,mathesisv2,2024.1.3,MacIntel,71.42857143,,,,,,,,,,,,,,,,,y,,,,,,,,,,,,,,,,,,,,,,,,,,,,,,,,,,,,,,,,,,,,,,,,,,,,,,,,,,,,,,,,,,,,,,,,,,527.081,528.23,y,1.138,,0,2,2,5,1,stimuliTAFCsec/numnym006.wav,,
,,,,,728444,001,2024-06-06_15h05.43.314,mathesisv2,2024.1.3,MacIntel,71.42857143,,,,,,,,,,,,,,,,,y,,,,,,,,,,,,,,,,,,,,,,,,,,,,,,,,,,,,,,,,,,,,,,,,,,,,,,,,,,,,,,,,,,,,,,,,,,528.231,529.478,y,1.235,,0,3,3,6,1,stimuliTAFCsec/numnym007.wav,,
,,,,,728444,001,2024-06-06_15h05.43.314,mathesisv2,2024.1.3,MacIntel,71.42857143,,,,,,,,,,,,,,,,,y,,,,,,,,,,,,,,,,,,,,,,,,,,,,,,,,,,,,,,,,,,,,,,,,,,,,,,,,,,,,,,,,,,,,,,,,,,529.479,530.68,y,1.193,,0,4,4,4,1,stimuliTAFCsec/numnym005.wav,,
,,,,,728444,001,2024-06-06_15h05.43.314,mathesisv2,2024.1.3,MacIntel,71.42857143,,,,,,,,,,,,,,,,,x,,,,,,,,,,,,,,,,,,,,,,,,,,,,,,,,,,,,,,,,,,,,,,,,,,,,,,,,,,,,,,,,,,,,,,,,,,530.681,531.946,y,1.252,,0,5,5,3,1,stimuliTAFCsec/numnym004.wav,,
,,,,,728444,001,2024-06-06_15h05.43.314,mathesisv2,2024.1.3,MacIntel,71.42857143,,,,,,,,,,,,,,,,,u,,,,,,,,,,,,,,,,,,,,,,,,,,,,,,,,,,,,,,,,,,,,,,,,,,,,,,,,,,,,,,,,,,,,,,,,,,531.947,533.813,u,1.857,,0,6,6,1,1,stimuliTAFCsec/numnym002.wav,,
,,,,,728444,001,2024-06-06_15h05.43.314,mathesisv2,2024.1.3,MacIntel,71.42857143,,,,,,,,,,,,,,,,,x,,,,,,,,,,,,,,,,,,,,,,,,,,,,,,,,,,,,,,,,,,,,,,,,,,,,,,,,,,,,,,,,,,,,,,,,,,533.813,535.463,y,1.638,,1,0,7,3,1,stimuliTAFCsec/numnym004.wav,,
,,,,,728444,001,2024-06-06_15h05.43.314,mathesisv2,2024.1.3,MacIntel,71.42857143,,,,,,,,,,,,,,,,,y,,,,,,,,,,,,,,,,,,,,,,,,,,,,,,,,,,,,,,,,,,,,,,,,,,,,,,,,,,,,,,,,,,,,,,,,,,535.463,536.85,y,1.369,,1,1,8,4,1,stimuliTAFCsec/numnym005.wav,,
,,,,,728444,001,2024-06-06_15h05.43.314,mathesisv2,2024.1.3,MacIntel,71.42857143,,,,,,,,,,,,,,,,,u,,,,,,,,,,,,,,,,,,,,,,,,,,,,,,,,,,,,,,,,,,,,,,,,,,,,,,,,,,,,,,,,,,,,,,,,,,536.852,538.013,u,1.147,,1,2,9,1,1,stimuliTAFCsec/numnym002.wav,,
,,,,,728444,001,2024-06-06_15h05.43.314,mathesisv2,2024.1.3,MacIntel,71.42857143,,,,,,,,,,,,,,,,,u,,,,,,,,,,,,,,,,,,,,,,,,,,,,,,,,,,,,,,,,,,,,,,,,,,,,,,,,,,,,,,,,,,,,,,,,,,538.014,538.98,u,0.951,,1,3,10,0,1,stimuliTAFCsec/numnym001.wav,,
,,,,,728444,001,2024-06-06_15h05.43.314,mathesisv2,2024.1.3,MacIntel,71.42857143,,,,,,,,,,,,,,,,,u,,,,,,,,,,,,,,,,,,,,,,,,,,,,,,,,,,,,,,,,,,,,,,,,,,,,,,,,,,,,,,,,,,,,,,,,,,538.981,540.296,u,1.306,,1,4,11,2,1,stimuliTAFCsec/numnym003.wav,,
,,,,,728444,001,2024-06-06_15h05.43.314,mathesisv2,2024.1.3,MacIntel,71.42857143,,,,,,,,,,,,,,,,,y,,,,,,,,,,,,,,,,,,,,,,,,,,,,,,,,,,,,,,,,,,,,,,,,,,,,,,,,,,,,,,,,,,,,,,,,,,540.296,541.547,y,1.236,,1,5,12,6,1,stimuliTAFCsec/numnym007.wav,,
,,,,,728444,001,2024-06-06_15h05.43.314,mathesisv2,2024.1.3,MacIntel,71.42857143,,,,,,,,,,,,,,,,,y,,,,,,,,,,,,,,,,,,,,,,,,,,,,,,,,,,,,,,,,,,,,,,,,,,,,,,,,,,,,,,,,,,,,,,,,,,541.548,543.113,y,1.551,,1,6,13,5,1,stimuliTAFCsec/numnym006.wav,,
,,,,,728444,001,2024-06-06_15h05.43.314,mathesisv2,2024.1.3,MacIntel,71.42857143,,,,,,,,,,,,,,,,,y,,,,,,,,,,,,,,,,,,,,,,,,,,543.115,544.264,space,1.127,,,,,,,,,,,,,,,,,,,,,,,,,,,,,,,,,,544.277,546.614,y,2.323,,0,0,0,6,1,stimuliTAFCfirst/nimnym007.wav,,,,,,,,,,,,,
,,,,,728444,001,2024-06-06_15h05.43.314,mathesisv2,2024.1.3,MacIntel,71.42857143,,,,,,,,,,,,,,,,,e,,,,,,,,,,,,,,,,,,,,,,,,,,,,,,,,,,,,,,,,,,,,,,,,,,,,,,,,,,,,,,,546.615,548.68,e,2.049,,0,1,1,0,1,stimuliTAFCfirst/nimnym001.wav,,,,,,,,,,,,,
,,,,,728444,001,2024-06-06_15h05.43.314,mathesisv2,2024.1.3,MacIntel,71.42857143,,,,,,,,,,,,,,,,,y,,,,,,,,,,,,,,,,,,,,,,,,,,,,,,,,,,,,,,,,,,,,,,,,,,,,,,,,,,,,,,,548.68,549.83,y,1.137,,0,2,2,5,1,stimuliTAFCfirst/nimnym006.wav,,,,,,,,,,,,,
,,,,,728444,001,2024-06-06_15h05.43.314,mathesisv2,2024.1.3,MacIntel,71.42857143,,,,,,,,,,,,,,,,,x,,,,,,,,,,,,,,,,,,,,,,,,,,,,,,,,,,,,,,,,,,,,,,,,,,,,,,,,,,,,,,,549.831,553.647,e,3.803,,0,3,3,3,1,stimuliTAFCfirst/nimnym004.wav,,,,,,,,,,,,,
,,,,,728444,001,2024-06-06_15h05.43.314,mathesisv2,2024.1.3,MacIntel,71.42857143,,,,,,,,,,,,,,,,,e,,,,,,,,,,,,,,,,,,,,,,,,,,,,,,,,,,,,,,,,,,,,,,,,,,,,,,,,,,,,,,,553.647,556.247,e,2.586,,0,4,4,2,1,stimuliTAFCfirst/nimnym003.wav,,,,,,,,,,,,,
,,,,,728444,001,2024-06-06_15h05.43.314,mathesisv2,2024.1.3,MacIntel,71.42857143,,,,,,,,,,,,,,,,,y,,,,,,,,,,,,,,,,,,,,,,,,,,,,,,,,,,,,,,,,,,,,,,,,,,,,,,,,,,,,,,,556.248,557.847,y,1.583,,0,5,5,4,1,stimuliTAFCfirst/nimnym005.wav,,,,,,,,,,,,,
,,,,,728444,001,2024-06-06_15h05.43.314,mathesisv2,2024.1.3,MacIntel,71.42857143,,,,,,,,,,,,,,,,,e,,,,,,,,,,,,,,,,,,,,,,,,,,,,,,,,,,,,,,,,,,,,,,,,,,,,,,,,,,,,,,,557.847,559.014,e,1.154,,0,6,6,1,1,stimuliTAFCfirst/nimnym002.wav,,,,,,,,,,,,,
,,,,,728444,001,2024-06-06_15h05.43.314,mathesisv2,2024.1.3,MacIntel,71.42857143,,,,,,,,,,,,,,,,,e,,,,,,,,,,,,,,,,,,,,,,,,,,,,,,,,,,,,,,,,,,,,,,,,,,,,,,,,,,,,,,,559.014,560.097,e,1.068,,1,0,7,0,1,stimuliTAFCfirst/nimnym001.wav,,,,,,,,,,,,,
,,,,,728444,001,2024-06-06_15h05.43.314,mathesisv2,2024.1.3,MacIntel,71.42857143,,,,,,,,,,,,,,,,,y,,,,,,,,,,,,,,,,,,,,,,,,,,,,,,,,,,,,,,,,,,,,,,,,,,,,,,,,,,,,,,,560.098,561.196,y,1.087,,1,1,8,6,1,stimuliTAFCfirst/nimnym007.wav,,,,,,,,,,,,,
,,,,,728444,001,2024-06-06_15h05.43.314,mathesisv2,2024.1.3,MacIntel,71.42857143,,,,,,,,,,,,,,,,,x,,,,,,,,,,,,,,,,,,,,,,,,,,,,,,,,,,,,,,,,,,,,,,,,,,,,,,,,,,,,,,,561.197,563.03,y,1.818,,1,2,9,3,1,stimuliTAFCfirst/nimnym004.wav,,,,,,,,,,,,,
,,,,,728444,001,2024-06-06_15h05.43.314,mathesisv2,2024.1.3,MacIntel,71.42857143,,,,,,,,,,,,,,,,,e,,,,,,,,,,,,,,,,,,,,,,,,,,,,,,,,,,,,,,,,,,,,,,,,,,,,,,,,,,,,,,,563.031,564.214,e,1.171,,1,3,10,1,1,stimuliTAFCfirst/nimnym002.wav,,,,,,,,,,,,,
,,,,,728444,001,2024-06-06_15h05.43.314,mathesisv2,2024.1.3,MacIntel,71.42857143,,,,,,,,,,,,,,,,,y,,,,,,,,,,,,,,,,,,,,,,,,,,,,,,,,,,,,,,,,,,,,,,,,,,,,,,,,,,,,,,,564.214,565.364,y,1.134,,1,4,11,5,1,stimuliTAFCfirst/nimnym006.wav,,,,,,,,,,,,,
,,,,,728444,001,2024-06-06_15h05.43.314,mathesisv2,2024.1.3,MacIntel,71.42857143,,,,,,,,,,,,,,,,,y,,,,,,,,,,,,,,,,,,,,,,,,,,,,,,,,,,,,,,,,,,,,,,,,,,,,,,,,,,,,,,,565.364,566.597,y,1.217,,1,5,12,4,1,stimuliTAFCfirst/nimnym005.wav,,,,,,,,,,,,,
,,,,,728444,001,2024-06-06_15h05.43.314,mathesisv2,2024.1.3,MacIntel,71.42857143,,,,,,,,,,,,,,,,,e,,,,,,,,,,,,,,,,,,,,,,,,,,,,,,,,,,,,,,,,,,,,,,,,,,,,,,,,,,,,,,,566.598,567.83,e,1.222,,1,6,13,2,1,stimuliTAFCfirst/nimnym003.wav,,,,,,,,,,,,,
,,,,,728444,001,2024-06-06_15h05.43.314,mathesisv2,2024.1.3,MacIntel,71.42857143,,,,,,,,,,,,,,,,,y,567.831,569.397,space,1.552,,,,,,,,,,,,,,,,,,,,,,,,,,,,,,,,,,,,,,,,,,,,,,,,,,,,,,,,,,,,,,,,,,,,,,569.401,573.997,y,4.589,,0,0,0,6,1,stimuliTAFCsec/numnym007.wav,,
,,,,,728444,001,2024-06-06_15h05.43.314,mathesisv2,2024.1.3,MacIntel,71.42857143,,,,,,,,,,,,,,,,,u,,,,,,,,,,,,,,,,,,,,,,,,,,,,,,,,,,,,,,,,,,,,,,,,,,,,,,,,,,,,,,,,,,,,,,,,,,573.997,575.23,u,1.225,,0,1,1,0,1,stimuliTAFCsec/numnym001.wav,,
,,,,,728444,001,2024-06-06_15h05.43.314,mathesisv2,2024.1.3,MacIntel,71.42857143,,,,,,,,,,,,,,,,,x,,,,,,,,,,,,,,,,,,,,,,,,,,,,,,,,,,,,,,,,,,,,,,,,,,,,,,,,,,,,,,,,,,,,,,,,,,575.231,576.381,y,1.135,,0,2,2,3,1,stimuliTAFCsec/numnym004.wav,,
,,,,,728444,001,2024-06-06_15h05.43.314,mathesisv2,2024.1.3,MacIntel,71.42857143,,,,,,,,,,,,,,,,,u,,,,,,,,,,,,,,,,,,,,,,,,,,,,,,,,,,,,,,,,,,,,,,,,,,,,,,,,,,,,,,,,,,,,,,,,,,576.381,577.497,y,1.106,,0,3,3,2,1,stimuliTAFCsec/numnym003.wav,,
,,,,,728444,001,2024-06-06_15h05.43.314,mathesisv2,2024.1.3,MacIntel,71.42857143,,,,,,,,,,,,,,,,,y,,,,,,,,,,,,,,,,,,,,,,,,,,,,,,,,,,,,,,,,,,,,,,,,,,,,,,,,,,,,,,,,,,,,,,,,,,577.497,581.097,y,3.587,,0,4,4,5,1,stimuliTAFCsec/numnym006.wav,,
,,,,,728444,001,2024-06-06_15h05.43.314,mathesisv2,2024.1.3,MacIntel,71.42857143,,,,,,,,,,,,,,,,,u,,,,,,,,,,,,,,,,,,,,,,,,,,,,,,,,,,,,,,,,,,,,,,,,,,,,,,,,,,,,,,,,,,,,,,,,,,581.097,583.365,u,2.252,,0,5,5,1,1,stimuliTAFCsec/numnym002.wav,,
,,,,,728444,001,2024-06-06_15h05.43.314,mathesisv2,2024.1.3,MacIntel,71.42857143,,,,,,,,,,,,,,,,,y,,,,,,,,,,,,,,,,,,,,,,,,,,,,,,,,,,,,,,,,,,,,,,,,,,,,,,,,,,,,,,,,,,,,,,,,,,583.366,584.63,y,1.254,,0,6,6,4,1,stimuliTAFCsec/numnym005.wav,,
,,,,,728444,001,2024-06-06_15h05.43.314,mathesisv2,2024.1.3,MacIntel,71.42857143,,,,,,,,,,,,,,,,,y,,,,,,,,,,,,,,,,,,,,,,,,,,,,,,,,,,,,,,,,,,,,,,,,,,,,,,,,,,,,,,,,,,,,,,,,,,584.631,585.864,y,1.225,,1,0,7,6,1,stimuliTAFCsec/numnym007.wav,,
,,,,,728444,001,2024-06-06_15h05.43.314,mathesisv2,2024.1.3,MacIntel,71.42857143,,,,,,,,,,,,,,,,,x,,,,,,,,,,,,,,,,,,,,,,,,,,,,,,,,,,,,,,,,,,,,,,,,,,,,,,,,,,,,,,,,,,,,,,,,,,585.865,587.281,y,1.402,,1,1,8,3,1,stimuliTAFCsec/numnym004.wav,,
,,,,,728444,001,2024-06-06_15h05.43.314,mathesisv2,2024.1.3,MacIntel,71.42857143,,,,,,,,,,,,,,,,,u,,,,,,,,,,,,,,,,,,,,,,,,,,,,,,,,,,,,,,,,,,,,,,,,,,,,,,,,,,,,,,,,,,,,,,,,,,587.281,588.914,u,1.619,,1,2,9,1,1,stimuliTAFCsec/numnym002.wav,,
,,,,,728444,001,2024-06-06_15h05.43.314,mathesisv2,2024.1.3,MacIntel,71.42857143,,,,,,,,,,,,,,,,,u,,,,,,,,,,,,,,,,,,,,,,,,,,,,,,,,,,,,,,,,,,,,,,,,,,,,,,,,,,,,,,,,,,,,,,,,,,588.915,590.397,u,1.469,,1,3,10,2,1,stimuliTAFCsec/numnym003.wav,,
,,,,,728444,001,2024-06-06_15h05.43.314,mathesisv2,2024.1.3,MacIntel,71.42857143,,,,,,,,,,,,,,,,,u,,,,,,,,,,,,,,,,,,,,,,,,,,,,,,,,,,,,,,,,,,,,,,,,,,,,,,,,,,,,,,,,,,,,,,,,,,590.398,592.713,u,2.301,,1,4,11,0,1,stimuliTAFCsec/numnym001.wav,,
,,,,,728444,001,2024-06-06_15h05.43.314,mathesisv2,2024.1.3,MacIntel,71.42857143,,,,,,,,,,,,,,,,,y,,,,,,,,,,,,,,,,,,,,,,,,,,,,,,,,,,,,,,,,,,,,,,,,,,,,,,,,,,,,,,,,,,,,,,,,,,592.713,593.998,y,1.27,,1,5,12,4,1,stimuliTAFCsec/numnym005.wav,,
,,,,,728444,001,2024-06-06_15h05.43.314,mathesisv2,2024.1.3,MacIntel,71.42857143,,,,,,,,,,,,,,,,,y,,,,,,,,,,,,,,,,,,,,,,,,,,,,,,,,,,,,,,,,,,,,,,,,,,,,,,,,,,,,,,,,,,,,,,,,,,593.998,595.648,y,1.634,,1,6,13,5,1,stimuliTAFCsec/numnym006.wav,,
,,,,,728444,001,2024-06-06_15h05.43.314,mathesisv2,2024.1.3,MacIntel,71.42857143,,,,,,,,,,,,,,,,,y,,,,,,,,,,,,,,,,,,,,,,,,,,595.648,596.597,space,0.938,,,,,,,,,,,,,,,,,,,,,,,,,,,,,,,,,,596.602,599.931,y,3.317,,0,0,0,4,1,stimuliTAFCfirst/nimnym005.wav,,,,,,,,,,,,,
,,,,,728444,001,2024-06-06_15h05.43.314,mathesisv2,2024.1.3,MacIntel,71.42857143,,,,,,,,,,,,,,,,,x,,,,,,,,,,,,,,,,,,,,,,,,,,,,,,,,,,,,,,,,,,,,,,,,,,,,,,,,,,,,,,,599.931,600.981,y,1.043,,0,1,1,3,1,stimuliTAFCfirst/nimnym004.wav,,,,,,,,,,,,,
,,,,,728444,001,2024-06-06_15h05.43.314,mathesisv2,2024.1.3,MacIntel,71.42857143,,,,,,,,,,,,,,,,,e,,,,,,,,,,,,,,,,,,,,,,,,,,,,,,,,,,,,,,,,,,,,,,,,,,,,,,,,,,,,,,,600.982,602.131,e,1.135,,0,2,2,2,1,stimuliTAFCfirst/nimnym003.wav,,,,,,,,,,,,,
,,,,,728444,001,2024-06-06_15h05.43.314,mathesisv2,2024.1.3,MacIntel,71.42857143,,,,,,,,,,,,,,,,,e,,,,,,,,,,,,,,,,,,,,,,,,,,,,,,,,,,,,,,,,,,,,,,,,,,,,,,,,,,,,,,,602.132,603.331,e,1.185,,0,3,3,0,1,stimuliTAFCfirst/nimnym001.wav,,,,,,,,,,,,,
,,,,,728444,001,2024-06-06_15h05.43.314,mathesisv2,2024.1.3,MacIntel,71.42857143,,,,,,,,,,,,,,,,,y,,,,,,,,,,,,,,,,,,,,,,,,,,,,,,,,,,,,,,,,,,,,,,,,,,,,,,,,,,,,,,,603.331,604.532,y,1.194,,0,4,4,5,1,stimuliTAFCfirst/nimnym006.wav,,,,,,,,,,,,,
,,,,,728444,001,2024-06-06_15h05.43.314,mathesisv2,2024.1.3,MacIntel,71.42857143,,,,,,,,,,,,,,,,,e,,,,,,,,,,,,,,,,,,,,,,,,,,,,,,,,,,,,,,,,,,,,,,,,,,,,,,,,,,,,,,,604.533,606.281,e,1.739,,0,5,5,1,1,stimuliTAFCfirst/nimnym002.wav,,,,,,,,,,,,,
,,,,,728444,001,2024-06-06_15h05.43.314,mathesisv2,2024.1.3,MacIntel,71.42857143,,,,,,,,,,,,,,,,,y,,,,,,,,,,,,,,,,,,,,,,,,,,,,,,,,,,,,,,,,,,,,,,,,,,,,,,,,,,,,,,,606.282,607.431,y,1.135,,0,6,6,6,1,stimuliTAFCfirst/nimnym007.wav,,,,,,,,,,,,,
,,,,,728444,001,2024-06-06_15h05.43.314,mathesisv2,2024.1.3,MacIntel,71.42857143,,,,,,,,,,,,,,,,,y,,,,,,,,,,,,,,,,,,,,,,,,,,,,,,,,,,,,,,,,,,,,,,,,,,,,,,,,,,,,,,,607.431,608.915,y,1.47,,1,0,7,4,1,stimuliTAFCfirst/nimnym005.wav,,,,,,,,,,,,,
,,,,,728444,001,2024-06-06_15h05.43.314,mathesisv2,2024.1.3,MacIntel,71.42857143,,,,,,,,,,,,,,,,,e,,,,,,,,,,,,,,,,,,,,,,,,,,,,,,,,,,,,,,,,,,,,,,,,,,,,,,,,,,,,,,,608.916,610.182,e,1.251,,1,1,8,2,1,stimuliTAFCfirst/nimnym003.wav,,,,,,,,,,,,,
,,,,,728444,001,2024-06-06_15h05.43.314,mathesisv2,2024.1.3,MacIntel,71.42857143,,,,,,,,,,,,,,,,,e,,,,,,,,,,,,,,,,,,,,,,,,,,,,,,,,,,,,,,,,,,,,,,,,,,,,,,,,,,,,,,,610.183,611.448,e,1.253,,1,2,9,1,1,stimuliTAFCfirst/nimnym002.wav,,,,,,,,,,,,,
,,,,,728444,001,2024-06-06_15h05.43.314,mathesisv2,2024.1.3,MacIntel,71.42857143,,,,,,,,,,,,,,,,,x,,,,,,,,,,,,,,,,,,,,,,,,,,,,,,,,,,,,,,,,,,,,,,,,,,,,,,,,,,,,,,,611.448,612.748,e,1.287,,1,3,10,3,1,stimuliTAFCfirst/nimnym004.wav,,,,,,,,,,,,,
,,,,,728444,001,2024-06-06_15h05.43.314,mathesisv2,2024.1.3,MacIntel,71.42857143,,,,,,,,,,,,,,,,,e,,,,,,,,,,,,,,,,,,,,,,,,,,,,,,,,,,,,,,,,,,,,,,,,,,,,,,,,,,,,,,,612.749,614.248,e,1.486,,1,4,11,0,1,stimuliTAFCfirst/nimnym001.wav,,,,,,,,,,,,,
,,,,,728444,001,2024-06-06_15h05.43.314,mathesisv2,2024.1.3,MacIntel,71.42857143,,,,,,,,,,,,,,,,,y,,,,,,,,,,,,,,,,,,,,,,,,,,,,,,,,,,,,,,,,,,,,,,,,,,,,,,,,,,,,,,,614.249,615.331,y,1.069,,1,5,12,5,1,stimuliTAFCfirst/nimnym006.wav,,,,,,,,,,,,,
,,,,,728444,001,2024-06-06_15h05.43.314,mathesisv2,2024.1.3,MacIntel,71.42857143,,,,,,,,,,,,,,,,,y,,,,,,,,,,,,,,,,,,,,,,,,,,,,,,,,,,,,,,,,,,,,,,,,,,,,,,,,,,,,,,,615.331,617.682,y,2.337,,1,6,13,6,1,stimuliTAFCfirst/nimnym007.wav,,,,,,,,,,,,,
,,,,,728444,001,2024-06-06_15h05.43.314,mathesisv2,2024.1.3,MacIntel,71.42857143,,,,,,,,,,,,,,,,,y,617.682,618.665,space,0.968,,,,,,,,,,,,,,,,,,,,,,,,,,,,,,,,,,,,,,,,,,,,,,,,,,,,,,,,,,,,,,,,,,,,,,618.671,622.765,y,4.088,,0,0,0,6,1,stimuliTAFCsec/numnym007.wav,,
,,,,,728444,001,2024-06-06_15h05.43.314,mathesisv2,2024.1.3,MacIntel,71.42857143,,,,,,,,,,,,,,,,,y,,,,,,,,,,,,,,,,,,,,,,,,,,,,,,,,,,,,,,,,,,,,,,,,,,,,,,,,,,,,,,,,,,,,,,,,,,622.766,624.148,u,1.369,,0,1,1,4,1,stimuliTAFCsec/numnym005.wav,,
,,,,,728444,001,2024-06-06_15h05.43.314,mathesisv2,2024.1.3,MacIntel,71.42857143,,,,,,,,,,,,,,,,,u,,,,,,,,,,,,,,,,,,,,,,,,,,,,,,,,,,,,,,,,,,,,,,,,,,,,,,,,,,,,,,,,,,,,,,,,,,624.148,625.548,y,1.384,,0,2,2,2,1,stimuliTAFCsec/numnym003.wav,,
,,,,,728444,001,2024-06-06_15h05.43.314,mathesisv2,2024.1.3,MacIntel,71.42857143,,,,,,,,,,,,,,,,,y,,,,,,,,,,,,,,,,,,,,,,,,,,,,,,,,,,,,,,,,,,,,,,,,,,,,,,,,,,,,,,,,,,,,,,,,,,625.548,626.882,u,1.321,,0,3,3,5,1,stimuliTAFCsec/numnym006.wav,,
,,,,,728444,001,2024-06-06_15h05.43.314,mathesisv2,2024.1.3,MacIntel,71.42857143,,,,,,,,,,,,,,,,,x,,,,,,,,,,,,,,,,,,,,,,,,,,,,,,,,,,,,,,,,,,,,,,,,,,,,,,,,,,,,,,,,,,,,,,,,,,626.883,628.85,u,1.954,,0,4,4,3,1,stimuliTAFCsec/numnym004.wav,,
,,,,,728444,001,2024-06-06_15h05.43.314,mathesisv2,2024.1.3,MacIntel,71.42857143,,,,,,,,,,,,,,,,,u,,,,,,,,,,,,,,,,,,,,,,,,,,,,,,,,,,,,,,,,,,,,,,,,,,,,,,,,,,,,,,,,,,,,,,,,,,628.851,630.032,y,1.175,,0,5,5,0,1,stimuliTAFCsec/numnym001.wav,,
,,,,,728444,001,2024-06-06_15h05.43.314,mathesisv2,2024.1.3,MacIntel,71.42857143,,,,,,,,,,,,,,,,,u,,,,,,,,,,,,,,,,,,,,,,,,,,,,,,,,,,,,,,,,,,,,,,,,,,,,,,,,,,,,,,,,,,,,,,,,,,630.032,631.198,y,1.157,,0,6,6,1,1,stimuliTAFCsec/numnym002.wav,,
,,,,,728444,001,2024-06-06_15h05.43.314,mathesisv2,2024.1.3,MacIntel,71.42857143,,,,,,,,,,,,,,,,,x,,,,,,,,,,,,,,,,,,,,,,,,,,,,,,,,,,,,,,,,,,,,,,,,,,,,,,,,,,,,,,,,,,,,,,,,,,631.199,633.065,u,1.852,,1,0,7,3,1,stimuliTAFCsec/numnym004.wav,,
,,,,,728444,001,2024-06-06_15h05.43.314,mathesisv2,2024.1.3,MacIntel,71.42857143,,,,,,,,,,,,,,,,,y,,,,,,,,,,,,,,,,,,,,,,,,,,,,,,,,,,,,,,,,,,,,,,,,,,,,,,,,,,,,,,,,,,,,,,,,,,633.065,634.349,u,1.27,,1,1,8,6,1,stimuliTAFCsec/numnym007.wav,,
,,,,,728444,001,2024-06-06_15h05.43.314,mathesisv2,2024.1.3,MacIntel,71.42857143,,,,,,,,,,,,,,,,,y,,,,,,,,,,,,,,,,,,,,,,,,,,,,,,,,,,,,,,,,,,,,,,,,,,,,,,,,,,,,,,,,,,,,,,,,,,634.35,636.015,u,1.652,,1,2,9,5,1,stimuliTAFCsec/numnym006.wav,,
,,,,,728444,001,2024-06-06_15h05.43.314,mathesisv2,2024.1.3,MacIntel,71.42857143,,,,,,,,,,,,,,,,,y,,,,,,,,,,,,,,,,,,,,,,,,,,,,,,,,,,,,,,,,,,,,,,,,,,,,,,,,,,,,,,,,,,,,,,,,,,636.016,638.048,y,2.018,,1,3,10,4,1,stimuliTAFCsec/numnym005.wav,,
,,,,,728444,001,2024-06-06_15h05.43.314,mathesisv2,2024.1.3,MacIntel,71.42857143,,,,,,,,,,,,,,,,,u,,,,,,,,,,,,,,,,,,,,,,,,,,,,,,,,,,,,,,,,,,,,,,,,,,,,,,,,,,,,,,,,,,,,,,,,,,638.048,639.849,y,1.785,,1,4,11,0,1,stimuliTAFCsec/numnym001.wav,,
,,,,,728444,001,2024-06-06_15h05.43.314,mathesisv2,2024.1.3,MacIntel,71.42857143,,,,,,,,,,,,,,,,,u,,,,,,,,,,,,,,,,,,,,,,,,,,,,,,,,,,,,,,,,,,,,,,,,,,,,,,,,,,,,,,,,,,,,,,,,,,639.85,641.515,y,1.654,,1,5,12,2,1,stimuliTAFCsec/numnym003.wav,,
,,,,,728444,001,2024-06-06_15h05.43.314,mathesisv2,2024.1.3,MacIntel,71.42857143,,,,,,,,,,,,,,,,,u,,,,,,,,,,,,,,,,,,,,,,,,,,,,,,,,,,,,,,,,,,,,,,,,,,,,,,,,,,,,,,,,,,,,,,,,,,641.516,642.849,y,1.322,,1,6,13,1,1,stimuliTAFCsec/numnym002.wav,,
,,,,,728444,001,2024-06-06_15h05.43.314,mathesisv2,2024.1.3,MacIntel,71.42857143,,,,,,,,,,,,,,,,,e,,,,,,,,,,,,,,,,,,,,,,,,,,642.849,643.966,space,1.099,,,,,,,,,,,,,,,,,,,,,,,,,,,,,,,,,,643.975,646.498,e,2.511,,0,0,0,0,1,stimuliTAFCfirst/nimnym001.wav,,,,,,,,,,,,,
,,,,,728444,001,2024-06-06_15h05.43.314,mathesisv2,2024.1.3,MacIntel,71.42857143,,,,,,,,,,,,,,,,,y,,,,,,,,,,,,,,,,,,,,,,,,,,,,,,,,,,,,,,,,,,,,,,,,,,,,,,,,,,,,,,,646.498,649.349,y,2.842,,0,1,1,5,1,stimuliTAFCfirst/nimnym006.wav,,,,,,,,,,,,,
,,,,,728444,001,2024-06-06_15h05.43.314,mathesisv2,2024.1.3,MacIntel,71.42857143,,,,,,,,,,,,,,,,,x,,,,,,,,,,,,,,,,,,,,,,,,,,,,,,,,,,,,,,,,,,,,,,,,,,,,,,,,,,,,,,,649.349,650.566,y,1.202,,0,2,2,3,1,stimuliTAFCfirst/nimnym004.wav,,,,,,,,,,,,,
,,,,,728444,001,2024-06-06_15h05.43.314,mathesisv2,2024.1.3,MacIntel,71.42857143,,,,,,,,,,,,,,,,,e,,,,,,,,,,,,,,,,,,,,,,,,,,,,,,,,,,,,,,,,,,,,,,,,,,,,,,,,,,,,,,,650.566,651.631,e,1.052,,0,3,3,2,1,stimuliTAFCfirst/nimnym003.wav,,,,,,,,,,,,,
,,,,,728444,001,2024-06-06_15h05.43.314,mathesisv2,2024.1.3,MacIntel,71.42857143,,,,,,,,,,,,,,,,,y,,,,,,,,,,,,,,,,,,,,,,,,,,,,,,,,,,,,,,,,,,,,,,,,,,,,,,,,,,,,,,,651.632,652.682,y,1.042,,0,4,4,6,1,stimuliTAFCfirst/nimnym007.wav,,,,,,,,,,,,,
,,,,,728444,001,2024-06-06_15h05.43.314,mathesisv2,2024.1.3,MacIntel,71.42857143,,,,,,,,,,,,,,,,,e,,,,,,,,,,,,,,,,,,,,,,,,,,,,,,,,,,,,,,,,,,,,,,,,,,,,,,,,,,,,,,,652.683,653.765,e,1.068,,0,5,5,1,1,stimuliTAFCfirst/nimnym002.wav,,,,,,,,,,,,,
,,,,,728444,001,2024-06-06_15h05.43.314,mathesisv2,2024.1.3,MacIntel,71.42857143,,,,,,,,,,,,,,,,,y,,,,,,,,,,,,,,,,,,,,,,,,,,,,,,,,,,,,,,,,,,,,,,,,,,,,,,,,,,,,,,,653.766,654.666,y,0.885,,0,6,6,4,1,stimuliTAFCfirst/nimnym005.wav,,,,,,,,,,,,,
,,,,,728444,001,2024-06-06_15h05.43.314,mathesisv2,2024.1.3,MacIntel,71.42857143,,,,,,,,,,,,,,,,,y,,,,,,,,,,,,,,,,,,,,,,,,,,,,,,,,,,,,,,,,,,,,,,,,,,,,,,,,,,,,,,,654.667,655.499,e,0.818,,1,0,7,5,1,stimuliTAFCfirst/nimnym006.wav,,,,,,,,,,,,,
,,,,,728444,001,2024-06-06_15h05.43.314,mathesisv2,2024.1.3,MacIntel,71.42857143,,,,,,,,,,,,,,,,,e,,,,,,,,,,,,,,,,,,,,,,,,,,,,,,,,,,,,,,,,,,,,,,,,,,,,,,,,,,,,,,,655.5,657.066,e,1.554,,1,1,8,2,1,stimuliTAFCfirst/nimnym003.wav,,,,,,,,,,,,,
,,,,,728444,001,2024-06-06_15h05.43.314,mathesisv2,2024.1.3,MacIntel,71.42857143,,,,,,,,,,,,,,,,,e,,,,,,,,,,,,,,,,,,,,,,,,,,,,,,,,,,,,,,,,,,,,,,,,,,,,,,,,,,,,,,,657.066,658.533,e,1.451,,1,2,9,1,1,stimuliTAFCfirst/nimnym002.wav,,,,,,,,,,,,,
,,,,,728444,001,2024-06-06_15h05.43.314,mathesisv2,2024.1.3,MacIntel,71.42857143,,,,,,,,,,,,,,,,,y,,,,,,,,,,,,,,,,,,,,,,,,,,,,,,,,,,,,,,,,,,,,,,,,,,,,,,,,,,,,,,,658.533,659.933,y,1.383,,1,3,10,4,1,stimuliTAFCfirst/nimnym005.wav,,,,,,,,,,,,,
,,,,,728444,001,2024-06-06_15h05.43.314,mathesisv2,2024.1.3,MacIntel,71.42857143,,,,,,,,,,,,,,,,,x,,,,,,,,,,,,,,,,,,,,,,,,,,,,,,,,,,,,,,,,,,,,,,,,,,,,,,,,,,,,,,,659.933,661.282,y,1.335,,1,4,11,3,1,stimuliTAFCfirst/nimnym004.wav,,,,,,,,,,,,,
,,,,,728444,001,2024-06-06_15h05.43.314,mathesisv2,2024.1.3,MacIntel,71.42857143,,,,,,,,,,,,,,,,,e,,,,,,,,,,,,,,,,,,,,,,,,,,,,,,,,,,,,,,,,,,,,,,,,,,,,,,,,,,,,,,,661.283,662.382,e,1.087,,1,5,12,0,1,stimuliTAFCfirst/nimnym001.wav,,,,,,,,,,,,,
,,,,,728444,001,2024-06-06_15h05.43.314,mathesisv2,2024.1.3,MacIntel,71.42857143,,,,,,,,,,,,,,,,,y,,,,,,,,,,,,,,,,,,,,,,,,,,,,,,,,,,,,,,,,,,,,,,,,,,,,,,,,,,,,,,,662.382,663.516,y,1.118,,1,6,13,6,1,stimuliTAFCfirst/nimnym007.wav,,,,,,,,,,,,,
,,,,,728444,001,2024-06-06_15h05.43.314,mathesisv2,2024.1.3,MacIntel,71.42857143,,,,,,,,,,,,,,,,,y,663.517,664.9,space,1.37,,,,,,,,,,,,,,,,,,,,,,,,,,,,,,,,,,,,,,,,,,,,,,,,,,,,,,,,,,,,,,,,,,,,,,664.921,668.216,u,3.279,,0,0,0,6,1,stimuliTAFCsec/numnym007.wav,,
,,,,,728444,001,2024-06-06_15h05.43.314,mathesisv2,2024.1.3,MacIntel,71.42857143,,,,,,,,,,,,,,,,,x,,,,,,,,,,,,,,,,,,,,,,,,,,,,,,,,,,,,,,,,,,,,,,,,,,,,,,,,,,,,,,,,,,,,,,,,,,668.216,670.666,u,2.435,,0,1,1,3,1,stimuliTAFCsec/numnym004.wav,,
,,,,,728444,001,2024-06-06_15h05.43.314,mathesisv2,2024.1.3,MacIntel,71.42857143,,,,,,,,,,,,,,,,,u,,,,,,,,,,,,,,,,,,,,,,,,,,,,,,,,,,,,,,,,,,,,,,,,,,,,,,,,,,,,,,,,,,,,,,,,,,670.667,671.965,y,1.285,,0,2,2,1,1,stimuliTAFCsec/numnym002.wav,,
,,,,,728444,001,2024-06-06_15h05.43.314,mathesisv2,2024.1.3,MacIntel,71.42857143,,,,,,,,,,,,,,,,,y,,,,,,,,,,,,,,,,,,,,,,,,,,,,,,,,,,,,,,,,,,,,,,,,,,,,,,,,,,,,,,,,,,,,,,,,,,671.965,673.483,u,1.51,,0,3,3,5,1,stimuliTAFCsec/numnym006.wav,,
,,,,,728444,001,2024-06-06_15h05.43.314,mathesisv2,2024.1.3,MacIntel,71.42857143,,,,,,,,,,,,,,,,,u,,,,,,,,,,,,,,,,,,,,,,,,,,,,,,,,,,,,,,,,,,,,,,,,,,,,,,,,,,,,,,,,,,,,,,,,,,673.484,674.6,y,1.099,,0,4,4,2,1,stimuliTAFCsec/numnym003.wav,,
,,,,,728444,001,2024-06-06_15h05.43.314,mathesisv2,2024.1.3,MacIntel,71.42857143,,,,,,,,,,,,,,,,,u,,,,,,,,,,,,,,,,,,,,,,,,,,,,,,,,,,,,,,,,,,,,,,,,,,,,,,,,,,,,,,,,,,,,,,,,,,674.6,675.701,y,1.094,,0,5,5,0,1,stimuliTAFCsec/numnym001.wav,,
,,,,,728444,001,2024-06-06_15h05.43.314,mathesisv2,2024.1.3,MacIntel,71.42857143,,,,,,,,,,,,,,,,,y,,,,,,,,,,,,,,,,,,,,,,,,,,,,,,,,,,,,,,,,,,,,,,,,,,,,,,,,,,,,,,,,,,,,,,,,,,675.701,677.233,u,1.526,,0,6,6,4,1,stimuliTAFCsec/numnym005.wav,,
,,,,,728444,001,2024-06-06_15h05.43.314,mathesisv2,2024.1.3,MacIntel,71.42857143,,,,,,,,,,,,,,,,,x,,,,,,,,,,,,,,,,,,,,,,,,,,,,,,,,,,,,,,,,,,,,,,,,,,,,,,,,,,,,,,,,,,,,,,,,,,677.234,678.866,u,1.626,,1,0,7,3,1,stimuliTAFCsec/numnym004.wav,,
,,,,,728444,001,2024-06-06_15h05.43.314,mathesisv2,2024.1.3,MacIntel,71.42857143,,,,,,,,,,,,,,,,,y,,,,,,,,,,,,,,,,,,,,,,,,,,,,,,,,,,,,,,,,,,,,,,,,,,,,,,,,,,,,,,,,,,,,,,,,,,678.867,680.233,y,1.353,,1,1,8,6,1,stimuliTAFCsec/numnym007.wav,,
,,,,,728444,001,2024-06-06_15h05.43.314,mathesisv2,2024.1.3,MacIntel,71.42857143,,,,,,,,,,,,,,,,,u,,,,,,,,,,,,,,,,,,,,,,,,,,,,,,,,,,,,,,,,,,,,,,,,,,,,,,,,,,,,,,,,,,,,,,,,,,680.234,681.866,u,1.621,,1,2,9,1,1,stimuliTAFCsec/numnym002.wav,,
,,,,,728444,001,2024-06-06_15h05.43.314,mathesisv2,2024.1.3,MacIntel,71.42857143,,,,,,,,,,,,,,,,,y,,,,,,,,,,,,,,,,,,,,,,,,,,,,,,,,,,,,,,,,,,,,,,,,,,,,,,,,,,,,,,,,,,,,,,,,,,681.867,684.233,y,2.35,,1,3,10,4,1,stimuliTAFCsec/numnym005.wav,,
,,,,,728444,001,2024-06-06_15h05.43.314,mathesisv2,2024.1.3,MacIntel,71.42857143,,,,,,,,,,,,,,,,,u,,,,,,,,,,,,,,,,,,,,,,,,,,,,,,,,,,,,,,,,,,,,,,,,,,,,,,,,,,,,,,,,,,,,,,,,,,684.233,685.45,u,1.21,,1,4,11,2,1,stimuliTAFCsec/numnym003.wav,,
,,,,,728444,001,2024-06-06_15h05.43.314,mathesisv2,2024.1.3,MacIntel,71.42857143,,,,,,,,,,,,,,,,,u,,,,,,,,,,,,,,,,,,,,,,,,,,,,,,,,,,,,,,,,,,,,,,,,,,,,,,,,,,,,,,,,,,,,,,,,,,685.45,686.7,u,1.235,,1,5,12,0,1,stimuliTAFCsec/numnym001.wav,,
,,,,,728444,001,2024-06-06_15h05.43.314,mathesisv2,2024.1.3,MacIntel,71.42857143,,,,,,,,,,,,,,,,,y,,,,,,,,,,,,,,,,,,,,,,,,,,,,,,,,,,,,,,,,,,,,,,,,,,,,,,,,,,,,,,,,,,,,,,,,,,686.7,687.75,y,1.036,,1,6,13,5,1,stimuliTAFCsec/numnym006.wav,,
,,,,,728444,001,2024-06-06_15h05.43.314,mathesisv2,2024.1.3,MacIntel,71.42857143,,,,,,,,,,,,,,,,,,,,,,,,,,,,,,,,,,,,,,,,,,,687.75,688.717,space,0.958,,,,,,,,,,,,,,,,,,,,,,,,,,,,,,,,,,,,,,,,,,,,,,,,,,,,,,,,688.726,693.717
