﻿start.started,start.stopped,startkey_resp.keys,startkey_resp.rt,startkey_resp.duration,participant,session,date,expName,psychopyVersion,OS,frameRate,attention.started,attention.stopped,key_resp.keys,key_resp.rt,key_resp.duration,stimuliAXBmix.started,stimuliAXBmix.stopped,stimuliAXBkey_resp.keys,stimuliAXBkey_resp.rt,stimuliAXBkey_resp.duration,stimuliAXBtesttrials.thisRepN,stimuliAXBtesttrials.thisTrialN,stimuliAXBtesttrials.thisN,stimuliAXBtesttrials.thisIndex,stimuliAXBtesttrials.ran,stimuliAXBmix,Correct,attentionsecond.started,attentionsecond.stopped,attentionsecondkey_resp.keys,attentionsecondkey_resp.rt,attentionsecondkey_resp.duration,instAXBreal.started,instAXBreal.stopped,instAXBrealkey_resp.keys,instAXBrealkey_resp.rt,instAXBrealkey_resp.duration,stimuliAXBmixfirst.thisRepN,stimuliAXBmixfirst.thisTrialN,stimuliAXBmixfirst.thisN,stimuliAXBmixfirst.thisIndex,stimuliAXBmixfirst.ran,attentionfirst.started,attentionfirst.stopped,attentionfirstkey_resp.keys,attentionfirstkey_resp.rt,attentionfirstkey_resp.duration,stimuliAXbmixsec.thisRepN,stimuliAXbmixsec.thisTrialN,stimuliAXbmixsec.thisN,stimuliAXbmixsec.thisIndex,stimuliAXbmixsec.ran,kaffeepause.started,kaffeepause.stopped,kaffeepausekey_resp.keys,kaffeepausekey_resp.rt,kaffeepausekey_resp.duration,instTAFCtest.started,instTAFCtest.stopped,instTAFCtestkey_resp.keys,instTAFCtestkey_resp.rt,instTAFCtestkey_resp.duration,testTAFCmixfirst.started,testTAFCmixfirst.stopped,testTAFCmixfirstkey_resp.keys,testTAFCmixfirstkey_resp.rt,testTAFCmixfirstkey_resp.duration,testTAFCmixfirsttrials.thisRepN,testTAFCmixfirsttrials.thisTrialN,testTAFCmixfirsttrials.thisN,testTAFCmixfirsttrials.thisIndex,testTAFCmixfirsttrials.ran,testTAFCmixfirst,testTAFCmixsec.started,testTAFCmixsec.stopped,testTAFCmixseckey_resp.keys,testTAFCmixseckey_resp.rt,testTAFCmixseckey_resp.duration,testTAFCmixsectrials.thisRepN,testTAFCmixsectrials.thisTrialN,testTAFCmixsectrials.thisN,testTAFCmixsectrials.thisIndex,testTAFCmixsectrials.ran,testTAFCmixsec,instTAFCreal.started,instTAFCreal.stopped,instTAFCrealkey_resp.keys,instTAFCrealkey_resp.rt,instTAFCrealkey_resp.duration,stimuliTAFCfirst.started,stimuliTAFCfirst.stopped,stimuliTAFCfirstkey_resp.keys,stimuliTAFCfirstkey_resp.rt,stimuliTAFCfirstkey_resp.duration,stimuliTAFCfirsttrials.thisRepN,stimuliTAFCfirsttrials.thisTrialN,stimuliTAFCfirsttrials.thisN,stimuliTAFCfirsttrials.thisIndex,stimuliTAFCfirsttrials.ran,stimuliTAFCfirst,stimuliTAFCsec.started,stimuliTAFCsec.stopped,stimuliTAFCseckey_resp.keys,stimuliTAFCseckey_resp.rt,stimuliTAFCseckey_resp.duration,stimuliTAFCsectrials.thisRepN,stimuliTAFCsectrials.thisTrialN,stimuliTAFCsectrials.thisN,stimuliTAFCsectrials.thisIndex,stimuliTAFCsectrials.ran,stimuliTAFCsec,end.started,end.stopped
0.0003,31.926,space,31.8995,,5f7e700665a5f514520a6f80,001,2024-05-24_09h36.07.160,mathesisv2,2024.1.3,Win32,60.60606061,,,,,,,,,,,,,,,,,,,,,,,,,,,,,,,,,,,,,,,,,,,,,,,,,,,,,,,,,,,,,,,,,,,,,,,,,,,,,,,,,,,,,,,,,,,,,,,,,,,,,,,
,,,,,5f7e700665a5f514520a6f80,001,2024-05-24_09h36.07.160,mathesisv2,2024.1.3,Win32,60.60606061,31.9262,43.6328,space,11.6735,,,,,,,,,,,,,,,,,,,,,,,,,,,,,,,,,,,,,,,,,,,,,,,,,,,,,,,,,,,,,,,,,,,,,,,,,,,,,,,,,,,,,,,,,,,,,,,,,,,
,,,,,5f7e700665a5f514520a6f80,001,2024-05-24_09h36.07.160,mathesisv2,2024.1.3,Win32,60.60606061,,,,,,43.6535,55.8397,l,12.1718,,0,0,0,3,1,stimuliAXBmix/yyustimulus.wav,l,,,,,,,,,,,,,,,,,,,,,,,,,,,,,,,,,,,,,,,,,,,,,,,,,,,,,,,,,,,,,,,,,,,,,,,,,,,,,,,,,,,,,,
,,,,,5f7e700665a5f514520a6f80,001,2024-05-24_09h36.07.160,mathesisv2,2024.1.3,Win32,60.60606061,,,,,,55.8475,61.8516,l,5.9983,,0,1,1,0,1,stimuliAXBmix/iiystimulus.wav,l,,,,,,,,,,,,,,,,,,,,,,,,,,,,,,,,,,,,,,,,,,,,,,,,,,,,,,,,,,,,,,,,,,,,,,,,,,,,,,,,,,,,,,
,,,,,5f7e700665a5f514520a6f80,001,2024-05-24_09h36.07.160,mathesisv2,2024.1.3,Win32,60.60606061,,,,,,61.8617,69.4617,f,7.5857,,0,2,2,1,1,stimuliAXBmix/iyystimulus.wav,f,,,,,,,,,,,,,,,,,,,,,,,,,,,,,,,,,,,,,,,,,,,,,,,,,,,,,,,,,,,,,,,,,,,,,,,,,,,,,,,,,,,,,,
,,,,,5f7e700665a5f514520a6f80,001,2024-05-24_09h36.07.160,mathesisv2,2024.1.3,Win32,60.60606061,,,,,,69.4697,74.2244,f,4.7403,,0,3,3,2,1,stimuliAXBmix/yuustimulus.wav,f,,,,,,,,,,,,,,,,,,,,,,,,,,,,,,,,,,,,,,,,,,,,,,,,,,,,,,,,,,,,,,,,,,,,,,,,,,,,,,,,,,,,,,
,,,,,5f7e700665a5f514520a6f80,001,2024-05-24_09h36.07.160,mathesisv2,2024.1.3,Win32,60.60606061,,,,,,,,,,,,,,,,,,74.2326,77.4381,space,3.1884,,,,,,,,,,,,,,,,,,,,,,,,,,,,,,,,,,,,,,,,,,,,,,,,,,,,,,,,,,,,,,,,,,,,,,,,,,,,,,,,,,
,,,,,5f7e700665a5f514520a6f80,001,2024-05-24_09h36.07.160,mathesisv2,2024.1.3,Win32,60.60606061,,,,,,,,,,,,,,,,,,,,,,,77.4382,93.5584,space,16.1015,,,,,,,,,,,,,,,,,,,,,,,,,,,,,,,,,,,,,,,,,,,,,,,,,,,,,,,,,,,,,,,,,,,,,,,,,,,,,
,,,,,5f7e700665a5f514520a6f80,001,2024-05-24_09h36.07.160,mathesisv2,2024.1.3,Win32,60.60606061,,,,,,93.5728,97.5713,l,3.992,,,,,,,stimuliAXBmix/yyustimulus.wav,l,,,,,,,,,,,0,0,0,3,1,,,,,,,,,,,,,,,,,,,,,,,,,,,,,,,,,,,,,,,,,,,,,,,,,,,,,,,,,,,,,,,,,,,,,,,
,,,,,5f7e700665a5f514520a6f80,001,2024-05-24_09h36.07.160,mathesisv2,2024.1.3,Win32,60.60606061,,,,,,97.5795,104.4828,l,6.8887,,,,,,,stimuliAXBmix/iiystimulus.wav,l,,,,,,,,,,,0,1,1,0,1,,,,,,,,,,,,,,,,,,,,,,,,,,,,,,,,,,,,,,,,,,,,,,,,,,,,,,,,,,,,,,,,,,,,,,,
,,,,,5f7e700665a5f514520a6f80,001,2024-05-24_09h36.07.160,mathesisv2,2024.1.3,Win32,60.60606061,,,,,,104.4911,108.8787,f,4.3828,,,,,,,stimuliAXBmix/iyystimulus.wav,f,,,,,,,,,,,0,2,2,1,1,,,,,,,,,,,,,,,,,,,,,,,,,,,,,,,,,,,,,,,,,,,,,,,,,,,,,,,,,,,,,,,,,,,,,,,
,,,,,5f7e700665a5f514520a6f80,001,2024-05-24_09h36.07.160,mathesisv2,2024.1.3,Win32,60.60606061,,,,,,108.8864,113.1424,f,4.2416,,,,,,,stimuliAXBmix/yuustimulus.wav,f,,,,,,,,,,,0,3,3,2,1,,,,,,,,,,,,,,,,,,,,,,,,,,,,,,,,,,,,,,,,,,,,,,,,,,,,,,,,,,,,,,,,,,,,,,,
,,,,,5f7e700665a5f514520a6f80,001,2024-05-24_09h36.07.160,mathesisv2,2024.1.3,Win32,60.60606061,,,,,,113.1507,118.138,f,4.9732,,,,,,,stimuliAXBmix/iyystimulus.wav,f,,,,,,,,,,,1,0,4,1,1,,,,,,,,,,,,,,,,,,,,,,,,,,,,,,,,,,,,,,,,,,,,,,,,,,,,,,,,,,,,,,,,,,,,,,,
,,,,,5f7e700665a5f514520a6f80,001,2024-05-24_09h36.07.160,mathesisv2,2024.1.3,Win32,60.60606061,,,,,,118.146,122.1675,l,4.0111,,,,,,,stimuliAXBmix/yyustimulus.wav,l,,,,,,,,,,,1,1,5,3,1,,,,,,,,,,,,,,,,,,,,,,,,,,,,,,,,,,,,,,,,,,,,,,,,,,,,,,,,,,,,,,,,,,,,,,,
,,,,,5f7e700665a5f514520a6f80,001,2024-05-24_09h36.07.160,mathesisv2,2024.1.3,Win32,60.60606061,,,,,,122.1753,126.265,f,4.0779,,,,,,,stimuliAXBmix/yuustimulus.wav,f,,,,,,,,,,,1,2,6,2,1,,,,,,,,,,,,,,,,,,,,,,,,,,,,,,,,,,,,,,,,,,,,,,,,,,,,,,,,,,,,,,,,,,,,,,,
,,,,,5f7e700665a5f514520a6f80,001,2024-05-24_09h36.07.160,mathesisv2,2024.1.3,Win32,60.60606061,,,,,,126.2729,130.5274,l,4.2407,,,,,,,stimuliAXBmix/iiystimulus.wav,l,,,,,,,,,,,1,3,7,0,1,,,,,,,,,,,,,,,,,,,,,,,,,,,,,,,,,,,,,,,,,,,,,,,,,,,,,,,,,,,,,,,,,,,,,,,
,,,,,5f7e700665a5f514520a6f80,001,2024-05-24_09h36.07.160,mathesisv2,2024.1.3,Win32,60.60606061,,,,,,130.5353,134.4249,f,3.8745,,,,,,,stimuliAXBmix/yuustimulus.wav,f,,,,,,,,,,,2,0,8,2,1,,,,,,,,,,,,,,,,,,,,,,,,,,,,,,,,,,,,,,,,,,,,,,,,,,,,,,,,,,,,,,,,,,,,,,,
,,,,,5f7e700665a5f514520a6f80,001,2024-05-24_09h36.07.160,mathesisv2,2024.1.3,Win32,60.60606061,,,,,,134.4329,138.5877,f,4.1412,,,,,,,stimuliAXBmix/iyystimulus.wav,f,,,,,,,,,,,2,1,9,1,1,,,,,,,,,,,,,,,,,,,,,,,,,,,,,,,,,,,,,,,,,,,,,,,,,,,,,,,,,,,,,,,,,,,,,,,
,,,,,5f7e700665a5f514520a6f80,001,2024-05-24_09h36.07.160,mathesisv2,2024.1.3,Win32,60.60606061,,,,,,138.5957,142.3348,l,3.7312,,,,,,,stimuliAXBmix/yyustimulus.wav,l,,,,,,,,,,,2,2,10,3,1,,,,,,,,,,,,,,,,,,,,,,,,,,,,,,,,,,,,,,,,,,,,,,,,,,,,,,,,,,,,,,,,,,,,,,,
,,,,,5f7e700665a5f514520a6f80,001,2024-05-24_09h36.07.160,mathesisv2,2024.1.3,Win32,60.60606061,,,,,,142.3428,146.4815,l,4.1273,,,,,,,stimuliAXBmix/iiystimulus.wav,l,,,,,,,,,,,2,3,11,0,1,,,,,,,,,,,,,,,,,,,,,,,,,,,,,,,,,,,,,,,,,,,,,,,,,,,,,,,,,,,,,,,,,,,,,,,
,,,,,5f7e700665a5f514520a6f80,001,2024-05-24_09h36.07.160,mathesisv2,2024.1.3,Win32,60.60606061,,,,,,217.7666,222.885,l,5.1134,,,,,,,stimuliAXBmix/iiystimulus.wav,l,,,,,,,,,,,,,,,,146.4821,217.7564,return,71.2573,,0,0,0,0,1,,,,,,,,,,,,,,,,,,,,,,,,,,,,,,,,,,,,,,,,,,,,,,,,,,,,,,,,,,,,,
,,,,,5f7e700665a5f514520a6f80,001,2024-05-24_09h36.07.160,mathesisv2,2024.1.3,Win32,60.60606061,,,,,,222.8931,226.6822,f,3.7782,,,,,,,stimuliAXBmix/yuustimulus.wav,f,,,,,,,,,,,,,,,,,,,,,0,1,1,2,1,,,,,,,,,,,,,,,,,,,,,,,,,,,,,,,,,,,,,,,,,,,,,,,,,,,,,,,,,,,,,
,,,,,5f7e700665a5f514520a6f80,001,2024-05-24_09h36.07.160,mathesisv2,2024.1.3,Win32,60.60606061,,,,,,226.6902,230.5461,f,3.8447,,,,,,,stimuliAXBmix/iyystimulus.wav,f,,,,,,,,,,,,,,,,,,,,,0,2,2,1,1,,,,,,,,,,,,,,,,,,,,,,,,,,,,,,,,,,,,,,,,,,,,,,,,,,,,,,,,,,,,,
,,,,,5f7e700665a5f514520a6f80,001,2024-05-24_09h36.07.160,mathesisv2,2024.1.3,Win32,60.60606061,,,,,,230.5542,234.5256,l,3.9666,,,,,,,stimuliAXBmix/yyustimulus.wav,l,,,,,,,,,,,,,,,,,,,,,0,3,3,3,1,,,,,,,,,,,,,,,,,,,,,,,,,,,,,,,,,,,,,,,,,,,,,,,,,,,,,,,,,,,,,
,,,,,5f7e700665a5f514520a6f80,001,2024-05-24_09h36.07.160,mathesisv2,2024.1.3,Win32,60.60606061,,,,,,234.5334,238.8387,l,4.2915,,,,,,,stimuliAXBmix/yyustimulus.wav,l,,,,,,,,,,,,,,,,,,,,,1,0,4,3,1,,,,,,,,,,,,,,,,,,,,,,,,,,,,,,,,,,,,,,,,,,,,,,,,,,,,,,,,,,,,,
,,,,,5f7e700665a5f514520a6f80,001,2024-05-24_09h36.07.160,mathesisv2,2024.1.3,Win32,60.60606061,,,,,,238.8466,242.9024,f,4.0424,,,,,,,stimuliAXBmix/iyystimulus.wav,f,,,,,,,,,,,,,,,,,,,,,1,1,5,1,1,,,,,,,,,,,,,,,,,,,,,,,,,,,,,,,,,,,,,,,,,,,,,,,,,,,,,,,,,,,,,
,,,,,5f7e700665a5f514520a6f80,001,2024-05-24_09h36.07.160,mathesisv2,2024.1.3,Win32,60.60606061,,,,,,242.9104,247.7651,f,4.8438,,,,,,,stimuliAXBmix/yuustimulus.wav,f,,,,,,,,,,,,,,,,,,,,,1,2,6,2,1,,,,,,,,,,,,,,,,,,,,,,,,,,,,,,,,,,,,,,,,,,,,,,,,,,,,,,,,,,,,,
,,,,,5f7e700665a5f514520a6f80,001,2024-05-24_09h36.07.160,mathesisv2,2024.1.3,Win32,60.60606061,,,,,,247.7734,252.2112,l,4.4234,,,,,,,stimuliAXBmix/iiystimulus.wav,l,,,,,,,,,,,,,,,,,,,,,1,3,7,0,1,,,,,,,,,,,,,,,,,,,,,,,,,,,,,,,,,,,,,,,,,,,,,,,,,,,,,,,,,,,,,
,,,,,5f7e700665a5f514520a6f80,001,2024-05-24_09h36.07.160,mathesisv2,2024.1.3,Win32,60.60606061,,,,,,258.6166,262.2195,f,3.5889,,,,,,,stimuliAXBmix/yuustimulus.wav,f,,,,,,,,,,,0,0,0,2,1,,,,,,,,,,,252.2118,258.6067,space,6.3758,,,,,,,,,,,,,,,,,,,,,,,,,,,,,,,,,,,,,,,,,,,,,,,,,,,,,,,,,
,,,,,5f7e700665a5f514520a6f80,001,2024-05-24_09h36.07.160,mathesisv2,2024.1.3,Win32,60.60606061,,,,,,262.2276,267.016,f,4.7756,,,,,,,stimuliAXBmix/iyystimulus.wav,f,,,,,,,,,,,0,1,1,1,1,,,,,,,,,,,,,,,,,,,,,,,,,,,,,,,,,,,,,,,,,,,,,,,,,,,,,,,,,,,,,,,,,,,,,,,
,,,,,5f7e700665a5f514520a6f80,001,2024-05-24_09h36.07.160,mathesisv2,2024.1.3,Win32,60.60606061,,,,,,267.024,271.4454,l,4.4073,,,,,,,stimuliAXBmix/iiystimulus.wav,l,,,,,,,,,,,0,2,2,0,1,,,,,,,,,,,,,,,,,,,,,,,,,,,,,,,,,,,,,,,,,,,,,,,,,,,,,,,,,,,,,,,,,,,,,,,
,,,,,5f7e700665a5f514520a6f80,001,2024-05-24_09h36.07.160,mathesisv2,2024.1.3,Win32,60.60606061,,,,,,271.4534,275.2088,l,3.7414,,,,,,,stimuliAXBmix/yyustimulus.wav,l,,,,,,,,,,,0,3,3,3,1,,,,,,,,,,,,,,,,,,,,,,,,,,,,,,,,,,,,,,,,,,,,,,,,,,,,,,,,,,,,,,,,,,,,,,,
,,,,,5f7e700665a5f514520a6f80,001,2024-05-24_09h36.07.160,mathesisv2,2024.1.3,Win32,60.60606061,,,,,,275.2167,279.1725,f,3.9441,,,,,,,stimuliAXBmix/iyystimulus.wav,f,,,,,,,,,,,1,0,4,1,1,,,,,,,,,,,,,,,,,,,,,,,,,,,,,,,,,,,,,,,,,,,,,,,,,,,,,,,,,,,,,,,,,,,,,,,
,,,,,5f7e700665a5f514520a6f80,001,2024-05-24_09h36.07.160,mathesisv2,2024.1.3,Win32,60.60606061,,,,,,279.1804,283.6519,l,4.4655,,,,,,,stimuliAXBmix/iiystimulus.wav,l,,,,,,,,,,,1,1,5,0,1,,,,,,,,,,,,,,,,,,,,,,,,,,,,,,,,,,,,,,,,,,,,,,,,,,,,,,,,,,,,,,,,,,,,,,,
,,,,,5f7e700665a5f514520a6f80,001,2024-05-24_09h36.07.160,mathesisv2,2024.1.3,Win32,60.60606061,,,,,,283.6598,287.2491,f,3.5759,,,,,,,stimuliAXBmix/yuustimulus.wav,f,,,,,,,,,,,1,2,6,2,1,,,,,,,,,,,,,,,,,,,,,,,,,,,,,,,,,,,,,,,,,,,,,,,,,,,,,,,,,,,,,,,,,,,,,,,
,,,,,5f7e700665a5f514520a6f80,001,2024-05-24_09h36.07.160,mathesisv2,2024.1.3,Win32,60.60606061,,,,,,287.2569,290.5628,l,3.3006,,,,,,,stimuliAXBmix/yyustimulus.wav,l,,,,,,,,,,,1,3,7,3,1,,,,,,,,,,,,,,,,,,,,,,,,,,,,,,,,,,,,,,,,,,,,,,,,,,,,,,,,,,,,,,,,,,,,,,,
,,,,,5f7e700665a5f514520a6f80,001,2024-05-24_09h36.07.160,mathesisv2,2024.1.3,Win32,60.60606061,,,,,,290.5707,294.2269,l,3.6438,,,,,,,stimuliAXBmix/iiystimulus.wav,l,,,,,,,,,,,2,0,8,0,1,,,,,,,,,,,,,,,,,,,,,,,,,,,,,,,,,,,,,,,,,,,,,,,,,,,,,,,,,,,,,,,,,,,,,,,
,,,,,5f7e700665a5f514520a6f80,001,2024-05-24_09h36.07.160,mathesisv2,2024.1.3,Win32,60.60606061,,,,,,294.2352,297.9401,f,3.6907,,,,,,,stimuliAXBmix/yuustimulus.wav,f,,,,,,,,,,,2,1,9,2,1,,,,,,,,,,,,,,,,,,,,,,,,,,,,,,,,,,,,,,,,,,,,,,,,,,,,,,,,,,,,,,,,,,,,,,,
,,,,,5f7e700665a5f514520a6f80,001,2024-05-24_09h36.07.160,mathesisv2,2024.1.3,Win32,60.60606061,,,,,,297.9479,301.8702,l,3.9155,,,,,,,stimuliAXBmix/yyustimulus.wav,l,,,,,,,,,,,2,2,10,3,1,,,,,,,,,,,,,,,,,,,,,,,,,,,,,,,,,,,,,,,,,,,,,,,,,,,,,,,,,,,,,,,,,,,,,,,
,,,,,5f7e700665a5f514520a6f80,001,2024-05-24_09h36.07.160,mathesisv2,2024.1.3,Win32,60.60606061,,,,,,301.8782,305.5842,f,3.6918,,,,,,,stimuliAXBmix/iyystimulus.wav,f,,,,,,,,,,,2,3,11,1,1,,,,,,,,,,,,,,,,,,,,,,,,,,,,,,,,,,,,,,,,,,,,,,,,,,,,,,,,,,,,,,,,,,,,,,,
,,,,,5f7e700665a5f514520a6f80,001,2024-05-24_09h36.07.160,mathesisv2,2024.1.3,Win32,60.60606061,,,,,,308.5249,312.2784,f,3.7395,,,,,,,stimuliAXBmix/iyystimulus.wav,f,,,,,,,,,,,,,,,,305.5844,308.5153,return,2.9191,,0,0,0,1,1,,,,,,,,,,,,,,,,,,,,,,,,,,,,,,,,,,,,,,,,,,,,,,,,,,,,,,,,,,,,,
,,,,,5f7e700665a5f514520a6f80,001,2024-05-24_09h36.07.160,mathesisv2,2024.1.3,Win32,60.60606061,,,,,,312.2866,315.8924,l,3.5928,,,,,,,stimuliAXBmix/iiystimulus.wav,l,,,,,,,,,,,,,,,,,,,,,0,1,1,0,1,,,,,,,,,,,,,,,,,,,,,,,,,,,,,,,,,,,,,,,,,,,,,,,,,,,,,,,,,,,,,
,,,,,5f7e700665a5f514520a6f80,001,2024-05-24_09h36.07.160,mathesisv2,2024.1.3,Win32,60.60606061,,,,,,315.9003,321.371,f,5.4568,,,,,,,stimuliAXBmix/yuustimulus.wav,f,,,,,,,,,,,,,,,,,,,,,0,2,2,2,1,,,,,,,,,,,,,,,,,,,,,,,,,,,,,,,,,,,,,,,,,,,,,,,,,,,,,,,,,,,,,
,,,,,5f7e700665a5f514520a6f80,001,2024-05-24_09h36.07.160,mathesisv2,2024.1.3,Win32,60.60606061,,,,,,321.379,325.7508,l,4.3581,,,,,,,stimuliAXBmix/yyustimulus.wav,l,,,,,,,,,,,,,,,,,,,,,0,3,3,3,1,,,,,,,,,,,,,,,,,,,,,,,,,,,,,,,,,,,,,,,,,,,,,,,,,,,,,,,,,,,,,
,,,,,5f7e700665a5f514520a6f80,001,2024-05-24_09h36.07.160,mathesisv2,2024.1.3,Win32,60.60606061,,,,,,325.7586,330.1803,l,4.4129,,,,,,,stimuliAXBmix/yyustimulus.wav,l,,,,,,,,,,,,,,,,,,,,,1,0,4,3,1,,,,,,,,,,,,,,,,,,,,,,,,,,,,,,,,,,,,,,,,,,,,,,,,,,,,,,,,,,,,,
,,,,,5f7e700665a5f514520a6f80,001,2024-05-24_09h36.07.160,mathesisv2,2024.1.3,Win32,60.60606061,,,,,,330.1882,333.8107,f,3.6087,,,,,,,stimuliAXBmix/yuustimulus.wav,f,,,,,,,,,,,,,,,,,,,,,1,1,5,2,1,,,,,,,,,,,,,,,,,,,,,,,,,,,,,,,,,,,,,,,,,,,,,,,,,,,,,,,,,,,,,
,,,,,5f7e700665a5f514520a6f80,001,2024-05-24_09h36.07.160,mathesisv2,2024.1.3,Win32,60.60606061,,,,,,333.811,337.8907,l,4.0677,,,,,,,stimuliAXBmix/iiystimulus.wav,l,,,,,,,,,,,,,,,,,,,,,1,2,6,0,1,,,,,,,,,,,,,,,,,,,,,,,,,,,,,,,,,,,,,,,,,,,,,,,,,,,,,,,,,,,,,
,,,,,5f7e700665a5f514520a6f80,001,2024-05-24_09h36.07.160,mathesisv2,2024.1.3,Win32,60.60606061,,,,,,337.8987,341.7878,f,3.8816,,,,,,,stimuliAXBmix/iyystimulus.wav,f,,,,,,,,,,,,,,,,,,,,,1,3,7,1,1,,,,,,,,,,,,,,,,,,,,,,,,,,,,,,,,,,,,,,,,,,,,,,,,,,,,,,,,,,,,,
,,,,,5f7e700665a5f514520a6f80,001,2024-05-24_09h36.07.160,mathesisv2,2024.1.3,Win32,60.60606061,,,,,,345.8279,349.5313,f,3.6901,,,,,,,stimuliAXBmix/iyystimulus.wav,f,,,,,,,,,,,0,0,0,1,1,,,,,,,,,,,341.7879,345.8181,space,4.0207,,,,,,,,,,,,,,,,,,,,,,,,,,,,,,,,,,,,,,,,,,,,,,,,,,,,,,,,,
,,,,,5f7e700665a5f514520a6f80,001,2024-05-24_09h36.07.160,mathesisv2,2024.1.3,Win32,60.60606061,,,,,,349.5393,354.1776,l,4.6237,,,,,,,stimuliAXBmix/yyustimulus.wav,l,,,,,,,,,,,0,1,1,3,1,,,,,,,,,,,,,,,,,,,,,,,,,,,,,,,,,,,,,,,,,,,,,,,,,,,,,,,,,,,,,,,,,,,,,,,
,,,,,5f7e700665a5f514520a6f80,001,2024-05-24_09h36.07.160,mathesisv2,2024.1.3,Win32,60.60606061,,,,,,354.1856,358.49,l,4.2961,,,,,,,stimuliAXBmix/iiystimulus.wav,l,,,,,,,,,,,0,2,2,0,1,,,,,,,,,,,,,,,,,,,,,,,,,,,,,,,,,,,,,,,,,,,,,,,,,,,,,,,,,,,,,,,,,,,,,,,
,,,,,5f7e700665a5f514520a6f80,001,2024-05-24_09h36.07.160,mathesisv2,2024.1.3,Win32,60.60606061,,,,,,358.4981,362.1038,f,3.5923,,,,,,,stimuliAXBmix/yuustimulus.wav,f,,,,,,,,,,,0,3,3,2,1,,,,,,,,,,,,,,,,,,,,,,,,,,,,,,,,,,,,,,,,,,,,,,,,,,,,,,,,,,,,,,,,,,,,,,,
,,,,,5f7e700665a5f514520a6f80,001,2024-05-24_09h36.07.160,mathesisv2,2024.1.3,Win32,60.60606061,,,,,,362.1118,366.4675,l,4.3412,,,,,,,stimuliAXBmix/iiystimulus.wav,l,,,,,,,,,,,1,0,4,0,1,,,,,,,,,,,,,,,,,,,,,,,,,,,,,,,,,,,,,,,,,,,,,,,,,,,,,,,,,,,,,,,,,,,,,,,
,,,,,5f7e700665a5f514520a6f80,001,2024-05-24_09h36.07.160,mathesisv2,2024.1.3,Win32,60.60606061,,,,,,366.4755,371.9128,l,5.4324,,,,,,,stimuliAXBmix/yyustimulus.wav,l,,,,,,,,,,,1,1,5,3,1,,,,,,,,,,,,,,,,,,,,,,,,,,,,,,,,,,,,,,,,,,,,,,,,,,,,,,,,,,,,,,,,,,,,,,,
,,,,,5f7e700665a5f514520a6f80,001,2024-05-24_09h36.07.160,mathesisv2,2024.1.3,Win32,60.60606061,,,,,,371.9206,376.2595,f,4.3294,,,,,,,stimuliAXBmix/iyystimulus.wav,f,,,,,,,,,,,1,2,6,1,1,,,,,,,,,,,,,,,,,,,,,,,,,,,,,,,,,,,,,,,,,,,,,,,,,,,,,,,,,,,,,,,,,,,,,,,
,,,,,5f7e700665a5f514520a6f80,001,2024-05-24_09h36.07.160,mathesisv2,2024.1.3,Win32,60.60606061,,,,,,376.2676,380.0727,f,3.7915,,,,,,,stimuliAXBmix/yuustimulus.wav,f,,,,,,,,,,,1,3,7,2,1,,,,,,,,,,,,,,,,,,,,,,,,,,,,,,,,,,,,,,,,,,,,,,,,,,,,,,,,,,,,,,,,,,,,,,,
,,,,,5f7e700665a5f514520a6f80,001,2024-05-24_09h36.07.160,mathesisv2,2024.1.3,Win32,60.60606061,,,,,,380.0807,383.853,f,3.759,,,,,,,stimuliAXBmix/iyystimulus.wav,f,,,,,,,,,,,2,0,8,1,1,,,,,,,,,,,,,,,,,,,,,,,,,,,,,,,,,,,,,,,,,,,,,,,,,,,,,,,,,,,,,,,,,,,,,,,
,,,,,5f7e700665a5f514520a6f80,001,2024-05-24_09h36.07.160,mathesisv2,2024.1.3,Win32,60.60606061,,,,,,383.8533,388.0996,l,4.2307,,,,,,,stimuliAXBmix/yyustimulus.wav,l,,,,,,,,,,,2,1,9,3,1,,,,,,,,,,,,,,,,,,,,,,,,,,,,,,,,,,,,,,,,,,,,,,,,,,,,,,,,,,,,,,,,,,,,,,,
,,,,,5f7e700665a5f514520a6f80,001,2024-05-24_09h36.07.160,mathesisv2,2024.1.3,Win32,60.60606061,,,,,,388.1076,392.1126,l,3.9955,,,,,,,stimuliAXBmix/iiystimulus.wav,l,,,,,,,,,,,2,2,10,0,1,,,,,,,,,,,,,,,,,,,,,,,,,,,,,,,,,,,,,,,,,,,,,,,,,,,,,,,,,,,,,,,,,,,,,,,
,,,,,5f7e700665a5f514520a6f80,001,2024-05-24_09h36.07.160,mathesisv2,2024.1.3,Win32,60.60606061,,,,,,392.1205,395.4272,f,3.2944,,,,,,,stimuliAXBmix/yuustimulus.wav,f,,,,,,,,,,,2,3,11,2,1,,,,,,,,,,,,,,,,,,,,,,,,,,,,,,,,,,,,,,,,,,,,,,,,,,,,,,,,,,,,,,,,,,,,,,,
,,,,,5f7e700665a5f514520a6f80,001,2024-05-24_09h36.07.160,mathesisv2,2024.1.3,Win32,60.60606061,,,,,,398.9665,402.421,l,3.44,,,,,,,stimuliAXBmix/iiystimulus.wav,l,,,,,,,,,,,,,,,,395.4273,398.957,return,3.5216,,0,0,0,0,1,,,,,,,,,,,,,,,,,,,,,,,,,,,,,,,,,,,,,,,,,,,,,,,,,,,,,,,,,,,,,
,,,,,5f7e700665a5f514520a6f80,001,2024-05-24_09h36.07.160,mathesisv2,2024.1.3,Win32,60.60606061,,,,,,402.429,405.5682,f,3.125,,,,,,,stimuliAXBmix/yuustimulus.wav,f,,,,,,,,,,,,,,,,,,,,,0,1,1,2,1,,,,,,,,,,,,,,,,,,,,,,,,,,,,,,,,,,,,,,,,,,,,,,,,,,,,,,,,,,,,,
,,,,,5f7e700665a5f514520a6f80,001,2024-05-24_09h36.07.160,mathesisv2,2024.1.3,Win32,60.60606061,,,,,,405.5685,408.8657,f,3.2895,,,,,,,stimuliAXBmix/iyystimulus.wav,f,,,,,,,,,,,,,,,,,,,,,0,2,2,1,1,,,,,,,,,,,,,,,,,,,,,,,,,,,,,,,,,,,,,,,,,,,,,,,,,,,,,,,,,,,,,
,,,,,5f7e700665a5f514520a6f80,001,2024-05-24_09h36.07.160,mathesisv2,2024.1.3,Win32,60.60606061,,,,,,408.8737,412.7627,l,3.8845,,,,,,,stimuliAXBmix/yyustimulus.wav,l,,,,,,,,,,,,,,,,,,,,,0,3,3,3,1,,,,,,,,,,,,,,,,,,,,,,,,,,,,,,,,,,,,,,,,,,,,,,,,,,,,,,,,,,,,,
,,,,,5f7e700665a5f514520a6f80,001,2024-05-24_09h36.07.160,mathesisv2,2024.1.3,Win32,60.60606061,,,,,,412.7706,416.1265,f,3.3421,,,,,,,stimuliAXBmix/iyystimulus.wav,f,,,,,,,,,,,,,,,,,,,,,1,0,4,1,1,,,,,,,,,,,,,,,,,,,,,,,,,,,,,,,,,,,,,,,,,,,,,,,,,,,,,,,,,,,,,
,,,,,5f7e700665a5f514520a6f80,001,2024-05-24_09h36.07.160,mathesisv2,2024.1.3,Win32,60.60606061,,,,,,416.1345,419.6738,f,3.5345,,,,,,,stimuliAXBmix/yuustimulus.wav,f,,,,,,,,,,,,,,,,,,,,,1,1,5,2,1,,,,,,,,,,,,,,,,,,,,,,,,,,,,,,,,,,,,,,,,,,,,,,,,,,,,,,,,,,,,,
,,,,,5f7e700665a5f514520a6f80,001,2024-05-24_09h36.07.160,mathesisv2,2024.1.3,Win32,60.60606061,,,,,,419.674,423.6372,l,3.9493,,,,,,,stimuliAXBmix/iiystimulus.wav,l,,,,,,,,,,,,,,,,,,,,,1,2,6,0,1,,,,,,,,,,,,,,,,,,,,,,,,,,,,,,,,,,,,,,,,,,,,,,,,,,,,,,,,,,,,,
,,,,,5f7e700665a5f514520a6f80,001,2024-05-24_09h36.07.160,mathesisv2,2024.1.3,Win32,60.60606061,,,,,,423.6453,427.8172,l,4.16,,,,,,,stimuliAXBmix/yyustimulus.wav,l,,,,,,,,,,,,,,,,,,,,,1,3,7,3,1,,,,,,,,,,,,,,,,,,,,,,,,,,,,,,,,,,,,,,,,,,,,,,,,,,,,,,,,,,,,,
,,,,,5f7e700665a5f514520a6f80,001,2024-05-24_09h36.07.160,mathesisv2,2024.1.3,Win32,60.60606061,,,,,,434.8877,438.2252,l,3.3258,,,,,,,stimuliAXBmix/iiystimulus.wav,l,,,,,,,,,,,0,0,0,0,1,,,,,,,,,,,427.8174,434.8778,space,7.0443,,,,,,,,,,,,,,,,,,,,,,,,,,,,,,,,,,,,,,,,,,,,,,,,,,,,,,,,,
,,,,,5f7e700665a5f514520a6f80,001,2024-05-24_09h36.07.160,mathesisv2,2024.1.3,Win32,60.60606061,,,,,,438.2256,442.6215,f,4.3807,,,,,,,stimuliAXBmix/yuustimulus.wav,f,,,,,,,,,,,0,1,1,2,1,,,,,,,,,,,,,,,,,,,,,,,,,,,,,,,,,,,,,,,,,,,,,,,,,,,,,,,,,,,,,,,,,,,,,,,
,,,,,5f7e700665a5f514520a6f80,001,2024-05-24_09h36.07.160,mathesisv2,2024.1.3,Win32,60.60606061,,,,,,442.6295,446.268,l,3.6278,,,,,,,stimuliAXBmix/yyustimulus.wav,l,,,,,,,,,,,0,2,2,3,1,,,,,,,,,,,,,,,,,,,,,,,,,,,,,,,,,,,,,,,,,,,,,,,,,,,,,,,,,,,,,,,,,,,,,,,
,,,,,5f7e700665a5f514520a6f80,001,2024-05-24_09h36.07.160,mathesisv2,2024.1.3,Win32,60.60606061,,,,,,446.276,449.8825,f,3.5976,,,,,,,stimuliAXBmix/iyystimulus.wav,f,,,,,,,,,,,0,3,3,1,1,,,,,,,,,,,,,,,,,,,,,,,,,,,,,,,,,,,,,,,,,,,,,,,,,,,,,,,,,,,,,,,,,,,,,,,
,,,,,5f7e700665a5f514520a6f80,001,2024-05-24_09h36.07.160,mathesisv2,2024.1.3,Win32,60.60606061,,,,,,449.8905,453.213,f,3.3078,,,,,,,stimuliAXBmix/yuustimulus.wav,f,,,,,,,,,,,1,0,4,2,1,,,,,,,,,,,,,,,,,,,,,,,,,,,,,,,,,,,,,,,,,,,,,,,,,,,,,,,,,,,,,,,,,,,,,,,
,,,,,5f7e700665a5f514520a6f80,001,2024-05-24_09h36.07.160,mathesisv2,2024.1.3,Win32,60.60606061,,,,,,453.2221,456.5596,l,3.3238,,,,,,,stimuliAXBmix/yyustimulus.wav,l,,,,,,,,,,,1,1,5,3,1,,,,,,,,,,,,,,,,,,,,,,,,,,,,,,,,,,,,,,,,,,,,,,,,,,,,,,,,,,,,,,,,,,,,,,,
,,,,,5f7e700665a5f514520a6f80,001,2024-05-24_09h36.07.160,mathesisv2,2024.1.3,Win32,60.60606061,,,,,,456.56,461.4225,l,4.8469,,,,,,,stimuliAXBmix/iiystimulus.wav,l,,,,,,,,,,,1,2,6,0,1,,,,,,,,,,,,,,,,,,,,,,,,,,,,,,,,,,,,,,,,,,,,,,,,,,,,,,,,,,,,,,,,,,,,,,,
,,,,,5f7e700665a5f514520a6f80,001,2024-05-24_09h36.07.160,mathesisv2,2024.1.3,Win32,60.60606061,,,,,,461.4306,465.486,f,4.0485,,,,,,,stimuliAXBmix/iyystimulus.wav,f,,,,,,,,,,,1,3,7,1,1,,,,,,,,,,,,,,,,,,,,,,,,,,,,,,,,,,,,,,,,,,,,,,,,,,,,,,,,,,,,,,,,,,,,,,,
,,,,,5f7e700665a5f514520a6f80,001,2024-05-24_09h36.07.160,mathesisv2,2024.1.3,Win32,60.60606061,,,,,,465.4941,469.3993,l,3.8909,,,,,,,stimuliAXBmix/yyustimulus.wav,l,,,,,,,,,,,2,0,8,3,1,,,,,,,,,,,,,,,,,,,,,,,,,,,,,,,,,,,,,,,,,,,,,,,,,,,,,,,,,,,,,,,,,,,,,,,
,,,,,5f7e700665a5f514520a6f80,001,2024-05-24_09h36.07.160,mathesisv2,2024.1.3,Win32,60.60606061,,,,,,469.407,473.2631,f,3.8473,,,,,,,stimuliAXBmix/yuustimulus.wav,f,,,,,,,,,,,2,1,9,2,1,,,,,,,,,,,,,,,,,,,,,,,,,,,,,,,,,,,,,,,,,,,,,,,,,,,,,,,,,,,,,,,,,,,,,,,
,,,,,5f7e700665a5f514520a6f80,001,2024-05-24_09h36.07.160,mathesisv2,2024.1.3,Win32,60.60606061,,,,,,473.2711,476.8099,l,3.531,,,,,,,stimuliAXBmix/iiystimulus.wav,l,,,,,,,,,,,2,2,10,0,1,,,,,,,,,,,,,,,,,,,,,,,,,,,,,,,,,,,,,,,,,,,,,,,,,,,,,,,,,,,,,,,,,,,,,,,
,,,,,5f7e700665a5f514520a6f80,001,2024-05-24_09h36.07.160,mathesisv2,2024.1.3,Win32,60.60606061,,,,,,476.8102,481.0567,f,4.236,,,,,,,stimuliAXBmix/iyystimulus.wav,f,,,,,,,,,,,2,3,11,1,1,,,,,,,,,,,,,,,,,,,,,,,,,,,,,,,,,,,,,,,,,,,,,,,,,,,,,,,,,,,,,,,,,,,,,,,
,,,,,5f7e700665a5f514520a6f80,001,2024-05-24_09h36.07.160,mathesisv2,2024.1.3,Win32,60.60606061,,,,,,485.5287,490.4487,f,4.907,,,,,,,stimuliAXBmix/yuustimulus.wav,f,,,,,,,,,,,,,,,,481.0568,485.5194,return,4.4465,,0,0,0,2,1,,,,,,,,,,,,,,,,,,,,,,,,,,,,,,,,,,,,,,,,,,,,,,,,,,,,,,,,,,,,,
,,,,,5f7e700665a5f514520a6f80,001,2024-05-24_09h36.07.160,mathesisv2,2024.1.3,Win32,60.60606061,,,,,,490.4567,495.045,l,4.5741,,,,,,,stimuliAXBmix/yyustimulus.wav,l,,,,,,,,,,,,,,,,,,,,,0,1,1,3,1,,,,,,,,,,,,,,,,,,,,,,,,,,,,,,,,,,,,,,,,,,,,,,,,,,,,,,,,,,,,,
,,,,,5f7e700665a5f514520a6f80,001,2024-05-24_09h36.07.160,mathesisv2,2024.1.3,Win32,60.60606061,,,,,,495.0529,499.5577,l,4.4911,,,,,,,stimuliAXBmix/iiystimulus.wav,l,,,,,,,,,,,,,,,,,,,,,0,2,2,0,1,,,,,,,,,,,,,,,,,,,,,,,,,,,,,,,,,,,,,,,,,,,,,,,,,,,,,,,,,,,,,
,,,,,5f7e700665a5f514520a6f80,001,2024-05-24_09h36.07.160,mathesisv2,2024.1.3,Win32,60.60606061,,,,,,499.5661,502.8721,f,3.2951,,,,,,,stimuliAXBmix/iyystimulus.wav,f,,,,,,,,,,,,,,,,,,,,,0,3,3,1,1,,,,,,,,,,,,,,,,,,,,,,,,,,,,,,,,,,,,,,,,,,,,,,,,,,,,,,,,,,,,,
,,,,,5f7e700665a5f514520a6f80,001,2024-05-24_09h36.07.160,mathesisv2,2024.1.3,Win32,60.60606061,,,,,,502.8724,506.3188,l,3.4309,,,,,,,stimuliAXBmix/iiystimulus.wav,l,,,,,,,,,,,,,,,,,,,,,1,0,4,0,1,,,,,,,,,,,,,,,,,,,,,,,,,,,,,,,,,,,,,,,,,,,,,,,,,,,,,,,,,,,,,
,,,,,5f7e700665a5f514520a6f80,001,2024-05-24_09h36.07.160,mathesisv2,2024.1.3,Win32,60.60606061,,,,,,506.3266,509.6663,l,3.3331,,,,,,,stimuliAXBmix/yyustimulus.wav,l,,,,,,,,,,,,,,,,,,,,,1,1,5,3,1,,,,,,,,,,,,,,,,,,,,,,,,,,,,,,,,,,,,,,,,,,,,,,,,,,,,,,,,,,,,,
,,,,,5f7e700665a5f514520a6f80,001,2024-05-24_09h36.07.160,mathesisv2,2024.1.3,Win32,60.60606061,,,,,,509.6744,513.0466,f,3.3664,,,,,,,stimuliAXBmix/iyystimulus.wav,f,,,,,,,,,,,,,,,,,,,,,1,2,6,1,1,,,,,,,,,,,,,,,,,,,,,,,,,,,,,,,,,,,,,,,,,,,,,,,,,,,,,,,,,,,,,
,,,,,5f7e700665a5f514520a6f80,001,2024-05-24_09h36.07.160,mathesisv2,2024.1.3,Win32,60.60606061,,,,,,513.047,516.6278,f,3.5677,,,,,,,stimuliAXBmix/yuustimulus.wav,f,,,,,,,,,,,,,,,,,,,,,1,3,7,2,1,,,,,,,,,,,,,,,,,,,,,,,,,,,,,,,,,,,,,,,,,,,,,,,,,,,,,,,,,,,,,
,,,,,5f7e700665a5f514520a6f80,001,2024-05-24_09h36.07.160,mathesisv2,2024.1.3,Win32,60.60606061,,,,,,,,,,,,,,,,,,,,,,,,,,,,,,,,,,,,,,,,,,,516.6279,520.4579,space,3.8131,,520.4582,535.3956,space,14.9161,,,,,,,,,,,,,,,,,,,,,,,,,,,,,,,,,,,,,,,,,,,,,,,,,,,,
,,,,,5f7e700665a5f514520a6f80,001,2024-05-24_09h36.07.160,mathesisv2,2024.1.3,Win32,60.60606061,,,,,,,,,,,,,,,,,,,,,,,,,,,,,,,,,,,,,,,,,,,,,,,,,,,,,535.4068,540.8746,e,5.448,,0,0,0,0,1,testTAFCmixfirst/nimnym001.wav,,,,,,,,,,,,,,,,,,,,,,,,,,,,,,,,,,,,,,,,
,,,,,5f7e700665a5f514520a6f80,001,2024-05-24_09h36.07.160,mathesisv2,2024.1.3,Win32,60.60606061,,,,,,,,,,,,,,,,,,,,,,,,,,,,,,,,,,,,,,,,,,,,,,,,,,,,,540.8825,545.57,e,4.6747,,0,1,1,1,1,testTAFCmixfirst/nimnym002.wav,,,,,,,,,,,,,,,,,,,,,,,,,,,,,,,,,,,,,,,,
,,,,,5f7e700665a5f514520a6f80,001,2024-05-24_09h36.07.160,mathesisv2,2024.1.3,Win32,60.60606061,,,,,,,,,,,,,,,,,,,,,,,,,,,,,,,,,,,,,,,,,,,,,,,,,,,,,545.5777,549.0171,y,3.4281,,0,2,2,2,1,testTAFCmixfirst/nimnym006.wav,,,,,,,,,,,,,,,,,,,,,,,,,,,,,,,,,,,,,,,,
,,,,,5f7e700665a5f514520a6f80,001,2024-05-24_09h36.07.160,mathesisv2,2024.1.3,Win32,60.60606061,,,,,,,,,,,,,,,,,,,,,,,,,,,,,,,,,,,,,,,,,,,,,,,,,,,,,,,,,,,,,,,,549.0208,556.1286,u,7.0903,,0,0,0,0,1,testTAFCmixsec/numnym001.wav,,,,,,,,,,,,,,,,,,,,,,,,,,,,,
,,,,,5f7e700665a5f514520a6f80,001,2024-05-24_09h36.07.160,mathesisv2,2024.1.3,Win32,60.60606061,,,,,,,,,,,,,,,,,,,,,,,,,,,,,,,,,,,,,,,,,,,,,,,,,,,,,,,,,,,,,,,,556.1364,559.5087,y,3.3598,,0,1,1,2,1,testTAFCmixsec/numnym006.wav,,,,,,,,,,,,,,,,,,,,,,,,,,,,,
,,,,,5f7e700665a5f514520a6f80,001,2024-05-24_09h36.07.160,mathesisv2,2024.1.3,Win32,60.60606061,,,,,,,,,,,,,,,,,,,,,,,,,,,,,,,,,,,,,,,,,,,,,,,,,,,,,,,,,,,,,,,,559.5091,563.4229,u,3.903,,0,2,2,1,1,testTAFCmixsec/numnym002.wav,,,,,,,,,,,,,,,,,,,,,,,,,,,,,
,,,,,5f7e700665a5f514520a6f80,001,2024-05-24_09h36.07.160,mathesisv2,2024.1.3,Win32,60.60606061,,,,,,,,,,,,,,,,,,,,,,,,,,,,,,,,,,,,,,,,,,,,,,,,,,,,,,,,,,,,,,,,,,,,,,,,,,,563.4234,571.333,space,7.8889,,,,,,,,,,,,,,,,,,,,,,,,,
,,,,,5f7e700665a5f514520a6f80,001,2024-05-24_09h36.07.160,mathesisv2,2024.1.3,Win32,60.60606061,,,,,,,,,,,,,,,,,e,,,,,,,,,,,,,,,,,,,,,,,,,,,,,,,,,,,,,,,,,,,,,,,,,,,,,,,,,,,,,,,571.3444,574.3636,e,3.0053,,0,0,0,1,1,stimuliTAFCfirst/nimnym002.wav,,,,,,,,,,,,,
,,,,,5f7e700665a5f514520a6f80,001,2024-05-24_09h36.07.160,mathesisv2,2024.1.3,Win32,60.60606061,,,,,,,,,,,,,,,,,y,,,,,,,,,,,,,,,,,,,,,,,,,,,,,,,,,,,,,,,,,,,,,,,,,,,,,,,,,,,,,,,574.364,577.2779,y,2.9008,,0,1,1,5,1,stimuliTAFCfirst/nimnym006.wav,,,,,,,,,,,,,
,,,,,5f7e700665a5f514520a6f80,001,2024-05-24_09h36.07.160,mathesisv2,2024.1.3,Win32,60.60606061,,,,,,,,,,,,,,,,,x,,,,,,,,,,,,,,,,,,,,,,,,,,,,,,,,,,,,,,,,,,,,,,,,,,,,,,,,,,,,,,,577.2782,579.159,y,1.8736,,0,2,2,3,1,stimuliTAFCfirst/nimnym004.wav,,,,,,,,,,,,,
,,,,,5f7e700665a5f514520a6f80,001,2024-05-24_09h36.07.160,mathesisv2,2024.1.3,Win32,60.60606061,,,,,,,,,,,,,,,,,e,,,,,,,,,,,,,,,,,,,,,,,,,,,,,,,,,,,,,,,,,,,,,,,,,,,,,,,,,,,,,,,579.1594,581.724,e,2.5496,,0,3,3,0,1,stimuliTAFCfirst/nimnym001.wav,,,,,,,,,,,,,
,,,,,5f7e700665a5f514520a6f80,001,2024-05-24_09h36.07.160,mathesisv2,2024.1.3,Win32,60.60606061,,,,,,,,,,,,,,,,,y,,,,,,,,,,,,,,,,,,,,,,,,,,,,,,,,,,,,,,,,,,,,,,,,,,,,,,,,,,,,,,,581.732,583.3225,y,1.577,,0,4,4,4,1,stimuliTAFCfirst/nimnym005.wav,,,,,,,,,,,,,
,,,,,5f7e700665a5f514520a6f80,001,2024-05-24_09h36.07.160,mathesisv2,2024.1.3,Win32,60.60606061,,,,,,,,,,,,,,,,,y,,,,,,,,,,,,,,,,,,,,,,,,,,,,,,,,,,,,,,,,,,,,,,,,,,,,,,,,,,,,,,,583.323,584.6383,y,1.2997,,0,5,5,6,1,stimuliTAFCfirst/nimnym007.wav,,,,,,,,,,,,,
,,,,,5f7e700665a5f514520a6f80,001,2024-05-24_09h36.07.160,mathesisv2,2024.1.3,Win32,60.60606061,,,,,,,,,,,,,,,,,e,,,,,,,,,,,,,,,,,,,,,,,,,,,,,,,,,,,,,,,,,,,,,,,,,,,,,,,,,,,,,,,584.6387,588.1352,e,3.4897,,0,6,6,2,1,stimuliTAFCfirst/nimnym003.wav,,,,,,,,,,,,,
,,,,,5f7e700665a5f514520a6f80,001,2024-05-24_09h36.07.160,mathesisv2,2024.1.3,Win32,60.60606061,,,,,,,,,,,,,,,,,y,,,,,,,,,,,,,,,,,,,,,,,,,,,,,,,,,,,,,,,,,,,,,,,,,,,,,,,,,,,,,,,588.1431,589.7838,y,1.6272,,1,0,7,6,1,stimuliTAFCfirst/nimnym007.wav,,,,,,,,,,,,,
,,,,,5f7e700665a5f514520a6f80,001,2024-05-24_09h36.07.160,mathesisv2,2024.1.3,Win32,60.60606061,,,,,,,,,,,,,,,,,y,,,,,,,,,,,,,,,,,,,,,,,,,,,,,,,,,,,,,,,,,,,,,,,,,,,,,,,,,,,,,,,589.7843,591.2659,y,1.4747,,1,1,8,5,1,stimuliTAFCfirst/nimnym006.wav,,,,,,,,,,,,,
,,,,,5f7e700665a5f514520a6f80,001,2024-05-24_09h36.07.160,mathesisv2,2024.1.3,Win32,60.60606061,,,,,,,,,,,,,,,,,e,,,,,,,,,,,,,,,,,,,,,,,,,,,,,,,,,,,,,,,,,,,,,,,,,,,,,,,,,,,,,,,591.2662,592.8984,e,1.6155,,1,2,9,1,1,stimuliTAFCfirst/nimnym002.wav,,,,,,,,,,,,,
,,,,,5f7e700665a5f514520a6f80,001,2024-05-24_09h36.07.160,mathesisv2,2024.1.3,Win32,60.60606061,,,,,,,,,,,,,,,,,y,,,,,,,,,,,,,,,,,,,,,,,,,,,,,,,,,,,,,,,,,,,,,,,,,,,,,,,,,,,,,,,592.8987,594.3636,y,1.4549,,1,3,10,4,1,stimuliTAFCfirst/nimnym005.wav,,,,,,,,,,,,,
,,,,,5f7e700665a5f514520a6f80,001,2024-05-24_09h36.07.160,mathesisv2,2024.1.3,Win32,60.60606061,,,,,,,,,,,,,,,,,e,,,,,,,,,,,,,,,,,,,,,,,,,,,,,,,,,,,,,,,,,,,,,,,,,,,,,,,,,,,,,,,594.364,596.0456,e,1.6702,,1,4,11,2,1,stimuliTAFCfirst/nimnym003.wav,,,,,,,,,,,,,
,,,,,5f7e700665a5f514520a6f80,001,2024-05-24_09h36.07.160,mathesisv2,2024.1.3,Win32,60.60606061,,,,,,,,,,,,,,,,,x,,,,,,,,,,,,,,,,,,,,,,,,,,,,,,,,,,,,,,,,,,,,,,,,,,,,,,,,,,,,,,,596.0461,599.9094,e,3.848,,1,5,12,3,1,stimuliTAFCfirst/nimnym004.wav,,,,,,,,,,,,,
,,,,,5f7e700665a5f514520a6f80,001,2024-05-24_09h36.07.160,mathesisv2,2024.1.3,Win32,60.60606061,,,,,,,,,,,,,,,,,e,,,,,,,,,,,,,,,,,,,,,,,,,,,,,,,,,,,,,,,,,,,,,,,,,,,,,,,,,,,,,,,599.9172,601.6243,e,1.6926,,1,6,13,0,1,stimuliTAFCfirst/nimnym001.wav,,,,,,,,,,,,,
,,,,,5f7e700665a5f514520a6f80,001,2024-05-24_09h36.07.160,mathesisv2,2024.1.3,Win32,60.60606061,,,,,,,,,,,,,,,,,y,601.6249,604.4718,space,2.8316,,,,,,,,,,,,,,,,,,,,,,,,,,,,,,,,,,,,,,,,,,,,,,,,,,,,,,,,,,,,,,,,,,,,,,604.4814,607.819,y,3.327,,0,0,0,4,1,stimuliTAFCsec/numnym005.wav,,
,,,,,5f7e700665a5f514520a6f80,001,2024-05-24_09h36.07.160,mathesisv2,2024.1.3,Win32,60.60606061,,,,,,,,,,,,,,,,,u,,,,,,,,,,,,,,,,,,,,,,,,,,,,,,,,,,,,,,,,,,,,,,,,,,,,,,,,,,,,,,,,,,,,,,,,,,607.8275,610.3838,u,2.5483,,0,1,1,1,1,stimuliTAFCsec/numnym002.wav,,
,,,,,5f7e700665a5f514520a6f80,001,2024-05-24_09h36.07.160,mathesisv2,2024.1.3,Win32,60.60606061,,,,,,,,,,,,,,,,,x,,,,,,,,,,,,,,,,,,,,,,,,,,,,,,,,,,,,,,,,,,,,,,,,,,,,,,,,,,,,,,,,,,,,,,,,,,610.3842,612.5153,u,2.1194,,0,2,2,3,1,stimuliTAFCsec/numnym004.wav,,
,,,,,5f7e700665a5f514520a6f80,001,2024-05-24_09h36.07.160,mathesisv2,2024.1.3,Win32,60.60606061,,,,,,,,,,,,,,,,,y,,,,,,,,,,,,,,,,,,,,,,,,,,,,,,,,,,,,,,,,,,,,,,,,,,,,,,,,,,,,,,,,,,,,,,,,,,612.5158,614.3473,y,1.8176,,0,3,3,6,1,stimuliTAFCsec/numnym007.wav,,
,,,,,5f7e700665a5f514520a6f80,001,2024-05-24_09h36.07.160,mathesisv2,2024.1.3,Win32,60.60606061,,,,,,,,,,,,,,,,,u,,,,,,,,,,,,,,,,,,,,,,,,,,,,,,,,,,,,,,,,,,,,,,,,,,,,,,,,,,,,,,,,,,,,,,,,,,614.3476,616.8117,u,2.4481,,0,4,4,2,1,stimuliTAFCsec/numnym003.wav,,
,,,,,5f7e700665a5f514520a6f80,001,2024-05-24_09h36.07.160,mathesisv2,2024.1.3,Win32,60.60606061,,,,,,,,,,,,,,,,,u,,,,,,,,,,,,,,,,,,,,,,,,,,,,,,,,,,,,,,,,,,,,,,,,,,,,,,,,,,,,,,,,,,,,,,,,,,616.812,620.5765,u,3.7541,,0,5,5,0,1,stimuliTAFCsec/numnym001.wav,,
,,,,,5f7e700665a5f514520a6f80,001,2024-05-24_09h36.07.160,mathesisv2,2024.1.3,Win32,60.60606061,,,,,,,,,,,,,,,,,y,,,,,,,,,,,,,,,,,,,,,,,,,,,,,,,,,,,,,,,,,,,,,,,,,,,,,,,,,,,,,,,,,,,,,,,,,,620.5848,622.4406,y,1.8418,,0,6,6,5,1,stimuliTAFCsec/numnym006.wav,,
,,,,,5f7e700665a5f514520a6f80,001,2024-05-24_09h36.07.160,mathesisv2,2024.1.3,Win32,60.60606061,,,,,,,,,,,,,,,,,u,,,,,,,,,,,,,,,,,,,,,,,,,,,,,,,,,,,,,,,,,,,,,,,,,,,,,,,,,,,,,,,,,,,,,,,,,,622.4408,625.737,u,3.2898,,1,0,7,0,1,stimuliTAFCsec/numnym001.wav,,
,,,,,5f7e700665a5f514520a6f80,001,2024-05-24_09h36.07.160,mathesisv2,2024.1.3,Win32,60.60606061,,,,,,,,,,,,,,,,,x,,,,,,,,,,,,,,,,,,,,,,,,,,,,,,,,,,,,,,,,,,,,,,,,,,,,,,,,,,,,,,,,,,,,,,,,,,625.745,628.0023,y,2.2458,,1,1,8,3,1,stimuliTAFCsec/numnym004.wav,,
,,,,,5f7e700665a5f514520a6f80,001,2024-05-24_09h36.07.160,mathesisv2,2024.1.3,Win32,60.60606061,,,,,,,,,,,,,,,,,u,,,,,,,,,,,,,,,,,,,,,,,,,,,,,,,,,,,,,,,,,,,,,,,,,,,,,,,,,,,,,,,,,,,,,,,,,,628.0027,630.0337,u,2.0164,,1,2,9,1,1,stimuliTAFCsec/numnym002.wav,,
,,,,,5f7e700665a5f514520a6f80,001,2024-05-24_09h36.07.160,mathesisv2,2024.1.3,Win32,60.60606061,,,,,,,,,,,,,,,,,y,,,,,,,,,,,,,,,,,,,,,,,,,,,,,,,,,,,,,,,,,,,,,,,,,,,,,,,,,,,,,,,,,,,,,,,,,,630.0341,631.5497,y,1.5014,,1,3,10,6,1,stimuliTAFCsec/numnym007.wav,,
,,,,,5f7e700665a5f514520a6f80,001,2024-05-24_09h36.07.160,mathesisv2,2024.1.3,Win32,60.60606061,,,,,,,,,,,,,,,,,y,,,,,,,,,,,,,,,,,,,,,,,,,,,,,,,,,,,,,,,,,,,,,,,,,,,,,,,,,,,,,,,,,,,,,,,,,,631.55,632.8812,y,1.3191,,1,4,11,4,1,stimuliTAFCsec/numnym005.wav,,
,,,,,5f7e700665a5f514520a6f80,001,2024-05-24_09h36.07.160,mathesisv2,2024.1.3,Win32,60.60606061,,,,,,,,,,,,,,,,,u,,,,,,,,,,,,,,,,,,,,,,,,,,,,,,,,,,,,,,,,,,,,,,,,,,,,,,,,,,,,,,,,,,,,,,,,,,632.8816,635.1468,u,2.2499,,1,5,12,2,1,stimuliTAFCsec/numnym003.wav,,
,,,,,5f7e700665a5f514520a6f80,001,2024-05-24_09h36.07.160,mathesisv2,2024.1.3,Win32,60.60606061,,,,,,,,,,,,,,,,,y,,,,,,,,,,,,,,,,,,,,,,,,,,,,,,,,,,,,,,,,,,,,,,,,,,,,,,,,,,,,,,,,,,,,,,,,,,635.1472,636.5626,y,1.3991,,1,6,13,5,1,stimuliTAFCsec/numnym006.wav,,
,,,,,5f7e700665a5f514520a6f80,001,2024-05-24_09h36.07.160,mathesisv2,2024.1.3,Win32,60.60606061,,,,,,,,,,,,,,,,,y,,,,,,,,,,,,,,,,,,,,,,,,,,636.563,642.541,space,5.9633,,,,,,,,,,,,,,,,,,,,,,,,,,,,,,,,,,642.5506,645.4382,y,2.8756,,0,0,0,5,1,stimuliTAFCfirst/nimnym006.wav,,,,,,,,,,,,,
,,,,,5f7e700665a5f514520a6f80,001,2024-05-24_09h36.07.160,mathesisv2,2024.1.3,Win32,60.60606061,,,,,,,,,,,,,,,,,e,,,,,,,,,,,,,,,,,,,,,,,,,,,,,,,,,,,,,,,,,,,,,,,,,,,,,,,,,,,,,,,645.4461,647.2369,e,1.7761,,0,1,1,1,1,stimuliTAFCfirst/nimnym002.wav,,,,,,,,,,,,,
,,,,,5f7e700665a5f514520a6f80,001,2024-05-24_09h36.07.160,mathesisv2,2024.1.3,Win32,60.60606061,,,,,,,,,,,,,,,,,y,,,,,,,,,,,,,,,,,,,,,,,,,,,,,,,,,,,,,,,,,,,,,,,,,,,,,,,,,,,,,,,647.2372,648.8185,y,1.566,,0,2,2,4,1,stimuliTAFCfirst/nimnym005.wav,,,,,,,,,,,,,
,,,,,5f7e700665a5f514520a6f80,001,2024-05-24_09h36.07.160,mathesisv2,2024.1.3,Win32,60.60606061,,,,,,,,,,,,,,,,,e,,,,,,,,,,,,,,,,,,,,,,,,,,,,,,,,,,,,,,,,,,,,,,,,,,,,,,,,,,,,,,,648.8189,650.7835,e,1.9486,,0,3,3,2,1,stimuliTAFCfirst/nimnym003.wav,,,,,,,,,,,,,
,,,,,5f7e700665a5f514520a6f80,001,2024-05-24_09h36.07.160,mathesisv2,2024.1.3,Win32,60.60606061,,,,,,,,,,,,,,,,,y,,,,,,,,,,,,,,,,,,,,,,,,,,,,,,,,,,,,,,,,,,,,,,,,,,,,,,,,,,,,,,,650.7839,652.1328,y,1.3356,,0,4,4,6,1,stimuliTAFCfirst/nimnym007.wav,,,,,,,,,,,,,
,,,,,5f7e700665a5f514520a6f80,001,2024-05-24_09h36.07.160,mathesisv2,2024.1.3,Win32,60.60606061,,,,,,,,,,,,,,,,,x,,,,,,,,,,,,,,,,,,,,,,,,,,,,,,,,,,,,,,,,,,,,,,,,,,,,,,,,,,,,,,,652.1332,653.7814,y,1.6368,,0,5,5,3,1,stimuliTAFCfirst/nimnym004.wav,,,,,,,,,,,,,
,,,,,5f7e700665a5f514520a6f80,001,2024-05-24_09h36.07.160,mathesisv2,2024.1.3,Win32,60.60606061,,,,,,,,,,,,,,,,,e,,,,,,,,,,,,,,,,,,,,,,,,,,,,,,,,,,,,,,,,,,,,,,,,,,,,,,,,,,,,,,,653.7817,655.2971,e,1.5031,,0,6,6,0,1,stimuliTAFCfirst/nimnym001.wav,,,,,,,,,,,,,
,,,,,5f7e700665a5f514520a6f80,001,2024-05-24_09h36.07.160,mathesisv2,2024.1.3,Win32,60.60606061,,,,,,,,,,,,,,,,,e,,,,,,,,,,,,,,,,,,,,,,,,,,,,,,,,,,,,,,,,,,,,,,,,,,,,,,,,,,,,,,,655.2975,656.7789,e,1.4724,,1,0,7,1,1,stimuliTAFCfirst/nimnym002.wav,,,,,,,,,,,,,
,,,,,5f7e700665a5f514520a6f80,001,2024-05-24_09h36.07.160,mathesisv2,2024.1.3,Win32,60.60606061,,,,,,,,,,,,,,,,,e,,,,,,,,,,,,,,,,,,,,,,,,,,,,,,,,,,,,,,,,,,,,,,,,,,,,,,,,,,,,,,,656.7794,658.1775,e,1.3824,,1,1,8,0,1,stimuliTAFCfirst/nimnym001.wav,,,,,,,,,,,,,
,,,,,5f7e700665a5f514520a6f80,001,2024-05-24_09h36.07.160,mathesisv2,2024.1.3,Win32,60.60606061,,,,,,,,,,,,,,,,,e,,,,,,,,,,,,,,,,,,,,,,,,,,,,,,,,,,,,,,,,,,,,,,,,,,,,,,,,,,,,,,,658.1779,659.5098,e,1.3171,,1,2,9,2,1,stimuliTAFCfirst/nimnym003.wav,,,,,,,,,,,,,
,,,,,5f7e700665a5f514520a6f80,001,2024-05-24_09h36.07.160,mathesisv2,2024.1.3,Win32,60.60606061,,,,,,,,,,,,,,,,,y,,,,,,,,,,,,,,,,,,,,,,,,,,,,,,,,,,,,,,,,,,,,,,,,,,,,,,,,,,,,,,,659.5103,661.2084,y,1.6834,,1,3,10,4,1,stimuliTAFCfirst/nimnym005.wav,,,,,,,,,,,,,
,,,,,5f7e700665a5f514520a6f80,001,2024-05-24_09h36.07.160,mathesisv2,2024.1.3,Win32,60.60606061,,,,,,,,,,,,,,,,,y,,,,,,,,,,,,,,,,,,,,,,,,,,,,,,,,,,,,,,,,,,,,,,,,,,,,,,,,,,,,,,,661.2087,662.6574,y,1.4402,,1,4,11,6,1,stimuliTAFCfirst/nimnym007.wav,,,,,,,,,,,,,
,,,,,5f7e700665a5f514520a6f80,001,2024-05-24_09h36.07.160,mathesisv2,2024.1.3,Win32,60.60606061,,,,,,,,,,,,,,,,,x,,,,,,,,,,,,,,,,,,,,,,,,,,,,,,,,,,,,,,,,,,,,,,,,,,,,,,,,,,,,,,,662.6577,664.1892,e,1.52,,1,5,12,3,1,stimuliTAFCfirst/nimnym004.wav,,,,,,,,,,,,,
,,,,,5f7e700665a5f514520a6f80,001,2024-05-24_09h36.07.160,mathesisv2,2024.1.3,Win32,60.60606061,,,,,,,,,,,,,,,,,y,,,,,,,,,,,,,,,,,,,,,,,,,,,,,,,,,,,,,,,,,,,,,,,,,,,,,,,,,,,,,,,664.1895,665.5716,y,1.3682,,1,6,13,5,1,stimuliTAFCfirst/nimnym006.wav,,,,,,,,,,,,,
,,,,,5f7e700665a5f514520a6f80,001,2024-05-24_09h36.07.160,mathesisv2,2024.1.3,Win32,60.60606061,,,,,,,,,,,,,,,,,x,665.5718,667.5537,space,1.97,,,,,,,,,,,,,,,,,,,,,,,,,,,,,,,,,,,,,,,,,,,,,,,,,,,,,,,,,,,,,,,,,,,,,,667.5631,670.6011,y,3.0232,,0,0,0,3,1,stimuliTAFCsec/numnym004.wav,,
,,,,,5f7e700665a5f514520a6f80,001,2024-05-24_09h36.07.160,mathesisv2,2024.1.3,Win32,60.60606061,,,,,,,,,,,,,,,,,y,,,,,,,,,,,,,,,,,,,,,,,,,,,,,,,,,,,,,,,,,,,,,,,,,,,,,,,,,,,,,,,,,,,,,,,,,,670.6014,673.8813,u,3.2642,,0,1,1,6,1,stimuliTAFCsec/numnym007.wav,,
,,,,,5f7e700665a5f514520a6f80,001,2024-05-24_09h36.07.160,mathesisv2,2024.1.3,Win32,60.60606061,,,,,,,,,,,,,,,,,y,,,,,,,,,,,,,,,,,,,,,,,,,,,,,,,,,,,,,,,,,,,,,,,,,,,,,,,,,,,,,,,,,,,,,,,,,,673.8892,678.5948,y,4.6948,,0,2,2,4,1,stimuliTAFCsec/numnym005.wav,,
,,,,,5f7e700665a5f514520a6f80,001,2024-05-24_09h36.07.160,mathesisv2,2024.1.3,Win32,60.60606061,,,,,,,,,,,,,,,,,u,,,,,,,,,,,,,,,,,,,,,,,,,,,,,,,,,,,,,,,,,,,,,,,,,,,,,,,,,,,,,,,,,,,,,,,,,,678.6028,680.3762,u,1.7636,,0,3,3,2,1,stimuliTAFCsec/numnym003.wav,,
,,,,,5f7e700665a5f514520a6f80,001,2024-05-24_09h36.07.160,mathesisv2,2024.1.3,Win32,60.60606061,,,,,,,,,,,,,,,,,u,,,,,,,,,,,,,,,,,,,,,,,,,,,,,,,,,,,,,,,,,,,,,,,,,,,,,,,,,,,,,,,,,,,,,,,,,,680.3766,682.0917,u,1.7022,,0,4,4,0,1,stimuliTAFCsec/numnym001.wav,,
,,,,,5f7e700665a5f514520a6f80,001,2024-05-24_09h36.07.160,mathesisv2,2024.1.3,Win32,60.60606061,,,,,,,,,,,,,,,,,u,,,,,,,,,,,,,,,,,,,,,,,,,,,,,,,,,,,,,,,,,,,,,,,,,,,,,,,,,,,,,,,,,,,,,,,,,,682.092,683.5573,u,1.4487,,0,5,5,1,1,stimuliTAFCsec/numnym002.wav,,
,,,,,5f7e700665a5f514520a6f80,001,2024-05-24_09h36.07.160,mathesisv2,2024.1.3,Win32,60.60606061,,,,,,,,,,,,,,,,,y,,,,,,,,,,,,,,,,,,,,,,,,,,,,,,,,,,,,,,,,,,,,,,,,,,,,,,,,,,,,,,,,,,,,,,,,,,683.5575,686.0713,y,2.4979,,0,6,6,5,1,stimuliTAFCsec/numnym006.wav,,
,,,,,5f7e700665a5f514520a6f80,001,2024-05-24_09h36.07.160,mathesisv2,2024.1.3,Win32,60.60606061,,,,,,,,,,,,,,,,,x,,,,,,,,,,,,,,,,,,,,,,,,,,,,,,,,,,,,,,,,,,,,,,,,,,,,,,,,,,,,,,,,,,,,,,,,,,686.0715,687.7697,u,1.6836,,1,0,7,3,1,stimuliTAFCsec/numnym004.wav,,
,,,,,5f7e700665a5f514520a6f80,001,2024-05-24_09h36.07.160,mathesisv2,2024.1.3,Win32,60.60606061,,,,,,,,,,,,,,,,,y,,,,,,,,,,,,,,,,,,,,,,,,,,,,,,,,,,,,,,,,,,,,,,,,,,,,,,,,,,,,,,,,,,,,,,,,,,687.7699,689.0024,y,1.2196,,1,1,8,6,1,stimuliTAFCsec/numnym007.wav,,
,,,,,5f7e700665a5f514520a6f80,001,2024-05-24_09h36.07.160,mathesisv2,2024.1.3,Win32,60.60606061,,,,,,,,,,,,,,,,,u,,,,,,,,,,,,,,,,,,,,,,,,,,,,,,,,,,,,,,,,,,,,,,,,,,,,,,,,,,,,,,,,,,,,,,,,,,689.0028,690.651,u,1.6323,,1,2,9,1,1,stimuliTAFCsec/numnym002.wav,,
,,,,,5f7e700665a5f514520a6f80,001,2024-05-24_09h36.07.160,mathesisv2,2024.1.3,Win32,60.60606061,,,,,,,,,,,,,,,,,u,,,,,,,,,,,,,,,,,,,,,,,,,,,,,,,,,,,,,,,,,,,,,,,,,,,,,,,,,,,,,,,,,,,,,,,,,,690.6514,691.9496,u,1.2828,,1,3,10,0,1,stimuliTAFCsec/numnym001.wav,,
,,,,,5f7e700665a5f514520a6f80,001,2024-05-24_09h36.07.160,mathesisv2,2024.1.3,Win32,60.60606061,,,,,,,,,,,,,,,,,y,,,,,,,,,,,,,,,,,,,,,,,,,,,,,,,,,,,,,,,,,,,,,,,,,,,,,,,,,,,,,,,,,,,,,,,,,,691.9501,693.3154,y,1.3491,,1,4,11,4,1,stimuliTAFCsec/numnym005.wav,,
,,,,,5f7e700665a5f514520a6f80,001,2024-05-24_09h36.07.160,mathesisv2,2024.1.3,Win32,60.60606061,,,,,,,,,,,,,,,,,u,,,,,,,,,,,,,,,,,,,,,,,,,,,,,,,,,,,,,,,,,,,,,,,,,,,,,,,,,,,,,,,,,,,,,,,,,,693.3157,694.531,u,1.2052,,1,5,12,2,1,stimuliTAFCsec/numnym003.wav,,
,,,,,5f7e700665a5f514520a6f80,001,2024-05-24_09h36.07.160,mathesisv2,2024.1.3,Win32,60.60606061,,,,,,,,,,,,,,,,,y,,,,,,,,,,,,,,,,,,,,,,,,,,,,,,,,,,,,,,,,,,,,,,,,,,,,,,,,,,,,,,,,,,,,,,,,,,694.5314,695.8799,y,1.3371,,1,6,13,5,1,stimuliTAFCsec/numnym006.wav,,
,,,,,5f7e700665a5f514520a6f80,001,2024-05-24_09h36.07.160,mathesisv2,2024.1.3,Win32,60.60606061,,,,,,,,,,,,,,,,,y,,,,,,,,,,,,,,,,,,,,,,,,,,695.88,697.329,space,1.4327,,,,,,,,,,,,,,,,,,,,,,,,,,,,,,,,,,697.3328,698.9443,y,1.6024,,0,0,0,6,1,stimuliTAFCfirst/nimnym007.wav,,,,,,,,,,,,,
,,,,,5f7e700665a5f514520a6f80,001,2024-05-24_09h36.07.160,mathesisv2,2024.1.3,Win32,60.60606061,,,,,,,,,,,,,,,,,e,,,,,,,,,,,,,,,,,,,,,,,,,,,,,,,,,,,,,,,,,,,,,,,,,,,,,,,,,,,,,,,698.9448,701.2258,e,2.2647,,0,1,1,1,1,stimuliTAFCfirst/nimnym002.wav,,,,,,,,,,,,,
,,,,,5f7e700665a5f514520a6f80,001,2024-05-24_09h36.07.160,mathesisv2,2024.1.3,Win32,60.60606061,,,,,,,,,,,,,,,,,x,,,,,,,,,,,,,,,,,,,,,,,,,,,,,,,,,,,,,,,,,,,,,,,,,,,,,,,,,,,,,,,701.2262,702.9408,e,1.7023,,0,2,2,3,1,stimuliTAFCfirst/nimnym004.wav,,,,,,,,,,,,,
,,,,,5f7e700665a5f514520a6f80,001,2024-05-24_09h36.07.160,mathesisv2,2024.1.3,Win32,60.60606061,,,,,,,,,,,,,,,,,e,,,,,,,,,,,,,,,,,,,,,,,,,,,,,,,,,,,,,,,,,,,,,,,,,,,,,,,,,,,,,,,702.9411,704.2564,e,1.3068,,0,3,3,2,1,stimuliTAFCfirst/nimnym003.wav,,,,,,,,,,,,,
,,,,,5f7e700665a5f514520a6f80,001,2024-05-24_09h36.07.160,mathesisv2,2024.1.3,Win32,60.60606061,,,,,,,,,,,,,,,,,y,,,,,,,,,,,,,,,,,,,,,,,,,,,,,,,,,,,,,,,,,,,,,,,,,,,,,,,,,,,,,,,704.2569,705.6223,y,1.3553,,0,4,4,4,1,stimuliTAFCfirst/nimnym005.wav,,,,,,,,,,,,,
,,,,,5f7e700665a5f514520a6f80,001,2024-05-24_09h36.07.160,mathesisv2,2024.1.3,Win32,60.60606061,,,,,,,,,,,,,,,,,y,,,,,,,,,,,,,,,,,,,,,,,,,,,,,,,,,,,,,,,,,,,,,,,,,,,,,,,,,,,,,,,705.6226,707.3705,y,1.7321,,0,5,5,5,1,stimuliTAFCfirst/nimnym006.wav,,,,,,,,,,,,,
,,,,,5f7e700665a5f514520a6f80,001,2024-05-24_09h36.07.160,mathesisv2,2024.1.3,Win32,60.60606061,,,,,,,,,,,,,,,,,e,,,,,,,,,,,,,,,,,,,,,,,,,,,,,,,,,,,,,,,,,,,,,,,,,,,,,,,,,,,,,,,707.3709,708.5697,e,1.183,,0,6,6,0,1,stimuliTAFCfirst/nimnym001.wav,,,,,,,,,,,,,
,,,,,5f7e700665a5f514520a6f80,001,2024-05-24_09h36.07.160,mathesisv2,2024.1.3,Win32,60.60606061,,,,,,,,,,,,,,,,,y,,,,,,,,,,,,,,,,,,,,,,,,,,,,,,,,,,,,,,,,,,,,,,,,,,,,,,,,,,,,,,,708.5701,710.0019,y,1.4161,,1,0,7,5,1,stimuliTAFCfirst/nimnym006.wav,,,,,,,,,,,,,
,,,,,5f7e700665a5f514520a6f80,001,2024-05-24_09h36.07.160,mathesisv2,2024.1.3,Win32,60.60606061,,,,,,,,,,,,,,,,,e,,,,,,,,,,,,,,,,,,,,,,,,,,,,,,,,,,,,,,,,,,,,,,,,,,,,,,,,,,,,,,,710.0022,711.1839,e,1.1742,,1,1,8,1,1,stimuliTAFCfirst/nimnym002.wav,,,,,,,,,,,,,
,,,,,5f7e700665a5f514520a6f80,001,2024-05-24_09h36.07.160,mathesisv2,2024.1.3,Win32,60.60606061,,,,,,,,,,,,,,,,,y,,,,,,,,,,,,,,,,,,,,,,,,,,,,,,,,,,,,,,,,,,,,,,,,,,,,,,,,,,,,,,,711.1842,712.4331,y,1.2333,,1,2,9,4,1,stimuliTAFCfirst/nimnym005.wav,,,,,,,,,,,,,
,,,,,5f7e700665a5f514520a6f80,001,2024-05-24_09h36.07.160,mathesisv2,2024.1.3,Win32,60.60606061,,,,,,,,,,,,,,,,,e,,,,,,,,,,,,,,,,,,,,,,,,,,,,,,,,,,,,,,,,,,,,,,,,,,,,,,,,,,,,,,,712.4335,713.6319,e,1.1831,,1,3,10,2,1,stimuliTAFCfirst/nimnym003.wav,,,,,,,,,,,,,
,,,,,5f7e700665a5f514520a6f80,001,2024-05-24_09h36.07.160,mathesisv2,2024.1.3,Win32,60.60606061,,,,,,,,,,,,,,,,,y,,,,,,,,,,,,,,,,,,,,,,,,,,,,,,,,,,,,,,,,,,,,,,,,,,,,,,,,,,,,,,,713.6321,714.914,y,1.2753,,1,4,11,6,1,stimuliTAFCfirst/nimnym007.wav,,,,,,,,,,,,,
,,,,,5f7e700665a5f514520a6f80,001,2024-05-24_09h36.07.160,mathesisv2,2024.1.3,Win32,60.60606061,,,,,,,,,,,,,,,,,x,,,,,,,,,,,,,,,,,,,,,,,,,,,,,,,,,,,,,,,,,,,,,,,,,,,,,,,,,,,,,,,714.9143,716.2133,e,1.2909,,1,5,12,3,1,stimuliTAFCfirst/nimnym004.wav,,,,,,,,,,,,,
,,,,,5f7e700665a5f514520a6f80,001,2024-05-24_09h36.07.160,mathesisv2,2024.1.3,Win32,60.60606061,,,,,,,,,,,,,,,,,e,,,,,,,,,,,,,,,,,,,,,,,,,,,,,,,,,,,,,,,,,,,,,,,,,,,,,,,,,,,,,,,716.2138,717.8621,e,1.6389,,1,6,13,0,1,stimuliTAFCfirst/nimnym001.wav,,,,,,,,,,,,,
,,,,,5f7e700665a5f514520a6f80,001,2024-05-24_09h36.07.160,mathesisv2,2024.1.3,Win32,60.60606061,,,,,,,,,,,,,,,,,u,717.8623,719.428,space,1.5489,,,,,,,,,,,,,,,,,,,,,,,,,,,,,,,,,,,,,,,,,,,,,,,,,,,,,,,,,,,,,,,,,,,,,,719.4313,722.9584,y,3.5131,,0,0,0,2,1,stimuliTAFCsec/numnym003.wav,,
,,,,,5f7e700665a5f514520a6f80,001,2024-05-24_09h36.07.160,mathesisv2,2024.1.3,Win32,60.60606061,,,,,,,,,,,,,,,,,y,,,,,,,,,,,,,,,,,,,,,,,,,,,,,,,,,,,,,,,,,,,,,,,,,,,,,,,,,,,,,,,,,,,,,,,,,,722.9662,725.0059,y,2.0248,,0,1,1,5,1,stimuliTAFCsec/numnym006.wav,,
,,,,,5f7e700665a5f514520a6f80,001,2024-05-24_09h36.07.160,mathesisv2,2024.1.3,Win32,60.60606061,,,,,,,,,,,,,,,,,x,,,,,,,,,,,,,,,,,,,,,,,,,,,,,,,,,,,,,,,,,,,,,,,,,,,,,,,,,,,,,,,,,,,,,,,,,,725.0065,727.1707,u,2.1579,,0,2,2,3,1,stimuliTAFCsec/numnym004.wav,,
,,,,,5f7e700665a5f514520a6f80,001,2024-05-24_09h36.07.160,mathesisv2,2024.1.3,Win32,60.60606061,,,,,,,,,,,,,,,,,u,,,,,,,,,,,,,,,,,,,,,,,,,,,,,,,,,,,,,,,,,,,,,,,,,,,,,,,,,,,,,,,,,,,,,,,,,,727.1709,728.4367,u,1.2497,,0,3,3,0,1,stimuliTAFCsec/numnym001.wav,,
,,,,,5f7e700665a5f514520a6f80,001,2024-05-24_09h36.07.160,mathesisv2,2024.1.3,Win32,60.60606061,,,,,,,,,,,,,,,,,y,,,,,,,,,,,,,,,,,,,,,,,,,,,,,,,,,,,,,,,,,,,,,,,,,,,,,,,,,,,,,,,,,,,,,,,,,,728.4371,729.6524,y,1.2019,,0,4,4,4,1,stimuliTAFCsec/numnym005.wav,,
,,,,,5f7e700665a5f514520a6f80,001,2024-05-24_09h36.07.160,mathesisv2,2024.1.3,Win32,60.60606061,,,,,,,,,,,,,,,,,u,,,,,,,,,,,,,,,,,,,,,,,,,,,,,,,,,,,,,,,,,,,,,,,,,,,,,,,,,,,,,,,,,,,,,,,,,,729.6528,730.8179,u,1.1579,,0,5,5,1,1,stimuliTAFCsec/numnym002.wav,,
,,,,,5f7e700665a5f514520a6f80,001,2024-05-24_09h36.07.160,mathesisv2,2024.1.3,Win32,60.60606061,,,,,,,,,,,,,,,,,y,,,,,,,,,,,,,,,,,,,,,,,,,,,,,,,,,,,,,,,,,,,,,,,,,,,,,,,,,,,,,,,,,,,,,,,,,,730.8183,731.8505,y,1.0241,,0,6,6,6,1,stimuliTAFCsec/numnym007.wav,,
,,,,,5f7e700665a5f514520a6f80,001,2024-05-24_09h36.07.160,mathesisv2,2024.1.3,Win32,60.60606061,,,,,,,,,,,,,,,,,u,,,,,,,,,,,,,,,,,,,,,,,,,,,,,,,,,,,,,,,,,,,,,,,,,,,,,,,,,,,,,,,,,,,,,,,,,,731.8508,732.9494,u,1.0833,,1,0,7,1,1,stimuliTAFCsec/numnym002.wav,,
,,,,,5f7e700665a5f514520a6f80,001,2024-05-24_09h36.07.160,mathesisv2,2024.1.3,Win32,60.60606061,,,,,,,,,,,,,,,,,x,,,,,,,,,,,,,,,,,,,,,,,,,,,,,,,,,,,,,,,,,,,,,,,,,,,,,,,,,,,,,,,,,,,,,,,,,,732.9497,735.6806,u,2.7173,,1,1,8,3,1,stimuliTAFCsec/numnym004.wav,,
,,,,,5f7e700665a5f514520a6f80,001,2024-05-24_09h36.07.160,mathesisv2,2024.1.3,Win32,60.60606061,,,,,,,,,,,,,,,,,y,,,,,,,,,,,,,,,,,,,,,,,,,,,,,,,,,,,,,,,,,,,,,,,,,,,,,,,,,,,,,,,,,,,,,,,,,,735.6885,736.9131,y,1.2156,,1,2,9,5,1,stimuliTAFCsec/numnym006.wav,,
,,,,,5f7e700665a5f514520a6f80,001,2024-05-24_09h36.07.160,mathesisv2,2024.1.3,Win32,60.60606061,,,,,,,,,,,,,,,,,u,,,,,,,,,,,,,,,,,,,,,,,,,,,,,,,,,,,,,,,,,,,,,,,,,,,,,,,,,,,,,,,,,,,,,,,,,,736.9136,738.1119,u,1.191,,1,3,10,0,1,stimuliTAFCsec/numnym001.wav,,
,,,,,5f7e700665a5f514520a6f80,001,2024-05-24_09h36.07.160,mathesisv2,2024.1.3,Win32,60.60606061,,,,,,,,,,,,,,,,,y,,,,,,,,,,,,,,,,,,,,,,,,,,,,,,,,,,,,,,,,,,,,,,,,,,,,,,,,,,,,,,,,,,,,,,,,,,738.1124,739.2941,y,1.1665,,1,4,11,6,1,stimuliTAFCsec/numnym007.wav,,
,,,,,5f7e700665a5f514520a6f80,001,2024-05-24_09h36.07.160,mathesisv2,2024.1.3,Win32,60.60606061,,,,,,,,,,,,,,,,,y,,,,,,,,,,,,,,,,,,,,,,,,,,,,,,,,,,,,,,,,,,,,,,,,,,,,,,,,,,,,,,,,,,,,,,,,,,739.2945,740.7267,y,1.4219,,1,5,12,4,1,stimuliTAFCsec/numnym005.wav,,
,,,,,5f7e700665a5f514520a6f80,001,2024-05-24_09h36.07.160,mathesisv2,2024.1.3,Win32,60.60606061,,,,,,,,,,,,,,,,,u,,,,,,,,,,,,,,,,,,,,,,,,,,,,,,,,,,,,,,,,,,,,,,,,,,,,,,,,,,,,,,,,,,,,,,,,,,740.7271,742.2417,u,1.5073,,1,6,13,2,1,stimuliTAFCsec/numnym003.wav,,
,,,,,5f7e700665a5f514520a6f80,001,2024-05-24_09h36.07.160,mathesisv2,2024.1.3,Win32,60.60606061,,,,,,,,,,,,,,,,,y,,,,,,,,,,,,,,,,,,,,,,,,,,742.2418,743.7075,space,1.4497,,,,,,,,,,,,,,,,,,,,,,,,,,,,,,,,,,743.717,746.9215,y,3.1899,,0,0,0,4,1,stimuliTAFCfirst/nimnym005.wav,,,,,,,,,,,,,
,,,,,5f7e700665a5f514520a6f80,001,2024-05-24_09h36.07.160,mathesisv2,2024.1.3,Win32,60.60606061,,,,,,,,,,,,,,,,,e,,,,,,,,,,,,,,,,,,,,,,,,,,,,,,,,,,,,,,,,,,,,,,,,,,,,,,,,,,,,,,,746.9219,748.2036,e,1.2738,,0,1,1,2,1,stimuliTAFCfirst/nimnym003.wav,,,,,,,,,,,,,
,,,,,5f7e700665a5f514520a6f80,001,2024-05-24_09h36.07.160,mathesisv2,2024.1.3,Win32,60.60606061,,,,,,,,,,,,,,,,,e,,,,,,,,,,,,,,,,,,,,,,,,,,,,,,,,,,,,,,,,,,,,,,,,,,,,,,,,,,,,,,,748.204,749.4858,e,1.2674,,0,2,2,1,1,stimuliTAFCfirst/nimnym002.wav,,,,,,,,,,,,,
,,,,,5f7e700665a5f514520a6f80,001,2024-05-24_09h36.07.160,mathesisv2,2024.1.3,Win32,60.60606061,,,,,,,,,,,,,,,,,e,,,,,,,,,,,,,,,,,,,,,,,,,,,,,,,,,,,,,,,,,,,,,,,,,,,,,,,,,,,,,,,749.4862,750.7186,e,1.2171,,0,3,3,0,1,stimuliTAFCfirst/nimnym001.wav,,,,,,,,,,,,,
,,,,,5f7e700665a5f514520a6f80,001,2024-05-24_09h36.07.160,mathesisv2,2024.1.3,Win32,60.60606061,,,,,,,,,,,,,,,,,x,,,,,,,,,,,,,,,,,,,,,,,,,,,,,,,,,,,,,,,,,,,,,,,,,,,,,,,,,,,,,,,750.7188,751.9838,y,1.2498,,0,4,4,3,1,stimuliTAFCfirst/nimnym004.wav,,,,,,,,,,,,,
,,,,,5f7e700665a5f514520a6f80,001,2024-05-24_09h36.07.160,mathesisv2,2024.1.3,Win32,60.60606061,,,,,,,,,,,,,,,,,y,,,,,,,,,,,,,,,,,,,,,,,,,,,,,,,,,,,,,,,,,,,,,,,,,,,,,,,,,,,,,,,751.9843,753.1994,y,1.2076,,0,5,5,5,1,stimuliTAFCfirst/nimnym006.wav,,,,,,,,,,,,,
,,,,,5f7e700665a5f514520a6f80,001,2024-05-24_09h36.07.160,mathesisv2,2024.1.3,Win32,60.60606061,,,,,,,,,,,,,,,,,y,,,,,,,,,,,,,,,,,,,,,,,,,,,,,,,,,,,,,,,,,,,,,,,,,,,,,,,,,,,,,,,753.1997,754.3818,y,1.1745,,0,6,6,6,1,stimuliTAFCfirst/nimnym007.wav,,,,,,,,,,,,,
,,,,,5f7e700665a5f514520a6f80,001,2024-05-24_09h36.07.160,mathesisv2,2024.1.3,Win32,60.60606061,,,,,,,,,,,,,,,,,y,,,,,,,,,,,,,,,,,,,,,,,,,,,,,,,,,,,,,,,,,,,,,,,,,,,,,,,,,,,,,,,754.3822,755.4982,y,1.0994,,1,0,7,6,1,stimuliTAFCfirst/nimnym007.wav,,,,,,,,,,,,,
,,,,,5f7e700665a5f514520a6f80,001,2024-05-24_09h36.07.160,mathesisv2,2024.1.3,Win32,60.60606061,,,,,,,,,,,,,,,,,e,,,,,,,,,,,,,,,,,,,,,,,,,,,,,,,,,,,,,,,,,,,,,,,,,,,,,,,,,,,,,,,755.4985,757.3291,e,1.8159,,1,1,8,2,1,stimuliTAFCfirst/nimnym003.wav,,,,,,,,,,,,,
,,,,,5f7e700665a5f514520a6f80,001,2024-05-24_09h36.07.160,mathesisv2,2024.1.3,Win32,60.60606061,,,,,,,,,,,,,,,,,y,,,,,,,,,,,,,,,,,,,,,,,,,,,,,,,,,,,,,,,,,,,,,,,,,,,,,,,,,,,,,,,757.3294,758.8445,y,1.5088,,1,2,9,4,1,stimuliTAFCfirst/nimnym005.wav,,,,,,,,,,,,,
,,,,,5f7e700665a5f514520a6f80,001,2024-05-24_09h36.07.160,mathesisv2,2024.1.3,Win32,60.60606061,,,,,,,,,,,,,,,,,e,,,,,,,,,,,,,,,,,,,,,,,,,,,,,,,,,,,,,,,,,,,,,,,,,,,,,,,,,,,,,,,758.8446,759.9941,e,1.1332,,1,3,10,0,1,stimuliTAFCfirst/nimnym001.wav,,,,,,,,,,,,,
,,,,,5f7e700665a5f514520a6f80,001,2024-05-24_09h36.07.160,mathesisv2,2024.1.3,Win32,60.60606061,,,,,,,,,,,,,,,,,e,,,,,,,,,,,,,,,,,,,,,,,,,,,,,,,,,,,,,,,,,,,,,,,,,,,,,,,,,,,,,,,759.9945,761.0263,e,1.0248,,1,4,11,1,1,stimuliTAFCfirst/nimnym002.wav,,,,,,,,,,,,,
,,,,,5f7e700665a5f514520a6f80,001,2024-05-24_09h36.07.160,mathesisv2,2024.1.3,Win32,60.60606061,,,,,,,,,,,,,,,,,x,,,,,,,,,,,,,,,,,,,,,,,,,,,,,,,,,,,,,,,,,,,,,,,,,,,,,,,,,,,,,,,761.0266,762.3088,y,1.2668,,1,5,12,3,1,stimuliTAFCfirst/nimnym004.wav,,,,,,,,,,,,,
,,,,,5f7e700665a5f514520a6f80,001,2024-05-24_09h36.07.160,mathesisv2,2024.1.3,Win32,60.60606061,,,,,,,,,,,,,,,,,y,,,,,,,,,,,,,,,,,,,,,,,,,,,,,,,,,,,,,,,,,,,,,,,,,,,,,,,,,,,,,,,762.3093,763.5582,y,1.2365,,1,6,13,5,1,stimuliTAFCfirst/nimnym006.wav,,,,,,,,,,,,,
,,,,,5f7e700665a5f514520a6f80,001,2024-05-24_09h36.07.160,mathesisv2,2024.1.3,Win32,60.60606061,,,,,,,,,,,,,,,,,y,763.5583,765.1072,space,1.5318,,,,,,,,,,,,,,,,,,,,,,,,,,,,,,,,,,,,,,,,,,,,,,,,,,,,,,,,,,,,,,,,,,,,,,765.1101,767.0717,y,1.9573,,0,0,0,5,1,stimuliTAFCsec/numnym006.wav,,
,,,,,5f7e700665a5f514520a6f80,001,2024-05-24_09h36.07.160,mathesisv2,2024.1.3,Win32,60.60606061,,,,,,,,,,,,,,,,,y,,,,,,,,,,,,,,,,,,,,,,,,,,,,,,,,,,,,,,,,,,,,,,,,,,,,,,,,,,,,,,,,,,,,,,,,,,767.0719,768.3205,y,1.2325,,0,1,1,6,1,stimuliTAFCsec/numnym007.wav,,
,,,,,5f7e700665a5f514520a6f80,001,2024-05-24_09h36.07.160,mathesisv2,2024.1.3,Win32,60.60606061,,,,,,,,,,,,,,,,,u,,,,,,,,,,,,,,,,,,,,,,,,,,,,,,,,,,,,,,,,,,,,,,,,,,,,,,,,,,,,,,,,,,,,,,,,,,768.3208,769.7859,u,1.4522,,0,2,2,0,1,stimuliTAFCsec/numnym001.wav,,
,,,,,5f7e700665a5f514520a6f80,001,2024-05-24_09h36.07.160,mathesisv2,2024.1.3,Win32,60.60606061,,,,,,,,,,,,,,,,,u,,,,,,,,,,,,,,,,,,,,,,,,,,,,,,,,,,,,,,,,,,,,,,,,,,,,,,,,,,,,,,,,,,,,,,,,,,769.7863,771.2012,u,1.4004,,0,3,3,2,1,stimuliTAFCsec/numnym003.wav,,
,,,,,5f7e700665a5f514520a6f80,001,2024-05-24_09h36.07.160,mathesisv2,2024.1.3,Win32,60.60606061,,,,,,,,,,,,,,,,,u,,,,,,,,,,,,,,,,,,,,,,,,,,,,,,,,,,,,,,,,,,,,,,,,,,,,,,,,,,,,,,,,,,,,,,,,,,771.2015,772.4341,u,1.2166,,0,4,4,1,1,stimuliTAFCsec/numnym002.wav,,
,,,,,5f7e700665a5f514520a6f80,001,2024-05-24_09h36.07.160,mathesisv2,2024.1.3,Win32,60.60606061,,,,,,,,,,,,,,,,,x,,,,,,,,,,,,,,,,,,,,,,,,,,,,,,,,,,,,,,,,,,,,,,,,,,,,,,,,,,,,,,,,,,,,,,,,,,772.4343,773.633,u,1.188,,0,5,5,3,1,stimuliTAFCsec/numnym004.wav,,
,,,,,5f7e700665a5f514520a6f80,001,2024-05-24_09h36.07.160,mathesisv2,2024.1.3,Win32,60.60606061,,,,,,,,,,,,,,,,,y,,,,,,,,,,,,,,,,,,,,,,,,,,,,,,,,,,,,,,,,,,,,,,,,,,,,,,,,,,,,,,,,,,,,,,,,,,773.6334,775.0486,y,1.4029,,0,6,6,4,1,stimuliTAFCsec/numnym005.wav,,
,,,,,5f7e700665a5f514520a6f80,001,2024-05-24_09h36.07.160,mathesisv2,2024.1.3,Win32,60.60606061,,,,,,,,,,,,,,,,,u,,,,,,,,,,,,,,,,,,,,,,,,,,,,,,,,,,,,,,,,,,,,,,,,,,,,,,,,,,,,,,,,,,,,,,,,,,775.0489,776.2636,u,1.2014,,1,0,7,0,1,stimuliTAFCsec/numnym001.wav,,
,,,,,5f7e700665a5f514520a6f80,001,2024-05-24_09h36.07.160,mathesisv2,2024.1.3,Win32,60.60606061,,,,,,,,,,,,,,,,,u,,,,,,,,,,,,,,,,,,,,,,,,,,,,,,,,,,,,,,,,,,,,,,,,,,,,,,,,,,,,,,,,,,,,,,,,,,776.264,778.1126,u,1.8351,,1,1,8,2,1,stimuliTAFCsec/numnym003.wav,,
,,,,,5f7e700665a5f514520a6f80,001,2024-05-24_09h36.07.160,mathesisv2,2024.1.3,Win32,60.60606061,,,,,,,,,,,,,,,,,y,,,,,,,,,,,,,,,,,,,,,,,,,,,,,,,,,,,,,,,,,,,,,,,,,,,,,,,,,,,,,,,,,,,,,,,,,,778.113,779.5109,y,1.3916,,1,2,9,4,1,stimuliTAFCsec/numnym005.wav,,
,,,,,5f7e700665a5f514520a6f80,001,2024-05-24_09h36.07.160,mathesisv2,2024.1.3,Win32,60.60606061,,,,,,,,,,,,,,,,,x,,,,,,,,,,,,,,,,,,,,,,,,,,,,,,,,,,,,,,,,,,,,,,,,,,,,,,,,,,,,,,,,,,,,,,,,,,779.5111,780.66,y,1.1431,,1,3,10,3,1,stimuliTAFCsec/numnym004.wav,,
,,,,,5f7e700665a5f514520a6f80,001,2024-05-24_09h36.07.160,mathesisv2,2024.1.3,Win32,60.60606061,,,,,,,,,,,,,,,,,u,,,,,,,,,,,,,,,,,,,,,,,,,,,,,,,,,,,,,,,,,,,,,,,,,,,,,,,,,,,,,,,,,,,,,,,,,,780.6603,781.8089,u,1.1382,,1,4,11,1,1,stimuliTAFCsec/numnym002.wav,,
,,,,,5f7e700665a5f514520a6f80,001,2024-05-24_09h36.07.160,mathesisv2,2024.1.3,Win32,60.60606061,,,,,,,,,,,,,,,,,y,,,,,,,,,,,,,,,,,,,,,,,,,,,,,,,,,,,,,,,,,,,,,,,,,,,,,,,,,,,,,,,,,,,,,,,,,,781.8093,783.0913,y,1.2757,,1,5,12,6,1,stimuliTAFCsec/numnym007.wav,,
,,,,,5f7e700665a5f514520a6f80,001,2024-05-24_09h36.07.160,mathesisv2,2024.1.3,Win32,60.60606061,,,,,,,,,,,,,,,,,y,,,,,,,,,,,,,,,,,,,,,,,,,,,,,,,,,,,,,,,,,,,,,,,,,,,,,,,,,,,,,,,,,,,,,,,,,,783.0915,784.3242,y,1.2166,,1,6,13,5,1,stimuliTAFCsec/numnym006.wav,,
,,,,,5f7e700665a5f514520a6f80,001,2024-05-24_09h36.07.160,mathesisv2,2024.1.3,Win32,60.60606061,,,,,,,,,,,,,,,,,,,,,,,,,,,,,,,,,,,,,,,,,,,784.3244,785.923,space,1.5823,,,,,,,,,,,,,,,,,,,,,,,,,,,,,,,,,,,,,,,,,,,,,,,,,,,,,,,,785.931,790.9189
