﻿start.started,start.stopped,startkey_resp.keys,startkey_resp.rt,startkey_resp.duration,participant,session,date,expName,psychopyVersion,OS,frameRate,attention.started,attention.stopped,key_resp.keys,key_resp.rt,key_resp.duration,stimuliAXBmix.started,stimuliAXBmix.stopped,stimuliAXBkey_resp.keys,stimuliAXBkey_resp.rt,stimuliAXBkey_resp.duration,stimuliAXBtesttrials.thisRepN,stimuliAXBtesttrials.thisTrialN,stimuliAXBtesttrials.thisN,stimuliAXBtesttrials.thisIndex,stimuliAXBtesttrials.ran,stimuliAXBmix,Correct,attentionsecond.started,attentionsecond.stopped,attentionsecondkey_resp.keys,attentionsecondkey_resp.rt,attentionsecondkey_resp.duration,instAXBreal.started,instAXBreal.stopped,instAXBrealkey_resp.keys,instAXBrealkey_resp.rt,instAXBrealkey_resp.duration,stimuliAXBmixfirst.thisRepN,stimuliAXBmixfirst.thisTrialN,stimuliAXBmixfirst.thisN,stimuliAXBmixfirst.thisIndex,stimuliAXBmixfirst.ran,attentionfirst.started,attentionfirst.stopped,attentionfirstkey_resp.keys,attentionfirstkey_resp.rt,attentionfirstkey_resp.duration,stimuliAXbmixsec.thisRepN,stimuliAXbmixsec.thisTrialN,stimuliAXbmixsec.thisN,stimuliAXbmixsec.thisIndex,stimuliAXbmixsec.ran,kaffeepause.started,kaffeepause.stopped,kaffeepausekey_resp.keys,kaffeepausekey_resp.rt,kaffeepausekey_resp.duration,instTAFCtest.started,instTAFCtest.stopped,instTAFCtestkey_resp.keys,instTAFCtestkey_resp.rt,instTAFCtestkey_resp.duration,testTAFCmixfirst.started,testTAFCmixfirst.stopped,testTAFCmixfirstkey_resp.keys,testTAFCmixfirstkey_resp.rt,testTAFCmixfirstkey_resp.duration,testTAFCmixfirsttrials.thisRepN,testTAFCmixfirsttrials.thisTrialN,testTAFCmixfirsttrials.thisN,testTAFCmixfirsttrials.thisIndex,testTAFCmixfirsttrials.ran,testTAFCmixfirst,testTAFCmixsec.started,testTAFCmixsec.stopped,testTAFCmixseckey_resp.keys,testTAFCmixseckey_resp.rt,testTAFCmixseckey_resp.duration,testTAFCmixsectrials.thisRepN,testTAFCmixsectrials.thisTrialN,testTAFCmixsectrials.thisN,testTAFCmixsectrials.thisIndex,testTAFCmixsectrials.ran,testTAFCmixsec,instTAFCreal.started,instTAFCreal.stopped,instTAFCrealkey_resp.keys,instTAFCrealkey_resp.rt,instTAFCrealkey_resp.duration,stimuliTAFCfirst.started,stimuliTAFCfirst.stopped,stimuliTAFCfirstkey_resp.keys,stimuliTAFCfirstkey_resp.rt,stimuliTAFCfirstkey_resp.duration,stimuliTAFCfirsttrials.thisRepN,stimuliTAFCfirsttrials.thisTrialN,stimuliTAFCfirsttrials.thisN,stimuliTAFCfirsttrials.thisIndex,stimuliTAFCfirsttrials.ran,stimuliTAFCfirst,stimuliTAFCsec.started,stimuliTAFCsec.stopped,stimuliTAFCseckey_resp.keys,stimuliTAFCseckey_resp.rt,stimuliTAFCseckey_resp.duration,stimuliTAFCsectrials.thisRepN,stimuliTAFCsectrials.thisTrialN,stimuliTAFCsectrials.thisN,stimuliTAFCsectrials.thisIndex,stimuliTAFCsectrials.ran,stimuliTAFCsec,end.started,end.stopped
0,12.632,space,12.598,,35,001,2024-05-28_17h34.16.708,mathesisv2,2024.1.3,Win32,60.09615385,,,,,,,,,,,,,,,,,,,,,,,,,,,,,,,,,,,,,,,,,,,,,,,,,,,,,,,,,,,,,,,,,,,,,,,,,,,,,,,,,,,,,,,,,,,,,,,,,,,,,,,
,,,,,35,001,2024-05-28_17h34.16.708,mathesisv2,2024.1.3,Win32,60.09615385,12.633,14.397,space,1.721,,,,,,,,,,,,,,,,,,,,,,,,,,,,,,,,,,,,,,,,,,,,,,,,,,,,,,,,,,,,,,,,,,,,,,,,,,,,,,,,,,,,,,,,,,,,,,,,,,,
,,,,,35,001,2024-05-28_17h34.16.708,mathesisv2,2024.1.3,Win32,60.09615385,,,,,,14.415,18.993,l,4.547,,0,0,0,3,1,stimuliAXBmix/yyustimulus.wav,l,,,,,,,,,,,,,,,,,,,,,,,,,,,,,,,,,,,,,,,,,,,,,,,,,,,,,,,,,,,,,,,,,,,,,,,,,,,,,,,,,,,,,,
,,,,,35,001,2024-05-28_17h34.16.708,mathesisv2,2024.1.3,Win32,60.09615385,,,,,,18.994,22.691,f,3.689,,0,1,1,1,1,stimuliAXBmix/iyystimulus.wav,f,,,,,,,,,,,,,,,,,,,,,,,,,,,,,,,,,,,,,,,,,,,,,,,,,,,,,,,,,,,,,,,,,,,,,,,,,,,,,,,,,,,,,,
,,,,,35,001,2024-05-28_17h34.16.708,mathesisv2,2024.1.3,Win32,60.09615385,,,,,,22.692,26.354,l,3.644,,0,2,2,0,1,stimuliAXBmix/iiystimulus.wav,l,,,,,,,,,,,,,,,,,,,,,,,,,,,,,,,,,,,,,,,,,,,,,,,,,,,,,,,,,,,,,,,,,,,,,,,,,,,,,,,,,,,,,,
,,,,,35,001,2024-05-28_17h34.16.708,mathesisv2,2024.1.3,Win32,60.09615385,,,,,,26.358,30.101,f,3.733,,0,3,3,2,1,stimuliAXBmix/yuustimulus.wav,f,,,,,,,,,,,,,,,,,,,,,,,,,,,,,,,,,,,,,,,,,,,,,,,,,,,,,,,,,,,,,,,,,,,,,,,,,,,,,,,,,,,,,,
,,,,,35,001,2024-05-28_17h34.16.708,mathesisv2,2024.1.3,Win32,60.09615385,,,,,,,,,,,,,,,,,,30.101,32.132,space,2.01,,,,,,,,,,,,,,,,,,,,,,,,,,,,,,,,,,,,,,,,,,,,,,,,,,,,,,,,,,,,,,,,,,,,,,,,,,,,,,,,,,
,,,,,35,001,2024-05-28_17h34.16.708,mathesisv2,2024.1.3,Win32,60.09615385,,,,,,,,,,,,,,,,,,,,,,,32.133,36.429,space,4.266,,,,,,,,,,,,,,,,,,,,,,,,,,,,,,,,,,,,,,,,,,,,,,,,,,,,,,,,,,,,,,,,,,,,,,,,,,,,,
,,,,,35,001,2024-05-28_17h34.16.708,mathesisv2,2024.1.3,Win32,60.09615385,,,,,,36.458,40.426,f,3.953,,,,,,,stimuliAXBmix/iyystimulus.wav,f,,,,,,,,,,,0,0,0,1,1,,,,,,,,,,,,,,,,,,,,,,,,,,,,,,,,,,,,,,,,,,,,,,,,,,,,,,,,,,,,,,,,,,,,,,,
,,,,,35,001,2024-05-28_17h34.16.708,mathesisv2,2024.1.3,Win32,60.09615385,,,,,,40.426,44.072,l,3.627,,,,,,,stimuliAXBmix/iiystimulus.wav,l,,,,,,,,,,,0,1,1,0,1,,,,,,,,,,,,,,,,,,,,,,,,,,,,,,,,,,,,,,,,,,,,,,,,,,,,,,,,,,,,,,,,,,,,,,,
,,,,,35,001,2024-05-28_17h34.16.708,mathesisv2,2024.1.3,Win32,60.09615385,,,,,,44.073,47.919,l,3.833,,,,,,,stimuliAXBmix/yyustimulus.wav,l,,,,,,,,,,,0,2,2,3,1,,,,,,,,,,,,,,,,,,,,,,,,,,,,,,,,,,,,,,,,,,,,,,,,,,,,,,,,,,,,,,,,,,,,,,,
,,,,,35,001,2024-05-28_17h34.16.708,mathesisv2,2024.1.3,Win32,60.09615385,,,,,,47.92,51.683,f,3.748,,,,,,,stimuliAXBmix/yuustimulus.wav,f,,,,,,,,,,,0,3,3,2,1,,,,,,,,,,,,,,,,,,,,,,,,,,,,,,,,,,,,,,,,,,,,,,,,,,,,,,,,,,,,,,,,,,,,,,,
,,,,,35,001,2024-05-28_17h34.16.708,mathesisv2,2024.1.3,Win32,60.09615385,,,,,,51.685,55.563,l,3.867,,,,,,,stimuliAXBmix/iiystimulus.wav,l,,,,,,,,,,,1,0,4,0,1,,,,,,,,,,,,,,,,,,,,,,,,,,,,,,,,,,,,,,,,,,,,,,,,,,,,,,,,,,,,,,,,,,,,,,,
,,,,,35,001,2024-05-28_17h34.16.708,mathesisv2,2024.1.3,Win32,60.09615385,,,,,,55.564,59.777,l,4.195,,,,,,,stimuliAXBmix/yyustimulus.wav,l,,,,,,,,,,,1,1,5,3,1,,,,,,,,,,,,,,,,,,,,,,,,,,,,,,,,,,,,,,,,,,,,,,,,,,,,,,,,,,,,,,,,,,,,,,,
,,,,,35,001,2024-05-28_17h34.16.708,mathesisv2,2024.1.3,Win32,60.09615385,,,,,,59.782,64.173,f,4.384,,,,,,,stimuliAXBmix/iyystimulus.wav,f,,,,,,,,,,,1,2,6,1,1,,,,,,,,,,,,,,,,,,,,,,,,,,,,,,,,,,,,,,,,,,,,,,,,,,,,,,,,,,,,,,,,,,,,,,,
,,,,,35,001,2024-05-28_17h34.16.708,mathesisv2,2024.1.3,Win32,60.09615385,,,,,,64.175,68.586,f,4.398,,,,,,,stimuliAXBmix/yuustimulus.wav,f,,,,,,,,,,,1,3,7,2,1,,,,,,,,,,,,,,,,,,,,,,,,,,,,,,,,,,,,,,,,,,,,,,,,,,,,,,,,,,,,,,,,,,,,,,,
,,,,,35,001,2024-05-28_17h34.16.708,mathesisv2,2024.1.3,Win32,60.09615385,,,,,,68.587,72.599,l,3.995,,,,,,,stimuliAXBmix/iiystimulus.wav,l,,,,,,,,,,,2,0,8,0,1,,,,,,,,,,,,,,,,,,,,,,,,,,,,,,,,,,,,,,,,,,,,,,,,,,,,,,,,,,,,,,,,,,,,,,,
,,,,,35,001,2024-05-28_17h34.16.708,mathesisv2,2024.1.3,Win32,60.09615385,,,,,,72.6,77.579,l,4.967,,,,,,,stimuliAXBmix/yyustimulus.wav,l,,,,,,,,,,,2,1,9,3,1,,,,,,,,,,,,,,,,,,,,,,,,,,,,,,,,,,,,,,,,,,,,,,,,,,,,,,,,,,,,,,,,,,,,,,,
,,,,,35,001,2024-05-28_17h34.16.708,mathesisv2,2024.1.3,Win32,60.09615385,,,,,,77.58,81.542,f,3.941,,,,,,,stimuliAXBmix/iyystimulus.wav,f,,,,,,,,,,,2,2,10,1,1,,,,,,,,,,,,,,,,,,,,,,,,,,,,,,,,,,,,,,,,,,,,,,,,,,,,,,,,,,,,,,,,,,,,,,,
,,,,,35,001,2024-05-28_17h34.16.708,mathesisv2,2024.1.3,Win32,60.09615385,,,,,,81.543,85.455,f,3.895,,,,,,,stimuliAXBmix/yuustimulus.wav,f,,,,,,,,,,,2,3,11,2,1,,,,,,,,,,,,,,,,,,,,,,,,,,,,,,,,,,,,,,,,,,,,,,,,,,,,,,,,,,,,,,,,,,,,,,,
,,,,,35,001,2024-05-28_17h34.16.708,mathesisv2,2024.1.3,Win32,60.09615385,,,,,,86.987,91.084,f,4.082,,,,,,,stimuliAXBmix/iyystimulus.wav,f,,,,,,,,,,,,,,,,85.456,86.971,space,1.483,,0,0,0,1,1,,,,,,,,,,,,,,,,,,,,,,,,,,,,,,,,,,,,,,,,,,,,,,,,,,,,,,,,,,,,,
,,,,,35,001,2024-05-28_17h34.16.708,mathesisv2,2024.1.3,Win32,60.09615385,,,,,,91.085,95.064,l,3.968,,,,,,,stimuliAXBmix/yyustimulus.wav,l,,,,,,,,,,,,,,,,,,,,,0,1,1,3,1,,,,,,,,,,,,,,,,,,,,,,,,,,,,,,,,,,,,,,,,,,,,,,,,,,,,,,,,,,,,,
,,,,,35,001,2024-05-28_17h34.16.708,mathesisv2,2024.1.3,Win32,60.09615385,,,,,,95.067,99.094,f,4.012,,,,,,,stimuliAXBmix/yuustimulus.wav,f,,,,,,,,,,,,,,,,,,,,,0,2,2,2,1,,,,,,,,,,,,,,,,,,,,,,,,,,,,,,,,,,,,,,,,,,,,,,,,,,,,,,,,,,,,,
,,,,,35,001,2024-05-28_17h34.16.708,mathesisv2,2024.1.3,Win32,60.09615385,,,,,,99.095,103.091,l,3.982,,,,,,,stimuliAXBmix/iiystimulus.wav,l,,,,,,,,,,,,,,,,,,,,,0,3,3,0,1,,,,,,,,,,,,,,,,,,,,,,,,,,,,,,,,,,,,,,,,,,,,,,,,,,,,,,,,,,,,,
,,,,,35,001,2024-05-28_17h34.16.708,mathesisv2,2024.1.3,Win32,60.09615385,,,,,,103.092,107.154,l,4.044,,,,,,,stimuliAXBmix/iiystimulus.wav,l,,,,,,,,,,,,,,,,,,,,,1,0,4,0,1,,,,,,,,,,,,,,,,,,,,,,,,,,,,,,,,,,,,,,,,,,,,,,,,,,,,,,,,,,,,,
,,,,,35,001,2024-05-28_17h34.16.708,mathesisv2,2024.1.3,Win32,60.09615385,,,,,,107.155,110.868,f,3.704,,,,,,,stimuliAXBmix/yuustimulus.wav,f,,,,,,,,,,,,,,,,,,,,,1,1,5,2,1,,,,,,,,,,,,,,,,,,,,,,,,,,,,,,,,,,,,,,,,,,,,,,,,,,,,,,,,,,,,,
,,,,,35,001,2024-05-28_17h34.16.708,mathesisv2,2024.1.3,Win32,60.09615385,,,,,,110.869,115.081,l,4.194,,,,,,,stimuliAXBmix/yyustimulus.wav,l,,,,,,,,,,,,,,,,,,,,,1,2,6,3,1,,,,,,,,,,,,,,,,,,,,,,,,,,,,,,,,,,,,,,,,,,,,,,,,,,,,,,,,,,,,,
,,,,,35,001,2024-05-28_17h34.16.708,mathesisv2,2024.1.3,Win32,60.09615385,,,,,,115.082,119.261,f,4.169,,,,,,,stimuliAXBmix/iyystimulus.wav,f,,,,,,,,,,,,,,,,,,,,,1,3,7,1,1,,,,,,,,,,,,,,,,,,,,,,,,,,,,,,,,,,,,,,,,,,,,,,,,,,,,,,,,,,,,,
,,,,,35,001,2024-05-28_17h34.16.708,mathesisv2,2024.1.3,Win32,60.09615385,,,,,,120.511,124.207,l,3.677,,,,,,,stimuliAXBmix/yyustimulus.wav,l,,,,,,,,,,,0,0,0,3,1,,,,,,,,,,,119.261,120.493,space,1.208,,,,,,,,,,,,,,,,,,,,,,,,,,,,,,,,,,,,,,,,,,,,,,,,,,,,,,,,,
,,,,,35,001,2024-05-28_17h34.16.708,mathesisv2,2024.1.3,Win32,60.09615385,,,,,,124.208,128.021,f,3.802,,,,,,,stimuliAXBmix/iyystimulus.wav,f,,,,,,,,,,,0,1,1,1,1,,,,,,,,,,,,,,,,,,,,,,,,,,,,,,,,,,,,,,,,,,,,,,,,,,,,,,,,,,,,,,,,,,,,,,,
,,,,,35,001,2024-05-28_17h34.16.708,mathesisv2,2024.1.3,Win32,60.09615385,,,,,,128.025,132.05,f,4.007,,,,,,,stimuliAXBmix/yuustimulus.wav,f,,,,,,,,,,,0,2,2,2,1,,,,,,,,,,,,,,,,,,,,,,,,,,,,,,,,,,,,,,,,,,,,,,,,,,,,,,,,,,,,,,,,,,,,,,,
,,,,,35,001,2024-05-28_17h34.16.708,mathesisv2,2024.1.3,Win32,60.09615385,,,,,,132.051,136.163,l,4.096,,,,,,,stimuliAXBmix/iiystimulus.wav,l,,,,,,,,,,,0,3,3,0,1,,,,,,,,,,,,,,,,,,,,,,,,,,,,,,,,,,,,,,,,,,,,,,,,,,,,,,,,,,,,,,,,,,,,,,,
,,,,,35,001,2024-05-28_17h34.16.708,mathesisv2,2024.1.3,Win32,60.09615385,,,,,,136.164,140.227,l,4.042,,,,,,,stimuliAXBmix/iiystimulus.wav,l,,,,,,,,,,,1,0,4,0,1,,,,,,,,,,,,,,,,,,,,,,,,,,,,,,,,,,,,,,,,,,,,,,,,,,,,,,,,,,,,,,,,,,,,,,,
,,,,,35,001,2024-05-28_17h34.16.708,mathesisv2,2024.1.3,Win32,60.09615385,,,,,,140.228,144.19,f,3.947,,,,,,,stimuliAXBmix/iyystimulus.wav,f,,,,,,,,,,,1,1,5,1,1,,,,,,,,,,,,,,,,,,,,,,,,,,,,,,,,,,,,,,,,,,,,,,,,,,,,,,,,,,,,,,,,,,,,,,,
,,,,,35,001,2024-05-28_17h34.16.708,mathesisv2,2024.1.3,Win32,60.09615385,,,,,,144.191,148.121,l,3.918,,,,,,,stimuliAXBmix/yyustimulus.wav,l,,,,,,,,,,,1,2,6,3,1,,,,,,,,,,,,,,,,,,,,,,,,,,,,,,,,,,,,,,,,,,,,,,,,,,,,,,,,,,,,,,,,,,,,,,,
,,,,,35,001,2024-05-28_17h34.16.708,mathesisv2,2024.1.3,Win32,60.09615385,,,,,,148.123,152.1,f,3.969,,,,,,,stimuliAXBmix/yuustimulus.wav,f,,,,,,,,,,,1,3,7,2,1,,,,,,,,,,,,,,,,,,,,,,,,,,,,,,,,,,,,,,,,,,,,,,,,,,,,,,,,,,,,,,,,,,,,,,,
,,,,,35,001,2024-05-28_17h34.16.708,mathesisv2,2024.1.3,Win32,60.09615385,,,,,,152.101,155.947,f,3.832,,,,,,,stimuliAXBmix/yuustimulus.wav,f,,,,,,,,,,,2,0,8,2,1,,,,,,,,,,,,,,,,,,,,,,,,,,,,,,,,,,,,,,,,,,,,,,,,,,,,,,,,,,,,,,,,,,,,,,,
,,,,,35,001,2024-05-28_17h34.16.708,mathesisv2,2024.1.3,Win32,60.09615385,,,,,,155.949,159.794,l,3.829,,,,,,,stimuliAXBmix/yyustimulus.wav,l,,,,,,,,,,,2,1,9,3,1,,,,,,,,,,,,,,,,,,,,,,,,,,,,,,,,,,,,,,,,,,,,,,,,,,,,,,,,,,,,,,,,,,,,,,,
,,,,,35,001,2024-05-28_17h34.16.708,mathesisv2,2024.1.3,Win32,60.09615385,,,,,,159.794,163.725,f,3.914,,,,,,,stimuliAXBmix/iyystimulus.wav,f,,,,,,,,,,,2,2,10,1,1,,,,,,,,,,,,,,,,,,,,,,,,,,,,,,,,,,,,,,,,,,,,,,,,,,,,,,,,,,,,,,,,,,,,,,,
,,,,,35,001,2024-05-28_17h34.16.708,mathesisv2,2024.1.3,Win32,60.09615385,,,,,,163.729,167.504,l,3.766,,,,,,,stimuliAXBmix/iiystimulus.wav,l,,,,,,,,,,,2,3,11,0,1,,,,,,,,,,,,,,,,,,,,,,,,,,,,,,,,,,,,,,,,,,,,,,,,,,,,,,,,,,,,,,,,,,,,,,,
,,,,,35,001,2024-05-28_17h34.16.708,mathesisv2,2024.1.3,Win32,60.09615385,,,,,,170.522,174.349,l,3.806,,,,,,,stimuliAXBmix/yyustimulus.wav,l,,,,,,,,,,,,,,,,167.505,170.502,space,2.97,,0,0,0,3,1,,,,,,,,,,,,,,,,,,,,,,,,,,,,,,,,,,,,,,,,,,,,,,,,,,,,,,,,,,,,,
,,,,,35,001,2024-05-28_17h34.16.708,mathesisv2,2024.1.3,Win32,60.09615385,,,,,,174.35,178.162,f,3.796,,,,,,,stimuliAXBmix/iyystimulus.wav,f,,,,,,,,,,,,,,,,,,,,,0,1,1,1,1,,,,,,,,,,,,,,,,,,,,,,,,,,,,,,,,,,,,,,,,,,,,,,,,,,,,,,,,,,,,,
,,,,,35,001,2024-05-28_17h34.16.708,mathesisv2,2024.1.3,Win32,60.09615385,,,,,,178.162,181.976,l,3.803,,,,,,,stimuliAXBmix/iiystimulus.wav,l,,,,,,,,,,,,,,,,,,,,,0,2,2,0,1,,,,,,,,,,,,,,,,,,,,,,,,,,,,,,,,,,,,,,,,,,,,,,,,,,,,,,,,,,,,,
,,,,,35,001,2024-05-28_17h34.16.708,mathesisv2,2024.1.3,Win32,60.09615385,,,,,,181.977,186.006,f,4.021,,,,,,,stimuliAXBmix/yuustimulus.wav,f,,,,,,,,,,,,,,,,,,,,,0,3,3,2,1,,,,,,,,,,,,,,,,,,,,,,,,,,,,,,,,,,,,,,,,,,,,,,,,,,,,,,,,,,,,,
,,,,,35,001,2024-05-28_17h34.16.708,mathesisv2,2024.1.3,Win32,60.09615385,,,,,,186.006,189.669,l,3.645,,,,,,,stimuliAXBmix/yyustimulus.wav,l,,,,,,,,,,,,,,,,,,,,,1,0,4,3,1,,,,,,,,,,,,,,,,,,,,,,,,,,,,,,,,,,,,,,,,,,,,,,,,,,,,,,,,,,,,,
,,,,,35,001,2024-05-28_17h34.16.708,mathesisv2,2024.1.3,Win32,60.09615385,,,,,,189.67,193.651,f,3.962,,,,,,,stimuliAXBmix/iyystimulus.wav,f,,,,,,,,,,,,,,,,,,,,,1,1,5,1,1,,,,,,,,,,,,,,,,,,,,,,,,,,,,,,,,,,,,,,,,,,,,,,,,,,,,,,,,,,,,,
,,,,,35,001,2024-05-28_17h34.16.708,mathesisv2,2024.1.3,Win32,60.09615385,,,,,,193.655,197.647,l,3.979,,,,,,,stimuliAXBmix/iiystimulus.wav,l,,,,,,,,,,,,,,,,,,,,,1,2,6,0,1,,,,,,,,,,,,,,,,,,,,,,,,,,,,,,,,,,,,,,,,,,,,,,,,,,,,,,,,,,,,,
,,,,,35,001,2024-05-28_17h34.16.708,mathesisv2,2024.1.3,Win32,60.09615385,,,,,,197.649,201.41,f,3.751,,,,,,,stimuliAXBmix/yuustimulus.wav,f,,,,,,,,,,,,,,,,,,,,,1,3,7,2,1,,,,,,,,,,,,,,,,,,,,,,,,,,,,,,,,,,,,,,,,,,,,,,,,,,,,,,,,,,,,,
,,,,,35,001,2024-05-28_17h34.16.708,mathesisv2,2024.1.3,Win32,60.09615385,,,,,,203.501,207.338,f,3.832,,,,,,,stimuliAXBmix/iyystimulus.wav,f,,,,,,,,,,,0,0,0,1,1,,,,,,,,,,,201.411,203.475,space,2.047,,,,,,,,,,,,,,,,,,,,,,,,,,,,,,,,,,,,,,,,,,,,,,,,,,,,,,,,,
,,,,,35,001,2024-05-28_17h34.16.708,mathesisv2,2024.1.3,Win32,60.09615385,,,,,,207.339,211.001,l,3.651,,,,,,,stimuliAXBmix/iiystimulus.wav,l,,,,,,,,,,,0,1,1,0,1,,,,,,,,,,,,,,,,,,,,,,,,,,,,,,,,,,,,,,,,,,,,,,,,,,,,,,,,,,,,,,,,,,,,,,,
,,,,,35,001,2024-05-28_17h34.16.708,mathesisv2,2024.1.3,Win32,60.09615385,,,,,,211.002,214.932,f,3.911,,,,,,,stimuliAXBmix/yuustimulus.wav,f,,,,,,,,,,,0,2,2,2,1,,,,,,,,,,,,,,,,,,,,,,,,,,,,,,,,,,,,,,,,,,,,,,,,,,,,,,,,,,,,,,,,,,,,,,,
,,,,,35,001,2024-05-28_17h34.16.708,mathesisv2,2024.1.3,Win32,60.09615385,,,,,,214.933,218.646,l,3.706,,,,,,,stimuliAXBmix/yyustimulus.wav,l,,,,,,,,,,,0,3,3,3,1,,,,,,,,,,,,,,,,,,,,,,,,,,,,,,,,,,,,,,,,,,,,,,,,,,,,,,,,,,,,,,,,,,,,,,,
,,,,,35,001,2024-05-28_17h34.16.708,mathesisv2,2024.1.3,Win32,60.09615385,,,,,,218.647,222.393,f,3.735,,,,,,,stimuliAXBmix/yuustimulus.wav,f,,,,,,,,,,,1,0,4,2,1,,,,,,,,,,,,,,,,,,,,,,,,,,,,,,,,,,,,,,,,,,,,,,,,,,,,,,,,,,,,,,,,,,,,,,,
,,,,,35,001,2024-05-28_17h34.16.708,mathesisv2,2024.1.3,Win32,60.09615385,,,,,,222.394,226.273,f,3.865,,,,,,,stimuliAXBmix/iyystimulus.wav,f,,,,,,,,,,,1,1,5,1,1,,,,,,,,,,,,,,,,,,,,,,,,,,,,,,,,,,,,,,,,,,,,,,,,,,,,,,,,,,,,,,,,,,,,,,,
,,,,,35,001,2024-05-28_17h34.16.708,mathesisv2,2024.1.3,Win32,60.09615385,,,,,,226.274,229.987,l,3.707,,,,,,,stimuliAXBmix/yyustimulus.wav,l,,,,,,,,,,,1,2,6,3,1,,,,,,,,,,,,,,,,,,,,,,,,,,,,,,,,,,,,,,,,,,,,,,,,,,,,,,,,,,,,,,,,,,,,,,,
,,,,,35,001,2024-05-28_17h34.16.708,mathesisv2,2024.1.3,Win32,60.09615385,,,,,,229.991,233.9,l,3.889,,,,,,,stimuliAXBmix/iiystimulus.wav,l,,,,,,,,,,,1,3,7,0,1,,,,,,,,,,,,,,,,,,,,,,,,,,,,,,,,,,,,,,,,,,,,,,,,,,,,,,,,,,,,,,,,,,,,,,,
,,,,,35,001,2024-05-28_17h34.16.708,mathesisv2,2024.1.3,Win32,60.09615385,,,,,,233.9,237.947,f,4.036,,,,,,,stimuliAXBmix/yuustimulus.wav,f,,,,,,,,,,,2,0,8,2,1,,,,,,,,,,,,,,,,,,,,,,,,,,,,,,,,,,,,,,,,,,,,,,,,,,,,,,,,,,,,,,,,,,,,,,,
,,,,,35,001,2024-05-28_17h34.16.708,mathesisv2,2024.1.3,Win32,60.09615385,,,,,,237.947,241.643,l,3.681,,,,,,,stimuliAXBmix/yyustimulus.wav,l,,,,,,,,,,,2,1,9,3,1,,,,,,,,,,,,,,,,,,,,,,,,,,,,,,,,,,,,,,,,,,,,,,,,,,,,,,,,,,,,,,,,,,,,,,,
,,,,,35,001,2024-05-28_17h34.16.708,mathesisv2,2024.1.3,Win32,60.09615385,,,,,,241.645,245.824,l,4.169,,,,,,,stimuliAXBmix/iiystimulus.wav,l,,,,,,,,,,,2,2,10,0,1,,,,,,,,,,,,,,,,,,,,,,,,,,,,,,,,,,,,,,,,,,,,,,,,,,,,,,,,,,,,,,,,,,,,,,,
,,,,,35,001,2024-05-28_17h34.16.708,mathesisv2,2024.1.3,Win32,60.09615385,,,,,,245.824,250.036,f,4.198,,,,,,,stimuliAXBmix/iyystimulus.wav,f,,,,,,,,,,,2,3,11,1,1,,,,,,,,,,,,,,,,,,,,,,,,,,,,,,,,,,,,,,,,,,,,,,,,,,,,,,,,,,,,,,,,,,,,,,,
,,,,,35,001,2024-05-28_17h34.16.708,mathesisv2,2024.1.3,Win32,60.09615385,,,,,,251.969,255.865,l,3.884,,,,,,,stimuliAXBmix/yyustimulus.wav,l,,,,,,,,,,,,,,,,250.037,251.951,space,1.893,,0,0,0,3,1,,,,,,,,,,,,,,,,,,,,,,,,,,,,,,,,,,,,,,,,,,,,,,,,,,,,,,,,,,,,,
,,,,,35,001,2024-05-28_17h34.16.708,mathesisv2,2024.1.3,Win32,60.09615385,,,,,,255.865,259.862,f,3.984,,,,,,,stimuliAXBmix/yuustimulus.wav,f,,,,,,,,,,,,,,,,,,,,,0,1,1,2,1,,,,,,,,,,,,,,,,,,,,,,,,,,,,,,,,,,,,,,,,,,,,,,,,,,,,,,,,,,,,,
,,,,,35,001,2024-05-28_17h34.16.708,mathesisv2,2024.1.3,Win32,60.09615385,,,,,,259.863,264.142,l,4.271,,,,,,,stimuliAXBmix/iiystimulus.wav,l,,,,,,,,,,,,,,,,,,,,,0,2,2,0,1,,,,,,,,,,,,,,,,,,,,,,,,,,,,,,,,,,,,,,,,,,,,,,,,,,,,,,,,,,,,,
,,,,,35,001,2024-05-28_17h34.16.708,mathesisv2,2024.1.3,Win32,60.09615385,,,,,,264.146,268.538,f,4.374,,,,,,,stimuliAXBmix/iyystimulus.wav,f,,,,,,,,,,,,,,,,,,,,,0,3,3,1,1,,,,,,,,,,,,,,,,,,,,,,,,,,,,,,,,,,,,,,,,,,,,,,,,,,,,,,,,,,,,,
,,,,,35,001,2024-05-28_17h34.16.708,mathesisv2,2024.1.3,Win32,60.09615385,,,,,,268.539,272.452,l,3.9,,,,,,,stimuliAXBmix/yyustimulus.wav,l,,,,,,,,,,,,,,,,,,,,,1,0,4,3,1,,,,,,,,,,,,,,,,,,,,,,,,,,,,,,,,,,,,,,,,,,,,,,,,,,,,,,,,,,,,,
,,,,,35,001,2024-05-28_17h34.16.708,mathesisv2,2024.1.3,Win32,60.09615385,,,,,,272.453,276.932,l,4.461,,,,,,,stimuliAXBmix/iiystimulus.wav,l,,,,,,,,,,,,,,,,,,,,,1,1,5,0,1,,,,,,,,,,,,,,,,,,,,,,,,,,,,,,,,,,,,,,,,,,,,,,,,,,,,,,,,,,,,,
,,,,,35,001,2024-05-28_17h34.16.708,mathesisv2,2024.1.3,Win32,60.09615385,,,,,,276.932,281.411,f,4.463,,,,,,,stimuliAXBmix/iyystimulus.wav,f,,,,,,,,,,,,,,,,,,,,,1,2,6,1,1,,,,,,,,,,,,,,,,,,,,,,,,,,,,,,,,,,,,,,,,,,,,,,,,,,,,,,,,,,,,,
,,,,,35,001,2024-05-28_17h34.16.708,mathesisv2,2024.1.3,Win32,60.09615385,,,,,,281.412,285.54,f,4.112,,,,,,,stimuliAXBmix/yuustimulus.wav,f,,,,,,,,,,,,,,,,,,,,,1,3,7,2,1,,,,,,,,,,,,,,,,,,,,,,,,,,,,,,,,,,,,,,,,,,,,,,,,,,,,,,,,,,,,,
,,,,,35,001,2024-05-28_17h34.16.708,mathesisv2,2024.1.3,Win32,60.09615385,,,,,,287.531,291.336,l,3.793,,,,,,,stimuliAXBmix/yyustimulus.wav,l,,,,,,,,,,,0,0,0,3,1,,,,,,,,,,,285.541,287.506,space,1.94,,,,,,,,,,,,,,,,,,,,,,,,,,,,,,,,,,,,,,,,,,,,,,,,,,,,,,,,,
,,,,,35,001,2024-05-28_17h34.16.708,mathesisv2,2024.1.3,Win32,60.09615385,,,,,,291.337,295.4,l,4.046,,,,,,,stimuliAXBmix/iiystimulus.wav,l,,,,,,,,,,,0,1,1,0,1,,,,,,,,,,,,,,,,,,,,,,,,,,,,,,,,,,,,,,,,,,,,,,,,,,,,,,,,,,,,,,,,,,,,,,,
,,,,,35,001,2024-05-28_17h34.16.708,mathesisv2,2024.1.3,Win32,60.09615385,,,,,,295.405,299.529,f,4.109,,,,,,,stimuliAXBmix/yuustimulus.wav,f,,,,,,,,,,,0,2,2,2,1,,,,,,,,,,,,,,,,,,,,,,,,,,,,,,,,,,,,,,,,,,,,,,,,,,,,,,,,,,,,,,,,,,,,,,,
,,,,,35,001,2024-05-28_17h34.16.708,mathesisv2,2024.1.3,Win32,60.09615385,,,,,,299.53,303.843,f,4.304,,,,,,,stimuliAXBmix/iyystimulus.wav,f,,,,,,,,,,,0,3,3,1,1,,,,,,,,,,,,,,,,,,,,,,,,,,,,,,,,,,,,,,,,,,,,,,,,,,,,,,,,,,,,,,,,,,,,,,,
,,,,,35,001,2024-05-28_17h34.16.708,mathesisv2,2024.1.3,Win32,60.09615385,,,,,,303.844,307.843,f,3.992,,,,,,,stimuliAXBmix/yuustimulus.wav,f,,,,,,,,,,,1,0,4,2,1,,,,,,,,,,,,,,,,,,,,,,,,,,,,,,,,,,,,,,,,,,,,,,,,,,,,,,,,,,,,,,,,,,,,,,,
,,,,,35,001,2024-05-28_17h34.16.708,mathesisv2,2024.1.3,Win32,60.09615385,,,,,,307.846,311.969,l,4.108,,,,,,,stimuliAXBmix/yyustimulus.wav,l,,,,,,,,,,,1,1,5,3,1,,,,,,,,,,,,,,,,,,,,,,,,,,,,,,,,,,,,,,,,,,,,,,,,,,,,,,,,,,,,,,,,,,,,,,,
,,,,,35,001,2024-05-28_17h34.16.708,mathesisv2,2024.1.3,Win32,60.09615385,,,,,,311.97,316.182,f,4.201,,,,,,,stimuliAXBmix/iyystimulus.wav,f,,,,,,,,,,,1,2,6,1,1,,,,,,,,,,,,,,,,,,,,,,,,,,,,,,,,,,,,,,,,,,,,,,,,,,,,,,,,,,,,,,,,,,,,,,,
,,,,,35,001,2024-05-28_17h34.16.708,mathesisv2,2024.1.3,Win32,60.09615385,,,,,,316.184,320.146,l,3.945,,,,,,,stimuliAXBmix/iiystimulus.wav,l,,,,,,,,,,,1,3,7,0,1,,,,,,,,,,,,,,,,,,,,,,,,,,,,,,,,,,,,,,,,,,,,,,,,,,,,,,,,,,,,,,,,,,,,,,,
,,,,,35,001,2024-05-28_17h34.16.708,mathesisv2,2024.1.3,Win32,60.09615385,,,,,,320.147,324.159,l,4,,,,,,,stimuliAXBmix/iiystimulus.wav,l,,,,,,,,,,,2,0,8,0,1,,,,,,,,,,,,,,,,,,,,,,,,,,,,,,,,,,,,,,,,,,,,,,,,,,,,,,,,,,,,,,,,,,,,,,,
,,,,,35,001,2024-05-28_17h34.16.708,mathesisv2,2024.1.3,Win32,60.09615385,,,,,,324.159,327.956,f,3.79,,,,,,,stimuliAXBmix/yuustimulus.wav,f,,,,,,,,,,,2,1,9,2,1,,,,,,,,,,,,,,,,,,,,,,,,,,,,,,,,,,,,,,,,,,,,,,,,,,,,,,,,,,,,,,,,,,,,,,,
,,,,,35,001,2024-05-28_17h34.16.708,mathesisv2,2024.1.3,Win32,60.09615385,,,,,,327.956,331.937,f,3.968,,,,,,,stimuliAXBmix/iyystimulus.wav,f,,,,,,,,,,,2,2,10,1,1,,,,,,,,,,,,,,,,,,,,,,,,,,,,,,,,,,,,,,,,,,,,,,,,,,,,,,,,,,,,,,,,,,,,,,,
,,,,,35,001,2024-05-28_17h34.16.708,mathesisv2,2024.1.3,Win32,60.09615385,,,,,,331.942,335.716,l,3.767,,,,,,,stimuliAXBmix/yyustimulus.wav,l,,,,,,,,,,,2,3,11,3,1,,,,,,,,,,,,,,,,,,,,,,,,,,,,,,,,,,,,,,,,,,,,,,,,,,,,,,,,,,,,,,,,,,,,,,,
,,,,,35,001,2024-05-28_17h34.16.708,mathesisv2,2024.1.3,Win32,60.09615385,,,,,,338.068,342.228,f,4.142,,,,,,,stimuliAXBmix/yuustimulus.wav,f,,,,,,,,,,,,,,,,335.717,338.048,space,2.31,,0,0,0,2,1,,,,,,,,,,,,,,,,,,,,,,,,,,,,,,,,,,,,,,,,,,,,,,,,,,,,,,,,,,,,,
,,,,,35,001,2024-05-28_17h34.16.708,mathesisv2,2024.1.3,Win32,60.09615385,,,,,,342.228,346.307,f,4.065,,,,,,,stimuliAXBmix/iyystimulus.wav,f,,,,,,,,,,,,,,,,,,,,,0,1,1,1,1,,,,,,,,,,,,,,,,,,,,,,,,,,,,,,,,,,,,,,,,,,,,,,,,,,,,,,,,,,,,,
,,,,,35,001,2024-05-28_17h34.16.708,mathesisv2,2024.1.3,Win32,60.09615385,,,,,,346.308,350.27,l,3.95,,,,,,,stimuliAXBmix/iiystimulus.wav,l,,,,,,,,,,,,,,,,,,,,,0,2,2,0,1,,,,,,,,,,,,,,,,,,,,,,,,,,,,,,,,,,,,,,,,,,,,,,,,,,,,,,,,,,,,,
,,,,,35,001,2024-05-28_17h34.16.708,mathesisv2,2024.1.3,Win32,60.09615385,,,,,,350.271,354.035,l,3.755,,,,,,,stimuliAXBmix/yyustimulus.wav,l,,,,,,,,,,,,,,,,,,,,,0,3,3,3,1,,,,,,,,,,,,,,,,,,,,,,,,,,,,,,,,,,,,,,,,,,,,,,,,,,,,,,,,,,,,,
,,,,,35,001,2024-05-28_17h34.16.708,mathesisv2,2024.1.3,Win32,60.09615385,,,,,,354.036,357.981,l,3.935,,,,,,,stimuliAXBmix/yyustimulus.wav,l,,,,,,,,,,,,,,,,,,,,,1,0,4,3,1,,,,,,,,,,,,,,,,,,,,,,,,,,,,,,,,,,,,,,,,,,,,,,,,,,,,,,,,,,,,,
,,,,,35,001,2024-05-28_17h34.16.708,mathesisv2,2024.1.3,Win32,60.09615385,,,,,,357.982,361.895,f,3.904,,,,,,,stimuliAXBmix/iyystimulus.wav,f,,,,,,,,,,,,,,,,,,,,,1,1,5,1,1,,,,,,,,,,,,,,,,,,,,,,,,,,,,,,,,,,,,,,,,,,,,,,,,,,,,,,,,,,,,,
,,,,,35,001,2024-05-28_17h34.16.708,mathesisv2,2024.1.3,Win32,60.09615385,,,,,,361.895,365.543,f,3.637,,,,,,,stimuliAXBmix/yuustimulus.wav,f,,,,,,,,,,,,,,,,,,,,,1,2,6,2,1,,,,,,,,,,,,,,,,,,,,,,,,,,,,,,,,,,,,,,,,,,,,,,,,,,,,,,,,,,,,,
,,,,,35,001,2024-05-28_17h34.16.708,mathesisv2,2024.1.3,Win32,60.09615385,,,,,,365.548,369.422,l,3.863,,,,,,,stimuliAXBmix/iiystimulus.wav,l,,,,,,,,,,,,,,,,,,,,,1,3,7,0,1,,,,,,,,,,,,,,,,,,,,,,,,,,,,,,,,,,,,,,,,,,,,,,,,,,,,,,,,,,,,,
,,,,,35,001,2024-05-28_17h34.16.708,mathesisv2,2024.1.3,Win32,60.09615385,,,,,,,,,,,,,,,,,,,,,,,,,,,,,,,,,,,,,,,,,,,369.422,371.203,space,1.758,,371.204,375.051,space,3.813,,,,,,,,,,,,,,,,,,,,,,,,,,,,,,,,,,,,,,,,,,,,,,,,,,,,
,,,,,35,001,2024-05-28_17h34.16.708,mathesisv2,2024.1.3,Win32,60.09615385,,,,,,,,,,,,,,,,,,,,,,,,,,,,,,,,,,,,,,,,,,,,,,,,,,,,,375.074,379.563,e,4.465,,0,0,0,1,1,testTAFCmixfirst/nimnym002.wav,,,,,,,,,,,,,,,,,,,,,,,,,,,,,,,,,,,,,,,,
,,,,,35,001,2024-05-28_17h34.16.708,mathesisv2,2024.1.3,Win32,60.09615385,,,,,,,,,,,,,,,,,,,,,,,,,,,,,,,,,,,,,,,,,,,,,,,,,,,,,379.565,383.128,e,3.548,,0,1,1,0,1,testTAFCmixfirst/nimnym001.wav,,,,,,,,,,,,,,,,,,,,,,,,,,,,,,,,,,,,,,,,
,,,,,35,001,2024-05-28_17h34.16.708,mathesisv2,2024.1.3,Win32,60.09615385,,,,,,,,,,,,,,,,,,,,,,,,,,,,,,,,,,,,,,,,,,,,,,,,,,,,,383.128,385.509,y,2.371,,0,2,2,2,1,testTAFCmixfirst/nimnym006.wav,,,,,,,,,,,,,,,,,,,,,,,,,,,,,,,,,,,,,,,,
,,,,,35,001,2024-05-28_17h34.16.708,mathesisv2,2024.1.3,Win32,60.09615385,,,,,,,,,,,,,,,,,,,,,,,,,,,,,,,,,,,,,,,,,,,,,,,,,,,,,,,,,,,,,,,,385.517,389.039,y,3.49,,0,0,0,2,1,testTAFCmixsec/numnym006.wav,,,,,,,,,,,,,,,,,,,,,,,,,,,,,
,,,,,35,001,2024-05-28_17h34.16.708,mathesisv2,2024.1.3,Win32,60.09615385,,,,,,,,,,,,,,,,,,,,,,,,,,,,,,,,,,,,,,,,,,,,,,,,,,,,,,,,,,,,,,,,389.04,394.834,u,5.775,,0,1,1,0,1,testTAFCmixsec/numnym001.wav,,,,,,,,,,,,,,,,,,,,,,,,,,,,,
,,,,,35,001,2024-05-28_17h34.16.708,mathesisv2,2024.1.3,Win32,60.09615385,,,,,,,,,,,,,,,,,,,,,,,,,,,,,,,,,,,,,,,,,,,,,,,,,,,,,,,,,,,,,,,,394.835,396.933,u,2.082,,0,2,2,1,1,testTAFCmixsec/numnym002.wav,,,,,,,,,,,,,,,,,,,,,,,,,,,,,
,,,,,35,001,2024-05-28_17h34.16.708,mathesisv2,2024.1.3,Win32,60.09615385,,,,,,,,,,,,,,,,,,,,,,,,,,,,,,,,,,,,,,,,,,,,,,,,,,,,,,,,,,,,,,,,,,,,,,,,,,,396.933,492.671,space,95.714,,,,,,,,,,,,,,,,,,,,,,,,,
,,,,,35,001,2024-05-28_17h34.16.708,mathesisv2,2024.1.3,Win32,60.09615385,,,,,,,,,,,,,,,,,y,,,,,,,,,,,,,,,,,,,,,,,,,,,,,,,,,,,,,,,,,,,,,,,,,,,,,,,,,,,,,,,492.697,494.903,y,2.178,,0,0,0,4,1,stimuliTAFCfirst/nimnym005.wav,,,,,,,,,,,,,
,,,,,35,001,2024-05-28_17h34.16.708,mathesisv2,2024.1.3,Win32,60.09615385,,,,,,,,,,,,,,,,,e,,,,,,,,,,,,,,,,,,,,,,,,,,,,,,,,,,,,,,,,,,,,,,,,,,,,,,,,,,,,,,,494.908,498,y,3.082,,0,1,1,2,1,stimuliTAFCfirst/nimnym003.wav,,,,,,,,,,,,,
,,,,,35,001,2024-05-28_17h34.16.708,mathesisv2,2024.1.3,Win32,60.09615385,,,,,,,,,,,,,,,,,y,,,,,,,,,,,,,,,,,,,,,,,,,,,,,,,,,,,,,,,,,,,,,,,,,,,,,,,,,,,,,,,498,500.914,y,2.901,,0,2,2,5,1,stimuliTAFCfirst/nimnym006.wav,,,,,,,,,,,,,
,,,,,35,001,2024-05-28_17h34.16.708,mathesisv2,2024.1.3,Win32,60.09615385,,,,,,,,,,,,,,,,,x,,,,,,,,,,,,,,,,,,,,,,,,,,,,,,,,,,,,,,,,,,,,,,,,,,,,,,,,,,,,,,,500.915,503.912,y,2.977,,0,3,3,3,1,stimuliTAFCfirst/nimnym004.wav,,,,,,,,,,,,,
,,,,,35,001,2024-05-28_17h34.16.708,mathesisv2,2024.1.3,Win32,60.09615385,,,,,,,,,,,,,,,,,e,,,,,,,,,,,,,,,,,,,,,,,,,,,,,,,,,,,,,,,,,,,,,,,,,,,,,,,,,,,,,,,503.915,506.426,e,2.503,,0,4,4,0,1,stimuliTAFCfirst/nimnym001.wav,,,,,,,,,,,,,
,,,,,35,001,2024-05-28_17h34.16.708,mathesisv2,2024.1.3,Win32,60.09615385,,,,,,,,,,,,,,,,,e,,,,,,,,,,,,,,,,,,,,,,,,,,,,,,,,,,,,,,,,,,,,,,,,,,,,,,,,,,,,,,,506.427,508.79,e,2.349,,0,5,5,1,1,stimuliTAFCfirst/nimnym002.wav,,,,,,,,,,,,,
,,,,,35,001,2024-05-28_17h34.16.708,mathesisv2,2024.1.3,Win32,60.09615385,,,,,,,,,,,,,,,,,y,,,,,,,,,,,,,,,,,,,,,,,,,,,,,,,,,,,,,,,,,,,,,,,,,,,,,,,,,,,,,,,508.792,511.605,y,2.806,,0,6,6,6,1,stimuliTAFCfirst/nimnym007.wav,,,,,,,,,,,,,
,,,,,35,001,2024-05-28_17h34.16.708,mathesisv2,2024.1.3,Win32,60.09615385,,,,,,,,,,,,,,,,,y,,,,,,,,,,,,,,,,,,,,,,,,,,,,,,,,,,,,,,,,,,,,,,,,,,,,,,,,,,,,,,,511.605,514.136,y,2.513,,1,0,7,6,1,stimuliTAFCfirst/nimnym007.wav,,,,,,,,,,,,,
,,,,,35,001,2024-05-28_17h34.16.708,mathesisv2,2024.1.3,Win32,60.09615385,,,,,,,,,,,,,,,,,x,,,,,,,,,,,,,,,,,,,,,,,,,,,,,,,,,,,,,,,,,,,,,,,,,,,,,,,,,,,,,,,514.137,516.784,y,2.622,,1,1,8,3,1,stimuliTAFCfirst/nimnym004.wav,,,,,,,,,,,,,
,,,,,35,001,2024-05-28_17h34.16.708,mathesisv2,2024.1.3,Win32,60.09615385,,,,,,,,,,,,,,,,,e,,,,,,,,,,,,,,,,,,,,,,,,,,,,,,,,,,,,,,,,,,,,,,,,,,,,,,,,,,,,,,,516.785,520.232,y,3.427,,1,2,9,2,1,stimuliTAFCfirst/nimnym003.wav,,,,,,,,,,,,,
,,,,,35,001,2024-05-28_17h34.16.708,mathesisv2,2024.1.3,Win32,60.09615385,,,,,,,,,,,,,,,,,y,,,,,,,,,,,,,,,,,,,,,,,,,,,,,,,,,,,,,,,,,,,,,,,,,,,,,,,,,,,,,,,520.233,523.064,y,2.823,,1,3,10,4,1,stimuliTAFCfirst/nimnym005.wav,,,,,,,,,,,,,
,,,,,35,001,2024-05-28_17h34.16.708,mathesisv2,2024.1.3,Win32,60.09615385,,,,,,,,,,,,,,,,,e,,,,,,,,,,,,,,,,,,,,,,,,,,,,,,,,,,,,,,,,,,,,,,,,,,,,,,,,,,,,,,,523.065,526.193,e,3.116,,1,4,11,0,1,stimuliTAFCfirst/nimnym001.wav,,,,,,,,,,,,,
,,,,,35,001,2024-05-28_17h34.16.708,mathesisv2,2024.1.3,Win32,60.09615385,,,,,,,,,,,,,,,,,e,,,,,,,,,,,,,,,,,,,,,,,,,,,,,,,,,,,,,,,,,,,,,,,,,,,,,,,,,,,,,,,526.194,528.908,e,2.701,,1,5,12,1,1,stimuliTAFCfirst/nimnym002.wav,,,,,,,,,,,,,
,,,,,35,001,2024-05-28_17h34.16.708,mathesisv2,2024.1.3,Win32,60.09615385,,,,,,,,,,,,,,,,,y,,,,,,,,,,,,,,,,,,,,,,,,,,,,,,,,,,,,,,,,,,,,,,,,,,,,,,,,,,,,,,,528.914,531.406,y,2.478,,1,6,13,5,1,stimuliTAFCfirst/nimnym006.wav,,,,,,,,,,,,,
,,,,,35,001,2024-05-28_17h34.16.708,mathesisv2,2024.1.3,Win32,60.09615385,,,,,,,,,,,,,,,,,x,531.406,534.353,space,2.919,,,,,,,,,,,,,,,,,,,,,,,,,,,,,,,,,,,,,,,,,,,,,,,,,,,,,,,,,,,,,,,,,,,,,,534.376,537.55,u,3.149,,0,0,0,3,1,stimuliTAFCsec/numnym004.wav,,
,,,,,35,001,2024-05-28_17h34.16.708,mathesisv2,2024.1.3,Win32,60.09615385,,,,,,,,,,,,,,,,,y,,,,,,,,,,,,,,,,,,,,,,,,,,,,,,,,,,,,,,,,,,,,,,,,,,,,,,,,,,,,,,,,,,,,,,,,,,537.552,539.467,y,1.909,,0,1,1,6,1,stimuliTAFCsec/numnym007.wav,,
,,,,,35,001,2024-05-28_17h34.16.708,mathesisv2,2024.1.3,Win32,60.09615385,,,,,,,,,,,,,,,,,u,,,,,,,,,,,,,,,,,,,,,,,,,,,,,,,,,,,,,,,,,,,,,,,,,,,,,,,,,,,,,,,,,,,,,,,,,,539.468,542.347,u,2.866,,0,2,2,1,1,stimuliTAFCsec/numnym002.wav,,
,,,,,35,001,2024-05-28_17h34.16.708,mathesisv2,2024.1.3,Win32,60.09615385,,,,,,,,,,,,,,,,,y,,,,,,,,,,,,,,,,,,,,,,,,,,,,,,,,,,,,,,,,,,,,,,,,,,,,,,,,,,,,,,,,,,,,,,,,,,542.347,544.628,y,2.263,,0,3,3,4,1,stimuliTAFCsec/numnym005.wav,,
,,,,,35,001,2024-05-28_17h34.16.708,mathesisv2,2024.1.3,Win32,60.09615385,,,,,,,,,,,,,,,,,y,,,,,,,,,,,,,,,,,,,,,,,,,,,,,,,,,,,,,,,,,,,,,,,,,,,,,,,,,,,,,,,,,,,,,,,,,,544.628,547.677,y,3.039,,0,4,4,5,1,stimuliTAFCsec/numnym006.wav,,
,,,,,35,001,2024-05-28_17h34.16.708,mathesisv2,2024.1.3,Win32,60.09615385,,,,,,,,,,,,,,,,,u,,,,,,,,,,,,,,,,,,,,,,,,,,,,,,,,,,,,,,,,,,,,,,,,,,,,,,,,,,,,,,,,,,,,,,,,,,547.678,550.357,u,2.668,,0,5,5,2,1,stimuliTAFCsec/numnym003.wav,,
,,,,,35,001,2024-05-28_17h34.16.708,mathesisv2,2024.1.3,Win32,60.09615385,,,,,,,,,,,,,,,,,u,,,,,,,,,,,,,,,,,,,,,,,,,,,,,,,,,,,,,,,,,,,,,,,,,,,,,,,,,,,,,,,,,,,,,,,,,,550.358,553.087,u,2.712,,0,6,6,0,1,stimuliTAFCsec/numnym001.wav,,
,,,,,35,001,2024-05-28_17h34.16.708,mathesisv2,2024.1.3,Win32,60.09615385,,,,,,,,,,,,,,,,,u,,,,,,,,,,,,,,,,,,,,,,,,,,,,,,,,,,,,,,,,,,,,,,,,,,,,,,,,,,,,,,,,,,,,,,,,,,553.088,556.002,u,2.895,,1,0,7,1,1,stimuliTAFCsec/numnym002.wav,,
,,,,,35,001,2024-05-28_17h34.16.708,mathesisv2,2024.1.3,Win32,60.09615385,,,,,,,,,,,,,,,,,u,,,,,,,,,,,,,,,,,,,,,,,,,,,,,,,,,,,,,,,,,,,,,,,,,,,,,,,,,,,,,,,,,,,,,,,,,,556.003,558.651,u,2.643,,1,1,8,0,1,stimuliTAFCsec/numnym001.wav,,
,,,,,35,001,2024-05-28_17h34.16.708,mathesisv2,2024.1.3,Win32,60.09615385,,,,,,,,,,,,,,,,,x,,,,,,,,,,,,,,,,,,,,,,,,,,,,,,,,,,,,,,,,,,,,,,,,,,,,,,,,,,,,,,,,,,,,,,,,,,558.653,561.681,y,3.009,,1,2,9,3,1,stimuliTAFCsec/numnym004.wav,,
,,,,,35,001,2024-05-28_17h34.16.708,mathesisv2,2024.1.3,Win32,60.09615385,,,,,,,,,,,,,,,,,y,,,,,,,,,,,,,,,,,,,,,,,,,,,,,,,,,,,,,,,,,,,,,,,,,,,,,,,,,,,,,,,,,,,,,,,,,,561.681,565.095,y,3.396,,1,3,10,5,1,stimuliTAFCsec/numnym006.wav,,
,,,,,35,001,2024-05-28_17h34.16.708,mathesisv2,2024.1.3,Win32,60.09615385,,,,,,,,,,,,,,,,,y,,,,,,,,,,,,,,,,,,,,,,,,,,,,,,,,,,,,,,,,,,,,,,,,,,,,,,,,,,,,,,,,,,,,,,,,,,565.1,568.027,y,2.921,,1,4,11,4,1,stimuliTAFCsec/numnym005.wav,,
,,,,,35,001,2024-05-28_17h34.16.708,mathesisv2,2024.1.3,Win32,60.09615385,,,,,,,,,,,,,,,,,y,,,,,,,,,,,,,,,,,,,,,,,,,,,,,,,,,,,,,,,,,,,,,,,,,,,,,,,,,,,,,,,,,,,,,,,,,,568.028,571.106,y,3.065,,1,5,12,6,1,stimuliTAFCsec/numnym007.wav,,
,,,,,35,001,2024-05-28_17h34.16.708,mathesisv2,2024.1.3,Win32,60.09615385,,,,,,,,,,,,,,,,,u,,,,,,,,,,,,,,,,,,,,,,,,,,,,,,,,,,,,,,,,,,,,,,,,,,,,,,,,,,,,,,,,,,,,,,,,,,571.107,574.072,u,2.954,,1,6,13,2,1,stimuliTAFCsec/numnym003.wav,,
,,,,,35,001,2024-05-28_17h34.16.708,mathesisv2,2024.1.3,Win32,60.09615385,,,,,,,,,,,,,,,,,y,,,,,,,,,,,,,,,,,,,,,,,,,,574.072,576.168,space,2.061,,,,,,,,,,,,,,,,,,,,,,,,,,,,,,,,,,576.187,614.038,y,37.828,,0,0,0,4,1,stimuliTAFCfirst/nimnym005.wav,,,,,,,,,,,,,
,,,,,35,001,2024-05-28_17h34.16.708,mathesisv2,2024.1.3,Win32,60.09615385,,,,,,,,,,,,,,,,,e,,,,,,,,,,,,,,,,,,,,,,,,,,,,,,,,,,,,,,,,,,,,,,,,,,,,,,,,,,,,,,,614.043,614.27,y,0.21,,0,1,1,0,1,stimuliTAFCfirst/nimnym001.wav,,,,,,,,,,,,,
,,,,,35,001,2024-05-28_17h34.16.708,mathesisv2,2024.1.3,Win32,60.09615385,,,,,,,,,,,,,,,,,x,,,,,,,,,,,,,,,,,,,,,,,,,,,,,,,,,,,,,,,,,,,,,,,,,,,,,,,,,,,,,,,614.271,614.487,y,0.203,,0,2,2,3,1,stimuliTAFCfirst/nimnym004.wav,,,,,,,,,,,,,
,,,,,35,001,2024-05-28_17h34.16.708,mathesisv2,2024.1.3,Win32,60.09615385,,,,,,,,,,,,,,,,,e,,,,,,,,,,,,,,,,,,,,,,,,,,,,,,,,,,,,,,,,,,,,,,,,,,,,,,,,,,,,,,,614.487,614.737,y,0.238,,0,3,3,1,1,stimuliTAFCfirst/nimnym002.wav,,,,,,,,,,,,,
,,,,,35,001,2024-05-28_17h34.16.708,mathesisv2,2024.1.3,Win32,60.09615385,,,,,,,,,,,,,,,,,e,,,,,,,,,,,,,,,,,,,,,,,,,,,,,,,,,,,,,,,,,,,,,,,,,,,,,,,,,,,,,,,614.738,614.987,y,0.244,,0,4,4,2,1,stimuliTAFCfirst/nimnym003.wav,,,,,,,,,,,,,
,,,,,35,001,2024-05-28_17h34.16.708,mathesisv2,2024.1.3,Win32,60.09615385,,,,,,,,,,,,,,,,,y,,,,,,,,,,,,,,,,,,,,,,,,,,,,,,,,,,,,,,,,,,,,,,,,,,,,,,,,,,,,,,,614.988,619.05,e,4.055,,0,5,5,6,1,stimuliTAFCfirst/nimnym007.wav,,,,,,,,,,,,,
,,,,,35,001,2024-05-28_17h34.16.708,mathesisv2,2024.1.3,Win32,60.09615385,,,,,,,,,,,,,,,,,y,,,,,,,,,,,,,,,,,,,,,,,,,,,,,,,,,,,,,,,,,,,,,,,,,,,,,,,,,,,,,,,619.051,619.483,e,0.425,,0,6,6,5,1,stimuliTAFCfirst/nimnym006.wav,,,,,,,,,,,,,
,,,,,35,001,2024-05-28_17h34.16.708,mathesisv2,2024.1.3,Win32,60.09615385,,,,,,,,,,,,,,,,,y,,,,,,,,,,,,,,,,,,,,,,,,,,,,,,,,,,,,,,,,,,,,,,,,,,,,,,,,,,,,,,,619.483,619.9,e,0.406,,1,0,7,5,1,stimuliTAFCfirst/nimnym006.wav,,,,,,,,,,,,,
,,,,,35,001,2024-05-28_17h34.16.708,mathesisv2,2024.1.3,Win32,60.09615385,,,,,,,,,,,,,,,,,x,,,,,,,,,,,,,,,,,,,,,,,,,,,,,,,,,,,,,,,,,,,,,,,,,,,,,,,,,,,,,,,619.9,620.415,e,0.491,,1,1,8,3,1,stimuliTAFCfirst/nimnym004.wav,,,,,,,,,,,,,
,,,,,35,001,2024-05-28_17h34.16.708,mathesisv2,2024.1.3,Win32,60.09615385,,,,,,,,,,,,,,,,,e,,,,,,,,,,,,,,,,,,,,,,,,,,,,,,,,,,,,,,,,,,,,,,,,,,,,,,,,,,,,,,,620.416,620.949,e,0.525,,1,2,9,2,1,stimuliTAFCfirst/nimnym003.wav,,,,,,,,,,,,,
,,,,,35,001,2024-05-28_17h34.16.708,mathesisv2,2024.1.3,Win32,60.09615385,,,,,,,,,,,,,,,,,y,,,,,,,,,,,,,,,,,,,,,,,,,,,,,,,,,,,,,,,,,,,,,,,,,,,,,,,,,,,,,,,620.949,626.144,y,5.176,,1,3,10,6,1,stimuliTAFCfirst/nimnym007.wav,,,,,,,,,,,,,
,,,,,35,001,2024-05-28_17h34.16.708,mathesisv2,2024.1.3,Win32,60.09615385,,,,,,,,,,,,,,,,,e,,,,,,,,,,,,,,,,,,,,,,,,,,,,,,,,,,,,,,,,,,,,,,,,,,,,,,,,,,,,,,,626.145,628.842,e,2.68,,1,4,11,0,1,stimuliTAFCfirst/nimnym001.wav,,,,,,,,,,,,,
,,,,,35,001,2024-05-28_17h34.16.708,mathesisv2,2024.1.3,Win32,60.09615385,,,,,,,,,,,,,,,,,y,,,,,,,,,,,,,,,,,,,,,,,,,,,,,,,,,,,,,,,,,,,,,,,,,,,,,,,,,,,,,,,628.843,631.424,y,2.564,,1,5,12,4,1,stimuliTAFCfirst/nimnym005.wav,,,,,,,,,,,,,
,,,,,35,001,2024-05-28_17h34.16.708,mathesisv2,2024.1.3,Win32,60.09615385,,,,,,,,,,,,,,,,,e,,,,,,,,,,,,,,,,,,,,,,,,,,,,,,,,,,,,,,,,,,,,,,,,,,,,,,,,,,,,,,,631.427,634.271,e,2.83,,1,6,13,1,1,stimuliTAFCfirst/nimnym002.wav,,,,,,,,,,,,,
,,,,,35,001,2024-05-28_17h34.16.708,mathesisv2,2024.1.3,Win32,60.09615385,,,,,,,,,,,,,,,,,x,634.271,638.518,space,4.22,,,,,,,,,,,,,,,,,,,,,,,,,,,,,,,,,,,,,,,,,,,,,,,,,,,,,,,,,,,,,,,,,,,,,,638.535,640.999,u,2.45,,0,0,0,3,1,stimuliTAFCsec/numnym004.wav,,
,,,,,35,001,2024-05-28_17h34.16.708,mathesisv2,2024.1.3,Win32,60.09615385,,,,,,,,,,,,,,,,,u,,,,,,,,,,,,,,,,,,,,,,,,,,,,,,,,,,,,,,,,,,,,,,,,,,,,,,,,,,,,,,,,,,,,,,,,,,641,643.729,u,2.713,,0,1,1,1,1,stimuliTAFCsec/numnym002.wav,,
,,,,,35,001,2024-05-28_17h34.16.708,mathesisv2,2024.1.3,Win32,60.09615385,,,,,,,,,,,,,,,,,y,,,,,,,,,,,,,,,,,,,,,,,,,,,,,,,,,,,,,,,,,,,,,,,,,,,,,,,,,,,,,,,,,,,,,,,,,,643.73,646.561,y,2.816,,0,2,2,6,1,stimuliTAFCsec/numnym007.wav,,
,,,,,35,001,2024-05-28_17h34.16.708,mathesisv2,2024.1.3,Win32,60.09615385,,,,,,,,,,,,,,,,,y,,,,,,,,,,,,,,,,,,,,,,,,,,,,,,,,,,,,,,,,,,,,,,,,,,,,,,,,,,,,,,,,,,,,,,,,,,646.562,649.459,y,2.888,,0,3,3,4,1,stimuliTAFCsec/numnym005.wav,,
,,,,,35,001,2024-05-28_17h34.16.708,mathesisv2,2024.1.3,Win32,60.09615385,,,,,,,,,,,,,,,,,u,,,,,,,,,,,,,,,,,,,,,,,,,,,,,,,,,,,,,,,,,,,,,,,,,,,,,,,,,,,,,,,,,,,,,,,,,,649.459,652.256,u,2.784,,0,4,4,0,1,stimuliTAFCsec/numnym001.wav,,
,,,,,35,001,2024-05-28_17h34.16.708,mathesisv2,2024.1.3,Win32,60.09615385,,,,,,,,,,,,,,,,,y,,,,,,,,,,,,,,,,,,,,,,,,,,,,,,,,,,,,,,,,,,,,,,,,,,,,,,,,,,,,,,,,,,,,,,,,,,652.256,654.954,y,2.685,,0,5,5,5,1,stimuliTAFCsec/numnym006.wav,,
,,,,,35,001,2024-05-28_17h34.16.708,mathesisv2,2024.1.3,Win32,60.09615385,,,,,,,,,,,,,,,,,u,,,,,,,,,,,,,,,,,,,,,,,,,,,,,,,,,,,,,,,,,,,,,,,,,,,,,,,,,,,,,,,,,,,,,,,,,,654.954,657.369,u,2.402,,0,6,6,2,1,stimuliTAFCsec/numnym003.wav,,
,,,,,35,001,2024-05-28_17h34.16.708,mathesisv2,2024.1.3,Win32,60.09615385,,,,,,,,,,,,,,,,,x,,,,,,,,,,,,,,,,,,,,,,,,,,,,,,,,,,,,,,,,,,,,,,,,,,,,,,,,,,,,,,,,,,,,,,,,,,657.37,660.284,u,2.899,,1,0,7,3,1,stimuliTAFCsec/numnym004.wav,,
,,,,,35,001,2024-05-28_17h34.16.708,mathesisv2,2024.1.3,Win32,60.09615385,,,,,,,,,,,,,,,,,y,,,,,,,,,,,,,,,,,,,,,,,,,,,,,,,,,,,,,,,,,,,,,,,,,,,,,,,,,,,,,,,,,,,,,,,,,,660.285,662.698,y,2.402,,1,1,8,6,1,stimuliTAFCsec/numnym007.wav,,
,,,,,35,001,2024-05-28_17h34.16.708,mathesisv2,2024.1.3,Win32,60.09615385,,,,,,,,,,,,,,,,,u,,,,,,,,,,,,,,,,,,,,,,,,,,,,,,,,,,,,,,,,,,,,,,,,,,,,,,,,,,,,,,,,,,,,,,,,,,662.698,665.197,u,2.475,,1,2,9,2,1,stimuliTAFCsec/numnym003.wav,,
,,,,,35,001,2024-05-28_17h34.16.708,mathesisv2,2024.1.3,Win32,60.09615385,,,,,,,,,,,,,,,,,u,,,,,,,,,,,,,,,,,,,,,,,,,,,,,,,,,,,,,,,,,,,,,,,,,,,,,,,,,,,,,,,,,,,,,,,,,,665.2,667.293,u,2.073,,1,3,10,0,1,stimuliTAFCsec/numnym001.wav,,
,,,,,35,001,2024-05-28_17h34.16.708,mathesisv2,2024.1.3,Win32,60.09615385,,,,,,,,,,,,,,,,,y,,,,,,,,,,,,,,,,,,,,,,,,,,,,,,,,,,,,,,,,,,,,,,,,,,,,,,,,,,,,,,,,,,,,,,,,,,667.294,669.292,y,1.991,,1,4,11,4,1,stimuliTAFCsec/numnym005.wav,,
,,,,,35,001,2024-05-28_17h34.16.708,mathesisv2,2024.1.3,Win32,60.09615385,,,,,,,,,,,,,,,,,y,,,,,,,,,,,,,,,,,,,,,,,,,,,,,,,,,,,,,,,,,,,,,,,,,,,,,,,,,,,,,,,,,,,,,,,,,,669.294,671.556,y,2.251,,1,5,12,5,1,stimuliTAFCsec/numnym006.wav,,
,,,,,35,001,2024-05-28_17h34.16.708,mathesisv2,2024.1.3,Win32,60.09615385,,,,,,,,,,,,,,,,,u,,,,,,,,,,,,,,,,,,,,,,,,,,,,,,,,,,,,,,,,,,,,,,,,,,,,,,,,,,,,,,,,,,,,,,,,,,671.557,673.822,u,2.256,,1,6,13,1,1,stimuliTAFCsec/numnym002.wav,,
,,,,,35,001,2024-05-28_17h34.16.708,mathesisv2,2024.1.3,Win32,60.09615385,,,,,,,,,,,,,,,,,e,,,,,,,,,,,,,,,,,,,,,,,,,,673.822,676.969,space,3.129,,,,,,,,,,,,,,,,,,,,,,,,,,,,,,,,,,676.99,679.584,e,2.577,,0,0,0,1,1,stimuliTAFCfirst/nimnym002.wav,,,,,,,,,,,,,
,,,,,35,001,2024-05-28_17h34.16.708,mathesisv2,2024.1.3,Win32,60.09615385,,,,,,,,,,,,,,,,,x,,,,,,,,,,,,,,,,,,,,,,,,,,,,,,,,,,,,,,,,,,,,,,,,,,,,,,,,,,,,,,,679.584,682.781,e,3.175,,0,1,1,3,1,stimuliTAFCfirst/nimnym004.wav,,,,,,,,,,,,,
,,,,,35,001,2024-05-28_17h34.16.708,mathesisv2,2024.1.3,Win32,60.09615385,,,,,,,,,,,,,,,,,e,,,,,,,,,,,,,,,,,,,,,,,,,,,,,,,,,,,,,,,,,,,,,,,,,,,,,,,,,,,,,,,682.782,685.379,e,2.581,,0,2,2,0,1,stimuliTAFCfirst/nimnym001.wav,,,,,,,,,,,,,
,,,,,35,001,2024-05-28_17h34.16.708,mathesisv2,2024.1.3,Win32,60.09615385,,,,,,,,,,,,,,,,,y,,,,,,,,,,,,,,,,,,,,,,,,,,,,,,,,,,,,,,,,,,,,,,,,,,,,,,,,,,,,,,,685.38,687.594,y,2.199,,0,3,3,4,1,stimuliTAFCfirst/nimnym005.wav,,,,,,,,,,,,,
,,,,,35,001,2024-05-28_17h34.16.708,mathesisv2,2024.1.3,Win32,60.09615385,,,,,,,,,,,,,,,,,e,,,,,,,,,,,,,,,,,,,,,,,,,,,,,,,,,,,,,,,,,,,,,,,,,,,,,,,,,,,,,,,687.594,689.875,y,2.266,,0,4,4,2,1,stimuliTAFCfirst/nimnym003.wav,,,,,,,,,,,,,
,,,,,35,001,2024-05-28_17h34.16.708,mathesisv2,2024.1.3,Win32,60.09615385,,,,,,,,,,,,,,,,,y,,,,,,,,,,,,,,,,,,,,,,,,,,,,,,,,,,,,,,,,,,,,,,,,,,,,,,,,,,,,,,,689.876,692.74,y,2.853,,0,5,5,5,1,stimuliTAFCfirst/nimnym006.wav,,,,,,,,,,,,,
,,,,,35,001,2024-05-28_17h34.16.708,mathesisv2,2024.1.3,Win32,60.09615385,,,,,,,,,,,,,,,,,y,,,,,,,,,,,,,,,,,,,,,,,,,,,,,,,,,,,,,,,,,,,,,,,,,,,,,,,,,,,,,,,692.74,695.571,y,2.825,,0,6,6,6,1,stimuliTAFCfirst/nimnym007.wav,,,,,,,,,,,,,
,,,,,35,001,2024-05-28_17h34.16.708,mathesisv2,2024.1.3,Win32,60.09615385,,,,,,,,,,,,,,,,,y,,,,,,,,,,,,,,,,,,,,,,,,,,,,,,,,,,,,,,,,,,,,,,,,,,,,,,,,,,,,,,,695.572,697.869,y,2.288,,1,0,7,6,1,stimuliTAFCfirst/nimnym007.wav,,,,,,,,,,,,,
,,,,,35,001,2024-05-28_17h34.16.708,mathesisv2,2024.1.3,Win32,60.09615385,,,,,,,,,,,,,,,,,y,,,,,,,,,,,,,,,,,,,,,,,,,,,,,,,,,,,,,,,,,,,,,,,,,,,,,,,,,,,,,,,697.874,700.483,y,2.591,,1,1,8,4,1,stimuliTAFCfirst/nimnym005.wav,,,,,,,,,,,,,
,,,,,35,001,2024-05-28_17h34.16.708,mathesisv2,2024.1.3,Win32,60.09615385,,,,,,,,,,,,,,,,,y,,,,,,,,,,,,,,,,,,,,,,,,,,,,,,,,,,,,,,,,,,,,,,,,,,,,,,,,,,,,,,,700.484,702.781,y,2.285,,1,2,9,5,1,stimuliTAFCfirst/nimnym006.wav,,,,,,,,,,,,,
,,,,,35,001,2024-05-28_17h34.16.708,mathesisv2,2024.1.3,Win32,60.09615385,,,,,,,,,,,,,,,,,e,,,,,,,,,,,,,,,,,,,,,,,,,,,,,,,,,,,,,,,,,,,,,,,,,,,,,,,,,,,,,,,702.783,704.93,e,2.133,,1,3,10,2,1,stimuliTAFCfirst/nimnym003.wav,,,,,,,,,,,,,
,,,,,35,001,2024-05-28_17h34.16.708,mathesisv2,2024.1.3,Win32,60.09615385,,,,,,,,,,,,,,,,,e,,,,,,,,,,,,,,,,,,,,,,,,,,,,,,,,,,,,,,,,,,,,,,,,,,,,,,,,,,,,,,,704.93,707.644,e,2.704,,1,4,11,0,1,stimuliTAFCfirst/nimnym001.wav,,,,,,,,,,,,,
,,,,,35,001,2024-05-28_17h34.16.708,mathesisv2,2024.1.3,Win32,60.09615385,,,,,,,,,,,,,,,,,e,,,,,,,,,,,,,,,,,,,,,,,,,,,,,,,,,,,,,,,,,,,,,,,,,,,,,,,,,,,,,,,707.645,710.077,e,2.426,,1,5,12,1,1,stimuliTAFCfirst/nimnym002.wav,,,,,,,,,,,,,
,,,,,35,001,2024-05-28_17h34.16.708,mathesisv2,2024.1.3,Win32,60.09615385,,,,,,,,,,,,,,,,,x,,,,,,,,,,,,,,,,,,,,,,,,,,,,,,,,,,,,,,,,,,,,,,,,,,,,,,,,,,,,,,,710.079,713.257,y,3.164,,1,6,13,3,1,stimuliTAFCfirst/nimnym004.wav,,,,,,,,,,,,,
,,,,,35,001,2024-05-28_17h34.16.708,mathesisv2,2024.1.3,Win32,60.09615385,,,,,,,,,,,,,,,,,y,713.257,715.355,space,2.078,,,,,,,,,,,,,,,,,,,,,,,,,,,,,,,,,,,,,,,,,,,,,,,,,,,,,,,,,,,,,,,,,,,,,,715.387,717.935,y,2.54,,0,0,0,5,1,stimuliTAFCsec/numnym006.wav,,
,,,,,35,001,2024-05-28_17h34.16.708,mathesisv2,2024.1.3,Win32,60.09615385,,,,,,,,,,,,,,,,,x,,,,,,,,,,,,,,,,,,,,,,,,,,,,,,,,,,,,,,,,,,,,,,,,,,,,,,,,,,,,,,,,,,,,,,,,,,717.936,720.45,u,2.494,,0,1,1,3,1,stimuliTAFCsec/numnym004.wav,,
,,,,,35,001,2024-05-28_17h34.16.708,mathesisv2,2024.1.3,Win32,60.09615385,,,,,,,,,,,,,,,,,u,,,,,,,,,,,,,,,,,,,,,,,,,,,,,,,,,,,,,,,,,,,,,,,,,,,,,,,,,,,,,,,,,,,,,,,,,,720.451,722.765,u,2.297,,0,2,2,2,1,stimuliTAFCsec/numnym003.wav,,
,,,,,35,001,2024-05-28_17h34.16.708,mathesisv2,2024.1.3,Win32,60.09615385,,,,,,,,,,,,,,,,,y,,,,,,,,,,,,,,,,,,,,,,,,,,,,,,,,,,,,,,,,,,,,,,,,,,,,,,,,,,,,,,,,,,,,,,,,,,722.765,725.146,y,2.369,,0,3,3,6,1,stimuliTAFCsec/numnym007.wav,,
,,,,,35,001,2024-05-28_17h34.16.708,mathesisv2,2024.1.3,Win32,60.09615385,,,,,,,,,,,,,,,,,u,,,,,,,,,,,,,,,,,,,,,,,,,,,,,,,,,,,,,,,,,,,,,,,,,,,,,,,,,,,,,,,,,,,,,,,,,,725.147,727.495,u,2.326,,0,4,4,1,1,stimuliTAFCsec/numnym002.wav,,
,,,,,35,001,2024-05-28_17h34.16.708,mathesisv2,2024.1.3,Win32,60.09615385,,,,,,,,,,,,,,,,,y,,,,,,,,,,,,,,,,,,,,,,,,,,,,,,,,,,,,,,,,,,,,,,,,,,,,,,,,,,,,,,,,,,,,,,,,,,727.495,730.059,y,2.557,,0,5,5,4,1,stimuliTAFCsec/numnym005.wav,,
,,,,,35,001,2024-05-28_17h34.16.708,mathesisv2,2024.1.3,Win32,60.09615385,,,,,,,,,,,,,,,,,u,,,,,,,,,,,,,,,,,,,,,,,,,,,,,,,,,,,,,,,,,,,,,,,,,,,,,,,,,,,,,,,,,,,,,,,,,,730.06,732.508,u,2.437,,0,6,6,0,1,stimuliTAFCsec/numnym001.wav,,
,,,,,35,001,2024-05-28_17h34.16.708,mathesisv2,2024.1.3,Win32,60.09615385,,,,,,,,,,,,,,,,,y,,,,,,,,,,,,,,,,,,,,,,,,,,,,,,,,,,,,,,,,,,,,,,,,,,,,,,,,,,,,,,,,,,,,,,,,,,732.511,734.954,y,2.427,,1,0,7,6,1,stimuliTAFCsec/numnym007.wav,,
,,,,,35,001,2024-05-28_17h34.16.708,mathesisv2,2024.1.3,Win32,60.09615385,,,,,,,,,,,,,,,,,y,,,,,,,,,,,,,,,,,,,,,,,,,,,,,,,,,,,,,,,,,,,,,,,,,,,,,,,,,,,,,,,,,,,,,,,,,,734.955,737.287,y,2.32,,1,1,8,4,1,stimuliTAFCsec/numnym005.wav,,
,,,,,35,001,2024-05-28_17h34.16.708,mathesisv2,2024.1.3,Win32,60.09615385,,,,,,,,,,,,,,,,,u,,,,,,,,,,,,,,,,,,,,,,,,,,,,,,,,,,,,,,,,,,,,,,,,,,,,,,,,,,,,,,,,,,,,,,,,,,737.289,739.501,u,2.205,,1,2,9,0,1,stimuliTAFCsec/numnym001.wav,,
,,,,,35,001,2024-05-28_17h34.16.708,mathesisv2,2024.1.3,Win32,60.09615385,,,,,,,,,,,,,,,,,u,,,,,,,,,,,,,,,,,,,,,,,,,,,,,,,,,,,,,,,,,,,,,,,,,,,,,,,,,,,,,,,,,,,,,,,,,,739.502,741.966,u,2.443,,1,3,10,2,1,stimuliTAFCsec/numnym003.wav,,
,,,,,35,001,2024-05-28_17h34.16.708,mathesisv2,2024.1.3,Win32,60.09615385,,,,,,,,,,,,,,,,,u,,,,,,,,,,,,,,,,,,,,,,,,,,,,,,,,,,,,,,,,,,,,,,,,,,,,,,,,,,,,,,,,,,,,,,,,,,741.966,744.53,u,2.55,,1,4,11,1,1,stimuliTAFCsec/numnym002.wav,,
,,,,,35,001,2024-05-28_17h34.16.708,mathesisv2,2024.1.3,Win32,60.09615385,,,,,,,,,,,,,,,,,x,,,,,,,,,,,,,,,,,,,,,,,,,,,,,,,,,,,,,,,,,,,,,,,,,,,,,,,,,,,,,,,,,,,,,,,,,,744.531,748.611,u,4.066,,1,5,12,3,1,stimuliTAFCsec/numnym004.wav,,
,,,,,35,001,2024-05-28_17h34.16.708,mathesisv2,2024.1.3,Win32,60.09615385,,,,,,,,,,,,,,,,,y,,,,,,,,,,,,,,,,,,,,,,,,,,,,,,,,,,,,,,,,,,,,,,,,,,,,,,,,,,,,,,,,,,,,,,,,,,748.613,751.242,y,2.613,,1,6,13,5,1,stimuliTAFCsec/numnym006.wav,,
,,,,,35,001,2024-05-28_17h34.16.708,mathesisv2,2024.1.3,Win32,60.09615385,,,,,,,,,,,,,,,,,e,,,,,,,,,,,,,,,,,,,,,,,,,,751.242,753.973,space,2.714,,,,,,,,,,,,,,,,,,,,,,,,,,,,,,,,,,754.005,756.554,e,2.532,,0,0,0,1,1,stimuliTAFCfirst/nimnym002.wav,,,,,,,,,,,,,
,,,,,35,001,2024-05-28_17h34.16.708,mathesisv2,2024.1.3,Win32,60.09615385,,,,,,,,,,,,,,,,,e,,,,,,,,,,,,,,,,,,,,,,,,,,,,,,,,,,,,,,,,,,,,,,,,,,,,,,,,,,,,,,,756.555,760.234,e,3.672,,0,1,1,2,1,stimuliTAFCfirst/nimnym003.wav,,,,,,,,,,,,,
,,,,,35,001,2024-05-28_17h34.16.708,mathesisv2,2024.1.3,Win32,60.09615385,,,,,,,,,,,,,,,,,e,,,,,,,,,,,,,,,,,,,,,,,,,,,,,,,,,,,,,,,,,,,,,,,,,,,,,,,,,,,,,,,760.235,763.182,e,2.932,,0,2,2,0,1,stimuliTAFCfirst/nimnym001.wav,,,,,,,,,,,,,
,,,,,35,001,2024-05-28_17h34.16.708,mathesisv2,2024.1.3,Win32,60.09615385,,,,,,,,,,,,,,,,,x,,,,,,,,,,,,,,,,,,,,,,,,,,,,,,,,,,,,,,,,,,,,,,,,,,,,,,,,,,,,,,,763.184,765.395,y,2.202,,0,3,3,3,1,stimuliTAFCfirst/nimnym004.wav,,,,,,,,,,,,,
,,,,,35,001,2024-05-28_17h34.16.708,mathesisv2,2024.1.3,Win32,60.09615385,,,,,,,,,,,,,,,,,y,,,,,,,,,,,,,,,,,,,,,,,,,,,,,,,,,,,,,,,,,,,,,,,,,,,,,,,,,,,,,,,765.402,768.011,y,2.601,,0,4,4,4,1,stimuliTAFCfirst/nimnym005.wav,,,,,,,,,,,,,
,,,,,35,001,2024-05-28_17h34.16.708,mathesisv2,2024.1.3,Win32,60.09615385,,,,,,,,,,,,,,,,,y,,,,,,,,,,,,,,,,,,,,,,,,,,,,,,,,,,,,,,,,,,,,,,,,,,,,,,,,,,,,,,,768.015,770.659,y,2.634,,0,5,5,6,1,stimuliTAFCfirst/nimnym007.wav,,,,,,,,,,,,,
,,,,,35,001,2024-05-28_17h34.16.708,mathesisv2,2024.1.3,Win32,60.09615385,,,,,,,,,,,,,,,,,y,,,,,,,,,,,,,,,,,,,,,,,,,,,,,,,,,,,,,,,,,,,,,,,,,,,,,,,,,,,,,,,770.66,773.206,y,2.537,,0,6,6,5,1,stimuliTAFCfirst/nimnym006.wav,,,,,,,,,,,,,
,,,,,35,001,2024-05-28_17h34.16.708,mathesisv2,2024.1.3,Win32,60.09615385,,,,,,,,,,,,,,,,,y,,,,,,,,,,,,,,,,,,,,,,,,,,,,,,,,,,,,,,,,,,,,,,,,,,,,,,,,,,,,,,,773.208,775.738,y,2.517,,1,0,7,4,1,stimuliTAFCfirst/nimnym005.wav,,,,,,,,,,,,,
,,,,,35,001,2024-05-28_17h34.16.708,mathesisv2,2024.1.3,Win32,60.09615385,,,,,,,,,,,,,,,,,y,,,,,,,,,,,,,,,,,,,,,,,,,,,,,,,,,,,,,,,,,,,,,,,,,,,,,,,,,,,,,,,775.738,778.252,y,2.507,,1,1,8,6,1,stimuliTAFCfirst/nimnym007.wav,,,,,,,,,,,,,
,,,,,35,001,2024-05-28_17h34.16.708,mathesisv2,2024.1.3,Win32,60.09615385,,,,,,,,,,,,,,,,,e,,,,,,,,,,,,,,,,,,,,,,,,,,,,,,,,,,,,,,,,,,,,,,,,,,,,,,,,,,,,,,,778.253,780.251,e,1.993,,1,2,9,1,1,stimuliTAFCfirst/nimnym002.wav,,,,,,,,,,,,,
,,,,,35,001,2024-05-28_17h34.16.708,mathesisv2,2024.1.3,Win32,60.09615385,,,,,,,,,,,,,,,,,x,,,,,,,,,,,,,,,,,,,,,,,,,,,,,,,,,,,,,,,,,,,,,,,,,,,,,,,,,,,,,,,780.251,783.316,y,3.046,,1,3,10,3,1,stimuliTAFCfirst/nimnym004.wav,,,,,,,,,,,,,
,,,,,35,001,2024-05-28_17h34.16.708,mathesisv2,2024.1.3,Win32,60.09615385,,,,,,,,,,,,,,,,,y,,,,,,,,,,,,,,,,,,,,,,,,,,,,,,,,,,,,,,,,,,,,,,,,,,,,,,,,,,,,,,,783.316,785.63,y,2.299,,1,4,11,5,1,stimuliTAFCfirst/nimnym006.wav,,,,,,,,,,,,,
,,,,,35,001,2024-05-28_17h34.16.708,mathesisv2,2024.1.3,Win32,60.09615385,,,,,,,,,,,,,,,,,e,,,,,,,,,,,,,,,,,,,,,,,,,,,,,,,,,,,,,,,,,,,,,,,,,,,,,,,,,,,,,,,785.63,788.095,e,2.448,,1,5,12,0,1,stimuliTAFCfirst/nimnym001.wav,,,,,,,,,,,,,
,,,,,35,001,2024-05-28_17h34.16.708,mathesisv2,2024.1.3,Win32,60.09615385,,,,,,,,,,,,,,,,,e,,,,,,,,,,,,,,,,,,,,,,,,,,,,,,,,,,,,,,,,,,,,,,,,,,,,,,,,,,,,,,,788.095,790.826,y,2.714,,1,6,13,2,1,stimuliTAFCfirst/nimnym003.wav,,,,,,,,,,,,,
,,,,,35,001,2024-05-28_17h34.16.708,mathesisv2,2024.1.3,Win32,60.09615385,,,,,,,,,,,,,,,,,u,790.826,793.64,space,2.787,,,,,,,,,,,,,,,,,,,,,,,,,,,,,,,,,,,,,,,,,,,,,,,,,,,,,,,,,,,,,,,,,,,,,,793.665,795.705,u,2.023,,0,0,0,1,1,stimuliTAFCsec/numnym002.wav,,
,,,,,35,001,2024-05-28_17h34.16.708,mathesisv2,2024.1.3,Win32,60.09615385,,,,,,,,,,,,,,,,,y,,,,,,,,,,,,,,,,,,,,,,,,,,,,,,,,,,,,,,,,,,,,,,,,,,,,,,,,,,,,,,,,,,,,,,,,,,795.706,797.919,y,2.198,,0,1,1,4,1,stimuliTAFCsec/numnym005.wav,,
,,,,,35,001,2024-05-28_17h34.16.708,mathesisv2,2024.1.3,Win32,60.09615385,,,,,,,,,,,,,,,,,u,,,,,,,,,,,,,,,,,,,,,,,,,,,,,,,,,,,,,,,,,,,,,,,,,,,,,,,,,,,,,,,,,,,,,,,,,,797.921,799.853,u,1.925,,0,2,2,2,1,stimuliTAFCsec/numnym003.wav,,
,,,,,35,001,2024-05-28_17h34.16.708,mathesisv2,2024.1.3,Win32,60.09615385,,,,,,,,,,,,,,,,,y,,,,,,,,,,,,,,,,,,,,,,,,,,,,,,,,,,,,,,,,,,,,,,,,,,,,,,,,,,,,,,,,,,,,,,,,,,799.857,801.817,y,1.947,,0,3,3,5,1,stimuliTAFCsec/numnym006.wav,,
,,,,,35,001,2024-05-28_17h34.16.708,mathesisv2,2024.1.3,Win32,60.09615385,,,,,,,,,,,,,,,,,x,,,,,,,,,,,,,,,,,,,,,,,,,,,,,,,,,,,,,,,,,,,,,,,,,,,,,,,,,,,,,,,,,,,,,,,,,,801.817,804.217,u,2.393,,0,4,4,3,1,stimuliTAFCsec/numnym004.wav,,
,,,,,35,001,2024-05-28_17h34.16.708,mathesisv2,2024.1.3,Win32,60.09615385,,,,,,,,,,,,,,,,,y,,,,,,,,,,,,,,,,,,,,,,,,,,,,,,,,,,,,,,,,,,,,,,,,,,,,,,,,,,,,,,,,,,,,,,,,,,804.219,806.629,y,2.391,,0,5,5,6,1,stimuliTAFCsec/numnym007.wav,,
,,,,,35,001,2024-05-28_17h34.16.708,mathesisv2,2024.1.3,Win32,60.09615385,,,,,,,,,,,,,,,,,u,,,,,,,,,,,,,,,,,,,,,,,,,,,,,,,,,,,,,,,,,,,,,,,,,,,,,,,,,,,,,,,,,,,,,,,,,,806.63,808.944,u,2.302,,0,6,6,0,1,stimuliTAFCsec/numnym001.wav,,
,,,,,35,001,2024-05-28_17h34.16.708,mathesisv2,2024.1.3,Win32,60.09615385,,,,,,,,,,,,,,,,,u,,,,,,,,,,,,,,,,,,,,,,,,,,,,,,,,,,,,,,,,,,,,,,,,,,,,,,,,,,,,,,,,,,,,,,,,,,808.945,811.192,u,2.229,,1,0,7,0,1,stimuliTAFCsec/numnym001.wav,,
,,,,,35,001,2024-05-28_17h34.16.708,mathesisv2,2024.1.3,Win32,60.09615385,,,,,,,,,,,,,,,,,y,,,,,,,,,,,,,,,,,,,,,,,,,,,,,,,,,,,,,,,,,,,,,,,,,,,,,,,,,,,,,,,,,,,,,,,,,,811.193,813.29,y,2.083,,1,1,8,5,1,stimuliTAFCsec/numnym006.wav,,
,,,,,35,001,2024-05-28_17h34.16.708,mathesisv2,2024.1.3,Win32,60.09615385,,,,,,,,,,,,,,,,,y,,,,,,,,,,,,,,,,,,,,,,,,,,,,,,,,,,,,,,,,,,,,,,,,,,,,,,,,,,,,,,,,,,,,,,,,,,813.292,815.405,y,2.092,,1,2,9,4,1,stimuliTAFCsec/numnym005.wav,,
,,,,,35,001,2024-05-28_17h34.16.708,mathesisv2,2024.1.3,Win32,60.09615385,,,,,,,,,,,,,,,,,y,,,,,,,,,,,,,,,,,,,,,,,,,,,,,,,,,,,,,,,,,,,,,,,,,,,,,,,,,,,,,,,,,,,,,,,,,,815.405,817.787,y,2.365,,1,3,10,6,1,stimuliTAFCsec/numnym007.wav,,
,,,,,35,001,2024-05-28_17h34.16.708,mathesisv2,2024.1.3,Win32,60.09615385,,,,,,,,,,,,,,,,,u,,,,,,,,,,,,,,,,,,,,,,,,,,,,,,,,,,,,,,,,,,,,,,,,,,,,,,,,,,,,,,,,,,,,,,,,,,817.787,820.135,u,2.333,,1,4,11,2,1,stimuliTAFCsec/numnym003.wav,,
,,,,,35,001,2024-05-28_17h34.16.708,mathesisv2,2024.1.3,Win32,60.09615385,,,,,,,,,,,,,,,,,u,,,,,,,,,,,,,,,,,,,,,,,,,,,,,,,,,,,,,,,,,,,,,,,,,,,,,,,,,,,,,,,,,,,,,,,,,,820.135,822.249,u,2.104,,1,5,12,1,1,stimuliTAFCsec/numnym002.wav,,
,,,,,35,001,2024-05-28_17h34.16.708,mathesisv2,2024.1.3,Win32,60.09615385,,,,,,,,,,,,,,,,,x,,,,,,,,,,,,,,,,,,,,,,,,,,,,,,,,,,,,,,,,,,,,,,,,,,,,,,,,,,,,,,,,,,,,,,,,,,822.25,824.497,u,2.231,,1,6,13,3,1,stimuliTAFCsec/numnym004.wav,,
,,,,,35,001,2024-05-28_17h34.16.708,mathesisv2,2024.1.3,Win32,60.09615385,,,,,,,,,,,,,,,,,,,,,,,,,,,,,,,,,,,,,,,,,,,824.498,825.813,space,1.293,,,,,,,,,,,,,,,,,,,,,,,,,,,,,,,,,,,,,,,,,,,,,,,,,,,,,,,,825.813,830.809
