﻿start.started,start.stopped,startkey_resp.keys,startkey_resp.rt,startkey_resp.duration,participant,session,date,expName,psychopyVersion,OS,frameRate,attention.started,attention.stopped,key_resp.keys,key_resp.rt,key_resp.duration,stimuliAXBmix.started,stimuliAXBmix.stopped,stimuliAXBkey_resp.keys,stimuliAXBkey_resp.rt,stimuliAXBkey_resp.duration,stimuliAXBtesttrials.thisRepN,stimuliAXBtesttrials.thisTrialN,stimuliAXBtesttrials.thisN,stimuliAXBtesttrials.thisIndex,stimuliAXBtesttrials.ran,stimuliAXBmix,Correct,attentionsecond.started,attentionsecond.stopped,attentionsecondkey_resp.keys,attentionsecondkey_resp.rt,attentionsecondkey_resp.duration,instAXBreal.started,instAXBreal.stopped,instAXBrealkey_resp.keys,instAXBrealkey_resp.rt,instAXBrealkey_resp.duration,stimuliAXBmixfirst.thisRepN,stimuliAXBmixfirst.thisTrialN,stimuliAXBmixfirst.thisN,stimuliAXBmixfirst.thisIndex,stimuliAXBmixfirst.ran,attentionfirst.started,attentionfirst.stopped,attentionfirstkey_resp.keys,attentionfirstkey_resp.rt,attentionfirstkey_resp.duration,stimuliAXbmixsec.thisRepN,stimuliAXbmixsec.thisTrialN,stimuliAXbmixsec.thisN,stimuliAXbmixsec.thisIndex,stimuliAXbmixsec.ran,kaffeepause.started,kaffeepause.stopped,kaffeepausekey_resp.keys,kaffeepausekey_resp.rt,kaffeepausekey_resp.duration,instTAFCtest.started,instTAFCtest.stopped,instTAFCtestkey_resp.keys,instTAFCtestkey_resp.rt,instTAFCtestkey_resp.duration,testTAFCmixfirst.started,testTAFCmixfirst.stopped,testTAFCmixfirstkey_resp.keys,testTAFCmixfirstkey_resp.rt,testTAFCmixfirstkey_resp.duration,testTAFCmixfirsttrials.thisRepN,testTAFCmixfirsttrials.thisTrialN,testTAFCmixfirsttrials.thisN,testTAFCmixfirsttrials.thisIndex,testTAFCmixfirsttrials.ran,testTAFCmixfirst,testTAFCmixsec.started,testTAFCmixsec.stopped,testTAFCmixseckey_resp.keys,testTAFCmixseckey_resp.rt,testTAFCmixseckey_resp.duration,testTAFCmixsectrials.thisRepN,testTAFCmixsectrials.thisTrialN,testTAFCmixsectrials.thisN,testTAFCmixsectrials.thisIndex,testTAFCmixsectrials.ran,testTAFCmixsec,instTAFCreal.started,instTAFCreal.stopped,instTAFCrealkey_resp.keys,instTAFCrealkey_resp.rt,instTAFCrealkey_resp.duration,stimuliTAFCfirst.started,stimuliTAFCfirst.stopped,stimuliTAFCfirstkey_resp.keys,stimuliTAFCfirstkey_resp.rt,stimuliTAFCfirstkey_resp.duration,stimuliTAFCfirsttrials.thisRepN,stimuliTAFCfirsttrials.thisTrialN,stimuliTAFCfirsttrials.thisN,stimuliTAFCfirsttrials.thisIndex,stimuliTAFCfirsttrials.ran,stimuliTAFCfirst,stimuliTAFCsec.started,stimuliTAFCsec.stopped,stimuliTAFCseckey_resp.keys,stimuliTAFCseckey_resp.rt,stimuliTAFCseckey_resp.duration,stimuliTAFCsectrials.thisRepN,stimuliTAFCsectrials.thisTrialN,stimuliTAFCsectrials.thisN,stimuliTAFCsectrials.thisIndex,stimuliTAFCsectrials.ran,stimuliTAFCsec,end.started,end.stopped
0,41.282,space,41.211,,43,001,2024-06-06_09h23.00.823,mathesisv2,2024.1.3,Win32,59.95203837,,,,,,,,,,,,,,,,,,,,,,,,,,,,,,,,,,,,,,,,,,,,,,,,,,,,,,,,,,,,,,,,,,,,,,,,,,,,,,,,,,,,,,,,,,,,,,,,,,,,,,,
,,,,,43,001,2024-06-06_09h23.00.823,mathesisv2,2024.1.3,Win32,59.95203837,41.282,53.105,space,11.771,,,,,,,,,,,,,,,,,,,,,,,,,,,,,,,,,,,,,,,,,,,,,,,,,,,,,,,,,,,,,,,,,,,,,,,,,,,,,,,,,,,,,,,,,,,,,,,,,,,
,,,,,43,001,2024-06-06_09h23.00.823,mathesisv2,2024.1.3,Win32,59.95203837,,,,,,53.137,83.341,f,30.17,,0,0,0,3,1,stimuliAXBmix/yyustimulus.wav,l,,,,,,,,,,,,,,,,,,,,,,,,,,,,,,,,,,,,,,,,,,,,,,,,,,,,,,,,,,,,,,,,,,,,,,,,,,,,,,,,,,,,,,
,,,,,43,001,2024-06-06_09h23.00.823,mathesisv2,2024.1.3,Win32,59.95203837,,,,,,83.346,91.123,l,7.764,,0,1,1,2,1,stimuliAXBmix/yuustimulus.wav,f,,,,,,,,,,,,,,,,,,,,,,,,,,,,,,,,,,,,,,,,,,,,,,,,,,,,,,,,,,,,,,,,,,,,,,,,,,,,,,,,,,,,,,
,,,,,43,001,2024-06-06_09h23.00.823,mathesisv2,2024.1.3,Win32,59.95203837,,,,,,91.126,97.074,l,5.936,,0,2,2,0,1,stimuliAXBmix/iiystimulus.wav,l,,,,,,,,,,,,,,,,,,,,,,,,,,,,,,,,,,,,,,,,,,,,,,,,,,,,,,,,,,,,,,,,,,,,,,,,,,,,,,,,,,,,,,
,,,,,43,001,2024-06-06_09h23.00.823,mathesisv2,2024.1.3,Win32,59.95203837,,,,,,97.076,101.355,f,4.265,,0,3,3,1,1,stimuliAXBmix/iyystimulus.wav,f,,,,,,,,,,,,,,,,,,,,,,,,,,,,,,,,,,,,,,,,,,,,,,,,,,,,,,,,,,,,,,,,,,,,,,,,,,,,,,,,,,,,,,
,,,,,43,001,2024-06-06_09h23.00.823,mathesisv2,2024.1.3,Win32,59.95203837,,,,,,,,,,,,,,,,,,101.357,105.75,space,4.351,,,,,,,,,,,,,,,,,,,,,,,,,,,,,,,,,,,,,,,,,,,,,,,,,,,,,,,,,,,,,,,,,,,,,,,,,,,,,,,,,,
,,,,,43,001,2024-06-06_09h23.00.823,mathesisv2,2024.1.3,Win32,59.95203837,,,,,,,,,,,,,,,,,,,,,,,105.75,136.64,space,30.849,,,,,,,,,,,,,,,,,,,,,,,,,,,,,,,,,,,,,,,,,,,,,,,,,,,,,,,,,,,,,,,,,,,,,,,,,,,,,
,,,,,43,001,2024-06-06_09h23.00.823,mathesisv2,2024.1.3,Win32,59.95203837,,,,,,136.682,143.628,l,6.928,,,,,,,stimuliAXBmix/yyustimulus.wav,l,,,,,,,,,,,0,0,0,3,1,,,,,,,,,,,,,,,,,,,,,,,,,,,,,,,,,,,,,,,,,,,,,,,,,,,,,,,,,,,,,,,,,,,,,,,
,,,,,43,001,2024-06-06_09h23.00.823,mathesisv2,2024.1.3,Win32,59.95203837,,,,,,143.633,149.206,f,5.559,,,,,,,stimuliAXBmix/yuustimulus.wav,f,,,,,,,,,,,0,1,1,2,1,,,,,,,,,,,,,,,,,,,,,,,,,,,,,,,,,,,,,,,,,,,,,,,,,,,,,,,,,,,,,,,,,,,,,,,
,,,,,43,001,2024-06-06_09h23.00.823,mathesisv2,2024.1.3,Win32,59.95203837,,,,,,149.21,153.077,f,3.852,,,,,,,stimuliAXBmix/iyystimulus.wav,f,,,,,,,,,,,0,2,2,1,1,,,,,,,,,,,,,,,,,,,,,,,,,,,,,,,,,,,,,,,,,,,,,,,,,,,,,,,,,,,,,,,,,,,,,,,
,,,,,43,001,2024-06-06_09h23.00.823,mathesisv2,2024.1.3,Win32,59.95203837,,,,,,153.078,156.975,l,3.885,,,,,,,stimuliAXBmix/iiystimulus.wav,l,,,,,,,,,,,0,3,3,0,1,,,,,,,,,,,,,,,,,,,,,,,,,,,,,,,,,,,,,,,,,,,,,,,,,,,,,,,,,,,,,,,,,,,,,,,
,,,,,43,001,2024-06-06_09h23.00.823,mathesisv2,2024.1.3,Win32,59.95203837,,,,,,156.978,160.541,f,3.551,,,,,,,stimuliAXBmix/yuustimulus.wav,f,,,,,,,,,,,1,0,4,2,1,,,,,,,,,,,,,,,,,,,,,,,,,,,,,,,,,,,,,,,,,,,,,,,,,,,,,,,,,,,,,,,,,,,,,,,
,,,,,43,001,2024-06-06_09h23.00.823,mathesisv2,2024.1.3,Win32,59.95203837,,,,,,160.543,164.559,l,4.003,,,,,,,stimuliAXBmix/iiystimulus.wav,l,,,,,,,,,,,1,1,5,0,1,,,,,,,,,,,,,,,,,,,,,,,,,,,,,,,,,,,,,,,,,,,,,,,,,,,,,,,,,,,,,,,,,,,,,,,
,,,,,43,001,2024-06-06_09h23.00.823,mathesisv2,2024.1.3,Win32,59.95203837,,,,,,164.562,168.106,f,3.533,,,,,,,stimuliAXBmix/iyystimulus.wav,f,,,,,,,,,,,1,2,6,1,1,,,,,,,,,,,,,,,,,,,,,,,,,,,,,,,,,,,,,,,,,,,,,,,,,,,,,,,,,,,,,,,,,,,,,,,
,,,,,43,001,2024-06-06_09h23.00.823,mathesisv2,2024.1.3,Win32,59.95203837,,,,,,168.108,171.84,l,3.718,,,,,,,stimuliAXBmix/yyustimulus.wav,l,,,,,,,,,,,1,3,7,3,1,,,,,,,,,,,,,,,,,,,,,,,,,,,,,,,,,,,,,,,,,,,,,,,,,,,,,,,,,,,,,,,,,,,,,,,
,,,,,43,001,2024-06-06_09h23.00.823,mathesisv2,2024.1.3,Win32,59.95203837,,,,,,171.842,176.109,l,4.256,,,,,,,stimuliAXBmix/iiystimulus.wav,l,,,,,,,,,,,2,0,8,0,1,,,,,,,,,,,,,,,,,,,,,,,,,,,,,,,,,,,,,,,,,,,,,,,,,,,,,,,,,,,,,,,,,,,,,,,
,,,,,43,001,2024-06-06_09h23.00.823,mathesisv2,2024.1.3,Win32,59.95203837,,,,,,176.11,180.111,l,3.985,,,,,,,stimuliAXBmix/yyustimulus.wav,l,,,,,,,,,,,2,1,9,3,1,,,,,,,,,,,,,,,,,,,,,,,,,,,,,,,,,,,,,,,,,,,,,,,,,,,,,,,,,,,,,,,,,,,,,,,
,,,,,43,001,2024-06-06_09h23.00.823,mathesisv2,2024.1.3,Win32,59.95203837,,,,,,180.118,183.374,f,3.241,,,,,,,stimuliAXBmix/yuustimulus.wav,f,,,,,,,,,,,2,2,10,2,1,,,,,,,,,,,,,,,,,,,,,,,,,,,,,,,,,,,,,,,,,,,,,,,,,,,,,,,,,,,,,,,,,,,,,,,
,,,,,43,001,2024-06-06_09h23.00.823,mathesisv2,2024.1.3,Win32,59.95203837,,,,,,183.377,186.773,f,3.381,,,,,,,stimuliAXBmix/iyystimulus.wav,f,,,,,,,,,,,2,3,11,1,1,,,,,,,,,,,,,,,,,,,,,,,,,,,,,,,,,,,,,,,,,,,,,,,,,,,,,,,,,,,,,,,,,,,,,,,
,,,,,43,001,2024-06-06_09h23.00.823,mathesisv2,2024.1.3,Win32,59.95203837,,,,,,240.474,246.408,l,5.921,,,,,,,stimuliAXBmix/yyustimulus.wav,l,,,,,,,,,,,,,,,,186.776,240.446,return,53.638,,0,0,0,3,1,,,,,,,,,,,,,,,,,,,,,,,,,,,,,,,,,,,,,,,,,,,,,,,,,,,,,,,,,,,,,
,,,,,43,001,2024-06-06_09h23.00.823,mathesisv2,2024.1.3,Win32,59.95203837,,,,,,246.411,250.559,f,4.138,,,,,,,stimuliAXBmix/iyystimulus.wav,f,,,,,,,,,,,,,,,,,,,,,0,1,1,1,1,,,,,,,,,,,,,,,,,,,,,,,,,,,,,,,,,,,,,,,,,,,,,,,,,,,,,,,,,,,,,
,,,,,43,001,2024-06-06_09h23.00.823,mathesisv2,2024.1.3,Win32,59.95203837,,,,,,250.559,254.045,l,3.471,,,,,,,stimuliAXBmix/iiystimulus.wav,l,,,,,,,,,,,,,,,,,,,,,0,2,2,0,1,,,,,,,,,,,,,,,,,,,,,,,,,,,,,,,,,,,,,,,,,,,,,,,,,,,,,,,,,,,,,
,,,,,43,001,2024-06-06_09h23.00.823,mathesisv2,2024.1.3,Win32,59.95203837,,,,,,254.05,257.808,f,3.745,,,,,,,stimuliAXBmix/yuustimulus.wav,f,,,,,,,,,,,,,,,,,,,,,0,3,3,2,1,,,,,,,,,,,,,,,,,,,,,,,,,,,,,,,,,,,,,,,,,,,,,,,,,,,,,,,,,,,,,
,,,,,43,001,2024-06-06_09h23.00.823,mathesisv2,2024.1.3,Win32,59.95203837,,,,,,257.81,261.69,l,3.868,,,,,,,stimuliAXBmix/iiystimulus.wav,l,,,,,,,,,,,,,,,,,,,,,1,0,4,0,1,,,,,,,,,,,,,,,,,,,,,,,,,,,,,,,,,,,,,,,,,,,,,,,,,,,,,,,,,,,,,
,,,,,43,001,2024-06-06_09h23.00.823,mathesisv2,2024.1.3,Win32,59.95203837,,,,,,261.692,267.507,l,5.8,,,,,,,stimuliAXBmix/yyustimulus.wav,l,,,,,,,,,,,,,,,,,,,,,1,1,5,3,1,,,,,,,,,,,,,,,,,,,,,,,,,,,,,,,,,,,,,,,,,,,,,,,,,,,,,,,,,,,,,
,,,,,43,001,2024-06-06_09h23.00.823,mathesisv2,2024.1.3,Win32,59.95203837,,,,,,267.509,271.274,f,3.749,,,,,,,stimuliAXBmix/iyystimulus.wav,f,,,,,,,,,,,,,,,,,,,,,1,2,6,1,1,,,,,,,,,,,,,,,,,,,,,,,,,,,,,,,,,,,,,,,,,,,,,,,,,,,,,,,,,,,,,
,,,,,43,001,2024-06-06_09h23.00.823,mathesisv2,2024.1.3,Win32,59.95203837,,,,,,271.276,275.008,f,3.717,,,,,,,stimuliAXBmix/yuustimulus.wav,f,,,,,,,,,,,,,,,,,,,,,1,3,7,2,1,,,,,,,,,,,,,,,,,,,,,,,,,,,,,,,,,,,,,,,,,,,,,,,,,,,,,,,,,,,,,
,,,,,43,001,2024-06-06_09h23.00.823,mathesisv2,2024.1.3,Win32,59.95203837,,,,,,494.536,499.381,l,4.824,,,,,,,stimuliAXBmix/iiystimulus.wav,l,,,,,,,,,,,0,0,0,0,1,,,,,,,,,,,275.009,494.5,space,219.457,,,,,,,,,,,,,,,,,,,,,,,,,,,,,,,,,,,,,,,,,,,,,,,,,,,,,,,,,
,,,,,43,001,2024-06-06_09h23.00.823,mathesisv2,2024.1.3,Win32,59.95203837,,,,,,499.387,503.129,f,3.729,,,,,,,stimuliAXBmix/yuustimulus.wav,f,,,,,,,,,,,0,1,1,2,1,,,,,,,,,,,,,,,,,,,,,,,,,,,,,,,,,,,,,,,,,,,,,,,,,,,,,,,,,,,,,,,,,,,,,,,
,,,,,43,001,2024-06-06_09h23.00.823,mathesisv2,2024.1.3,Win32,59.95203837,,,,,,503.131,506.863,l,3.718,,,,,,,stimuliAXBmix/yyustimulus.wav,l,,,,,,,,,,,0,2,2,3,1,,,,,,,,,,,,,,,,,,,,,,,,,,,,,,,,,,,,,,,,,,,,,,,,,,,,,,,,,,,,,,,,,,,,,,,
,,,,,43,001,2024-06-06_09h23.00.823,mathesisv2,2024.1.3,Win32,59.95203837,,,,,,506.865,511.345,f,4.467,,,,,,,stimuliAXBmix/iyystimulus.wav,f,,,,,,,,,,,0,3,3,1,1,,,,,,,,,,,,,,,,,,,,,,,,,,,,,,,,,,,,,,,,,,,,,,,,,,,,,,,,,,,,,,,,,,,,,,,
,,,,,43,001,2024-06-06_09h23.00.823,mathesisv2,2024.1.3,Win32,59.95203837,,,,,,511.348,515.084,f,3.721,,,,,,,stimuliAXBmix/yuustimulus.wav,f,,,,,,,,,,,1,0,4,2,1,,,,,,,,,,,,,,,,,,,,,,,,,,,,,,,,,,,,,,,,,,,,,,,,,,,,,,,,,,,,,,,,,,,,,,,
,,,,,43,001,2024-06-06_09h23.00.823,mathesisv2,2024.1.3,Win32,59.95203837,,,,,,515.085,519.012,l,3.915,,,,,,,stimuliAXBmix/iiystimulus.wav,l,,,,,,,,,,,1,1,5,0,1,,,,,,,,,,,,,,,,,,,,,,,,,,,,,,,,,,,,,,,,,,,,,,,,,,,,,,,,,,,,,,,,,,,,,,,
,,,,,43,001,2024-06-06_09h23.00.823,mathesisv2,2024.1.3,Win32,59.95203837,,,,,,519.013,522.846,l,3.816,,,,,,,stimuliAXBmix/yyustimulus.wav,l,,,,,,,,,,,1,2,6,3,1,,,,,,,,,,,,,,,,,,,,,,,,,,,,,,,,,,,,,,,,,,,,,,,,,,,,,,,,,,,,,,,,,,,,,,,
,,,,,43,001,2024-06-06_09h23.00.823,mathesisv2,2024.1.3,Win32,59.95203837,,,,,,522.848,526.578,f,3.717,,,,,,,stimuliAXBmix/iyystimulus.wav,f,,,,,,,,,,,1,3,7,1,1,,,,,,,,,,,,,,,,,,,,,,,,,,,,,,,,,,,,,,,,,,,,,,,,,,,,,,,,,,,,,,,,,,,,,,,
,,,,,43,001,2024-06-06_09h23.00.823,mathesisv2,2024.1.3,Win32,59.95203837,,,,,,526.58,530.295,f,3.701,,,,,,,stimuliAXBmix/yuustimulus.wav,f,,,,,,,,,,,2,0,8,2,1,,,,,,,,,,,,,,,,,,,,,,,,,,,,,,,,,,,,,,,,,,,,,,,,,,,,,,,,,,,,,,,,,,,,,,,
,,,,,43,001,2024-06-06_09h23.00.823,mathesisv2,2024.1.3,Win32,59.95203837,,,,,,530.298,534.18,l,3.869,,,,,,,stimuliAXBmix/iiystimulus.wav,l,,,,,,,,,,,2,1,9,0,1,,,,,,,,,,,,,,,,,,,,,,,,,,,,,,,,,,,,,,,,,,,,,,,,,,,,,,,,,,,,,,,,,,,,,,,
,,,,,43,001,2024-06-06_09h23.00.823,mathesisv2,2024.1.3,Win32,59.95203837,,,,,,534.182,537.781,l,3.586,,,,,,,stimuliAXBmix/yyustimulus.wav,l,,,,,,,,,,,2,2,10,3,1,,,,,,,,,,,,,,,,,,,,,,,,,,,,,,,,,,,,,,,,,,,,,,,,,,,,,,,,,,,,,,,,,,,,,,,
,,,,,43,001,2024-06-06_09h23.00.823,mathesisv2,2024.1.3,Win32,59.95203837,,,,,,537.786,541.463,f,3.664,,,,,,,stimuliAXBmix/iyystimulus.wav,f,,,,,,,,,,,2,3,11,1,1,,,,,,,,,,,,,,,,,,,,,,,,,,,,,,,,,,,,,,,,,,,,,,,,,,,,,,,,,,,,,,,,,,,,,,,
,,,,,43,001,2024-06-06_09h23.00.823,mathesisv2,2024.1.3,Win32,59.95203837,,,,,,544.769,552.147,l,7.367,,,,,,,stimuliAXBmix/iiystimulus.wav,l,,,,,,,,,,,,,,,,541.465,544.746,return,3.252,,0,0,0,0,1,,,,,,,,,,,,,,,,,,,,,,,,,,,,,,,,,,,,,,,,,,,,,,,,,,,,,,,,,,,,,
,,,,,43,001,2024-06-06_09h23.00.823,mathesisv2,2024.1.3,Win32,59.95203837,,,,,,552.15,555.831,l,3.667,,,,,,,stimuliAXBmix/yyustimulus.wav,l,,,,,,,,,,,,,,,,,,,,,0,1,1,3,1,,,,,,,,,,,,,,,,,,,,,,,,,,,,,,,,,,,,,,,,,,,,,,,,,,,,,,,,,,,,,
,,,,,43,001,2024-06-06_09h23.00.823,mathesisv2,2024.1.3,Win32,59.95203837,,,,,,555.833,559.547,f,3.701,,,,,,,stimuliAXBmix/iyystimulus.wav,f,,,,,,,,,,,,,,,,,,,,,0,2,2,1,1,,,,,,,,,,,,,,,,,,,,,,,,,,,,,,,,,,,,,,,,,,,,,,,,,,,,,,,,,,,,,
,,,,,43,001,2024-06-06_09h23.00.823,mathesisv2,2024.1.3,Win32,59.95203837,,,,,,559.549,563.146,f,3.583,,,,,,,stimuliAXBmix/yuustimulus.wav,f,,,,,,,,,,,,,,,,,,,,,0,3,3,2,1,,,,,,,,,,,,,,,,,,,,,,,,,,,,,,,,,,,,,,,,,,,,,,,,,,,,,,,,,,,,,
,,,,,43,001,2024-06-06_09h23.00.823,mathesisv2,2024.1.3,Win32,59.95203837,,,,,,563.148,566.73,f,3.569,,,,,,,stimuliAXBmix/iyystimulus.wav,f,,,,,,,,,,,,,,,,,,,,,1,0,4,1,1,,,,,,,,,,,,,,,,,,,,,,,,,,,,,,,,,,,,,,,,,,,,,,,,,,,,,,,,,,,,,
,,,,,43,001,2024-06-06_09h23.00.823,mathesisv2,2024.1.3,Win32,59.95203837,,,,,,566.731,570.951,l,4.206,,,,,,,stimuliAXBmix/iiystimulus.wav,l,,,,,,,,,,,,,,,,,,,,,1,1,5,0,1,,,,,,,,,,,,,,,,,,,,,,,,,,,,,,,,,,,,,,,,,,,,,,,,,,,,,,,,,,,,,
,,,,,43,001,2024-06-06_09h23.00.823,mathesisv2,2024.1.3,Win32,59.95203837,,,,,,570.955,574.93,f,3.958,,,,,,,stimuliAXBmix/yuustimulus.wav,f,,,,,,,,,,,,,,,,,,,,,1,2,6,2,1,,,,,,,,,,,,,,,,,,,,,,,,,,,,,,,,,,,,,,,,,,,,,,,,,,,,,,,,,,,,,
,,,,,43,001,2024-06-06_09h23.00.823,mathesisv2,2024.1.3,Win32,59.95203837,,,,,,574.931,578.697,l,3.75,,,,,,,stimuliAXBmix/yyustimulus.wav,l,,,,,,,,,,,,,,,,,,,,,1,3,7,3,1,,,,,,,,,,,,,,,,,,,,,,,,,,,,,,,,,,,,,,,,,,,,,,,,,,,,,,,,,,,,,
,,,,,43,001,2024-06-06_09h23.00.823,mathesisv2,2024.1.3,Win32,59.95203837,,,,,,744.447,748.383,f,3.918,,,,,,,stimuliAXBmix/yuustimulus.wav,f,,,,,,,,,,,0,0,0,2,1,,,,,,,,,,,578.697,744.42,space,165.704,,,,,,,,,,,,,,,,,,,,,,,,,,,,,,,,,,,,,,,,,,,,,,,,,,,,,,,,,
,,,,,43,001,2024-06-06_09h23.00.823,mathesisv2,2024.1.3,Win32,59.95203837,,,,,,748.386,751.668,l,3.268,,,,,,,stimuliAXBmix/iiystimulus.wav,l,,,,,,,,,,,0,1,1,0,1,,,,,,,,,,,,,,,,,,,,,,,,,,,,,,,,,,,,,,,,,,,,,,,,,,,,,,,,,,,,,,,,,,,,,,,
,,,,,43,001,2024-06-06_09h23.00.823,mathesisv2,2024.1.3,Win32,59.95203837,,,,,,751.67,755.467,f,3.784,,,,,,,stimuliAXBmix/iyystimulus.wav,f,,,,,,,,,,,0,2,2,1,1,,,,,,,,,,,,,,,,,,,,,,,,,,,,,,,,,,,,,,,,,,,,,,,,,,,,,,,,,,,,,,,,,,,,,,,
,,,,,43,001,2024-06-06_09h23.00.823,mathesisv2,2024.1.3,Win32,59.95203837,,,,,,755.469,758.783,l,3.302,,,,,,,stimuliAXBmix/yyustimulus.wav,l,,,,,,,,,,,0,3,3,3,1,,,,,,,,,,,,,,,,,,,,,,,,,,,,,,,,,,,,,,,,,,,,,,,,,,,,,,,,,,,,,,,,,,,,,,,
,,,,,43,001,2024-06-06_09h23.00.823,mathesisv2,2024.1.3,Win32,59.95203837,,,,,,758.783,762.782,f,3.981,,,,,,,stimuliAXBmix/yuustimulus.wav,f,,,,,,,,,,,1,0,4,2,1,,,,,,,,,,,,,,,,,,,,,,,,,,,,,,,,,,,,,,,,,,,,,,,,,,,,,,,,,,,,,,,,,,,,,,,
,,,,,43,001,2024-06-06_09h23.00.823,mathesisv2,2024.1.3,Win32,59.95203837,,,,,,762.785,767.6,l,4.803,,,,,,,stimuliAXBmix/iiystimulus.wav,l,,,,,,,,,,,1,1,5,0,1,,,,,,,,,,,,,,,,,,,,,,,,,,,,,,,,,,,,,,,,,,,,,,,,,,,,,,,,,,,,,,,,,,,,,,,
,,,,,43,001,2024-06-06_09h23.00.823,mathesisv2,2024.1.3,Win32,59.95203837,,,,,,767.601,771.634,l,4.019,,,,,,,stimuliAXBmix/yyustimulus.wav,l,,,,,,,,,,,1,2,6,3,1,,,,,,,,,,,,,,,,,,,,,,,,,,,,,,,,,,,,,,,,,,,,,,,,,,,,,,,,,,,,,,,,,,,,,,,
,,,,,43,001,2024-06-06_09h23.00.823,mathesisv2,2024.1.3,Win32,59.95203837,,,,,,771.636,775.583,f,3.933,,,,,,,stimuliAXBmix/iyystimulus.wav,f,,,,,,,,,,,1,3,7,1,1,,,,,,,,,,,,,,,,,,,,,,,,,,,,,,,,,,,,,,,,,,,,,,,,,,,,,,,,,,,,,,,,,,,,,,,
,,,,,43,001,2024-06-06_09h23.00.823,mathesisv2,2024.1.3,Win32,59.95203837,,,,,,775.584,779.753,l,4.153,,,,,,,stimuliAXBmix/iiystimulus.wav,l,,,,,,,,,,,2,0,8,0,1,,,,,,,,,,,,,,,,,,,,,,,,,,,,,,,,,,,,,,,,,,,,,,,,,,,,,,,,,,,,,,,,,,,,,,,
,,,,,43,001,2024-06-06_09h23.00.823,mathesisv2,2024.1.3,Win32,59.95203837,,,,,,779.758,783.483,f,3.711,,,,,,,stimuliAXBmix/yuustimulus.wav,f,,,,,,,,,,,2,1,9,2,1,,,,,,,,,,,,,,,,,,,,,,,,,,,,,,,,,,,,,,,,,,,,,,,,,,,,,,,,,,,,,,,,,,,,,,,
,,,,,43,001,2024-06-06_09h23.00.823,mathesisv2,2024.1.3,Win32,59.95203837,,,,,,783.486,790.3,l,6.802,,,,,,,stimuliAXBmix/yyustimulus.wav,l,,,,,,,,,,,2,2,10,3,1,,,,,,,,,,,,,,,,,,,,,,,,,,,,,,,,,,,,,,,,,,,,,,,,,,,,,,,,,,,,,,,,,,,,,,,
,,,,,43,001,2024-06-06_09h23.00.823,mathesisv2,2024.1.3,Win32,59.95203837,,,,,,790.303,794.499,f,4.186,,,,,,,stimuliAXBmix/iyystimulus.wav,f,,,,,,,,,,,2,3,11,1,1,,,,,,,,,,,,,,,,,,,,,,,,,,,,,,,,,,,,,,,,,,,,,,,,,,,,,,,,,,,,,,,,,,,,,,,
,,,,,43,001,2024-06-06_09h23.00.823,mathesisv2,2024.1.3,Win32,59.95203837,,,,,,797.922,801.817,l,3.884,,,,,,,stimuliAXBmix/iiystimulus.wav,l,,,,,,,,,,,,,,,,794.501,797.9,return,3.32,,0,0,0,0,1,,,,,,,,,,,,,,,,,,,,,,,,,,,,,,,,,,,,,,,,,,,,,,,,,,,,,,,,,,,,,
,,,,,43,001,2024-06-06_09h23.00.823,mathesisv2,2024.1.3,Win32,59.95203837,,,,,,801.819,806.117,f,4.282,,,,,,,stimuliAXBmix/iyystimulus.wav,f,,,,,,,,,,,,,,,,,,,,,0,1,1,1,1,,,,,,,,,,,,,,,,,,,,,,,,,,,,,,,,,,,,,,,,,,,,,,,,,,,,,,,,,,,,,
,,,,,43,001,2024-06-06_09h23.00.823,mathesisv2,2024.1.3,Win32,59.95203837,,,,,,806.12,809.833,l,3.701,,,,,,,stimuliAXBmix/yyustimulus.wav,l,,,,,,,,,,,,,,,,,,,,,0,2,2,3,1,,,,,,,,,,,,,,,,,,,,,,,,,,,,,,,,,,,,,,,,,,,,,,,,,,,,,,,,,,,,,
,,,,,43,001,2024-06-06_09h23.00.823,mathesisv2,2024.1.3,Win32,59.95203837,,,,,,809.834,813.667,f,3.818,,,,,,,stimuliAXBmix/yuustimulus.wav,f,,,,,,,,,,,,,,,,,,,,,0,3,3,2,1,,,,,,,,,,,,,,,,,,,,,,,,,,,,,,,,,,,,,,,,,,,,,,,,,,,,,,,,,,,,,
,,,,,43,001,2024-06-06_09h23.00.823,mathesisv2,2024.1.3,Win32,59.95203837,,,,,,813.669,817.87,l,4.187,,,,,,,stimuliAXBmix/iiystimulus.wav,l,,,,,,,,,,,,,,,,,,,,,1,0,4,0,1,,,,,,,,,,,,,,,,,,,,,,,,,,,,,,,,,,,,,,,,,,,,,,,,,,,,,,,,,,,,,
,,,,,43,001,2024-06-06_09h23.00.823,mathesisv2,2024.1.3,Win32,59.95203837,,,,,,817.874,821.584,f,3.694,,,,,,,stimuliAXBmix/yuustimulus.wav,f,,,,,,,,,,,,,,,,,,,,,1,1,5,2,1,,,,,,,,,,,,,,,,,,,,,,,,,,,,,,,,,,,,,,,,,,,,,,,,,,,,,,,,,,,,,
,,,,,43,001,2024-06-06_09h23.00.823,mathesisv2,2024.1.3,Win32,59.95203837,,,,,,821.587,826.434,f,4.837,,,,,,,stimuliAXBmix/iyystimulus.wav,f,,,,,,,,,,,,,,,,,,,,,1,2,6,1,1,,,,,,,,,,,,,,,,,,,,,,,,,,,,,,,,,,,,,,,,,,,,,,,,,,,,,,,,,,,,,
,,,,,43,001,2024-06-06_09h23.00.823,mathesisv2,2024.1.3,Win32,59.95203837,,,,,,826.437,830.217,l,3.767,,,,,,,stimuliAXBmix/yyustimulus.wav,l,,,,,,,,,,,,,,,,,,,,,1,3,7,3,1,,,,,,,,,,,,,,,,,,,,,,,,,,,,,,,,,,,,,,,,,,,,,,,,,,,,,,,,,,,,,
,,,,,43,001,2024-06-06_09h23.00.823,mathesisv2,2024.1.3,Win32,59.95203837,,,,,,845.618,849.718,f,4.085,,,,,,,stimuliAXBmix/iyystimulus.wav,f,,,,,,,,,,,0,0,0,1,1,,,,,,,,,,,830.219,845.59,space,15.352,,,,,,,,,,,,,,,,,,,,,,,,,,,,,,,,,,,,,,,,,,,,,,,,,,,,,,,,,
,,,,,43,001,2024-06-06_09h23.00.823,mathesisv2,2024.1.3,Win32,59.95203837,,,,,,849.721,853.601,l,3.865,,,,,,,stimuliAXBmix/yyustimulus.wav,l,,,,,,,,,,,0,1,1,3,1,,,,,,,,,,,,,,,,,,,,,,,,,,,,,,,,,,,,,,,,,,,,,,,,,,,,,,,,,,,,,,,,,,,,,,,
,,,,,43,001,2024-06-06_09h23.00.823,mathesisv2,2024.1.3,Win32,59.95203837,,,,,,853.603,857.585,l,3.969,,,,,,,stimuliAXBmix/iiystimulus.wav,l,,,,,,,,,,,0,2,2,0,1,,,,,,,,,,,,,,,,,,,,,,,,,,,,,,,,,,,,,,,,,,,,,,,,,,,,,,,,,,,,,,,,,,,,,,,
,,,,,43,001,2024-06-06_09h23.00.823,mathesisv2,2024.1.3,Win32,59.95203837,,,,,,857.587,861.384,f,3.785,,,,,,,stimuliAXBmix/yuustimulus.wav,f,,,,,,,,,,,0,3,3,2,1,,,,,,,,,,,,,,,,,,,,,,,,,,,,,,,,,,,,,,,,,,,,,,,,,,,,,,,,,,,,,,,,,,,,,,,
,,,,,43,001,2024-06-06_09h23.00.823,mathesisv2,2024.1.3,Win32,59.95203837,,,,,,861.386,865.268,f,3.868,,,,,,,stimuliAXBmix/iyystimulus.wav,f,,,,,,,,,,,1,0,4,1,1,,,,,,,,,,,,,,,,,,,,,,,,,,,,,,,,,,,,,,,,,,,,,,,,,,,,,,,,,,,,,,,,,,,,,,,
,,,,,43,001,2024-06-06_09h23.00.823,mathesisv2,2024.1.3,Win32,59.95203837,,,,,,865.27,868.902,l,3.617,,,,,,,stimuliAXBmix/iiystimulus.wav,l,,,,,,,,,,,1,1,5,0,1,,,,,,,,,,,,,,,,,,,,,,,,,,,,,,,,,,,,,,,,,,,,,,,,,,,,,,,,,,,,,,,,,,,,,,,
,,,,,43,001,2024-06-06_09h23.00.823,mathesisv2,2024.1.3,Win32,59.95203837,,,,,,868.903,872.618,l,3.701,,,,,,,stimuliAXBmix/yyustimulus.wav,l,,,,,,,,,,,1,2,6,3,1,,,,,,,,,,,,,,,,,,,,,,,,,,,,,,,,,,,,,,,,,,,,,,,,,,,,,,,,,,,,,,,,,,,,,,,
,,,,,43,001,2024-06-06_09h23.00.823,mathesisv2,2024.1.3,Win32,59.95203837,,,,,,872.62,876.385,f,3.751,,,,,,,stimuliAXBmix/yuustimulus.wav,f,,,,,,,,,,,1,3,7,2,1,,,,,,,,,,,,,,,,,,,,,,,,,,,,,,,,,,,,,,,,,,,,,,,,,,,,,,,,,,,,,,,,,,,,,,,
,,,,,43,001,2024-06-06_09h23.00.823,mathesisv2,2024.1.3,Win32,59.95203837,,,,,,876.386,880.085,f,3.684,,,,,,,stimuliAXBmix/iyystimulus.wav,f,,,,,,,,,,,2,0,8,1,1,,,,,,,,,,,,,,,,,,,,,,,,,,,,,,,,,,,,,,,,,,,,,,,,,,,,,,,,,,,,,,,,,,,,,,,
,,,,,43,001,2024-06-06_09h23.00.823,mathesisv2,2024.1.3,Win32,59.95203837,,,,,,880.087,883.854,l,3.753,,,,,,,stimuliAXBmix/iiystimulus.wav,l,,,,,,,,,,,2,1,9,0,1,,,,,,,,,,,,,,,,,,,,,,,,,,,,,,,,,,,,,,,,,,,,,,,,,,,,,,,,,,,,,,,,,,,,,,,
,,,,,43,001,2024-06-06_09h23.00.823,mathesisv2,2024.1.3,Win32,59.95203837,,,,,,883.86,887.536,l,3.663,,,,,,,stimuliAXBmix/yyustimulus.wav,l,,,,,,,,,,,2,2,10,3,1,,,,,,,,,,,,,,,,,,,,,,,,,,,,,,,,,,,,,,,,,,,,,,,,,,,,,,,,,,,,,,,,,,,,,,,
,,,,,43,001,2024-06-06_09h23.00.823,mathesisv2,2024.1.3,Win32,59.95203837,,,,,,887.538,891.486,f,3.934,,,,,,,stimuliAXBmix/yuustimulus.wav,f,,,,,,,,,,,2,3,11,2,1,,,,,,,,,,,,,,,,,,,,,,,,,,,,,,,,,,,,,,,,,,,,,,,,,,,,,,,,,,,,,,,,,,,,,,,
,,,,,43,001,2024-06-06_09h23.00.823,mathesisv2,2024.1.3,Win32,59.95203837,,,,,,901.307,905.768,l,4.447,,,,,,,stimuliAXBmix/yyustimulus.wav,l,,,,,,,,,,,,,,,,891.488,901.285,return,9.774,,0,0,0,3,1,,,,,,,,,,,,,,,,,,,,,,,,,,,,,,,,,,,,,,,,,,,,,,,,,,,,,,,,,,,,,
,,,,,43,001,2024-06-06_09h23.00.823,mathesisv2,2024.1.3,Win32,59.95203837,,,,,,905.772,909.552,f,3.768,,,,,,,stimuliAXBmix/iyystimulus.wav,f,,,,,,,,,,,,,,,,,,,,,0,1,1,1,1,,,,,,,,,,,,,,,,,,,,,,,,,,,,,,,,,,,,,,,,,,,,,,,,,,,,,,,,,,,,,
,,,,,43,001,2024-06-06_09h23.00.823,mathesisv2,2024.1.3,Win32,59.95203837,,,,,,909.554,913.338,l,3.769,,,,,,,stimuliAXBmix/iiystimulus.wav,l,,,,,,,,,,,,,,,,,,,,,0,2,2,0,1,,,,,,,,,,,,,,,,,,,,,,,,,,,,,,,,,,,,,,,,,,,,,,,,,,,,,,,,,,,,,
,,,,,43,001,2024-06-06_09h23.00.823,mathesisv2,2024.1.3,Win32,59.95203837,,,,,,913.344,917.085,f,3.729,,,,,,,stimuliAXBmix/yuustimulus.wav,f,,,,,,,,,,,,,,,,,,,,,0,3,3,2,1,,,,,,,,,,,,,,,,,,,,,,,,,,,,,,,,,,,,,,,,,,,,,,,,,,,,,,,,,,,,,
,,,,,43,001,2024-06-06_09h23.00.823,mathesisv2,2024.1.3,Win32,59.95203837,,,,,,917.086,921.136,f,4.032,,,,,,,stimuliAXBmix/yuustimulus.wav,f,,,,,,,,,,,,,,,,,,,,,1,0,4,2,1,,,,,,,,,,,,,,,,,,,,,,,,,,,,,,,,,,,,,,,,,,,,,,,,,,,,,,,,,,,,,
,,,,,43,001,2024-06-06_09h23.00.823,mathesisv2,2024.1.3,Win32,59.95203837,,,,,,921.139,925.137,f,3.985,,,,,,,stimuliAXBmix/iyystimulus.wav,f,,,,,,,,,,,,,,,,,,,,,1,1,5,1,1,,,,,,,,,,,,,,,,,,,,,,,,,,,,,,,,,,,,,,,,,,,,,,,,,,,,,,,,,,,,,
,,,,,43,001,2024-06-06_09h23.00.823,mathesisv2,2024.1.3,Win32,59.95203837,,,,,,925.139,928.887,l,3.736,,,,,,,stimuliAXBmix/yyustimulus.wav,l,,,,,,,,,,,,,,,,,,,,,1,2,6,3,1,,,,,,,,,,,,,,,,,,,,,,,,,,,,,,,,,,,,,,,,,,,,,,,,,,,,,,,,,,,,,
,,,,,43,001,2024-06-06_09h23.00.823,mathesisv2,2024.1.3,Win32,59.95203837,,,,,,928.888,932.652,l,3.751,,,,,,,stimuliAXBmix/iiystimulus.wav,l,,,,,,,,,,,,,,,,,,,,,1,3,7,0,1,,,,,,,,,,,,,,,,,,,,,,,,,,,,,,,,,,,,,,,,,,,,,,,,,,,,,,,,,,,,,
,,,,,43,001,2024-06-06_09h23.00.823,mathesisv2,2024.1.3,Win32,59.95203837,,,,,,,,,,,,,,,,,,,,,,,,,,,,,,,,,,,,,,,,,,,932.654,935.336,space,2.662,,935.336,950.641,space,15.196,,,,,,,,,,,,,,,,,,,,,,,,,,,,,,,,,,,,,,,,,,,,,,,,,,,,
,,,,,43,001,2024-06-06_09h23.00.823,mathesisv2,2024.1.3,Win32,59.95203837,,,,,,,,,,,,,,,,,,,,,,,,,,,,,,,,,,,,,,,,,,,,,,,,,,,,,950.711,962.507,e,11.743,,0,0,0,2,1,testTAFCmixfirst/nimnym006.wav,,,,,,,,,,,,,,,,,,,,,,,,,,,,,,,,,,,,,,,,
,,,,,43,001,2024-06-06_09h23.00.823,mathesisv2,2024.1.3,Win32,59.95203837,,,,,,,,,,,,,,,,,,,,,,,,,,,,,,,,,,,,,,,,,,,,,,,,,,,,,962.51,967.253,e,4.731,,0,1,1,1,1,testTAFCmixfirst/nimnym002.wav,,,,,,,,,,,,,,,,,,,,,,,,,,,,,,,,,,,,,,,,
,,,,,43,001,2024-06-06_09h23.00.823,mathesisv2,2024.1.3,Win32,59.95203837,,,,,,,,,,,,,,,,,,,,,,,,,,,,,,,,,,,,,,,,,,,,,,,,,,,,,967.255,981.788,e,14.521,,0,2,2,0,1,testTAFCmixfirst/nimnym001.wav,,,,,,,,,,,,,,,,,,,,,,,,,,,,,,,,,,,,,,,,
,,,,,43,001,2024-06-06_09h23.00.823,mathesisv2,2024.1.3,Win32,59.95203837,,,,,,,,,,,,,,,,,,,,,,,,,,,,,,,,,,,,,,,,,,,,,,,,,,,,,,,,,,,,,,,,981.804,988.971,u,7.134,,0,0,0,0,1,testTAFCmixsec/numnym001.wav,,,,,,,,,,,,,,,,,,,,,,,,,,,,,
,,,,,43,001,2024-06-06_09h23.00.823,mathesisv2,2024.1.3,Win32,59.95203837,,,,,,,,,,,,,,,,,,,,,,,,,,,,,,,,,,,,,,,,,,,,,,,,,,,,,,,,,,,,,,,,988.974,994.606,u,5.617,,0,1,1,1,1,testTAFCmixsec/numnym002.wav,,,,,,,,,,,,,,,,,,,,,,,,,,,,,
,,,,,43,001,2024-06-06_09h23.00.823,mathesisv2,2024.1.3,Win32,59.95203837,,,,,,,,,,,,,,,,,,,,,,,,,,,,,,,,,,,,,,,,,,,,,,,,,,,,,,,,,,,,,,,,994.612,997.439,y,2.813,,0,2,2,2,1,testTAFCmixsec/numnym006.wav,,,,,,,,,,,,,,,,,,,,,,,,,,,,,
,,,,,43,001,2024-06-06_09h23.00.823,mathesisv2,2024.1.3,Win32,59.95203837,,,,,,,,,,,,,,,,,,,,,,,,,,,,,,,,,,,,,,,,,,,,,,,,,,,,,,,,,,,,,,,,,,,,,,,,,,,997.439,1013.187,space,15.704,,,,,,,,,,,,,,,,,,,,,,,,,
,,,,,43,001,2024-06-06_09h23.00.823,mathesisv2,2024.1.3,Win32,59.95203837,,,,,,,,,,,,,,,,,y,,,,,,,,,,,,,,,,,,,,,,,,,,,,,,,,,,,,,,,,,,,,,,,,,,,,,,,,,,,,,,,1013.227,1016.12,y,2.868,,0,0,0,6,1,stimuliTAFCfirst/nimnym007.wav,,,,,,,,,,,,,
,,,,,43,001,2024-06-06_09h23.00.823,mathesisv2,2024.1.3,Win32,59.95203837,,,,,,,,,,,,,,,,,e,,,,,,,,,,,,,,,,,,,,,,,,,,,,,,,,,,,,,,,,,,,,,,,,,,,,,,,,,,,,,,,1016.123,1018.003,e,1.868,,0,1,1,0,1,stimuliTAFCfirst/nimnym001.wav,,,,,,,,,,,,,
,,,,,43,001,2024-06-06_09h23.00.823,mathesisv2,2024.1.3,Win32,59.95203837,,,,,,,,,,,,,,,,,y,,,,,,,,,,,,,,,,,,,,,,,,,,,,,,,,,,,,,,,,,,,,,,,,,,,,,,,,,,,,,,,1018.004,1022.521,y,4.5,,0,2,2,5,1,stimuliTAFCfirst/nimnym006.wav,,,,,,,,,,,,,
,,,,,43,001,2024-06-06_09h23.00.823,mathesisv2,2024.1.3,Win32,59.95203837,,,,,,,,,,,,,,,,,y,,,,,,,,,,,,,,,,,,,,,,,,,,,,,,,,,,,,,,,,,,,,,,,,,,,,,,,,,,,,,,,1022.521,1024.657,y,2.118,,0,3,3,4,1,stimuliTAFCfirst/nimnym005.wav,,,,,,,,,,,,,
,,,,,43,001,2024-06-06_09h23.00.823,mathesisv2,2024.1.3,Win32,59.95203837,,,,,,,,,,,,,,,,,e,,,,,,,,,,,,,,,,,,,,,,,,,,,,,,,,,,,,,,,,,,,,,,,,,,,,,,,,,,,,,,,1024.662,1026.62,e,1.946,,0,4,4,1,1,stimuliTAFCfirst/nimnym002.wav,,,,,,,,,,,,,
,,,,,43,001,2024-06-06_09h23.00.823,mathesisv2,2024.1.3,Win32,59.95203837,,,,,,,,,,,,,,,,,e,,,,,,,,,,,,,,,,,,,,,,,,,,,,,,,,,,,,,,,,,,,,,,,,,,,,,,,,,,,,,,,1026.623,1028.371,e,1.737,,0,5,5,2,1,stimuliTAFCfirst/nimnym003.wav,,,,,,,,,,,,,
,,,,,43,001,2024-06-06_09h23.00.823,mathesisv2,2024.1.3,Win32,59.95203837,,,,,,,,,,,,,,,,,x,,,,,,,,,,,,,,,,,,,,,,,,,,,,,,,,,,,,,,,,,,,,,,,,,,,,,,,,,,,,,,,1028.374,1030.005,e,1.615,,0,6,6,3,1,stimuliTAFCfirst/nimnym004.wav,,,,,,,,,,,,,
,,,,,43,001,2024-06-06_09h23.00.823,mathesisv2,2024.1.3,Win32,59.95203837,,,,,,,,,,,,,,,,,y,,,,,,,,,,,,,,,,,,,,,,,,,,,,,,,,,,,,,,,,,,,,,,,,,,,,,,,,,,,,,,,1030.007,1033.354,e,3.336,,1,0,7,5,1,stimuliTAFCfirst/nimnym006.wav,,,,,,,,,,,,,
,,,,,43,001,2024-06-06_09h23.00.823,mathesisv2,2024.1.3,Win32,59.95203837,,,,,,,,,,,,,,,,,y,,,,,,,,,,,,,,,,,,,,,,,,,,,,,,,,,,,,,,,,,,,,,,,,,,,,,,,,,,,,,,,1033.355,1035.405,y,2.037,,1,1,8,4,1,stimuliTAFCfirst/nimnym005.wav,,,,,,,,,,,,,
,,,,,43,001,2024-06-06_09h23.00.823,mathesisv2,2024.1.3,Win32,59.95203837,,,,,,,,,,,,,,,,,e,,,,,,,,,,,,,,,,,,,,,,,,,,,,,,,,,,,,,,,,,,,,,,,,,,,,,,,,,,,,,,,1035.407,1037.087,e,1.669,,1,2,9,2,1,stimuliTAFCfirst/nimnym003.wav,,,,,,,,,,,,,
,,,,,43,001,2024-06-06_09h23.00.823,mathesisv2,2024.1.3,Win32,59.95203837,,,,,,,,,,,,,,,,,y,,,,,,,,,,,,,,,,,,,,,,,,,,,,,,,,,,,,,,,,,,,,,,,,,,,,,,,,,,,,,,,1037.089,1038.637,y,1.532,,1,3,10,6,1,stimuliTAFCfirst/nimnym007.wav,,,,,,,,,,,,,
,,,,,43,001,2024-06-06_09h23.00.823,mathesisv2,2024.1.3,Win32,59.95203837,,,,,,,,,,,,,,,,,e,,,,,,,,,,,,,,,,,,,,,,,,,,,,,,,,,,,,,,,,,,,,,,,,,,,,,,,,,,,,,,,1038.641,1041.504,e,2.85,,1,4,11,1,1,stimuliTAFCfirst/nimnym002.wav,,,,,,,,,,,,,
,,,,,43,001,2024-06-06_09h23.00.823,mathesisv2,2024.1.3,Win32,59.95203837,,,,,,,,,,,,,,,,,e,,,,,,,,,,,,,,,,,,,,,,,,,,,,,,,,,,,,,,,,,,,,,,,,,,,,,,,,,,,,,,,1041.506,1043.171,e,1.651,,1,5,12,0,1,stimuliTAFCfirst/nimnym001.wav,,,,,,,,,,,,,
,,,,,43,001,2024-06-06_09h23.00.823,mathesisv2,2024.1.3,Win32,59.95203837,,,,,,,,,,,,,,,,,x,,,,,,,,,,,,,,,,,,,,,,,,,,,,,,,,,,,,,,,,,,,,,,,,,,,,,,,,,,,,,,,1043.173,1045.171,e,1.984,,1,6,13,3,1,stimuliTAFCfirst/nimnym004.wav,,,,,,,,,,,,,
,,,,,43,001,2024-06-06_09h23.00.823,mathesisv2,2024.1.3,Win32,59.95203837,,,,,,,,,,,,,,,,,y,1045.173,1050.971,space,5.731,,,,,,,,,,,,,,,,,,,,,,,,,,,,,,,,,,,,,,,,,,,,,,,,,,,,,,,,,,,,,,,,,,,,,,1051.018,1052.888,y,1.836,,0,0,0,4,1,stimuliTAFCsec/numnym005.wav,,
,,,,,43,001,2024-06-06_09h23.00.823,mathesisv2,2024.1.3,Win32,59.95203837,,,,,,,,,,,,,,,,,u,,,,,,,,,,,,,,,,,,,,,,,,,,,,,,,,,,,,,,,,,,,,,,,,,,,,,,,,,,,,,,,,,,,,,,,,,,1052.889,1058.005,u,5.103,,0,1,1,1,1,stimuliTAFCsec/numnym002.wav,,
,,,,,43,001,2024-06-06_09h23.00.823,mathesisv2,2024.1.3,Win32,59.95203837,,,,,,,,,,,,,,,,,y,,,,,,,,,,,,,,,,,,,,,,,,,,,,,,,,,,,,,,,,,,,,,,,,,,,,,,,,,,,,,,,,,,,,,,,,,,1058.007,1059.708,y,1.684,,0,2,2,6,1,stimuliTAFCsec/numnym007.wav,,
,,,,,43,001,2024-06-06_09h23.00.823,mathesisv2,2024.1.3,Win32,59.95203837,,,,,,,,,,,,,,,,,u,,,,,,,,,,,,,,,,,,,,,,,,,,,,,,,,,,,,,,,,,,,,,,,,,,,,,,,,,,,,,,,,,,,,,,,,,,1059.716,1062.092,u,2.361,,0,3,3,0,1,stimuliTAFCsec/numnym001.wav,,
,,,,,43,001,2024-06-06_09h23.00.823,mathesisv2,2024.1.3,Win32,59.95203837,,,,,,,,,,,,,,,,,x,,,,,,,,,,,,,,,,,,,,,,,,,,,,,,,,,,,,,,,,,,,,,,,,,,,,,,,,,,,,,,,,,,,,,,,,,,1062.096,1064.672,y,2.562,,0,4,4,3,1,stimuliTAFCsec/numnym004.wav,,
,,,,,43,001,2024-06-06_09h23.00.823,mathesisv2,2024.1.3,Win32,59.95203837,,,,,,,,,,,,,,,,,y,,,,,,,,,,,,,,,,,,,,,,,,,,,,,,,,,,,,,,,,,,,,,,,,,,,,,,,,,,,,,,,,,,,,,,,,,,1064.675,1066.373,y,1.683,,0,5,5,5,1,stimuliTAFCsec/numnym006.wav,,
,,,,,43,001,2024-06-06_09h23.00.823,mathesisv2,2024.1.3,Win32,59.95203837,,,,,,,,,,,,,,,,,u,,,,,,,,,,,,,,,,,,,,,,,,,,,,,,,,,,,,,,,,,,,,,,,,,,,,,,,,,,,,,,,,,,,,,,,,,,1066.375,1067.923,u,1.536,,0,6,6,2,1,stimuliTAFCsec/numnym003.wav,,
,,,,,43,001,2024-06-06_09h23.00.823,mathesisv2,2024.1.3,Win32,59.95203837,,,,,,,,,,,,,,,,,y,,,,,,,,,,,,,,,,,,,,,,,,,,,,,,,,,,,,,,,,,,,,,,,,,,,,,,,,,,,,,,,,,,,,,,,,,,1067.925,1070.388,y,2.449,,1,0,7,6,1,stimuliTAFCsec/numnym007.wav,,
,,,,,43,001,2024-06-06_09h23.00.823,mathesisv2,2024.1.3,Win32,59.95203837,,,,,,,,,,,,,,,,,u,,,,,,,,,,,,,,,,,,,,,,,,,,,,,,,,,,,,,,,,,,,,,,,,,,,,,,,,,,,,,,,,,,,,,,,,,,1070.391,1072.038,u,1.635,,1,1,8,1,1,stimuliTAFCsec/numnym002.wav,,
,,,,,43,001,2024-06-06_09h23.00.823,mathesisv2,2024.1.3,Win32,59.95203837,,,,,,,,,,,,,,,,,y,,,,,,,,,,,,,,,,,,,,,,,,,,,,,,,,,,,,,,,,,,,,,,,,,,,,,,,,,,,,,,,,,,,,,,,,,,1072.042,1074.172,y,2.119,,1,2,9,4,1,stimuliTAFCsec/numnym005.wav,,
,,,,,43,001,2024-06-06_09h23.00.823,mathesisv2,2024.1.3,Win32,59.95203837,,,,,,,,,,,,,,,,,u,,,,,,,,,,,,,,,,,,,,,,,,,,,,,,,,,,,,,,,,,,,,,,,,,,,,,,,,,,,,,,,,,,,,,,,,,,1074.174,1075.756,u,1.569,,1,3,10,2,1,stimuliTAFCsec/numnym003.wav,,
,,,,,43,001,2024-06-06_09h23.00.823,mathesisv2,2024.1.3,Win32,59.95203837,,,,,,,,,,,,,,,,,u,,,,,,,,,,,,,,,,,,,,,,,,,,,,,,,,,,,,,,,,,,,,,,,,,,,,,,,,,,,,,,,,,,,,,,,,,,1075.758,1077.222,u,1.45,,1,4,11,0,1,stimuliTAFCsec/numnym001.wav,,
,,,,,43,001,2024-06-06_09h23.00.823,mathesisv2,2024.1.3,Win32,59.95203837,,,,,,,,,,,,,,,,,y,,,,,,,,,,,,,,,,,,,,,,,,,,,,,,,,,,,,,,,,,,,,,,,,,,,,,,,,,,,,,,,,,,,,,,,,,,1077.225,1081.605,u,4.367,,1,5,12,5,1,stimuliTAFCsec/numnym006.wav,,
,,,,,43,001,2024-06-06_09h23.00.823,mathesisv2,2024.1.3,Win32,59.95203837,,,,,,,,,,,,,,,,,x,,,,,,,,,,,,,,,,,,,,,,,,,,,,,,,,,,,,,,,,,,,,,,,,,,,,,,,,,,,,,,,,,,,,,,,,,,1081.607,1095.571,u,13.951,,1,6,13,3,1,stimuliTAFCsec/numnym004.wav,,
,,,,,43,001,2024-06-06_09h23.00.823,mathesisv2,2024.1.3,Win32,59.95203837,,,,,,,,,,,,,,,,,e,,,,,,,,,,,,,,,,,,,,,,,,,,1095.572,1100.658,space,5.061,,,,,,,,,,,,,,,,,,,,,,,,,,,,,,,,,,1100.685,1103.405,e,2.705,,0,0,0,1,1,stimuliTAFCfirst/nimnym002.wav,,,,,,,,,,,,,
,,,,,43,001,2024-06-06_09h23.00.823,mathesisv2,2024.1.3,Win32,59.95203837,,,,,,,,,,,,,,,,,y,,,,,,,,,,,,,,,,,,,,,,,,,,,,,,,,,,,,,,,,,,,,,,,,,,,,,,,,,,,,,,,1103.406,1105.739,y,2.32,,0,1,1,5,1,stimuliTAFCfirst/nimnym006.wav,,,,,,,,,,,,,
,,,,,43,001,2024-06-06_09h23.00.823,mathesisv2,2024.1.3,Win32,59.95203837,,,,,,,,,,,,,,,,,y,,,,,,,,,,,,,,,,,,,,,,,,,,,,,,,,,,,,,,,,,,,,,,,,,,,,,,,,,,,,,,,1105.741,1113.139,e,7.384,,0,2,2,4,1,stimuliTAFCfirst/nimnym005.wav,,,,,,,,,,,,,
,,,,,43,001,2024-06-06_09h23.00.823,mathesisv2,2024.1.3,Win32,59.95203837,,,,,,,,,,,,,,,,,e,,,,,,,,,,,,,,,,,,,,,,,,,,,,,,,,,,,,,,,,,,,,,,,,,,,,,,,,,,,,,,,1113.143,1115.188,e,2.033,,0,3,3,0,1,stimuliTAFCfirst/nimnym001.wav,,,,,,,,,,,,,
,,,,,43,001,2024-06-06_09h23.00.823,mathesisv2,2024.1.3,Win32,59.95203837,,,,,,,,,,,,,,,,,e,,,,,,,,,,,,,,,,,,,,,,,,,,,,,,,,,,,,,,,,,,,,,,,,,,,,,,,,,,,,,,,1115.191,1117.188,e,1.988,,0,4,4,2,1,stimuliTAFCfirst/nimnym003.wav,,,,,,,,,,,,,
,,,,,43,001,2024-06-06_09h23.00.823,mathesisv2,2024.1.3,Win32,59.95203837,,,,,,,,,,,,,,,,,x,,,,,,,,,,,,,,,,,,,,,,,,,,,,,,,,,,,,,,,,,,,,,,,,,,,,,,,,,,,,,,,1117.189,1119.572,e,2.367,,0,5,5,3,1,stimuliTAFCfirst/nimnym004.wav,,,,,,,,,,,,,
,,,,,43,001,2024-06-06_09h23.00.823,mathesisv2,2024.1.3,Win32,59.95203837,,,,,,,,,,,,,,,,,y,,,,,,,,,,,,,,,,,,,,,,,,,,,,,,,,,,,,,,,,,,,,,,,,,,,,,,,,,,,,,,,1119.575,1127.373,y,7.783,,0,6,6,6,1,stimuliTAFCfirst/nimnym007.wav,,,,,,,,,,,,,
,,,,,43,001,2024-06-06_09h23.00.823,mathesisv2,2024.1.3,Win32,59.95203837,,,,,,,,,,,,,,,,,x,,,,,,,,,,,,,,,,,,,,,,,,,,,,,,,,,,,,,,,,,,,,,,,,,,,,,,,,,,,,,,,1127.374,1130.508,y,3.118,,1,0,7,3,1,stimuliTAFCfirst/nimnym004.wav,,,,,,,,,,,,,
,,,,,43,001,2024-06-06_09h23.00.823,mathesisv2,2024.1.3,Win32,59.95203837,,,,,,,,,,,,,,,,,y,,,,,,,,,,,,,,,,,,,,,,,,,,,,,,,,,,,,,,,,,,,,,,,,,,,,,,,,,,,,,,,1130.513,1133.459,y,2.933,,1,1,8,6,1,stimuliTAFCfirst/nimnym007.wav,,,,,,,,,,,,,
,,,,,43,001,2024-06-06_09h23.00.823,mathesisv2,2024.1.3,Win32,59.95203837,,,,,,,,,,,,,,,,,y,,,,,,,,,,,,,,,,,,,,,,,,,,,,,,,,,,,,,,,,,,,,,,,,,,,,,,,,,,,,,,,1133.461,1135.856,y,2.381,,1,2,9,5,1,stimuliTAFCfirst/nimnym006.wav,,,,,,,,,,,,,
,,,,,43,001,2024-06-06_09h23.00.823,mathesisv2,2024.1.3,Win32,59.95203837,,,,,,,,,,,,,,,,,e,,,,,,,,,,,,,,,,,,,,,,,,,,,,,,,,,,,,,,,,,,,,,,,,,,,,,,,,,,,,,,,1135.857,1138.956,e,3.086,,1,3,10,2,1,stimuliTAFCfirst/nimnym003.wav,,,,,,,,,,,,,
,,,,,43,001,2024-06-06_09h23.00.823,mathesisv2,2024.1.3,Win32,59.95203837,,,,,,,,,,,,,,,,,e,,,,,,,,,,,,,,,,,,,,,,,,,,,,,,,,,,,,,,,,,,,,,,,,,,,,,,,,,,,,,,,1138.959,1141.339,e,2.367,,1,4,11,0,1,stimuliTAFCfirst/nimnym001.wav,,,,,,,,,,,,,
,,,,,43,001,2024-06-06_09h23.00.823,mathesisv2,2024.1.3,Win32,59.95203837,,,,,,,,,,,,,,,,,e,,,,,,,,,,,,,,,,,,,,,,,,,,,,,,,,,,,,,,,,,,,,,,,,,,,,,,,,,,,,,,,1141.34,1143.492,e,2.134,,1,5,12,1,1,stimuliTAFCfirst/nimnym002.wav,,,,,,,,,,,,,
,,,,,43,001,2024-06-06_09h23.00.823,mathesisv2,2024.1.3,Win32,59.95203837,,,,,,,,,,,,,,,,,y,,,,,,,,,,,,,,,,,,,,,,,,,,,,,,,,,,,,,,,,,,,,,,,,,,,,,,,,,,,,,,,1143.493,1145.473,y,1.968,,1,6,13,4,1,stimuliTAFCfirst/nimnym005.wav,,,,,,,,,,,,,
,,,,,43,001,2024-06-06_09h23.00.823,mathesisv2,2024.1.3,Win32,59.95203837,,,,,,,,,,,,,,,,,u,1145.475,1153.507,space,8.014,,,,,,,,,,,,,,,,,,,,,,,,,,,,,,,,,,,,,,,,,,,,,,,,,,,,,,,,,,,,,,,,,,,,,,1153.531,1176.345,u,22.8,,0,0,0,0,1,stimuliTAFCsec/numnym001.wav,,
,,,,,43,001,2024-06-06_09h23.00.823,mathesisv2,2024.1.3,Win32,59.95203837,,,,,,,,,,,,,,,,,y,,,,,,,,,,,,,,,,,,,,,,,,,,,,,,,,,,,,,,,,,,,,,,,,,,,,,,,,,,,,,,,,,,,,,,,,,,1176.35,1202.11,u,25.743,,0,1,1,6,1,stimuliTAFCsec/numnym007.wav,,
,,,,,43,001,2024-06-06_09h23.00.823,mathesisv2,2024.1.3,Win32,59.95203837,,,,,,,,,,,,,,,,,x,,,,,,,,,,,,,,,,,,,,,,,,,,,,,,,,,,,,,,,,,,,,,,,,,,,,,,,,,,,,,,,,,,,,,,,,,,1202.116,1288.312,u,86.181,,0,2,2,3,1,stimuliTAFCsec/numnym004.wav,,
,,,,,43,001,2024-06-06_09h23.00.823,mathesisv2,2024.1.3,Win32,59.95203837,,,,,,,,,,,,,,,,,y,,,,,,,,,,,,,,,,,,,,,,,,,,,,,,,,,,,,,,,,,,,,,,,,,,,,,,,,,,,,,,,,,,,,,,,,,,1288.317,1318.21,y,29.88,,0,3,3,4,1,stimuliTAFCsec/numnym005.wav,,
,,,,,43,001,2024-06-06_09h23.00.823,mathesisv2,2024.1.3,Win32,59.95203837,,,,,,,,,,,,,,,,,y,,,,,,,,,,,,,,,,,,,,,,,,,,,,,,,,,,,,,,,,,,,,,,,,,,,,,,,,,,,,,,,,,,,,,,,,,,1318.217,1539.713,u,221.482,,0,4,4,5,1,stimuliTAFCsec/numnym006.wav,,
,,,,,43,001,2024-06-06_09h23.00.823,mathesisv2,2024.1.3,Win32,59.95203837,,,,,,,,,,,,,,,,,u,,,,,,,,,,,,,,,,,,,,,,,,,,,,,,,,,,,,,,,,,,,,,,,,,,,,,,,,,,,,,,,,,,,,,,,,,,1539.718,1563.563,u,23.83,,0,5,5,1,1,stimuliTAFCsec/numnym002.wav,,
,,,,,43,001,2024-06-06_09h23.00.823,mathesisv2,2024.1.3,Win32,59.95203837,,,,,,,,,,,,,,,,,u,,,,,,,,,,,,,,,,,,,,,,,,,,,,,,,,,,,,,,,,,,,,,,,,,,,,,,,,,,,,,,,,,,,,,,,,,,1563.566,1565.029,y,1.451,,0,6,6,2,1,stimuliTAFCsec/numnym003.wav,,
,,,,,43,001,2024-06-06_09h23.00.823,mathesisv2,2024.1.3,Win32,59.95203837,,,,,,,,,,,,,,,,,u,,,,,,,,,,,,,,,,,,,,,,,,,,,,,,,,,,,,,,,,,,,,,,,,,,,,,,,,,,,,,,,,,,,,,,,,,,1565.031,1888.271,u,323.224,,1,0,7,2,1,stimuliTAFCsec/numnym003.wav,,
,,,,,43,001,2024-06-06_09h23.00.823,mathesisv2,2024.1.3,Win32,59.95203837,,,,,,,,,,,,,,,,,y,,,,,,,,,,,,,,,,,,,,,,,,,,,,,,,,,,,,,,,,,,,,,,,,,,,,,,,,,,,,,,,,,,,,,,,,,,1888.274,1891.836,y,3.546,,1,1,8,5,1,stimuliTAFCsec/numnym006.wav,,
,,,,,43,001,2024-06-06_09h23.00.823,mathesisv2,2024.1.3,Win32,59.95203837,,,,,,,,,,,,,,,,,x,,,,,,,,,,,,,,,,,,,,,,,,,,,,,,,,,,,,,,,,,,,,,,,,,,,,,,,,,,,,,,,,,,,,,,,,,,1891.837,1894.103,y,2.252,,1,2,9,3,1,stimuliTAFCsec/numnym004.wav,,
,,,,,43,001,2024-06-06_09h23.00.823,mathesisv2,2024.1.3,Win32,59.95203837,,,,,,,,,,,,,,,,,y,,,,,,,,,,,,,,,,,,,,,,,,,,,,,,,,,,,,,,,,,,,,,,,,,,,,,,,,,,,,,,,,,,,,,,,,,,1894.105,1896.804,y,2.684,,1,3,10,4,1,stimuliTAFCsec/numnym005.wav,,
,,,,,43,001,2024-06-06_09h23.00.823,mathesisv2,2024.1.3,Win32,59.95203837,,,,,,,,,,,,,,,,,y,,,,,,,,,,,,,,,,,,,,,,,,,,,,,,,,,,,,,,,,,,,,,,,,,,,,,,,,,,,,,,,,,,,,,,,,,,1896.81,1898.836,y,2.01,,1,4,11,6,1,stimuliTAFCsec/numnym007.wav,,
,,,,,43,001,2024-06-06_09h23.00.823,mathesisv2,2024.1.3,Win32,59.95203837,,,,,,,,,,,,,,,,,u,,,,,,,,,,,,,,,,,,,,,,,,,,,,,,,,,,,,,,,,,,,,,,,,,,,,,,,,,,,,,,,,,,,,,,,,,,1898.838,1900.585,u,1.734,,1,5,12,1,1,stimuliTAFCsec/numnym002.wav,,
,,,,,43,001,2024-06-06_09h23.00.823,mathesisv2,2024.1.3,Win32,59.95203837,,,,,,,,,,,,,,,,,u,,,,,,,,,,,,,,,,,,,,,,,,,,,,,,,,,,,,,,,,,,,,,,,,,,,,,,,,,,,,,,,,,,,,,,,,,,1900.588,1902.269,u,1.668,,1,6,13,0,1,stimuliTAFCsec/numnym001.wav,,
,,,,,43,001,2024-06-06_09h23.00.823,mathesisv2,2024.1.3,Win32,59.95203837,,,,,,,,,,,,,,,,,y,,,,,,,,,,,,,,,,,,,,,,,,,,1902.27,2103.509,space,201.218,,,,,,,,,,,,,,,,,,,,,,,,,,,,,,,,,,2103.539,2105.626,y,2.065,,0,0,0,4,1,stimuliTAFCfirst/nimnym005.wav,,,,,,,,,,,,,
,,,,,43,001,2024-06-06_09h23.00.823,mathesisv2,2024.1.3,Win32,59.95203837,,,,,,,,,,,,,,,,,e,,,,,,,,,,,,,,,,,,,,,,,,,,,,,,,,,,,,,,,,,,,,,,,,,,,,,,,,,,,,,,,2105.632,2107.989,e,2.341,,0,1,1,0,1,stimuliTAFCfirst/nimnym001.wav,,,,,,,,,,,,,
,,,,,43,001,2024-06-06_09h23.00.823,mathesisv2,2024.1.3,Win32,59.95203837,,,,,,,,,,,,,,,,,y,,,,,,,,,,,,,,,,,,,,,,,,,,,,,,,,,,,,,,,,,,,,,,,,,,,,,,,,,,,,,,,2107.992,2109.857,y,1.851,,0,2,2,5,1,stimuliTAFCfirst/nimnym006.wav,,,,,,,,,,,,,
,,,,,43,001,2024-06-06_09h23.00.823,mathesisv2,2024.1.3,Win32,59.95203837,,,,,,,,,,,,,,,,,e,,,,,,,,,,,,,,,,,,,,,,,,,,,,,,,,,,,,,,,,,,,,,,,,,,,,,,,,,,,,,,,2109.858,2111.222,e,1.351,,0,3,3,2,1,stimuliTAFCfirst/nimnym003.wav,,,,,,,,,,,,,
,,,,,43,001,2024-06-06_09h23.00.823,mathesisv2,2024.1.3,Win32,59.95203837,,,,,,,,,,,,,,,,,e,,,,,,,,,,,,,,,,,,,,,,,,,,,,,,,,,,,,,,,,,,,,,,,,,,,,,,,,,,,,,,,2111.222,2112.857,e,1.619,,0,4,4,1,1,stimuliTAFCfirst/nimnym002.wav,,,,,,,,,,,,,
,,,,,43,001,2024-06-06_09h23.00.823,mathesisv2,2024.1.3,Win32,59.95203837,,,,,,,,,,,,,,,,,x,,,,,,,,,,,,,,,,,,,,,,,,,,,,,,,,,,,,,,,,,,,,,,,,,,,,,,,,,,,,,,,2112.859,2115.005,y,2.133,,0,5,5,3,1,stimuliTAFCfirst/nimnym004.wav,,,,,,,,,,,,,
,,,,,43,001,2024-06-06_09h23.00.823,mathesisv2,2024.1.3,Win32,59.95203837,,,,,,,,,,,,,,,,,y,,,,,,,,,,,,,,,,,,,,,,,,,,,,,,,,,,,,,,,,,,,,,,,,,,,,,,,,,,,,,,,2115.007,2116.506,y,1.485,,0,6,6,6,1,stimuliTAFCfirst/nimnym007.wav,,,,,,,,,,,,,
,,,,,43,001,2024-06-06_09h23.00.823,mathesisv2,2024.1.3,Win32,59.95203837,,,,,,,,,,,,,,,,,y,,,,,,,,,,,,,,,,,,,,,,,,,,,,,,,,,,,,,,,,,,,,,,,,,,,,,,,,,,,,,,,2116.506,2118.005,y,1.484,,1,0,7,5,1,stimuliTAFCfirst/nimnym006.wav,,,,,,,,,,,,,
,,,,,43,001,2024-06-06_09h23.00.823,mathesisv2,2024.1.3,Win32,59.95203837,,,,,,,,,,,,,,,,,y,,,,,,,,,,,,,,,,,,,,,,,,,,,,,,,,,,,,,,,,,,,,,,,,,,,,,,,,,,,,,,,2118.006,2119.488,y,1.468,,1,1,8,4,1,stimuliTAFCfirst/nimnym005.wav,,,,,,,,,,,,,
,,,,,43,001,2024-06-06_09h23.00.823,mathesisv2,2024.1.3,Win32,59.95203837,,,,,,,,,,,,,,,,,e,,,,,,,,,,,,,,,,,,,,,,,,,,,,,,,,,,,,,,,,,,,,,,,,,,,,,,,,,,,,,,,2119.491,2121.406,e,1.901,,1,2,9,1,1,stimuliTAFCfirst/nimnym002.wav,,,,,,,,,,,,,
,,,,,43,001,2024-06-06_09h23.00.823,mathesisv2,2024.1.3,Win32,59.95203837,,,,,,,,,,,,,,,,,y,,,,,,,,,,,,,,,,,,,,,,,,,,,,,,,,,,,,,,,,,,,,,,,,,,,,,,,,,,,,,,,2121.408,2123.089,y,1.668,,1,3,10,6,1,stimuliTAFCfirst/nimnym007.wav,,,,,,,,,,,,,
,,,,,43,001,2024-06-06_09h23.00.823,mathesisv2,2024.1.3,Win32,59.95203837,,,,,,,,,,,,,,,,,e,,,,,,,,,,,,,,,,,,,,,,,,,,,,,,,,,,,,,,,,,,,,,,,,,,,,,,,,,,,,,,,2123.091,2124.657,e,1.553,,1,4,11,0,1,stimuliTAFCfirst/nimnym001.wav,,,,,,,,,,,,,
,,,,,43,001,2024-06-06_09h23.00.823,mathesisv2,2024.1.3,Win32,59.95203837,,,,,,,,,,,,,,,,,e,,,,,,,,,,,,,,,,,,,,,,,,,,,,,,,,,,,,,,,,,,,,,,,,,,,,,,,,,,,,,,,2124.66,2126.288,e,1.617,,1,5,12,2,1,stimuliTAFCfirst/nimnym003.wav,,,,,,,,,,,,,
,,,,,43,001,2024-06-06_09h23.00.823,mathesisv2,2024.1.3,Win32,59.95203837,,,,,,,,,,,,,,,,,x,,,,,,,,,,,,,,,,,,,,,,,,,,,,,,,,,,,,,,,,,,,,,,,,,,,,,,,,,,,,,,,2126.29,2128.156,y,1.85,,1,6,13,3,1,stimuliTAFCfirst/nimnym004.wav,,,,,,,,,,,,,
,,,,,43,001,2024-06-06_09h23.00.823,mathesisv2,2024.1.3,Win32,59.95203837,,,,,,,,,,,,,,,,,u,2128.157,2130.822,space,2.648,,,,,,,,,,,,,,,,,,,,,,,,,,,,,,,,,,,,,,,,,,,,,,,,,,,,,,,,,,,,,,,,,,,,,,2130.847,2133.956,u,3.093,,0,0,0,1,1,stimuliTAFCsec/numnym002.wav,,
,,,,,43,001,2024-06-06_09h23.00.823,mathesisv2,2024.1.3,Win32,59.95203837,,,,,,,,,,,,,,,,,u,,,,,,,,,,,,,,,,,,,,,,,,,,,,,,,,,,,,,,,,,,,,,,,,,,,,,,,,,,,,,,,,,,,,,,,,,,2133.958,2136.306,u,2.334,,0,1,1,2,1,stimuliTAFCsec/numnym003.wav,,
,,,,,43,001,2024-06-06_09h23.00.823,mathesisv2,2024.1.3,Win32,59.95203837,,,,,,,,,,,,,,,,,u,,,,,,,,,,,,,,,,,,,,,,,,,,,,,,,,,,,,,,,,,,,,,,,,,,,,,,,,,,,,,,,,,,,,,,,,,,2136.308,2138.508,u,2.184,,0,2,2,0,1,stimuliTAFCsec/numnym001.wav,,
,,,,,43,001,2024-06-06_09h23.00.823,mathesisv2,2024.1.3,Win32,59.95203837,,,,,,,,,,,,,,,,,y,,,,,,,,,,,,,,,,,,,,,,,,,,,,,,,,,,,,,,,,,,,,,,,,,,,,,,,,,,,,,,,,,,,,,,,,,,2138.513,2141.022,y,2.497,,0,3,3,4,1,stimuliTAFCsec/numnym005.wav,,
,,,,,43,001,2024-06-06_09h23.00.823,mathesisv2,2024.1.3,Win32,59.95203837,,,,,,,,,,,,,,,,,y,,,,,,,,,,,,,,,,,,,,,,,,,,,,,,,,,,,,,,,,,,,,,,,,,,,,,,,,,,,,,,,,,,,,,,,,,,2141.025,2142.591,y,1.553,,0,4,4,6,1,stimuliTAFCsec/numnym007.wav,,
,,,,,43,001,2024-06-06_09h23.00.823,mathesisv2,2024.1.3,Win32,59.95203837,,,,,,,,,,,,,,,,,y,,,,,,,,,,,,,,,,,,,,,,,,,,,,,,,,,,,,,,,,,,,,,,,,,,,,,,,,,,,,,,,,,,,,,,,,,,2142.593,2144.255,y,1.65,,0,5,5,5,1,stimuliTAFCsec/numnym006.wav,,
,,,,,43,001,2024-06-06_09h23.00.823,mathesisv2,2024.1.3,Win32,59.95203837,,,,,,,,,,,,,,,,,x,,,,,,,,,,,,,,,,,,,,,,,,,,,,,,,,,,,,,,,,,,,,,,,,,,,,,,,,,,,,,,,,,,,,,,,,,,2144.258,2146.841,u,2.57,,0,6,6,3,1,stimuliTAFCsec/numnym004.wav,,
,,,,,43,001,2024-06-06_09h23.00.823,mathesisv2,2024.1.3,Win32,59.95203837,,,,,,,,,,,,,,,,,y,,,,,,,,,,,,,,,,,,,,,,,,,,,,,,,,,,,,,,,,,,,,,,,,,,,,,,,,,,,,,,,,,,,,,,,,,,2146.843,2148.589,y,1.733,,1,0,7,6,1,stimuliTAFCsec/numnym007.wav,,
,,,,,43,001,2024-06-06_09h23.00.823,mathesisv2,2024.1.3,Win32,59.95203837,,,,,,,,,,,,,,,,,y,,,,,,,,,,,,,,,,,,,,,,,,,,,,,,,,,,,,,,,,,,,,,,,,,,,,,,,,,,,,,,,,,,,,,,,,,,2148.59,2150.207,y,1.603,,1,1,8,5,1,stimuliTAFCsec/numnym006.wav,,
,,,,,43,001,2024-06-06_09h23.00.823,mathesisv2,2024.1.3,Win32,59.95203837,,,,,,,,,,,,,,,,,u,,,,,,,,,,,,,,,,,,,,,,,,,,,,,,,,,,,,,,,,,,,,,,,,,,,,,,,,,,,,,,,,,,,,,,,,,,2150.208,2151.774,u,1.554,,1,2,9,1,1,stimuliTAFCsec/numnym002.wav,,
,,,,,43,001,2024-06-06_09h23.00.823,mathesisv2,2024.1.3,Win32,59.95203837,,,,,,,,,,,,,,,,,u,,,,,,,,,,,,,,,,,,,,,,,,,,,,,,,,,,,,,,,,,,,,,,,,,,,,,,,,,,,,,,,,,,,,,,,,,,2151.776,2152.957,u,1.168,,1,3,10,2,1,stimuliTAFCsec/numnym003.wav,,
,,,,,43,001,2024-06-06_09h23.00.823,mathesisv2,2024.1.3,Win32,59.95203837,,,,,,,,,,,,,,,,,y,,,,,,,,,,,,,,,,,,,,,,,,,,,,,,,,,,,,,,,,,,,,,,,,,,,,,,,,,,,,,,,,,,,,,,,,,,2152.958,2154.406,y,1.434,,1,4,11,4,1,stimuliTAFCsec/numnym005.wav,,
,,,,,43,001,2024-06-06_09h23.00.823,mathesisv2,2024.1.3,Win32,59.95203837,,,,,,,,,,,,,,,,,x,,,,,,,,,,,,,,,,,,,,,,,,,,,,,,,,,,,,,,,,,,,,,,,,,,,,,,,,,,,,,,,,,,,,,,,,,,2154.407,2156.106,u,1.686,,1,5,12,3,1,stimuliTAFCsec/numnym004.wav,,
,,,,,43,001,2024-06-06_09h23.00.823,mathesisv2,2024.1.3,Win32,59.95203837,,,,,,,,,,,,,,,,,u,,,,,,,,,,,,,,,,,,,,,,,,,,,,,,,,,,,,,,,,,,,,,,,,,,,,,,,,,,,,,,,,,,,,,,,,,,2156.107,2157.889,u,1.767,,1,6,13,0,1,stimuliTAFCsec/numnym001.wav,,
,,,,,43,001,2024-06-06_09h23.00.823,mathesisv2,2024.1.3,Win32,59.95203837,,,,,,,,,,,,,,,,,y,,,,,,,,,,,,,,,,,,,,,,,,,,2157.89,2214.044,space,56.137,,,,,,,,,,,,,,,,,,,,,,,,,,,,,,,,,,2214.075,2218.71,y,4.614,,0,0,0,5,1,stimuliTAFCfirst/nimnym006.wav,,,,,,,,,,,,,
,,,,,43,001,2024-06-06_09h23.00.823,mathesisv2,2024.1.3,Win32,59.95203837,,,,,,,,,,,,,,,,,e,,,,,,,,,,,,,,,,,,,,,,,,,,,,,,,,,,,,,,,,,,,,,,,,,,,,,,,,,,,,,,,2218.715,2220.541,e,1.814,,0,1,1,0,1,stimuliTAFCfirst/nimnym001.wav,,,,,,,,,,,,,
,,,,,43,001,2024-06-06_09h23.00.823,mathesisv2,2024.1.3,Win32,59.95203837,,,,,,,,,,,,,,,,,e,,,,,,,,,,,,,,,,,,,,,,,,,,,,,,,,,,,,,,,,,,,,,,,,,,,,,,,,,,,,,,,2220.543,2222.425,e,1.865,,0,2,2,1,1,stimuliTAFCfirst/nimnym002.wav,,,,,,,,,,,,,
,,,,,43,001,2024-06-06_09h23.00.823,mathesisv2,2024.1.3,Win32,59.95203837,,,,,,,,,,,,,,,,,y,,,,,,,,,,,,,,,,,,,,,,,,,,,,,,,,,,,,,,,,,,,,,,,,,,,,,,,,,,,,,,,2222.427,2224.107,y,1.669,,0,3,3,4,1,stimuliTAFCfirst/nimnym005.wav,,,,,,,,,,,,,
,,,,,43,001,2024-06-06_09h23.00.823,mathesisv2,2024.1.3,Win32,59.95203837,,,,,,,,,,,,,,,,,e,,,,,,,,,,,,,,,,,,,,,,,,,,,,,,,,,,,,,,,,,,,,,,,,,,,,,,,,,,,,,,,2224.109,2225.359,e,1.237,,0,4,4,2,1,stimuliTAFCfirst/nimnym003.wav,,,,,,,,,,,,,
,,,,,43,001,2024-06-06_09h23.00.823,mathesisv2,2024.1.3,Win32,59.95203837,,,,,,,,,,,,,,,,,x,,,,,,,,,,,,,,,,,,,,,,,,,,,,,,,,,,,,,,,,,,,,,,,,,,,,,,,,,,,,,,,2225.36,2226.741,e,1.368,,0,5,5,3,1,stimuliTAFCfirst/nimnym004.wav,,,,,,,,,,,,,
,,,,,43,001,2024-06-06_09h23.00.823,mathesisv2,2024.1.3,Win32,59.95203837,,,,,,,,,,,,,,,,,y,,,,,,,,,,,,,,,,,,,,,,,,,,,,,,,,,,,,,,,,,,,,,,,,,,,,,,,,,,,,,,,2226.742,2228.325,y,1.569,,0,6,6,6,1,stimuliTAFCfirst/nimnym007.wav,,,,,,,,,,,,,
,,,,,43,001,2024-06-06_09h23.00.823,mathesisv2,2024.1.3,Win32,59.95203837,,,,,,,,,,,,,,,,,e,,,,,,,,,,,,,,,,,,,,,,,,,,,,,,,,,,,,,,,,,,,,,,,,,,,,,,,,,,,,,,,2228.326,2229.607,e,1.268,,1,0,7,2,1,stimuliTAFCfirst/nimnym003.wav,,,,,,,,,,,,,
,,,,,43,001,2024-06-06_09h23.00.823,mathesisv2,2024.1.3,Win32,59.95203837,,,,,,,,,,,,,,,,,e,,,,,,,,,,,,,,,,,,,,,,,,,,,,,,,,,,,,,,,,,,,,,,,,,,,,,,,,,,,,,,,2229.609,2231.074,e,1.451,,1,1,8,1,1,stimuliTAFCfirst/nimnym002.wav,,,,,,,,,,,,,
,,,,,43,001,2024-06-06_09h23.00.823,mathesisv2,2024.1.3,Win32,59.95203837,,,,,,,,,,,,,,,,,y,,,,,,,,,,,,,,,,,,,,,,,,,,,,,,,,,,,,,,,,,,,,,,,,,,,,,,,,,,,,,,,2231.077,2232.641,y,1.551,,1,2,9,4,1,stimuliTAFCfirst/nimnym005.wav,,,,,,,,,,,,,
,,,,,43,001,2024-06-06_09h23.00.823,mathesisv2,2024.1.3,Win32,59.95203837,,,,,,,,,,,,,,,,,y,,,,,,,,,,,,,,,,,,,,,,,,,,,,,,,,,,,,,,,,,,,,,,,,,,,,,,,,,,,,,,,2232.643,2234.274,y,1.617,,1,3,10,5,1,stimuliTAFCfirst/nimnym006.wav,,,,,,,,,,,,,
,,,,,43,001,2024-06-06_09h23.00.823,mathesisv2,2024.1.3,Win32,59.95203837,,,,,,,,,,,,,,,,,e,,,,,,,,,,,,,,,,,,,,,,,,,,,,,,,,,,,,,,,,,,,,,,,,,,,,,,,,,,,,,,,2234.275,2235.908,e,1.617,,1,4,11,0,1,stimuliTAFCfirst/nimnym001.wav,,,,,,,,,,,,,
,,,,,43,001,2024-06-06_09h23.00.823,mathesisv2,2024.1.3,Win32,59.95203837,,,,,,,,,,,,,,,,,y,,,,,,,,,,,,,,,,,,,,,,,,,,,,,,,,,,,,,,,,,,,,,,,,,,,,,,,,,,,,,,,2235.909,2237.424,y,1.501,,1,5,12,6,1,stimuliTAFCfirst/nimnym007.wav,,,,,,,,,,,,,
,,,,,43,001,2024-06-06_09h23.00.823,mathesisv2,2024.1.3,Win32,59.95203837,,,,,,,,,,,,,,,,,x,,,,,,,,,,,,,,,,,,,,,,,,,,,,,,,,,,,,,,,,,,,,,,,,,,,,,,,,,,,,,,,2237.425,2238.991,y,1.55,,1,6,13,3,1,stimuliTAFCfirst/nimnym004.wav,,,,,,,,,,,,,
,,,,,43,001,2024-06-06_09h23.00.823,mathesisv2,2024.1.3,Win32,59.95203837,,,,,,,,,,,,,,,,,y,2238.992,2242.576,space,3.564,,,,,,,,,,,,,,,,,,,,,,,,,,,,,,,,,,,,,,,,,,,,,,,,,,,,,,,,,,,,,,,,,,,,,,2242.601,2246.409,y,3.792,,0,0,0,4,1,stimuliTAFCsec/numnym005.wav,,
,,,,,43,001,2024-06-06_09h23.00.823,mathesisv2,2024.1.3,Win32,59.95203837,,,,,,,,,,,,,,,,,x,,,,,,,,,,,,,,,,,,,,,,,,,,,,,,,,,,,,,,,,,,,,,,,,,,,,,,,,,,,,,,,,,,,,,,,,,,2246.409,2247.976,y,1.552,,0,1,1,3,1,stimuliTAFCsec/numnym004.wav,,
,,,,,43,001,2024-06-06_09h23.00.823,mathesisv2,2024.1.3,Win32,59.95203837,,,,,,,,,,,,,,,,,u,,,,,,,,,,,,,,,,,,,,,,,,,,,,,,,,,,,,,,,,,,,,,,,,,,,,,,,,,,,,,,,,,,,,,,,,,,2247.98,2249.858,u,1.865,,0,2,2,1,1,stimuliTAFCsec/numnym002.wav,,
,,,,,43,001,2024-06-06_09h23.00.823,mathesisv2,2024.1.3,Win32,59.95203837,,,,,,,,,,,,,,,,,y,,,,,,,,,,,,,,,,,,,,,,,,,,,,,,,,,,,,,,,,,,,,,,,,,,,,,,,,,,,,,,,,,,,,,,,,,,2249.863,2251.158,y,1.28,,0,3,3,5,1,stimuliTAFCsec/numnym006.wav,,
,,,,,43,001,2024-06-06_09h23.00.823,mathesisv2,2024.1.3,Win32,59.95203837,,,,,,,,,,,,,,,,,u,,,,,,,,,,,,,,,,,,,,,,,,,,,,,,,,,,,,,,,,,,,,,,,,,,,,,,,,,,,,,,,,,,,,,,,,,,2251.16,2252.86,u,1.631,,0,4,4,0,1,stimuliTAFCsec/numnym001.wav,,
,,,,,43,001,2024-06-06_09h23.00.823,mathesisv2,2024.1.3,Win32,59.95203837,,,,,,,,,,,,,,,,,u,,,,,,,,,,,,,,,,,,,,,,,,,,,,,,,,,,,,,,,,,,,,,,,,,,,,,,,,,,,,,,,,,,,,,,,,,,2252.861,2254.394,u,1.521,,0,5,5,2,1,stimuliTAFCsec/numnym003.wav,,
,,,,,43,001,2024-06-06_09h23.00.823,mathesisv2,2024.1.3,Win32,59.95203837,,,,,,,,,,,,,,,,,y,,,,,,,,,,,,,,,,,,,,,,,,,,,,,,,,,,,,,,,,,,,,,,,,,,,,,,,,,,,,,,,,,,,,,,,,,,2254.394,2255.994,y,1.584,,0,6,6,6,1,stimuliTAFCsec/numnym007.wav,,
,,,,,43,001,2024-06-06_09h23.00.823,mathesisv2,2024.1.3,Win32,59.95203837,,,,,,,,,,,,,,,,,y,,,,,,,,,,,,,,,,,,,,,,,,,,,,,,,,,,,,,,,,,,,,,,,,,,,,,,,,,,,,,,,,,,,,,,,,,,2255.994,2257.758,y,1.75,,1,0,7,5,1,stimuliTAFCsec/numnym006.wav,,
,,,,,43,001,2024-06-06_09h23.00.823,mathesisv2,2024.1.3,Win32,59.95203837,,,,,,,,,,,,,,,,,u,,,,,,,,,,,,,,,,,,,,,,,,,,,,,,,,,,,,,,,,,,,,,,,,,,,,,,,,,,,,,,,,,,,,,,,,,,2257.761,2259.342,u,1.568,,1,1,8,1,1,stimuliTAFCsec/numnym002.wav,,
,,,,,43,001,2024-06-06_09h23.00.823,mathesisv2,2024.1.3,Win32,59.95203837,,,,,,,,,,,,,,,,,y,,,,,,,,,,,,,,,,,,,,,,,,,,,,,,,,,,,,,,,,,,,,,,,,,,,,,,,,,,,,,,,,,,,,,,,,,,2259.344,2260.858,y,1.502,,1,2,9,6,1,stimuliTAFCsec/numnym007.wav,,
,,,,,43,001,2024-06-06_09h23.00.823,mathesisv2,2024.1.3,Win32,59.95203837,,,,,,,,,,,,,,,,,u,,,,,,,,,,,,,,,,,,,,,,,,,,,,,,,,,,,,,,,,,,,,,,,,,,,,,,,,,,,,,,,,,,,,,,,,,,2260.86,2262.175,u,1.301,,1,3,10,2,1,stimuliTAFCsec/numnym003.wav,,
,,,,,43,001,2024-06-06_09h23.00.823,mathesisv2,2024.1.3,Win32,59.95203837,,,,,,,,,,,,,,,,,x,,,,,,,,,,,,,,,,,,,,,,,,,,,,,,,,,,,,,,,,,,,,,,,,,,,,,,,,,,,,,,,,,,,,,,,,,,2262.178,2266.341,u,4.15,,1,4,11,3,1,stimuliTAFCsec/numnym004.wav,,
,,,,,43,001,2024-06-06_09h23.00.823,mathesisv2,2024.1.3,Win32,59.95203837,,,,,,,,,,,,,,,,,u,,,,,,,,,,,,,,,,,,,,,,,,,,,,,,,,,,,,,,,,,,,,,,,,,,,,,,,,,,,,,,,,,,,,,,,,,,2266.343,2267.892,u,1.533,,1,5,12,0,1,stimuliTAFCsec/numnym001.wav,,
,,,,,43,001,2024-06-06_09h23.00.823,mathesisv2,2024.1.3,Win32,59.95203837,,,,,,,,,,,,,,,,,y,,,,,,,,,,,,,,,,,,,,,,,,,,,,,,,,,,,,,,,,,,,,,,,,,,,,,,,,,,,,,,,,,,,,,,,,,,2267.893,2269.241,y,1.337,,1,6,13,4,1,stimuliTAFCsec/numnym005.wav,,
,,,,,43,001,2024-06-06_09h23.00.823,mathesisv2,2024.1.3,Win32,59.95203837,,,,,,,,,,,,,,,,,,,,,,,,,,,,,,,,,,,,,,,,,,,2269.242,2276.16,space,6.904,,,,,,,,,,,,,,,,,,,,,,,,,,,,,,,,,,,,,,,,,,,,,,,,,,,,,,,,2276.16,2281.157
