﻿start.started,start.stopped,startkey_resp.keys,startkey_resp.rt,startkey_resp.duration,participant,session,date,expName,psychopyVersion,OS,frameRate,attention.started,attention.stopped,key_resp.keys,key_resp.rt,key_resp.duration,stimuliAXBmix.started,stimuliAXBmix.stopped,stimuliAXBkey_resp.keys,stimuliAXBkey_resp.rt,stimuliAXBkey_resp.duration,stimuliAXBtesttrials.thisRepN,stimuliAXBtesttrials.thisTrialN,stimuliAXBtesttrials.thisN,stimuliAXBtesttrials.thisIndex,stimuliAXBtesttrials.ran,stimuliAXBmix,Correct,attentionsecond.started,attentionsecond.stopped,attentionsecondkey_resp.keys,attentionsecondkey_resp.rt,attentionsecondkey_resp.duration,instAXBreal.started,instAXBreal.stopped,instAXBrealkey_resp.keys,instAXBrealkey_resp.rt,instAXBrealkey_resp.duration,stimuliAXBmixfirst.thisRepN,stimuliAXBmixfirst.thisTrialN,stimuliAXBmixfirst.thisN,stimuliAXBmixfirst.thisIndex,stimuliAXBmixfirst.ran,attentionfirst.started,attentionfirst.stopped,attentionfirstkey_resp.keys,attentionfirstkey_resp.rt,attentionfirstkey_resp.duration,stimuliAXbmixsec.thisRepN,stimuliAXbmixsec.thisTrialN,stimuliAXbmixsec.thisN,stimuliAXbmixsec.thisIndex,stimuliAXbmixsec.ran,kaffeepause.started,kaffeepause.stopped,kaffeepausekey_resp.keys,kaffeepausekey_resp.rt,kaffeepausekey_resp.duration,instTAFCtest.started,instTAFCtest.stopped,instTAFCtestkey_resp.keys,instTAFCtestkey_resp.rt,instTAFCtestkey_resp.duration,testTAFCmixfirst.started,testTAFCmixfirst.stopped,testTAFCmixfirstkey_resp.keys,testTAFCmixfirstkey_resp.rt,testTAFCmixfirstkey_resp.duration,testTAFCmixfirsttrials.thisRepN,testTAFCmixfirsttrials.thisTrialN,testTAFCmixfirsttrials.thisN,testTAFCmixfirsttrials.thisIndex,testTAFCmixfirsttrials.ran,testTAFCmixfirst,testTAFCmixsec.started,testTAFCmixsec.stopped,testTAFCmixseckey_resp.keys,testTAFCmixseckey_resp.rt,testTAFCmixseckey_resp.duration,testTAFCmixsectrials.thisRepN,testTAFCmixsectrials.thisTrialN,testTAFCmixsectrials.thisN,testTAFCmixsectrials.thisIndex,testTAFCmixsectrials.ran,testTAFCmixsec,instTAFCreal.started,instTAFCreal.stopped,instTAFCrealkey_resp.keys,instTAFCrealkey_resp.rt,instTAFCrealkey_resp.duration,stimuliTAFCfirst.started,stimuliTAFCfirst.stopped,stimuliTAFCfirstkey_resp.keys,stimuliTAFCfirstkey_resp.rt,stimuliTAFCfirstkey_resp.duration,stimuliTAFCfirsttrials.thisRepN,stimuliTAFCfirsttrials.thisTrialN,stimuliTAFCfirsttrials.thisN,stimuliTAFCfirsttrials.thisIndex,stimuliTAFCfirsttrials.ran,stimuliTAFCfirst,stimuliTAFCsec.started,stimuliTAFCsec.stopped,stimuliTAFCseckey_resp.keys,stimuliTAFCseckey_resp.rt,stimuliTAFCseckey_resp.duration,stimuliTAFCsectrials.thisRepN,stimuliTAFCsectrials.thisTrialN,stimuliTAFCsectrials.thisN,stimuliTAFCsectrials.thisIndex,stimuliTAFCsectrials.ran,stimuliTAFCsec,end.started,end.stopped
0.001,42.053,space,42.026,,45,001,2024-06-02_18h18.37.982,mathesisv2,2024.1.3,MacIntel,62.5,,,,,,,,,,,,,,,,,,,,,,,,,,,,,,,,,,,,,,,,,,,,,,,,,,,,,,,,,,,,,,,,,,,,,,,,,,,,,,,,,,,,,,,,,,,,,,,,,,,,,,,
,,,,,45,001,2024-06-02_18h18.37.982,mathesisv2,2024.1.3,MacIntel,62.5,42.054,58.343,space,16.265,,,,,,,,,,,,,,,,,,,,,,,,,,,,,,,,,,,,,,,,,,,,,,,,,,,,,,,,,,,,,,,,,,,,,,,,,,,,,,,,,,,,,,,,,,,,,,,,,,,
,,,,,45,001,2024-06-02_18h18.37.982,mathesisv2,2024.1.3,MacIntel,62.5,,,,,,58.363,117.139,l,58.761,,0,0,0,3,1,stimuliAXBmix/yyustimulus.wav,l,,,,,,,,,,,,,,,,,,,,,,,,,,,,,,,,,,,,,,,,,,,,,,,,,,,,,,,,,,,,,,,,,,,,,,,,,,,,,,,,,,,,,,
,,,,,45,001,2024-06-02_18h18.37.982,mathesisv2,2024.1.3,MacIntel,62.5,,,,,,117.142,121.18,l,4.032,,0,1,1,0,1,stimuliAXBmix/iiystimulus.wav,l,,,,,,,,,,,,,,,,,,,,,,,,,,,,,,,,,,,,,,,,,,,,,,,,,,,,,,,,,,,,,,,,,,,,,,,,,,,,,,,,,,,,,,
,,,,,45,001,2024-06-02_18h18.37.982,mathesisv2,2024.1.3,MacIntel,62.5,,,,,,121.18,126.613,f,5.424,,0,2,2,1,1,stimuliAXBmix/iyystimulus.wav,f,,,,,,,,,,,,,,,,,,,,,,,,,,,,,,,,,,,,,,,,,,,,,,,,,,,,,,,,,,,,,,,,,,,,,,,,,,,,,,,,,,,,,,
,,,,,45,001,2024-06-02_18h18.37.982,mathesisv2,2024.1.3,MacIntel,62.5,,,,,,126.613,130.67,f,4.049,,0,3,3,2,1,stimuliAXBmix/yuustimulus.wav,f,,,,,,,,,,,,,,,,,,,,,,,,,,,,,,,,,,,,,,,,,,,,,,,,,,,,,,,,,,,,,,,,,,,,,,,,,,,,,,,,,,,,,,
,,,,,45,001,2024-06-02_18h18.37.982,mathesisv2,2024.1.3,MacIntel,62.5,,,,,,,,,,,,,,,,,,130.671,135.71,space,5.025,,,,,,,,,,,,,,,,,,,,,,,,,,,,,,,,,,,,,,,,,,,,,,,,,,,,,,,,,,,,,,,,,,,,,,,,,,,,,,,,,,
,,,,,45,001,2024-06-02_18h18.37.982,mathesisv2,2024.1.3,MacIntel,62.5,,,,,,,,,,,,,,,,,,,,,,,135.711,155.02,space,19.292,,,,,,,,,,,,,,,,,,,,,,,,,,,,,,,,,,,,,,,,,,,,,,,,,,,,,,,,,,,,,,,,,,,,,,,,,,,,,
,,,,,45,001,2024-06-02_18h18.37.982,mathesisv2,2024.1.3,MacIntel,62.5,,,,,,155.028,161.601,l,6.566,,,,,,,stimuliAXBmix/iiystimulus.wav,l,,,,,,,,,,,0,0,0,0,1,,,,,,,,,,,,,,,,,,,,,,,,,,,,,,,,,,,,,,,,,,,,,,,,,,,,,,,,,,,,,,,,,,,,,,,
,,,,,45,001,2024-06-02_18h18.37.982,mathesisv2,2024.1.3,MacIntel,62.5,,,,,,161.601,165.67,f,4.062,,,,,,,stimuliAXBmix/yuustimulus.wav,f,,,,,,,,,,,0,1,1,2,1,,,,,,,,,,,,,,,,,,,,,,,,,,,,,,,,,,,,,,,,,,,,,,,,,,,,,,,,,,,,,,,,,,,,,,,
,,,,,45,001,2024-06-02_18h18.37.982,mathesisv2,2024.1.3,MacIntel,62.5,,,,,,165.67,169.39,l,3.714,,,,,,,stimuliAXBmix/yyustimulus.wav,l,,,,,,,,,,,0,2,2,3,1,,,,,,,,,,,,,,,,,,,,,,,,,,,,,,,,,,,,,,,,,,,,,,,,,,,,,,,,,,,,,,,,,,,,,,,
,,,,,45,001,2024-06-02_18h18.37.982,mathesisv2,2024.1.3,MacIntel,62.5,,,,,,169.391,173.224,f,3.827,,,,,,,stimuliAXBmix/iyystimulus.wav,f,,,,,,,,,,,0,3,3,1,1,,,,,,,,,,,,,,,,,,,,,,,,,,,,,,,,,,,,,,,,,,,,,,,,,,,,,,,,,,,,,,,,,,,,,,,
,,,,,45,001,2024-06-02_18h18.37.982,mathesisv2,2024.1.3,MacIntel,62.5,,,,,,173.224,177.797,l,4.567,,,,,,,stimuliAXBmix/iiystimulus.wav,l,,,,,,,,,,,1,0,4,0,1,,,,,,,,,,,,,,,,,,,,,,,,,,,,,,,,,,,,,,,,,,,,,,,,,,,,,,,,,,,,,,,,,,,,,,,
,,,,,45,001,2024-06-02_18h18.37.982,mathesisv2,2024.1.3,MacIntel,62.5,,,,,,177.798,182.05,f,4.246,,,,,,,stimuliAXBmix/yuustimulus.wav,f,,,,,,,,,,,1,1,5,2,1,,,,,,,,,,,,,,,,,,,,,,,,,,,,,,,,,,,,,,,,,,,,,,,,,,,,,,,,,,,,,,,,,,,,,,,
,,,,,45,001,2024-06-02_18h18.37.982,mathesisv2,2024.1.3,MacIntel,62.5,,,,,,182.05,186.084,f,4.027,,,,,,,stimuliAXBmix/iyystimulus.wav,f,,,,,,,,,,,1,2,6,1,1,,,,,,,,,,,,,,,,,,,,,,,,,,,,,,,,,,,,,,,,,,,,,,,,,,,,,,,,,,,,,,,,,,,,,,,
,,,,,45,001,2024-06-02_18h18.37.982,mathesisv2,2024.1.3,MacIntel,62.5,,,,,,186.085,189.659,l,3.567,,,,,,,stimuliAXBmix/yyustimulus.wav,l,,,,,,,,,,,1,3,7,3,1,,,,,,,,,,,,,,,,,,,,,,,,,,,,,,,,,,,,,,,,,,,,,,,,,,,,,,,,,,,,,,,,,,,,,,,
,,,,,45,001,2024-06-02_18h18.37.982,mathesisv2,2024.1.3,MacIntel,62.5,,,,,,189.659,192.747,l,3.081,,,,,,,stimuliAXBmix/iiystimulus.wav,l,,,,,,,,,,,2,0,8,0,1,,,,,,,,,,,,,,,,,,,,,,,,,,,,,,,,,,,,,,,,,,,,,,,,,,,,,,,,,,,,,,,,,,,,,,,
,,,,,45,001,2024-06-02_18h18.37.982,mathesisv2,2024.1.3,MacIntel,62.5,,,,,,192.747,198.839,f,6.086,,,,,,,stimuliAXBmix/iyystimulus.wav,f,,,,,,,,,,,2,1,9,1,1,,,,,,,,,,,,,,,,,,,,,,,,,,,,,,,,,,,,,,,,,,,,,,,,,,,,,,,,,,,,,,,,,,,,,,,
,,,,,45,001,2024-06-02_18h18.37.982,mathesisv2,2024.1.3,MacIntel,62.5,,,,,,198.839,202.661,f,3.813,,,,,,,stimuliAXBmix/yuustimulus.wav,f,,,,,,,,,,,2,2,10,2,1,,,,,,,,,,,,,,,,,,,,,,,,,,,,,,,,,,,,,,,,,,,,,,,,,,,,,,,,,,,,,,,,,,,,,,,
,,,,,45,001,2024-06-02_18h18.37.982,mathesisv2,2024.1.3,MacIntel,62.5,,,,,,202.661,205.839,l,3.171,,,,,,,stimuliAXBmix/yyustimulus.wav,l,,,,,,,,,,,2,3,11,3,1,,,,,,,,,,,,,,,,,,,,,,,,,,,,,,,,,,,,,,,,,,,,,,,,,,,,,,,,,,,,,,,,,,,,,,,
,,,,,45,001,2024-06-02_18h18.37.982,mathesisv2,2024.1.3,MacIntel,62.5,,,,,,236.612,243.413,f,6.796,,,,,,,stimuliAXBmix/yuustimulus.wav,f,,,,,,,,,,,,,,,,205.84,236.607,return,30.753,,0,0,0,2,1,,,,,,,,,,,,,,,,,,,,,,,,,,,,,,,,,,,,,,,,,,,,,,,,,,,,,,,,,,,,,
,,,,,45,001,2024-06-02_18h18.37.982,mathesisv2,2024.1.3,MacIntel,62.5,,,,,,243.414,246.602,l,3.182,,,,,,,stimuliAXBmix/iiystimulus.wav,l,,,,,,,,,,,,,,,,,,,,,0,1,1,0,1,,,,,,,,,,,,,,,,,,,,,,,,,,,,,,,,,,,,,,,,,,,,,,,,,,,,,,,,,,,,,
,,,,,45,001,2024-06-02_18h18.37.982,mathesisv2,2024.1.3,MacIntel,62.5,,,,,,246.603,252.721,l,6.112,,,,,,,stimuliAXBmix/yyustimulus.wav,l,,,,,,,,,,,,,,,,,,,,,0,2,2,3,1,,,,,,,,,,,,,,,,,,,,,,,,,,,,,,,,,,,,,,,,,,,,,,,,,,,,,,,,,,,,,
,,,,,45,001,2024-06-02_18h18.37.982,mathesisv2,2024.1.3,MacIntel,62.5,,,,,,252.722,256.038,f,3.31,,,,,,,stimuliAXBmix/iyystimulus.wav,f,,,,,,,,,,,,,,,,,,,,,0,3,3,1,1,,,,,,,,,,,,,,,,,,,,,,,,,,,,,,,,,,,,,,,,,,,,,,,,,,,,,,,,,,,,,
,,,,,45,001,2024-06-02_18h18.37.982,mathesisv2,2024.1.3,MacIntel,62.5,,,,,,256.039,259.857,f,3.811,,,,,,,stimuliAXBmix/yuustimulus.wav,f,,,,,,,,,,,,,,,,,,,,,1,0,4,2,1,,,,,,,,,,,,,,,,,,,,,,,,,,,,,,,,,,,,,,,,,,,,,,,,,,,,,,,,,,,,,
,,,,,45,001,2024-06-02_18h18.37.982,mathesisv2,2024.1.3,MacIntel,62.5,,,,,,259.857,263.051,l,3.188,,,,,,,stimuliAXBmix/yyustimulus.wav,l,,,,,,,,,,,,,,,,,,,,,1,1,5,3,1,,,,,,,,,,,,,,,,,,,,,,,,,,,,,,,,,,,,,,,,,,,,,,,,,,,,,,,,,,,,,
,,,,,45,001,2024-06-02_18h18.37.982,mathesisv2,2024.1.3,MacIntel,62.5,,,,,,263.051,266.919,l,3.861,,,,,,,stimuliAXBmix/iiystimulus.wav,l,,,,,,,,,,,,,,,,,,,,,1,2,6,0,1,,,,,,,,,,,,,,,,,,,,,,,,,,,,,,,,,,,,,,,,,,,,,,,,,,,,,,,,,,,,,
,,,,,45,001,2024-06-02_18h18.37.982,mathesisv2,2024.1.3,MacIntel,62.5,,,,,,266.919,270.432,f,3.504,,,,,,,stimuliAXBmix/iyystimulus.wav,f,,,,,,,,,,,,,,,,,,,,,1,3,7,1,1,,,,,,,,,,,,,,,,,,,,,,,,,,,,,,,,,,,,,,,,,,,,,,,,,,,,,,,,,,,,,
,,,,,45,001,2024-06-02_18h18.37.982,mathesisv2,2024.1.3,MacIntel,62.5,,,,,,283.076,288.442,l,5.36,,,,,,,stimuliAXBmix/yyustimulus.wav,l,,,,,,,,,,,0,0,0,3,1,,,,,,,,,,,270.432,283.073,space,12.627,,,,,,,,,,,,,,,,,,,,,,,,,,,,,,,,,,,,,,,,,,,,,,,,,,,,,,,,,
,,,,,45,001,2024-06-02_18h18.37.982,mathesisv2,2024.1.3,MacIntel,62.5,,,,,,288.443,291.699,f,3.25,,,,,,,stimuliAXBmix/iyystimulus.wav,f,,,,,,,,,,,0,1,1,1,1,,,,,,,,,,,,,,,,,,,,,,,,,,,,,,,,,,,,,,,,,,,,,,,,,,,,,,,,,,,,,,,,,,,,,,,
,,,,,45,001,2024-06-02_18h18.37.982,mathesisv2,2024.1.3,MacIntel,62.5,,,,,,291.7,295.716,f,4.007,,,,,,,stimuliAXBmix/yuustimulus.wav,f,,,,,,,,,,,0,2,2,2,1,,,,,,,,,,,,,,,,,,,,,,,,,,,,,,,,,,,,,,,,,,,,,,,,,,,,,,,,,,,,,,,,,,,,,,,
,,,,,45,001,2024-06-02_18h18.37.982,mathesisv2,2024.1.3,MacIntel,62.5,,,,,,295.717,299.497,l,3.773,,,,,,,stimuliAXBmix/iiystimulus.wav,l,,,,,,,,,,,0,3,3,0,1,,,,,,,,,,,,,,,,,,,,,,,,,,,,,,,,,,,,,,,,,,,,,,,,,,,,,,,,,,,,,,,,,,,,,,,
,,,,,45,001,2024-06-02_18h18.37.982,mathesisv2,2024.1.3,MacIntel,62.5,,,,,,299.498,303.064,f,3.56,,,,,,,stimuliAXBmix/iyystimulus.wav,f,,,,,,,,,,,1,0,4,1,1,,,,,,,,,,,,,,,,,,,,,,,,,,,,,,,,,,,,,,,,,,,,,,,,,,,,,,,,,,,,,,,,,,,,,,,
,,,,,45,001,2024-06-02_18h18.37.982,mathesisv2,2024.1.3,MacIntel,62.5,,,,,,303.064,307.138,l,4.066,,,,,,,stimuliAXBmix/iiystimulus.wav,l,,,,,,,,,,,1,1,5,0,1,,,,,,,,,,,,,,,,,,,,,,,,,,,,,,,,,,,,,,,,,,,,,,,,,,,,,,,,,,,,,,,,,,,,,,,
,,,,,45,001,2024-06-02_18h18.37.982,mathesisv2,2024.1.3,MacIntel,62.5,,,,,,307.138,310.878,l,3.733,,,,,,,stimuliAXBmix/yyustimulus.wav,l,,,,,,,,,,,1,2,6,3,1,,,,,,,,,,,,,,,,,,,,,,,,,,,,,,,,,,,,,,,,,,,,,,,,,,,,,,,,,,,,,,,,,,,,,,,
,,,,,45,001,2024-06-02_18h18.37.982,mathesisv2,2024.1.3,MacIntel,62.5,,,,,,310.879,314.508,f,3.621,,,,,,,stimuliAXBmix/yuustimulus.wav,f,,,,,,,,,,,1,3,7,2,1,,,,,,,,,,,,,,,,,,,,,,,,,,,,,,,,,,,,,,,,,,,,,,,,,,,,,,,,,,,,,,,,,,,,,,,
,,,,,45,001,2024-06-02_18h18.37.982,mathesisv2,2024.1.3,MacIntel,62.5,,,,,,314.508,318.156,f,3.64,,,,,,,stimuliAXBmix/iyystimulus.wav,f,,,,,,,,,,,2,0,8,1,1,,,,,,,,,,,,,,,,,,,,,,,,,,,,,,,,,,,,,,,,,,,,,,,,,,,,,,,,,,,,,,,,,,,,,,,
,,,,,45,001,2024-06-02_18h18.37.982,mathesisv2,2024.1.3,MacIntel,62.5,,,,,,318.156,321.302,f,3.135,,,,,,,stimuliAXBmix/yuustimulus.wav,f,,,,,,,,,,,2,1,9,2,1,,,,,,,,,,,,,,,,,,,,,,,,,,,,,,,,,,,,,,,,,,,,,,,,,,,,,,,,,,,,,,,,,,,,,,,
,,,,,45,001,2024-06-02_18h18.37.982,mathesisv2,2024.1.3,MacIntel,62.5,,,,,,321.302,324.49,l,3.181,,,,,,,stimuliAXBmix/iiystimulus.wav,l,,,,,,,,,,,2,2,10,0,1,,,,,,,,,,,,,,,,,,,,,,,,,,,,,,,,,,,,,,,,,,,,,,,,,,,,,,,,,,,,,,,,,,,,,,,
,,,,,45,001,2024-06-02_18h18.37.982,mathesisv2,2024.1.3,MacIntel,62.5,,,,,,324.491,328.186,l,3.689,,,,,,,stimuliAXBmix/yyustimulus.wav,l,,,,,,,,,,,2,3,11,3,1,,,,,,,,,,,,,,,,,,,,,,,,,,,,,,,,,,,,,,,,,,,,,,,,,,,,,,,,,,,,,,,,,,,,,,,
,,,,,45,001,2024-06-02_18h18.37.982,mathesisv2,2024.1.3,MacIntel,62.5,,,,,,332.094,335.313,l,3.212,,,,,,,stimuliAXBmix/iiystimulus.wav,l,,,,,,,,,,,,,,,,328.186,332.09,return,3.891,,0,0,0,0,1,,,,,,,,,,,,,,,,,,,,,,,,,,,,,,,,,,,,,,,,,,,,,,,,,,,,,,,,,,,,,
,,,,,45,001,2024-06-02_18h18.37.982,mathesisv2,2024.1.3,MacIntel,62.5,,,,,,335.313,338.576,f,3.253,,,,,,,stimuliAXBmix/iyystimulus.wav,f,,,,,,,,,,,,,,,,,,,,,0,1,1,1,1,,,,,,,,,,,,,,,,,,,,,,,,,,,,,,,,,,,,,,,,,,,,,,,,,,,,,,,,,,,,,
,,,,,45,001,2024-06-02_18h18.37.982,mathesisv2,2024.1.3,MacIntel,62.5,,,,,,338.576,342.206,l,3.623,,,,,,,stimuliAXBmix/yyustimulus.wav,l,,,,,,,,,,,,,,,,,,,,,0,2,2,3,1,,,,,,,,,,,,,,,,,,,,,,,,,,,,,,,,,,,,,,,,,,,,,,,,,,,,,,,,,,,,,
,,,,,45,001,2024-06-02_18h18.37.982,mathesisv2,2024.1.3,MacIntel,62.5,,,,,,342.207,345.816,f,3.604,,,,,,,stimuliAXBmix/yuustimulus.wav,f,,,,,,,,,,,,,,,,,,,,,0,3,3,2,1,,,,,,,,,,,,,,,,,,,,,,,,,,,,,,,,,,,,,,,,,,,,,,,,,,,,,,,,,,,,,
,,,,,45,001,2024-06-02_18h18.37.982,mathesisv2,2024.1.3,MacIntel,62.5,,,,,,345.816,349.285,f,3.462,,,,,,,stimuliAXBmix/yuustimulus.wav,f,,,,,,,,,,,,,,,,,,,,,1,0,4,2,1,,,,,,,,,,,,,,,,,,,,,,,,,,,,,,,,,,,,,,,,,,,,,,,,,,,,,,,,,,,,,
,,,,,45,001,2024-06-02_18h18.37.982,mathesisv2,2024.1.3,MacIntel,62.5,,,,,,349.285,354.254,l,4.962,,,,,,,stimuliAXBmix/yyustimulus.wav,l,,,,,,,,,,,,,,,,,,,,,1,1,5,3,1,,,,,,,,,,,,,,,,,,,,,,,,,,,,,,,,,,,,,,,,,,,,,,,,,,,,,,,,,,,,,
,,,,,45,001,2024-06-02_18h18.37.982,mathesisv2,2024.1.3,MacIntel,62.5,,,,,,354.254,357.845,f,3.584,,,,,,,stimuliAXBmix/iyystimulus.wav,f,,,,,,,,,,,,,,,,,,,,,1,2,6,1,1,,,,,,,,,,,,,,,,,,,,,,,,,,,,,,,,,,,,,,,,,,,,,,,,,,,,,,,,,,,,,
,,,,,45,001,2024-06-02_18h18.37.982,mathesisv2,2024.1.3,MacIntel,62.5,,,,,,357.845,361.076,l,3.225,,,,,,,stimuliAXBmix/iiystimulus.wav,l,,,,,,,,,,,,,,,,,,,,,1,3,7,0,1,,,,,,,,,,,,,,,,,,,,,,,,,,,,,,,,,,,,,,,,,,,,,,,,,,,,,,,,,,,,,
,,,,,45,001,2024-06-02_18h18.37.982,mathesisv2,2024.1.3,MacIntel,62.5,,,,,,370.785,374.445,l,3.653,,,,,,,stimuliAXBmix/yyustimulus.wav,l,,,,,,,,,,,0,0,0,3,1,,,,,,,,,,,361.076,370.783,space,9.7,,,,,,,,,,,,,,,,,,,,,,,,,,,,,,,,,,,,,,,,,,,,,,,,,,,,,,,,,
,,,,,45,001,2024-06-02_18h18.37.982,mathesisv2,2024.1.3,MacIntel,62.5,,,,,,374.445,377.937,f,3.486,,,,,,,stimuliAXBmix/yuustimulus.wav,f,,,,,,,,,,,0,1,1,2,1,,,,,,,,,,,,,,,,,,,,,,,,,,,,,,,,,,,,,,,,,,,,,,,,,,,,,,,,,,,,,,,,,,,,,,,
,,,,,45,001,2024-06-02_18h18.37.982,mathesisv2,2024.1.3,MacIntel,62.5,,,,,,377.938,381.644,f,3.699,,,,,,,stimuliAXBmix/iyystimulus.wav,f,,,,,,,,,,,0,2,2,1,1,,,,,,,,,,,,,,,,,,,,,,,,,,,,,,,,,,,,,,,,,,,,,,,,,,,,,,,,,,,,,,,,,,,,,,,
,,,,,45,001,2024-06-02_18h18.37.982,mathesisv2,2024.1.3,MacIntel,62.5,,,,,,381.644,384.799,l,3.147,,,,,,,stimuliAXBmix/iiystimulus.wav,l,,,,,,,,,,,0,3,3,0,1,,,,,,,,,,,,,,,,,,,,,,,,,,,,,,,,,,,,,,,,,,,,,,,,,,,,,,,,,,,,,,,,,,,,,,,
,,,,,45,001,2024-06-02_18h18.37.982,mathesisv2,2024.1.3,MacIntel,62.5,,,,,,384.799,387.999,f,3.194,,,,,,,stimuliAXBmix/iyystimulus.wav,f,,,,,,,,,,,1,0,4,1,1,,,,,,,,,,,,,,,,,,,,,,,,,,,,,,,,,,,,,,,,,,,,,,,,,,,,,,,,,,,,,,,,,,,,,,,
,,,,,45,001,2024-06-02_18h18.37.982,mathesisv2,2024.1.3,MacIntel,62.5,,,,,,387.999,391.084,l,3.079,,,,,,,stimuliAXBmix/yyustimulus.wav,l,,,,,,,,,,,1,1,5,3,1,,,,,,,,,,,,,,,,,,,,,,,,,,,,,,,,,,,,,,,,,,,,,,,,,,,,,,,,,,,,,,,,,,,,,,,
,,,,,45,001,2024-06-02_18h18.37.982,mathesisv2,2024.1.3,MacIntel,62.5,,,,,,391.085,394.453,l,3.363,,,,,,,stimuliAXBmix/iiystimulus.wav,l,,,,,,,,,,,1,2,6,0,1,,,,,,,,,,,,,,,,,,,,,,,,,,,,,,,,,,,,,,,,,,,,,,,,,,,,,,,,,,,,,,,,,,,,,,,
,,,,,45,001,2024-06-02_18h18.37.982,mathesisv2,2024.1.3,MacIntel,62.5,,,,,,394.453,397.714,f,3.254,,,,,,,stimuliAXBmix/yuustimulus.wav,f,,,,,,,,,,,1,3,7,2,1,,,,,,,,,,,,,,,,,,,,,,,,,,,,,,,,,,,,,,,,,,,,,,,,,,,,,,,,,,,,,,,,,,,,,,,
,,,,,45,001,2024-06-02_18h18.37.982,mathesisv2,2024.1.3,MacIntel,62.5,,,,,,397.714,400.935,l,3.213,,,,,,,stimuliAXBmix/iiystimulus.wav,l,,,,,,,,,,,2,0,8,0,1,,,,,,,,,,,,,,,,,,,,,,,,,,,,,,,,,,,,,,,,,,,,,,,,,,,,,,,,,,,,,,,,,,,,,,,
,,,,,45,001,2024-06-02_18h18.37.982,mathesisv2,2024.1.3,MacIntel,62.5,,,,,,400.935,404.446,f,3.505,,,,,,,stimuliAXBmix/yuustimulus.wav,f,,,,,,,,,,,2,1,9,2,1,,,,,,,,,,,,,,,,,,,,,,,,,,,,,,,,,,,,,,,,,,,,,,,,,,,,,,,,,,,,,,,,,,,,,,,
,,,,,45,001,2024-06-02_18h18.37.982,mathesisv2,2024.1.3,MacIntel,62.5,,,,,,404.447,407.487,l,3.033,,,,,,,stimuliAXBmix/yyustimulus.wav,l,,,,,,,,,,,2,2,10,3,1,,,,,,,,,,,,,,,,,,,,,,,,,,,,,,,,,,,,,,,,,,,,,,,,,,,,,,,,,,,,,,,,,,,,,,,
,,,,,45,001,2024-06-02_18h18.37.982,mathesisv2,2024.1.3,MacIntel,62.5,,,,,,407.487,410.69,f,3.196,,,,,,,stimuliAXBmix/iyystimulus.wav,f,,,,,,,,,,,2,3,11,1,1,,,,,,,,,,,,,,,,,,,,,,,,,,,,,,,,,,,,,,,,,,,,,,,,,,,,,,,,,,,,,,,,,,,,,,,
,,,,,45,001,2024-06-02_18h18.37.982,mathesisv2,2024.1.3,MacIntel,62.5,,,,,,415.342,419.513,l,4.164,,,,,,,stimuliAXBmix/yyustimulus.wav,l,,,,,,,,,,,,,,,,410.69,415.338,return,4.64,,0,0,0,3,1,,,,,,,,,,,,,,,,,,,,,,,,,,,,,,,,,,,,,,,,,,,,,,,,,,,,,,,,,,,,,
,,,,,45,001,2024-06-02_18h18.37.982,mathesisv2,2024.1.3,MacIntel,62.5,,,,,,419.513,423.177,f,3.657,,,,,,,stimuliAXBmix/iyystimulus.wav,f,,,,,,,,,,,,,,,,,,,,,0,1,1,1,1,,,,,,,,,,,,,,,,,,,,,,,,,,,,,,,,,,,,,,,,,,,,,,,,,,,,,,,,,,,,,
,,,,,45,001,2024-06-02_18h18.37.982,mathesisv2,2024.1.3,MacIntel,62.5,,,,,,423.178,426.698,f,3.515,,,,,,,stimuliAXBmix/yuustimulus.wav,f,,,,,,,,,,,,,,,,,,,,,0,2,2,2,1,,,,,,,,,,,,,,,,,,,,,,,,,,,,,,,,,,,,,,,,,,,,,,,,,,,,,,,,,,,,,
,,,,,45,001,2024-06-02_18h18.37.982,mathesisv2,2024.1.3,MacIntel,62.5,,,,,,426.699,429.88,l,3.172,,,,,,,stimuliAXBmix/iiystimulus.wav,l,,,,,,,,,,,,,,,,,,,,,0,3,3,0,1,,,,,,,,,,,,,,,,,,,,,,,,,,,,,,,,,,,,,,,,,,,,,,,,,,,,,,,,,,,,,
,,,,,45,001,2024-06-02_18h18.37.982,mathesisv2,2024.1.3,MacIntel,62.5,,,,,,429.881,432.732,f,2.843,,,,,,,stimuliAXBmix/yuustimulus.wav,f,,,,,,,,,,,,,,,,,,,,,1,0,4,2,1,,,,,,,,,,,,,,,,,,,,,,,,,,,,,,,,,,,,,,,,,,,,,,,,,,,,,,,,,,,,,
,,,,,45,001,2024-06-02_18h18.37.982,mathesisv2,2024.1.3,MacIntel,62.5,,,,,,432.732,435.752,l,3.013,,,,,,,stimuliAXBmix/yyustimulus.wav,l,,,,,,,,,,,,,,,,,,,,,1,1,5,3,1,,,,,,,,,,,,,,,,,,,,,,,,,,,,,,,,,,,,,,,,,,,,,,,,,,,,,,,,,,,,,
,,,,,45,001,2024-06-02_18h18.37.982,mathesisv2,2024.1.3,MacIntel,62.5,,,,,,435.752,439.001,f,3.24,,,,,,,stimuliAXBmix/iyystimulus.wav,f,,,,,,,,,,,,,,,,,,,,,1,2,6,1,1,,,,,,,,,,,,,,,,,,,,,,,,,,,,,,,,,,,,,,,,,,,,,,,,,,,,,,,,,,,,,
,,,,,45,001,2024-06-02_18h18.37.982,mathesisv2,2024.1.3,MacIntel,62.5,,,,,,439.001,442.327,l,3.315,,,,,,,stimuliAXBmix/iiystimulus.wav,l,,,,,,,,,,,,,,,,,,,,,1,3,7,0,1,,,,,,,,,,,,,,,,,,,,,,,,,,,,,,,,,,,,,,,,,,,,,,,,,,,,,,,,,,,,,
,,,,,45,001,2024-06-02_18h18.37.982,mathesisv2,2024.1.3,MacIntel,62.5,,,,,,452.002,455.128,l,3.12,,,,,,,stimuliAXBmix/yyustimulus.wav,l,,,,,,,,,,,0,0,0,3,1,,,,,,,,,,,442.327,451.998,space,9.66,,,,,,,,,,,,,,,,,,,,,,,,,,,,,,,,,,,,,,,,,,,,,,,,,,,,,,,,,
,,,,,45,001,2024-06-02_18h18.37.982,mathesisv2,2024.1.3,MacIntel,62.5,,,,,,455.128,458.392,l,3.257,,,,,,,stimuliAXBmix/iiystimulus.wav,l,,,,,,,,,,,0,1,1,0,1,,,,,,,,,,,,,,,,,,,,,,,,,,,,,,,,,,,,,,,,,,,,,,,,,,,,,,,,,,,,,,,,,,,,,,,
,,,,,45,001,2024-06-02_18h18.37.982,mathesisv2,2024.1.3,MacIntel,62.5,,,,,,458.393,461.627,f,3.228,,,,,,,stimuliAXBmix/yuustimulus.wav,f,,,,,,,,,,,0,2,2,2,1,,,,,,,,,,,,,,,,,,,,,,,,,,,,,,,,,,,,,,,,,,,,,,,,,,,,,,,,,,,,,,,,,,,,,,,
,,,,,45,001,2024-06-02_18h18.37.982,mathesisv2,2024.1.3,MacIntel,62.5,,,,,,461.627,464.761,f,3.127,,,,,,,stimuliAXBmix/iyystimulus.wav,f,,,,,,,,,,,0,3,3,1,1,,,,,,,,,,,,,,,,,,,,,,,,,,,,,,,,,,,,,,,,,,,,,,,,,,,,,,,,,,,,,,,,,,,,,,,
,,,,,45,001,2024-06-02_18h18.37.982,mathesisv2,2024.1.3,MacIntel,62.5,,,,,,464.762,467.868,f,3.1,,,,,,,stimuliAXBmix/yuustimulus.wav,f,,,,,,,,,,,1,0,4,2,1,,,,,,,,,,,,,,,,,,,,,,,,,,,,,,,,,,,,,,,,,,,,,,,,,,,,,,,,,,,,,,,,,,,,,,,
,,,,,45,001,2024-06-02_18h18.37.982,mathesisv2,2024.1.3,MacIntel,62.5,,,,,,467.869,471.071,l,3.196,,,,,,,stimuliAXBmix/yyustimulus.wav,l,,,,,,,,,,,1,1,5,3,1,,,,,,,,,,,,,,,,,,,,,,,,,,,,,,,,,,,,,,,,,,,,,,,,,,,,,,,,,,,,,,,,,,,,,,,
,,,,,45,001,2024-06-02_18h18.37.982,mathesisv2,2024.1.3,MacIntel,62.5,,,,,,471.071,474.147,l,3.07,,,,,,,stimuliAXBmix/iiystimulus.wav,l,,,,,,,,,,,1,2,6,0,1,,,,,,,,,,,,,,,,,,,,,,,,,,,,,,,,,,,,,,,,,,,,,,,,,,,,,,,,,,,,,,,,,,,,,,,
,,,,,45,001,2024-06-02_18h18.37.982,mathesisv2,2024.1.3,MacIntel,62.5,,,,,,474.147,477.347,f,3.193,,,,,,,stimuliAXBmix/iyystimulus.wav,f,,,,,,,,,,,1,3,7,1,1,,,,,,,,,,,,,,,,,,,,,,,,,,,,,,,,,,,,,,,,,,,,,,,,,,,,,,,,,,,,,,,,,,,,,,,
,,,,,45,001,2024-06-02_18h18.37.982,mathesisv2,2024.1.3,MacIntel,62.5,,,,,,477.348,480.479,f,3.124,,,,,,,stimuliAXBmix/yuustimulus.wav,f,,,,,,,,,,,2,0,8,2,1,,,,,,,,,,,,,,,,,,,,,,,,,,,,,,,,,,,,,,,,,,,,,,,,,,,,,,,,,,,,,,,,,,,,,,,
,,,,,45,001,2024-06-02_18h18.37.982,mathesisv2,2024.1.3,MacIntel,62.5,,,,,,480.479,483.668,l,3.183,,,,,,,stimuliAXBmix/iiystimulus.wav,l,,,,,,,,,,,2,1,9,0,1,,,,,,,,,,,,,,,,,,,,,,,,,,,,,,,,,,,,,,,,,,,,,,,,,,,,,,,,,,,,,,,,,,,,,,,
,,,,,45,001,2024-06-02_18h18.37.982,mathesisv2,2024.1.3,MacIntel,62.5,,,,,,483.668,486.901,l,3.225,,,,,,,stimuliAXBmix/yyustimulus.wav,l,,,,,,,,,,,2,2,10,3,1,,,,,,,,,,,,,,,,,,,,,,,,,,,,,,,,,,,,,,,,,,,,,,,,,,,,,,,,,,,,,,,,,,,,,,,
,,,,,45,001,2024-06-02_18h18.37.982,mathesisv2,2024.1.3,MacIntel,62.5,,,,,,486.901,490.022,f,3.114,,,,,,,stimuliAXBmix/iyystimulus.wav,f,,,,,,,,,,,2,3,11,1,1,,,,,,,,,,,,,,,,,,,,,,,,,,,,,,,,,,,,,,,,,,,,,,,,,,,,,,,,,,,,,,,,,,,,,,,
,,,,,45,001,2024-06-02_18h18.37.982,mathesisv2,2024.1.3,MacIntel,62.5,,,,,,492.106,495.328,l,3.215,,,,,,,stimuliAXBmix/yyustimulus.wav,l,,,,,,,,,,,,,,,,490.022,492.098,return,2.063,,0,0,0,3,1,,,,,,,,,,,,,,,,,,,,,,,,,,,,,,,,,,,,,,,,,,,,,,,,,,,,,,,,,,,,,
,,,,,45,001,2024-06-02_18h18.37.982,mathesisv2,2024.1.3,MacIntel,62.5,,,,,,495.328,498.492,f,3.157,,,,,,,stimuliAXBmix/yuustimulus.wav,f,,,,,,,,,,,,,,,,,,,,,0,1,1,2,1,,,,,,,,,,,,,,,,,,,,,,,,,,,,,,,,,,,,,,,,,,,,,,,,,,,,,,,,,,,,,
,,,,,45,001,2024-06-02_18h18.37.982,mathesisv2,2024.1.3,MacIntel,62.5,,,,,,498.493,501.669,l,3.166,,,,,,,stimuliAXBmix/iiystimulus.wav,l,,,,,,,,,,,,,,,,,,,,,0,2,2,0,1,,,,,,,,,,,,,,,,,,,,,,,,,,,,,,,,,,,,,,,,,,,,,,,,,,,,,,,,,,,,,
,,,,,45,001,2024-06-02_18h18.37.982,mathesisv2,2024.1.3,MacIntel,62.5,,,,,,501.669,504.945,f,3.267,,,,,,,stimuliAXBmix/iyystimulus.wav,f,,,,,,,,,,,,,,,,,,,,,0,3,3,1,1,,,,,,,,,,,,,,,,,,,,,,,,,,,,,,,,,,,,,,,,,,,,,,,,,,,,,,,,,,,,,
,,,,,45,001,2024-06-02_18h18.37.982,mathesisv2,2024.1.3,MacIntel,62.5,,,,,,504.945,508.328,f,3.376,,,,,,,stimuliAXBmix/iyystimulus.wav,f,,,,,,,,,,,,,,,,,,,,,1,0,4,1,1,,,,,,,,,,,,,,,,,,,,,,,,,,,,,,,,,,,,,,,,,,,,,,,,,,,,,,,,,,,,,
,,,,,45,001,2024-06-02_18h18.37.982,mathesisv2,2024.1.3,MacIntel,62.5,,,,,,508.328,511.363,f,3.028,,,,,,,stimuliAXBmix/yuustimulus.wav,f,,,,,,,,,,,,,,,,,,,,,1,1,5,2,1,,,,,,,,,,,,,,,,,,,,,,,,,,,,,,,,,,,,,,,,,,,,,,,,,,,,,,,,,,,,,
,,,,,45,001,2024-06-02_18h18.37.982,mathesisv2,2024.1.3,MacIntel,62.5,,,,,,511.363,514.513,l,3.144,,,,,,,stimuliAXBmix/iiystimulus.wav,l,,,,,,,,,,,,,,,,,,,,,1,2,6,0,1,,,,,,,,,,,,,,,,,,,,,,,,,,,,,,,,,,,,,,,,,,,,,,,,,,,,,,,,,,,,,
,,,,,45,001,2024-06-02_18h18.37.982,mathesisv2,2024.1.3,MacIntel,62.5,,,,,,514.513,517.665,l,3.145,,,,,,,stimuliAXBmix/yyustimulus.wav,l,,,,,,,,,,,,,,,,,,,,,1,3,7,3,1,,,,,,,,,,,,,,,,,,,,,,,,,,,,,,,,,,,,,,,,,,,,,,,,,,,,,,,,,,,,,
,,,,,45,001,2024-06-02_18h18.37.982,mathesisv2,2024.1.3,MacIntel,62.5,,,,,,,,,,,,,,,,,,,,,,,,,,,,,,,,,,,,,,,,,,,517.665,523.949,space,6.277,,523.949,544.192,space,20.223,,,,,,,,,,,,,,,,,,,,,,,,,,,,,,,,,,,,,,,,,,,,,,,,,,,,
,,,,,45,001,2024-06-02_18h18.37.982,mathesisv2,2024.1.3,MacIntel,62.5,,,,,,,,,,,,,,,,,,,,,,,,,,,,,,,,,,,,,,,,,,,,,,,,,,,,,544.199,549.235,e,5.021,,0,0,0,1,1,testTAFCmixfirst/nimnym002.wav,,,,,,,,,,,,,,,,,,,,,,,,,,,,,,,,,,,,,,,,
,,,,,45,001,2024-06-02_18h18.37.982,mathesisv2,2024.1.3,MacIntel,62.5,,,,,,,,,,,,,,,,,,,,,,,,,,,,,,,,,,,,,,,,,,,,,,,,,,,,,549.236,553.336,y,4.093,,0,1,1,2,1,testTAFCmixfirst/nimnym006.wav,,,,,,,,,,,,,,,,,,,,,,,,,,,,,,,,,,,,,,,,
,,,,,45,001,2024-06-02_18h18.37.982,mathesisv2,2024.1.3,MacIntel,62.5,,,,,,,,,,,,,,,,,,,,,,,,,,,,,,,,,,,,,,,,,,,,,,,,,,,,,553.336,555.797,e,2.455,,0,2,2,0,1,testTAFCmixfirst/nimnym001.wav,,,,,,,,,,,,,,,,,,,,,,,,,,,,,,,,,,,,,,,,
,,,,,45,001,2024-06-02_18h18.37.982,mathesisv2,2024.1.3,MacIntel,62.5,,,,,,,,,,,,,,,,,,,,,,,,,,,,,,,,,,,,,,,,,,,,,,,,,,,,,,,,,,,,,,,,555.801,557.983,u,2.167,,0,0,0,1,1,testTAFCmixsec/numnym002.wav,,,,,,,,,,,,,,,,,,,,,,,,,,,,,
,,,,,45,001,2024-06-02_18h18.37.982,mathesisv2,2024.1.3,MacIntel,62.5,,,,,,,,,,,,,,,,,,,,,,,,,,,,,,,,,,,,,,,,,,,,,,,,,,,,,,,,,,,,,,,,557.983,560.543,y,2.551,,0,1,1,2,1,testTAFCmixsec/numnym006.wav,,,,,,,,,,,,,,,,,,,,,,,,,,,,,
,,,,,45,001,2024-06-02_18h18.37.982,mathesisv2,2024.1.3,MacIntel,62.5,,,,,,,,,,,,,,,,,,,,,,,,,,,,,,,,,,,,,,,,,,,,,,,,,,,,,,,,,,,,,,,,560.543,568.62,u,8.07,,0,2,2,0,1,testTAFCmixsec/numnym001.wav,,,,,,,,,,,,,,,,,,,,,,,,,,,,,
,,,,,45,001,2024-06-02_18h18.37.982,mathesisv2,2024.1.3,MacIntel,62.5,,,,,,,,,,,,,,,,,,,,,,,,,,,,,,,,,,,,,,,,,,,,,,,,,,,,,,,,,,,,,,,,,,,,,,,,,,,568.621,579.413,space,10.776,,,,,,,,,,,,,,,,,,,,,,,,,
,,,,,45,001,2024-06-02_18h18.37.982,mathesisv2,2024.1.3,MacIntel,62.5,,,,,,,,,,,,,,,,,y,,,,,,,,,,,,,,,,,,,,,,,,,,,,,,,,,,,,,,,,,,,,,,,,,,,,,,,,,,,,,,,579.421,583.799,y,4.364,,0,0,0,6,1,stimuliTAFCfirst/nimnym007.wav,,,,,,,,,,,,,
,,,,,45,001,2024-06-02_18h18.37.982,mathesisv2,2024.1.3,MacIntel,62.5,,,,,,,,,,,,,,,,,e,,,,,,,,,,,,,,,,,,,,,,,,,,,,,,,,,,,,,,,,,,,,,,,,,,,,,,,,,,,,,,,583.8,585.893,e,2.086,,0,1,1,1,1,stimuliTAFCfirst/nimnym002.wav,,,,,,,,,,,,,
,,,,,45,001,2024-06-02_18h18.37.982,mathesisv2,2024.1.3,MacIntel,62.5,,,,,,,,,,,,,,,,,x,,,,,,,,,,,,,,,,,,,,,,,,,,,,,,,,,,,,,,,,,,,,,,,,,,,,,,,,,,,,,,,585.893,588.243,y,2.344,,0,2,2,3,1,stimuliTAFCfirst/nimnym004.wav,,,,,,,,,,,,,
,,,,,45,001,2024-06-02_18h18.37.982,mathesisv2,2024.1.3,MacIntel,62.5,,,,,,,,,,,,,,,,,e,,,,,,,,,,,,,,,,,,,,,,,,,,,,,,,,,,,,,,,,,,,,,,,,,,,,,,,,,,,,,,,588.243,591.229,e,2.978,,0,3,3,2,1,stimuliTAFCfirst/nimnym003.wav,,,,,,,,,,,,,
,,,,,45,001,2024-06-02_18h18.37.982,mathesisv2,2024.1.3,MacIntel,62.5,,,,,,,,,,,,,,,,,y,,,,,,,,,,,,,,,,,,,,,,,,,,,,,,,,,,,,,,,,,,,,,,,,,,,,,,,,,,,,,,,591.229,593.58,y,2.345,,0,4,4,5,1,stimuliTAFCfirst/nimnym006.wav,,,,,,,,,,,,,
,,,,,45,001,2024-06-02_18h18.37.982,mathesisv2,2024.1.3,MacIntel,62.5,,,,,,,,,,,,,,,,,e,,,,,,,,,,,,,,,,,,,,,,,,,,,,,,,,,,,,,,,,,,,,,,,,,,,,,,,,,,,,,,,593.581,595.237,e,1.65,,0,5,5,0,1,stimuliTAFCfirst/nimnym001.wav,,,,,,,,,,,,,
,,,,,45,001,2024-06-02_18h18.37.982,mathesisv2,2024.1.3,MacIntel,62.5,,,,,,,,,,,,,,,,,y,,,,,,,,,,,,,,,,,,,,,,,,,,,,,,,,,,,,,,,,,,,,,,,,,,,,,,,,,,,,,,,595.237,596.937,y,1.694,,0,6,6,4,1,stimuliTAFCfirst/nimnym005.wav,,,,,,,,,,,,,
,,,,,45,001,2024-06-02_18h18.37.982,mathesisv2,2024.1.3,MacIntel,62.5,,,,,,,,,,,,,,,,,y,,,,,,,,,,,,,,,,,,,,,,,,,,,,,,,,,,,,,,,,,,,,,,,,,,,,,,,,,,,,,,,596.937,598.588,y,1.645,,1,0,7,4,1,stimuliTAFCfirst/nimnym005.wav,,,,,,,,,,,,,
,,,,,45,001,2024-06-02_18h18.37.982,mathesisv2,2024.1.3,MacIntel,62.5,,,,,,,,,,,,,,,,,e,,,,,,,,,,,,,,,,,,,,,,,,,,,,,,,,,,,,,,,,,,,,,,,,,,,,,,,,,,,,,,,598.589,600.204,e,1.609,,1,1,8,1,1,stimuliTAFCfirst/nimnym002.wav,,,,,,,,,,,,,
,,,,,45,001,2024-06-02_18h18.37.982,mathesisv2,2024.1.3,MacIntel,62.5,,,,,,,,,,,,,,,,,e,,,,,,,,,,,,,,,,,,,,,,,,,,,,,,,,,,,,,,,,,,,,,,,,,,,,,,,,,,,,,,,600.204,602.335,e,2.124,,1,2,9,0,1,stimuliTAFCfirst/nimnym001.wav,,,,,,,,,,,,,
,,,,,45,001,2024-06-02_18h18.37.982,mathesisv2,2024.1.3,MacIntel,62.5,,,,,,,,,,,,,,,,,e,,,,,,,,,,,,,,,,,,,,,,,,,,,,,,,,,,,,,,,,,,,,,,,,,,,,,,,,,,,,,,,602.335,606.062,e,3.72,,1,3,10,2,1,stimuliTAFCfirst/nimnym003.wav,,,,,,,,,,,,,
,,,,,45,001,2024-06-02_18h18.37.982,mathesisv2,2024.1.3,MacIntel,62.5,,,,,,,,,,,,,,,,,y,,,,,,,,,,,,,,,,,,,,,,,,,,,,,,,,,,,,,,,,,,,,,,,,,,,,,,,,,,,,,,,606.062,609.803,y,3.734,,1,4,11,5,1,stimuliTAFCfirst/nimnym006.wav,,,,,,,,,,,,,
,,,,,45,001,2024-06-02_18h18.37.982,mathesisv2,2024.1.3,MacIntel,62.5,,,,,,,,,,,,,,,,,x,,,,,,,,,,,,,,,,,,,,,,,,,,,,,,,,,,,,,,,,,,,,,,,,,,,,,,,,,,,,,,,609.803,612.498,y,2.686,,1,5,12,3,1,stimuliTAFCfirst/nimnym004.wav,,,,,,,,,,,,,
,,,,,45,001,2024-06-02_18h18.37.982,mathesisv2,2024.1.3,MacIntel,62.5,,,,,,,,,,,,,,,,,y,,,,,,,,,,,,,,,,,,,,,,,,,,,,,,,,,,,,,,,,,,,,,,,,,,,,,,,,,,,,,,,612.498,614.549,y,2.041,,1,6,13,6,1,stimuliTAFCfirst/nimnym007.wav,,,,,,,,,,,,,
,,,,,45,001,2024-06-02_18h18.37.982,mathesisv2,2024.1.3,MacIntel,62.5,,,,,,,,,,,,,,,,,y,614.549,622.493,space,7.936,,,,,,,,,,,,,,,,,,,,,,,,,,,,,,,,,,,,,,,,,,,,,,,,,,,,,,,,,,,,,,,,,,,,,,622.496,624.447,y,1.936,,0,0,0,6,1,stimuliTAFCsec/numnym007.wav,,
,,,,,45,001,2024-06-02_18h18.37.982,mathesisv2,2024.1.3,MacIntel,62.5,,,,,,,,,,,,,,,,,y,,,,,,,,,,,,,,,,,,,,,,,,,,,,,,,,,,,,,,,,,,,,,,,,,,,,,,,,,,,,,,,,,,,,,,,,,,624.447,627.162,y,2.708,,0,1,1,5,1,stimuliTAFCsec/numnym006.wav,,
,,,,,45,001,2024-06-02_18h18.37.982,mathesisv2,2024.1.3,MacIntel,62.5,,,,,,,,,,,,,,,,,u,,,,,,,,,,,,,,,,,,,,,,,,,,,,,,,,,,,,,,,,,,,,,,,,,,,,,,,,,,,,,,,,,,,,,,,,,,627.162,628.683,u,1.515,,0,2,2,0,1,stimuliTAFCsec/numnym001.wav,,
,,,,,45,001,2024-06-02_18h18.37.982,mathesisv2,2024.1.3,MacIntel,62.5,,,,,,,,,,,,,,,,,x,,,,,,,,,,,,,,,,,,,,,,,,,,,,,,,,,,,,,,,,,,,,,,,,,,,,,,,,,,,,,,,,,,,,,,,,,,628.684,630.546,y,1.855,,0,3,3,3,1,stimuliTAFCsec/numnym004.wav,,
,,,,,45,001,2024-06-02_18h18.37.982,mathesisv2,2024.1.3,MacIntel,62.5,,,,,,,,,,,,,,,,,y,,,,,,,,,,,,,,,,,,,,,,,,,,,,,,,,,,,,,,,,,,,,,,,,,,,,,,,,,,,,,,,,,,,,,,,,,,630.546,632.203,y,1.65,,0,4,4,4,1,stimuliTAFCsec/numnym005.wav,,
,,,,,45,001,2024-06-02_18h18.37.982,mathesisv2,2024.1.3,MacIntel,62.5,,,,,,,,,,,,,,,,,u,,,,,,,,,,,,,,,,,,,,,,,,,,,,,,,,,,,,,,,,,,,,,,,,,,,,,,,,,,,,,,,,,,,,,,,,,,632.203,633.78,u,1.57,,0,5,5,2,1,stimuliTAFCsec/numnym003.wav,,
,,,,,45,001,2024-06-02_18h18.37.982,mathesisv2,2024.1.3,MacIntel,62.5,,,,,,,,,,,,,,,,,u,,,,,,,,,,,,,,,,,,,,,,,,,,,,,,,,,,,,,,,,,,,,,,,,,,,,,,,,,,,,,,,,,,,,,,,,,,633.78,635.448,u,1.659,,0,6,6,1,1,stimuliTAFCsec/numnym002.wav,,
,,,,,45,001,2024-06-02_18h18.37.982,mathesisv2,2024.1.3,MacIntel,62.5,,,,,,,,,,,,,,,,,x,,,,,,,,,,,,,,,,,,,,,,,,,,,,,,,,,,,,,,,,,,,,,,,,,,,,,,,,,,,,,,,,,,,,,,,,,,635.448,637.137,y,1.684,,1,0,7,3,1,stimuliTAFCsec/numnym004.wav,,
,,,,,45,001,2024-06-02_18h18.37.982,mathesisv2,2024.1.3,MacIntel,62.5,,,,,,,,,,,,,,,,,y,,,,,,,,,,,,,,,,,,,,,,,,,,,,,,,,,,,,,,,,,,,,,,,,,,,,,,,,,,,,,,,,,,,,,,,,,,637.137,639.322,y,2.179,,1,1,8,6,1,stimuliTAFCsec/numnym007.wav,,
,,,,,45,001,2024-06-02_18h18.37.982,mathesisv2,2024.1.3,MacIntel,62.5,,,,,,,,,,,,,,,,,u,,,,,,,,,,,,,,,,,,,,,,,,,,,,,,,,,,,,,,,,,,,,,,,,,,,,,,,,,,,,,,,,,,,,,,,,,,639.322,641.734,u,2.405,,1,2,9,2,1,stimuliTAFCsec/numnym003.wav,,
,,,,,45,001,2024-06-02_18h18.37.982,mathesisv2,2024.1.3,MacIntel,62.5,,,,,,,,,,,,,,,,,y,,,,,,,,,,,,,,,,,,,,,,,,,,,,,,,,,,,,,,,,,,,,,,,,,,,,,,,,,,,,,,,,,,,,,,,,,,641.734,643.341,y,1.601,,1,3,10,5,1,stimuliTAFCsec/numnym006.wav,,
,,,,,45,001,2024-06-02_18h18.37.982,mathesisv2,2024.1.3,MacIntel,62.5,,,,,,,,,,,,,,,,,u,,,,,,,,,,,,,,,,,,,,,,,,,,,,,,,,,,,,,,,,,,,,,,,,,,,,,,,,,,,,,,,,,,,,,,,,,,643.342,644.954,u,1.606,,1,4,11,1,1,stimuliTAFCsec/numnym002.wav,,
,,,,,45,001,2024-06-02_18h18.37.982,mathesisv2,2024.1.3,MacIntel,62.5,,,,,,,,,,,,,,,,,y,,,,,,,,,,,,,,,,,,,,,,,,,,,,,,,,,,,,,,,,,,,,,,,,,,,,,,,,,,,,,,,,,,,,,,,,,,644.954,646.539,y,1.579,,1,5,12,4,1,stimuliTAFCsec/numnym005.wav,,
,,,,,45,001,2024-06-02_18h18.37.982,mathesisv2,2024.1.3,MacIntel,62.5,,,,,,,,,,,,,,,,,u,,,,,,,,,,,,,,,,,,,,,,,,,,,,,,,,,,,,,,,,,,,,,,,,,,,,,,,,,,,,,,,,,,,,,,,,,,646.54,648.086,u,1.54,,1,6,13,0,1,stimuliTAFCsec/numnym001.wav,,
,,,,,45,001,2024-06-02_18h18.37.982,mathesisv2,2024.1.3,MacIntel,62.5,,,,,,,,,,,,,,,,,y,,,,,,,,,,,,,,,,,,,,,,,,,,648.087,670.505,space,22.411,,,,,,,,,,,,,,,,,,,,,,,,,,,,,,,,,,670.509,672.99,y,2.474,,0,0,0,5,1,stimuliTAFCfirst/nimnym006.wav,,,,,,,,,,,,,
,,,,,45,001,2024-06-02_18h18.37.982,mathesisv2,2024.1.3,MacIntel,62.5,,,,,,,,,,,,,,,,,y,,,,,,,,,,,,,,,,,,,,,,,,,,,,,,,,,,,,,,,,,,,,,,,,,,,,,,,,,,,,,,,672.99,675.12,y,2.123,,0,1,1,4,1,stimuliTAFCfirst/nimnym005.wav,,,,,,,,,,,,,
,,,,,45,001,2024-06-02_18h18.37.982,mathesisv2,2024.1.3,MacIntel,62.5,,,,,,,,,,,,,,,,,y,,,,,,,,,,,,,,,,,,,,,,,,,,,,,,,,,,,,,,,,,,,,,,,,,,,,,,,,,,,,,,,675.12,676.941,y,1.813,,0,2,2,6,1,stimuliTAFCfirst/nimnym007.wav,,,,,,,,,,,,,
,,,,,45,001,2024-06-02_18h18.37.982,mathesisv2,2024.1.3,MacIntel,62.5,,,,,,,,,,,,,,,,,e,,,,,,,,,,,,,,,,,,,,,,,,,,,,,,,,,,,,,,,,,,,,,,,,,,,,,,,,,,,,,,,676.941,678.731,e,1.782,,0,3,3,2,1,stimuliTAFCfirst/nimnym003.wav,,,,,,,,,,,,,
,,,,,45,001,2024-06-02_18h18.37.982,mathesisv2,2024.1.3,MacIntel,62.5,,,,,,,,,,,,,,,,,e,,,,,,,,,,,,,,,,,,,,,,,,,,,,,,,,,,,,,,,,,,,,,,,,,,,,,,,,,,,,,,,678.731,680.372,e,1.635,,0,4,4,0,1,stimuliTAFCfirst/nimnym001.wav,,,,,,,,,,,,,
,,,,,45,001,2024-06-02_18h18.37.982,mathesisv2,2024.1.3,MacIntel,62.5,,,,,,,,,,,,,,,,,e,,,,,,,,,,,,,,,,,,,,,,,,,,,,,,,,,,,,,,,,,,,,,,,,,,,,,,,,,,,,,,,680.373,681.965,e,1.585,,0,5,5,1,1,stimuliTAFCfirst/nimnym002.wav,,,,,,,,,,,,,
,,,,,45,001,2024-06-02_18h18.37.982,mathesisv2,2024.1.3,MacIntel,62.5,,,,,,,,,,,,,,,,,x,,,,,,,,,,,,,,,,,,,,,,,,,,,,,,,,,,,,,,,,,,,,,,,,,,,,,,,,,,,,,,,681.965,683.757,y,1.786,,0,6,6,3,1,stimuliTAFCfirst/nimnym004.wav,,,,,,,,,,,,,
,,,,,45,001,2024-06-02_18h18.37.982,mathesisv2,2024.1.3,MacIntel,62.5,,,,,,,,,,,,,,,,,y,,,,,,,,,,,,,,,,,,,,,,,,,,,,,,,,,,,,,,,,,,,,,,,,,,,,,,,,,,,,,,,683.758,685.301,y,1.536,,1,0,7,6,1,stimuliTAFCfirst/nimnym007.wav,,,,,,,,,,,,,
,,,,,45,001,2024-06-02_18h18.37.982,mathesisv2,2024.1.3,MacIntel,62.5,,,,,,,,,,,,,,,,,x,,,,,,,,,,,,,,,,,,,,,,,,,,,,,,,,,,,,,,,,,,,,,,,,,,,,,,,,,,,,,,,685.302,686.907,y,1.6,,1,1,8,3,1,stimuliTAFCfirst/nimnym004.wav,,,,,,,,,,,,,
,,,,,45,001,2024-06-02_18h18.37.982,mathesisv2,2024.1.3,MacIntel,62.5,,,,,,,,,,,,,,,,,y,,,,,,,,,,,,,,,,,,,,,,,,,,,,,,,,,,,,,,,,,,,,,,,,,,,,,,,,,,,,,,,686.908,688.588,y,1.673,,1,2,9,5,1,stimuliTAFCfirst/nimnym006.wav,,,,,,,,,,,,,
,,,,,45,001,2024-06-02_18h18.37.982,mathesisv2,2024.1.3,MacIntel,62.5,,,,,,,,,,,,,,,,,e,,,,,,,,,,,,,,,,,,,,,,,,,,,,,,,,,,,,,,,,,,,,,,,,,,,,,,,,,,,,,,,688.588,690.075,e,1.481,,1,3,10,1,1,stimuliTAFCfirst/nimnym002.wav,,,,,,,,,,,,,
,,,,,45,001,2024-06-02_18h18.37.982,mathesisv2,2024.1.3,MacIntel,62.5,,,,,,,,,,,,,,,,,e,,,,,,,,,,,,,,,,,,,,,,,,,,,,,,,,,,,,,,,,,,,,,,,,,,,,,,,,,,,,,,,690.075,691.672,e,1.59,,1,4,11,0,1,stimuliTAFCfirst/nimnym001.wav,,,,,,,,,,,,,
,,,,,45,001,2024-06-02_18h18.37.982,mathesisv2,2024.1.3,MacIntel,62.5,,,,,,,,,,,,,,,,,y,,,,,,,,,,,,,,,,,,,,,,,,,,,,,,,,,,,,,,,,,,,,,,,,,,,,,,,,,,,,,,,691.672,693.19,y,1.508,,1,5,12,4,1,stimuliTAFCfirst/nimnym005.wav,,,,,,,,,,,,,
,,,,,45,001,2024-06-02_18h18.37.982,mathesisv2,2024.1.3,MacIntel,62.5,,,,,,,,,,,,,,,,,e,,,,,,,,,,,,,,,,,,,,,,,,,,,,,,,,,,,,,,,,,,,,,,,,,,,,,,,,,,,,,,,693.191,694.857,y,1.659,,1,6,13,2,1,stimuliTAFCfirst/nimnym003.wav,,,,,,,,,,,,,
,,,,,45,001,2024-06-02_18h18.37.982,mathesisv2,2024.1.3,MacIntel,62.5,,,,,,,,,,,,,,,,,y,694.857,701.113,space,6.248,,,,,,,,,,,,,,,,,,,,,,,,,,,,,,,,,,,,,,,,,,,,,,,,,,,,,,,,,,,,,,,,,,,,,,701.117,705.449,y,4.326,,0,0,0,4,1,stimuliTAFCsec/numnym005.wav,,
,,,,,45,001,2024-06-02_18h18.37.982,mathesisv2,2024.1.3,MacIntel,62.5,,,,,,,,,,,,,,,,,x,,,,,,,,,,,,,,,,,,,,,,,,,,,,,,,,,,,,,,,,,,,,,,,,,,,,,,,,,,,,,,,,,,,,,,,,,,705.45,707.317,y,1.86,,0,1,1,3,1,stimuliTAFCsec/numnym004.wav,,
,,,,,45,001,2024-06-02_18h18.37.982,mathesisv2,2024.1.3,MacIntel,62.5,,,,,,,,,,,,,,,,,y,,,,,,,,,,,,,,,,,,,,,,,,,,,,,,,,,,,,,,,,,,,,,,,,,,,,,,,,,,,,,,,,,,,,,,,,,,707.317,708.926,y,1.601,,0,2,2,5,1,stimuliTAFCsec/numnym006.wav,,
,,,,,45,001,2024-06-02_18h18.37.982,mathesisv2,2024.1.3,MacIntel,62.5,,,,,,,,,,,,,,,,,u,,,,,,,,,,,,,,,,,,,,,,,,,,,,,,,,,,,,,,,,,,,,,,,,,,,,,,,,,,,,,,,,,,,,,,,,,,708.926,710.53,u,1.597,,0,3,3,1,1,stimuliTAFCsec/numnym002.wav,,
,,,,,45,001,2024-06-02_18h18.37.982,mathesisv2,2024.1.3,MacIntel,62.5,,,,,,,,,,,,,,,,,u,,,,,,,,,,,,,,,,,,,,,,,,,,,,,,,,,,,,,,,,,,,,,,,,,,,,,,,,,,,,,,,,,,,,,,,,,,710.531,712.161,u,1.624,,0,4,4,2,1,stimuliTAFCsec/numnym003.wav,,
,,,,,45,001,2024-06-02_18h18.37.982,mathesisv2,2024.1.3,MacIntel,62.5,,,,,,,,,,,,,,,,,u,,,,,,,,,,,,,,,,,,,,,,,,,,,,,,,,,,,,,,,,,,,,,,,,,,,,,,,,,,,,,,,,,,,,,,,,,,712.162,713.723,u,1.551,,0,5,5,0,1,stimuliTAFCsec/numnym001.wav,,
,,,,,45,001,2024-06-02_18h18.37.982,mathesisv2,2024.1.3,MacIntel,62.5,,,,,,,,,,,,,,,,,y,,,,,,,,,,,,,,,,,,,,,,,,,,,,,,,,,,,,,,,,,,,,,,,,,,,,,,,,,,,,,,,,,,,,,,,,,,713.723,715.413,y,1.683,,0,6,6,6,1,stimuliTAFCsec/numnym007.wav,,
,,,,,45,001,2024-06-02_18h18.37.982,mathesisv2,2024.1.3,MacIntel,62.5,,,,,,,,,,,,,,,,,y,,,,,,,,,,,,,,,,,,,,,,,,,,,,,,,,,,,,,,,,,,,,,,,,,,,,,,,,,,,,,,,,,,,,,,,,,,715.413,717.054,y,1.634,,1,0,7,4,1,stimuliTAFCsec/numnym005.wav,,
,,,,,45,001,2024-06-02_18h18.37.982,mathesisv2,2024.1.3,MacIntel,62.5,,,,,,,,,,,,,,,,,u,,,,,,,,,,,,,,,,,,,,,,,,,,,,,,,,,,,,,,,,,,,,,,,,,,,,,,,,,,,,,,,,,,,,,,,,,,717.054,718.53,u,1.47,,1,1,8,1,1,stimuliTAFCsec/numnym002.wav,,
,,,,,45,001,2024-06-02_18h18.37.982,mathesisv2,2024.1.3,MacIntel,62.5,,,,,,,,,,,,,,,,,u,,,,,,,,,,,,,,,,,,,,,,,,,,,,,,,,,,,,,,,,,,,,,,,,,,,,,,,,,,,,,,,,,,,,,,,,,,718.53,720.267,u,1.73,,1,2,9,2,1,stimuliTAFCsec/numnym003.wav,,
,,,,,45,001,2024-06-02_18h18.37.982,mathesisv2,2024.1.3,MacIntel,62.5,,,,,,,,,,,,,,,,,y,,,,,,,,,,,,,,,,,,,,,,,,,,,,,,,,,,,,,,,,,,,,,,,,,,,,,,,,,,,,,,,,,,,,,,,,,,720.267,721.736,y,1.463,,1,3,10,5,1,stimuliTAFCsec/numnym006.wav,,
,,,,,45,001,2024-06-02_18h18.37.982,mathesisv2,2024.1.3,MacIntel,62.5,,,,,,,,,,,,,,,,,x,,,,,,,,,,,,,,,,,,,,,,,,,,,,,,,,,,,,,,,,,,,,,,,,,,,,,,,,,,,,,,,,,,,,,,,,,,721.737,723.384,y,1.641,,1,4,11,3,1,stimuliTAFCsec/numnym004.wav,,
,,,,,45,001,2024-06-02_18h18.37.982,mathesisv2,2024.1.3,MacIntel,62.5,,,,,,,,,,,,,,,,,u,,,,,,,,,,,,,,,,,,,,,,,,,,,,,,,,,,,,,,,,,,,,,,,,,,,,,,,,,,,,,,,,,,,,,,,,,,723.384,724.728,u,1.334,,1,5,12,0,1,stimuliTAFCsec/numnym001.wav,,
,,,,,45,001,2024-06-02_18h18.37.982,mathesisv2,2024.1.3,MacIntel,62.5,,,,,,,,,,,,,,,,,y,,,,,,,,,,,,,,,,,,,,,,,,,,,,,,,,,,,,,,,,,,,,,,,,,,,,,,,,,,,,,,,,,,,,,,,,,,724.728,726.341,y,1.606,,1,6,13,6,1,stimuliTAFCsec/numnym007.wav,,
,,,,,45,001,2024-06-02_18h18.37.982,mathesisv2,2024.1.3,MacIntel,62.5,,,,,,,,,,,,,,,,,y,,,,,,,,,,,,,,,,,,,,,,,,,,726.341,800.409,space,74.059,,,,,,,,,,,,,,,,,,,,,,,,,,,,,,,,,,800.414,802.206,y,1.781,,0,0,0,5,1,stimuliTAFCfirst/nimnym006.wav,,,,,,,,,,,,,
,,,,,45,001,2024-06-02_18h18.37.982,mathesisv2,2024.1.3,MacIntel,62.5,,,,,,,,,,,,,,,,,y,,,,,,,,,,,,,,,,,,,,,,,,,,,,,,,,,,,,,,,,,,,,,,,,,,,,,,,,,,,,,,,802.206,803.56,y,1.347,,0,1,1,6,1,stimuliTAFCfirst/nimnym007.wav,,,,,,,,,,,,,
,,,,,45,001,2024-06-02_18h18.37.982,mathesisv2,2024.1.3,MacIntel,62.5,,,,,,,,,,,,,,,,,e,,,,,,,,,,,,,,,,,,,,,,,,,,,,,,,,,,,,,,,,,,,,,,,,,,,,,,,,,,,,,,,803.561,805.003,e,1.432,,0,2,2,1,1,stimuliTAFCfirst/nimnym002.wav,,,,,,,,,,,,,
,,,,,45,001,2024-06-02_18h18.37.982,mathesisv2,2024.1.3,MacIntel,62.5,,,,,,,,,,,,,,,,,y,,,,,,,,,,,,,,,,,,,,,,,,,,,,,,,,,,,,,,,,,,,,,,,,,,,,,,,,,,,,,,,805.003,806.854,y,1.843,,0,3,3,4,1,stimuliTAFCfirst/nimnym005.wav,,,,,,,,,,,,,
,,,,,45,001,2024-06-02_18h18.37.982,mathesisv2,2024.1.3,MacIntel,62.5,,,,,,,,,,,,,,,,,x,,,,,,,,,,,,,,,,,,,,,,,,,,,,,,,,,,,,,,,,,,,,,,,,,,,,,,,,,,,,,,,806.855,808.296,y,1.435,,0,4,4,3,1,stimuliTAFCfirst/nimnym004.wav,,,,,,,,,,,,,
,,,,,45,001,2024-06-02_18h18.37.982,mathesisv2,2024.1.3,MacIntel,62.5,,,,,,,,,,,,,,,,,e,,,,,,,,,,,,,,,,,,,,,,,,,,,,,,,,,,,,,,,,,,,,,,,,,,,,,,,,,,,,,,,808.297,809.844,e,1.54,,0,5,5,0,1,stimuliTAFCfirst/nimnym001.wav,,,,,,,,,,,,,
,,,,,45,001,2024-06-02_18h18.37.982,mathesisv2,2024.1.3,MacIntel,62.5,,,,,,,,,,,,,,,,,e,,,,,,,,,,,,,,,,,,,,,,,,,,,,,,,,,,,,,,,,,,,,,,,,,,,,,,,,,,,,,,,809.844,811.572,y,1.721,,0,6,6,2,1,stimuliTAFCfirst/nimnym003.wav,,,,,,,,,,,,,
,,,,,45,001,2024-06-02_18h18.37.982,mathesisv2,2024.1.3,MacIntel,62.5,,,,,,,,,,,,,,,,,e,,,,,,,,,,,,,,,,,,,,,,,,,,,,,,,,,,,,,,,,,,,,,,,,,,,,,,,,,,,,,,,811.573,813.259,e,1.68,,1,0,7,0,1,stimuliTAFCfirst/nimnym001.wav,,,,,,,,,,,,,
,,,,,45,001,2024-06-02_18h18.37.982,mathesisv2,2024.1.3,MacIntel,62.5,,,,,,,,,,,,,,,,,y,,,,,,,,,,,,,,,,,,,,,,,,,,,,,,,,,,,,,,,,,,,,,,,,,,,,,,,,,,,,,,,813.26,814.822,y,1.556,,1,1,8,4,1,stimuliTAFCfirst/nimnym005.wav,,,,,,,,,,,,,
,,,,,45,001,2024-06-02_18h18.37.982,mathesisv2,2024.1.3,MacIntel,62.5,,,,,,,,,,,,,,,,,e,,,,,,,,,,,,,,,,,,,,,,,,,,,,,,,,,,,,,,,,,,,,,,,,,,,,,,,,,,,,,,,814.822,816.462,e,1.633,,1,2,9,1,1,stimuliTAFCfirst/nimnym002.wav,,,,,,,,,,,,,
,,,,,45,001,2024-06-02_18h18.37.982,mathesisv2,2024.1.3,MacIntel,62.5,,,,,,,,,,,,,,,,,y,,,,,,,,,,,,,,,,,,,,,,,,,,,,,,,,,,,,,,,,,,,,,,,,,,,,,,,,,,,,,,,816.462,817.99,y,1.521,,1,3,10,5,1,stimuliTAFCfirst/nimnym006.wav,,,,,,,,,,,,,
,,,,,45,001,2024-06-02_18h18.37.982,mathesisv2,2024.1.3,MacIntel,62.5,,,,,,,,,,,,,,,,,y,,,,,,,,,,,,,,,,,,,,,,,,,,,,,,,,,,,,,,,,,,,,,,,,,,,,,,,,,,,,,,,817.99,819.407,y,1.411,,1,4,11,6,1,stimuliTAFCfirst/nimnym007.wav,,,,,,,,,,,,,
,,,,,45,001,2024-06-02_18h18.37.982,mathesisv2,2024.1.3,MacIntel,62.5,,,,,,,,,,,,,,,,,x,,,,,,,,,,,,,,,,,,,,,,,,,,,,,,,,,,,,,,,,,,,,,,,,,,,,,,,,,,,,,,,819.407,820.809,y,1.396,,1,5,12,3,1,stimuliTAFCfirst/nimnym004.wav,,,,,,,,,,,,,
,,,,,45,001,2024-06-02_18h18.37.982,mathesisv2,2024.1.3,MacIntel,62.5,,,,,,,,,,,,,,,,,e,,,,,,,,,,,,,,,,,,,,,,,,,,,,,,,,,,,,,,,,,,,,,,,,,,,,,,,,,,,,,,,820.81,822.968,y,2.15,,1,6,13,2,1,stimuliTAFCfirst/nimnym003.wav,,,,,,,,,,,,,
,,,,,45,001,2024-06-02_18h18.37.982,mathesisv2,2024.1.3,MacIntel,62.5,,,,,,,,,,,,,,,,,y,822.969,827.815,space,4.839,,,,,,,,,,,,,,,,,,,,,,,,,,,,,,,,,,,,,,,,,,,,,,,,,,,,,,,,,,,,,,,,,,,,,,827.818,829.851,y,2.022,,0,0,0,5,1,stimuliTAFCsec/numnym006.wav,,
,,,,,45,001,2024-06-02_18h18.37.982,mathesisv2,2024.1.3,MacIntel,62.5,,,,,,,,,,,,,,,,,x,,,,,,,,,,,,,,,,,,,,,,,,,,,,,,,,,,,,,,,,,,,,,,,,,,,,,,,,,,,,,,,,,,,,,,,,,,829.851,833.523,y,3.663,,0,1,1,3,1,stimuliTAFCsec/numnym004.wav,,
,,,,,45,001,2024-06-02_18h18.37.982,mathesisv2,2024.1.3,MacIntel,62.5,,,,,,,,,,,,,,,,,u,,,,,,,,,,,,,,,,,,,,,,,,,,,,,,,,,,,,,,,,,,,,,,,,,,,,,,,,,,,,,,,,,,,,,,,,,,833.523,835.347,u,1.817,,0,2,2,0,1,stimuliTAFCsec/numnym001.wav,,
,,,,,45,001,2024-06-02_18h18.37.982,mathesisv2,2024.1.3,MacIntel,62.5,,,,,,,,,,,,,,,,,y,,,,,,,,,,,,,,,,,,,,,,,,,,,,,,,,,,,,,,,,,,,,,,,,,,,,,,,,,,,,,,,,,,,,,,,,,,835.347,836.757,y,1.402,,0,3,3,4,1,stimuliTAFCsec/numnym005.wav,,
,,,,,45,001,2024-06-02_18h18.37.982,mathesisv2,2024.1.3,MacIntel,62.5,,,,,,,,,,,,,,,,,u,,,,,,,,,,,,,,,,,,,,,,,,,,,,,,,,,,,,,,,,,,,,,,,,,,,,,,,,,,,,,,,,,,,,,,,,,,836.758,838.091,u,1.325,,0,4,4,1,1,stimuliTAFCsec/numnym002.wav,,
,,,,,45,001,2024-06-02_18h18.37.982,mathesisv2,2024.1.3,MacIntel,62.5,,,,,,,,,,,,,,,,,u,,,,,,,,,,,,,,,,,,,,,,,,,,,,,,,,,,,,,,,,,,,,,,,,,,,,,,,,,,,,,,,,,,,,,,,,,,838.092,839.792,u,1.692,,0,5,5,2,1,stimuliTAFCsec/numnym003.wav,,
,,,,,45,001,2024-06-02_18h18.37.982,mathesisv2,2024.1.3,MacIntel,62.5,,,,,,,,,,,,,,,,,y,,,,,,,,,,,,,,,,,,,,,,,,,,,,,,,,,,,,,,,,,,,,,,,,,,,,,,,,,,,,,,,,,,,,,,,,,,839.792,841.198,y,1.399,,0,6,6,6,1,stimuliTAFCsec/numnym007.wav,,
,,,,,45,001,2024-06-02_18h18.37.982,mathesisv2,2024.1.3,MacIntel,62.5,,,,,,,,,,,,,,,,,y,,,,,,,,,,,,,,,,,,,,,,,,,,,,,,,,,,,,,,,,,,,,,,,,,,,,,,,,,,,,,,,,,,,,,,,,,,841.199,842.67,y,1.465,,1,0,7,6,1,stimuliTAFCsec/numnym007.wav,,
,,,,,45,001,2024-06-02_18h18.37.982,mathesisv2,2024.1.3,MacIntel,62.5,,,,,,,,,,,,,,,,,u,,,,,,,,,,,,,,,,,,,,,,,,,,,,,,,,,,,,,,,,,,,,,,,,,,,,,,,,,,,,,,,,,,,,,,,,,,842.671,844.219,u,1.539,,1,1,8,2,1,stimuliTAFCsec/numnym003.wav,,
,,,,,45,001,2024-06-02_18h18.37.982,mathesisv2,2024.1.3,MacIntel,62.5,,,,,,,,,,,,,,,,,u,,,,,,,,,,,,,,,,,,,,,,,,,,,,,,,,,,,,,,,,,,,,,,,,,,,,,,,,,,,,,,,,,,,,,,,,,,844.219,845.671,u,1.446,,1,2,9,1,1,stimuliTAFCsec/numnym002.wav,,
,,,,,45,001,2024-06-02_18h18.37.982,mathesisv2,2024.1.3,MacIntel,62.5,,,,,,,,,,,,,,,,,x,,,,,,,,,,,,,,,,,,,,,,,,,,,,,,,,,,,,,,,,,,,,,,,,,,,,,,,,,,,,,,,,,,,,,,,,,,845.672,847.922,y,2.243,,1,3,10,3,1,stimuliTAFCsec/numnym004.wav,,
,,,,,45,001,2024-06-02_18h18.37.982,mathesisv2,2024.1.3,MacIntel,62.5,,,,,,,,,,,,,,,,,y,,,,,,,,,,,,,,,,,,,,,,,,,,,,,,,,,,,,,,,,,,,,,,,,,,,,,,,,,,,,,,,,,,,,,,,,,,847.922,849.343,y,1.414,,1,4,11,5,1,stimuliTAFCsec/numnym006.wav,,
,,,,,45,001,2024-06-02_18h18.37.982,mathesisv2,2024.1.3,MacIntel,62.5,,,,,,,,,,,,,,,,,y,,,,,,,,,,,,,,,,,,,,,,,,,,,,,,,,,,,,,,,,,,,,,,,,,,,,,,,,,,,,,,,,,,,,,,,,,,849.343,850.839,y,1.49,,1,5,12,4,1,stimuliTAFCsec/numnym005.wav,,
,,,,,45,001,2024-06-02_18h18.37.982,mathesisv2,2024.1.3,MacIntel,62.5,,,,,,,,,,,,,,,,,u,,,,,,,,,,,,,,,,,,,,,,,,,,,,,,,,,,,,,,,,,,,,,,,,,,,,,,,,,,,,,,,,,,,,,,,,,,850.839,852.226,u,1.38,,1,6,13,0,1,stimuliTAFCsec/numnym001.wav,,
,,,,,45,001,2024-06-02_18h18.37.982,mathesisv2,2024.1.3,MacIntel,62.5,,,,,,,,,,,,,,,,,e,,,,,,,,,,,,,,,,,,,,,,,,,,852.226,855.188,space,2.956,,,,,,,,,,,,,,,,,,,,,,,,,,,,,,,,,,855.19,857.162,e,1.966,,0,0,0,0,1,stimuliTAFCfirst/nimnym001.wav,,,,,,,,,,,,,
,,,,,45,001,2024-06-02_18h18.37.982,mathesisv2,2024.1.3,MacIntel,62.5,,,,,,,,,,,,,,,,,e,,,,,,,,,,,,,,,,,,,,,,,,,,,,,,,,,,,,,,,,,,,,,,,,,,,,,,,,,,,,,,,857.162,859.095,e,1.926,,0,1,1,2,1,stimuliTAFCfirst/nimnym003.wav,,,,,,,,,,,,,
,,,,,45,001,2024-06-02_18h18.37.982,mathesisv2,2024.1.3,MacIntel,62.5,,,,,,,,,,,,,,,,,y,,,,,,,,,,,,,,,,,,,,,,,,,,,,,,,,,,,,,,,,,,,,,,,,,,,,,,,,,,,,,,,859.095,860.467,y,1.364,,0,2,2,6,1,stimuliTAFCfirst/nimnym007.wav,,,,,,,,,,,,,
,,,,,45,001,2024-06-02_18h18.37.982,mathesisv2,2024.1.3,MacIntel,62.5,,,,,,,,,,,,,,,,,x,,,,,,,,,,,,,,,,,,,,,,,,,,,,,,,,,,,,,,,,,,,,,,,,,,,,,,,,,,,,,,,860.467,861.918,y,1.444,,0,3,3,3,1,stimuliTAFCfirst/nimnym004.wav,,,,,,,,,,,,,
,,,,,45,001,2024-06-02_18h18.37.982,mathesisv2,2024.1.3,MacIntel,62.5,,,,,,,,,,,,,,,,,y,,,,,,,,,,,,,,,,,,,,,,,,,,,,,,,,,,,,,,,,,,,,,,,,,,,,,,,,,,,,,,,861.919,863.226,y,1.302,,0,4,4,5,1,stimuliTAFCfirst/nimnym006.wav,,,,,,,,,,,,,
,,,,,45,001,2024-06-02_18h18.37.982,mathesisv2,2024.1.3,MacIntel,62.5,,,,,,,,,,,,,,,,,e,,,,,,,,,,,,,,,,,,,,,,,,,,,,,,,,,,,,,,,,,,,,,,,,,,,,,,,,,,,,,,,863.226,864.764,e,1.532,,0,5,5,1,1,stimuliTAFCfirst/nimnym002.wav,,,,,,,,,,,,,
,,,,,45,001,2024-06-02_18h18.37.982,mathesisv2,2024.1.3,MacIntel,62.5,,,,,,,,,,,,,,,,,y,,,,,,,,,,,,,,,,,,,,,,,,,,,,,,,,,,,,,,,,,,,,,,,,,,,,,,,,,,,,,,,864.764,868.167,y,3.397,,0,6,6,4,1,stimuliTAFCfirst/nimnym005.wav,,,,,,,,,,,,,
,,,,,45,001,2024-06-02_18h18.37.982,mathesisv2,2024.1.3,MacIntel,62.5,,,,,,,,,,,,,,,,,y,,,,,,,,,,,,,,,,,,,,,,,,,,,,,,,,,,,,,,,,,,,,,,,,,,,,,,,,,,,,,,,868.167,869.677,y,1.504,,1,0,7,6,1,stimuliTAFCfirst/nimnym007.wav,,,,,,,,,,,,,
,,,,,45,001,2024-06-02_18h18.37.982,mathesisv2,2024.1.3,MacIntel,62.5,,,,,,,,,,,,,,,,,e,,,,,,,,,,,,,,,,,,,,,,,,,,,,,,,,,,,,,,,,,,,,,,,,,,,,,,,,,,,,,,,869.677,871.174,e,1.491,,1,1,8,0,1,stimuliTAFCfirst/nimnym001.wav,,,,,,,,,,,,,
,,,,,45,001,2024-06-02_18h18.37.982,mathesisv2,2024.1.3,MacIntel,62.5,,,,,,,,,,,,,,,,,y,,,,,,,,,,,,,,,,,,,,,,,,,,,,,,,,,,,,,,,,,,,,,,,,,,,,,,,,,,,,,,,871.175,873.278,y,2.096,,1,2,9,4,1,stimuliTAFCfirst/nimnym005.wav,,,,,,,,,,,,,
,,,,,45,001,2024-06-02_18h18.37.982,mathesisv2,2024.1.3,MacIntel,62.5,,,,,,,,,,,,,,,,,y,,,,,,,,,,,,,,,,,,,,,,,,,,,,,,,,,,,,,,,,,,,,,,,,,,,,,,,,,,,,,,,873.278,874.92,y,1.635,,1,3,10,5,1,stimuliTAFCfirst/nimnym006.wav,,,,,,,,,,,,,
,,,,,45,001,2024-06-02_18h18.37.982,mathesisv2,2024.1.3,MacIntel,62.5,,,,,,,,,,,,,,,,,x,,,,,,,,,,,,,,,,,,,,,,,,,,,,,,,,,,,,,,,,,,,,,,,,,,,,,,,,,,,,,,,874.92,878.866,y,3.939,,1,4,11,3,1,stimuliTAFCfirst/nimnym004.wav,,,,,,,,,,,,,
,,,,,45,001,2024-06-02_18h18.37.982,mathesisv2,2024.1.3,MacIntel,62.5,,,,,,,,,,,,,,,,,e,,,,,,,,,,,,,,,,,,,,,,,,,,,,,,,,,,,,,,,,,,,,,,,,,,,,,,,,,,,,,,,878.866,880.437,e,1.565,,1,5,12,1,1,stimuliTAFCfirst/nimnym002.wav,,,,,,,,,,,,,
,,,,,45,001,2024-06-02_18h18.37.982,mathesisv2,2024.1.3,MacIntel,62.5,,,,,,,,,,,,,,,,,e,,,,,,,,,,,,,,,,,,,,,,,,,,,,,,,,,,,,,,,,,,,,,,,,,,,,,,,,,,,,,,,880.438,882.083,y,1.639,,1,6,13,2,1,stimuliTAFCfirst/nimnym003.wav,,,,,,,,,,,,,
,,,,,45,001,2024-06-02_18h18.37.982,mathesisv2,2024.1.3,MacIntel,62.5,,,,,,,,,,,,,,,,,y,882.083,895.156,space,13.067,,,,,,,,,,,,,,,,,,,,,,,,,,,,,,,,,,,,,,,,,,,,,,,,,,,,,,,,,,,,,,,,,,,,,,895.16,897.206,y,2.04,,0,0,0,4,1,stimuliTAFCsec/numnym005.wav,,
,,,,,45,001,2024-06-02_18h18.37.982,mathesisv2,2024.1.3,MacIntel,62.5,,,,,,,,,,,,,,,,,u,,,,,,,,,,,,,,,,,,,,,,,,,,,,,,,,,,,,,,,,,,,,,,,,,,,,,,,,,,,,,,,,,,,,,,,,,,897.207,898.424,u,1.21,,0,1,1,0,1,stimuliTAFCsec/numnym001.wav,,
,,,,,45,001,2024-06-02_18h18.37.982,mathesisv2,2024.1.3,MacIntel,62.5,,,,,,,,,,,,,,,,,u,,,,,,,,,,,,,,,,,,,,,,,,,,,,,,,,,,,,,,,,,,,,,,,,,,,,,,,,,,,,,,,,,,,,,,,,,,898.424,899.684,u,1.251,,0,2,2,2,1,stimuliTAFCsec/numnym003.wav,,
,,,,,45,001,2024-06-02_18h18.37.982,mathesisv2,2024.1.3,MacIntel,62.5,,,,,,,,,,,,,,,,,u,,,,,,,,,,,,,,,,,,,,,,,,,,,,,,,,,,,,,,,,,,,,,,,,,,,,,,,,,,,,,,,,,,,,,,,,,,899.684,901.048,u,1.357,,0,3,3,1,1,stimuliTAFCsec/numnym002.wav,,
,,,,,45,001,2024-06-02_18h18.37.982,mathesisv2,2024.1.3,MacIntel,62.5,,,,,,,,,,,,,,,,,y,,,,,,,,,,,,,,,,,,,,,,,,,,,,,,,,,,,,,,,,,,,,,,,,,,,,,,,,,,,,,,,,,,,,,,,,,,901.049,902.713,y,1.657,,0,4,4,5,1,stimuliTAFCsec/numnym006.wav,,
,,,,,45,001,2024-06-02_18h18.37.982,mathesisv2,2024.1.3,MacIntel,62.5,,,,,,,,,,,,,,,,,x,,,,,,,,,,,,,,,,,,,,,,,,,,,,,,,,,,,,,,,,,,,,,,,,,,,,,,,,,,,,,,,,,,,,,,,,,,902.713,904.178,y,1.459,,0,5,5,3,1,stimuliTAFCsec/numnym004.wav,,
,,,,,45,001,2024-06-02_18h18.37.982,mathesisv2,2024.1.3,MacIntel,62.5,,,,,,,,,,,,,,,,,y,,,,,,,,,,,,,,,,,,,,,,,,,,,,,,,,,,,,,,,,,,,,,,,,,,,,,,,,,,,,,,,,,,,,,,,,,,904.178,905.492,y,1.308,,0,6,6,6,1,stimuliTAFCsec/numnym007.wav,,
,,,,,45,001,2024-06-02_18h18.37.982,mathesisv2,2024.1.3,MacIntel,62.5,,,,,,,,,,,,,,,,,x,,,,,,,,,,,,,,,,,,,,,,,,,,,,,,,,,,,,,,,,,,,,,,,,,,,,,,,,,,,,,,,,,,,,,,,,,,905.493,906.887,y,1.385,,1,0,7,3,1,stimuliTAFCsec/numnym004.wav,,
,,,,,45,001,2024-06-02_18h18.37.982,mathesisv2,2024.1.3,MacIntel,62.5,,,,,,,,,,,,,,,,,y,,,,,,,,,,,,,,,,,,,,,,,,,,,,,,,,,,,,,,,,,,,,,,,,,,,,,,,,,,,,,,,,,,,,,,,,,,906.887,908.267,y,1.372,,1,1,8,4,1,stimuliTAFCsec/numnym005.wav,,
,,,,,45,001,2024-06-02_18h18.37.982,mathesisv2,2024.1.3,MacIntel,62.5,,,,,,,,,,,,,,,,,u,,,,,,,,,,,,,,,,,,,,,,,,,,,,,,,,,,,,,,,,,,,,,,,,,,,,,,,,,,,,,,,,,,,,,,,,,,908.267,909.538,u,1.265,,1,2,9,1,1,stimuliTAFCsec/numnym002.wav,,
,,,,,45,001,2024-06-02_18h18.37.982,mathesisv2,2024.1.3,MacIntel,62.5,,,,,,,,,,,,,,,,,u,,,,,,,,,,,,,,,,,,,,,,,,,,,,,,,,,,,,,,,,,,,,,,,,,,,,,,,,,,,,,,,,,,,,,,,,,,909.538,911.084,u,1.539,,1,3,10,2,1,stimuliTAFCsec/numnym003.wav,,
,,,,,45,001,2024-06-02_18h18.37.982,mathesisv2,2024.1.3,MacIntel,62.5,,,,,,,,,,,,,,,,,y,,,,,,,,,,,,,,,,,,,,,,,,,,,,,,,,,,,,,,,,,,,,,,,,,,,,,,,,,,,,,,,,,,,,,,,,,,911.084,912.414,y,1.323,,1,4,11,5,1,stimuliTAFCsec/numnym006.wav,,
,,,,,45,001,2024-06-02_18h18.37.982,mathesisv2,2024.1.3,MacIntel,62.5,,,,,,,,,,,,,,,,,u,,,,,,,,,,,,,,,,,,,,,,,,,,,,,,,,,,,,,,,,,,,,,,,,,,,,,,,,,,,,,,,,,,,,,,,,,,912.414,913.752,u,1.332,,1,5,12,0,1,stimuliTAFCsec/numnym001.wav,,
,,,,,45,001,2024-06-02_18h18.37.982,mathesisv2,2024.1.3,MacIntel,62.5,,,,,,,,,,,,,,,,,y,,,,,,,,,,,,,,,,,,,,,,,,,,,,,,,,,,,,,,,,,,,,,,,,,,,,,,,,,,,,,,,,,,,,,,,,,,913.753,915.135,y,1.376,,1,6,13,6,1,stimuliTAFCsec/numnym007.wav,,
,,,,,45,001,2024-06-02_18h18.37.982,mathesisv2,2024.1.3,MacIntel,62.5,,,,,,,,,,,,,,,,,,,,,,,,,,,,,,,,,,,,,,,,,,,915.135,919.337,space,4.197,,,,,,,,,,,,,,,,,,,,,,,,,,,,,,,,,,,,,,,,,,,,,,,,,,,,,,,,919.34,924.337
