﻿start.started,start.stopped,startkey_resp.keys,startkey_resp.rt,startkey_resp.duration,participant,session,date,expName,psychopyVersion,OS,frameRate,attention.started,attention.stopped,key_resp.keys,key_resp.rt,key_resp.duration,stimuliAXBmix.started,stimuliAXBmix.stopped,stimuliAXBkey_resp.keys,stimuliAXBkey_resp.rt,stimuliAXBkey_resp.duration,stimuliAXBtesttrials.thisRepN,stimuliAXBtesttrials.thisTrialN,stimuliAXBtesttrials.thisN,stimuliAXBtesttrials.thisIndex,stimuliAXBtesttrials.ran,stimuliAXBmix,Correct,attentionsecond.started,attentionsecond.stopped,attentionsecondkey_resp.keys,attentionsecondkey_resp.rt,attentionsecondkey_resp.duration,instAXBreal.started,instAXBreal.stopped,instAXBrealkey_resp.keys,instAXBrealkey_resp.rt,instAXBrealkey_resp.duration,stimuliAXBmixfirst.thisRepN,stimuliAXBmixfirst.thisTrialN,stimuliAXBmixfirst.thisN,stimuliAXBmixfirst.thisIndex,stimuliAXBmixfirst.ran,attentionfirst.started,attentionfirst.stopped,attentionfirstkey_resp.keys,attentionfirstkey_resp.rt,attentionfirstkey_resp.duration,stimuliAXbmixsec.thisRepN,stimuliAXbmixsec.thisTrialN,stimuliAXbmixsec.thisN,stimuliAXbmixsec.thisIndex,stimuliAXbmixsec.ran,kaffeepause.started,kaffeepause.stopped,kaffeepausekey_resp.keys,kaffeepausekey_resp.rt,kaffeepausekey_resp.duration,instTAFCtest.started,instTAFCtest.stopped,instTAFCtestkey_resp.keys,instTAFCtestkey_resp.rt,instTAFCtestkey_resp.duration,testTAFCmixfirst.started,testTAFCmixfirst.stopped,testTAFCmixfirstkey_resp.keys,testTAFCmixfirstkey_resp.rt,testTAFCmixfirstkey_resp.duration,testTAFCmixfirsttrials.thisRepN,testTAFCmixfirsttrials.thisTrialN,testTAFCmixfirsttrials.thisN,testTAFCmixfirsttrials.thisIndex,testTAFCmixfirsttrials.ran,testTAFCmixfirst,testTAFCmixsec.started,testTAFCmixsec.stopped,testTAFCmixseckey_resp.keys,testTAFCmixseckey_resp.rt,testTAFCmixseckey_resp.duration,testTAFCmixsectrials.thisRepN,testTAFCmixsectrials.thisTrialN,testTAFCmixsectrials.thisN,testTAFCmixsectrials.thisIndex,testTAFCmixsectrials.ran,testTAFCmixsec,instTAFCreal.started,instTAFCreal.stopped,instTAFCrealkey_resp.keys,instTAFCrealkey_resp.rt,instTAFCrealkey_resp.duration,stimuliTAFCfirst.started,stimuliTAFCfirst.stopped,stimuliTAFCfirstkey_resp.keys,stimuliTAFCfirstkey_resp.rt,stimuliTAFCfirstkey_resp.duration,stimuliTAFCfirsttrials.thisRepN,stimuliTAFCfirsttrials.thisTrialN,stimuliTAFCfirsttrials.thisN,stimuliTAFCfirsttrials.thisIndex,stimuliTAFCfirsttrials.ran,stimuliTAFCfirst,stimuliTAFCsec.started,stimuliTAFCsec.stopped,stimuliTAFCseckey_resp.keys,stimuliTAFCseckey_resp.rt,stimuliTAFCseckey_resp.duration,stimuliTAFCsectrials.thisRepN,stimuliTAFCsectrials.thisTrialN,stimuliTAFCsectrials.thisN,stimuliTAFCsectrials.thisIndex,stimuliTAFCsectrials.ran,stimuliTAFCsec,end.started,end.stopped
0.0006,9.8266,space,9.8105,,46,001,2024-06-03_10h07.38.588,mathesisv2,2024.1.3,Win32,60.06727535,,,,,,,,,,,,,,,,,,,,,,,,,,,,,,,,,,,,,,,,,,,,,,,,,,,,,,,,,,,,,,,,,,,,,,,,,,,,,,,,,,,,,,,,,,,,,,,,,,,,,,,
,,,,,46,001,2024-06-03_10h07.38.588,mathesisv2,2024.1.3,Win32,60.06727535,9.8271,23.1529,space,13.265,,,,,,,,,,,,,,,,,,,,,,,,,,,,,,,,,,,,,,,,,,,,,,,,,,,,,,,,,,,,,,,,,,,,,,,,,,,,,,,,,,,,,,,,,,,,,,,,,,,
,,,,,46,001,2024-06-03_10h07.38.588,mathesisv2,2024.1.3,Win32,60.06727535,,,,,,23.2563,30.6171,f,7.3203,,0,0,0,1,1,stimuliAXBmix/iyystimulus.wav,f,,,,,,,,,,,,,,,,,,,,,,,,,,,,,,,,,,,,,,,,,,,,,,,,,,,,,,,,,,,,,,,,,,,,,,,,,,,,,,,,,,,,,,
,,,,,46,001,2024-06-03_10h07.38.588,mathesisv2,2024.1.3,Win32,60.06727535,,,,,,30.6494,36.7711,f,6.1096,,0,1,1,2,1,stimuliAXBmix/yuustimulus.wav,f,,,,,,,,,,,,,,,,,,,,,,,,,,,,,,,,,,,,,,,,,,,,,,,,,,,,,,,,,,,,,,,,,,,,,,,,,,,,,,,,,,,,,,
,,,,,46,001,2024-06-03_10h07.38.588,mathesisv2,2024.1.3,Win32,60.06727535,,,,,,36.8039,40.4885,l,3.6716,,0,2,2,3,1,stimuliAXBmix/yyustimulus.wav,l,,,,,,,,,,,,,,,,,,,,,,,,,,,,,,,,,,,,,,,,,,,,,,,,,,,,,,,,,,,,,,,,,,,,,,,,,,,,,,,,,,,,,,
,,,,,46,001,2024-06-03_10h07.38.588,mathesisv2,2024.1.3,Win32,60.06727535,,,,,,40.5176,44.2977,l,3.7741,,0,3,3,0,1,stimuliAXBmix/iiystimulus.wav,l,,,,,,,,,,,,,,,,,,,,,,,,,,,,,,,,,,,,,,,,,,,,,,,,,,,,,,,,,,,,,,,,,,,,,,,,,,,,,,,,,,,,,,
,,,,,46,001,2024-06-03_10h07.38.588,mathesisv2,2024.1.3,Win32,60.06727535,,,,,,,,,,,,,,,,,,44.3278,49.282,space,4.9285,,,,,,,,,,,,,,,,,,,,,,,,,,,,,,,,,,,,,,,,,,,,,,,,,,,,,,,,,,,,,,,,,,,,,,,,,,,,,,,,,,
,,,,,46,001,2024-06-03_10h07.38.588,mathesisv2,2024.1.3,Win32,60.06727535,,,,,,,,,,,,,,,,,,,,,,,49.2827,69.6073,space,20.2864,,,,,,,,,,,,,,,,,,,,,,,,,,,,,,,,,,,,,,,,,,,,,,,,,,,,,,,,,,,,,,,,,,,,,,,,,,,,,
,,,,,46,001,2024-06-03_10h07.38.588,mathesisv2,2024.1.3,Win32,60.06727535,,,,,,69.6763,73.035,l,3.3488,,,,,,,stimuliAXBmix/iiystimulus.wav,l,,,,,,,,,,,0,0,0,0,1,,,,,,,,,,,,,,,,,,,,,,,,,,,,,,,,,,,,,,,,,,,,,,,,,,,,,,,,,,,,,,,,,,,,,,,
,,,,,46,001,2024-06-03_10h07.38.588,mathesisv2,2024.1.3,Win32,60.06727535,,,,,,73.0357,76.6874,l,3.6325,,,,,,,stimuliAXBmix/yyustimulus.wav,l,,,,,,,,,,,0,1,1,3,1,,,,,,,,,,,,,,,,,,,,,,,,,,,,,,,,,,,,,,,,,,,,,,,,,,,,,,,,,,,,,,,,,,,,,,,
,,,,,46,001,2024-06-03_10h07.38.588,mathesisv2,2024.1.3,Win32,60.06727535,,,,,,76.7179,80.8813,f,4.1573,,,,,,,stimuliAXBmix/iyystimulus.wav,f,,,,,,,,,,,0,2,2,1,1,,,,,,,,,,,,,,,,,,,,,,,,,,,,,,,,,,,,,,,,,,,,,,,,,,,,,,,,,,,,,,,,,,,,,,,
,,,,,46,001,2024-06-03_10h07.38.588,mathesisv2,2024.1.3,Win32,60.06727535,,,,,,80.9098,84.5931,f,3.6734,,,,,,,stimuliAXBmix/yuustimulus.wav,f,,,,,,,,,,,0,3,3,2,1,,,,,,,,,,,,,,,,,,,,,,,,,,,,,,,,,,,,,,,,,,,,,,,,,,,,,,,,,,,,,,,,,,,,,,,
,,,,,46,001,2024-06-03_10h07.38.588,mathesisv2,2024.1.3,Win32,60.06727535,,,,,,84.6246,87.8736,l,3.2429,,,,,,,stimuliAXBmix/iiystimulus.wav,l,,,,,,,,,,,1,0,4,0,1,,,,,,,,,,,,,,,,,,,,,,,,,,,,,,,,,,,,,,,,,,,,,,,,,,,,,,,,,,,,,,,,,,,,,,,
,,,,,46,001,2024-06-03_10h07.38.588,mathesisv2,2024.1.3,Win32,60.06727535,,,,,,87.9055,91.7368,l,3.8199,,,,,,,stimuliAXBmix/yyustimulus.wav,l,,,,,,,,,,,1,1,5,3,1,,,,,,,,,,,,,,,,,,,,,,,,,,,,,,,,,,,,,,,,,,,,,,,,,,,,,,,,,,,,,,,,,,,,,,,
,,,,,46,001,2024-06-03_10h07.38.588,mathesisv2,2024.1.3,Win32,60.06727535,,,,,,91.7641,95.3849,f,3.6082,,,,,,,stimuliAXBmix/iyystimulus.wav,f,,,,,,,,,,,1,2,6,1,1,,,,,,,,,,,,,,,,,,,,,,,,,,,,,,,,,,,,,,,,,,,,,,,,,,,,,,,,,,,,,,,,,,,,,,,
,,,,,46,001,2024-06-03_10h07.38.588,mathesisv2,2024.1.3,Win32,60.06727535,,,,,,95.3855,98.5612,f,3.163,,,,,,,stimuliAXBmix/yuustimulus.wav,f,,,,,,,,,,,1,3,7,2,1,,,,,,,,,,,,,,,,,,,,,,,,,,,,,,,,,,,,,,,,,,,,,,,,,,,,,,,,,,,,,,,,,,,,,,,
,,,,,46,001,2024-06-03_10h07.38.588,mathesisv2,2024.1.3,Win32,60.06727535,,,,,,98.5938,101.7065,l,3.1036,,,,,,,stimuliAXBmix/iiystimulus.wav,l,,,,,,,,,,,2,0,8,0,1,,,,,,,,,,,,,,,,,,,,,,,,,,,,,,,,,,,,,,,,,,,,,,,,,,,,,,,,,,,,,,,,,,,,,,,
,,,,,46,001,2024-06-03_10h07.38.588,mathesisv2,2024.1.3,Win32,60.06727535,,,,,,101.7369,105.1039,f,3.3559,,,,,,,stimuliAXBmix/iyystimulus.wav,f,,,,,,,,,,,2,1,9,1,1,,,,,,,,,,,,,,,,,,,,,,,,,,,,,,,,,,,,,,,,,,,,,,,,,,,,,,,,,,,,,,,,,,,,,,,
,,,,,46,001,2024-06-03_10h07.38.588,mathesisv2,2024.1.3,Win32,60.06727535,,,,,,105.1046,108.1012,l,2.9723,,,,,,,stimuliAXBmix/yyustimulus.wav,l,,,,,,,,,,,2,2,10,3,1,,,,,,,,,,,,,,,,,,,,,,,,,,,,,,,,,,,,,,,,,,,,,,,,,,,,,,,,,,,,,,,,,,,,,,,
,,,,,46,001,2024-06-03_10h07.38.588,mathesisv2,2024.1.3,Win32,60.06727535,,,,,,108.1352,111.5306,f,3.3877,,,,,,,stimuliAXBmix/yuustimulus.wav,f,,,,,,,,,,,2,3,11,2,1,,,,,,,,,,,,,,,,,,,,,,,,,,,,,,,,,,,,,,,,,,,,,,,,,,,,,,,,,,,,,,,,,,,,,,,
,,,,,46,001,2024-06-03_10h07.38.588,mathesisv2,2024.1.3,Win32,60.06727535,,,,,,140.8233,147.3684,f,6.5331,,,,,,,stimuliAXBmix/iyystimulus.wav,f,,,,,,,,,,,,,,,,111.5327,140.8051,return,29.2443,,0,0,0,1,1,,,,,,,,,,,,,,,,,,,,,,,,,,,,,,,,,,,,,,,,,,,,,,,,,,,,,,,,,,,,,
,,,,,46,001,2024-06-03_10h07.38.588,mathesisv2,2024.1.3,Win32,60.06727535,,,,,,147.3993,150.9091,l,3.5018,,,,,,,stimuliAXBmix/iiystimulus.wav,l,,,,,,,,,,,,,,,,,,,,,0,1,1,0,1,,,,,,,,,,,,,,,,,,,,,,,,,,,,,,,,,,,,,,,,,,,,,,,,,,,,,,,,,,,,,
,,,,,46,001,2024-06-03_10h07.38.588,mathesisv2,2024.1.3,Win32,60.06727535,,,,,,150.9377,154.1117,f,3.1629,,,,,,,stimuliAXBmix/yuustimulus.wav,f,,,,,,,,,,,,,,,,,,,,,0,2,2,2,1,,,,,,,,,,,,,,,,,,,,,,,,,,,,,,,,,,,,,,,,,,,,,,,,,,,,,,,,,,,,,
,,,,,46,001,2024-06-03_10h07.38.588,mathesisv2,2024.1.3,Win32,60.06727535,,,,,,154.1126,159.2727,l,5.1527,,,,,,,stimuliAXBmix/yyustimulus.wav,l,,,,,,,,,,,,,,,,,,,,,0,3,3,3,1,,,,,,,,,,,,,,,,,,,,,,,,,,,,,,,,,,,,,,,,,,,,,,,,,,,,,,,,,,,,,
,,,,,46,001,2024-06-03_10h07.38.588,mathesisv2,2024.1.3,Win32,60.06727535,,,,,,159.3023,162.6163,l,3.3013,,,,,,,stimuliAXBmix/yyustimulus.wav,l,,,,,,,,,,,,,,,,,,,,,1,0,4,3,1,,,,,,,,,,,,,,,,,,,,,,,,,,,,,,,,,,,,,,,,,,,,,,,,,,,,,,,,,,,,,
,,,,,46,001,2024-06-03_10h07.38.588,mathesisv2,2024.1.3,Win32,60.06727535,,,,,,162.6174,166.3608,f,3.7268,,,,,,,stimuliAXBmix/iyystimulus.wav,f,,,,,,,,,,,,,,,,,,,,,1,1,5,1,1,,,,,,,,,,,,,,,,,,,,,,,,,,,,,,,,,,,,,,,,,,,,,,,,,,,,,,,,,,,,,
,,,,,46,001,2024-06-03_10h07.38.588,mathesisv2,2024.1.3,Win32,60.06727535,,,,,,166.3943,169.7296,f,3.322,,,,,,,stimuliAXBmix/yuustimulus.wav,f,,,,,,,,,,,,,,,,,,,,,1,2,6,2,1,,,,,,,,,,,,,,,,,,,,,,,,,,,,,,,,,,,,,,,,,,,,,,,,,,,,,,,,,,,,,
,,,,,46,001,2024-06-03_10h07.38.588,mathesisv2,2024.1.3,Win32,60.06727535,,,,,,169.7588,173.041,l,3.2704,,,,,,,stimuliAXBmix/iiystimulus.wav,l,,,,,,,,,,,,,,,,,,,,,1,3,7,0,1,,,,,,,,,,,,,,,,,,,,,,,,,,,,,,,,,,,,,,,,,,,,,,,,,,,,,,,,,,,,,
,,,,,46,001,2024-06-03_10h07.38.588,mathesisv2,2024.1.3,Win32,60.06727535,,,,,,195.9271,199.2991,l,3.3596,,,,,,,stimuliAXBmix/iiystimulus.wav,l,,,,,,,,,,,0,0,0,0,1,,,,,,,,,,,173.043,195.8895,space,22.8211,,,,,,,,,,,,,,,,,,,,,,,,,,,,,,,,,,,,,,,,,,,,,,,,,,,,,,,,,
,,,,,46,001,2024-06-03_10h07.38.588,mathesisv2,2024.1.3,Win32,60.06727535,,,,,,199.3002,202.427,f,3.1101,,,,,,,stimuliAXBmix/yuustimulus.wav,f,,,,,,,,,,,0,1,1,2,1,,,,,,,,,,,,,,,,,,,,,,,,,,,,,,,,,,,,,,,,,,,,,,,,,,,,,,,,,,,,,,,,,,,,,,,
,,,,,46,001,2024-06-03_10h07.38.588,mathesisv2,2024.1.3,Win32,60.06727535,,,,,,202.46,205.6723,f,3.1978,,,,,,,stimuliAXBmix/iyystimulus.wav,f,,,,,,,,,,,0,2,2,1,1,,,,,,,,,,,,,,,,,,,,,,,,,,,,,,,,,,,,,,,,,,,,,,,,,,,,,,,,,,,,,,,,,,,,,,,
,,,,,46,001,2024-06-03_10h07.38.588,mathesisv2,2024.1.3,Win32,60.06727535,,,,,,205.6733,208.8192,l,3.1171,,,,,,,stimuliAXBmix/yyustimulus.wav,l,,,,,,,,,,,0,3,3,3,1,,,,,,,,,,,,,,,,,,,,,,,,,,,,,,,,,,,,,,,,,,,,,,,,,,,,,,,,,,,,,,,,,,,,,,,
,,,,,46,001,2024-06-03_10h07.38.588,mathesisv2,2024.1.3,Win32,60.06727535,,,,,,208.8476,211.932,f,3.0732,,,,,,,stimuliAXBmix/yuustimulus.wav,f,,,,,,,,,,,1,0,4,2,1,,,,,,,,,,,,,,,,,,,,,,,,,,,,,,,,,,,,,,,,,,,,,,,,,,,,,,,,,,,,,,,,,,,,,,,
,,,,,46,001,2024-06-03_10h07.38.588,mathesisv2,2024.1.3,Win32,60.06727535,,,,,,211.9623,215.3963,l,3.42,,,,,,,stimuliAXBmix/iiystimulus.wav,l,,,,,,,,,,,1,1,5,0,1,,,,,,,,,,,,,,,,,,,,,,,,,,,,,,,,,,,,,,,,,,,,,,,,,,,,,,,,,,,,,,,,,,,,,,,
,,,,,46,001,2024-06-03_10h07.38.588,mathesisv2,2024.1.3,Win32,60.06727535,,,,,,215.3974,218.6764,f,3.2494,,,,,,,stimuliAXBmix/iyystimulus.wav,f,,,,,,,,,,,1,2,6,1,1,,,,,,,,,,,,,,,,,,,,,,,,,,,,,,,,,,,,,,,,,,,,,,,,,,,,,,,,,,,,,,,,,,,,,,,
,,,,,46,001,2024-06-03_10h07.38.588,mathesisv2,2024.1.3,Win32,60.06727535,,,,,,218.7044,221.6288,l,2.9168,,,,,,,stimuliAXBmix/yyustimulus.wav,l,,,,,,,,,,,1,3,7,3,1,,,,,,,,,,,,,,,,,,,,,,,,,,,,,,,,,,,,,,,,,,,,,,,,,,,,,,,,,,,,,,,,,,,,,,,
,,,,,46,001,2024-06-03_10h07.38.588,mathesisv2,2024.1.3,Win32,60.06727535,,,,,,221.6298,224.7701,f,3.1161,,,,,,,stimuliAXBmix/yuustimulus.wav,f,,,,,,,,,,,2,0,8,2,1,,,,,,,,,,,,,,,,,,,,,,,,,,,,,,,,,,,,,,,,,,,,,,,,,,,,,,,,,,,,,,,,,,,,,,,
,,,,,46,001,2024-06-03_10h07.38.588,mathesisv2,2024.1.3,Win32,60.06727535,,,,,,224.7983,228.0536,f,3.2452,,,,,,,stimuliAXBmix/iyystimulus.wav,f,,,,,,,,,,,2,1,9,1,1,,,,,,,,,,,,,,,,,,,,,,,,,,,,,,,,,,,,,,,,,,,,,,,,,,,,,,,,,,,,,,,,,,,,,,,
,,,,,46,001,2024-06-03_10h07.38.588,mathesisv2,2024.1.3,Win32,60.06727535,,,,,,228.0812,231.2014,l,3.1143,,,,,,,stimuliAXBmix/yyustimulus.wav,l,,,,,,,,,,,2,2,10,3,1,,,,,,,,,,,,,,,,,,,,,,,,,,,,,,,,,,,,,,,,,,,,,,,,,,,,,,,,,,,,,,,,,,,,,,,
,,,,,46,001,2024-06-03_10h07.38.588,mathesisv2,2024.1.3,Win32,60.06727535,,,,,,231.2021,234.2149,l,2.9966,,,,,,,stimuliAXBmix/iiystimulus.wav,l,,,,,,,,,,,2,3,11,0,1,,,,,,,,,,,,,,,,,,,,,,,,,,,,,,,,,,,,,,,,,,,,,,,,,,,,,,,,,,,,,,,,,,,,,,,
,,,,,46,001,2024-06-03_10h07.38.588,mathesisv2,2024.1.3,Win32,60.06727535,,,,,,236.0933,239.7561,f,3.6569,,,,,,,stimuliAXBmix/iyystimulus.wav,f,,,,,,,,,,,,,,,,234.2153,236.0752,return,1.8382,,0,0,0,1,1,,,,,,,,,,,,,,,,,,,,,,,,,,,,,,,,,,,,,,,,,,,,,,,,,,,,,,,,,,,,,
,,,,,46,001,2024-06-03_10h07.38.588,mathesisv2,2024.1.3,Win32,60.06727535,,,,,,239.7573,242.8025,f,3.0234,,,,,,,stimuliAXBmix/yuustimulus.wav,f,,,,,,,,,,,,,,,,,,,,,0,1,1,2,1,,,,,,,,,,,,,,,,,,,,,,,,,,,,,,,,,,,,,,,,,,,,,,,,,,,,,,,,,,,,,
,,,,,46,001,2024-06-03_10h07.38.588,mathesisv2,2024.1.3,Win32,60.06727535,,,,,,242.8358,245.8672,l,3.0251,,,,,,,stimuliAXBmix/yyustimulus.wav,l,,,,,,,,,,,,,,,,,,,,,0,2,2,3,1,,,,,,,,,,,,,,,,,,,,,,,,,,,,,,,,,,,,,,,,,,,,,,,,,,,,,,,,,,,,,
,,,,,46,001,2024-06-03_10h07.38.588,mathesisv2,2024.1.3,Win32,60.06727535,,,,,,245.8682,249.4795,l,3.5862,,,,,,,stimuliAXBmix/iiystimulus.wav,l,,,,,,,,,,,,,,,,,,,,,0,3,3,0,1,,,,,,,,,,,,,,,,,,,,,,,,,,,,,,,,,,,,,,,,,,,,,,,,,,,,,,,,,,,,,
,,,,,46,001,2024-06-03_10h07.38.588,mathesisv2,2024.1.3,Win32,60.06727535,,,,,,249.5162,252.8766,l,3.3502,,,,,,,stimuliAXBmix/yyustimulus.wav,l,,,,,,,,,,,,,,,,,,,,,1,0,4,3,1,,,,,,,,,,,,,,,,,,,,,,,,,,,,,,,,,,,,,,,,,,,,,,,,,,,,,,,,,,,,,
,,,,,46,001,2024-06-03_10h07.38.588,mathesisv2,2024.1.3,Win32,60.06727535,,,,,,252.913,256.2393,l,3.3144,,,,,,,stimuliAXBmix/iiystimulus.wav,l,,,,,,,,,,,,,,,,,,,,,1,1,5,0,1,,,,,,,,,,,,,,,,,,,,,,,,,,,,,,,,,,,,,,,,,,,,,,,,,,,,,,,,,,,,,
,,,,,46,001,2024-06-03_10h07.38.588,mathesisv2,2024.1.3,Win32,60.06727535,,,,,,256.2705,259.2866,f,3.0059,,,,,,,stimuliAXBmix/yuustimulus.wav,f,,,,,,,,,,,,,,,,,,,,,1,2,6,2,1,,,,,,,,,,,,,,,,,,,,,,,,,,,,,,,,,,,,,,,,,,,,,,,,,,,,,,,,,,,,,
,,,,,46,001,2024-06-03_10h07.38.588,mathesisv2,2024.1.3,Win32,60.06727535,,,,,,259.2875,262.6216,f,3.3142,,,,,,,stimuliAXBmix/iyystimulus.wav,f,,,,,,,,,,,,,,,,,,,,,1,3,7,1,1,,,,,,,,,,,,,,,,,,,,,,,,,,,,,,,,,,,,,,,,,,,,,,,,,,,,,,,,,,,,,
,,,,,46,001,2024-06-03_10h07.38.588,mathesisv2,2024.1.3,Win32,60.06727535,,,,,,267.5424,271.1082,l,3.5532,,,,,,,stimuliAXBmix/yyustimulus.wav,l,,,,,,,,,,,0,0,0,3,1,,,,,,,,,,,262.6219,267.5004,space,4.8623,,,,,,,,,,,,,,,,,,,,,,,,,,,,,,,,,,,,,,,,,,,,,,,,,,,,,,,,,
,,,,,46,001,2024-06-03_10h07.38.588,mathesisv2,2024.1.3,Win32,60.06727535,,,,,,271.1091,274.4898,f,3.361,,,,,,,stimuliAXBmix/iyystimulus.wav,f,,,,,,,,,,,0,1,1,1,1,,,,,,,,,,,,,,,,,,,,,,,,,,,,,,,,,,,,,,,,,,,,,,,,,,,,,,,,,,,,,,,,,,,,,,,
,,,,,46,001,2024-06-03_10h07.38.588,mathesisv2,2024.1.3,Win32,60.06727535,,,,,,274.5211,277.5406,l,3.0134,,,,,,,stimuliAXBmix/iiystimulus.wav,l,,,,,,,,,,,0,2,2,0,1,,,,,,,,,,,,,,,,,,,,,,,,,,,,,,,,,,,,,,,,,,,,,,,,,,,,,,,,,,,,,,,,,,,,,,,
,,,,,46,001,2024-06-03_10h07.38.588,mathesisv2,2024.1.3,Win32,60.06727535,,,,,,277.5415,281.6814,f,4.1251,,,,,,,stimuliAXBmix/yuustimulus.wav,f,,,,,,,,,,,0,3,3,2,1,,,,,,,,,,,,,,,,,,,,,,,,,,,,,,,,,,,,,,,,,,,,,,,,,,,,,,,,,,,,,,,,,,,,,,,
,,,,,46,001,2024-06-03_10h07.38.588,mathesisv2,2024.1.3,Win32,60.06727535,,,,,,281.7125,284.8166,f,3.0885,,,,,,,stimuliAXBmix/yuustimulus.wav,f,,,,,,,,,,,1,0,4,2,1,,,,,,,,,,,,,,,,,,,,,,,,,,,,,,,,,,,,,,,,,,,,,,,,,,,,,,,,,,,,,,,,,,,,,,,
,,,,,46,001,2024-06-03_10h07.38.588,mathesisv2,2024.1.3,Win32,60.06727535,,,,,,284.8178,288.0735,l,3.2422,,,,,,,stimuliAXBmix/yyustimulus.wav,l,,,,,,,,,,,1,1,5,3,1,,,,,,,,,,,,,,,,,,,,,,,,,,,,,,,,,,,,,,,,,,,,,,,,,,,,,,,,,,,,,,,,,,,,,,,
,,,,,46,001,2024-06-03_10h07.38.588,mathesisv2,2024.1.3,Win32,60.06727535,,,,,,288.1039,291.624,f,3.5141,,,,,,,stimuliAXBmix/iyystimulus.wav,f,,,,,,,,,,,1,2,6,1,1,,,,,,,,,,,,,,,,,,,,,,,,,,,,,,,,,,,,,,,,,,,,,,,,,,,,,,,,,,,,,,,,,,,,,,,
,,,,,46,001,2024-06-03_10h07.38.588,mathesisv2,2024.1.3,Win32,60.06727535,,,,,,291.6249,295.6394,l,3.997,,,,,,,stimuliAXBmix/iiystimulus.wav,l,,,,,,,,,,,1,3,7,0,1,,,,,,,,,,,,,,,,,,,,,,,,,,,,,,,,,,,,,,,,,,,,,,,,,,,,,,,,,,,,,,,,,,,,,,,
,,,,,46,001,2024-06-03_10h07.38.588,mathesisv2,2024.1.3,Win32,60.06727535,,,,,,295.6714,298.7314,f,3.0476,,,,,,,stimuliAXBmix/yuustimulus.wav,f,,,,,,,,,,,2,0,8,2,1,,,,,,,,,,,,,,,,,,,,,,,,,,,,,,,,,,,,,,,,,,,,,,,,,,,,,,,,,,,,,,,,,,,,,,,
,,,,,46,001,2024-06-03_10h07.38.588,mathesisv2,2024.1.3,Win32,60.06727535,,,,,,298.7623,303.0269,l,4.2505,,,,,,,stimuliAXBmix/yyustimulus.wav,l,,,,,,,,,,,2,1,9,3,1,,,,,,,,,,,,,,,,,,,,,,,,,,,,,,,,,,,,,,,,,,,,,,,,,,,,,,,,,,,,,,,,,,,,,,,
,,,,,46,001,2024-06-03_10h07.38.588,mathesisv2,2024.1.3,Win32,60.06727535,,,,,,303.0597,307.3068,f,4.2336,,,,,,,stimuliAXBmix/iyystimulus.wav,f,,,,,,,,,,,2,2,10,1,1,,,,,,,,,,,,,,,,,,,,,,,,,,,,,,,,,,,,,,,,,,,,,,,,,,,,,,,,,,,,,,,,,,,,,,,
,,,,,46,001,2024-06-03_10h07.38.588,mathesisv2,2024.1.3,Win32,60.06727535,,,,,,307.3418,311.1189,l,3.7649,,,,,,,stimuliAXBmix/iiystimulus.wav,l,,,,,,,,,,,2,3,11,0,1,,,,,,,,,,,,,,,,,,,,,,,,,,,,,,,,,,,,,,,,,,,,,,,,,,,,,,,,,,,,,,,,,,,,,,,
,,,,,46,001,2024-06-03_10h07.38.588,mathesisv2,2024.1.3,Win32,60.06727535,,,,,,313.0675,317.3795,f,4.2975,,,,,,,stimuliAXBmix/yuustimulus.wav,f,,,,,,,,,,,,,,,,311.1193,313.0502,return,1.908,,0,0,0,2,1,,,,,,,,,,,,,,,,,,,,,,,,,,,,,,,,,,,,,,,,,,,,,,,,,,,,,,,,,,,,,
,,,,,46,001,2024-06-03_10h07.38.588,mathesisv2,2024.1.3,Win32,60.06727535,,,,,,317.4106,320.7631,l,3.3394,,,,,,,stimuliAXBmix/iiystimulus.wav,l,,,,,,,,,,,,,,,,,,,,,0,1,1,0,1,,,,,,,,,,,,,,,,,,,,,,,,,,,,,,,,,,,,,,,,,,,,,,,,,,,,,,,,,,,,,
,,,,,46,001,2024-06-03_10h07.38.588,mathesisv2,2024.1.3,Win32,60.06727535,,,,,,320.7924,324.8433,f,4.036,,,,,,,stimuliAXBmix/iyystimulus.wav,f,,,,,,,,,,,,,,,,,,,,,0,2,2,1,1,,,,,,,,,,,,,,,,,,,,,,,,,,,,,,,,,,,,,,,,,,,,,,,,,,,,,,,,,,,,,
,,,,,46,001,2024-06-03_10h07.38.588,mathesisv2,2024.1.3,Win32,60.06727535,,,,,,324.873,328.1403,l,3.2507,,,,,,,stimuliAXBmix/yyustimulus.wav,l,,,,,,,,,,,,,,,,,,,,,0,3,3,3,1,,,,,,,,,,,,,,,,,,,,,,,,,,,,,,,,,,,,,,,,,,,,,,,,,,,,,,,,,,,,,
,,,,,46,001,2024-06-03_10h07.38.588,mathesisv2,2024.1.3,Win32,60.06727535,,,,,,328.1719,331.7641,f,3.5773,,,,,,,stimuliAXBmix/iyystimulus.wav,f,,,,,,,,,,,,,,,,,,,,,1,0,4,1,1,,,,,,,,,,,,,,,,,,,,,,,,,,,,,,,,,,,,,,,,,,,,,,,,,,,,,,,,,,,,,
,,,,,46,001,2024-06-03_10h07.38.588,mathesisv2,2024.1.3,Win32,60.06727535,,,,,,331.7664,335.2674,f,3.481,,,,,,,stimuliAXBmix/yuustimulus.wav,f,,,,,,,,,,,,,,,,,,,,,1,1,5,2,1,,,,,,,,,,,,,,,,,,,,,,,,,,,,,,,,,,,,,,,,,,,,,,,,,,,,,,,,,,,,,
,,,,,46,001,2024-06-03_10h07.38.588,mathesisv2,2024.1.3,Win32,60.06727535,,,,,,335.2968,338.7083,l,3.4021,,,,,,,stimuliAXBmix/yyustimulus.wav,l,,,,,,,,,,,,,,,,,,,,,1,2,6,3,1,,,,,,,,,,,,,,,,,,,,,,,,,,,,,,,,,,,,,,,,,,,,,,,,,,,,,,,,,,,,,
,,,,,46,001,2024-06-03_10h07.38.588,mathesisv2,2024.1.3,Win32,60.06727535,,,,,,338.7392,342.6606,l,3.9013,,,,,,,stimuliAXBmix/iiystimulus.wav,l,,,,,,,,,,,,,,,,,,,,,1,3,7,0,1,,,,,,,,,,,,,,,,,,,,,,,,,,,,,,,,,,,,,,,,,,,,,,,,,,,,,,,,,,,,,
,,,,,46,001,2024-06-03_10h07.38.588,mathesisv2,2024.1.3,Win32,60.06727535,,,,,,348.6066,351.8461,f,3.2313,,,,,,,stimuliAXBmix/iyystimulus.wav,f,,,,,,,,,,,0,0,0,1,1,,,,,,,,,,,342.6609,348.566,space,5.8945,,,,,,,,,,,,,,,,,,,,,,,,,,,,,,,,,,,,,,,,,,,,,,,,,,,,,,,,,
,,,,,46,001,2024-06-03_10h07.38.588,mathesisv2,2024.1.3,Win32,60.06727535,,,,,,351.8472,355.3477,l,3.481,,,,,,,stimuliAXBmix/iiystimulus.wav,l,,,,,,,,,,,0,1,1,0,1,,,,,,,,,,,,,,,,,,,,,,,,,,,,,,,,,,,,,,,,,,,,,,,,,,,,,,,,,,,,,,,,,,,,,,,
,,,,,46,001,2024-06-03_10h07.38.588,mathesisv2,2024.1.3,Win32,60.06727535,,,,,,355.3771,358.5736,l,3.1868,,,,,,,stimuliAXBmix/yyustimulus.wav,l,,,,,,,,,,,0,2,2,3,1,,,,,,,,,,,,,,,,,,,,,,,,,,,,,,,,,,,,,,,,,,,,,,,,,,,,,,,,,,,,,,,,,,,,,,,
,,,,,46,001,2024-06-03_10h07.38.588,mathesisv2,2024.1.3,Win32,60.06727535,,,,,,358.5747,361.8056,f,3.2155,,,,,,,stimuliAXBmix/yuustimulus.wav,f,,,,,,,,,,,0,3,3,2,1,,,,,,,,,,,,,,,,,,,,,,,,,,,,,,,,,,,,,,,,,,,,,,,,,,,,,,,,,,,,,,,,,,,,,,,
,,,,,46,001,2024-06-03_10h07.38.588,mathesisv2,2024.1.3,Win32,60.06727535,,,,,,361.8213,367.7639,l,5.9297,,,,,,,stimuliAXBmix/iiystimulus.wav,l,,,,,,,,,,,1,0,4,0,1,,,,,,,,,,,,,,,,,,,,,,,,,,,,,,,,,,,,,,,,,,,,,,,,,,,,,,,,,,,,,,,,,,,,,,,
,,,,,46,001,2024-06-03_10h07.38.588,mathesisv2,2024.1.3,Win32,60.06727535,,,,,,367.7974,371.1823,f,3.3728,,,,,,,stimuliAXBmix/yuustimulus.wav,f,,,,,,,,,,,1,1,5,2,1,,,,,,,,,,,,,,,,,,,,,,,,,,,,,,,,,,,,,,,,,,,,,,,,,,,,,,,,,,,,,,,,,,,,,,,
,,,,,46,001,2024-06-03_10h07.38.588,mathesisv2,2024.1.3,Win32,60.06727535,,,,,,371.2133,374.5405,f,3.3139,,,,,,,stimuliAXBmix/iyystimulus.wav,f,,,,,,,,,,,1,2,6,1,1,,,,,,,,,,,,,,,,,,,,,,,,,,,,,,,,,,,,,,,,,,,,,,,,,,,,,,,,,,,,,,,,,,,,,,,
,,,,,46,001,2024-06-03_10h07.38.588,mathesisv2,2024.1.3,Win32,60.06727535,,,,,,374.5414,377.6543,l,3.0876,,,,,,,stimuliAXBmix/yyustimulus.wav,l,,,,,,,,,,,1,3,7,3,1,,,,,,,,,,,,,,,,,,,,,,,,,,,,,,,,,,,,,,,,,,,,,,,,,,,,,,,,,,,,,,,,,,,,,,,
,,,,,46,001,2024-06-03_10h07.38.588,mathesisv2,2024.1.3,Win32,60.06727535,,,,,,377.6864,380.9914,l,3.2992,,,,,,,stimuliAXBmix/iiystimulus.wav,l,,,,,,,,,,,2,0,8,0,1,,,,,,,,,,,,,,,,,,,,,,,,,,,,,,,,,,,,,,,,,,,,,,,,,,,,,,,,,,,,,,,,,,,,,,,
,,,,,46,001,2024-06-03_10h07.38.588,mathesisv2,2024.1.3,Win32,60.06727535,,,,,,381.0297,384.3639,l,3.318,,,,,,,stimuliAXBmix/yyustimulus.wav,l,,,,,,,,,,,2,1,9,3,1,,,,,,,,,,,,,,,,,,,,,,,,,,,,,,,,,,,,,,,,,,,,,,,,,,,,,,,,,,,,,,,,,,,,,,,
,,,,,46,001,2024-06-03_10h07.38.588,mathesisv2,2024.1.3,Win32,60.06727535,,,,,,384.3645,387.5819,f,3.1968,,,,,,,stimuliAXBmix/iyystimulus.wav,f,,,,,,,,,,,2,2,10,1,1,,,,,,,,,,,,,,,,,,,,,,,,,,,,,,,,,,,,,,,,,,,,,,,,,,,,,,,,,,,,,,,,,,,,,,,
,,,,,46,001,2024-06-03_10h07.38.588,mathesisv2,2024.1.3,Win32,60.06727535,,,,,,387.6121,391.3745,f,3.7512,,,,,,,stimuliAXBmix/yuustimulus.wav,f,,,,,,,,,,,2,3,11,2,1,,,,,,,,,,,,,,,,,,,,,,,,,,,,,,,,,,,,,,,,,,,,,,,,,,,,,,,,,,,,,,,,,,,,,,,
,,,,,46,001,2024-06-03_10h07.38.588,mathesisv2,2024.1.3,Win32,60.06727535,,,,,,395.826,398.8824,l,3.0455,,,,,,,stimuliAXBmix/iiystimulus.wav,l,,,,,,,,,,,,,,,,391.3752,395.8026,return,4.4026,,0,0,0,0,1,,,,,,,,,,,,,,,,,,,,,,,,,,,,,,,,,,,,,,,,,,,,,,,,,,,,,,,,,,,,,
,,,,,46,001,2024-06-03_10h07.38.588,mathesisv2,2024.1.3,Win32,60.06727535,,,,,,398.883,402.1946,f,3.288,,,,,,,stimuliAXBmix/iyystimulus.wav,f,,,,,,,,,,,,,,,,,,,,,0,1,1,1,1,,,,,,,,,,,,,,,,,,,,,,,,,,,,,,,,,,,,,,,,,,,,,,,,,,,,,,,,,,,,,
,,,,,46,001,2024-06-03_10h07.38.588,mathesisv2,2024.1.3,Win32,60.06727535,,,,,,402.2078,405.2103,l,2.984,,,,,,,stimuliAXBmix/yyustimulus.wav,l,,,,,,,,,,,,,,,,,,,,,0,2,2,3,1,,,,,,,,,,,,,,,,,,,,,,,,,,,,,,,,,,,,,,,,,,,,,,,,,,,,,,,,,,,,,
,,,,,46,001,2024-06-03_10h07.38.588,mathesisv2,2024.1.3,Win32,60.06727535,,,,,,405.2108,408.9791,f,3.7481,,,,,,,stimuliAXBmix/yuustimulus.wav,f,,,,,,,,,,,,,,,,,,,,,0,3,3,2,1,,,,,,,,,,,,,,,,,,,,,,,,,,,,,,,,,,,,,,,,,,,,,,,,,,,,,,,,,,,,,
,,,,,46,001,2024-06-03_10h07.38.588,mathesisv2,2024.1.3,Win32,60.06727535,,,,,,409.0079,412.5395,f,3.5173,,,,,,,stimuliAXBmix/yuustimulus.wav,f,,,,,,,,,,,,,,,,,,,,,1,0,4,2,1,,,,,,,,,,,,,,,,,,,,,,,,,,,,,,,,,,,,,,,,,,,,,,,,,,,,,,,,,,,,,
,,,,,46,001,2024-06-03_10h07.38.588,mathesisv2,2024.1.3,Win32,60.06727535,,,,,,412.5672,416.1368,l,3.5643,,,,,,,stimuliAXBmix/yyustimulus.wav,l,,,,,,,,,,,,,,,,,,,,,1,1,5,3,1,,,,,,,,,,,,,,,,,,,,,,,,,,,,,,,,,,,,,,,,,,,,,,,,,,,,,,,,,,,,,
,,,,,46,001,2024-06-03_10h07.38.588,mathesisv2,2024.1.3,Win32,60.06727535,,,,,,416.1509,419.7125,l,3.5458,,,,,,,stimuliAXBmix/iiystimulus.wav,l,,,,,,,,,,,,,,,,,,,,,1,2,6,0,1,,,,,,,,,,,,,,,,,,,,,,,,,,,,,,,,,,,,,,,,,,,,,,,,,,,,,,,,,,,,,
,,,,,46,001,2024-06-03_10h07.38.588,mathesisv2,2024.1.3,Win32,60.06727535,,,,,,419.7131,423.0091,f,3.2714,,,,,,,stimuliAXBmix/iyystimulus.wav,f,,,,,,,,,,,,,,,,,,,,,1,3,7,1,1,,,,,,,,,,,,,,,,,,,,,,,,,,,,,,,,,,,,,,,,,,,,,,,,,,,,,,,,,,,,,
,,,,,46,001,2024-06-03_10h07.38.588,mathesisv2,2024.1.3,Win32,60.06727535,,,,,,,,,,,,,,,,,,,,,,,,,,,,,,,,,,,,,,,,,,,423.0093,441.4977,space,18.467,,441.4998,462.5707,space,21.0296,,,,,,,,,,,,,,,,,,,,,,,,,,,,,,,,,,,,,,,,,,,,,,,,,,,,
,,,,,46,001,2024-06-03_10h07.38.588,mathesisv2,2024.1.3,Win32,60.06727535,,,,,,,,,,,,,,,,,,,,,,,,,,,,,,,,,,,,,,,,,,,,,,,,,,,,,462.5959,469.4816,e,6.8616,,0,0,0,0,1,testTAFCmixfirst/nimnym001.wav,,,,,,,,,,,,,,,,,,,,,,,,,,,,,,,,,,,,,,,,
,,,,,46,001,2024-06-03_10h07.38.588,mathesisv2,2024.1.3,Win32,60.06727535,,,,,,,,,,,,,,,,,,,,,,,,,,,,,,,,,,,,,,,,,,,,,,,,,,,,,469.4934,472.1608,y,2.6572,,0,1,1,2,1,testTAFCmixfirst/nimnym006.wav,,,,,,,,,,,,,,,,,,,,,,,,,,,,,,,,,,,,,,,,
,,,,,46,001,2024-06-03_10h07.38.588,mathesisv2,2024.1.3,Win32,60.06727535,,,,,,,,,,,,,,,,,,,,,,,,,,,,,,,,,,,,,,,,,,,,,,,,,,,,,472.1614,474.8583,e,2.6742,,0,2,2,1,1,testTAFCmixfirst/nimnym002.wav,,,,,,,,,,,,,,,,,,,,,,,,,,,,,,,,,,,,,,,,
,,,,,46,001,2024-06-03_10h07.38.588,mathesisv2,2024.1.3,Win32,60.06727535,,,,,,,,,,,,,,,,,,,,,,,,,,,,,,,,,,,,,,,,,,,,,,,,,,,,,,,,,,,,,,,,474.8761,478.0903,y,3.1905,,0,0,0,2,1,testTAFCmixsec/numnym006.wav,,,,,,,,,,,,,,,,,,,,,,,,,,,,,
,,,,,46,001,2024-06-03_10h07.38.588,mathesisv2,2024.1.3,Win32,60.06727535,,,,,,,,,,,,,,,,,,,,,,,,,,,,,,,,,,,,,,,,,,,,,,,,,,,,,,,,,,,,,,,,478.0917,480.2026,u,2.0993,,0,1,1,1,1,testTAFCmixsec/numnym002.wav,,,,,,,,,,,,,,,,,,,,,,,,,,,,,
,,,,,46,001,2024-06-03_10h07.38.588,mathesisv2,2024.1.3,Win32,60.06727535,,,,,,,,,,,,,,,,,,,,,,,,,,,,,,,,,,,,,,,,,,,,,,,,,,,,,,,,,,,,,,,,480.203,482.0504,u,1.8299,,0,2,2,0,1,testTAFCmixsec/numnym001.wav,,,,,,,,,,,,,,,,,,,,,,,,,,,,,
,,,,,46,001,2024-06-03_10h07.38.588,mathesisv2,2024.1.3,Win32,60.06727535,,,,,,,,,,,,,,,,,,,,,,,,,,,,,,,,,,,,,,,,,,,,,,,,,,,,,,,,,,,,,,,,,,,,,,,,,,,482.0512,490.0616,space,7.9877,,,,,,,,,,,,,,,,,,,,,,,,,
,,,,,46,001,2024-06-03_10h07.38.588,mathesisv2,2024.1.3,Win32,60.06727535,,,,,,,,,,,,,,,,,y,,,,,,,,,,,,,,,,,,,,,,,,,,,,,,,,,,,,,,,,,,,,,,,,,,,,,,,,,,,,,,,490.1185,493.7238,y,3.5725,,0,0,0,5,1,stimuliTAFCfirst/nimnym006.wav,,,,,,,,,,,,,
,,,,,46,001,2024-06-03_10h07.38.588,mathesisv2,2024.1.3,Win32,60.06727535,,,,,,,,,,,,,,,,,e,,,,,,,,,,,,,,,,,,,,,,,,,,,,,,,,,,,,,,,,,,,,,,,,,,,,,,,,,,,,,,,493.7261,496.4576,e,2.7257,,0,1,1,2,1,stimuliTAFCfirst/nimnym003.wav,,,,,,,,,,,,,
,,,,,46,001,2024-06-03_10h07.38.588,mathesisv2,2024.1.3,Win32,60.06727535,,,,,,,,,,,,,,,,,y,,,,,,,,,,,,,,,,,,,,,,,,,,,,,,,,,,,,,,,,,,,,,,,,,,,,,,,,,,,,,,,496.484,498.6687,y,2.1719,,0,2,2,4,1,stimuliTAFCfirst/nimnym005.wav,,,,,,,,,,,,,
,,,,,46,001,2024-06-03_10h07.38.588,mathesisv2,2024.1.3,Win32,60.06727535,,,,,,,,,,,,,,,,,e,,,,,,,,,,,,,,,,,,,,,,,,,,,,,,,,,,,,,,,,,,,,,,,,,,,,,,,,,,,,,,,498.6697,500.3722,e,1.6848,,0,3,3,1,1,stimuliTAFCfirst/nimnym002.wav,,,,,,,,,,,,,
,,,,,46,001,2024-06-03_10h07.38.588,mathesisv2,2024.1.3,Win32,60.06727535,,,,,,,,,,,,,,,,,y,,,,,,,,,,,,,,,,,,,,,,,,,,,,,,,,,,,,,,,,,,,,,,,,,,,,,,,,,,,,,,,500.373,502.1873,y,1.8063,,0,4,4,6,1,stimuliTAFCfirst/nimnym007.wav,,,,,,,,,,,,,
,,,,,46,001,2024-06-03_10h07.38.588,mathesisv2,2024.1.3,Win32,60.06727535,,,,,,,,,,,,,,,,,x,,,,,,,,,,,,,,,,,,,,,,,,,,,,,,,,,,,,,,,,,,,,,,,,,,,,,,,,,,,,,,,502.188,505.2661,y,3.0634,,0,5,5,3,1,stimuliTAFCfirst/nimnym004.wav,,,,,,,,,,,,,
,,,,,46,001,2024-06-03_10h07.38.588,mathesisv2,2024.1.3,Win32,60.06727535,,,,,,,,,,,,,,,,,e,,,,,,,,,,,,,,,,,,,,,,,,,,,,,,,,,,,,,,,,,,,,,,,,,,,,,,,,,,,,,,,505.2669,506.9106,e,1.6186,,0,6,6,0,1,stimuliTAFCfirst/nimnym001.wav,,,,,,,,,,,,,
,,,,,46,001,2024-06-03_10h07.38.588,mathesisv2,2024.1.3,Win32,60.06727535,,,,,,,,,,,,,,,,,e,,,,,,,,,,,,,,,,,,,,,,,,,,,,,,,,,,,,,,,,,,,,,,,,,,,,,,,,,,,,,,,506.9115,508.7133,e,1.7821,,1,0,7,2,1,stimuliTAFCfirst/nimnym003.wav,,,,,,,,,,,,,
,,,,,46,001,2024-06-03_10h07.38.588,mathesisv2,2024.1.3,Win32,60.06727535,,,,,,,,,,,,,,,,,e,,,,,,,,,,,,,,,,,,,,,,,,,,,,,,,,,,,,,,,,,,,,,,,,,,,,,,,,,,,,,,,508.7147,510.358,e,1.6292,,1,1,8,0,1,stimuliTAFCfirst/nimnym001.wav,,,,,,,,,,,,,
,,,,,46,001,2024-06-03_10h07.38.588,mathesisv2,2024.1.3,Win32,60.06727535,,,,,,,,,,,,,,,,,y,,,,,,,,,,,,,,,,,,,,,,,,,,,,,,,,,,,,,,,,,,,,,,,,,,,,,,,,,,,,,,,510.3585,512.2054,y,1.8182,,1,2,9,5,1,stimuliTAFCfirst/nimnym006.wav,,,,,,,,,,,,,
,,,,,46,001,2024-06-03_10h07.38.588,mathesisv2,2024.1.3,Win32,60.06727535,,,,,,,,,,,,,,,,,x,,,,,,,,,,,,,,,,,,,,,,,,,,,,,,,,,,,,,,,,,,,,,,,,,,,,,,,,,,,,,,,512.2068,514.4366,e,2.2095,,1,3,10,3,1,stimuliTAFCfirst/nimnym004.wav,,,,,,,,,,,,,
,,,,,46,001,2024-06-03_10h07.38.588,mathesisv2,2024.1.3,Win32,60.06727535,,,,,,,,,,,,,,,,,y,,,,,,,,,,,,,,,,,,,,,,,,,,,,,,,,,,,,,,,,,,,,,,,,,,,,,,,,,,,,,,,514.4374,516.1178,e,1.6534,,1,4,11,4,1,stimuliTAFCfirst/nimnym005.wav,,,,,,,,,,,,,
,,,,,46,001,2024-06-03_10h07.38.588,mathesisv2,2024.1.3,Win32,60.06727535,,,,,,,,,,,,,,,,,e,,,,,,,,,,,,,,,,,,,,,,,,,,,,,,,,,,,,,,,,,,,,,,,,,,,,,,,,,,,,,,,516.1183,517.5016,e,1.3643,,1,5,12,1,1,stimuliTAFCfirst/nimnym002.wav,,,,,,,,,,,,,
,,,,,46,001,2024-06-03_10h07.38.588,mathesisv2,2024.1.3,Win32,60.06727535,,,,,,,,,,,,,,,,,y,,,,,,,,,,,,,,,,,,,,,,,,,,,,,,,,,,,,,,,,,,,,,,,,,,,,,,,,,,,,,,,517.5028,519.3811,y,1.8524,,1,6,13,6,1,stimuliTAFCfirst/nimnym007.wav,,,,,,,,,,,,,
,,,,,46,001,2024-06-03_10h07.38.588,mathesisv2,2024.1.3,Win32,60.06727535,,,,,,,,,,,,,,,,,y,519.382,522.7185,space,3.3129,,,,,,,,,,,,,,,,,,,,,,,,,,,,,,,,,,,,,,,,,,,,,,,,,,,,,,,,,,,,,,,,,,,,,,522.7558,525.9923,y,3.2021,,0,0,0,4,1,stimuliTAFCsec/numnym005.wav,,
,,,,,46,001,2024-06-03_10h07.38.588,mathesisv2,2024.1.3,Win32,60.06727535,,,,,,,,,,,,,,,,,u,,,,,,,,,,,,,,,,,,,,,,,,,,,,,,,,,,,,,,,,,,,,,,,,,,,,,,,,,,,,,,,,,,,,,,,,,,525.9935,527.5759,u,1.5634,,0,1,1,1,1,stimuliTAFCsec/numnym002.wav,,
,,,,,46,001,2024-06-03_10h07.38.588,mathesisv2,2024.1.3,Win32,60.06727535,,,,,,,,,,,,,,,,,y,,,,,,,,,,,,,,,,,,,,,,,,,,,,,,,,,,,,,,,,,,,,,,,,,,,,,,,,,,,,,,,,,,,,,,,,,,527.5768,529.2216,y,1.6147,,0,2,2,5,1,stimuliTAFCsec/numnym006.wav,,
,,,,,46,001,2024-06-03_10h07.38.588,mathesisv2,2024.1.3,Win32,60.06727535,,,,,,,,,,,,,,,,,x,,,,,,,,,,,,,,,,,,,,,,,,,,,,,,,,,,,,,,,,,,,,,,,,,,,,,,,,,,,,,,,,,,,,,,,,,,529.222,530.9379,u,1.6867,,0,3,3,3,1,stimuliTAFCsec/numnym004.wav,,
,,,,,46,001,2024-06-03_10h07.38.588,mathesisv2,2024.1.3,Win32,60.06727535,,,,,,,,,,,,,,,,,u,,,,,,,,,,,,,,,,,,,,,,,,,,,,,,,,,,,,,,,,,,,,,,,,,,,,,,,,,,,,,,,,,,,,,,,,,,530.9391,532.2358,u,1.2713,,0,4,4,2,1,stimuliTAFCsec/numnym003.wav,,
,,,,,46,001,2024-06-03_10h07.38.588,mathesisv2,2024.1.3,Win32,60.06727535,,,,,,,,,,,,,,,,,y,,,,,,,,,,,,,,,,,,,,,,,,,,,,,,,,,,,,,,,,,,,,,,,,,,,,,,,,,,,,,,,,,,,,,,,,,,532.2368,533.5897,y,1.3332,,0,5,5,6,1,stimuliTAFCsec/numnym007.wav,,
,,,,,46,001,2024-06-03_10h07.38.588,mathesisv2,2024.1.3,Win32,60.06727535,,,,,,,,,,,,,,,,,u,,,,,,,,,,,,,,,,,,,,,,,,,,,,,,,,,,,,,,,,,,,,,,,,,,,,,,,,,,,,,,,,,,,,,,,,,,533.5904,534.9553,u,1.3503,,0,6,6,0,1,stimuliTAFCsec/numnym001.wav,,
,,,,,46,001,2024-06-03_10h07.38.588,mathesisv2,2024.1.3,Win32,60.06727535,,,,,,,,,,,,,,,,,y,,,,,,,,,,,,,,,,,,,,,,,,,,,,,,,,,,,,,,,,,,,,,,,,,,,,,,,,,,,,,,,,,,,,,,,,,,534.9561,536.3371,y,1.3662,,1,0,7,4,1,stimuliTAFCsec/numnym005.wav,,
,,,,,46,001,2024-06-03_10h07.38.588,mathesisv2,2024.1.3,Win32,60.06727535,,,,,,,,,,,,,,,,,x,,,,,,,,,,,,,,,,,,,,,,,,,,,,,,,,,,,,,,,,,,,,,,,,,,,,,,,,,,,,,,,,,,,,,,,,,,536.3379,537.6693,u,1.3167,,1,1,8,3,1,stimuliTAFCsec/numnym004.wav,,
,,,,,46,001,2024-06-03_10h07.38.588,mathesisv2,2024.1.3,Win32,60.06727535,,,,,,,,,,,,,,,,,y,,,,,,,,,,,,,,,,,,,,,,,,,,,,,,,,,,,,,,,,,,,,,,,,,,,,,,,,,,,,,,,,,,,,,,,,,,537.6704,538.9013,y,1.2171,,1,2,9,6,1,stimuliTAFCsec/numnym007.wav,,
,,,,,46,001,2024-06-03_10h07.38.588,mathesisv2,2024.1.3,Win32,60.06727535,,,,,,,,,,,,,,,,,u,,,,,,,,,,,,,,,,,,,,,,,,,,,,,,,,,,,,,,,,,,,,,,,,,,,,,,,,,,,,,,,,,,,,,,,,,,538.9023,540.2948,u,1.3707,,1,3,10,2,1,stimuliTAFCsec/numnym003.wav,,
,,,,,46,001,2024-06-03_10h07.38.588,mathesisv2,2024.1.3,Win32,60.06727535,,,,,,,,,,,,,,,,,u,,,,,,,,,,,,,,,,,,,,,,,,,,,,,,,,,,,,,,,,,,,,,,,,,,,,,,,,,,,,,,,,,,,,,,,,,,540.2958,541.8764,u,1.5515,,1,4,11,1,1,stimuliTAFCsec/numnym002.wav,,
,,,,,46,001,2024-06-03_10h07.38.588,mathesisv2,2024.1.3,Win32,60.06727535,,,,,,,,,,,,,,,,,y,,,,,,,,,,,,,,,,,,,,,,,,,,,,,,,,,,,,,,,,,,,,,,,,,,,,,,,,,,,,,,,,,,,,,,,,,,541.8777,543.3583,y,1.4531,,1,5,12,5,1,stimuliTAFCsec/numnym006.wav,,
,,,,,46,001,2024-06-03_10h07.38.588,mathesisv2,2024.1.3,Win32,60.06727535,,,,,,,,,,,,,,,,,u,,,,,,,,,,,,,,,,,,,,,,,,,,,,,,,,,,,,,,,,,,,,,,,,,,,,,,,,,,,,,,,,,,,,,,,,,,543.3593,544.6235,u,1.2419,,1,6,13,0,1,stimuliTAFCsec/numnym001.wav,,
,,,,,46,001,2024-06-03_10h07.38.588,mathesisv2,2024.1.3,Win32,60.06727535,,,,,,,,,,,,,,,,,y,,,,,,,,,,,,,,,,,,,,,,,,,,544.625,551.1009,space,6.449,,,,,,,,,,,,,,,,,,,,,,,,,,,,,,,,,,551.1396,553.3821,y,2.2323,,0,0,0,6,1,stimuliTAFCfirst/nimnym007.wav,,,,,,,,,,,,,
,,,,,46,001,2024-06-03_10h07.38.588,mathesisv2,2024.1.3,Win32,60.06727535,,,,,,,,,,,,,,,,,x,,,,,,,,,,,,,,,,,,,,,,,,,,,,,,,,,,,,,,,,,,,,,,,,,,,,,,,,,,,,,,,553.3832,555.9788,e,2.5698,,0,1,1,3,1,stimuliTAFCfirst/nimnym004.wav,,,,,,,,,,,,,
,,,,,46,001,2024-06-03_10h07.38.588,mathesisv2,2024.1.3,Win32,60.06727535,,,,,,,,,,,,,,,,,y,,,,,,,,,,,,,,,,,,,,,,,,,,,,,,,,,,,,,,,,,,,,,,,,,,,,,,,,,,,,,,,555.9792,559.459,y,3.4477,,0,2,2,4,1,stimuliTAFCfirst/nimnym005.wav,,,,,,,,,,,,,
,,,,,46,001,2024-06-03_10h07.38.588,mathesisv2,2024.1.3,Win32,60.06727535,,,,,,,,,,,,,,,,,e,,,,,,,,,,,,,,,,,,,,,,,,,,,,,,,,,,,,,,,,,,,,,,,,,,,,,,,,,,,,,,,559.4755,561.0074,e,1.5179,,0,3,3,0,1,stimuliTAFCfirst/nimnym001.wav,,,,,,,,,,,,,
,,,,,46,001,2024-06-03_10h07.38.588,mathesisv2,2024.1.3,Win32,60.06727535,,,,,,,,,,,,,,,,,e,,,,,,,,,,,,,,,,,,,,,,,,,,,,,,,,,,,,,,,,,,,,,,,,,,,,,,,,,,,,,,,561.008,562.46,e,1.4325,,0,4,4,2,1,stimuliTAFCfirst/nimnym003.wav,,,,,,,,,,,,,
,,,,,46,001,2024-06-03_10h07.38.588,mathesisv2,2024.1.3,Win32,60.06727535,,,,,,,,,,,,,,,,,y,,,,,,,,,,,,,,,,,,,,,,,,,,,,,,,,,,,,,,,,,,,,,,,,,,,,,,,,,,,,,,,562.4605,564.2706,e,1.7851,,0,5,5,5,1,stimuliTAFCfirst/nimnym006.wav,,,,,,,,,,,,,
,,,,,46,001,2024-06-03_10h07.38.588,mathesisv2,2024.1.3,Win32,60.06727535,,,,,,,,,,,,,,,,,e,,,,,,,,,,,,,,,,,,,,,,,,,,,,,,,,,,,,,,,,,,,,,,,,,,,,,,,,,,,,,,,564.271,565.7235,e,1.4325,,0,6,6,1,1,stimuliTAFCfirst/nimnym002.wav,,,,,,,,,,,,,
,,,,,46,001,2024-06-03_10h07.38.588,mathesisv2,2024.1.3,Win32,60.06727535,,,,,,,,,,,,,,,,,y,,,,,,,,,,,,,,,,,,,,,,,,,,,,,,,,,,,,,,,,,,,,,,,,,,,,,,,,,,,,,,,565.7241,568.4026,y,2.6627,,1,0,7,4,1,stimuliTAFCfirst/nimnym005.wav,,,,,,,,,,,,,
,,,,,46,001,2024-06-03_10h07.38.588,mathesisv2,2024.1.3,Win32,60.06727535,,,,,,,,,,,,,,,,,e,,,,,,,,,,,,,,,,,,,,,,,,,,,,,,,,,,,,,,,,,,,,,,,,,,,,,,,,,,,,,,,568.418,569.6821,e,1.2565,,1,1,8,1,1,stimuliTAFCfirst/nimnym002.wav,,,,,,,,,,,,,
,,,,,46,001,2024-06-03_10h07.38.588,mathesisv2,2024.1.3,Win32,60.06727535,,,,,,,,,,,,,,,,,x,,,,,,,,,,,,,,,,,,,,,,,,,,,,,,,,,,,,,,,,,,,,,,,,,,,,,,,,,,,,,,,569.6827,571.0475,e,1.3392,,1,2,9,3,1,stimuliTAFCfirst/nimnym004.wav,,,,,,,,,,,,,
,,,,,46,001,2024-06-03_10h07.38.588,mathesisv2,2024.1.3,Win32,60.06727535,,,,,,,,,,,,,,,,,e,,,,,,,,,,,,,,,,,,,,,,,,,,,,,,,,,,,,,,,,,,,,,,,,,,,,,,,,,,,,,,,571.0481,572.3682,e,1.2987,,1,3,10,0,1,stimuliTAFCfirst/nimnym001.wav,,,,,,,,,,,,,
,,,,,46,001,2024-06-03_10h07.38.588,mathesisv2,2024.1.3,Win32,60.06727535,,,,,,,,,,,,,,,,,y,,,,,,,,,,,,,,,,,,,,,,,,,,,,,,,,,,,,,,,,,,,,,,,,,,,,,,,,,,,,,,,572.3687,574.0301,y,1.6465,,1,4,11,6,1,stimuliTAFCfirst/nimnym007.wav,,,,,,,,,,,,,
,,,,,46,001,2024-06-03_10h07.38.588,mathesisv2,2024.1.3,Win32,60.06727535,,,,,,,,,,,,,,,,,e,,,,,,,,,,,,,,,,,,,,,,,,,,,,,,,,,,,,,,,,,,,,,,,,,,,,,,,,,,,,,,,574.0319,575.3989,e,1.35,,1,5,12,2,1,stimuliTAFCfirst/nimnym003.wav,,,,,,,,,,,,,
,,,,,46,001,2024-06-03_10h07.38.588,mathesisv2,2024.1.3,Win32,60.06727535,,,,,,,,,,,,,,,,,y,,,,,,,,,,,,,,,,,,,,,,,,,,,,,,,,,,,,,,,,,,,,,,,,,,,,,,,,,,,,,,,575.3999,576.8915,y,1.4745,,1,6,13,5,1,stimuliTAFCfirst/nimnym006.wav,,,,,,,,,,,,,
,,,,,46,001,2024-06-03_10h07.38.588,mathesisv2,2024.1.3,Win32,60.06727535,,,,,,,,,,,,,,,,,x,576.8917,579.5788,space,2.666,,,,,,,,,,,,,,,,,,,,,,,,,,,,,,,,,,,,,,,,,,,,,,,,,,,,,,,,,,,,,,,,,,,,,,579.614,581.6209,u,1.9996,,0,0,0,3,1,stimuliTAFCsec/numnym004.wav,,
,,,,,46,001,2024-06-03_10h07.38.588,mathesisv2,2024.1.3,Win32,60.06727535,,,,,,,,,,,,,,,,,y,,,,,,,,,,,,,,,,,,,,,,,,,,,,,,,,,,,,,,,,,,,,,,,,,,,,,,,,,,,,,,,,,,,,,,,,,,581.6217,582.9193,y,1.2747,,0,1,1,6,1,stimuliTAFCsec/numnym007.wav,,
,,,,,46,001,2024-06-03_10h07.38.588,mathesisv2,2024.1.3,Win32,60.06727535,,,,,,,,,,,,,,,,,u,,,,,,,,,,,,,,,,,,,,,,,,,,,,,,,,,,,,,,,,,,,,,,,,,,,,,,,,,,,,,,,,,,,,,,,,,,582.9202,584.4681,u,1.521,,0,2,2,1,1,stimuliTAFCsec/numnym002.wav,,
,,,,,46,001,2024-06-03_10h07.38.588,mathesisv2,2024.1.3,Win32,60.06727535,,,,,,,,,,,,,,,,,y,,,,,,,,,,,,,,,,,,,,,,,,,,,,,,,,,,,,,,,,,,,,,,,,,,,,,,,,,,,,,,,,,,,,,,,,,,584.4689,585.8887,y,1.3998,,0,3,3,4,1,stimuliTAFCsec/numnym005.wav,,
,,,,,46,001,2024-06-03_10h07.38.588,mathesisv2,2024.1.3,Win32,60.06727535,,,,,,,,,,,,,,,,,u,,,,,,,,,,,,,,,,,,,,,,,,,,,,,,,,,,,,,,,,,,,,,,,,,,,,,,,,,,,,,,,,,,,,,,,,,,585.8898,587.0822,u,1.1684,,0,4,4,0,1,stimuliTAFCsec/numnym001.wav,,
,,,,,46,001,2024-06-03_10h07.38.588,mathesisv2,2024.1.3,Win32,60.06727535,,,,,,,,,,,,,,,,,u,,,,,,,,,,,,,,,,,,,,,,,,,,,,,,,,,,,,,,,,,,,,,,,,,,,,,,,,,,,,,,,,,,,,,,,,,,587.0831,588.6974,u,1.5897,,0,5,5,2,1,stimuliTAFCsec/numnym003.wav,,
,,,,,46,001,2024-06-03_10h07.38.588,mathesisv2,2024.1.3,Win32,60.06727535,,,,,,,,,,,,,,,,,y,,,,,,,,,,,,,,,,,,,,,,,,,,,,,,,,,,,,,,,,,,,,,,,,,,,,,,,,,,,,,,,,,,,,,,,,,,588.6984,590.1293,y,1.4026,,0,6,6,5,1,stimuliTAFCsec/numnym006.wav,,
,,,,,46,001,2024-06-03_10h07.38.588,mathesisv2,2024.1.3,Win32,60.06727535,,,,,,,,,,,,,,,,,u,,,,,,,,,,,,,,,,,,,,,,,,,,,,,,,,,,,,,,,,,,,,,,,,,,,,,,,,,,,,,,,,,,,,,,,,,,590.1304,591.4103,u,1.2521,,1,0,7,1,1,stimuliTAFCsec/numnym002.wav,,
,,,,,46,001,2024-06-03_10h07.38.588,mathesisv2,2024.1.3,Win32,60.06727535,,,,,,,,,,,,,,,,,x,,,,,,,,,,,,,,,,,,,,,,,,,,,,,,,,,,,,,,,,,,,,,,,,,,,,,,,,,,,,,,,,,,,,,,,,,,591.4119,593.0583,y,1.6218,,1,1,8,3,1,stimuliTAFCsec/numnym004.wav,,
,,,,,46,001,2024-06-03_10h07.38.588,mathesisv2,2024.1.3,Win32,60.06727535,,,,,,,,,,,,,,,,,u,,,,,,,,,,,,,,,,,,,,,,,,,,,,,,,,,,,,,,,,,,,,,,,,,,,,,,,,,,,,,,,,,,,,,,,,,,593.06,594.2973,u,1.2164,,1,2,9,2,1,stimuliTAFCsec/numnym003.wav,,
,,,,,46,001,2024-06-03_10h07.38.588,mathesisv2,2024.1.3,Win32,60.06727535,,,,,,,,,,,,,,,,,u,,,,,,,,,,,,,,,,,,,,,,,,,,,,,,,,,,,,,,,,,,,,,,,,,,,,,,,,,,,,,,,,,,,,,,,,,,594.2984,595.9621,u,1.6496,,1,3,10,0,1,stimuliTAFCsec/numnym001.wav,,
,,,,,46,001,2024-06-03_10h07.38.588,mathesisv2,2024.1.3,Win32,60.06727535,,,,,,,,,,,,,,,,,y,,,,,,,,,,,,,,,,,,,,,,,,,,,,,,,,,,,,,,,,,,,,,,,,,,,,,,,,,,,,,,,,,,,,,,,,,,595.9631,597.4887,y,1.503,,1,4,11,4,1,stimuliTAFCsec/numnym005.wav,,
,,,,,46,001,2024-06-03_10h07.38.588,mathesisv2,2024.1.3,Win32,60.06727535,,,,,,,,,,,,,,,,,y,,,,,,,,,,,,,,,,,,,,,,,,,,,,,,,,,,,,,,,,,,,,,,,,,,,,,,,,,,,,,,,,,,,,,,,,,,597.4897,599.2586,y,1.7493,,1,5,12,6,1,stimuliTAFCsec/numnym007.wav,,
,,,,,46,001,2024-06-03_10h07.38.588,mathesisv2,2024.1.3,Win32,60.06727535,,,,,,,,,,,,,,,,,y,,,,,,,,,,,,,,,,,,,,,,,,,,,,,,,,,,,,,,,,,,,,,,,,,,,,,,,,,,,,,,,,,,,,,,,,,,599.2596,601.0738,y,1.7994,,1,6,13,5,1,stimuliTAFCsec/numnym006.wav,,
,,,,,46,001,2024-06-03_10h07.38.588,mathesisv2,2024.1.3,Win32,60.06727535,,,,,,,,,,,,,,,,,y,,,,,,,,,,,,,,,,,,,,,,,,,,601.0744,618.0038,space,16.9115,,,,,,,,,,,,,,,,,,,,,,,,,,,,,,,,,,618.0439,621.5488,e,3.4893,,0,0,0,4,1,stimuliTAFCfirst/nimnym005.wav,,,,,,,,,,,,,
,,,,,46,001,2024-06-03_10h07.38.588,mathesisv2,2024.1.3,Win32,60.06727535,,,,,,,,,,,,,,,,,x,,,,,,,,,,,,,,,,,,,,,,,,,,,,,,,,,,,,,,,,,,,,,,,,,,,,,,,,,,,,,,,621.5499,623.0024,e,1.433,,0,1,1,3,1,stimuliTAFCfirst/nimnym004.wav,,,,,,,,,,,,,
,,,,,46,001,2024-06-03_10h07.38.588,mathesisv2,2024.1.3,Win32,60.06727535,,,,,,,,,,,,,,,,,e,,,,,,,,,,,,,,,,,,,,,,,,,,,,,,,,,,,,,,,,,,,,,,,,,,,,,,,,,,,,,,,623.0034,624.4181,e,1.4003,,0,2,2,0,1,stimuliTAFCfirst/nimnym001.wav,,,,,,,,,,,,,
,,,,,46,001,2024-06-03_10h07.38.588,mathesisv2,2024.1.3,Win32,60.06727535,,,,,,,,,,,,,,,,,e,,,,,,,,,,,,,,,,,,,,,,,,,,,,,,,,,,,,,,,,,,,,,,,,,,,,,,,,,,,,,,,624.4189,625.7278,e,1.2926,,0,3,3,1,1,stimuliTAFCfirst/nimnym002.wav,,,,,,,,,,,,,
,,,,,46,001,2024-06-03_10h07.38.588,mathesisv2,2024.1.3,Win32,60.06727535,,,,,,,,,,,,,,,,,y,,,,,,,,,,,,,,,,,,,,,,,,,,,,,,,,,,,,,,,,,,,,,,,,,,,,,,,,,,,,,,,625.7288,627.3439,y,1.5954,,0,4,4,6,1,stimuliTAFCfirst/nimnym007.wav,,,,,,,,,,,,,
,,,,,46,001,2024-06-03_10h07.38.588,mathesisv2,2024.1.3,Win32,60.06727535,,,,,,,,,,,,,,,,,e,,,,,,,,,,,,,,,,,,,,,,,,,,,,,,,,,,,,,,,,,,,,,,,,,,,,,,,,,,,,,,,627.3449,629.0797,e,1.7162,,0,5,5,2,1,stimuliTAFCfirst/nimnym003.wav,,,,,,,,,,,,,
,,,,,46,001,2024-06-03_10h07.38.588,mathesisv2,2024.1.3,Win32,60.06727535,,,,,,,,,,,,,,,,,y,,,,,,,,,,,,,,,,,,,,,,,,,,,,,,,,,,,,,,,,,,,,,,,,,,,,,,,,,,,,,,,629.0803,630.4729,y,1.3735,,0,6,6,5,1,stimuliTAFCfirst/nimnym006.wav,,,,,,,,,,,,,
,,,,,46,001,2024-06-03_10h07.38.588,mathesisv2,2024.1.3,Win32,60.06727535,,,,,,,,,,,,,,,,,e,,,,,,,,,,,,,,,,,,,,,,,,,,,,,,,,,,,,,,,,,,,,,,,,,,,,,,,,,,,,,,,630.4738,631.8774,e,1.3833,,1,0,7,0,1,stimuliTAFCfirst/nimnym001.wav,,,,,,,,,,,,,
,,,,,46,001,2024-06-03_10h07.38.588,mathesisv2,2024.1.3,Win32,60.06727535,,,,,,,,,,,,,,,,,e,,,,,,,,,,,,,,,,,,,,,,,,,,,,,,,,,,,,,,,,,,,,,,,,,,,,,,,,,,,,,,,631.8782,633.571,e,1.6785,,1,1,8,2,1,stimuliTAFCfirst/nimnym003.wav,,,,,,,,,,,,,
,,,,,46,001,2024-06-03_10h07.38.588,mathesisv2,2024.1.3,Win32,60.06727535,,,,,,,,,,,,,,,,,x,,,,,,,,,,,,,,,,,,,,,,,,,,,,,,,,,,,,,,,,,,,,,,,,,,,,,,,,,,,,,,,633.572,635.0879,e,1.4971,,1,2,9,3,1,stimuliTAFCfirst/nimnym004.wav,,,,,,,,,,,,,
,,,,,46,001,2024-06-03_10h07.38.588,mathesisv2,2024.1.3,Win32,60.06727535,,,,,,,,,,,,,,,,,y,,,,,,,,,,,,,,,,,,,,,,,,,,,,,,,,,,,,,,,,,,,,,,,,,,,,,,,,,,,,,,,635.0887,636.5836,e,1.4718,,1,3,10,4,1,stimuliTAFCfirst/nimnym005.wav,,,,,,,,,,,,,
,,,,,46,001,2024-06-03_10h07.38.588,mathesisv2,2024.1.3,Win32,60.06727535,,,,,,,,,,,,,,,,,y,,,,,,,,,,,,,,,,,,,,,,,,,,,,,,,,,,,,,,,,,,,,,,,,,,,,,,,,,,,,,,,636.5846,638.4208,y,1.8162,,1,4,11,5,1,stimuliTAFCfirst/nimnym006.wav,,,,,,,,,,,,,
,,,,,46,001,2024-06-03_10h07.38.588,mathesisv2,2024.1.3,Win32,60.06727535,,,,,,,,,,,,,,,,,y,,,,,,,,,,,,,,,,,,,,,,,,,,,,,,,,,,,,,,,,,,,,,,,,,,,,,,,,,,,,,,,638.4215,640.0193,y,1.5833,,1,5,12,6,1,stimuliTAFCfirst/nimnym007.wav,,,,,,,,,,,,,
,,,,,46,001,2024-06-03_10h07.38.588,mathesisv2,2024.1.3,Win32,60.06727535,,,,,,,,,,,,,,,,,e,,,,,,,,,,,,,,,,,,,,,,,,,,,,,,,,,,,,,,,,,,,,,,,,,,,,,,,,,,,,,,,640.0203,641.3985,e,1.364,,1,6,13,1,1,stimuliTAFCfirst/nimnym002.wav,,,,,,,,,,,,,
,,,,,46,001,2024-06-03_10h07.38.588,mathesisv2,2024.1.3,Win32,60.06727535,,,,,,,,,,,,,,,,,u,641.3989,643.4135,space,1.996,,,,,,,,,,,,,,,,,,,,,,,,,,,,,,,,,,,,,,,,,,,,,,,,,,,,,,,,,,,,,,,,,,,,,,643.4494,645.4468,u,1.9917,,0,0,0,1,1,stimuliTAFCsec/numnym002.wav,,
,,,,,46,001,2024-06-03_10h07.38.588,mathesisv2,2024.1.3,Win32,60.06727535,,,,,,,,,,,,,,,,,x,,,,,,,,,,,,,,,,,,,,,,,,,,,,,,,,,,,,,,,,,,,,,,,,,,,,,,,,,,,,,,,,,,,,,,,,,,645.4479,646.9235,u,1.4561,,0,1,1,3,1,stimuliTAFCsec/numnym004.wav,,
,,,,,46,001,2024-06-03_10h07.38.588,mathesisv2,2024.1.3,Win32,60.06727535,,,,,,,,,,,,,,,,,u,,,,,,,,,,,,,,,,,,,,,,,,,,,,,,,,,,,,,,,,,,,,,,,,,,,,,,,,,,,,,,,,,,,,,,,,,,646.9244,648.3777,u,1.433,,0,2,2,2,1,stimuliTAFCsec/numnym003.wav,,
,,,,,46,001,2024-06-03_10h07.38.588,mathesisv2,2024.1.3,Win32,60.06727535,,,,,,,,,,,,,,,,,u,,,,,,,,,,,,,,,,,,,,,,,,,,,,,,,,,,,,,,,,,,,,,,,,,,,,,,,,,,,,,,,,,,,,,,,,,,648.3785,649.7734,u,1.3801,,0,3,3,0,1,stimuliTAFCsec/numnym001.wav,,
,,,,,46,001,2024-06-03_10h07.38.588,mathesisv2,2024.1.3,Win32,60.06727535,,,,,,,,,,,,,,,,,y,,,,,,,,,,,,,,,,,,,,,,,,,,,,,,,,,,,,,,,,,,,,,,,,,,,,,,,,,,,,,,,,,,,,,,,,,,649.7741,651.1886,y,1.3969,,0,4,4,6,1,stimuliTAFCsec/numnym007.wav,,
,,,,,46,001,2024-06-03_10h07.38.588,mathesisv2,2024.1.3,Win32,60.06727535,,,,,,,,,,,,,,,,,y,,,,,,,,,,,,,,,,,,,,,,,,,,,,,,,,,,,,,,,,,,,,,,,,,,,,,,,,,,,,,,,,,,,,,,,,,,651.1895,652.6513,y,1.4388,,0,5,5,4,1,stimuliTAFCsec/numnym005.wav,,
,,,,,46,001,2024-06-03_10h07.38.588,mathesisv2,2024.1.3,Win32,60.06727535,,,,,,,,,,,,,,,,,y,,,,,,,,,,,,,,,,,,,,,,,,,,,,,,,,,,,,,,,,,,,,,,,,,,,,,,,,,,,,,,,,,,,,,,,,,,652.6522,654.1382,y,1.4659,,0,6,6,5,1,stimuliTAFCsec/numnym006.wav,,
,,,,,46,001,2024-06-03_10h07.38.588,mathesisv2,2024.1.3,Win32,60.06727535,,,,,,,,,,,,,,,,,u,,,,,,,,,,,,,,,,,,,,,,,,,,,,,,,,,,,,,,,,,,,,,,,,,,,,,,,,,,,,,,,,,,,,,,,,,,654.1389,655.5318,u,1.368,,1,0,7,1,1,stimuliTAFCsec/numnym002.wav,,
,,,,,46,001,2024-06-03_10h07.38.588,mathesisv2,2024.1.3,Win32,60.06727535,,,,,,,,,,,,,,,,,y,,,,,,,,,,,,,,,,,,,,,,,,,,,,,,,,,,,,,,,,,,,,,,,,,,,,,,,,,,,,,,,,,,,,,,,,,,655.5328,657.1522,y,1.5995,,1,1,8,5,1,stimuliTAFCsec/numnym006.wav,,
,,,,,46,001,2024-06-03_10h07.38.588,mathesisv2,2024.1.3,Win32,60.06727535,,,,,,,,,,,,,,,,,y,,,,,,,,,,,,,,,,,,,,,,,,,,,,,,,,,,,,,,,,,,,,,,,,,,,,,,,,,,,,,,,,,,,,,,,,,,657.1529,658.4967,y,1.329,,1,2,9,6,1,stimuliTAFCsec/numnym007.wav,,
,,,,,46,001,2024-06-03_10h07.38.588,mathesisv2,2024.1.3,Win32,60.06727535,,,,,,,,,,,,,,,,,y,,,,,,,,,,,,,,,,,,,,,,,,,,,,,,,,,,,,,,,,,,,,,,,,,,,,,,,,,,,,,,,,,,,,,,,,,,658.4983,659.8779,y,1.3508,,1,3,10,4,1,stimuliTAFCsec/numnym005.wav,,
,,,,,46,001,2024-06-03_10h07.38.588,mathesisv2,2024.1.3,Win32,60.06727535,,,,,,,,,,,,,,,,,x,,,,,,,,,,,,,,,,,,,,,,,,,,,,,,,,,,,,,,,,,,,,,,,,,,,,,,,,,,,,,,,,,,,,,,,,,,659.8788,661.2931,u,1.395,,1,4,11,3,1,stimuliTAFCsec/numnym004.wav,,
,,,,,46,001,2024-06-03_10h07.38.588,mathesisv2,2024.1.3,Win32,60.06727535,,,,,,,,,,,,,,,,,u,,,,,,,,,,,,,,,,,,,,,,,,,,,,,,,,,,,,,,,,,,,,,,,,,,,,,,,,,,,,,,,,,,,,,,,,,,661.2942,662.8302,u,1.5164,,1,5,12,2,1,stimuliTAFCsec/numnym003.wav,,
,,,,,46,001,2024-06-03_10h07.38.588,mathesisv2,2024.1.3,Win32,60.06727535,,,,,,,,,,,,,,,,,u,,,,,,,,,,,,,,,,,,,,,,,,,,,,,,,,,,,,,,,,,,,,,,,,,,,,,,,,,,,,,,,,,,,,,,,,,,662.8311,664.3398,u,1.4919,,1,6,13,0,1,stimuliTAFCsec/numnym001.wav,,
,,,,,46,001,2024-06-03_10h07.38.588,mathesisv2,2024.1.3,Win32,60.06727535,,,,,,,,,,,,,,,,,x,,,,,,,,,,,,,,,,,,,,,,,,,,664.3402,670.451,space,6.0881,,,,,,,,,,,,,,,,,,,,,,,,,,,,,,,,,,670.4881,672.4488,e,1.9449,,0,0,0,3,1,stimuliTAFCfirst/nimnym004.wav,,,,,,,,,,,,,
,,,,,46,001,2024-06-03_10h07.38.588,mathesisv2,2024.1.3,Win32,60.06727535,,,,,,,,,,,,,,,,,y,,,,,,,,,,,,,,,,,,,,,,,,,,,,,,,,,,,,,,,,,,,,,,,,,,,,,,,,,,,,,,,672.4497,675.816,e,3.3465,,0,1,1,5,1,stimuliTAFCfirst/nimnym006.wav,,,,,,,,,,,,,
,,,,,46,001,2024-06-03_10h07.38.588,mathesisv2,2024.1.3,Win32,60.06727535,,,,,,,,,,,,,,,,,e,,,,,,,,,,,,,,,,,,,,,,,,,,,,,,,,,,,,,,,,,,,,,,,,,,,,,,,,,,,,,,,675.8442,677.2795,e,1.4227,,0,2,2,0,1,stimuliTAFCfirst/nimnym001.wav,,,,,,,,,,,,,
,,,,,46,001,2024-06-03_10h07.38.588,mathesisv2,2024.1.3,Win32,60.06727535,,,,,,,,,,,,,,,,,e,,,,,,,,,,,,,,,,,,,,,,,,,,,,,,,,,,,,,,,,,,,,,,,,,,,,,,,,,,,,,,,677.2807,678.4797,e,1.1824,,0,3,3,2,1,stimuliTAFCfirst/nimnym003.wav,,,,,,,,,,,,,
,,,,,46,001,2024-06-03_10h07.38.588,mathesisv2,2024.1.3,Win32,60.06727535,,,,,,,,,,,,,,,,,e,,,,,,,,,,,,,,,,,,,,,,,,,,,,,,,,,,,,,,,,,,,,,,,,,,,,,,,,,,,,,,,678.4807,679.7757,e,1.2786,,0,4,4,1,1,stimuliTAFCfirst/nimnym002.wav,,,,,,,,,,,,,
,,,,,46,001,2024-06-03_10h07.38.588,mathesisv2,2024.1.3,Win32,60.06727535,,,,,,,,,,,,,,,,,y,,,,,,,,,,,,,,,,,,,,,,,,,,,,,,,,,,,,,,,,,,,,,,,,,,,,,,,,,,,,,,,679.7767,681.0722,e,1.2814,,0,5,5,4,1,stimuliTAFCfirst/nimnym005.wav,,,,,,,,,,,,,
,,,,,46,001,2024-06-03_10h07.38.588,mathesisv2,2024.1.3,Win32,60.06727535,,,,,,,,,,,,,,,,,y,,,,,,,,,,,,,,,,,,,,,,,,,,,,,,,,,,,,,,,,,,,,,,,,,,,,,,,,,,,,,,,681.0734,682.5761,y,1.4867,,0,6,6,6,1,stimuliTAFCfirst/nimnym007.wav,,,,,,,,,,,,,
,,,,,46,001,2024-06-03_10h07.38.588,mathesisv2,2024.1.3,Win32,60.06727535,,,,,,,,,,,,,,,,,y,,,,,,,,,,,,,,,,,,,,,,,,,,,,,,,,,,,,,,,,,,,,,,,,,,,,,,,,,,,,,,,682.577,683.8247,y,1.2366,,1,0,7,4,1,stimuliTAFCfirst/nimnym005.wav,,,,,,,,,,,,,
,,,,,46,001,2024-06-03_10h07.38.588,mathesisv2,2024.1.3,Win32,60.06727535,,,,,,,,,,,,,,,,,x,,,,,,,,,,,,,,,,,,,,,,,,,,,,,,,,,,,,,,,,,,,,,,,,,,,,,,,,,,,,,,,683.8256,686.8237,e,2.9907,,1,1,8,3,1,stimuliTAFCfirst/nimnym004.wav,,,,,,,,,,,,,
,,,,,46,001,2024-06-03_10h07.38.588,mathesisv2,2024.1.3,Win32,60.06727535,,,,,,,,,,,,,,,,,y,,,,,,,,,,,,,,,,,,,,,,,,,,,,,,,,,,,,,,,,,,,,,,,,,,,,,,,,,,,,,,,686.8524,688.6322,y,1.7668,,1,2,9,6,1,stimuliTAFCfirst/nimnym007.wav,,,,,,,,,,,,,
,,,,,46,001,2024-06-03_10h07.38.588,mathesisv2,2024.1.3,Win32,60.06727535,,,,,,,,,,,,,,,,,e,,,,,,,,,,,,,,,,,,,,,,,,,,,,,,,,,,,,,,,,,,,,,,,,,,,,,,,,,,,,,,,688.6332,689.8484,e,1.2014,,1,3,10,2,1,stimuliTAFCfirst/nimnym003.wav,,,,,,,,,,,,,
,,,,,46,001,2024-06-03_10h07.38.588,mathesisv2,2024.1.3,Win32,60.06727535,,,,,,,,,,,,,,,,,e,,,,,,,,,,,,,,,,,,,,,,,,,,,,,,,,,,,,,,,,,,,,,,,,,,,,,,,,,,,,,,,689.8494,691.2804,e,1.4173,,1,4,11,1,1,stimuliTAFCfirst/nimnym002.wav,,,,,,,,,,,,,
,,,,,46,001,2024-06-03_10h07.38.588,mathesisv2,2024.1.3,Win32,60.06727535,,,,,,,,,,,,,,,,,y,,,,,,,,,,,,,,,,,,,,,,,,,,,,,,,,,,,,,,,,,,,,,,,,,,,,,,,,,,,,,,,691.2817,692.8968,y,1.6068,,1,5,12,5,1,stimuliTAFCfirst/nimnym006.wav,,,,,,,,,,,,,
,,,,,46,001,2024-06-03_10h07.38.588,mathesisv2,2024.1.3,Win32,60.06727535,,,,,,,,,,,,,,,,,e,,,,,,,,,,,,,,,,,,,,,,,,,,,,,,,,,,,,,,,,,,,,,,,,,,,,,,,,,,,,,,,692.8979,694.1286,e,1.2169,,1,6,13,0,1,stimuliTAFCfirst/nimnym001.wav,,,,,,,,,,,,,
,,,,,46,001,2024-06-03_10h07.38.588,mathesisv2,2024.1.3,Win32,60.06727535,,,,,,,,,,,,,,,,,y,694.1292,696.4418,space,2.2972,,,,,,,,,,,,,,,,,,,,,,,,,,,,,,,,,,,,,,,,,,,,,,,,,,,,,,,,,,,,,,,,,,,,,,696.4498,698.809,y,2.347,,0,0,0,5,1,stimuliTAFCsec/numnym006.wav,,
,,,,,46,001,2024-06-03_10h07.38.588,mathesisv2,2024.1.3,Win32,60.06727535,,,,,,,,,,,,,,,,,y,,,,,,,,,,,,,,,,,,,,,,,,,,,,,,,,,,,,,,,,,,,,,,,,,,,,,,,,,,,,,,,,,,,,,,,,,,698.8371,700.5599,y,1.717,,0,1,1,4,1,stimuliTAFCsec/numnym005.wav,,
,,,,,46,001,2024-06-03_10h07.38.588,mathesisv2,2024.1.3,Win32,60.06727535,,,,,,,,,,,,,,,,,u,,,,,,,,,,,,,,,,,,,,,,,,,,,,,,,,,,,,,,,,,,,,,,,,,,,,,,,,,,,,,,,,,,,,,,,,,,700.5608,702.0364,u,1.4571,,0,2,2,2,1,stimuliTAFCsec/numnym003.wav,,
,,,,,46,001,2024-06-03_10h07.38.588,mathesisv2,2024.1.3,Win32,60.06727535,,,,,,,,,,,,,,,,,y,,,,,,,,,,,,,,,,,,,,,,,,,,,,,,,,,,,,,,,,,,,,,,,,,,,,,,,,,,,,,,,,,,,,,,,,,,702.0375,703.258,y,1.2006,,0,3,3,6,1,stimuliTAFCsec/numnym007.wav,,
,,,,,46,001,2024-06-03_10h07.38.588,mathesisv2,2024.1.3,Win32,60.06727535,,,,,,,,,,,,,,,,,u,,,,,,,,,,,,,,,,,,,,,,,,,,,,,,,,,,,,,,,,,,,,,,,,,,,,,,,,,,,,,,,,,,,,,,,,,,703.2587,704.5696,u,1.2971,,0,4,4,1,1,stimuliTAFCsec/numnym002.wav,,
,,,,,46,001,2024-06-03_10h07.38.588,mathesisv2,2024.1.3,Win32,60.06727535,,,,,,,,,,,,,,,,,x,,,,,,,,,,,,,,,,,,,,,,,,,,,,,,,,,,,,,,,,,,,,,,,,,,,,,,,,,,,,,,,,,,,,,,,,,,704.5703,706.4155,u,1.8268,,0,5,5,3,1,stimuliTAFCsec/numnym004.wav,,
,,,,,46,001,2024-06-03_10h07.38.588,mathesisv2,2024.1.3,Win32,60.06727535,,,,,,,,,,,,,,,,,u,,,,,,,,,,,,,,,,,,,,,,,,,,,,,,,,,,,,,,,,,,,,,,,,,,,,,,,,,,,,,,,,,,,,,,,,,,706.4165,707.9182,u,1.482,,0,6,6,0,1,stimuliTAFCsec/numnym001.wav,,
,,,,,46,001,2024-06-03_10h07.38.588,mathesisv2,2024.1.3,Win32,60.06727535,,,,,,,,,,,,,,,,,y,,,,,,,,,,,,,,,,,,,,,,,,,,,,,,,,,,,,,,,,,,,,,,,,,,,,,,,,,,,,,,,,,,,,,,,,,,707.9192,709.2165,y,1.2816,,1,0,7,4,1,stimuliTAFCsec/numnym005.wav,,
,,,,,46,001,2024-06-03_10h07.38.588,mathesisv2,2024.1.3,Win32,60.06727535,,,,,,,,,,,,,,,,,y,,,,,,,,,,,,,,,,,,,,,,,,,,,,,,,,,,,,,,,,,,,,,,,,,,,,,,,,,,,,,,,,,,,,,,,,,,709.2176,710.8162,y,1.5828,,1,1,8,6,1,stimuliTAFCsec/numnym007.wav,,
,,,,,46,001,2024-06-03_10h07.38.588,mathesisv2,2024.1.3,Win32,60.06727535,,,,,,,,,,,,,,,,,u,,,,,,,,,,,,,,,,,,,,,,,,,,,,,,,,,,,,,,,,,,,,,,,,,,,,,,,,,,,,,,,,,,,,,,,,,,710.8169,712.0987,u,1.2665,,1,2,9,0,1,stimuliTAFCsec/numnym001.wav,,
,,,,,46,001,2024-06-03_10h07.38.588,mathesisv2,2024.1.3,Win32,60.06727535,,,,,,,,,,,,,,,,,u,,,,,,,,,,,,,,,,,,,,,,,,,,,,,,,,,,,,,,,,,,,,,,,,,,,,,,,,,,,,,,,,,,,,,,,,,,712.0996,713.4253,u,1.3011,,1,3,10,1,1,stimuliTAFCsec/numnym002.wav,,
,,,,,46,001,2024-06-03_10h07.38.588,mathesisv2,2024.1.3,Win32,60.06727535,,,,,,,,,,,,,,,,,y,,,,,,,,,,,,,,,,,,,,,,,,,,,,,,,,,,,,,,,,,,,,,,,,,,,,,,,,,,,,,,,,,,,,,,,,,,713.4263,714.7265,y,1.2805,,1,4,11,5,1,stimuliTAFCsec/numnym006.wav,,
,,,,,46,001,2024-06-03_10h07.38.588,mathesisv2,2024.1.3,Win32,60.06727535,,,,,,,,,,,,,,,,,u,,,,,,,,,,,,,,,,,,,,,,,,,,,,,,,,,,,,,,,,,,,,,,,,,,,,,,,,,,,,,,,,,,,,,,,,,,714.7273,716.0232,u,1.2788,,1,5,12,2,1,stimuliTAFCsec/numnym003.wav,,
,,,,,46,001,2024-06-03_10h07.38.588,mathesisv2,2024.1.3,Win32,60.06727535,,,,,,,,,,,,,,,,,x,,,,,,,,,,,,,,,,,,,,,,,,,,,,,,,,,,,,,,,,,,,,,,,,,,,,,,,,,,,,,,,,,,,,,,,,,,716.0242,717.51,u,1.4666,,1,6,13,3,1,stimuliTAFCsec/numnym004.wav,,
,,,,,46,001,2024-06-03_10h07.38.588,mathesisv2,2024.1.3,Win32,60.06727535,,,,,,,,,,,,,,,,,,,,,,,,,,,,,,,,,,,,,,,,,,,717.5103,729.1096,space,11.5792,,,,,,,,,,,,,,,,,,,,,,,,,,,,,,,,,,,,,,,,,,,,,,,,,,,,,,,,729.1232,734.1073
