﻿start.started,start.stopped,startkey_resp.keys,startkey_resp.rt,startkey_resp.duration,participant,session,date,expName,psychopyVersion,OS,frameRate,attention.started,attention.stopped,key_resp.keys,key_resp.rt,key_resp.duration,stimuliAXBmix.started,stimuliAXBmix.stopped,stimuliAXBkey_resp.keys,stimuliAXBkey_resp.rt,stimuliAXBkey_resp.duration,stimuliAXBtesttrials.thisRepN,stimuliAXBtesttrials.thisTrialN,stimuliAXBtesttrials.thisN,stimuliAXBtesttrials.thisIndex,stimuliAXBtesttrials.ran,stimuliAXBmix,Correct,attentionsecond.started,attentionsecond.stopped,attentionsecondkey_resp.keys,attentionsecondkey_resp.rt,attentionsecondkey_resp.duration,instAXBreal.started,instAXBreal.stopped,instAXBrealkey_resp.keys,instAXBrealkey_resp.rt,instAXBrealkey_resp.duration,stimuliAXBmixfirst.thisRepN,stimuliAXBmixfirst.thisTrialN,stimuliAXBmixfirst.thisN,stimuliAXBmixfirst.thisIndex,stimuliAXBmixfirst.ran,attentionfirst.started,attentionfirst.stopped,attentionfirstkey_resp.keys,attentionfirstkey_resp.rt,attentionfirstkey_resp.duration,stimuliAXbmixsec.thisRepN,stimuliAXbmixsec.thisTrialN,stimuliAXbmixsec.thisN,stimuliAXbmixsec.thisIndex,stimuliAXbmixsec.ran,kaffeepause.started,kaffeepause.stopped,kaffeepausekey_resp.keys,kaffeepausekey_resp.rt,kaffeepausekey_resp.duration,instTAFCtest.started,instTAFCtest.stopped,instTAFCtestkey_resp.keys,instTAFCtestkey_resp.rt,instTAFCtestkey_resp.duration,testTAFCmixfirst.started,testTAFCmixfirst.stopped,testTAFCmixfirstkey_resp.keys,testTAFCmixfirstkey_resp.rt,testTAFCmixfirstkey_resp.duration,testTAFCmixfirsttrials.thisRepN,testTAFCmixfirsttrials.thisTrialN,testTAFCmixfirsttrials.thisN,testTAFCmixfirsttrials.thisIndex,testTAFCmixfirsttrials.ran,testTAFCmixfirst,testTAFCmixsec.started,testTAFCmixsec.stopped,testTAFCmixseckey_resp.keys,testTAFCmixseckey_resp.rt,testTAFCmixseckey_resp.duration,testTAFCmixsectrials.thisRepN,testTAFCmixsectrials.thisTrialN,testTAFCmixsectrials.thisN,testTAFCmixsectrials.thisIndex,testTAFCmixsectrials.ran,testTAFCmixsec,instTAFCreal.started,instTAFCreal.stopped,instTAFCrealkey_resp.keys,instTAFCrealkey_resp.rt,instTAFCrealkey_resp.duration,stimuliTAFCfirst.started,stimuliTAFCfirst.stopped,stimuliTAFCfirstkey_resp.keys,stimuliTAFCfirstkey_resp.rt,stimuliTAFCfirstkey_resp.duration,stimuliTAFCfirsttrials.thisRepN,stimuliTAFCfirsttrials.thisTrialN,stimuliTAFCfirsttrials.thisN,stimuliTAFCfirsttrials.thisIndex,stimuliTAFCfirsttrials.ran,stimuliTAFCfirst,stimuliTAFCsec.started,stimuliTAFCsec.stopped,stimuliTAFCseckey_resp.keys,stimuliTAFCseckey_resp.rt,stimuliTAFCseckey_resp.duration,stimuliTAFCsectrials.thisRepN,stimuliTAFCsectrials.thisTrialN,stimuliTAFCsectrials.thisN,stimuliTAFCsectrials.thisIndex,stimuliTAFCsectrials.ran,stimuliTAFCsec,end.started,end.stopped
0.0003,11.4494,space,11.4262,,48,001,2024-06-05_10h35.23.248,mathesisv2,2024.1.3,Win32,59.88023952,,,,,,,,,,,,,,,,,,,,,,,,,,,,,,,,,,,,,,,,,,,,,,,,,,,,,,,,,,,,,,,,,,,,,,,,,,,,,,,,,,,,,,,,,,,,,,,,,,,,,,,
,,,,,48,001,2024-06-05_10h35.23.248,mathesisv2,2024.1.3,Win32,59.88023952,11.4502,16.6811,space,5.1636,,,,,,,,,,,,,,,,,,,,,,,,,,,,,,,,,,,,,,,,,,,,,,,,,,,,,,,,,,,,,,,,,,,,,,,,,,,,,,,,,,,,,,,,,,,,,,,,,,,
,,,,,48,001,2024-06-05_10h35.23.248,mathesisv2,2024.1.3,Win32,59.88023952,,,,,,16.7354,22.2129,f,5.4509,,0,0,0,1,1,stimuliAXBmix/iyystimulus.wav,f,,,,,,,,,,,,,,,,,,,,,,,,,,,,,,,,,,,,,,,,,,,,,,,,,,,,,,,,,,,,,,,,,,,,,,,,,,,,,,,,,,,,,,
,,,,,48,001,2024-06-05_10h35.23.248,mathesisv2,2024.1.3,Win32,59.88023952,,,,,,22.2142,40.0291,f,17.7988,,0,1,1,2,1,stimuliAXBmix/yuustimulus.wav,f,,,,,,,,,,,,,,,,,,,,,,,,,,,,,,,,,,,,,,,,,,,,,,,,,,,,,,,,,,,,,,,,,,,,,,,,,,,,,,,,,,,,,,
,,,,,48,001,2024-06-05_10h35.23.248,mathesisv2,2024.1.3,Win32,59.88023952,,,,,,40.0297,46.5627,l,6.5186,,0,2,2,3,1,stimuliAXBmix/yyustimulus.wav,l,,,,,,,,,,,,,,,,,,,,,,,,,,,,,,,,,,,,,,,,,,,,,,,,,,,,,,,,,,,,,,,,,,,,,,,,,,,,,,,,,,,,,,
,,,,,48,001,2024-06-05_10h35.23.248,mathesisv2,2024.1.3,Win32,59.88023952,,,,,,46.5636,56.129,f,9.547,,0,3,3,0,1,stimuliAXBmix/iiystimulus.wav,l,,,,,,,,,,,,,,,,,,,,,,,,,,,,,,,,,,,,,,,,,,,,,,,,,,,,,,,,,,,,,,,,,,,,,,,,,,,,,,,,,,,,,,
,,,,,48,001,2024-06-05_10h35.23.248,mathesisv2,2024.1.3,Win32,59.88023952,,,,,,,,,,,,,,,,,,56.1388,61.6796,space,5.5204,,,,,,,,,,,,,,,,,,,,,,,,,,,,,,,,,,,,,,,,,,,,,,,,,,,,,,,,,,,,,,,,,,,,,,,,,,,,,,,,,,
,,,,,48,001,2024-06-05_10h35.23.248,mathesisv2,2024.1.3,Win32,59.88023952,,,,,,,,,,,,,,,,,,,,,,,61.6798,87.1814,space,25.4815,,,,,,,,,,,,,,,,,,,,,,,,,,,,,,,,,,,,,,,,,,,,,,,,,,,,,,,,,,,,,,,,,,,,,,,,,,,,,
,,,,,48,001,2024-06-05_10h35.23.248,mathesisv2,2024.1.3,Win32,59.88023952,,,,,,87.2232,94.2963,l,7.0604,,,,,,,stimuliAXBmix/iiystimulus.wav,l,,,,,,,,,,,0,0,0,0,1,,,,,,,,,,,,,,,,,,,,,,,,,,,,,,,,,,,,,,,,,,,,,,,,,,,,,,,,,,,,,,,,,,,,,,,
,,,,,48,001,2024-06-05_10h35.23.248,mathesisv2,2024.1.3,Win32,59.88023952,,,,,,94.3236,102.4129,f,8.0774,,,,,,,stimuliAXBmix/iyystimulus.wav,f,,,,,,,,,,,0,1,1,1,1,,,,,,,,,,,,,,,,,,,,,,,,,,,,,,,,,,,,,,,,,,,,,,,,,,,,,,,,,,,,,,,,,,,,,,,
,,,,,48,001,2024-06-05_10h35.23.248,mathesisv2,2024.1.3,Win32,59.88023952,,,,,,102.4419,108.096,l,5.6429,,,,,,,stimuliAXBmix/yyustimulus.wav,l,,,,,,,,,,,0,2,2,3,1,,,,,,,,,,,,,,,,,,,,,,,,,,,,,,,,,,,,,,,,,,,,,,,,,,,,,,,,,,,,,,,,,,,,,,,
,,,,,48,001,2024-06-05_10h35.23.248,mathesisv2,2024.1.3,Win32,59.88023952,,,,,,108.1136,113.2966,f,5.1697,,,,,,,stimuliAXBmix/yuustimulus.wav,f,,,,,,,,,,,0,3,3,2,1,,,,,,,,,,,,,,,,,,,,,,,,,,,,,,,,,,,,,,,,,,,,,,,,,,,,,,,,,,,,,,,,,,,,,,,
,,,,,48,001,2024-06-05_10h35.23.248,mathesisv2,2024.1.3,Win32,59.88023952,,,,,,113.3172,118.1472,l,4.8233,,,,,,,stimuliAXBmix/iiystimulus.wav,l,,,,,,,,,,,1,0,4,0,1,,,,,,,,,,,,,,,,,,,,,,,,,,,,,,,,,,,,,,,,,,,,,,,,,,,,,,,,,,,,,,,,,,,,,,,
,,,,,48,001,2024-06-05_10h35.23.248,mathesisv2,2024.1.3,Win32,59.88023952,,,,,,118.1651,123.6179,f,5.4457,,,,,,,stimuliAXBmix/iyystimulus.wav,f,,,,,,,,,,,1,1,5,1,1,,,,,,,,,,,,,,,,,,,,,,,,,,,,,,,,,,,,,,,,,,,,,,,,,,,,,,,,,,,,,,,,,,,,,,,
,,,,,48,001,2024-06-05_10h35.23.248,mathesisv2,2024.1.3,Win32,59.88023952,,,,,,123.6384,127.98,f,4.3268,,,,,,,stimuliAXBmix/yuustimulus.wav,f,,,,,,,,,,,1,2,6,2,1,,,,,,,,,,,,,,,,,,,,,,,,,,,,,,,,,,,,,,,,,,,,,,,,,,,,,,,,,,,,,,,,,,,,,,,
,,,,,48,001,2024-06-05_10h35.23.248,mathesisv2,2024.1.3,Win32,59.88023952,,,,,,128.0011,132.3131,l,4.2976,,,,,,,stimuliAXBmix/yyustimulus.wav,l,,,,,,,,,,,1,3,7,3,1,,,,,,,,,,,,,,,,,,,,,,,,,,,,,,,,,,,,,,,,,,,,,,,,,,,,,,,,,,,,,,,,,,,,,,,
,,,,,48,001,2024-06-05_10h35.23.248,mathesisv2,2024.1.3,Win32,59.88023952,,,,,,132.3356,136.5381,f,4.1958,,,,,,,stimuliAXBmix/yuustimulus.wav,f,,,,,,,,,,,2,0,8,2,1,,,,,,,,,,,,,,,,,,,,,,,,,,,,,,,,,,,,,,,,,,,,,,,,,,,,,,,,,,,,,,,,,,,,,,,
,,,,,48,001,2024-06-05_10h35.23.248,mathesisv2,2024.1.3,Win32,59.88023952,,,,,,136.5655,140.6463,f,4.0673,,,,,,,stimuliAXBmix/iyystimulus.wav,f,,,,,,,,,,,2,1,9,1,1,,,,,,,,,,,,,,,,,,,,,,,,,,,,,,,,,,,,,,,,,,,,,,,,,,,,,,,,,,,,,,,,,,,,,,,
,,,,,48,001,2024-06-05_10h35.23.248,mathesisv2,2024.1.3,Win32,59.88023952,,,,,,140.6731,145.1963,l,4.5099,,,,,,,stimuliAXBmix/iiystimulus.wav,l,,,,,,,,,,,2,2,10,0,1,,,,,,,,,,,,,,,,,,,,,,,,,,,,,,,,,,,,,,,,,,,,,,,,,,,,,,,,,,,,,,,,,,,,,,,
,,,,,48,001,2024-06-05_10h35.23.248,mathesisv2,2024.1.3,Win32,59.88023952,,,,,,145.2238,149.7298,l,4.492,,,,,,,stimuliAXBmix/yyustimulus.wav,l,,,,,,,,,,,2,3,11,3,1,,,,,,,,,,,,,,,,,,,,,,,,,,,,,,,,,,,,,,,,,,,,,,,,,,,,,,,,,,,,,,,,,,,,,,,
,,,,,48,001,2024-06-05_10h35.23.248,mathesisv2,2024.1.3,Win32,59.88023952,,,,,,154.578,159.813,l,5.2208,,,,,,,stimuliAXBmix/iiystimulus.wav,l,,,,,,,,,,,,,,,,149.7317,154.563,return,4.8086,,0,0,0,0,1,,,,,,,,,,,,,,,,,,,,,,,,,,,,,,,,,,,,,,,,,,,,,,,,,,,,,,,,,,,,,
,,,,,48,001,2024-06-05_10h35.23.248,mathesisv2,2024.1.3,Win32,59.88023952,,,,,,159.8396,163.9301,l,4.0769,,,,,,,stimuliAXBmix/yyustimulus.wav,l,,,,,,,,,,,,,,,,,,,,,0,1,1,3,1,,,,,,,,,,,,,,,,,,,,,,,,,,,,,,,,,,,,,,,,,,,,,,,,,,,,,,,,,,,,,
,,,,,48,001,2024-06-05_10h35.23.248,mathesisv2,2024.1.3,Win32,59.88023952,,,,,,163.9543,168.1465,f,4.1788,,,,,,,stimuliAXBmix/iyystimulus.wav,f,,,,,,,,,,,,,,,,,,,,,0,2,2,1,1,,,,,,,,,,,,,,,,,,,,,,,,,,,,,,,,,,,,,,,,,,,,,,,,,,,,,,,,,,,,,
,,,,,48,001,2024-06-05_10h35.23.248,mathesisv2,2024.1.3,Win32,59.88023952,,,,,,168.1743,172.196,f,4.0067,,,,,,,stimuliAXBmix/yuustimulus.wav,f,,,,,,,,,,,,,,,,,,,,,0,3,3,2,1,,,,,,,,,,,,,,,,,,,,,,,,,,,,,,,,,,,,,,,,,,,,,,,,,,,,,,,,,,,,,
,,,,,48,001,2024-06-05_10h35.23.248,mathesisv2,2024.1.3,Win32,59.88023952,,,,,,172.2132,176.2463,l,4.024,,,,,,,stimuliAXBmix/yyustimulus.wav,l,,,,,,,,,,,,,,,,,,,,,1,0,4,3,1,,,,,,,,,,,,,,,,,,,,,,,,,,,,,,,,,,,,,,,,,,,,,,,,,,,,,,,,,,,,,
,,,,,48,001,2024-06-05_10h35.23.248,mathesisv2,2024.1.3,Win32,59.88023952,,,,,,176.2736,180.5128,l,4.2259,,,,,,,stimuliAXBmix/iiystimulus.wav,l,,,,,,,,,,,,,,,,,,,,,1,1,5,0,1,,,,,,,,,,,,,,,,,,,,,,,,,,,,,,,,,,,,,,,,,,,,,,,,,,,,,,,,,,,,,
,,,,,48,001,2024-06-05_10h35.23.248,mathesisv2,2024.1.3,Win32,59.88023952,,,,,,180.5398,184.3801,f,3.8317,,,,,,,stimuliAXBmix/yuustimulus.wav,f,,,,,,,,,,,,,,,,,,,,,1,2,6,2,1,,,,,,,,,,,,,,,,,,,,,,,,,,,,,,,,,,,,,,,,,,,,,,,,,,,,,,,,,,,,,
,,,,,48,001,2024-06-05_10h35.23.248,mathesisv2,2024.1.3,Win32,59.88023952,,,,,,184.4075,188.5959,f,4.1728,,,,,,,stimuliAXBmix/iyystimulus.wav,f,,,,,,,,,,,,,,,,,,,,,1,3,7,1,1,,,,,,,,,,,,,,,,,,,,,,,,,,,,,,,,,,,,,,,,,,,,,,,,,,,,,,,,,,,,,
,,,,,48,001,2024-06-05_10h35.23.248,mathesisv2,2024.1.3,Win32,59.88023952,,,,,,196.3503,202.1465,f,5.7832,,,,,,,stimuliAXBmix/iyystimulus.wav,f,,,,,,,,,,,0,0,0,1,1,,,,,,,,,,,188.5971,196.3148,space,7.6956,,,,,,,,,,,,,,,,,,,,,,,,,,,,,,,,,,,,,,,,,,,,,,,,,,,,,,,,,
,,,,,48,001,2024-06-05_10h35.23.248,mathesisv2,2024.1.3,Win32,59.88023952,,,,,,202.1718,206.0139,f,3.8336,,,,,,,stimuliAXBmix/yuustimulus.wav,f,,,,,,,,,,,0,1,1,2,1,,,,,,,,,,,,,,,,,,,,,,,,,,,,,,,,,,,,,,,,,,,,,,,,,,,,,,,,,,,,,,,,,,,,,,,
,,,,,48,001,2024-06-05_10h35.23.248,mathesisv2,2024.1.3,Win32,59.88023952,,,,,,206.0413,210.1292,l,4.0749,,,,,,,stimuliAXBmix/iiystimulus.wav,l,,,,,,,,,,,0,2,2,0,1,,,,,,,,,,,,,,,,,,,,,,,,,,,,,,,,,,,,,,,,,,,,,,,,,,,,,,,,,,,,,,,,,,,,,,,
,,,,,48,001,2024-06-05_10h35.23.248,mathesisv2,2024.1.3,Win32,59.88023952,,,,,,210.1382,214.3141,l,4.1699,,,,,,,stimuliAXBmix/yyustimulus.wav,l,,,,,,,,,,,0,3,3,3,1,,,,,,,,,,,,,,,,,,,,,,,,,,,,,,,,,,,,,,,,,,,,,,,,,,,,,,,,,,,,,,,,,,,,,,,
,,,,,48,001,2024-06-05_10h35.23.248,mathesisv2,2024.1.3,Win32,59.88023952,,,,,,214.3415,218.6625,f,4.3052,,,,,,,stimuliAXBmix/iyystimulus.wav,f,,,,,,,,,,,1,0,4,1,1,,,,,,,,,,,,,,,,,,,,,,,,,,,,,,,,,,,,,,,,,,,,,,,,,,,,,,,,,,,,,,,,,,,,,,,
,,,,,48,001,2024-06-05_10h35.23.248,mathesisv2,2024.1.3,Win32,59.88023952,,,,,,218.6769,222.5127,l,3.8256,,,,,,,stimuliAXBmix/yyustimulus.wav,l,,,,,,,,,,,1,1,5,3,1,,,,,,,,,,,,,,,,,,,,,,,,,,,,,,,,,,,,,,,,,,,,,,,,,,,,,,,,,,,,,,,,,,,,,,,
,,,,,48,001,2024-06-05_10h35.23.248,mathesisv2,2024.1.3,Win32,59.88023952,,,,,,222.5274,226.5958,f,4.0542,,,,,,,stimuliAXBmix/yuustimulus.wav,f,,,,,,,,,,,1,2,6,2,1,,,,,,,,,,,,,,,,,,,,,,,,,,,,,,,,,,,,,,,,,,,,,,,,,,,,,,,,,,,,,,,,,,,,,,,
,,,,,48,001,2024-06-05_10h35.23.248,mathesisv2,2024.1.3,Win32,59.88023952,,,,,,226.6048,231.0299,l,4.4124,,,,,,,stimuliAXBmix/iiystimulus.wav,l,,,,,,,,,,,1,3,7,0,1,,,,,,,,,,,,,,,,,,,,,,,,,,,,,,,,,,,,,,,,,,,,,,,,,,,,,,,,,,,,,,,,,,,,,,,
,,,,,48,001,2024-06-05_10h35.23.248,mathesisv2,2024.1.3,Win32,59.88023952,,,,,,231.0539,235.4632,f,4.3996,,,,,,,stimuliAXBmix/iyystimulus.wav,f,,,,,,,,,,,2,0,8,1,1,,,,,,,,,,,,,,,,,,,,,,,,,,,,,,,,,,,,,,,,,,,,,,,,,,,,,,,,,,,,,,,,,,,,,,,
,,,,,48,001,2024-06-05_10h35.23.248,mathesisv2,2024.1.3,Win32,59.88023952,,,,,,235.4913,239.5964,f,4.09,,,,,,,stimuliAXBmix/yuustimulus.wav,f,,,,,,,,,,,2,1,9,2,1,,,,,,,,,,,,,,,,,,,,,,,,,,,,,,,,,,,,,,,,,,,,,,,,,,,,,,,,,,,,,,,,,,,,,,,
,,,,,48,001,2024-06-05_10h35.23.248,mathesisv2,2024.1.3,Win32,59.88023952,,,,,,239.6162,244.4969,l,4.8665,,,,,,,stimuliAXBmix/yyustimulus.wav,l,,,,,,,,,,,2,2,10,3,1,,,,,,,,,,,,,,,,,,,,,,,,,,,,,,,,,,,,,,,,,,,,,,,,,,,,,,,,,,,,,,,,,,,,,,,
,,,,,48,001,2024-06-05_10h35.23.248,mathesisv2,2024.1.3,Win32,59.88023952,,,,,,244.5202,248.7465,l,4.212,,,,,,,stimuliAXBmix/iiystimulus.wav,l,,,,,,,,,,,2,3,11,0,1,,,,,,,,,,,,,,,,,,,,,,,,,,,,,,,,,,,,,,,,,,,,,,,,,,,,,,,,,,,,,,,,,,,,,,,
,,,,,48,001,2024-06-05_10h35.23.248,mathesisv2,2024.1.3,Win32,59.88023952,,,,,,256.9623,261.9467,l,4.97,,,,,,,stimuliAXBmix/iiystimulus.wav,l,,,,,,,,,,,,,,,,248.747,256.9494,return,8.1795,,0,0,0,0,1,,,,,,,,,,,,,,,,,,,,,,,,,,,,,,,,,,,,,,,,,,,,,,,,,,,,,,,,,,,,,
,,,,,48,001,2024-06-05_10h35.23.248,mathesisv2,2024.1.3,Win32,59.88023952,,,,,,261.9675,265.7305,f,3.7492,,,,,,,stimuliAXBmix/yuustimulus.wav,f,,,,,,,,,,,,,,,,,,,,,0,1,1,2,1,,,,,,,,,,,,,,,,,,,,,,,,,,,,,,,,,,,,,,,,,,,,,,,,,,,,,,,,,,,,,
,,,,,48,001,2024-06-05_10h35.23.248,mathesisv2,2024.1.3,Win32,59.88023952,,,,,,265.758,269.2963,l,3.5266,,,,,,,stimuliAXBmix/yyustimulus.wav,l,,,,,,,,,,,,,,,,,,,,,0,2,2,3,1,,,,,,,,,,,,,,,,,,,,,,,,,,,,,,,,,,,,,,,,,,,,,,,,,,,,,,,,,,,,,
,,,,,48,001,2024-06-05_10h35.23.248,mathesisv2,2024.1.3,Win32,59.88023952,,,,,,269.3238,273.2625,f,3.9218,,,,,,,stimuliAXBmix/iyystimulus.wav,f,,,,,,,,,,,,,,,,,,,,,0,3,3,1,1,,,,,,,,,,,,,,,,,,,,,,,,,,,,,,,,,,,,,,,,,,,,,,,,,,,,,,,,,,,,,
,,,,,48,001,2024-06-05_10h35.23.248,mathesisv2,2024.1.3,Win32,59.88023952,,,,,,273.2778,276.7792,f,3.4927,,,,,,,stimuliAXBmix/yuustimulus.wav,f,,,,,,,,,,,,,,,,,,,,,1,0,4,2,1,,,,,,,,,,,,,,,,,,,,,,,,,,,,,,,,,,,,,,,,,,,,,,,,,,,,,,,,,,,,,
,,,,,48,001,2024-06-05_10h35.23.248,mathesisv2,2024.1.3,Win32,59.88023952,,,,,,276.7797,280.7464,l,3.9538,,,,,,,stimuliAXBmix/iiystimulus.wav,l,,,,,,,,,,,,,,,,,,,,,1,1,5,0,1,,,,,,,,,,,,,,,,,,,,,,,,,,,,,,,,,,,,,,,,,,,,,,,,,,,,,,,,,,,,,
,,,,,48,001,2024-06-05_10h35.23.248,mathesisv2,2024.1.3,Win32,59.88023952,,,,,,280.7708,284.1795,l,3.3923,,,,,,,stimuliAXBmix/yyustimulus.wav,l,,,,,,,,,,,,,,,,,,,,,1,2,6,3,1,,,,,,,,,,,,,,,,,,,,,,,,,,,,,,,,,,,,,,,,,,,,,,,,,,,,,,,,,,,,,
,,,,,48,001,2024-06-05_10h35.23.248,mathesisv2,2024.1.3,Win32,59.88023952,,,,,,284.1905,287.9628,f,3.7598,,,,,,,stimuliAXBmix/iyystimulus.wav,f,,,,,,,,,,,,,,,,,,,,,1,3,7,1,1,,,,,,,,,,,,,,,,,,,,,,,,,,,,,,,,,,,,,,,,,,,,,,,,,,,,,,,,,,,,,
,,,,,48,001,2024-06-05_10h35.23.248,mathesisv2,2024.1.3,Win32,59.88023952,,,,,,298.66,302.4959,l,3.824,,,,,,,stimuliAXBmix/yyustimulus.wav,l,,,,,,,,,,,0,0,0,3,1,,,,,,,,,,,287.9632,298.6307,space,10.6545,,,,,,,,,,,,,,,,,,,,,,,,,,,,,,,,,,,,,,,,,,,,,,,,,,,,,,,,,
,,,,,48,001,2024-06-05_10h35.23.248,mathesisv2,2024.1.3,Win32,59.88023952,,,,,,302.4966,306.346,l,3.8325,,,,,,,stimuliAXBmix/iiystimulus.wav,l,,,,,,,,,,,0,1,1,0,1,,,,,,,,,,,,,,,,,,,,,,,,,,,,,,,,,,,,,,,,,,,,,,,,,,,,,,,,,,,,,,,,,,,,,,,
,,,,,48,001,2024-06-05_10h35.23.248,mathesisv2,2024.1.3,Win32,59.88023952,,,,,,306.3632,310.1797,f,3.8079,,,,,,,stimuliAXBmix/yuustimulus.wav,f,,,,,,,,,,,0,2,2,2,1,,,,,,,,,,,,,,,,,,,,,,,,,,,,,,,,,,,,,,,,,,,,,,,,,,,,,,,,,,,,,,,,,,,,,,,
,,,,,48,001,2024-06-05_10h35.23.248,mathesisv2,2024.1.3,Win32,59.88023952,,,,,,310.1965,313.8293,f,3.6179,,,,,,,stimuliAXBmix/iyystimulus.wav,f,,,,,,,,,,,0,3,3,1,1,,,,,,,,,,,,,,,,,,,,,,,,,,,,,,,,,,,,,,,,,,,,,,,,,,,,,,,,,,,,,,,,,,,,,,,
,,,,,48,001,2024-06-05_10h35.23.248,mathesisv2,2024.1.3,Win32,59.88023952,,,,,,313.8398,318.53,f,4.6829,,,,,,,stimuliAXBmix/iyystimulus.wav,f,,,,,,,,,,,1,0,4,1,1,,,,,,,,,,,,,,,,,,,,,,,,,,,,,,,,,,,,,,,,,,,,,,,,,,,,,,,,,,,,,,,,,,,,,,,
,,,,,48,001,2024-06-05_10h35.23.248,mathesisv2,2024.1.3,Win32,59.88023952,,,,,,318.5572,322.113,l,3.5414,,,,,,,stimuliAXBmix/yyustimulus.wav,l,,,,,,,,,,,1,1,5,3,1,,,,,,,,,,,,,,,,,,,,,,,,,,,,,,,,,,,,,,,,,,,,,,,,,,,,,,,,,,,,,,,,,,,,,,,
,,,,,48,001,2024-06-05_10h35.23.248,mathesisv2,2024.1.3,Win32,59.88023952,,,,,,322.1403,326.0801,l,3.9278,,,,,,,stimuliAXBmix/iiystimulus.wav,l,,,,,,,,,,,1,2,6,0,1,,,,,,,,,,,,,,,,,,,,,,,,,,,,,,,,,,,,,,,,,,,,,,,,,,,,,,,,,,,,,,,,,,,,,,,
,,,,,48,001,2024-06-05_10h35.23.248,mathesisv2,2024.1.3,Win32,59.88023952,,,,,,326.1036,329.8304,f,3.7117,,,,,,,stimuliAXBmix/yuustimulus.wav,f,,,,,,,,,,,1,3,7,2,1,,,,,,,,,,,,,,,,,,,,,,,,,,,,,,,,,,,,,,,,,,,,,,,,,,,,,,,,,,,,,,,,,,,,,,,
,,,,,48,001,2024-06-05_10h35.23.248,mathesisv2,2024.1.3,Win32,59.88023952,,,,,,329.8516,333.5299,l,3.6715,,,,,,,stimuliAXBmix/iiystimulus.wav,l,,,,,,,,,,,2,0,8,0,1,,,,,,,,,,,,,,,,,,,,,,,,,,,,,,,,,,,,,,,,,,,,,,,,,,,,,,,,,,,,,,,,,,,,,,,
,,,,,48,001,2024-06-05_10h35.23.248,mathesisv2,2024.1.3,Win32,59.88023952,,,,,,333.5449,336.7973,f,3.2441,,,,,,,stimuliAXBmix/yuustimulus.wav,f,,,,,,,,,,,2,1,9,2,1,,,,,,,,,,,,,,,,,,,,,,,,,,,,,,,,,,,,,,,,,,,,,,,,,,,,,,,,,,,,,,,,,,,,,,,
,,,,,48,001,2024-06-05_10h35.23.248,mathesisv2,2024.1.3,Win32,59.88023952,,,,,,336.8064,340.9465,l,4.1204,,,,,,,stimuliAXBmix/yyustimulus.wav,l,,,,,,,,,,,2,2,10,3,1,,,,,,,,,,,,,,,,,,,,,,,,,,,,,,,,,,,,,,,,,,,,,,,,,,,,,,,,,,,,,,,,,,,,,,,
,,,,,48,001,2024-06-05_10h35.23.248,mathesisv2,2024.1.3,Win32,59.88023952,,,,,,340.9719,344.7304,f,3.7457,,,,,,,stimuliAXBmix/iyystimulus.wav,f,,,,,,,,,,,2,3,11,1,1,,,,,,,,,,,,,,,,,,,,,,,,,,,,,,,,,,,,,,,,,,,,,,,,,,,,,,,,,,,,,,,,,,,,,,,
,,,,,48,001,2024-06-05_10h35.23.248,mathesisv2,2024.1.3,Win32,59.88023952,,,,,,353.276,357.3967,l,4.1078,,,,,,,stimuliAXBmix/iiystimulus.wav,l,,,,,,,,,,,,,,,,344.7311,353.2627,return,8.5177,,0,0,0,0,1,,,,,,,,,,,,,,,,,,,,,,,,,,,,,,,,,,,,,,,,,,,,,,,,,,,,,,,,,,,,,
,,,,,48,001,2024-06-05_10h35.23.248,mathesisv2,2024.1.3,Win32,59.88023952,,,,,,357.4217,361.0635,f,3.6287,,,,,,,stimuliAXBmix/iyystimulus.wav,f,,,,,,,,,,,,,,,,,,,,,0,1,1,1,1,,,,,,,,,,,,,,,,,,,,,,,,,,,,,,,,,,,,,,,,,,,,,,,,,,,,,,,,,,,,,
,,,,,48,001,2024-06-05_10h35.23.248,mathesisv2,2024.1.3,Win32,59.88023952,,,,,,361.0648,365.1467,l,4.0719,,,,,,,stimuliAXBmix/yuustimulus.wav,f,,,,,,,,,,,,,,,,,,,,,0,2,2,2,1,,,,,,,,,,,,,,,,,,,,,,,,,,,,,,,,,,,,,,,,,,,,,,,,,,,,,,,,,,,,,
,,,,,48,001,2024-06-05_10h35.23.248,mathesisv2,2024.1.3,Win32,59.88023952,,,,,,365.1691,369.6805,l,4.4976,,,,,,,stimuliAXBmix/yyustimulus.wav,l,,,,,,,,,,,,,,,,,,,,,0,3,3,3,1,,,,,,,,,,,,,,,,,,,,,,,,,,,,,,,,,,,,,,,,,,,,,,,,,,,,,,,,,,,,,
,,,,,48,001,2024-06-05_10h35.23.248,mathesisv2,2024.1.3,Win32,59.88023952,,,,,,369.701,373.4981,l,3.7896,,,,,,,stimuliAXBmix/iiystimulus.wav,l,,,,,,,,,,,,,,,,,,,,,1,0,4,0,1,,,,,,,,,,,,,,,,,,,,,,,,,,,,,,,,,,,,,,,,,,,,,,,,,,,,,,,,,,,,,
,,,,,48,001,2024-06-05_10h35.23.248,mathesisv2,2024.1.3,Win32,59.88023952,,,,,,373.526,376.83,l,3.2907,,,,,,,stimuliAXBmix/yyustimulus.wav,l,,,,,,,,,,,,,,,,,,,,,1,1,5,3,1,,,,,,,,,,,,,,,,,,,,,,,,,,,,,,,,,,,,,,,,,,,,,,,,,,,,,,,,,,,,,
,,,,,48,001,2024-06-05_10h35.23.248,mathesisv2,2024.1.3,Win32,59.88023952,,,,,,376.8309,381.1137,f,4.2664,,,,,,,stimuliAXBmix/iyystimulus.wav,f,,,,,,,,,,,,,,,,,,,,,1,2,6,1,1,,,,,,,,,,,,,,,,,,,,,,,,,,,,,,,,,,,,,,,,,,,,,,,,,,,,,,,,,,,,,
,,,,,48,001,2024-06-05_10h35.23.248,mathesisv2,2024.1.3,Win32,59.88023952,,,,,,381.1412,386.0795,f,4.9232,,,,,,,stimuliAXBmix/yuustimulus.wav,f,,,,,,,,,,,,,,,,,,,,,1,3,7,2,1,,,,,,,,,,,,,,,,,,,,,,,,,,,,,,,,,,,,,,,,,,,,,,,,,,,,,,,,,,,,,
,,,,,48,001,2024-06-05_10h35.23.248,mathesisv2,2024.1.3,Win32,59.88023952,,,,,,397.3261,401.2463,l,3.9074,,,,,,,stimuliAXBmix/yyustimulus.wav,l,,,,,,,,,,,0,0,0,3,1,,,,,,,,,,,386.0797,397.3126,space,11.2205,,,,,,,,,,,,,,,,,,,,,,,,,,,,,,,,,,,,,,,,,,,,,,,,,,,,,,,,,
,,,,,48,001,2024-06-05_10h35.23.248,mathesisv2,2024.1.3,Win32,59.88023952,,,,,,401.2472,404.9459,l,3.6806,,,,,,,stimuliAXBmix/iiystimulus.wav,l,,,,,,,,,,,0,1,1,0,1,,,,,,,,,,,,,,,,,,,,,,,,,,,,,,,,,,,,,,,,,,,,,,,,,,,,,,,,,,,,,,,,,,,,,,,
,,,,,48,001,2024-06-05_10h35.23.248,mathesisv2,2024.1.3,Win32,59.88023952,,,,,,404.9551,408.663,f,3.6948,,,,,,,stimuliAXBmix/iyystimulus.wav,f,,,,,,,,,,,0,2,2,1,1,,,,,,,,,,,,,,,,,,,,,,,,,,,,,,,,,,,,,,,,,,,,,,,,,,,,,,,,,,,,,,,,,,,,,,,
,,,,,48,001,2024-06-05_10h35.23.248,mathesisv2,2024.1.3,Win32,59.88023952,,,,,,408.691,412.2131,f,3.516,,,,,,,stimuliAXBmix/yuustimulus.wav,f,,,,,,,,,,,0,3,3,2,1,,,,,,,,,,,,,,,,,,,,,,,,,,,,,,,,,,,,,,,,,,,,,,,,,,,,,,,,,,,,,,,,,,,,,,,
,,,,,48,001,2024-06-05_10h35.23.248,mathesisv2,2024.1.3,Win32,59.88023952,,,,,,412.2356,415.5802,f,3.332,,,,,,,stimuliAXBmix/yuustimulus.wav,f,,,,,,,,,,,1,0,4,2,1,,,,,,,,,,,,,,,,,,,,,,,,,,,,,,,,,,,,,,,,,,,,,,,,,,,,,,,,,,,,,,,,,,,,,,,
,,,,,48,001,2024-06-05_10h35.23.248,mathesisv2,2024.1.3,Win32,59.88023952,,,,,,415.6084,419.3129,l,3.6874,,,,,,,stimuliAXBmix/yyustimulus.wav,l,,,,,,,,,,,1,1,5,3,1,,,,,,,,,,,,,,,,,,,,,,,,,,,,,,,,,,,,,,,,,,,,,,,,,,,,,,,,,,,,,,,,,,,,,,,
,,,,,48,001,2024-06-05_10h35.23.248,mathesisv2,2024.1.3,Win32,59.88023952,,,,,,419.3135,423.4132,f,4.0834,,,,,,,stimuliAXBmix/iyystimulus.wav,f,,,,,,,,,,,1,2,6,1,1,,,,,,,,,,,,,,,,,,,,,,,,,,,,,,,,,,,,,,,,,,,,,,,,,,,,,,,,,,,,,,,,,,,,,,,
,,,,,48,001,2024-06-05_10h35.23.248,mathesisv2,2024.1.3,Win32,59.88023952,,,,,,423.4405,427.8299,l,4.374,,,,,,,stimuliAXBmix/iiystimulus.wav,l,,,,,,,,,,,1,3,7,0,1,,,,,,,,,,,,,,,,,,,,,,,,,,,,,,,,,,,,,,,,,,,,,,,,,,,,,,,,,,,,,,,,,,,,,,,
,,,,,48,001,2024-06-05_10h35.23.248,mathesisv2,2024.1.3,Win32,59.88023952,,,,,,427.8567,431.8625,l,3.9955,,,,,,,stimuliAXBmix/iiystimulus.wav,l,,,,,,,,,,,2,0,8,0,1,,,,,,,,,,,,,,,,,,,,,,,,,,,,,,,,,,,,,,,,,,,,,,,,,,,,,,,,,,,,,,,,,,,,,,,
,,,,,48,001,2024-06-05_10h35.23.248,mathesisv2,2024.1.3,Win32,59.88023952,,,,,,431.8757,435.2129,f,3.3247,,,,,,,stimuliAXBmix/yuustimulus.wav,f,,,,,,,,,,,2,1,9,2,1,,,,,,,,,,,,,,,,,,,,,,,,,,,,,,,,,,,,,,,,,,,,,,,,,,,,,,,,,,,,,,,,,,,,,,,
,,,,,48,001,2024-06-05_10h35.23.248,mathesisv2,2024.1.3,Win32,59.88023952,,,,,,435.2136,439.8802,f,4.6519,,,,,,,stimuliAXBmix/iyystimulus.wav,f,,,,,,,,,,,2,2,10,1,1,,,,,,,,,,,,,,,,,,,,,,,,,,,,,,,,,,,,,,,,,,,,,,,,,,,,,,,,,,,,,,,,,,,,,,,
,,,,,48,001,2024-06-05_10h35.23.248,mathesisv2,2024.1.3,Win32,59.88023952,,,,,,439.907,444.1799,l,4.2652,,,,,,,stimuliAXBmix/yyustimulus.wav,l,,,,,,,,,,,2,3,11,3,1,,,,,,,,,,,,,,,,,,,,,,,,,,,,,,,,,,,,,,,,,,,,,,,,,,,,,,,,,,,,,,,,,,,,,,,
,,,,,48,001,2024-06-05_10h35.23.248,mathesisv2,2024.1.3,Win32,59.88023952,,,,,,454.4762,458.6133,l,4.1303,,,,,,,stimuliAXBmix/yyustimulus.wav,l,,,,,,,,,,,,,,,,444.1803,454.4626,return,10.2653,,0,0,0,3,1,,,,,,,,,,,,,,,,,,,,,,,,,,,,,,,,,,,,,,,,,,,,,,,,,,,,,,,,,,,,,
,,,,,48,001,2024-06-05_10h35.23.248,mathesisv2,2024.1.3,Win32,59.88023952,,,,,,458.6392,462.9461,f,4.2979,,,,,,,stimuliAXBmix/iyystimulus.wav,f,,,,,,,,,,,,,,,,,,,,,0,1,1,1,1,,,,,,,,,,,,,,,,,,,,,,,,,,,,,,,,,,,,,,,,,,,,,,,,,,,,,,,,,,,,,
,,,,,48,001,2024-06-05_10h35.23.248,mathesisv2,2024.1.3,Win32,59.88023952,,,,,,462.9587,466.897,l,3.9284,,,,,,,stimuliAXBmix/iiystimulus.wav,l,,,,,,,,,,,,,,,,,,,,,0,2,2,0,1,,,,,,,,,,,,,,,,,,,,,,,,,,,,,,,,,,,,,,,,,,,,,,,,,,,,,,,,,,,,,
,,,,,48,001,2024-06-05_10h35.23.248,mathesisv2,2024.1.3,Win32,59.88023952,,,,,,466.9228,471.1802,f,4.2437,,,,,,,stimuliAXBmix/yuustimulus.wav,f,,,,,,,,,,,,,,,,,,,,,0,3,3,2,1,,,,,,,,,,,,,,,,,,,,,,,,,,,,,,,,,,,,,,,,,,,,,,,,,,,,,,,,,,,,,
,,,,,48,001,2024-06-05_10h35.23.248,mathesisv2,2024.1.3,Win32,59.88023952,,,,,,471.2084,476.4635,f,5.2425,,,,,,,stimuliAXBmix/yuustimulus.wav,f,,,,,,,,,,,,,,,,,,,,,1,0,4,2,1,,,,,,,,,,,,,,,,,,,,,,,,,,,,,,,,,,,,,,,,,,,,,,,,,,,,,,,,,,,,,
,,,,,48,001,2024-06-05_10h35.23.248,mathesisv2,2024.1.3,Win32,59.88023952,,,,,,476.4895,480.6046,l,4.1089,,,,,,,stimuliAXBmix/yyustimulus.wav,l,,,,,,,,,,,,,,,,,,,,,1,1,5,3,1,,,,,,,,,,,,,,,,,,,,,,,,,,,,,,,,,,,,,,,,,,,,,,,,,,,,,,,,,,,,,
,,,,,48,001,2024-06-05_10h35.23.248,mathesisv2,2024.1.3,Win32,59.88023952,,,,,,480.6306,485.1628,f,4.5166,,,,,,,stimuliAXBmix/iyystimulus.wav,f,,,,,,,,,,,,,,,,,,,,,1,2,6,1,1,,,,,,,,,,,,,,,,,,,,,,,,,,,,,,,,,,,,,,,,,,,,,,,,,,,,,,,,,,,,,
,,,,,48,001,2024-06-05_10h35.23.248,mathesisv2,2024.1.3,Win32,59.88023952,,,,,,485.1775,490.113,l,4.921,,,,,,,stimuliAXBmix/iiystimulus.wav,l,,,,,,,,,,,,,,,,,,,,,1,3,7,0,1,,,,,,,,,,,,,,,,,,,,,,,,,,,,,,,,,,,,,,,,,,,,,,,,,,,,,,,,,,,,,
,,,,,48,001,2024-06-05_10h35.23.248,mathesisv2,2024.1.3,Win32,59.88023952,,,,,,,,,,,,,,,,,,,,,,,,,,,,,,,,,,,,,,,,,,,490.1134,509.8305,space,19.6991,,509.8329,533.4332,space,23.5661,,,,,,,,,,,,,,,,,,,,,,,,,,,,,,,,,,,,,,,,,,,,,,,,,,,,
,,,,,48,001,2024-06-05_10h35.23.248,mathesisv2,2024.1.3,Win32,59.88023952,,,,,,,,,,,,,,,,,,,,,,,,,,,,,,,,,,,,,,,,,,,,,,,,,,,,,533.4769,547.1315,y,13.6254,,0,0,0,2,1,testTAFCmixfirst/nimnym006.wav,,,,,,,,,,,,,,,,,,,,,,,,,,,,,,,,,,,,,,,,
,,,,,48,001,2024-06-05_10h35.23.248,mathesisv2,2024.1.3,Win32,59.88023952,,,,,,,,,,,,,,,,,,,,,,,,,,,,,,,,,,,,,,,,,,,,,,,,,,,,,547.1517,550.3969,e,3.2364,,0,1,1,0,1,testTAFCmixfirst/nimnym001.wav,,,,,,,,,,,,,,,,,,,,,,,,,,,,,,,,,,,,,,,,
,,,,,48,001,2024-06-05_10h35.23.248,mathesisv2,2024.1.3,Win32,59.88023952,,,,,,,,,,,,,,,,,,,,,,,,,,,,,,,,,,,,,,,,,,,,,,,,,,,,,550.3989,553.4474,e,3.0238,,0,2,2,1,1,testTAFCmixfirst/nimnym002.wav,,,,,,,,,,,,,,,,,,,,,,,,,,,,,,,,,,,,,,,,
,,,,,48,001,2024-06-05_10h35.23.248,mathesisv2,2024.1.3,Win32,59.88023952,,,,,,,,,,,,,,,,,,,,,,,,,,,,,,,,,,,,,,,,,,,,,,,,,,,,,,,,,,,,,,,,553.4763,558.6641,y,5.1663,,0,0,0,2,1,testTAFCmixsec/numnym006.wav,,,,,,,,,,,,,,,,,,,,,,,,,,,,,
,,,,,48,001,2024-06-05_10h35.23.248,mathesisv2,2024.1.3,Win32,59.88023952,,,,,,,,,,,,,,,,,,,,,,,,,,,,,,,,,,,,,,,,,,,,,,,,,,,,,,,,,,,,,,,,558.6885,564.9971,u,6.3008,,0,1,1,0,1,testTAFCmixsec/numnym001.wav,,,,,,,,,,,,,,,,,,,,,,,,,,,,,
,,,,,48,001,2024-06-05_10h35.23.248,mathesisv2,2024.1.3,Win32,59.88023952,,,,,,,,,,,,,,,,,,,,,,,,,,,,,,,,,,,,,,,,,,,,,,,,,,,,,,,,,,,,,,,,565.0213,566.9635,u,1.9286,,0,2,2,1,1,testTAFCmixsec/numnym002.wav,,,,,,,,,,,,,,,,,,,,,,,,,,,,,
,,,,,48,001,2024-06-05_10h35.23.248,mathesisv2,2024.1.3,Win32,59.88023952,,,,,,,,,,,,,,,,,,,,,,,,,,,,,,,,,,,,,,,,,,,,,,,,,,,,,,,,,,,,,,,,,,,,,,,,,,,566.9668,587.8058,space,20.8112,,,,,,,,,,,,,,,,,,,,,,,,,
,,,,,48,001,2024-06-05_10h35.23.248,mathesisv2,2024.1.3,Win32,59.88023952,,,,,,,,,,,,,,,,,y,,,,,,,,,,,,,,,,,,,,,,,,,,,,,,,,,,,,,,,,,,,,,,,,,,,,,,,,,,,,,,,587.8435,595.3144,y,7.4497,,0,0,0,6,1,stimuliTAFCfirst/nimnym007.wav,,,,,,,,,,,,,
,,,,,48,001,2024-06-05_10h35.23.248,mathesisv2,2024.1.3,Win32,59.88023952,,,,,,,,,,,,,,,,,y,,,,,,,,,,,,,,,,,,,,,,,,,,,,,,,,,,,,,,,,,,,,,,,,,,,,,,,,,,,,,,,595.3415,598.7463,y,3.3906,,0,1,1,4,1,stimuliTAFCfirst/nimnym005.wav,,,,,,,,,,,,,
,,,,,48,001,2024-06-05_10h35.23.248,mathesisv2,2024.1.3,Win32,59.88023952,,,,,,,,,,,,,,,,,e,,,,,,,,,,,,,,,,,,,,,,,,,,,,,,,,,,,,,,,,,,,,,,,,,,,,,,,,,,,,,,,598.763,602.9302,e,4.1547,,0,2,2,0,1,stimuliTAFCfirst/nimnym001.wav,,,,,,,,,,,,,
,,,,,48,001,2024-06-05_10h35.23.248,mathesisv2,2024.1.3,Win32,59.88023952,,,,,,,,,,,,,,,,,e,,,,,,,,,,,,,,,,,,,,,,,,,,,,,,,,,,,,,,,,,,,,,,,,,,,,,,,,,,,,,,,602.9575,606.0799,e,3.1137,,0,3,3,1,1,stimuliTAFCfirst/nimnym002.wav,,,,,,,,,,,,,
,,,,,48,001,2024-06-05_10h35.23.248,mathesisv2,2024.1.3,Win32,59.88023952,,,,,,,,,,,,,,,,,e,,,,,,,,,,,,,,,,,,,,,,,,,,,,,,,,,,,,,,,,,,,,,,,,,,,,,,,,,,,,,,,606.1069,609.1633,e,3.0437,,0,4,4,2,1,stimuliTAFCfirst/nimnym003.wav,,,,,,,,,,,,,
,,,,,48,001,2024-06-05_10h35.23.248,mathesisv2,2024.1.3,Win32,59.88023952,,,,,,,,,,,,,,,,,x,,,,,,,,,,,,,,,,,,,,,,,,,,,,,,,,,,,,,,,,,,,,,,,,,,,,,,,,,,,,,,,609.1644,615.7133,e,6.5322,,0,5,5,3,1,stimuliTAFCfirst/nimnym004.wav,,,,,,,,,,,,,
,,,,,48,001,2024-06-05_10h35.23.248,mathesisv2,2024.1.3,Win32,59.88023952,,,,,,,,,,,,,,,,,y,,,,,,,,,,,,,,,,,,,,,,,,,,,,,,,,,,,,,,,,,,,,,,,,,,,,,,,,,,,,,,,615.7376,621.2137,y,5.4619,,0,6,6,5,1,stimuliTAFCfirst/nimnym006.wav,,,,,,,,,,,,,
,,,,,48,001,2024-06-05_10h35.23.248,mathesisv2,2024.1.3,Win32,59.88023952,,,,,,,,,,,,,,,,,e,,,,,,,,,,,,,,,,,,,,,,,,,,,,,,,,,,,,,,,,,,,,,,,,,,,,,,,,,,,,,,,621.2417,623.5964,e,2.3375,,1,0,7,0,1,stimuliTAFCfirst/nimnym001.wav,,,,,,,,,,,,,
,,,,,48,001,2024-06-05_10h35.23.248,mathesisv2,2024.1.3,Win32,59.88023952,,,,,,,,,,,,,,,,,e,,,,,,,,,,,,,,,,,,,,,,,,,,,,,,,,,,,,,,,,,,,,,,,,,,,,,,,,,,,,,,,623.597,626.5799,e,2.9674,,1,1,8,1,1,stimuliTAFCfirst/nimnym002.wav,,,,,,,,,,,,,
,,,,,48,001,2024-06-05_10h35.23.248,mathesisv2,2024.1.3,Win32,59.88023952,,,,,,,,,,,,,,,,,y,,,,,,,,,,,,,,,,,,,,,,,,,,,,,,,,,,,,,,,,,,,,,,,,,,,,,,,,,,,,,,,626.6085,629.9966,y,3.3798,,1,2,9,5,1,stimuliTAFCfirst/nimnym006.wav,,,,,,,,,,,,,
,,,,,48,001,2024-06-05_10h35.23.248,mathesisv2,2024.1.3,Win32,59.88023952,,,,,,,,,,,,,,,,,y,,,,,,,,,,,,,,,,,,,,,,,,,,,,,,,,,,,,,,,,,,,,,,,,,,,,,,,,,,,,,,,630.0237,633.0799,y,3.046,,1,3,10,6,1,stimuliTAFCfirst/nimnym007.wav,,,,,,,,,,,,,
,,,,,48,001,2024-06-05_10h35.23.248,mathesisv2,2024.1.3,Win32,59.88023952,,,,,,,,,,,,,,,,,e,,,,,,,,,,,,,,,,,,,,,,,,,,,,,,,,,,,,,,,,,,,,,,,,,,,,,,,,,,,,,,,633.0811,636.7794,e,3.685,,1,4,11,2,1,stimuliTAFCfirst/nimnym003.wav,,,,,,,,,,,,,
,,,,,48,001,2024-06-05_10h35.23.248,mathesisv2,2024.1.3,Win32,59.88023952,,,,,,,,,,,,,,,,,y,,,,,,,,,,,,,,,,,,,,,,,,,,,,,,,,,,,,,,,,,,,,,,,,,,,,,,,,,,,,,,,636.7891,639.7464,y,2.9468,,1,5,12,4,1,stimuliTAFCfirst/nimnym005.wav,,,,,,,,,,,,,
,,,,,48,001,2024-06-05_10h35.23.248,mathesisv2,2024.1.3,Win32,59.88023952,,,,,,,,,,,,,,,,,x,,,,,,,,,,,,,,,,,,,,,,,,,,,,,,,,,,,,,,,,,,,,,,,,,,,,,,,,,,,,,,,639.7475,644.2964,y,4.5342,,1,6,13,3,1,stimuliTAFCfirst/nimnym004.wav,,,,,,,,,,,,,
,,,,,48,001,2024-06-05_10h35.23.248,mathesisv2,2024.1.3,Win32,59.88023952,,,,,,,,,,,,,,,,,u,644.2984,651.1484,space,6.8323,,,,,,,,,,,,,,,,,,,,,,,,,,,,,,,,,,,,,,,,,,,,,,,,,,,,,,,,,,,,,,,,,,,,,,651.1829,656.4813,u,5.2768,,0,0,0,0,1,stimuliTAFCsec/numnym001.wav,,
,,,,,48,001,2024-06-05_10h35.23.248,mathesisv2,2024.1.3,Win32,59.88023952,,,,,,,,,,,,,,,,,u,,,,,,,,,,,,,,,,,,,,,,,,,,,,,,,,,,,,,,,,,,,,,,,,,,,,,,,,,,,,,,,,,,,,,,,,,,656.5085,660.9135,u,4.3905,,0,1,1,2,1,stimuliTAFCsec/numnym003.wav,,
,,,,,48,001,2024-06-05_10h35.23.248,mathesisv2,2024.1.3,Win32,59.88023952,,,,,,,,,,,,,,,,,x,,,,,,,,,,,,,,,,,,,,,,,,,,,,,,,,,,,,,,,,,,,,,,,,,,,,,,,,,,,,,,,,,,,,,,,,,,660.9355,663.7514,u,2.8091,,0,2,2,3,1,stimuliTAFCsec/numnym004.wav,,
,,,,,48,001,2024-06-05_10h35.23.248,mathesisv2,2024.1.3,Win32,59.88023952,,,,,,,,,,,,,,,,,y,,,,,,,,,,,,,,,,,,,,,,,,,,,,,,,,,,,,,,,,,,,,,,,,,,,,,,,,,,,,,,,,,,,,,,,,,,663.7523,666.9636,y,3.1867,,0,3,3,4,1,stimuliTAFCsec/numnym005.wav,,
,,,,,48,001,2024-06-05_10h35.23.248,mathesisv2,2024.1.3,Win32,59.88023952,,,,,,,,,,,,,,,,,y,,,,,,,,,,,,,,,,,,,,,,,,,,,,,,,,,,,,,,,,,,,,,,,,,,,,,,,,,,,,,,,,,,,,,,,,,,666.9901,672.2469,y,5.2455,,0,4,4,6,1,stimuliTAFCsec/numnym007.wav,,
,,,,,48,001,2024-06-05_10h35.23.248,mathesisv2,2024.1.3,Win32,59.88023952,,,,,,,,,,,,,,,,,u,,,,,,,,,,,,,,,,,,,,,,,,,,,,,,,,,,,,,,,,,,,,,,,,,,,,,,,,,,,,,,,,,,,,,,,,,,672.2717,675.7135,u,3.4271,,0,5,5,1,1,stimuliTAFCsec/numnym002.wav,,
,,,,,48,001,2024-06-05_10h35.23.248,mathesisv2,2024.1.3,Win32,59.88023952,,,,,,,,,,,,,,,,,y,,,,,,,,,,,,,,,,,,,,,,,,,,,,,,,,,,,,,,,,,,,,,,,,,,,,,,,,,,,,,,,,,,,,,,,,,,675.714,678.6804,y,2.9517,,0,6,6,5,1,stimuliTAFCsec/numnym006.wav,,
,,,,,48,001,2024-06-05_10h35.23.248,mathesisv2,2024.1.3,Win32,59.88023952,,,,,,,,,,,,,,,,,y,,,,,,,,,,,,,,,,,,,,,,,,,,,,,,,,,,,,,,,,,,,,,,,,,,,,,,,,,,,,,,,,,,,,,,,,,,678.7086,680.9634,y,2.2391,,1,0,7,6,1,stimuliTAFCsec/numnym007.wav,,
,,,,,48,001,2024-06-05_10h35.23.248,mathesisv2,2024.1.3,Win32,59.88023952,,,,,,,,,,,,,,,,,u,,,,,,,,,,,,,,,,,,,,,,,,,,,,,,,,,,,,,,,,,,,,,,,,,,,,,,,,,,,,,,,,,,,,,,,,,,680.9648,683.2134,u,2.2392,,1,1,8,1,1,stimuliTAFCsec/numnym002.wav,,
,,,,,48,001,2024-06-05_10h35.23.248,mathesisv2,2024.1.3,Win32,59.88023952,,,,,,,,,,,,,,,,,u,,,,,,,,,,,,,,,,,,,,,,,,,,,,,,,,,,,,,,,,,,,,,,,,,,,,,,,,,,,,,,,,,,,,,,,,,,683.2147,685.8462,u,2.6136,,1,2,9,0,1,stimuliTAFCsec/numnym001.wav,,
,,,,,48,001,2024-06-05_10h35.23.248,mathesisv2,2024.1.3,Win32,59.88023952,,,,,,,,,,,,,,,,,u,,,,,,,,,,,,,,,,,,,,,,,,,,,,,,,,,,,,,,,,,,,,,,,,,,,,,,,,,,,,,,,,,,,,,,,,,,685.8468,688.8467,u,2.9922,,1,3,10,2,1,stimuliTAFCsec/numnym003.wav,,
,,,,,48,001,2024-06-05_10h35.23.248,mathesisv2,2024.1.3,Win32,59.88023952,,,,,,,,,,,,,,,,,y,,,,,,,,,,,,,,,,,,,,,,,,,,,,,,,,,,,,,,,,,,,,,,,,,,,,,,,,,,,,,,,,,,,,,,,,,,688.867,692.8975,y,4.0214,,1,4,11,5,1,stimuliTAFCsec/numnym006.wav,,
,,,,,48,001,2024-06-05_10h35.23.248,mathesisv2,2024.1.3,Win32,59.88023952,,,,,,,,,,,,,,,,,y,,,,,,,,,,,,,,,,,,,,,,,,,,,,,,,,,,,,,,,,,,,,,,,,,,,,,,,,,,,,,,,,,,,,,,,,,,692.9177,695.6968,y,2.7656,,1,5,12,4,1,stimuliTAFCsec/numnym005.wav,,
,,,,,48,001,2024-06-05_10h35.23.248,mathesisv2,2024.1.3,Win32,59.88023952,,,,,,,,,,,,,,,,,x,,,,,,,,,,,,,,,,,,,,,,,,,,,,,,,,,,,,,,,,,,,,,,,,,,,,,,,,,,,,,,,,,,,,,,,,,,695.6987,698.5697,u,2.8499,,1,6,13,3,1,stimuliTAFCsec/numnym004.wav,,
,,,,,48,001,2024-06-05_10h35.23.248,mathesisv2,2024.1.3,Win32,59.88023952,,,,,,,,,,,,,,,,,e,,,,,,,,,,,,,,,,,,,,,,,,,,698.5704,717.356,space,18.7676,,,,,,,,,,,,,,,,,,,,,,,,,,,,,,,,,,717.3905,720.9468,e,3.543,,0,0,0,0,1,stimuliTAFCfirst/nimnym001.wav,,,,,,,,,,,,,
,,,,,48,001,2024-06-05_10h35.23.248,mathesisv2,2024.1.3,Win32,59.88023952,,,,,,,,,,,,,,,,,e,,,,,,,,,,,,,,,,,,,,,,,,,,,,,,,,,,,,,,,,,,,,,,,,,,,,,,,,,,,,,,,720.9481,723.38,e,2.419,,0,1,1,2,1,stimuliTAFCfirst/nimnym003.wav,,,,,,,,,,,,,
,,,,,48,001,2024-06-05_10h35.23.248,mathesisv2,2024.1.3,Win32,59.88023952,,,,,,,,,,,,,,,,,y,,,,,,,,,,,,,,,,,,,,,,,,,,,,,,,,,,,,,,,,,,,,,,,,,,,,,,,,,,,,,,,723.4074,727.2468,y,3.8245,,0,2,2,6,1,stimuliTAFCfirst/nimnym007.wav,,,,,,,,,,,,,
,,,,,48,001,2024-06-05_10h35.23.248,mathesisv2,2024.1.3,Win32,59.88023952,,,,,,,,,,,,,,,,,e,,,,,,,,,,,,,,,,,,,,,,,,,,,,,,,,,,,,,,,,,,,,,,,,,,,,,,,,,,,,,,,727.248,729.7967,e,2.5401,,0,3,3,1,1,stimuliTAFCfirst/nimnym002.wav,,,,,,,,,,,,,
,,,,,48,001,2024-06-05_10h35.23.248,mathesisv2,2024.1.3,Win32,59.88023952,,,,,,,,,,,,,,,,,x,,,,,,,,,,,,,,,,,,,,,,,,,,,,,,,,,,,,,,,,,,,,,,,,,,,,,,,,,,,,,,,729.8237,735.2466,y,5.4076,,0,4,4,3,1,stimuliTAFCfirst/nimnym004.wav,,,,,,,,,,,,,
,,,,,48,001,2024-06-05_10h35.23.248,mathesisv2,2024.1.3,Win32,59.88023952,,,,,,,,,,,,,,,,,y,,,,,,,,,,,,,,,,,,,,,,,,,,,,,,,,,,,,,,,,,,,,,,,,,,,,,,,,,,,,,,,735.2735,737.8967,y,2.6086,,0,5,5,5,1,stimuliTAFCfirst/nimnym006.wav,,,,,,,,,,,,,
,,,,,48,001,2024-06-05_10h35.23.248,mathesisv2,2024.1.3,Win32,59.88023952,,,,,,,,,,,,,,,,,y,,,,,,,,,,,,,,,,,,,,,,,,,,,,,,,,,,,,,,,,,,,,,,,,,,,,,,,,,,,,,,,737.9177,740.2139,y,2.2899,,0,6,6,4,1,stimuliTAFCfirst/nimnym005.wav,,,,,,,,,,,,,
,,,,,48,001,2024-06-05_10h35.23.248,mathesisv2,2024.1.3,Win32,59.88023952,,,,,,,,,,,,,,,,,e,,,,,,,,,,,,,,,,,,,,,,,,,,,,,,,,,,,,,,,,,,,,,,,,,,,,,,,,,,,,,,,740.2154,742.4801,e,2.2497,,1,0,7,1,1,stimuliTAFCfirst/nimnym002.wav,,,,,,,,,,,,,
,,,,,48,001,2024-06-05_10h35.23.248,mathesisv2,2024.1.3,Win32,59.88023952,,,,,,,,,,,,,,,,,y,,,,,,,,,,,,,,,,,,,,,,,,,,,,,,,,,,,,,,,,,,,,,,,,,,,,,,,,,,,,,,,742.4812,745.68,y,3.1872,,1,1,8,5,1,stimuliTAFCfirst/nimnym006.wav,,,,,,,,,,,,,
,,,,,48,001,2024-06-05_10h35.23.248,mathesisv2,2024.1.3,Win32,59.88023952,,,,,,,,,,,,,,,,,e,,,,,,,,,,,,,,,,,,,,,,,,,,,,,,,,,,,,,,,,,,,,,,,,,,,,,,,,,,,,,,,745.7069,747.6128,e,1.8919,,1,2,9,0,1,stimuliTAFCfirst/nimnym001.wav,,,,,,,,,,,,,
,,,,,48,001,2024-06-05_10h35.23.248,mathesisv2,2024.1.3,Win32,59.88023952,,,,,,,,,,,,,,,,,y,,,,,,,,,,,,,,,,,,,,,,,,,,,,,,,,,,,,,,,,,,,,,,,,,,,,,,,,,,,,,,,747.6133,751.2636,y,3.6377,,1,3,10,4,1,stimuliTAFCfirst/nimnym005.wav,,,,,,,,,,,,,
,,,,,48,001,2024-06-05_10h35.23.248,mathesisv2,2024.1.3,Win32,59.88023952,,,,,,,,,,,,,,,,,y,,,,,,,,,,,,,,,,,,,,,,,,,,,,,,,,,,,,,,,,,,,,,,,,,,,,,,,,,,,,,,,751.265,753.13,y,1.8498,,1,4,11,6,1,stimuliTAFCfirst/nimnym007.wav,,,,,,,,,,,,,
,,,,,48,001,2024-06-05_10h35.23.248,mathesisv2,2024.1.3,Win32,59.88023952,,,,,,,,,,,,,,,,,e,,,,,,,,,,,,,,,,,,,,,,,,,,,,,,,,,,,,,,,,,,,,,,,,,,,,,,,,,,,,,,,753.1309,755.0134,e,1.8671,,1,5,12,2,1,stimuliTAFCfirst/nimnym003.wav,,,,,,,,,,,,,
,,,,,48,001,2024-06-05_10h35.23.248,mathesisv2,2024.1.3,Win32,59.88023952,,,,,,,,,,,,,,,,,x,,,,,,,,,,,,,,,,,,,,,,,,,,,,,,,,,,,,,,,,,,,,,,,,,,,,,,,,,,,,,,,755.0145,759.6635,y,4.6364,,1,6,13,3,1,stimuliTAFCfirst/nimnym004.wav,,,,,,,,,,,,,
,,,,,48,001,2024-06-05_10h35.23.248,mathesisv2,2024.1.3,Win32,59.88023952,,,,,,,,,,,,,,,,,y,759.6638,766.7801,space,7.0996,,,,,,,,,,,,,,,,,,,,,,,,,,,,,,,,,,,,,,,,,,,,,,,,,,,,,,,,,,,,,,,,,,,,,,766.8074,770.2131,y,3.3921,,0,0,0,6,1,stimuliTAFCsec/numnym007.wav,,
,,,,,48,001,2024-06-05_10h35.23.248,mathesisv2,2024.1.3,Win32,59.88023952,,,,,,,,,,,,,,,,,y,,,,,,,,,,,,,,,,,,,,,,,,,,,,,,,,,,,,,,,,,,,,,,,,,,,,,,,,,,,,,,,,,,,,,,,,,,770.2137,772.3133,y,2.0914,,0,1,1,4,1,stimuliTAFCsec/numnym005.wav,,
,,,,,48,001,2024-06-05_10h35.23.248,mathesisv2,2024.1.3,Win32,59.88023952,,,,,,,,,,,,,,,,,u,,,,,,,,,,,,,,,,,,,,,,,,,,,,,,,,,,,,,,,,,,,,,,,,,,,,,,,,,,,,,,,,,,,,,,,,,,772.3142,774.6634,u,2.3343,,0,2,2,2,1,stimuliTAFCsec/numnym003.wav,,
,,,,,48,001,2024-06-05_10h35.23.248,mathesisv2,2024.1.3,Win32,59.88023952,,,,,,,,,,,,,,,,,x,,,,,,,,,,,,,,,,,,,,,,,,,,,,,,,,,,,,,,,,,,,,,,,,,,,,,,,,,,,,,,,,,,,,,,,,,,774.6644,779.6635,u,4.9884,,0,3,3,3,1,stimuliTAFCsec/numnym004.wav,,
,,,,,48,001,2024-06-05_10h35.23.248,mathesisv2,2024.1.3,Win32,59.88023952,,,,,,,,,,,,,,,,,y,,,,,,,,,,,,,,,,,,,,,,,,,,,,,,,,,,,,,,,,,,,,,,,,,,,,,,,,,,,,,,,,,,,,,,,,,,779.6923,783.163,y,3.4591,,0,4,4,5,1,stimuliTAFCsec/numnym006.wav,,
,,,,,48,001,2024-06-05_10h35.23.248,mathesisv2,2024.1.3,Win32,59.88023952,,,,,,,,,,,,,,,,,u,,,,,,,,,,,,,,,,,,,,,,,,,,,,,,,,,,,,,,,,,,,,,,,,,,,,,,,,,,,,,,,,,,,,,,,,,,783.1779,785.7135,u,2.5246,,0,5,5,0,1,stimuliTAFCsec/numnym001.wav,,
,,,,,48,001,2024-06-05_10h35.23.248,mathesisv2,2024.1.3,Win32,59.88023952,,,,,,,,,,,,,,,,,u,,,,,,,,,,,,,,,,,,,,,,,,,,,,,,,,,,,,,,,,,,,,,,,,,,,,,,,,,,,,,,,,,,,,,,,,,,785.7147,787.9134,u,2.1845,,0,6,6,1,1,stimuliTAFCsec/numnym002.wav,,
,,,,,48,001,2024-06-05_10h35.23.248,mathesisv2,2024.1.3,Win32,59.88023952,,,,,,,,,,,,,,,,,y,,,,,,,,,,,,,,,,,,,,,,,,,,,,,,,,,,,,,,,,,,,,,,,,,,,,,,,,,,,,,,,,,,,,,,,,,,787.9146,790.8296,y,2.9038,,1,0,7,4,1,stimuliTAFCsec/numnym005.wav,,
,,,,,48,001,2024-06-05_10h35.23.248,mathesisv2,2024.1.3,Win32,59.88023952,,,,,,,,,,,,,,,,,x,,,,,,,,,,,,,,,,,,,,,,,,,,,,,,,,,,,,,,,,,,,,,,,,,,,,,,,,,,,,,,,,,,,,,,,,,,790.8433,792.7966,u,1.9414,,1,1,8,3,1,stimuliTAFCsec/numnym004.wav,,
,,,,,48,001,2024-06-05_10h35.23.248,mathesisv2,2024.1.3,Win32,59.88023952,,,,,,,,,,,,,,,,,u,,,,,,,,,,,,,,,,,,,,,,,,,,,,,,,,,,,,,,,,,,,,,,,,,,,,,,,,,,,,,,,,,,,,,,,,,,792.7978,794.4461,u,1.6302,,1,2,9,2,1,stimuliTAFCsec/numnym003.wav,,
,,,,,48,001,2024-06-05_10h35.23.248,mathesisv2,2024.1.3,Win32,59.88023952,,,,,,,,,,,,,,,,,y,,,,,,,,,,,,,,,,,,,,,,,,,,,,,,,,,,,,,,,,,,,,,,,,,,,,,,,,,,,,,,,,,,,,,,,,,,794.4466,797.28,y,2.8205,,1,3,10,6,1,stimuliTAFCsec/numnym007.wav,,
,,,,,48,001,2024-06-05_10h35.23.248,mathesisv2,2024.1.3,Win32,59.88023952,,,,,,,,,,,,,,,,,u,,,,,,,,,,,,,,,,,,,,,,,,,,,,,,,,,,,,,,,,,,,,,,,,,,,,,,,,,,,,,,,,,,,,,,,,,,797.3068,799.4966,u,2.175,,1,4,11,0,1,stimuliTAFCsec/numnym001.wav,,
,,,,,48,001,2024-06-05_10h35.23.248,mathesisv2,2024.1.3,Win32,59.88023952,,,,,,,,,,,,,,,,,u,,,,,,,,,,,,,,,,,,,,,,,,,,,,,,,,,,,,,,,,,,,,,,,,,,,,,,,,,,,,,,,,,,,,,,,,,,799.4977,801.2301,u,1.7177,,1,5,12,1,1,stimuliTAFCsec/numnym002.wav,,
,,,,,48,001,2024-06-05_10h35.23.248,mathesisv2,2024.1.3,Win32,59.88023952,,,,,,,,,,,,,,,,,y,,,,,,,,,,,,,,,,,,,,,,,,,,,,,,,,,,,,,,,,,,,,,,,,,,,,,,,,,,,,,,,,,,,,,,,,,,801.2312,805.5468,y,4.3001,,1,6,13,5,1,stimuliTAFCsec/numnym006.wav,,
,,,,,48,001,2024-06-05_10h35.23.248,mathesisv2,2024.1.3,Win32,59.88023952,,,,,,,,,,,,,,,,,e,,,,,,,,,,,,,,,,,,,,,,,,,,805.5473,820.5303,space,14.9649,,,,,,,,,,,,,,,,,,,,,,,,,,,,,,,,,,820.57,824.3146,e,3.7295,,0,0,0,0,1,stimuliTAFCfirst/nimnym001.wav,,,,,,,,,,,,,
,,,,,48,001,2024-06-05_10h35.23.248,mathesisv2,2024.1.3,Win32,59.88023952,,,,,,,,,,,,,,,,,x,,,,,,,,,,,,,,,,,,,,,,,,,,,,,,,,,,,,,,,,,,,,,,,,,,,,,,,,,,,,,,,824.3163,829.3964,y,5.0519,,0,1,1,3,1,stimuliTAFCfirst/nimnym004.wav,,,,,,,,,,,,,
,,,,,48,001,2024-06-05_10h35.23.248,mathesisv2,2024.1.3,Win32,59.88023952,,,,,,,,,,,,,,,,,y,,,,,,,,,,,,,,,,,,,,,,,,,,,,,,,,,,,,,,,,,,,,,,,,,,,,,,,,,,,,,,,829.4079,832.4882,y,3.0682,,0,2,2,4,1,stimuliTAFCfirst/nimnym005.wav,,,,,,,,,,,,,
,,,,,48,001,2024-06-05_10h35.23.248,mathesisv2,2024.1.3,Win32,59.88023952,,,,,,,,,,,,,,,,,e,,,,,,,,,,,,,,,,,,,,,,,,,,,,,,,,,,,,,,,,,,,,,,,,,,,,,,,,,,,,,,,832.489,835.647,e,3.1394,,0,3,3,1,1,stimuliTAFCfirst/nimnym002.wav,,,,,,,,,,,,,
,,,,,48,001,2024-06-05_10h35.23.248,mathesisv2,2024.1.3,Win32,59.88023952,,,,,,,,,,,,,,,,,y,,,,,,,,,,,,,,,,,,,,,,,,,,,,,,,,,,,,,,,,,,,,,,,,,,,,,,,,,,,,,,,835.6749,839.2137,y,3.5253,,0,4,4,5,1,stimuliTAFCfirst/nimnym006.wav,,,,,,,,,,,,,
,,,,,48,001,2024-06-05_10h35.23.248,mathesisv2,2024.1.3,Win32,59.88023952,,,,,,,,,,,,,,,,,e,,,,,,,,,,,,,,,,,,,,,,,,,,,,,,,,,,,,,,,,,,,,,,,,,,,,,,,,,,,,,,,839.2454,841.6969,e,2.437,,0,5,5,2,1,stimuliTAFCfirst/nimnym003.wav,,,,,,,,,,,,,
,,,,,48,001,2024-06-05_10h35.23.248,mathesisv2,2024.1.3,Win32,59.88023952,,,,,,,,,,,,,,,,,y,,,,,,,,,,,,,,,,,,,,,,,,,,,,,,,,,,,,,,,,,,,,,,,,,,,,,,,,,,,,,,,841.6981,844.3637,y,2.6491,,0,6,6,6,1,stimuliTAFCfirst/nimnym007.wav,,,,,,,,,,,,,
,,,,,48,001,2024-06-05_10h35.23.248,mathesisv2,2024.1.3,Win32,59.88023952,,,,,,,,,,,,,,,,,x,,,,,,,,,,,,,,,,,,,,,,,,,,,,,,,,,,,,,,,,,,,,,,,,,,,,,,,,,,,,,,,844.3649,847.2301,y,2.8521,,1,0,7,3,1,stimuliTAFCfirst/nimnym004.wav,,,,,,,,,,,,,
,,,,,48,001,2024-06-05_10h35.23.248,mathesisv2,2024.1.3,Win32,59.88023952,,,,,,,,,,,,,,,,,y,,,,,,,,,,,,,,,,,,,,,,,,,,,,,,,,,,,,,,,,,,,,,,,,,,,,,,,,,,,,,,,847.2572,848.8966,y,1.6279,,1,1,8,6,1,stimuliTAFCfirst/nimnym007.wav,,,,,,,,,,,,,
,,,,,48,001,2024-06-05_10h35.23.248,mathesisv2,2024.1.3,Win32,59.88023952,,,,,,,,,,,,,,,,,y,,,,,,,,,,,,,,,,,,,,,,,,,,,,,,,,,,,,,,,,,,,,,,,,,,,,,,,,,,,,,,,848.8977,851.3634,y,2.4514,,1,2,9,4,1,stimuliTAFCfirst/nimnym005.wav,,,,,,,,,,,,,
,,,,,48,001,2024-06-05_10h35.23.248,mathesisv2,2024.1.3,Win32,59.88023952,,,,,,,,,,,,,,,,,e,,,,,,,,,,,,,,,,,,,,,,,,,,,,,,,,,,,,,,,,,,,,,,,,,,,,,,,,,,,,,,,851.3643,853.13,e,1.7512,,1,3,10,0,1,stimuliTAFCfirst/nimnym001.wav,,,,,,,,,,,,,
,,,,,48,001,2024-06-05_10h35.23.248,mathesisv2,2024.1.3,Win32,59.88023952,,,,,,,,,,,,,,,,,e,,,,,,,,,,,,,,,,,,,,,,,,,,,,,,,,,,,,,,,,,,,,,,,,,,,,,,,,,,,,,,,853.1311,854.9135,e,1.7703,,1,4,11,2,1,stimuliTAFCfirst/nimnym003.wav,,,,,,,,,,,,,
,,,,,48,001,2024-06-05_10h35.23.248,mathesisv2,2024.1.3,Win32,59.88023952,,,,,,,,,,,,,,,,,e,,,,,,,,,,,,,,,,,,,,,,,,,,,,,,,,,,,,,,,,,,,,,,,,,,,,,,,,,,,,,,,854.9145,856.5468,e,1.6188,,1,5,12,1,1,stimuliTAFCfirst/nimnym002.wav,,,,,,,,,,,,,
,,,,,48,001,2024-06-05_10h35.23.248,mathesisv2,2024.1.3,Win32,59.88023952,,,,,,,,,,,,,,,,,y,,,,,,,,,,,,,,,,,,,,,,,,,,,,,,,,,,,,,,,,,,,,,,,,,,,,,,,,,,,,,,,856.5478,859.0301,y,2.4662,,1,6,13,5,1,stimuliTAFCfirst/nimnym006.wav,,,,,,,,,,,,,
,,,,,48,001,2024-06-05_10h35.23.248,mathesisv2,2024.1.3,Win32,59.88023952,,,,,,,,,,,,,,,,,y,859.0305,868.7637,space,9.7186,,,,,,,,,,,,,,,,,,,,,,,,,,,,,,,,,,,,,,,,,,,,,,,,,,,,,,,,,,,,,,,,,,,,,,868.7998,873.4134,y,4.605,,0,0,0,6,1,stimuliTAFCsec/numnym007.wav,,
,,,,,48,001,2024-06-05_10h35.23.248,mathesisv2,2024.1.3,Win32,59.88023952,,,,,,,,,,,,,,,,,y,,,,,,,,,,,,,,,,,,,,,,,,,,,,,,,,,,,,,,,,,,,,,,,,,,,,,,,,,,,,,,,,,,,,,,,,,,873.4408,876.48,y,3.0301,,0,1,1,4,1,stimuliTAFCsec/numnym005.wav,,
,,,,,48,001,2024-06-05_10h35.23.248,mathesisv2,2024.1.3,Win32,59.88023952,,,,,,,,,,,,,,,,,u,,,,,,,,,,,,,,,,,,,,,,,,,,,,,,,,,,,,,,,,,,,,,,,,,,,,,,,,,,,,,,,,,,,,,,,,,,876.4812,879.5296,u,3.0319,,0,2,2,1,1,stimuliTAFCsec/numnym002.wav,,
,,,,,48,001,2024-06-05_10h35.23.248,mathesisv2,2024.1.3,Win32,59.88023952,,,,,,,,,,,,,,,,,y,,,,,,,,,,,,,,,,,,,,,,,,,,,,,,,,,,,,,,,,,,,,,,,,,,,,,,,,,,,,,,,,,,,,,,,,,,879.5391,881.4295,y,1.8782,,0,3,3,5,1,stimuliTAFCsec/numnym006.wav,,
,,,,,48,001,2024-06-05_10h35.23.248,mathesisv2,2024.1.3,Win32,59.88023952,,,,,,,,,,,,,,,,,u,,,,,,,,,,,,,,,,,,,,,,,,,,,,,,,,,,,,,,,,,,,,,,,,,,,,,,,,,,,,,,,,,,,,,,,,,,881.4298,883.8801,u,2.4348,,0,4,4,0,1,stimuliTAFCsec/numnym001.wav,,
,,,,,48,001,2024-06-05_10h35.23.248,mathesisv2,2024.1.3,Win32,59.88023952,,,,,,,,,,,,,,,,,x,,,,,,,,,,,,,,,,,,,,,,,,,,,,,,,,,,,,,,,,,,,,,,,,,,,,,,,,,,,,,,,,,,,,,,,,,,883.8813,886.1638,u,2.2676,,0,5,5,3,1,stimuliTAFCsec/numnym004.wav,,
,,,,,48,001,2024-06-05_10h35.23.248,mathesisv2,2024.1.3,Win32,59.88023952,,,,,,,,,,,,,,,,,u,,,,,,,,,,,,,,,,,,,,,,,,,,,,,,,,,,,,,,,,,,,,,,,,,,,,,,,,,,,,,,,,,,,,,,,,,,886.165,888.0152,u,1.8411,,0,6,6,2,1,stimuliTAFCsec/numnym003.wav,,
,,,,,48,001,2024-06-05_10h35.23.248,mathesisv2,2024.1.3,Win32,59.88023952,,,,,,,,,,,,,,,,,u,,,,,,,,,,,,,,,,,,,,,,,,,,,,,,,,,,,,,,,,,,,,,,,,,,,,,,,,,,,,,,,,,,,,,,,,,,888.016,889.4468,u,1.4152,,1,0,7,1,1,stimuliTAFCsec/numnym002.wav,,
,,,,,48,001,2024-06-05_10h35.23.248,mathesisv2,2024.1.3,Win32,59.88023952,,,,,,,,,,,,,,,,,u,,,,,,,,,,,,,,,,,,,,,,,,,,,,,,,,,,,,,,,,,,,,,,,,,,,,,,,,,,,,,,,,,,,,,,,,,,889.4477,890.7301,u,1.2661,,1,1,8,2,1,stimuliTAFCsec/numnym003.wav,,
,,,,,48,001,2024-06-05_10h35.23.248,mathesisv2,2024.1.3,Win32,59.88023952,,,,,,,,,,,,,,,,,u,,,,,,,,,,,,,,,,,,,,,,,,,,,,,,,,,,,,,,,,,,,,,,,,,,,,,,,,,,,,,,,,,,,,,,,,,,890.7309,891.8801,u,1.1389,,1,2,9,0,1,stimuliTAFCsec/numnym001.wav,,
,,,,,48,001,2024-06-05_10h35.23.248,mathesisv2,2024.1.3,Win32,59.88023952,,,,,,,,,,,,,,,,,y,,,,,,,,,,,,,,,,,,,,,,,,,,,,,,,,,,,,,,,,,,,,,,,,,,,,,,,,,,,,,,,,,,,,,,,,,,891.8812,894.7801,y,2.8869,,1,3,10,4,1,stimuliTAFCsec/numnym005.wav,,
,,,,,48,001,2024-06-05_10h35.23.248,mathesisv2,2024.1.3,Win32,59.88023952,,,,,,,,,,,,,,,,,y,,,,,,,,,,,,,,,,,,,,,,,,,,,,,,,,,,,,,,,,,,,,,,,,,,,,,,,,,,,,,,,,,,,,,,,,,,894.7813,897.2635,y,2.467,,1,4,11,6,1,stimuliTAFCsec/numnym007.wav,,
,,,,,48,001,2024-06-05_10h35.23.248,mathesisv2,2024.1.3,Win32,59.88023952,,,,,,,,,,,,,,,,,x,,,,,,,,,,,,,,,,,,,,,,,,,,,,,,,,,,,,,,,,,,,,,,,,,,,,,,,,,,,,,,,,,,,,,,,,,,897.291,899.6139,u,2.3061,,1,5,12,3,1,stimuliTAFCsec/numnym004.wav,,
,,,,,48,001,2024-06-05_10h35.23.248,mathesisv2,2024.1.3,Win32,59.88023952,,,,,,,,,,,,,,,,,y,,,,,,,,,,,,,,,,,,,,,,,,,,,,,,,,,,,,,,,,,,,,,,,,,,,,,,,,,,,,,,,,,,,,,,,,,,899.615,901.6962,y,2.0676,,1,6,13,5,1,stimuliTAFCsec/numnym006.wav,,
,,,,,48,001,2024-06-05_10h35.23.248,mathesisv2,2024.1.3,Win32,59.88023952,,,,,,,,,,,,,,,,,e,,,,,,,,,,,,,,,,,,,,,,,,,,901.6963,911.7966,space,10.0901,,,,,,,,,,,,,,,,,,,,,,,,,,,,,,,,,,911.8194,914.9802,e,3.1475,,0,0,0,1,1,stimuliTAFCfirst/nimnym002.wav,,,,,,,,,,,,,
,,,,,48,001,2024-06-05_10h35.23.248,mathesisv2,2024.1.3,Win32,59.88023952,,,,,,,,,,,,,,,,,y,,,,,,,,,,,,,,,,,,,,,,,,,,,,,,,,,,,,,,,,,,,,,,,,,,,,,,,,,,,,,,,914.9812,917.6635,y,2.672,,0,1,1,5,1,stimuliTAFCfirst/nimnym006.wav,,,,,,,,,,,,,
,,,,,48,001,2024-06-05_10h35.23.248,mathesisv2,2024.1.3,Win32,59.88023952,,,,,,,,,,,,,,,,,x,,,,,,,,,,,,,,,,,,,,,,,,,,,,,,,,,,,,,,,,,,,,,,,,,,,,,,,,,,,,,,,917.6644,920.1468,y,2.4711,,0,2,2,3,1,stimuliTAFCfirst/nimnym004.wav,,,,,,,,,,,,,
,,,,,48,001,2024-06-05_10h35.23.248,mathesisv2,2024.1.3,Win32,59.88023952,,,,,,,,,,,,,,,,,y,,,,,,,,,,,,,,,,,,,,,,,,,,,,,,,,,,,,,,,,,,,,,,,,,,,,,,,,,,,,,,,920.1734,922.9802,y,2.793,,0,3,3,4,1,stimuliTAFCfirst/nimnym005.wav,,,,,,,,,,,,,
,,,,,48,001,2024-06-05_10h35.23.248,mathesisv2,2024.1.3,Win32,59.88023952,,,,,,,,,,,,,,,,,e,,,,,,,,,,,,,,,,,,,,,,,,,,,,,,,,,,,,,,,,,,,,,,,,,,,,,,,,,,,,,,,922.9811,925.0631,e,2.0641,,0,4,4,0,1,stimuliTAFCfirst/nimnym001.wav,,,,,,,,,,,,,
,,,,,48,001,2024-06-05_10h35.23.248,mathesisv2,2024.1.3,Win32,59.88023952,,,,,,,,,,,,,,,,,e,,,,,,,,,,,,,,,,,,,,,,,,,,,,,,,,,,,,,,,,,,,,,,,,,,,,,,,,,,,,,,,925.0637,927.0798,e,1.9996,,0,5,5,2,1,stimuliTAFCfirst/nimnym003.wav,,,,,,,,,,,,,
,,,,,48,001,2024-06-05_10h35.23.248,mathesisv2,2024.1.3,Win32,59.88023952,,,,,,,,,,,,,,,,,y,,,,,,,,,,,,,,,,,,,,,,,,,,,,,,,,,,,,,,,,,,,,,,,,,,,,,,,,,,,,,,,927.0804,929.3801,y,2.2855,,0,6,6,6,1,stimuliTAFCfirst/nimnym007.wav,,,,,,,,,,,,,
,,,,,48,001,2024-06-05_10h35.23.248,mathesisv2,2024.1.3,Win32,59.88023952,,,,,,,,,,,,,,,,,x,,,,,,,,,,,,,,,,,,,,,,,,,,,,,,,,,,,,,,,,,,,,,,,,,,,,,,,,,,,,,,,929.381,930.9796,y,1.588,,1,0,7,3,1,stimuliTAFCfirst/nimnym004.wav,,,,,,,,,,,,,
,,,,,48,001,2024-06-05_10h35.23.248,mathesisv2,2024.1.3,Win32,59.88023952,,,,,,,,,,,,,,,,,e,,,,,,,,,,,,,,,,,,,,,,,,,,,,,,,,,,,,,,,,,,,,,,,,,,,,,,,,,,,,,,,930.9802,934.1633,e,3.1736,,1,1,8,2,1,stimuliTAFCfirst/nimnym003.wav,,,,,,,,,,,,,
,,,,,48,001,2024-06-05_10h35.23.248,mathesisv2,2024.1.3,Win32,59.88023952,,,,,,,,,,,,,,,,,e,,,,,,,,,,,,,,,,,,,,,,,,,,,,,,,,,,,,,,,,,,,,,,,,,,,,,,,,,,,,,,,934.1876,935.7874,e,1.5928,,1,2,9,0,1,stimuliTAFCfirst/nimnym001.wav,,,,,,,,,,,,,
,,,,,48,001,2024-06-05_10h35.23.248,mathesisv2,2024.1.3,Win32,59.88023952,,,,,,,,,,,,,,,,,y,,,,,,,,,,,,,,,,,,,,,,,,,,,,,,,,,,,,,,,,,,,,,,,,,,,,,,,,,,,,,,,935.7884,938.3987,y,2.5929,,1,3,10,4,1,stimuliTAFCfirst/nimnym005.wav,,,,,,,,,,,,,
,,,,,48,001,2024-06-05_10h35.23.248,mathesisv2,2024.1.3,Win32,59.88023952,,,,,,,,,,,,,,,,,e,,,,,,,,,,,,,,,,,,,,,,,,,,,,,,,,,,,,,,,,,,,,,,,,,,,,,,,,,,,,,,,938.4208,940.3137,e,1.8848,,1,4,11,1,1,stimuliTAFCfirst/nimnym002.wav,,,,,,,,,,,,,
,,,,,48,001,2024-06-05_10h35.23.248,mathesisv2,2024.1.3,Win32,59.88023952,,,,,,,,,,,,,,,,,y,,,,,,,,,,,,,,,,,,,,,,,,,,,,,,,,,,,,,,,,,,,,,,,,,,,,,,,,,,,,,,,940.315,942.7636,y,2.4246,,1,5,12,6,1,stimuliTAFCfirst/nimnym007.wav,,,,,,,,,,,,,
,,,,,48,001,2024-06-05_10h35.23.248,mathesisv2,2024.1.3,Win32,59.88023952,,,,,,,,,,,,,,,,,y,,,,,,,,,,,,,,,,,,,,,,,,,,,,,,,,,,,,,,,,,,,,,,,,,,,,,,,,,,,,,,,942.7657,944.9468,y,2.1591,,1,6,13,5,1,stimuliTAFCfirst/nimnym006.wav,,,,,,,,,,,,,
,,,,,48,001,2024-06-05_10h35.23.248,mathesisv2,2024.1.3,Win32,59.88023952,,,,,,,,,,,,,,,,,y,944.9474,960.2974,space,15.3194,,,,,,,,,,,,,,,,,,,,,,,,,,,,,,,,,,,,,,,,,,,,,,,,,,,,,,,,,,,,,,,,,,,,,,960.3334,966.7802,y,6.4333,,0,0,0,5,1,stimuliTAFCsec/numnym006.wav,,
,,,,,48,001,2024-06-05_10h35.23.248,mathesisv2,2024.1.3,Win32,59.88023952,,,,,,,,,,,,,,,,,u,,,,,,,,,,,,,,,,,,,,,,,,,,,,,,,,,,,,,,,,,,,,,,,,,,,,,,,,,,,,,,,,,,,,,,,,,,966.8087,969.3968,u,2.5727,,0,1,1,2,1,stimuliTAFCsec/numnym003.wav,,
,,,,,48,001,2024-06-05_10h35.23.248,mathesisv2,2024.1.3,Win32,59.88023952,,,,,,,,,,,,,,,,,u,,,,,,,,,,,,,,,,,,,,,,,,,,,,,,,,,,,,,,,,,,,,,,,,,,,,,,,,,,,,,,,,,,,,,,,,,,969.3977,971.2802,u,1.8676,,0,2,2,1,1,stimuliTAFCsec/numnym002.wav,,
,,,,,48,001,2024-06-05_10h35.23.248,mathesisv2,2024.1.3,Win32,59.88023952,,,,,,,,,,,,,,,,,x,,,,,,,,,,,,,,,,,,,,,,,,,,,,,,,,,,,,,,,,,,,,,,,,,,,,,,,,,,,,,,,,,,,,,,,,,,971.2813,972.7968,u,1.5025,,0,3,3,3,1,stimuliTAFCsec/numnym004.wav,,
,,,,,48,001,2024-06-05_10h35.23.248,mathesisv2,2024.1.3,Win32,59.88023952,,,,,,,,,,,,,,,,,y,,,,,,,,,,,,,,,,,,,,,,,,,,,,,,,,,,,,,,,,,,,,,,,,,,,,,,,,,,,,,,,,,,,,,,,,,,972.7977,975.88,y,3.0674,,0,4,4,6,1,stimuliTAFCsec/numnym007.wav,,
,,,,,48,001,2024-06-05_10h35.23.248,mathesisv2,2024.1.3,Win32,59.88023952,,,,,,,,,,,,,,,,,u,,,,,,,,,,,,,,,,,,,,,,,,,,,,,,,,,,,,,,,,,,,,,,,,,,,,,,,,,,,,,,,,,,,,,,,,,,975.881,977.7462,u,1.8484,,0,5,5,0,1,stimuliTAFCsec/numnym001.wav,,
,,,,,48,001,2024-06-05_10h35.23.248,mathesisv2,2024.1.3,Win32,59.88023952,,,,,,,,,,,,,,,,,y,,,,,,,,,,,,,,,,,,,,,,,,,,,,,,,,,,,,,,,,,,,,,,,,,,,,,,,,,,,,,,,,,,,,,,,,,,977.7467,980.1463,y,2.3923,,0,6,6,4,1,stimuliTAFCsec/numnym005.wav,,
,,,,,48,001,2024-06-05_10h35.23.248,mathesisv2,2024.1.3,Win32,59.88023952,,,,,,,,,,,,,,,,,u,,,,,,,,,,,,,,,,,,,,,,,,,,,,,,,,,,,,,,,,,,,,,,,,,,,,,,,,,,,,,,,,,,,,,,,,,,980.1467,981.8629,u,1.7031,,1,0,7,2,1,stimuliTAFCsec/numnym003.wav,,
,,,,,48,001,2024-06-05_10h35.23.248,mathesisv2,2024.1.3,Win32,59.88023952,,,,,,,,,,,,,,,,,y,,,,,,,,,,,,,,,,,,,,,,,,,,,,,,,,,,,,,,,,,,,,,,,,,,,,,,,,,,,,,,,,,,,,,,,,,,981.8633,984.7796,y,2.9052,,1,1,8,4,1,stimuliTAFCsec/numnym005.wav,,
,,,,,48,001,2024-06-05_10h35.23.248,mathesisv2,2024.1.3,Win32,59.88023952,,,,,,,,,,,,,,,,,u,,,,,,,,,,,,,,,,,,,,,,,,,,,,,,,,,,,,,,,,,,,,,,,,,,,,,,,,,,,,,,,,,,,,,,,,,,984.7897,986.5796,u,1.7791,,1,2,9,0,1,stimuliTAFCsec/numnym001.wav,,
,,,,,48,001,2024-06-05_10h35.23.248,mathesisv2,2024.1.3,Win32,59.88023952,,,,,,,,,,,,,,,,,u,,,,,,,,,,,,,,,,,,,,,,,,,,,,,,,,,,,,,,,,,,,,,,,,,,,,,,,,,,,,,,,,,,,,,,,,,,986.5801,988.3963,u,1.806,,1,3,10,1,1,stimuliTAFCsec/numnym002.wav,,
,,,,,48,001,2024-06-05_10h35.23.248,mathesisv2,2024.1.3,Win32,59.88023952,,,,,,,,,,,,,,,,,y,,,,,,,,,,,,,,,,,,,,,,,,,,,,,,,,,,,,,,,,,,,,,,,,,,,,,,,,,,,,,,,,,,,,,,,,,,988.3968,990.2463,y,1.8416,,1,4,11,6,1,stimuliTAFCsec/numnym007.wav,,
,,,,,48,001,2024-06-05_10h35.23.248,mathesisv2,2024.1.3,Win32,59.88023952,,,,,,,,,,,,,,,,,y,,,,,,,,,,,,,,,,,,,,,,,,,,,,,,,,,,,,,,,,,,,,,,,,,,,,,,,,,,,,,,,,,,,,,,,,,,990.2468,991.913,y,1.6558,,1,5,12,5,1,stimuliTAFCsec/numnym006.wav,,
,,,,,48,001,2024-06-05_10h35.23.248,mathesisv2,2024.1.3,Win32,59.88023952,,,,,,,,,,,,,,,,,x,,,,,,,,,,,,,,,,,,,,,,,,,,,,,,,,,,,,,,,,,,,,,,,,,,,,,,,,,,,,,,,,,,,,,,,,,,991.9134,994.0295,u,2.0997,,1,6,13,3,1,stimuliTAFCsec/numnym004.wav,,
,,,,,48,001,2024-06-05_10h35.23.248,mathesisv2,2024.1.3,Win32,59.88023952,,,,,,,,,,,,,,,,,,,,,,,,,,,,,,,,,,,,,,,,,,,994.0297,1004.6963,space,10.6479,,,,,,,,,,,,,,,,,,,,,,,,,,,,,,,,,,,,,,,,,,,,,,,,,,,,,,,,1004.7092,1009.6975
