﻿start.started,start.stopped,startkey_resp.keys,startkey_resp.rt,startkey_resp.duration,participant,session,date,expName,psychopyVersion,OS,frameRate,attention.started,attention.stopped,key_resp.keys,key_resp.rt,key_resp.duration,stimuliAXBmix.started,stimuliAXBmix.stopped,stimuliAXBkey_resp.keys,stimuliAXBkey_resp.rt,stimuliAXBkey_resp.duration,stimuliAXBtesttrials.thisRepN,stimuliAXBtesttrials.thisTrialN,stimuliAXBtesttrials.thisN,stimuliAXBtesttrials.thisIndex,stimuliAXBtesttrials.ran,stimuliAXBmix,Correct,attentionsecond.started,attentionsecond.stopped,attentionsecondkey_resp.keys,attentionsecondkey_resp.rt,attentionsecondkey_resp.duration,instAXBreal.started,instAXBreal.stopped,instAXBrealkey_resp.keys,instAXBrealkey_resp.rt,instAXBrealkey_resp.duration,stimuliAXBmixfirst.thisRepN,stimuliAXBmixfirst.thisTrialN,stimuliAXBmixfirst.thisN,stimuliAXBmixfirst.thisIndex,stimuliAXBmixfirst.ran,attentionfirst.started,attentionfirst.stopped,attentionfirstkey_resp.keys,attentionfirstkey_resp.rt,attentionfirstkey_resp.duration,stimuliAXbmixsec.thisRepN,stimuliAXbmixsec.thisTrialN,stimuliAXbmixsec.thisN,stimuliAXbmixsec.thisIndex,stimuliAXbmixsec.ran,kaffeepause.started,kaffeepause.stopped,kaffeepausekey_resp.keys,kaffeepausekey_resp.rt,kaffeepausekey_resp.duration,instTAFCtest.started,instTAFCtest.stopped,instTAFCtestkey_resp.keys,instTAFCtestkey_resp.rt,instTAFCtestkey_resp.duration,testTAFCmixfirst.started,testTAFCmixfirst.stopped,testTAFCmixfirstkey_resp.keys,testTAFCmixfirstkey_resp.rt,testTAFCmixfirstkey_resp.duration,testTAFCmixfirsttrials.thisRepN,testTAFCmixfirsttrials.thisTrialN,testTAFCmixfirsttrials.thisN,testTAFCmixfirsttrials.thisIndex,testTAFCmixfirsttrials.ran,testTAFCmixfirst,testTAFCmixsec.started,testTAFCmixsec.stopped,testTAFCmixseckey_resp.keys,testTAFCmixseckey_resp.rt,testTAFCmixseckey_resp.duration,testTAFCmixsectrials.thisRepN,testTAFCmixsectrials.thisTrialN,testTAFCmixsectrials.thisN,testTAFCmixsectrials.thisIndex,testTAFCmixsectrials.ran,testTAFCmixsec,instTAFCreal.started,instTAFCreal.stopped,instTAFCrealkey_resp.keys,instTAFCrealkey_resp.rt,instTAFCrealkey_resp.duration,stimuliTAFCfirst.started,stimuliTAFCfirst.stopped,stimuliTAFCfirstkey_resp.keys,stimuliTAFCfirstkey_resp.rt,stimuliTAFCfirstkey_resp.duration,stimuliTAFCfirsttrials.thisRepN,stimuliTAFCfirsttrials.thisTrialN,stimuliTAFCfirsttrials.thisN,stimuliTAFCfirsttrials.thisIndex,stimuliTAFCfirsttrials.ran,stimuliTAFCfirst,stimuliTAFCsec.started,stimuliTAFCsec.stopped,stimuliTAFCseckey_resp.keys,stimuliTAFCseckey_resp.rt,stimuliTAFCseckey_resp.duration,stimuliTAFCsectrials.thisRepN,stimuliTAFCsectrials.thisTrialN,stimuliTAFCsectrials.thisN,stimuliTAFCsectrials.thisIndex,stimuliTAFCsectrials.ran,stimuliTAFCsec,end.started,end.stopped
0.0004,26.6583,space,26.5947,,49,001,2024-06-05_23h36.48.180,mathesisv2,2024.1.3,Win32,60.24096386,,,,,,,,,,,,,,,,,,,,,,,,,,,,,,,,,,,,,,,,,,,,,,,,,,,,,,,,,,,,,,,,,,,,,,,,,,,,,,,,,,,,,,,,,,,,,,,,,,,,,,,
,,,,,49,001,2024-06-05_23h36.48.180,mathesisv2,2024.1.3,Win32,60.24096386,26.6593,40.6158,space,13.8198,,,,,,,,,,,,,,,,,,,,,,,,,,,,,,,,,,,,,,,,,,,,,,,,,,,,,,,,,,,,,,,,,,,,,,,,,,,,,,,,,,,,,,,,,,,,,,,,,,,
,,,,,49,001,2024-06-05_23h36.48.180,mathesisv2,2024.1.3,Win32,60.24096386,,,,,,40.7157,86.8948,f,46.1186,,0,0,0,2,1,stimuliAXBmix/yuustimulus.wav,f,,,,,,,,,,,,,,,,,,,,,,,,,,,,,,,,,,,,,,,,,,,,,,,,,,,,,,,,,,,,,,,,,,,,,,,,,,,,,,,,,,,,,,
,,,,,49,001,2024-06-05_23h36.48.180,mathesisv2,2024.1.3,Win32,60.24096386,,,,,,86.9452,87.7244,f,0.7711,,0,1,1,0,1,stimuliAXBmix/iiystimulus.wav,l,,,,,,,,,,,,,,,,,,,,,,,,,,,,,,,,,,,,,,,,,,,,,,,,,,,,,,,,,,,,,,,,,,,,,,,,,,,,,,,,,,,,,,
,,,,,49,001,2024-06-05_23h36.48.180,mathesisv2,2024.1.3,Win32,60.24096386,,,,,,87.7253,88.3265,f,0.5889,,0,2,2,1,1,stimuliAXBmix/iyystimulus.wav,f,,,,,,,,,,,,,,,,,,,,,,,,,,,,,,,,,,,,,,,,,,,,,,,,,,,,,,,,,,,,,,,,,,,,,,,,,,,,,,,,,,,,,,
,,,,,49,001,2024-06-05_23h36.48.180,mathesisv2,2024.1.3,Win32,60.24096386,,,,,,88.3286,94.0455,l,5.7006,,0,3,3,3,1,stimuliAXBmix/yyustimulus.wav,l,,,,,,,,,,,,,,,,,,,,,,,,,,,,,,,,,,,,,,,,,,,,,,,,,,,,,,,,,,,,,,,,,,,,,,,,,,,,,,,,,,,,,,
,,,,,49,001,2024-06-05_23h36.48.180,mathesisv2,2024.1.3,Win32,60.24096386,,,,,,,,,,,,,,,,,,94.0883,102.6565,space,8.5386,,,,,,,,,,,,,,,,,,,,,,,,,,,,,,,,,,,,,,,,,,,,,,,,,,,,,,,,,,,,,,,,,,,,,,,,,,,,,,,,,,
,,,,,49,001,2024-06-05_23h36.48.180,mathesisv2,2024.1.3,Win32,60.24096386,,,,,,,,,,,,,,,,,,,,,,,102.6568,112.9915,space,10.3004,,,,,,,,,,,,,,,,,,,,,,,,,,,,,,,,,,,,,,,,,,,,,,,,,,,,,,,,,,,,,,,,,,,,,,,,,,,,,
,,,,,49,001,2024-06-05_23h36.48.180,mathesisv2,2024.1.3,Win32,60.24096386,,,,,,113.0865,119.1227,l,6.0202,,,,,,,stimuliAXBmix/iiystimulus.wav,l,,,,,,,,,,,0,0,0,0,1,,,,,,,,,,,,,,,,,,,,,,,,,,,,,,,,,,,,,,,,,,,,,,,,,,,,,,,,,,,,,,,,,,,,,,,
,,,,,49,001,2024-06-05_23h36.48.180,mathesisv2,2024.1.3,Win32,60.24096386,,,,,,119.1849,124.2879,f,5.0902,,,,,,,stimuliAXBmix/iyystimulus.wav,f,,,,,,,,,,,0,1,1,1,1,,,,,,,,,,,,,,,,,,,,,,,,,,,,,,,,,,,,,,,,,,,,,,,,,,,,,,,,,,,,,,,,,,,,,,,
,,,,,49,001,2024-06-05_23h36.48.180,mathesisv2,2024.1.3,Win32,60.24096386,,,,,,124.3334,129.5694,l,5.2256,,,,,,,stimuliAXBmix/yyustimulus.wav,l,,,,,,,,,,,0,2,2,3,1,,,,,,,,,,,,,,,,,,,,,,,,,,,,,,,,,,,,,,,,,,,,,,,,,,,,,,,,,,,,,,,,,,,,,,,
,,,,,49,001,2024-06-05_23h36.48.180,mathesisv2,2024.1.3,Win32,60.24096386,,,,,,129.6028,133.8687,f,4.2549,,,,,,,stimuliAXBmix/yuustimulus.wav,f,,,,,,,,,,,0,3,3,2,1,,,,,,,,,,,,,,,,,,,,,,,,,,,,,,,,,,,,,,,,,,,,,,,,,,,,,,,,,,,,,,,,,,,,,,,
,,,,,49,001,2024-06-05_23h36.48.180,mathesisv2,2024.1.3,Win32,60.24096386,,,,,,133.8957,138.288,l,4.3845,,,,,,,stimuliAXBmix/iiystimulus.wav,l,,,,,,,,,,,1,0,4,0,1,,,,,,,,,,,,,,,,,,,,,,,,,,,,,,,,,,,,,,,,,,,,,,,,,,,,,,,,,,,,,,,,,,,,,,,
,,,,,49,001,2024-06-05_23h36.48.180,mathesisv2,2024.1.3,Win32,60.24096386,,,,,,138.3036,142.2024,l,3.8837,,,,,,,stimuliAXBmix/yyustimulus.wav,l,,,,,,,,,,,1,1,5,3,1,,,,,,,,,,,,,,,,,,,,,,,,,,,,,,,,,,,,,,,,,,,,,,,,,,,,,,,,,,,,,,,,,,,,,,,
,,,,,49,001,2024-06-05_23h36.48.180,mathesisv2,2024.1.3,Win32,60.24096386,,,,,,142.2535,146.7011,f,4.4355,,,,,,,stimuliAXBmix/iyystimulus.wav,f,,,,,,,,,,,1,2,6,1,1,,,,,,,,,,,,,,,,,,,,,,,,,,,,,,,,,,,,,,,,,,,,,,,,,,,,,,,,,,,,,,,,,,,,,,,
,,,,,49,001,2024-06-05_23h36.48.180,mathesisv2,2024.1.3,Win32,60.24096386,,,,,,146.7494,149.9674,f,3.2052,,,,,,,stimuliAXBmix/yuustimulus.wav,f,,,,,,,,,,,1,3,7,2,1,,,,,,,,,,,,,,,,,,,,,,,,,,,,,,,,,,,,,,,,,,,,,,,,,,,,,,,,,,,,,,,,,,,,,,,
,,,,,49,001,2024-06-05_23h36.48.180,mathesisv2,2024.1.3,Win32,60.24096386,,,,,,150.0226,153.1235,l,3.0916,,,,,,,stimuliAXBmix/yyustimulus.wav,l,,,,,,,,,,,2,0,8,3,1,,,,,,,,,,,,,,,,,,,,,,,,,,,,,,,,,,,,,,,,,,,,,,,,,,,,,,,,,,,,,,,,,,,,,,,
,,,,,49,001,2024-06-05_23h36.48.180,mathesisv2,2024.1.3,Win32,60.24096386,,,,,,153.1739,158.1712,f,4.9861,,,,,,,stimuliAXBmix/iyystimulus.wav,f,,,,,,,,,,,2,1,9,1,1,,,,,,,,,,,,,,,,,,,,,,,,,,,,,,,,,,,,,,,,,,,,,,,,,,,,,,,,,,,,,,,,,,,,,,,
,,,,,49,001,2024-06-05_23h36.48.180,mathesisv2,2024.1.3,Win32,60.24096386,,,,,,158.2193,161.398,l,3.169,,,,,,,stimuliAXBmix/iiystimulus.wav,l,,,,,,,,,,,2,2,10,0,1,,,,,,,,,,,,,,,,,,,,,,,,,,,,,,,,,,,,,,,,,,,,,,,,,,,,,,,,,,,,,,,,,,,,,,,
,,,,,49,001,2024-06-05_23h36.48.180,mathesisv2,2024.1.3,Win32,60.24096386,,,,,,161.4185,164.5657,f,3.1334,,,,,,,stimuliAXBmix/yuustimulus.wav,f,,,,,,,,,,,2,3,11,2,1,,,,,,,,,,,,,,,,,,,,,,,,,,,,,,,,,,,,,,,,,,,,,,,,,,,,,,,,,,,,,,,,,,,,,,,
,,,,,49,001,2024-06-05_23h36.48.180,mathesisv2,2024.1.3,Win32,60.24096386,,,,,,166.167,171.4143,f,5.2382,,,,,,,stimuliAXBmix/yuustimulus.wav,f,,,,,,,,,,,,,,,,164.5687,166.1161,space,1.5102,,0,0,0,2,1,,,,,,,,,,,,,,,,,,,,,,,,,,,,,,,,,,,,,,,,,,,,,,,,,,,,,,,,,,,,,
,,,,,49,001,2024-06-05_23h36.48.180,mathesisv2,2024.1.3,Win32,60.24096386,,,,,,171.4683,175.7462,f,4.2653,,,,,,,stimuliAXBmix/iyystimulus.wav,f,,,,,,,,,,,,,,,,,,,,,0,1,1,1,1,,,,,,,,,,,,,,,,,,,,,,,,,,,,,,,,,,,,,,,,,,,,,,,,,,,,,,,,,,,,,
,,,,,49,001,2024-06-05_23h36.48.180,mathesisv2,2024.1.3,Win32,60.24096386,,,,,,175.7631,178.5632,l,2.7853,,,,,,,stimuliAXBmix/yyustimulus.wav,l,,,,,,,,,,,,,,,,,,,,,0,2,2,3,1,,,,,,,,,,,,,,,,,,,,,,,,,,,,,,,,,,,,,,,,,,,,,,,,,,,,,,,,,,,,,
,,,,,49,001,2024-06-05_23h36.48.180,mathesisv2,2024.1.3,Win32,60.24096386,,,,,,178.565,183.364,l,4.7834,,,,,,,stimuliAXBmix/iiystimulus.wav,l,,,,,,,,,,,,,,,,,,,,,0,3,3,0,1,,,,,,,,,,,,,,,,,,,,,,,,,,,,,,,,,,,,,,,,,,,,,,,,,,,,,,,,,,,,,
,,,,,49,001,2024-06-05_23h36.48.180,mathesisv2,2024.1.3,Win32,60.24096386,,,,,,183.4103,186.6858,l,3.2634,,,,,,,stimuliAXBmix/iiystimulus.wav,l,,,,,,,,,,,,,,,,,,,,,1,0,4,0,1,,,,,,,,,,,,,,,,,,,,,,,,,,,,,,,,,,,,,,,,,,,,,,,,,,,,,,,,,,,,,
,,,,,49,001,2024-06-05_23h36.48.180,mathesisv2,2024.1.3,Win32,60.24096386,,,,,,186.6877,189.6628,f,2.9592,,,,,,,stimuliAXBmix/iyystimulus.wav,f,,,,,,,,,,,,,,,,,,,,,1,1,5,1,1,,,,,,,,,,,,,,,,,,,,,,,,,,,,,,,,,,,,,,,,,,,,,,,,,,,,,,,,,,,,,
,,,,,49,001,2024-06-05_23h36.48.180,mathesisv2,2024.1.3,Win32,60.24096386,,,,,,189.7091,193.2621,f,3.5414,,,,,,,stimuliAXBmix/yuustimulus.wav,f,,,,,,,,,,,,,,,,,,,,,1,2,6,2,1,,,,,,,,,,,,,,,,,,,,,,,,,,,,,,,,,,,,,,,,,,,,,,,,,,,,,,,,,,,,,
,,,,,49,001,2024-06-05_23h36.48.180,mathesisv2,2024.1.3,Win32,60.24096386,,,,,,193.3069,196.3445,l,3.0271,,,,,,,stimuliAXBmix/yyustimulus.wav,l,,,,,,,,,,,,,,,,,,,,,1,3,7,3,1,,,,,,,,,,,,,,,,,,,,,,,,,,,,,,,,,,,,,,,,,,,,,,,,,,,,,,,,,,,,,
,,,,,49,001,2024-06-05_23h36.48.180,mathesisv2,2024.1.3,Win32,60.24096386,,,,,,217.7667,221.9448,f,4.1707,,,,,,,stimuliAXBmix/yuustimulus.wav,f,,,,,,,,,,,0,0,0,2,1,,,,,,,,,,,196.3465,217.7417,space,21.3599,,,,,,,,,,,,,,,,,,,,,,,,,,,,,,,,,,,,,,,,,,,,,,,,,,,,,,,,,
,,,,,49,001,2024-06-05_23h36.48.180,mathesisv2,2024.1.3,Win32,60.24096386,,,,,,221.9986,224.9398,l,2.9258,,,,,,,stimuliAXBmix/yyustimulus.wav,l,,,,,,,,,,,0,1,1,3,1,,,,,,,,,,,,,,,,,,,,,,,,,,,,,,,,,,,,,,,,,,,,,,,,,,,,,,,,,,,,,,,,,,,,,,,
,,,,,49,001,2024-06-05_23h36.48.180,mathesisv2,2024.1.3,Win32,60.24096386,,,,,,224.9405,228.3729,l,3.413,,,,,,,stimuliAXBmix/iiystimulus.wav,l,,,,,,,,,,,0,2,2,0,1,,,,,,,,,,,,,,,,,,,,,,,,,,,,,,,,,,,,,,,,,,,,,,,,,,,,,,,,,,,,,,,,,,,,,,,
,,,,,49,001,2024-06-05_23h36.48.180,mathesisv2,2024.1.3,Win32,60.24096386,,,,,,228.3975,231.4889,f,3.0747,,,,,,,stimuliAXBmix/iyystimulus.wav,f,,,,,,,,,,,0,3,3,1,1,,,,,,,,,,,,,,,,,,,,,,,,,,,,,,,,,,,,,,,,,,,,,,,,,,,,,,,,,,,,,,,,,,,,,,,
,,,,,49,001,2024-06-05_23h36.48.180,mathesisv2,2024.1.3,Win32,60.24096386,,,,,,231.4894,234.5124,l,3.01,,,,,,,stimuliAXBmix/yyustimulus.wav,l,,,,,,,,,,,1,0,4,3,1,,,,,,,,,,,,,,,,,,,,,,,,,,,,,,,,,,,,,,,,,,,,,,,,,,,,,,,,,,,,,,,,,,,,,,,
,,,,,49,001,2024-06-05_23h36.48.180,mathesisv2,2024.1.3,Win32,60.24096386,,,,,,234.5581,237.306,f,2.7335,,,,,,,stimuliAXBmix/yuustimulus.wav,f,,,,,,,,,,,1,1,5,2,1,,,,,,,,,,,,,,,,,,,,,,,,,,,,,,,,,,,,,,,,,,,,,,,,,,,,,,,,,,,,,,,,,,,,,,,
,,,,,49,001,2024-06-05_23h36.48.180,mathesisv2,2024.1.3,Win32,60.24096386,,,,,,237.3076,240.3213,l,2.9988,,,,,,,stimuliAXBmix/iiystimulus.wav,l,,,,,,,,,,,1,2,6,0,1,,,,,,,,,,,,,,,,,,,,,,,,,,,,,,,,,,,,,,,,,,,,,,,,,,,,,,,,,,,,,,,,,,,,,,,
,,,,,49,001,2024-06-05_23h36.48.180,mathesisv2,2024.1.3,Win32,60.24096386,,,,,,240.3456,243.4936,f,3.1382,,,,,,,stimuliAXBmix/iyystimulus.wav,f,,,,,,,,,,,1,3,7,1,1,,,,,,,,,,,,,,,,,,,,,,,,,,,,,,,,,,,,,,,,,,,,,,,,,,,,,,,,,,,,,,,,,,,,,,,
,,,,,49,001,2024-06-05_23h36.48.180,mathesisv2,2024.1.3,Win32,60.24096386,,,,,,243.4951,246.4898,f,2.9764,,,,,,,stimuliAXBmix/yuustimulus.wav,f,,,,,,,,,,,2,0,8,2,1,,,,,,,,,,,,,,,,,,,,,,,,,,,,,,,,,,,,,,,,,,,,,,,,,,,,,,,,,,,,,,,,,,,,,,,
,,,,,49,001,2024-06-05_23h36.48.180,mathesisv2,2024.1.3,Win32,60.24096386,,,,,,246.539,249.9034,l,3.3506,,,,,,,stimuliAXBmix/yyustimulus.wav,l,,,,,,,,,,,2,1,9,3,1,,,,,,,,,,,,,,,,,,,,,,,,,,,,,,,,,,,,,,,,,,,,,,,,,,,,,,,,,,,,,,,,,,,,,,,
,,,,,49,001,2024-06-05_23h36.48.180,mathesisv2,2024.1.3,Win32,60.24096386,,,,,,249.9231,253.2693,l,3.3362,,,,,,,stimuliAXBmix/iiystimulus.wav,l,,,,,,,,,,,2,2,10,0,1,,,,,,,,,,,,,,,,,,,,,,,,,,,,,,,,,,,,,,,,,,,,,,,,,,,,,,,,,,,,,,,,,,,,,,,
,,,,,49,001,2024-06-05_23h36.48.180,mathesisv2,2024.1.3,Win32,60.24096386,,,,,,253.27,256.3698,f,3.0853,,,,,,,stimuliAXBmix/iyystimulus.wav,f,,,,,,,,,,,2,3,11,1,1,,,,,,,,,,,,,,,,,,,,,,,,,,,,,,,,,,,,,,,,,,,,,,,,,,,,,,,,,,,,,,,,,,,,,,,
,,,,,49,001,2024-06-05_23h36.48.180,mathesisv2,2024.1.3,Win32,60.24096386,,,,,,258.0783,261.0727,f,2.9831,,,,,,,stimuliAXBmix/iyystimulus.wav,f,,,,,,,,,,,,,,,,256.3706,258.0219,space,1.6314,,0,0,0,1,1,,,,,,,,,,,,,,,,,,,,,,,,,,,,,,,,,,,,,,,,,,,,,,,,,,,,,,,,,,,,,
,,,,,49,001,2024-06-05_23h36.48.180,mathesisv2,2024.1.3,Win32,60.24096386,,,,,,261.0742,264.1387,l,3.0505,,,,,,,stimuliAXBmix/iiystimulus.wav,l,,,,,,,,,,,,,,,,,,,,,0,1,1,0,1,,,,,,,,,,,,,,,,,,,,,,,,,,,,,,,,,,,,,,,,,,,,,,,,,,,,,,,,,,,,,
,,,,,49,001,2024-06-05_23h36.48.180,mathesisv2,2024.1.3,Win32,60.24096386,,,,,,264.1838,267.0209,f,2.8266,,,,,,,stimuliAXBmix/yuustimulus.wav,f,,,,,,,,,,,,,,,,,,,,,0,2,2,2,1,,,,,,,,,,,,,,,,,,,,,,,,,,,,,,,,,,,,,,,,,,,,,,,,,,,,,,,,,,,,,
,,,,,49,001,2024-06-05_23h36.48.180,mathesisv2,2024.1.3,Win32,60.24096386,,,,,,267.0232,270.1027,l,3.0631,,,,,,,stimuliAXBmix/yyustimulus.wav,l,,,,,,,,,,,,,,,,,,,,,0,3,3,3,1,,,,,,,,,,,,,,,,,,,,,,,,,,,,,,,,,,,,,,,,,,,,,,,,,,,,,,,,,,,,,
,,,,,49,001,2024-06-05_23h36.48.180,mathesisv2,2024.1.3,Win32,60.24096386,,,,,,270.1526,274.0837,l,3.9166,,,,,,,stimuliAXBmix/yyustimulus.wav,l,,,,,,,,,,,,,,,,,,,,,1,0,4,3,1,,,,,,,,,,,,,,,,,,,,,,,,,,,,,,,,,,,,,,,,,,,,,,,,,,,,,,,,,,,,,
,,,,,49,001,2024-06-05_23h36.48.180,mathesisv2,2024.1.3,Win32,60.24096386,,,,,,274.1085,277.0839,f,2.9655,,,,,,,stimuliAXBmix/yuustimulus.wav,f,,,,,,,,,,,,,,,,,,,,,1,1,5,2,1,,,,,,,,,,,,,,,,,,,,,,,,,,,,,,,,,,,,,,,,,,,,,,,,,,,,,,,,,,,,,
,,,,,49,001,2024-06-05_23h36.48.180,mathesisv2,2024.1.3,Win32,60.24096386,,,,,,277.0855,280.2176,f,3.1166,,,,,,,stimuliAXBmix/iyystimulus.wav,f,,,,,,,,,,,,,,,,,,,,,1,2,6,1,1,,,,,,,,,,,,,,,,,,,,,,,,,,,,,,,,,,,,,,,,,,,,,,,,,,,,,,,,,,,,,
,,,,,49,001,2024-06-05_23h36.48.180,mathesisv2,2024.1.3,Win32,60.24096386,,,,,,280.2519,283.9994,l,3.73,,,,,,,stimuliAXBmix/iiystimulus.wav,l,,,,,,,,,,,,,,,,,,,,,1,3,7,0,1,,,,,,,,,,,,,,,,,,,,,,,,,,,,,,,,,,,,,,,,,,,,,,,,,,,,,,,,,,,,,
,,,,,49,001,2024-06-05_23h36.48.180,mathesisv2,2024.1.3,Win32,60.24096386,,,,,,293.0771,296.986,f,3.8984,,,,,,,stimuliAXBmix/yuustimulus.wav,f,,,,,,,,,,,0,0,0,2,1,,,,,,,,,,,283.9999,293.0158,space,8.996,,,,,,,,,,,,,,,,,,,,,,,,,,,,,,,,,,,,,,,,,,,,,,,,,,,,,,,,,
,,,,,49,001,2024-06-05_23h36.48.180,mathesisv2,2024.1.3,Win32,60.24096386,,,,,,296.9878,300.0976,l,3.0945,,,,,,,stimuliAXBmix/yyustimulus.wav,l,,,,,,,,,,,0,1,1,3,1,,,,,,,,,,,,,,,,,,,,,,,,,,,,,,,,,,,,,,,,,,,,,,,,,,,,,,,,,,,,,,,,,,,,,,,
,,,,,49,001,2024-06-05_23h36.48.180,mathesisv2,2024.1.3,Win32,60.24096386,,,,,,300.1456,303.2669,f,3.1116,,,,,,,stimuliAXBmix/iyystimulus.wav,f,,,,,,,,,,,0,2,2,1,1,,,,,,,,,,,,,,,,,,,,,,,,,,,,,,,,,,,,,,,,,,,,,,,,,,,,,,,,,,,,,,,,,,,,,,,
,,,,,49,001,2024-06-05_23h36.48.180,mathesisv2,2024.1.3,Win32,60.24096386,,,,,,303.3126,306.4295,l,3.1049,,,,,,,stimuliAXBmix/iiystimulus.wav,l,,,,,,,,,,,0,3,3,0,1,,,,,,,,,,,,,,,,,,,,,,,,,,,,,,,,,,,,,,,,,,,,,,,,,,,,,,,,,,,,,,,,,,,,,,,
,,,,,49,001,2024-06-05_23h36.48.180,mathesisv2,2024.1.3,Win32,60.24096386,,,,,,306.4301,309.4457,f,2.9992,,,,,,,stimuliAXBmix/iyystimulus.wav,f,,,,,,,,,,,1,0,4,1,1,,,,,,,,,,,,,,,,,,,,,,,,,,,,,,,,,,,,,,,,,,,,,,,,,,,,,,,,,,,,,,,,,,,,,,,
,,,,,49,001,2024-06-05_23h36.48.180,mathesisv2,2024.1.3,Win32,60.24096386,,,,,,309.4668,312.6461,f,3.1659,,,,,,,stimuliAXBmix/yuustimulus.wav,f,,,,,,,,,,,1,1,5,2,1,,,,,,,,,,,,,,,,,,,,,,,,,,,,,,,,,,,,,,,,,,,,,,,,,,,,,,,,,,,,,,,,,,,,,,,
,,,,,49,001,2024-06-05_23h36.48.180,mathesisv2,2024.1.3,Win32,60.24096386,,,,,,312.6478,315.4446,l,2.7756,,,,,,,stimuliAXBmix/iiystimulus.wav,l,,,,,,,,,,,1,2,6,0,1,,,,,,,,,,,,,,,,,,,,,,,,,,,,,,,,,,,,,,,,,,,,,,,,,,,,,,,,,,,,,,,,,,,,,,,
,,,,,49,001,2024-06-05_23h36.48.180,mathesisv2,2024.1.3,Win32,60.24096386,,,,,,315.4578,319.0626,l,3.5951,,,,,,,stimuliAXBmix/yyustimulus.wav,l,,,,,,,,,,,1,3,7,3,1,,,,,,,,,,,,,,,,,,,,,,,,,,,,,,,,,,,,,,,,,,,,,,,,,,,,,,,,,,,,,,,,,,,,,,,
,,,,,49,001,2024-06-05_23h36.48.180,mathesisv2,2024.1.3,Win32,60.24096386,,,,,,319.0641,322.011,l,2.9329,,,,,,,stimuliAXBmix/iiystimulus.wav,l,,,,,,,,,,,2,0,8,0,1,,,,,,,,,,,,,,,,,,,,,,,,,,,,,,,,,,,,,,,,,,,,,,,,,,,,,,,,,,,,,,,,,,,,,,,
,,,,,49,001,2024-06-05_23h36.48.180,mathesisv2,2024.1.3,Win32,60.24096386,,,,,,322.0378,324.761,f,2.7136,,,,,,,stimuliAXBmix/yuustimulus.wav,f,,,,,,,,,,,2,1,9,2,1,,,,,,,,,,,,,,,,,,,,,,,,,,,,,,,,,,,,,,,,,,,,,,,,,,,,,,,,,,,,,,,,,,,,,,,
,,,,,49,001,2024-06-05_23h36.48.180,mathesisv2,2024.1.3,Win32,60.24096386,,,,,,324.7634,327.6778,l,2.9016,,,,,,,stimuliAXBmix/yyustimulus.wav,l,,,,,,,,,,,2,2,10,3,1,,,,,,,,,,,,,,,,,,,,,,,,,,,,,,,,,,,,,,,,,,,,,,,,,,,,,,,,,,,,,,,,,,,,,,,
,,,,,49,001,2024-06-05_23h36.48.180,mathesisv2,2024.1.3,Win32,60.24096386,,,,,,327.7294,330.66,f,2.9186,,,,,,,stimuliAXBmix/iyystimulus.wav,f,,,,,,,,,,,2,3,11,1,1,,,,,,,,,,,,,,,,,,,,,,,,,,,,,,,,,,,,,,,,,,,,,,,,,,,,,,,,,,,,,,,,,,,,,,,
,,,,,49,001,2024-06-05_23h36.48.180,mathesisv2,2024.1.3,Win32,60.24096386,,,,,,332.1377,334.913,f,2.7662,,,,,,,stimuliAXBmix/yuustimulus.wav,f,,,,,,,,,,,,,,,,330.6602,332.0935,space,1.4169,,0,0,0,2,1,,,,,,,,,,,,,,,,,,,,,,,,,,,,,,,,,,,,,,,,,,,,,,,,,,,,,,,,,,,,,
,,,,,49,001,2024-06-05_23h36.48.180,mathesisv2,2024.1.3,Win32,60.24096386,,,,,,334.9147,338.3266,f,3.3973,,,,,,,stimuliAXBmix/iyystimulus.wav,f,,,,,,,,,,,,,,,,,,,,,0,1,1,1,1,,,,,,,,,,,,,,,,,,,,,,,,,,,,,,,,,,,,,,,,,,,,,,,,,,,,,,,,,,,,,
,,,,,49,001,2024-06-05_23h36.48.180,mathesisv2,2024.1.3,Win32,60.24096386,,,,,,338.3746,341.3417,l,2.954,,,,,,,stimuliAXBmix/iiystimulus.wav,l,,,,,,,,,,,,,,,,,,,,,0,2,2,0,1,,,,,,,,,,,,,,,,,,,,,,,,,,,,,,,,,,,,,,,,,,,,,,,,,,,,,,,,,,,,,
,,,,,49,001,2024-06-05_23h36.48.180,mathesisv2,2024.1.3,Win32,60.24096386,,,,,,341.3585,344.6087,l,3.2365,,,,,,,stimuliAXBmix/yyustimulus.wav,l,,,,,,,,,,,,,,,,,,,,,0,3,3,3,1,,,,,,,,,,,,,,,,,,,,,,,,,,,,,,,,,,,,,,,,,,,,,,,,,,,,,,,,,,,,,
,,,,,49,001,2024-06-05_23h36.48.180,mathesisv2,2024.1.3,Win32,60.24096386,,,,,,344.6106,348.933,l,4.3058,,,,,,,stimuliAXBmix/iiystimulus.wav,l,,,,,,,,,,,,,,,,,,,,,1,0,4,0,1,,,,,,,,,,,,,,,,,,,,,,,,,,,,,,,,,,,,,,,,,,,,,,,,,,,,,,,,,,,,,
,,,,,49,001,2024-06-05_23h36.48.180,mathesisv2,2024.1.3,Win32,60.24096386,,,,,,348.9663,351.878,l,2.9024,,,,,,,stimuliAXBmix/yyustimulus.wav,l,,,,,,,,,,,,,,,,,,,,,1,1,5,3,1,,,,,,,,,,,,,,,,,,,,,,,,,,,,,,,,,,,,,,,,,,,,,,,,,,,,,,,,,,,,,
,,,,,49,001,2024-06-05_23h36.48.180,mathesisv2,2024.1.3,Win32,60.24096386,,,,,,351.9244,354.1278,f,2.1933,,,,,,,stimuliAXBmix/yuustimulus.wav,f,,,,,,,,,,,,,,,,,,,,,1,2,6,2,1,,,,,,,,,,,,,,,,,,,,,,,,,,,,,,,,,,,,,,,,,,,,,,,,,,,,,,,,,,,,,
,,,,,49,001,2024-06-05_23h36.48.180,mathesisv2,2024.1.3,Win32,60.24096386,,,,,,354.1288,358.0399,f,3.8913,,,,,,,stimuliAXBmix/iyystimulus.wav,f,,,,,,,,,,,,,,,,,,,,,1,3,7,1,1,,,,,,,,,,,,,,,,,,,,,,,,,,,,,,,,,,,,,,,,,,,,,,,,,,,,,,,,,,,,,
,,,,,49,001,2024-06-05_23h36.48.180,mathesisv2,2024.1.3,Win32,60.24096386,,,,,,359.3228,362.7227,f,3.3872,,,,,,,stimuliAXBmix/yuustimulus.wav,f,,,,,,,,,,,0,0,0,2,1,,,,,,,,,,,358.0403,359.2755,space,1.219,,,,,,,,,,,,,,,,,,,,,,,,,,,,,,,,,,,,,,,,,,,,,,,,,,,,,,,,,
,,,,,49,001,2024-06-05_23h36.48.180,mathesisv2,2024.1.3,Win32,60.24096386,,,,,,362.7575,366.3891,f,3.6184,,,,,,,stimuliAXBmix/iyystimulus.wav,f,,,,,,,,,,,0,1,1,1,1,,,,,,,,,,,,,,,,,,,,,,,,,,,,,,,,,,,,,,,,,,,,,,,,,,,,,,,,,,,,,,,,,,,,,,,
,,,,,49,001,2024-06-05_23h36.48.180,mathesisv2,2024.1.3,Win32,60.24096386,,,,,,366.4332,369.2696,l,2.8273,,,,,,,stimuliAXBmix/yyustimulus.wav,l,,,,,,,,,,,0,2,2,3,1,,,,,,,,,,,,,,,,,,,,,,,,,,,,,,,,,,,,,,,,,,,,,,,,,,,,,,,,,,,,,,,,,,,,,,,
,,,,,49,001,2024-06-05_23h36.48.180,mathesisv2,2024.1.3,Win32,60.24096386,,,,,,369.2725,372.9052,l,3.6187,,,,,,,stimuliAXBmix/iiystimulus.wav,l,,,,,,,,,,,0,3,3,0,1,,,,,,,,,,,,,,,,,,,,,,,,,,,,,,,,,,,,,,,,,,,,,,,,,,,,,,,,,,,,,,,,,,,,,,,
,,,,,49,001,2024-06-05_23h36.48.180,mathesisv2,2024.1.3,Win32,60.24096386,,,,,,372.9391,376.421,l,3.4711,,,,,,,stimuliAXBmix/yyustimulus.wav,l,,,,,,,,,,,1,0,4,3,1,,,,,,,,,,,,,,,,,,,,,,,,,,,,,,,,,,,,,,,,,,,,,,,,,,,,,,,,,,,,,,,,,,,,,,,
,,,,,49,001,2024-06-05_23h36.48.180,mathesisv2,2024.1.3,Win32,60.24096386,,,,,,376.4565,379.6534,l,3.1866,,,,,,,stimuliAXBmix/iiystimulus.wav,l,,,,,,,,,,,1,1,5,0,1,,,,,,,,,,,,,,,,,,,,,,,,,,,,,,,,,,,,,,,,,,,,,,,,,,,,,,,,,,,,,,,,,,,,,,,
,,,,,49,001,2024-06-05_23h36.48.180,mathesisv2,2024.1.3,Win32,60.24096386,,,,,,379.6735,382.5203,f,2.8369,,,,,,,stimuliAXBmix/yuustimulus.wav,f,,,,,,,,,,,1,2,6,2,1,,,,,,,,,,,,,,,,,,,,,,,,,,,,,,,,,,,,,,,,,,,,,,,,,,,,,,,,,,,,,,,,,,,,,,,
,,,,,49,001,2024-06-05_23h36.48.180,mathesisv2,2024.1.3,Win32,60.24096386,,,,,,382.5213,385.8535,f,3.3162,,,,,,,stimuliAXBmix/iyystimulus.wav,f,,,,,,,,,,,1,3,7,1,1,,,,,,,,,,,,,,,,,,,,,,,,,,,,,,,,,,,,,,,,,,,,,,,,,,,,,,,,,,,,,,,,,,,,,,,
,,,,,49,001,2024-06-05_23h36.48.180,mathesisv2,2024.1.3,Win32,60.24096386,,,,,,385.8925,388.7549,f,2.85,,,,,,,stimuliAXBmix/yuustimulus.wav,f,,,,,,,,,,,2,0,8,2,1,,,,,,,,,,,,,,,,,,,,,,,,,,,,,,,,,,,,,,,,,,,,,,,,,,,,,,,,,,,,,,,,,,,,,,,
,,,,,49,001,2024-06-05_23h36.48.180,mathesisv2,2024.1.3,Win32,60.24096386,,,,,,388.7562,391.8534,f,3.0818,,,,,,,stimuliAXBmix/iyystimulus.wav,f,,,,,,,,,,,2,1,9,1,1,,,,,,,,,,,,,,,,,,,,,,,,,,,,,,,,,,,,,,,,,,,,,,,,,,,,,,,,,,,,,,,,,,,,,,,
,,,,,49,001,2024-06-05_23h36.48.180,mathesisv2,2024.1.3,Win32,60.24096386,,,,,,391.9109,394.985,l,3.0615,,,,,,,stimuliAXBmix/yyustimulus.wav,l,,,,,,,,,,,2,2,10,3,1,,,,,,,,,,,,,,,,,,,,,,,,,,,,,,,,,,,,,,,,,,,,,,,,,,,,,,,,,,,,,,,,,,,,,,,
,,,,,49,001,2024-06-05_23h36.48.180,mathesisv2,2024.1.3,Win32,60.24096386,,,,,,394.9867,398.2398,l,3.2388,,,,,,,stimuliAXBmix/iiystimulus.wav,l,,,,,,,,,,,2,3,11,0,1,,,,,,,,,,,,,,,,,,,,,,,,,,,,,,,,,,,,,,,,,,,,,,,,,,,,,,,,,,,,,,,,,,,,,,,
,,,,,49,001,2024-06-05_23h36.48.180,mathesisv2,2024.1.3,Win32,60.24096386,,,,,,399.9185,403.0886,l,3.1585,,,,,,,stimuliAXBmix/yyustimulus.wav,l,,,,,,,,,,,,,,,,398.2402,399.9007,space,1.6433,,0,0,0,3,1,,,,,,,,,,,,,,,,,,,,,,,,,,,,,,,,,,,,,,,,,,,,,,,,,,,,,,,,,,,,,
,,,,,49,001,2024-06-05_23h36.48.180,mathesisv2,2024.1.3,Win32,60.24096386,,,,,,403.0898,405.985,f,2.8805,,,,,,,stimuliAXBmix/iyystimulus.wav,f,,,,,,,,,,,,,,,,,,,,,0,1,1,1,1,,,,,,,,,,,,,,,,,,,,,,,,,,,,,,,,,,,,,,,,,,,,,,,,,,,,,,,,,,,,,
,,,,,49,001,2024-06-05_23h36.48.180,mathesisv2,2024.1.3,Win32,60.24096386,,,,,,406.023,408.8831,f,2.8493,,,,,,,stimuliAXBmix/yuustimulus.wav,f,,,,,,,,,,,,,,,,,,,,,0,2,2,2,1,,,,,,,,,,,,,,,,,,,,,,,,,,,,,,,,,,,,,,,,,,,,,,,,,,,,,,,,,,,,,
,,,,,49,001,2024-06-05_23h36.48.180,mathesisv2,2024.1.3,Win32,60.24096386,,,,,,408.8838,413.6341,l,4.736,,,,,,,stimuliAXBmix/iiystimulus.wav,l,,,,,,,,,,,,,,,,,,,,,0,3,3,0,1,,,,,,,,,,,,,,,,,,,,,,,,,,,,,,,,,,,,,,,,,,,,,,,,,,,,,,,,,,,,,
,,,,,49,001,2024-06-05_23h36.48.180,mathesisv2,2024.1.3,Win32,60.24096386,,,,,,413.6835,416.9657,f,3.269,,,,,,,stimuliAXBmix/yuustimulus.wav,f,,,,,,,,,,,,,,,,,,,,,1,0,4,2,1,,,,,,,,,,,,,,,,,,,,,,,,,,,,,,,,,,,,,,,,,,,,,,,,,,,,,,,,,,,,,
,,,,,49,001,2024-06-05_23h36.48.180,mathesisv2,2024.1.3,Win32,60.24096386,,,,,,416.9674,420.4698,f,3.4853,,,,,,,stimuliAXBmix/iyystimulus.wav,f,,,,,,,,,,,,,,,,,,,,,1,1,5,1,1,,,,,,,,,,,,,,,,,,,,,,,,,,,,,,,,,,,,,,,,,,,,,,,,,,,,,,,,,,,,,
,,,,,49,001,2024-06-05_23h36.48.180,mathesisv2,2024.1.3,Win32,60.24096386,,,,,,420.5185,423.2982,l,2.7673,,,,,,,stimuliAXBmix/yyustimulus.wav,l,,,,,,,,,,,,,,,,,,,,,1,2,6,3,1,,,,,,,,,,,,,,,,,,,,,,,,,,,,,,,,,,,,,,,,,,,,,,,,,,,,,,,,,,,,,
,,,,,49,001,2024-06-05_23h36.48.180,mathesisv2,2024.1.3,Win32,60.24096386,,,,,,423.3001,426.3674,l,3.0523,,,,,,,stimuliAXBmix/iiystimulus.wav,l,,,,,,,,,,,,,,,,,,,,,1,3,7,0,1,,,,,,,,,,,,,,,,,,,,,,,,,,,,,,,,,,,,,,,,,,,,,,,,,,,,,,,,,,,,,
,,,,,49,001,2024-06-05_23h36.48.180,mathesisv2,2024.1.3,Win32,60.24096386,,,,,,,,,,,,,,,,,,,,,,,,,,,,,,,,,,,,,,,,,,,426.3681,498.3735,space,71.9887,,498.3765,511.7284,space,13.3022,,,,,,,,,,,,,,,,,,,,,,,,,,,,,,,,,,,,,,,,,,,,,,,,,,,,
,,,,,49,001,2024-06-05_23h36.48.180,mathesisv2,2024.1.3,Win32,60.24096386,,,,,,,,,,,,,,,,,,,,,,,,,,,,,,,,,,,,,,,,,,,,,,,,,,,,,511.7988,522.6066,e,10.7797,,0,0,0,2,1,testTAFCmixfirst/nimnym006.wav,,,,,,,,,,,,,,,,,,,,,,,,,,,,,,,,,,,,,,,,
,,,,,49,001,2024-06-05_23h36.48.180,mathesisv2,2024.1.3,Win32,60.24096386,,,,,,,,,,,,,,,,,,,,,,,,,,,,,,,,,,,,,,,,,,,,,,,,,,,,,522.6634,527.3735,e,4.6939,,0,1,1,1,1,testTAFCmixfirst/nimnym002.wav,,,,,,,,,,,,,,,,,,,,,,,,,,,,,,,,,,,,,,,,
,,,,,49,001,2024-06-05_23h36.48.180,mathesisv2,2024.1.3,Win32,60.24096386,,,,,,,,,,,,,,,,,,,,,,,,,,,,,,,,,,,,,,,,,,,,,,,,,,,,,527.4221,529.2031,e,1.7714,,0,2,2,0,1,testTAFCmixfirst/nimnym001.wav,,,,,,,,,,,,,,,,,,,,,,,,,,,,,,,,,,,,,,,,
,,,,,49,001,2024-06-05_23h36.48.180,mathesisv2,2024.1.3,Win32,60.24096386,,,,,,,,,,,,,,,,,,,,,,,,,,,,,,,,,,,,,,,,,,,,,,,,,,,,,,,,,,,,,,,,529.2176,533.3675,u,4.127,,0,0,0,0,1,testTAFCmixsec/numnym001.wav,,,,,,,,,,,,,,,,,,,,,,,,,,,,,
,,,,,49,001,2024-06-05_23h36.48.180,mathesisv2,2024.1.3,Win32,60.24096386,,,,,,,,,,,,,,,,,,,,,,,,,,,,,,,,,,,,,,,,,,,,,,,,,,,,,,,,,,,,,,,,533.3849,535.0529,u,1.6557,,0,1,1,1,1,testTAFCmixsec/numnym002.wav,,,,,,,,,,,,,,,,,,,,,,,,,,,,,
,,,,,49,001,2024-06-05_23h36.48.180,mathesisv2,2024.1.3,Win32,60.24096386,,,,,,,,,,,,,,,,,,,,,,,,,,,,,,,,,,,,,,,,,,,,,,,,,,,,,,,,,,,,,,,,535.0543,542.6167,y,7.543,,0,2,2,2,1,testTAFCmixsec/numnym006.wav,,,,,,,,,,,,,,,,,,,,,,,,,,,,,
,,,,,49,001,2024-06-05_23h36.48.180,mathesisv2,2024.1.3,Win32,60.24096386,,,,,,,,,,,,,,,,,,,,,,,,,,,,,,,,,,,,,,,,,,,,,,,,,,,,,,,,,,,,,,,,,,,,,,,,,,,542.6204,551.7826,space,9.1195,,,,,,,,,,,,,,,,,,,,,,,,,
,,,,,49,001,2024-06-05_23h36.48.180,mathesisv2,2024.1.3,Win32,60.24096386,,,,,,,,,,,,,,,,,e,,,,,,,,,,,,,,,,,,,,,,,,,,,,,,,,,,,,,,,,,,,,,,,,,,,,,,,,,,,,,,,551.8146,554.6641,e,2.8261,,0,0,0,0,1,stimuliTAFCfirst/nimnym001.wav,,,,,,,,,,,,,
,,,,,49,001,2024-06-05_23h36.48.180,mathesisv2,2024.1.3,Win32,60.24096386,,,,,,,,,,,,,,,,,y,,,,,,,,,,,,,,,,,,,,,,,,,,,,,,,,,,,,,,,,,,,,,,,,,,,,,,,,,,,,,,,554.6653,558.1301,y,3.4467,,0,1,1,5,1,stimuliTAFCfirst/nimnym006.wav,,,,,,,,,,,,,
,,,,,49,001,2024-06-05_23h36.48.180,mathesisv2,2024.1.3,Win32,60.24096386,,,,,,,,,,,,,,,,,e,,,,,,,,,,,,,,,,,,,,,,,,,,,,,,,,,,,,,,,,,,,,,,,,,,,,,,,,,,,,,,,558.1456,562.0464,y,3.8844,,0,2,2,2,1,stimuliTAFCfirst/nimnym003.wav,,,,,,,,,,,,,
,,,,,49,001,2024-06-05_23h36.48.180,mathesisv2,2024.1.3,Win32,60.24096386,,,,,,,,,,,,,,,,,y,,,,,,,,,,,,,,,,,,,,,,,,,,,,,,,,,,,,,,,,,,,,,,,,,,,,,,,,,,,,,,,562.0622,563.5793,y,1.5039,,0,3,3,6,1,stimuliTAFCfirst/nimnym007.wav,,,,,,,,,,,,,
,,,,,49,001,2024-06-05_23h36.48.180,mathesisv2,2024.1.3,Win32,60.24096386,,,,,,,,,,,,,,,,,y,,,,,,,,,,,,,,,,,,,,,,,,,,,,,,,,,,,,,,,,,,,,,,,,,,,,,,,,,,,,,,,563.5799,573.7368,y,10.1423,,0,4,4,4,1,stimuliTAFCfirst/nimnym005.wav,,,,,,,,,,,,,
,,,,,49,001,2024-06-05_23h36.48.180,mathesisv2,2024.1.3,Win32,60.24096386,,,,,,,,,,,,,,,,,e,,,,,,,,,,,,,,,,,,,,,,,,,,,,,,,,,,,,,,,,,,,,,,,,,,,,,,,,,,,,,,,573.7836,576.5965,e,2.7987,,0,5,5,1,1,stimuliTAFCfirst/nimnym002.wav,,,,,,,,,,,,,
,,,,,49,001,2024-06-05_23h36.48.180,mathesisv2,2024.1.3,Win32,60.24096386,,,,,,,,,,,,,,,,,x,,,,,,,,,,,,,,,,,,,,,,,,,,,,,,,,,,,,,,,,,,,,,,,,,,,,,,,,,,,,,,,576.5986,580.56,y,3.9517,,0,6,6,3,1,stimuliTAFCfirst/nimnym004.wav,,,,,,,,,,,,,
,,,,,49,001,2024-06-05_23h36.48.180,mathesisv2,2024.1.3,Win32,60.24096386,,,,,,,,,,,,,,,,,e,,,,,,,,,,,,,,,,,,,,,,,,,,,,,,,,,,,,,,,,,,,,,,,,,,,,,,,,,,,,,,,580.5952,582.5605,e,1.9557,,1,0,7,1,1,stimuliTAFCfirst/nimnym002.wav,,,,,,,,,,,,,
,,,,,49,001,2024-06-05_23h36.48.180,mathesisv2,2024.1.3,Win32,60.24096386,,,,,,,,,,,,,,,,,y,,,,,,,,,,,,,,,,,,,,,,,,,,,,,,,,,,,,,,,,,,,,,,,,,,,,,,,,,,,,,,,582.5613,584.2434,y,1.6624,,1,1,8,4,1,stimuliTAFCfirst/nimnym005.wav,,,,,,,,,,,,,
,,,,,49,001,2024-06-05_23h36.48.180,mathesisv2,2024.1.3,Win32,60.24096386,,,,,,,,,,,,,,,,,y,,,,,,,,,,,,,,,,,,,,,,,,,,,,,,,,,,,,,,,,,,,,,,,,,,,,,,,,,,,,,,,584.2439,585.4601,y,1.2004,,1,2,9,6,1,stimuliTAFCfirst/nimnym007.wav,,,,,,,,,,,,,
,,,,,49,001,2024-06-05_23h36.48.180,mathesisv2,2024.1.3,Win32,60.24096386,,,,,,,,,,,,,,,,,e,,,,,,,,,,,,,,,,,,,,,,,,,,,,,,,,,,,,,,,,,,,,,,,,,,,,,,,,,,,,,,,585.4607,587.2264,y,1.7466,,1,3,10,2,1,stimuliTAFCfirst/nimnym003.wav,,,,,,,,,,,,,
,,,,,49,001,2024-06-05_23h36.48.180,mathesisv2,2024.1.3,Win32,60.24096386,,,,,,,,,,,,,,,,,y,,,,,,,,,,,,,,,,,,,,,,,,,,,,,,,,,,,,,,,,,,,,,,,,,,,,,,,,,,,,,,,587.227,589.7094,y,2.4659,,1,4,11,5,1,stimuliTAFCfirst/nimnym006.wav,,,,,,,,,,,,,
,,,,,49,001,2024-06-05_23h36.48.180,mathesisv2,2024.1.3,Win32,60.24096386,,,,,,,,,,,,,,,,,x,,,,,,,,,,,,,,,,,,,,,,,,,,,,,,,,,,,,,,,,,,,,,,,,,,,,,,,,,,,,,,,589.71,591.8617,y,2.1389,,1,5,12,3,1,stimuliTAFCfirst/nimnym004.wav,,,,,,,,,,,,,
,,,,,49,001,2024-06-05_23h36.48.180,mathesisv2,2024.1.3,Win32,60.24096386,,,,,,,,,,,,,,,,,e,,,,,,,,,,,,,,,,,,,,,,,,,,,,,,,,,,,,,,,,,,,,,,,,,,,,,,,,,,,,,,,591.8646,593.9597,e,2.0796,,1,6,13,0,1,stimuliTAFCfirst/nimnym001.wav,,,,,,,,,,,,,
,,,,,49,001,2024-06-05_23h36.48.180,mathesisv2,2024.1.3,Win32,60.24096386,,,,,,,,,,,,,,,,,u,593.9622,595.4788,space,1.4956,,,,,,,,,,,,,,,,,,,,,,,,,,,,,,,,,,,,,,,,,,,,,,,,,,,,,,,,,,,,,,,,,,,,,,595.5274,599.1599,u,3.6102,,0,0,0,0,1,stimuliTAFCsec/numnym001.wav,,
,,,,,49,001,2024-06-05_23h36.48.180,mathesisv2,2024.1.3,Win32,60.24096386,,,,,,,,,,,,,,,,,x,,,,,,,,,,,,,,,,,,,,,,,,,,,,,,,,,,,,,,,,,,,,,,,,,,,,,,,,,,,,,,,,,,,,,,,,,,599.1802,600.8819,u,1.6917,,0,1,1,3,1,stimuliTAFCsec/numnym004.wav,,
,,,,,49,001,2024-06-05_23h36.48.180,mathesisv2,2024.1.3,Win32,60.24096386,,,,,,,,,,,,,,,,,u,,,,,,,,,,,,,,,,,,,,,,,,,,,,,,,,,,,,,,,,,,,,,,,,,,,,,,,,,,,,,,,,,,,,,,,,,,600.8831,602.2586,u,1.3607,,0,2,2,2,1,stimuliTAFCsec/numnym003.wav,,
,,,,,49,001,2024-06-05_23h36.48.180,mathesisv2,2024.1.3,Win32,60.24096386,,,,,,,,,,,,,,,,,y,,,,,,,,,,,,,,,,,,,,,,,,,,,,,,,,,,,,,,,,,,,,,,,,,,,,,,,,,,,,,,,,,,,,,,,,,,602.2597,604.4269,y,2.1502,,0,3,3,5,1,stimuliTAFCsec/numnym006.wav,,
,,,,,49,001,2024-06-05_23h36.48.180,mathesisv2,2024.1.3,Win32,60.24096386,,,,,,,,,,,,,,,,,y,,,,,,,,,,,,,,,,,,,,,,,,,,,,,,,,,,,,,,,,,,,,,,,,,,,,,,,,,,,,,,,,,,,,,,,,,,604.4281,605.6135,y,1.1756,,0,4,4,4,1,stimuliTAFCsec/numnym005.wav,,
,,,,,49,001,2024-06-05_23h36.48.180,mathesisv2,2024.1.3,Win32,60.24096386,,,,,,,,,,,,,,,,,u,,,,,,,,,,,,,,,,,,,,,,,,,,,,,,,,,,,,,,,,,,,,,,,,,,,,,,,,,,,,,,,,,,,,,,,,,,605.6151,606.8906,u,1.259,,0,5,5,1,1,stimuliTAFCsec/numnym002.wav,,
,,,,,49,001,2024-06-05_23h36.48.180,mathesisv2,2024.1.3,Win32,60.24096386,,,,,,,,,,,,,,,,,y,,,,,,,,,,,,,,,,,,,,,,,,,,,,,,,,,,,,,,,,,,,,,,,,,,,,,,,,,,,,,,,,,,,,,,,,,,606.8913,608.2416,y,1.3351,,0,6,6,6,1,stimuliTAFCsec/numnym007.wav,,
,,,,,49,001,2024-06-05_23h36.48.180,mathesisv2,2024.1.3,Win32,60.24096386,,,,,,,,,,,,,,,,,x,,,,,,,,,,,,,,,,,,,,,,,,,,,,,,,,,,,,,,,,,,,,,,,,,,,,,,,,,,,,,,,,,,,,,,,,,,608.243,609.6609,u,1.4055,,1,0,7,3,1,stimuliTAFCsec/numnym004.wav,,
,,,,,49,001,2024-06-05_23h36.48.180,mathesisv2,2024.1.3,Win32,60.24096386,,,,,,,,,,,,,,,,,y,,,,,,,,,,,,,,,,,,,,,,,,,,,,,,,,,,,,,,,,,,,,,,,,,,,,,,,,,,,,,,,,,,,,,,,,,,609.6625,610.7605,y,1.0878,,1,1,8,6,1,stimuliTAFCsec/numnym007.wav,,
,,,,,49,001,2024-06-05_23h36.48.180,mathesisv2,2024.1.3,Win32,60.24096386,,,,,,,,,,,,,,,,,u,,,,,,,,,,,,,,,,,,,,,,,,,,,,,,,,,,,,,,,,,,,,,,,,,,,,,,,,,,,,,,,,,,,,,,,,,,610.7626,612.1074,u,1.3282,,1,2,9,1,1,stimuliTAFCsec/numnym002.wav,,
,,,,,49,001,2024-06-05_23h36.48.180,mathesisv2,2024.1.3,Win32,60.24096386,,,,,,,,,,,,,,,,,y,,,,,,,,,,,,,,,,,,,,,,,,,,,,,,,,,,,,,,,,,,,,,,,,,,,,,,,,,,,,,,,,,,,,,,,,,,612.1093,613.4098,y,1.288,,1,3,10,4,1,stimuliTAFCsec/numnym005.wav,,
,,,,,49,001,2024-06-05_23h36.48.180,mathesisv2,2024.1.3,Win32,60.24096386,,,,,,,,,,,,,,,,,u,,,,,,,,,,,,,,,,,,,,,,,,,,,,,,,,,,,,,,,,,,,,,,,,,,,,,,,,,,,,,,,,,,,,,,,,,,613.4113,614.7561,u,1.3311,,1,4,11,0,1,stimuliTAFCsec/numnym001.wav,,
,,,,,49,001,2024-06-05_23h36.48.180,mathesisv2,2024.1.3,Win32,60.24096386,,,,,,,,,,,,,,,,,y,,,,,,,,,,,,,,,,,,,,,,,,,,,,,,,,,,,,,,,,,,,,,,,,,,,,,,,,,,,,,,,,,,,,,,,,,,614.7571,615.9896,y,1.2181,,1,5,12,5,1,stimuliTAFCsec/numnym006.wav,,
,,,,,49,001,2024-06-05_23h36.48.180,mathesisv2,2024.1.3,Win32,60.24096386,,,,,,,,,,,,,,,,,u,,,,,,,,,,,,,,,,,,,,,,,,,,,,,,,,,,,,,,,,,,,,,,,,,,,,,,,,,,,,,,,,,,,,,,,,,,615.9905,617.3446,u,1.3402,,1,6,13,2,1,stimuliTAFCsec/numnym003.wav,,
,,,,,49,001,2024-06-05_23h36.48.180,mathesisv2,2024.1.3,Win32,60.24096386,,,,,,,,,,,,,,,,,y,,,,,,,,,,,,,,,,,,,,,,,,,,617.3478,621.3447,space,3.9797,,,,,,,,,,,,,,,,,,,,,,,,,,,,,,,,,,621.4003,624.6766,y,3.2656,,0,0,0,6,1,stimuliTAFCfirst/nimnym007.wav,,,,,,,,,,,,,
,,,,,49,001,2024-06-05_23h36.48.180,mathesisv2,2024.1.3,Win32,60.24096386,,,,,,,,,,,,,,,,,y,,,,,,,,,,,,,,,,,,,,,,,,,,,,,,,,,,,,,,,,,,,,,,,,,,,,,,,,,,,,,,,624.7227,626.1718,y,1.4382,,0,1,1,4,1,stimuliTAFCfirst/nimnym005.wav,,,,,,,,,,,,,
,,,,,49,001,2024-06-05_23h36.48.180,mathesisv2,2024.1.3,Win32,60.24096386,,,,,,,,,,,,,,,,,y,,,,,,,,,,,,,,,,,,,,,,,,,,,,,,,,,,,,,,,,,,,,,,,,,,,,,,,,,,,,,,,626.1726,627.8726,y,1.6835,,0,2,2,5,1,stimuliTAFCfirst/nimnym006.wav,,,,,,,,,,,,,
,,,,,49,001,2024-06-05_23h36.48.180,mathesisv2,2024.1.3,Win32,60.24096386,,,,,,,,,,,,,,,,,e,,,,,,,,,,,,,,,,,,,,,,,,,,,,,,,,,,,,,,,,,,,,,,,,,,,,,,,,,,,,,,,627.874,630.2081,y,2.322,,0,3,3,2,1,stimuliTAFCfirst/nimnym003.wav,,,,,,,,,,,,,
,,,,,49,001,2024-06-05_23h36.48.180,mathesisv2,2024.1.3,Win32,60.24096386,,,,,,,,,,,,,,,,,e,,,,,,,,,,,,,,,,,,,,,,,,,,,,,,,,,,,,,,,,,,,,,,,,,,,,,,,,,,,,,,,630.2567,631.7551,e,1.4808,,0,4,4,0,1,stimuliTAFCfirst/nimnym001.wav,,,,,,,,,,,,,
,,,,,49,001,2024-06-05_23h36.48.180,mathesisv2,2024.1.3,Win32,60.24096386,,,,,,,,,,,,,,,,,x,,,,,,,,,,,,,,,,,,,,,,,,,,,,,,,,,,,,,,,,,,,,,,,,,,,,,,,,,,,,,,,631.7577,634.9209,e,3.1481,,0,5,5,3,1,stimuliTAFCfirst/nimnym004.wav,,,,,,,,,,,,,
,,,,,49,001,2024-06-05_23h36.48.180,mathesisv2,2024.1.3,Win32,60.24096386,,,,,,,,,,,,,,,,,e,,,,,,,,,,,,,,,,,,,,,,,,,,,,,,,,,,,,,,,,,,,,,,,,,,,,,,,,,,,,,,,634.9641,636.3203,e,1.3457,,0,6,6,1,1,stimuliTAFCfirst/nimnym002.wav,,,,,,,,,,,,,
,,,,,49,001,2024-06-05_23h36.48.180,mathesisv2,2024.1.3,Win32,60.24096386,,,,,,,,,,,,,,,,,y,,,,,,,,,,,,,,,,,,,,,,,,,,,,,,,,,,,,,,,,,,,,,,,,,,,,,,,,,,,,,,,636.321,638.004,y,1.6653,,1,0,7,6,1,stimuliTAFCfirst/nimnym007.wav,,,,,,,,,,,,,
,,,,,49,001,2024-06-05_23h36.48.180,mathesisv2,2024.1.3,Win32,60.24096386,,,,,,,,,,,,,,,,,e,,,,,,,,,,,,,,,,,,,,,,,,,,,,,,,,,,,,,,,,,,,,,,,,,,,,,,,,,,,,,,,638.0058,639.5039,e,1.4822,,1,1,8,0,1,stimuliTAFCfirst/nimnym001.wav,,,,,,,,,,,,,
,,,,,49,001,2024-06-05_23h36.48.180,mathesisv2,2024.1.3,Win32,60.24096386,,,,,,,,,,,,,,,,,x,,,,,,,,,,,,,,,,,,,,,,,,,,,,,,,,,,,,,,,,,,,,,,,,,,,,,,,,,,,,,,,639.5061,641.3724,e,1.8514,,1,2,9,3,1,stimuliTAFCfirst/nimnym004.wav,,,,,,,,,,,,,
,,,,,49,001,2024-06-05_23h36.48.180,mathesisv2,2024.1.3,Win32,60.24096386,,,,,,,,,,,,,,,,,y,,,,,,,,,,,,,,,,,,,,,,,,,,,,,,,,,,,,,,,,,,,,,,,,,,,,,,,,,,,,,,,641.3744,643.0198,y,1.6302,,1,3,10,4,1,stimuliTAFCfirst/nimnym005.wav,,,,,,,,,,,,,
,,,,,49,001,2024-06-05_23h36.48.180,mathesisv2,2024.1.3,Win32,60.24096386,,,,,,,,,,,,,,,,,y,,,,,,,,,,,,,,,,,,,,,,,,,,,,,,,,,,,,,,,,,,,,,,,,,,,,,,,,,,,,,,,643.0212,644.272,y,1.2367,,1,4,11,5,1,stimuliTAFCfirst/nimnym006.wav,,,,,,,,,,,,,
,,,,,49,001,2024-06-05_23h36.48.180,mathesisv2,2024.1.3,Win32,60.24096386,,,,,,,,,,,,,,,,,e,,,,,,,,,,,,,,,,,,,,,,,,,,,,,,,,,,,,,,,,,,,,,,,,,,,,,,,,,,,,,,,644.2745,645.8867,e,1.5951,,1,5,12,2,1,stimuliTAFCfirst/nimnym003.wav,,,,,,,,,,,,,
,,,,,49,001,2024-06-05_23h36.48.180,mathesisv2,2024.1.3,Win32,60.24096386,,,,,,,,,,,,,,,,,e,,,,,,,,,,,,,,,,,,,,,,,,,,,,,,,,,,,,,,,,,,,,,,,,,,,,,,,,,,,,,,,645.8888,647.2678,e,1.3642,,1,6,13,1,1,stimuliTAFCfirst/nimnym002.wav,,,,,,,,,,,,,
,,,,,49,001,2024-06-05_23h36.48.180,mathesisv2,2024.1.3,Win32,60.24096386,,,,,,,,,,,,,,,,,u,647.2687,649.0048,space,1.7155,,,,,,,,,,,,,,,,,,,,,,,,,,,,,,,,,,,,,,,,,,,,,,,,,,,,,,,,,,,,,,,,,,,,,,649.0676,652.1349,u,3.0509,,0,0,0,2,1,stimuliTAFCsec/numnym003.wav,,
,,,,,49,001,2024-06-05_23h36.48.180,mathesisv2,2024.1.3,Win32,60.24096386,,,,,,,,,,,,,,,,,u,,,,,,,,,,,,,,,,,,,,,,,,,,,,,,,,,,,,,,,,,,,,,,,,,,,,,,,,,,,,,,,,,,,,,,,,,,652.1503,653.5187,u,1.3571,,0,1,1,1,1,stimuliTAFCsec/numnym002.wav,,
,,,,,49,001,2024-06-05_23h36.48.180,mathesisv2,2024.1.3,Win32,60.24096386,,,,,,,,,,,,,,,,,y,,,,,,,,,,,,,,,,,,,,,,,,,,,,,,,,,,,,,,,,,,,,,,,,,,,,,,,,,,,,,,,,,,,,,,,,,,653.5199,656.7199,y,3.1856,,0,2,2,4,1,stimuliTAFCsec/numnym005.wav,,
,,,,,49,001,2024-06-05_23h36.48.180,mathesisv2,2024.1.3,Win32,60.24096386,,,,,,,,,,,,,,,,,x,,,,,,,,,,,,,,,,,,,,,,,,,,,,,,,,,,,,,,,,,,,,,,,,,,,,,,,,,,,,,,,,,,,,,,,,,,656.7655,658.3565,u,1.5796,,0,3,3,3,1,stimuliTAFCsec/numnym004.wav,,
,,,,,49,001,2024-06-05_23h36.48.180,mathesisv2,2024.1.3,Win32,60.24096386,,,,,,,,,,,,,,,,,y,,,,,,,,,,,,,,,,,,,,,,,,,,,,,,,,,,,,,,,,,,,,,,,,,,,,,,,,,,,,,,,,,,,,,,,,,,658.3587,659.8353,y,1.4607,,0,4,4,5,1,stimuliTAFCsec/numnym006.wav,,
,,,,,49,001,2024-06-05_23h36.48.180,mathesisv2,2024.1.3,Win32,60.24096386,,,,,,,,,,,,,,,,,y,,,,,,,,,,,,,,,,,,,,,,,,,,,,,,,,,,,,,,,,,,,,,,,,,,,,,,,,,,,,,,,,,,,,,,,,,,659.8372,661.0519,y,1.2004,,0,5,5,6,1,stimuliTAFCsec/numnym007.wav,,
,,,,,49,001,2024-06-05_23h36.48.180,mathesisv2,2024.1.3,Win32,60.24096386,,,,,,,,,,,,,,,,,u,,,,,,,,,,,,,,,,,,,,,,,,,,,,,,,,,,,,,,,,,,,,,,,,,,,,,,,,,,,,,,,,,,,,,,,,,,661.0534,662.2843,u,1.2159,,0,6,6,0,1,stimuliTAFCsec/numnym001.wav,,
,,,,,49,001,2024-06-05_23h36.48.180,mathesisv2,2024.1.3,Win32,60.24096386,,,,,,,,,,,,,,,,,x,,,,,,,,,,,,,,,,,,,,,,,,,,,,,,,,,,,,,,,,,,,,,,,,,,,,,,,,,,,,,,,,,,,,,,,,,,662.2849,663.5334,u,1.2308,,1,0,7,3,1,stimuliTAFCsec/numnym004.wav,,
,,,,,49,001,2024-06-05_23h36.48.180,mathesisv2,2024.1.3,Win32,60.24096386,,,,,,,,,,,,,,,,,y,,,,,,,,,,,,,,,,,,,,,,,,,,,,,,,,,,,,,,,,,,,,,,,,,,,,,,,,,,,,,,,,,,,,,,,,,,663.5344,664.7332,y,1.1827,,1,1,8,5,1,stimuliTAFCsec/numnym006.wav,,
,,,,,49,001,2024-06-05_23h36.48.180,mathesisv2,2024.1.3,Win32,60.24096386,,,,,,,,,,,,,,,,,y,,,,,,,,,,,,,,,,,,,,,,,,,,,,,,,,,,,,,,,,,,,,,,,,,,,,,,,,,,,,,,,,,,,,,,,,,,664.7339,665.8677,y,1.1157,,1,2,9,6,1,stimuliTAFCsec/numnym007.wav,,
,,,,,49,001,2024-06-05_23h36.48.180,mathesisv2,2024.1.3,Win32,60.24096386,,,,,,,,,,,,,,,,,u,,,,,,,,,,,,,,,,,,,,,,,,,,,,,,,,,,,,,,,,,,,,,,,,,,,,,,,,,,,,,,,,,,,,,,,,,,665.8694,667.1502,u,1.2601,,1,3,10,2,1,stimuliTAFCsec/numnym003.wav,,
,,,,,49,001,2024-06-05_23h36.48.180,mathesisv2,2024.1.3,Win32,60.24096386,,,,,,,,,,,,,,,,,u,,,,,,,,,,,,,,,,,,,,,,,,,,,,,,,,,,,,,,,,,,,,,,,,,,,,,,,,,,,,,,,,,,,,,,,,,,667.1515,668.44,u,1.2741,,1,4,11,1,1,stimuliTAFCsec/numnym002.wav,,
,,,,,49,001,2024-06-05_23h36.48.180,mathesisv2,2024.1.3,Win32,60.24096386,,,,,,,,,,,,,,,,,y,,,,,,,,,,,,,,,,,,,,,,,,,,,,,,,,,,,,,,,,,,,,,,,,,,,,,,,,,,,,,,,,,,,,,,,,,,668.4422,671.3663,y,2.9129,,1,5,12,4,1,stimuliTAFCsec/numnym005.wav,,
,,,,,49,001,2024-06-05_23h36.48.180,mathesisv2,2024.1.3,Win32,60.24096386,,,,,,,,,,,,,,,,,u,,,,,,,,,,,,,,,,,,,,,,,,,,,,,,,,,,,,,,,,,,,,,,,,,,,,,,,,,,,,,,,,,,,,,,,,,,671.3666,672.8323,u,1.4499,,1,6,13,0,1,stimuliTAFCsec/numnym001.wav,,
,,,,,49,001,2024-06-05_23h36.48.180,mathesisv2,2024.1.3,Win32,60.24096386,,,,,,,,,,,,,,,,,e,,,,,,,,,,,,,,,,,,,,,,,,,,672.8326,680.699,space,7.8518,,,,,,,,,,,,,,,,,,,,,,,,,,,,,,,,,,680.7418,685.1538,e,4.4031,,0,0,0,2,1,stimuliTAFCfirst/nimnym003.wav,,,,,,,,,,,,,
,,,,,49,001,2024-06-05_23h36.48.180,mathesisv2,2024.1.3,Win32,60.24096386,,,,,,,,,,,,,,,,,x,,,,,,,,,,,,,,,,,,,,,,,,,,,,,,,,,,,,,,,,,,,,,,,,,,,,,,,,,,,,,,,685.1976,687.2969,e,2.0888,,0,1,1,3,1,stimuliTAFCfirst/nimnym004.wav,,,,,,,,,,,,,
,,,,,49,001,2024-06-05_23h36.48.180,mathesisv2,2024.1.3,Win32,60.24096386,,,,,,,,,,,,,,,,,e,,,,,,,,,,,,,,,,,,,,,,,,,,,,,,,,,,,,,,,,,,,,,,,,,,,,,,,,,,,,,,,687.2975,688.7644,e,1.452,,0,2,2,1,1,stimuliTAFCfirst/nimnym002.wav,,,,,,,,,,,,,
,,,,,49,001,2024-06-05_23h36.48.180,mathesisv2,2024.1.3,Win32,60.24096386,,,,,,,,,,,,,,,,,y,,,,,,,,,,,,,,,,,,,,,,,,,,,,,,,,,,,,,,,,,,,,,,,,,,,,,,,,,,,,,,,688.7666,690.7975,e,2.0144,,0,3,3,4,1,stimuliTAFCfirst/nimnym005.wav,,,,,,,,,,,,,
,,,,,49,001,2024-06-05_23h36.48.180,mathesisv2,2024.1.3,Win32,60.24096386,,,,,,,,,,,,,,,,,e,,,,,,,,,,,,,,,,,,,,,,,,,,,,,,,,,,,,,,,,,,,,,,,,,,,,,,,,,,,,,,,690.7993,692.1138,e,1.2973,,0,4,4,0,1,stimuliTAFCfirst/nimnym001.wav,,,,,,,,,,,,,
,,,,,49,001,2024-06-05_23h36.48.180,mathesisv2,2024.1.3,Win32,60.24096386,,,,,,,,,,,,,,,,,y,,,,,,,,,,,,,,,,,,,,,,,,,,,,,,,,,,,,,,,,,,,,,,,,,,,,,,,,,,,,,,,692.1163,694.1296,y,1.9973,,0,5,5,6,1,stimuliTAFCfirst/nimnym007.wav,,,,,,,,,,,,,
,,,,,49,001,2024-06-05_23h36.48.180,mathesisv2,2024.1.3,Win32,60.24096386,,,,,,,,,,,,,,,,,y,,,,,,,,,,,,,,,,,,,,,,,,,,,,,,,,,,,,,,,,,,,,,,,,,,,,,,,,,,,,,,,694.1305,695.3841,y,1.2403,,0,6,6,5,1,stimuliTAFCfirst/nimnym006.wav,,,,,,,,,,,,,
,,,,,49,001,2024-06-05_23h36.48.180,mathesisv2,2024.1.3,Win32,60.24096386,,,,,,,,,,,,,,,,,x,,,,,,,,,,,,,,,,,,,,,,,,,,,,,,,,,,,,,,,,,,,,,,,,,,,,,,,,,,,,,,,695.3861,696.5971,y,1.1949,,1,0,7,3,1,stimuliTAFCfirst/nimnym004.wav,,,,,,,,,,,,,
,,,,,49,001,2024-06-05_23h36.48.180,mathesisv2,2024.1.3,Win32,60.24096386,,,,,,,,,,,,,,,,,y,,,,,,,,,,,,,,,,,,,,,,,,,,,,,,,,,,,,,,,,,,,,,,,,,,,,,,,,,,,,,,,696.5989,698.1633,y,1.5466,,1,1,8,4,1,stimuliTAFCfirst/nimnym005.wav,,,,,,,,,,,,,
,,,,,49,001,2024-06-05_23h36.48.180,mathesisv2,2024.1.3,Win32,60.24096386,,,,,,,,,,,,,,,,,e,,,,,,,,,,,,,,,,,,,,,,,,,,,,,,,,,,,,,,,,,,,,,,,,,,,,,,,,,,,,,,,698.1649,699.8797,e,1.7,,1,2,9,2,1,stimuliTAFCfirst/nimnym003.wav,,,,,,,,,,,,,
,,,,,49,001,2024-06-05_23h36.48.180,mathesisv2,2024.1.3,Win32,60.24096386,,,,,,,,,,,,,,,,,e,,,,,,,,,,,,,,,,,,,,,,,,,,,,,,,,,,,,,,,,,,,,,,,,,,,,,,,,,,,,,,,699.8813,701.1968,e,1.3006,,1,3,10,1,1,stimuliTAFCfirst/nimnym002.wav,,,,,,,,,,,,,
,,,,,49,001,2024-06-05_23h36.48.180,mathesisv2,2024.1.3,Win32,60.24096386,,,,,,,,,,,,,,,,,y,,,,,,,,,,,,,,,,,,,,,,,,,,,,,,,,,,,,,,,,,,,,,,,,,,,,,,,,,,,,,,,701.1985,702.812,y,1.6006,,1,4,11,5,1,stimuliTAFCfirst/nimnym006.wav,,,,,,,,,,,,,
,,,,,49,001,2024-06-05_23h36.48.180,mathesisv2,2024.1.3,Win32,60.24096386,,,,,,,,,,,,,,,,,e,,,,,,,,,,,,,,,,,,,,,,,,,,,,,,,,,,,,,,,,,,,,,,,,,,,,,,,,,,,,,,,702.8131,704.3828,e,1.5557,,1,5,12,0,1,stimuliTAFCfirst/nimnym001.wav,,,,,,,,,,,,,
,,,,,49,001,2024-06-05_23h36.48.180,mathesisv2,2024.1.3,Win32,60.24096386,,,,,,,,,,,,,,,,,y,,,,,,,,,,,,,,,,,,,,,,,,,,,,,,,,,,,,,,,,,,,,,,,,,,,,,,,,,,,,,,,704.384,705.9308,y,1.5318,,1,6,13,6,1,stimuliTAFCfirst/nimnym007.wav,,,,,,,,,,,,,
,,,,,49,001,2024-06-05_23h36.48.180,mathesisv2,2024.1.3,Win32,60.24096386,,,,,,,,,,,,,,,,,y,705.9312,708.8303,space,2.8863,,,,,,,,,,,,,,,,,,,,,,,,,,,,,,,,,,,,,,,,,,,,,,,,,,,,,,,,,,,,,,,,,,,,,,708.8764,711.6946,y,2.8048,,0,0,0,4,1,stimuliTAFCsec/numnym005.wav,,
,,,,,49,001,2024-06-05_23h36.48.180,mathesisv2,2024.1.3,Win32,60.24096386,,,,,,,,,,,,,,,,,y,,,,,,,,,,,,,,,,,,,,,,,,,,,,,,,,,,,,,,,,,,,,,,,,,,,,,,,,,,,,,,,,,,,,,,,,,,711.6968,714.031,y,2.3186,,0,1,1,6,1,stimuliTAFCsec/numnym007.wav,,
,,,,,49,001,2024-06-05_23h36.48.180,mathesisv2,2024.1.3,Win32,60.24096386,,,,,,,,,,,,,,,,,u,,,,,,,,,,,,,,,,,,,,,,,,,,,,,,,,,,,,,,,,,,,,,,,,,,,,,,,,,,,,,,,,,,,,,,,,,,714.0334,715.9941,u,1.9473,,0,2,2,0,1,stimuliTAFCsec/numnym001.wav,,
,,,,,49,001,2024-06-05_23h36.48.180,mathesisv2,2024.1.3,Win32,60.24096386,,,,,,,,,,,,,,,,,y,,,,,,,,,,,,,,,,,,,,,,,,,,,,,,,,,,,,,,,,,,,,,,,,,,,,,,,,,,,,,,,,,,,,,,,,,,715.9959,717.1955,y,1.1814,,0,3,3,5,1,stimuliTAFCsec/numnym006.wav,,
,,,,,49,001,2024-06-05_23h36.48.180,mathesisv2,2024.1.3,Win32,60.24096386,,,,,,,,,,,,,,,,,u,,,,,,,,,,,,,,,,,,,,,,,,,,,,,,,,,,,,,,,,,,,,,,,,,,,,,,,,,,,,,,,,,,,,,,,,,,717.1974,718.399,u,1.1869,,0,4,4,1,1,stimuliTAFCsec/numnym002.wav,,
,,,,,49,001,2024-06-05_23h36.48.180,mathesisv2,2024.1.3,Win32,60.24096386,,,,,,,,,,,,,,,,,x,,,,,,,,,,,,,,,,,,,,,,,,,,,,,,,,,,,,,,,,,,,,,,,,,,,,,,,,,,,,,,,,,,,,,,,,,,718.4009,719.577,u,1.1596,,0,5,5,3,1,stimuliTAFCsec/numnym004.wav,,
,,,,,49,001,2024-06-05_23h36.48.180,mathesisv2,2024.1.3,Win32,60.24096386,,,,,,,,,,,,,,,,,u,,,,,,,,,,,,,,,,,,,,,,,,,,,,,,,,,,,,,,,,,,,,,,,,,,,,,,,,,,,,,,,,,,,,,,,,,,719.5788,720.6934,u,1.0954,,0,6,6,2,1,stimuliTAFCsec/numnym003.wav,,
,,,,,49,001,2024-06-05_23h36.48.180,mathesisv2,2024.1.3,Win32,60.24096386,,,,,,,,,,,,,,,,,u,,,,,,,,,,,,,,,,,,,,,,,,,,,,,,,,,,,,,,,,,,,,,,,,,,,,,,,,,,,,,,,,,,,,,,,,,,720.696,721.7776,u,1.0646,,1,0,7,1,1,stimuliTAFCsec/numnym002.wav,,
,,,,,49,001,2024-06-05_23h36.48.180,mathesisv2,2024.1.3,Win32,60.24096386,,,,,,,,,,,,,,,,,x,,,,,,,,,,,,,,,,,,,,,,,,,,,,,,,,,,,,,,,,,,,,,,,,,,,,,,,,,,,,,,,,,,,,,,,,,,721.779,722.843,u,1.0474,,1,1,8,3,1,stimuliTAFCsec/numnym004.wav,,
,,,,,49,001,2024-06-05_23h36.48.180,mathesisv2,2024.1.3,Win32,60.24096386,,,,,,,,,,,,,,,,,u,,,,,,,,,,,,,,,,,,,,,,,,,,,,,,,,,,,,,,,,,,,,,,,,,,,,,,,,,,,,,,,,,,,,,,,,,,722.8451,724.0266,u,1.1616,,1,2,9,2,1,stimuliTAFCsec/numnym003.wav,,
,,,,,49,001,2024-06-05_23h36.48.180,mathesisv2,2024.1.3,Win32,60.24096386,,,,,,,,,,,,,,,,,y,,,,,,,,,,,,,,,,,,,,,,,,,,,,,,,,,,,,,,,,,,,,,,,,,,,,,,,,,,,,,,,,,,,,,,,,,,724.0288,725.1429,y,1.1002,,1,3,10,6,1,stimuliTAFCsec/numnym007.wav,,
,,,,,49,001,2024-06-05_23h36.48.180,mathesisv2,2024.1.3,Win32,60.24096386,,,,,,,,,,,,,,,,,u,,,,,,,,,,,,,,,,,,,,,,,,,,,,,,,,,,,,,,,,,,,,,,,,,,,,,,,,,,,,,,,,,,,,,,,,,,725.1447,726.5122,u,1.353,,1,4,11,0,1,stimuliTAFCsec/numnym001.wav,,
,,,,,49,001,2024-06-05_23h36.48.180,mathesisv2,2024.1.3,Win32,60.24096386,,,,,,,,,,,,,,,,,y,,,,,,,,,,,,,,,,,,,,,,,,,,,,,,,,,,,,,,,,,,,,,,,,,,,,,,,,,,,,,,,,,,,,,,,,,,726.5141,727.7268,y,1.1935,,1,5,12,5,1,stimuliTAFCsec/numnym006.wav,,
,,,,,49,001,2024-06-05_23h36.48.180,mathesisv2,2024.1.3,Win32,60.24096386,,,,,,,,,,,,,,,,,y,,,,,,,,,,,,,,,,,,,,,,,,,,,,,,,,,,,,,,,,,,,,,,,,,,,,,,,,,,,,,,,,,,,,,,,,,,727.7284,728.975,y,1.2283,,1,6,13,4,1,stimuliTAFCsec/numnym005.wav,,
,,,,,49,001,2024-06-05_23h36.48.180,mathesisv2,2024.1.3,Win32,60.24096386,,,,,,,,,,,,,,,,,e,,,,,,,,,,,,,,,,,,,,,,,,,,728.9752,733.1764,space,4.1839,,,,,,,,,,,,,,,,,,,,,,,,,,,,,,,,,,733.2352,736.0918,e,2.8456,,0,0,0,0,1,stimuliTAFCfirst/nimnym001.wav,,,,,,,,,,,,,
,,,,,49,001,2024-06-05_23h36.48.180,mathesisv2,2024.1.3,Win32,60.24096386,,,,,,,,,,,,,,,,,y,,,,,,,,,,,,,,,,,,,,,,,,,,,,,,,,,,,,,,,,,,,,,,,,,,,,,,,,,,,,,,,736.0936,738.9907,e,2.8811,,0,1,1,4,1,stimuliTAFCfirst/nimnym005.wav,,,,,,,,,,,,,
,,,,,49,001,2024-06-05_23h36.48.180,mathesisv2,2024.1.3,Win32,60.24096386,,,,,,,,,,,,,,,,,x,,,,,,,,,,,,,,,,,,,,,,,,,,,,,,,,,,,,,,,,,,,,,,,,,,,,,,,,,,,,,,,739.0292,740.4576,e,1.4133,,0,2,2,3,1,stimuliTAFCfirst/nimnym004.wav,,,,,,,,,,,,,
,,,,,49,001,2024-06-05_23h36.48.180,mathesisv2,2024.1.3,Win32,60.24096386,,,,,,,,,,,,,,,,,y,,,,,,,,,,,,,,,,,,,,,,,,,,,,,,,,,,,,,,,,,,,,,,,,,,,,,,,,,,,,,,,740.4592,742.0239,y,1.5483,,0,3,3,5,1,stimuliTAFCfirst/nimnym006.wav,,,,,,,,,,,,,
,,,,,49,001,2024-06-05_23h36.48.180,mathesisv2,2024.1.3,Win32,60.24096386,,,,,,,,,,,,,,,,,e,,,,,,,,,,,,,,,,,,,,,,,,,,,,,,,,,,,,,,,,,,,,,,,,,,,,,,,,,,,,,,,742.0263,743.6397,e,1.5967,,0,4,4,2,1,stimuliTAFCfirst/nimnym003.wav,,,,,,,,,,,,,
,,,,,49,001,2024-06-05_23h36.48.180,mathesisv2,2024.1.3,Win32,60.24096386,,,,,,,,,,,,,,,,,y,,,,,,,,,,,,,,,,,,,,,,,,,,,,,,,,,,,,,,,,,,,,,,,,,,,,,,,,,,,,,,,743.6406,745.174,y,1.5185,,0,5,5,6,1,stimuliTAFCfirst/nimnym007.wav,,,,,,,,,,,,,
,,,,,49,001,2024-06-05_23h36.48.180,mathesisv2,2024.1.3,Win32,60.24096386,,,,,,,,,,,,,,,,,e,,,,,,,,,,,,,,,,,,,,,,,,,,,,,,,,,,,,,,,,,,,,,,,,,,,,,,,,,,,,,,,745.1753,746.5405,e,1.3507,,0,6,6,1,1,stimuliTAFCfirst/nimnym002.wav,,,,,,,,,,,,,
,,,,,49,001,2024-06-05_23h36.48.180,mathesisv2,2024.1.3,Win32,60.24096386,,,,,,,,,,,,,,,,,y,,,,,,,,,,,,,,,,,,,,,,,,,,,,,,,,,,,,,,,,,,,,,,,,,,,,,,,,,,,,,,,746.5419,748.2224,y,1.6632,,1,0,7,5,1,stimuliTAFCfirst/nimnym006.wav,,,,,,,,,,,,,
,,,,,49,001,2024-06-05_23h36.48.180,mathesisv2,2024.1.3,Win32,60.24096386,,,,,,,,,,,,,,,,,y,,,,,,,,,,,,,,,,,,,,,,,,,,,,,,,,,,,,,,,,,,,,,,,,,,,,,,,,,,,,,,,748.223,750.2736,y,2.0329,,1,1,8,6,1,stimuliTAFCfirst/nimnym007.wav,,,,,,,,,,,,,
,,,,,49,001,2024-06-05_23h36.48.180,mathesisv2,2024.1.3,Win32,60.24096386,,,,,,,,,,,,,,,,,e,,,,,,,,,,,,,,,,,,,,,,,,,,,,,,,,,,,,,,,,,,,,,,,,,,,,,,,,,,,,,,,750.2747,751.7226,e,1.4314,,1,2,9,1,1,stimuliTAFCfirst/nimnym002.wav,,,,,,,,,,,,,
,,,,,49,001,2024-06-05_23h36.48.180,mathesisv2,2024.1.3,Win32,60.24096386,,,,,,,,,,,,,,,,,e,,,,,,,,,,,,,,,,,,,,,,,,,,,,,,,,,,,,,,,,,,,,,,,,,,,,,,,,,,,,,,,751.7247,753.2068,e,1.4619,,1,3,10,2,1,stimuliTAFCfirst/nimnym003.wav,,,,,,,,,,,,,
,,,,,49,001,2024-06-05_23h36.48.180,mathesisv2,2024.1.3,Win32,60.24096386,,,,,,,,,,,,,,,,,y,,,,,,,,,,,,,,,,,,,,,,,,,,,,,,,,,,,,,,,,,,,,,,,,,,,,,,,,,,,,,,,753.2082,755.4222,e,2.1963,,1,4,11,4,1,stimuliTAFCfirst/nimnym005.wav,,,,,,,,,,,,,
,,,,,49,001,2024-06-05_23h36.48.180,mathesisv2,2024.1.3,Win32,60.24096386,,,,,,,,,,,,,,,,,e,,,,,,,,,,,,,,,,,,,,,,,,,,,,,,,,,,,,,,,,,,,,,,,,,,,,,,,,,,,,,,,755.4243,757.022,e,1.5797,,1,5,12,0,1,stimuliTAFCfirst/nimnym001.wav,,,,,,,,,,,,,
,,,,,49,001,2024-06-05_23h36.48.180,mathesisv2,2024.1.3,Win32,60.24096386,,,,,,,,,,,,,,,,,x,,,,,,,,,,,,,,,,,,,,,,,,,,,,,,,,,,,,,,,,,,,,,,,,,,,,,,,,,,,,,,,757.0234,758.7715,y,1.7324,,1,6,13,3,1,stimuliTAFCfirst/nimnym004.wav,,,,,,,,,,,,,
,,,,,49,001,2024-06-05_23h36.48.180,mathesisv2,2024.1.3,Win32,60.24096386,,,,,,,,,,,,,,,,,x,758.772,760.3057,space,1.5143,,,,,,,,,,,,,,,,,,,,,,,,,,,,,,,,,,,,,,,,,,,,,,,,,,,,,,,,,,,,,,,,,,,,,,760.3155,763.7234,u,3.3986,,0,0,0,3,1,stimuliTAFCsec/numnym004.wav,,
,,,,,49,001,2024-06-05_23h36.48.180,mathesisv2,2024.1.3,Win32,60.24096386,,,,,,,,,,,,,,,,,u,,,,,,,,,,,,,,,,,,,,,,,,,,,,,,,,,,,,,,,,,,,,,,,,,,,,,,,,,,,,,,,,,,,,,,,,,,763.7762,764.9716,u,1.1836,,0,1,1,2,1,stimuliTAFCsec/numnym003.wav,,
,,,,,49,001,2024-06-05_23h36.48.180,mathesisv2,2024.1.3,Win32,60.24096386,,,,,,,,,,,,,,,,,u,,,,,,,,,,,,,,,,,,,,,,,,,,,,,,,,,,,,,,,,,,,,,,,,,,,,,,,,,,,,,,,,,,,,,,,,,,764.9736,766.3547,u,1.3681,,0,2,2,0,1,stimuliTAFCsec/numnym001.wav,,
,,,,,49,001,2024-06-05_23h36.48.180,mathesisv2,2024.1.3,Win32,60.24096386,,,,,,,,,,,,,,,,,y,,,,,,,,,,,,,,,,,,,,,,,,,,,,,,,,,,,,,,,,,,,,,,,,,,,,,,,,,,,,,,,,,,,,,,,,,,766.3563,767.5209,y,1.1515,,0,3,3,6,1,stimuliTAFCsec/numnym007.wav,,
,,,,,49,001,2024-06-05_23h36.48.180,mathesisv2,2024.1.3,Win32,60.24096386,,,,,,,,,,,,,,,,,y,,,,,,,,,,,,,,,,,,,,,,,,,,,,,,,,,,,,,,,,,,,,,,,,,,,,,,,,,,,,,,,,,,,,,,,,,,767.5222,768.8222,y,1.2867,,0,4,4,5,1,stimuliTAFCsec/numnym006.wav,,
,,,,,49,001,2024-06-05_23h36.48.180,mathesisv2,2024.1.3,Win32,60.24096386,,,,,,,,,,,,,,,,,y,,,,,,,,,,,,,,,,,,,,,,,,,,,,,,,,,,,,,,,,,,,,,,,,,,,,,,,,,,,,,,,,,,,,,,,,,,768.8238,769.9708,y,1.1326,,0,5,5,4,1,stimuliTAFCsec/numnym005.wav,,
,,,,,49,001,2024-06-05_23h36.48.180,mathesisv2,2024.1.3,Win32,60.24096386,,,,,,,,,,,,,,,,,u,,,,,,,,,,,,,,,,,,,,,,,,,,,,,,,,,,,,,,,,,,,,,,,,,,,,,,,,,,,,,,,,,,,,,,,,,,769.9722,771.2539,u,1.2675,,0,6,6,1,1,stimuliTAFCsec/numnym002.wav,,
,,,,,49,001,2024-06-05_23h36.48.180,mathesisv2,2024.1.3,Win32,60.24096386,,,,,,,,,,,,,,,,,u,,,,,,,,,,,,,,,,,,,,,,,,,,,,,,,,,,,,,,,,,,,,,,,,,,,,,,,,,,,,,,,,,,,,,,,,,,771.2552,772.6732,u,1.4058,,1,0,7,1,1,stimuliTAFCsec/numnym002.wav,,
,,,,,49,001,2024-06-05_23h36.48.180,mathesisv2,2024.1.3,Win32,60.24096386,,,,,,,,,,,,,,,,,y,,,,,,,,,,,,,,,,,,,,,,,,,,,,,,,,,,,,,,,,,,,,,,,,,,,,,,,,,,,,,,,,,,,,,,,,,,772.6746,773.9382,y,1.2459,,1,1,8,5,1,stimuliTAFCsec/numnym006.wav,,
,,,,,49,001,2024-06-05_23h36.48.180,mathesisv2,2024.1.3,Win32,60.24096386,,,,,,,,,,,,,,,,,u,,,,,,,,,,,,,,,,,,,,,,,,,,,,,,,,,,,,,,,,,,,,,,,,,,,,,,,,,,,,,,,,,,,,,,,,,,773.9395,775.2194,u,1.2666,,1,2,9,2,1,stimuliTAFCsec/numnym003.wav,,
,,,,,49,001,2024-06-05_23h36.48.180,mathesisv2,2024.1.3,Win32,60.24096386,,,,,,,,,,,,,,,,,y,,,,,,,,,,,,,,,,,,,,,,,,,,,,,,,,,,,,,,,,,,,,,,,,,,,,,,,,,,,,,,,,,,,,,,,,,,775.2202,777.3704,u,2.1352,,1,3,10,4,1,stimuliTAFCsec/numnym005.wav,,
,,,,,49,001,2024-06-05_23h36.48.180,mathesisv2,2024.1.3,Win32,60.24096386,,,,,,,,,,,,,,,,,u,,,,,,,,,,,,,,,,,,,,,,,,,,,,,,,,,,,,,,,,,,,,,,,,,,,,,,,,,,,,,,,,,,,,,,,,,,777.3728,778.6716,u,1.2857,,1,4,11,0,1,stimuliTAFCsec/numnym001.wav,,
,,,,,49,001,2024-06-05_23h36.48.180,mathesisv2,2024.1.3,Win32,60.24096386,,,,,,,,,,,,,,,,,y,,,,,,,,,,,,,,,,,,,,,,,,,,,,,,,,,,,,,,,,,,,,,,,,,,,,,,,,,,,,,,,,,,,,,,,,,,778.6737,779.9537,y,1.2641,,1,5,12,6,1,stimuliTAFCsec/numnym007.wav,,
,,,,,49,001,2024-06-05_23h36.48.180,mathesisv2,2024.1.3,Win32,60.24096386,,,,,,,,,,,,,,,,,x,,,,,,,,,,,,,,,,,,,,,,,,,,,,,,,,,,,,,,,,,,,,,,,,,,,,,,,,,,,,,,,,,,,,,,,,,,779.9555,781.3536,u,1.3828,,1,6,13,3,1,stimuliTAFCsec/numnym004.wav,,
,,,,,49,001,2024-06-05_23h36.48.180,mathesisv2,2024.1.3,Win32,60.24096386,,,,,,,,,,,,,,,,,,,,,,,,,,,,,,,,,,,,,,,,,,,781.354,787.6682,space,6.301,,,,,,,,,,,,,,,,,,,,,,,,,,,,,,,,,,,,,,,,,,,,,,,,,,,,,,,,787.6964,792.6704
