﻿start.started,start.stopped,startkey_resp.keys,startkey_resp.rt,startkey_resp.duration,participant,session,date,expName,psychopyVersion,OS,frameRate,attention.started,attention.stopped,key_resp.keys,key_resp.rt,key_resp.duration,stimuliAXBmix.started,stimuliAXBmix.stopped,stimuliAXBkey_resp.keys,stimuliAXBkey_resp.rt,stimuliAXBkey_resp.duration,stimuliAXBtesttrials.thisRepN,stimuliAXBtesttrials.thisTrialN,stimuliAXBtesttrials.thisN,stimuliAXBtesttrials.thisIndex,stimuliAXBtesttrials.ran,stimuliAXBmix,Correct,attentionsecond.started,attentionsecond.stopped,attentionsecondkey_resp.keys,attentionsecondkey_resp.rt,attentionsecondkey_resp.duration,instAXBreal.started,instAXBreal.stopped,instAXBrealkey_resp.keys,instAXBrealkey_resp.rt,instAXBrealkey_resp.duration,stimuliAXBmixfirst.thisRepN,stimuliAXBmixfirst.thisTrialN,stimuliAXBmixfirst.thisN,stimuliAXBmixfirst.thisIndex,stimuliAXBmixfirst.ran,attentionfirst.started,attentionfirst.stopped,attentionfirstkey_resp.keys,attentionfirstkey_resp.rt,attentionfirstkey_resp.duration,stimuliAXbmixsec.thisRepN,stimuliAXbmixsec.thisTrialN,stimuliAXbmixsec.thisN,stimuliAXbmixsec.thisIndex,stimuliAXbmixsec.ran,kaffeepause.started,kaffeepause.stopped,kaffeepausekey_resp.keys,kaffeepausekey_resp.rt,kaffeepausekey_resp.duration,instTAFCtest.started,instTAFCtest.stopped,instTAFCtestkey_resp.keys,instTAFCtestkey_resp.rt,instTAFCtestkey_resp.duration,testTAFCmixfirst.started,testTAFCmixfirst.stopped,testTAFCmixfirstkey_resp.keys,testTAFCmixfirstkey_resp.rt,testTAFCmixfirstkey_resp.duration,testTAFCmixfirsttrials.thisRepN,testTAFCmixfirsttrials.thisTrialN,testTAFCmixfirsttrials.thisN,testTAFCmixfirsttrials.thisIndex,testTAFCmixfirsttrials.ran,testTAFCmixfirst,testTAFCmixsec.started,testTAFCmixsec.stopped,testTAFCmixseckey_resp.keys,testTAFCmixseckey_resp.rt,testTAFCmixseckey_resp.duration,testTAFCmixsectrials.thisRepN,testTAFCmixsectrials.thisTrialN,testTAFCmixsectrials.thisN,testTAFCmixsectrials.thisIndex,testTAFCmixsectrials.ran,testTAFCmixsec,instTAFCreal.started,instTAFCreal.stopped,instTAFCrealkey_resp.keys,instTAFCrealkey_resp.rt,instTAFCrealkey_resp.duration,stimuliTAFCfirst.started,stimuliTAFCfirst.stopped,stimuliTAFCfirstkey_resp.keys,stimuliTAFCfirstkey_resp.rt,stimuliTAFCfirstkey_resp.duration,stimuliTAFCfirsttrials.thisRepN,stimuliTAFCfirsttrials.thisTrialN,stimuliTAFCfirsttrials.thisN,stimuliTAFCfirsttrials.thisIndex,stimuliTAFCfirsttrials.ran,stimuliTAFCfirst,stimuliTAFCsec.started,stimuliTAFCsec.stopped,stimuliTAFCseckey_resp.keys,stimuliTAFCseckey_resp.rt,stimuliTAFCseckey_resp.duration,stimuliTAFCsectrials.thisRepN,stimuliTAFCsectrials.thisTrialN,stimuliTAFCsectrials.thisN,stimuliTAFCsectrials.thisIndex,stimuliTAFCsectrials.ran,stimuliTAFCsec,end.started,end.stopped
0,27.675,space,27.622,,50,001,2024-06-06_12h55.58.300,mathesisv2,2024.1.3,Win32,60.0240096,,,,,,,,,,,,,,,,,,,,,,,,,,,,,,,,,,,,,,,,,,,,,,,,,,,,,,,,,,,,,,,,,,,,,,,,,,,,,,,,,,,,,,,,,,,,,,,,,,,,,,,
,,,,,50,001,2024-06-06_12h55.58.300,mathesisv2,2024.1.3,Win32,60.0240096,27.675,41.423,space,13.699,,,,,,,,,,,,,,,,,,,,,,,,,,,,,,,,,,,,,,,,,,,,,,,,,,,,,,,,,,,,,,,,,,,,,,,,,,,,,,,,,,,,,,,,,,,,,,,,,,,
,,,,,50,001,2024-06-06_12h55.58.300,mathesisv2,2024.1.3,Win32,60.0240096,,,,,,41.496,60.051,f,18.484,,0,0,0,3,1,stimuliAXBmix/yyustimulus.wav,l,,,,,,,,,,,,,,,,,,,,,,,,,,,,,,,,,,,,,,,,,,,,,,,,,,,,,,,,,,,,,,,,,,,,,,,,,,,,,,,,,,,,,,
,,,,,50,001,2024-06-06_12h55.58.300,mathesisv2,2024.1.3,Win32,60.0240096,,,,,,60.057,66.065,l,5.995,,0,1,1,1,1,stimuliAXBmix/iyystimulus.wav,f,,,,,,,,,,,,,,,,,,,,,,,,,,,,,,,,,,,,,,,,,,,,,,,,,,,,,,,,,,,,,,,,,,,,,,,,,,,,,,,,,,,,,,
,,,,,50,001,2024-06-06_12h55.58.300,mathesisv2,2024.1.3,Win32,60.0240096,,,,,,66.066,72.764,l,6.686,,0,2,2,0,1,stimuliAXBmix/iiystimulus.wav,l,,,,,,,,,,,,,,,,,,,,,,,,,,,,,,,,,,,,,,,,,,,,,,,,,,,,,,,,,,,,,,,,,,,,,,,,,,,,,,,,,,,,,,
,,,,,50,001,2024-06-06_12h55.58.300,mathesisv2,2024.1.3,Win32,60.0240096,,,,,,72.765,80.329,f,7.549,,0,3,3,2,1,stimuliAXBmix/yuustimulus.wav,f,,,,,,,,,,,,,,,,,,,,,,,,,,,,,,,,,,,,,,,,,,,,,,,,,,,,,,,,,,,,,,,,,,,,,,,,,,,,,,,,,,,,,,
,,,,,50,001,2024-06-06_12h55.58.300,mathesisv2,2024.1.3,Win32,60.0240096,,,,,,,,,,,,,,,,,,80.331,84.56,space,4.178,,,,,,,,,,,,,,,,,,,,,,,,,,,,,,,,,,,,,,,,,,,,,,,,,,,,,,,,,,,,,,,,,,,,,,,,,,,,,,,,,,
,,,,,50,001,2024-06-06_12h55.58.300,mathesisv2,2024.1.3,Win32,60.0240096,,,,,,,,,,,,,,,,,,,,,,,84.561,101.54,space,16.938,,,,,,,,,,,,,,,,,,,,,,,,,,,,,,,,,,,,,,,,,,,,,,,,,,,,,,,,,,,,,,,,,,,,,,,,,,,,,
,,,,,50,001,2024-06-06_12h55.58.300,mathesisv2,2024.1.3,Win32,60.0240096,,,,,,101.569,108.221,l,6.639,,,,,,,stimuliAXBmix/yyustimulus.wav,l,,,,,,,,,,,0,0,0,3,1,,,,,,,,,,,,,,,,,,,,,,,,,,,,,,,,,,,,,,,,,,,,,,,,,,,,,,,,,,,,,,,,,,,,,,,
,,,,,50,001,2024-06-06_12h55.58.300,mathesisv2,2024.1.3,Win32,60.0240096,,,,,,108.226,112.77,f,4.537,,,,,,,stimuliAXBmix/iyystimulus.wav,f,,,,,,,,,,,0,1,1,1,1,,,,,,,,,,,,,,,,,,,,,,,,,,,,,,,,,,,,,,,,,,,,,,,,,,,,,,,,,,,,,,,,,,,,,,,
,,,,,50,001,2024-06-06_12h55.58.300,mathesisv2,2024.1.3,Win32,60.0240096,,,,,,112.771,116.319,f,3.534,,,,,,,stimuliAXBmix/yuustimulus.wav,f,,,,,,,,,,,0,2,2,2,1,,,,,,,,,,,,,,,,,,,,,,,,,,,,,,,,,,,,,,,,,,,,,,,,,,,,,,,,,,,,,,,,,,,,,,,
,,,,,50,001,2024-06-06_12h55.58.300,mathesisv2,2024.1.3,Win32,60.0240096,,,,,,116.32,120.418,l,4.082,,,,,,,stimuliAXBmix/iiystimulus.wav,l,,,,,,,,,,,0,3,3,0,1,,,,,,,,,,,,,,,,,,,,,,,,,,,,,,,,,,,,,,,,,,,,,,,,,,,,,,,,,,,,,,,,,,,,,,,
,,,,,50,001,2024-06-06_12h55.58.300,mathesisv2,2024.1.3,Win32,60.0240096,,,,,,120.42,123.784,l,3.351,,,,,,,stimuliAXBmix/iiystimulus.wav,l,,,,,,,,,,,1,0,4,0,1,,,,,,,,,,,,,,,,,,,,,,,,,,,,,,,,,,,,,,,,,,,,,,,,,,,,,,,,,,,,,,,,,,,,,,,
,,,,,50,001,2024-06-06_12h55.58.300,mathesisv2,2024.1.3,Win32,60.0240096,,,,,,123.784,128.567,f,4.77,,,,,,,stimuliAXBmix/iyystimulus.wav,f,,,,,,,,,,,1,1,5,1,1,,,,,,,,,,,,,,,,,,,,,,,,,,,,,,,,,,,,,,,,,,,,,,,,,,,,,,,,,,,,,,,,,,,,,,,
,,,,,50,001,2024-06-06_12h55.58.300,mathesisv2,2024.1.3,Win32,60.0240096,,,,,,128.568,132.865,f,4.282,,,,,,,stimuliAXBmix/yuustimulus.wav,f,,,,,,,,,,,1,2,6,2,1,,,,,,,,,,,,,,,,,,,,,,,,,,,,,,,,,,,,,,,,,,,,,,,,,,,,,,,,,,,,,,,,,,,,,,,
,,,,,50,001,2024-06-06_12h55.58.300,mathesisv2,2024.1.3,Win32,60.0240096,,,,,,132.866,136.215,l,3.335,,,,,,,stimuliAXBmix/yyustimulus.wav,l,,,,,,,,,,,1,3,7,3,1,,,,,,,,,,,,,,,,,,,,,,,,,,,,,,,,,,,,,,,,,,,,,,,,,,,,,,,,,,,,,,,,,,,,,,,
,,,,,50,001,2024-06-06_12h55.58.300,mathesisv2,2024.1.3,Win32,60.0240096,,,,,,136.22,140.88,f,4.654,,,,,,,stimuliAXBmix/iyystimulus.wav,f,,,,,,,,,,,2,0,8,1,1,,,,,,,,,,,,,,,,,,,,,,,,,,,,,,,,,,,,,,,,,,,,,,,,,,,,,,,,,,,,,,,,,,,,,,,
,,,,,50,001,2024-06-06_12h55.58.300,mathesisv2,2024.1.3,Win32,60.0240096,,,,,,140.881,144.912,f,4.024,,,,,,,stimuliAXBmix/yuustimulus.wav,f,,,,,,,,,,,2,1,9,2,1,,,,,,,,,,,,,,,,,,,,,,,,,,,,,,,,,,,,,,,,,,,,,,,,,,,,,,,,,,,,,,,,,,,,,,,
,,,,,50,001,2024-06-06_12h55.58.300,mathesisv2,2024.1.3,Win32,60.0240096,,,,,,144.913,149.445,l,4.517,,,,,,,stimuliAXBmix/iiystimulus.wav,l,,,,,,,,,,,2,2,10,0,1,,,,,,,,,,,,,,,,,,,,,,,,,,,,,,,,,,,,,,,,,,,,,,,,,,,,,,,,,,,,,,,,,,,,,,,
,,,,,50,001,2024-06-06_12h55.58.300,mathesisv2,2024.1.3,Win32,60.0240096,,,,,,149.447,153.094,f,3.631,,,,,,,stimuliAXBmix/yyustimulus.wav,l,,,,,,,,,,,2,3,11,3,1,,,,,,,,,,,,,,,,,,,,,,,,,,,,,,,,,,,,,,,,,,,,,,,,,,,,,,,,,,,,,,,,,,,,,,,
,,,,,50,001,2024-06-06_12h55.58.300,mathesisv2,2024.1.3,Win32,60.0240096,,,,,,167.543,171.107,l,3.553,,,,,,,stimuliAXBmix/yyustimulus.wav,l,,,,,,,,,,,,,,,,153.094,167.524,space,14.394,,0,0,0,3,1,,,,,,,,,,,,,,,,,,,,,,,,,,,,,,,,,,,,,,,,,,,,,,,,,,,,,,,,,,,,,
,,,,,50,001,2024-06-06_12h55.58.300,mathesisv2,2024.1.3,Win32,60.0240096,,,,,,171.111,174.589,l,3.464,,,,,,,stimuliAXBmix/iiystimulus.wav,l,,,,,,,,,,,,,,,,,,,,,0,1,1,0,1,,,,,,,,,,,,,,,,,,,,,,,,,,,,,,,,,,,,,,,,,,,,,,,,,,,,,,,,,,,,,
,,,,,50,001,2024-06-06_12h55.58.300,mathesisv2,2024.1.3,Win32,60.0240096,,,,,,174.59,178.454,f,3.851,,,,,,,stimuliAXBmix/iyystimulus.wav,f,,,,,,,,,,,,,,,,,,,,,0,2,2,1,1,,,,,,,,,,,,,,,,,,,,,,,,,,,,,,,,,,,,,,,,,,,,,,,,,,,,,,,,,,,,,
,,,,,50,001,2024-06-06_12h55.58.300,mathesisv2,2024.1.3,Win32,60.0240096,,,,,,178.456,182.203,f,3.732,,,,,,,stimuliAXBmix/yuustimulus.wav,f,,,,,,,,,,,,,,,,,,,,,0,3,3,2,1,,,,,,,,,,,,,,,,,,,,,,,,,,,,,,,,,,,,,,,,,,,,,,,,,,,,,,,,,,,,,
,,,,,50,001,2024-06-06_12h55.58.300,mathesisv2,2024.1.3,Win32,60.0240096,,,,,,182.204,185.535,l,3.316,,,,,,,stimuliAXBmix/iiystimulus.wav,l,,,,,,,,,,,,,,,,,,,,,1,0,4,0,1,,,,,,,,,,,,,,,,,,,,,,,,,,,,,,,,,,,,,,,,,,,,,,,,,,,,,,,,,,,,,
,,,,,50,001,2024-06-06_12h55.58.300,mathesisv2,2024.1.3,Win32,60.0240096,,,,,,185.536,190.135,f,4.585,,,,,,,stimuliAXBmix/iyystimulus.wav,f,,,,,,,,,,,,,,,,,,,,,1,1,5,1,1,,,,,,,,,,,,,,,,,,,,,,,,,,,,,,,,,,,,,,,,,,,,,,,,,,,,,,,,,,,,,
,,,,,50,001,2024-06-06_12h55.58.300,mathesisv2,2024.1.3,Win32,60.0240096,,,,,,190.136,193.901,f,3.751,,,,,,,stimuliAXBmix/yuustimulus.wav,f,,,,,,,,,,,,,,,,,,,,,1,2,6,2,1,,,,,,,,,,,,,,,,,,,,,,,,,,,,,,,,,,,,,,,,,,,,,,,,,,,,,,,,,,,,,
,,,,,50,001,2024-06-06_12h55.58.300,mathesisv2,2024.1.3,Win32,60.0240096,,,,,,193.901,198.766,l,4.847,,,,,,,stimuliAXBmix/yyustimulus.wav,l,,,,,,,,,,,,,,,,,,,,,1,3,7,3,1,,,,,,,,,,,,,,,,,,,,,,,,,,,,,,,,,,,,,,,,,,,,,,,,,,,,,,,,,,,,,
,,,,,50,001,2024-06-06_12h55.58.300,mathesisv2,2024.1.3,Win32,60.0240096,,,,,,206.971,210.446,f,3.468,,,,,,,stimuliAXBmix/yuustimulus.wav,f,,,,,,,,,,,0,0,0,2,1,,,,,,,,,,,198.766,206.95,space,8.157,,,,,,,,,,,,,,,,,,,,,,,,,,,,,,,,,,,,,,,,,,,,,,,,,,,,,,,,,
,,,,,50,001,2024-06-06_12h55.58.300,mathesisv2,2024.1.3,Win32,60.0240096,,,,,,210.449,213.746,l,3.284,,,,,,,stimuliAXBmix/iiystimulus.wav,l,,,,,,,,,,,0,1,1,0,1,,,,,,,,,,,,,,,,,,,,,,,,,,,,,,,,,,,,,,,,,,,,,,,,,,,,,,,,,,,,,,,,,,,,,,,
,,,,,50,001,2024-06-06_12h55.58.300,mathesisv2,2024.1.3,Win32,60.0240096,,,,,,213.747,217.661,f,3.899,,,,,,,stimuliAXBmix/iyystimulus.wav,f,,,,,,,,,,,0,2,2,1,1,,,,,,,,,,,,,,,,,,,,,,,,,,,,,,,,,,,,,,,,,,,,,,,,,,,,,,,,,,,,,,,,,,,,,,,
,,,,,50,001,2024-06-06_12h55.58.300,mathesisv2,2024.1.3,Win32,60.0240096,,,,,,217.663,221.427,l,3.734,,,,,,,stimuliAXBmix/yyustimulus.wav,l,,,,,,,,,,,0,3,3,3,1,,,,,,,,,,,,,,,,,,,,,,,,,,,,,,,,,,,,,,,,,,,,,,,,,,,,,,,,,,,,,,,,,,,,,,,
,,,,,50,001,2024-06-06_12h55.58.300,mathesisv2,2024.1.3,Win32,60.0240096,,,,,,221.429,225.243,l,3.8,,,,,,,stimuliAXBmix/yyustimulus.wav,l,,,,,,,,,,,1,0,4,3,1,,,,,,,,,,,,,,,,,,,,,,,,,,,,,,,,,,,,,,,,,,,,,,,,,,,,,,,,,,,,,,,,,,,,,,,
,,,,,50,001,2024-06-06_12h55.58.300,mathesisv2,2024.1.3,Win32,60.0240096,,,,,,225.245,228.975,l,3.716,,,,,,,stimuliAXBmix/iiystimulus.wav,l,,,,,,,,,,,1,1,5,0,1,,,,,,,,,,,,,,,,,,,,,,,,,,,,,,,,,,,,,,,,,,,,,,,,,,,,,,,,,,,,,,,,,,,,,,,
,,,,,50,001,2024-06-06_12h55.58.300,mathesisv2,2024.1.3,Win32,60.0240096,,,,,,228.978,232.241,f,3.239,,,,,,,stimuliAXBmix/yuustimulus.wav,f,,,,,,,,,,,1,2,6,2,1,,,,,,,,,,,,,,,,,,,,,,,,,,,,,,,,,,,,,,,,,,,,,,,,,,,,,,,,,,,,,,,,,,,,,,,
,,,,,50,001,2024-06-06_12h55.58.300,mathesisv2,2024.1.3,Win32,60.0240096,,,,,,232.241,236.508,f,4.252,,,,,,,stimuliAXBmix/iyystimulus.wav,f,,,,,,,,,,,1,3,7,1,1,,,,,,,,,,,,,,,,,,,,,,,,,,,,,,,,,,,,,,,,,,,,,,,,,,,,,,,,,,,,,,,,,,,,,,,
,,,,,50,001,2024-06-06_12h55.58.300,mathesisv2,2024.1.3,Win32,60.0240096,,,,,,236.513,240.406,l,3.879,,,,,,,stimuliAXBmix/iiystimulus.wav,l,,,,,,,,,,,2,0,8,0,1,,,,,,,,,,,,,,,,,,,,,,,,,,,,,,,,,,,,,,,,,,,,,,,,,,,,,,,,,,,,,,,,,,,,,,,
,,,,,50,001,2024-06-06_12h55.58.300,mathesisv2,2024.1.3,Win32,60.0240096,,,,,,240.407,245.739,l,5.317,,,,,,,stimuliAXBmix/yyustimulus.wav,l,,,,,,,,,,,2,1,9,3,1,,,,,,,,,,,,,,,,,,,,,,,,,,,,,,,,,,,,,,,,,,,,,,,,,,,,,,,,,,,,,,,,,,,,,,,
,,,,,50,001,2024-06-06_12h55.58.300,mathesisv2,2024.1.3,Win32,60.0240096,,,,,,245.74,249.767,f,4.011,,,,,,,stimuliAXBmix/iyystimulus.wav,f,,,,,,,,,,,2,2,10,1,1,,,,,,,,,,,,,,,,,,,,,,,,,,,,,,,,,,,,,,,,,,,,,,,,,,,,,,,,,,,,,,,,,,,,,,,
,,,,,50,001,2024-06-06_12h55.58.300,mathesisv2,2024.1.3,Win32,60.0240096,,,,,,249.772,253.736,f,3.948,,,,,,,stimuliAXBmix/yuustimulus.wav,f,,,,,,,,,,,2,3,11,2,1,,,,,,,,,,,,,,,,,,,,,,,,,,,,,,,,,,,,,,,,,,,,,,,,,,,,,,,,,,,,,,,,,,,,,,,
,,,,,50,001,2024-06-06_12h55.58.300,mathesisv2,2024.1.3,Win32,60.0240096,,,,,,258.122,261.433,l,3.299,,,,,,,stimuliAXBmix/iiystimulus.wav,l,,,,,,,,,,,,,,,,253.736,258.102,space,4.347,,0,0,0,0,1,,,,,,,,,,,,,,,,,,,,,,,,,,,,,,,,,,,,,,,,,,,,,,,,,,,,,,,,,,,,,
,,,,,50,001,2024-06-06_12h55.58.300,mathesisv2,2024.1.3,Win32,60.0240096,,,,,,261.435,265.15,l,3.706,,,,,,,stimuliAXBmix/yyustimulus.wav,l,,,,,,,,,,,,,,,,,,,,,0,1,1,3,1,,,,,,,,,,,,,,,,,,,,,,,,,,,,,,,,,,,,,,,,,,,,,,,,,,,,,,,,,,,,,
,,,,,50,001,2024-06-06_12h55.58.300,mathesisv2,2024.1.3,Win32,60.0240096,,,,,,265.151,268.683,f,3.519,,,,,,,stimuliAXBmix/yuustimulus.wav,f,,,,,,,,,,,,,,,,,,,,,0,2,2,2,1,,,,,,,,,,,,,,,,,,,,,,,,,,,,,,,,,,,,,,,,,,,,,,,,,,,,,,,,,,,,,
,,,,,50,001,2024-06-06_12h55.58.300,mathesisv2,2024.1.3,Win32,60.0240096,,,,,,268.687,274.681,f,5.982,,,,,,,stimuliAXBmix/iyystimulus.wav,f,,,,,,,,,,,,,,,,,,,,,0,3,3,1,1,,,,,,,,,,,,,,,,,,,,,,,,,,,,,,,,,,,,,,,,,,,,,,,,,,,,,,,,,,,,,
,,,,,50,001,2024-06-06_12h55.58.300,mathesisv2,2024.1.3,Win32,60.0240096,,,,,,274.683,278.047,l,3.355,,,,,,,stimuliAXBmix/iiystimulus.wav,l,,,,,,,,,,,,,,,,,,,,,1,0,4,0,1,,,,,,,,,,,,,,,,,,,,,,,,,,,,,,,,,,,,,,,,,,,,,,,,,,,,,,,,,,,,,
,,,,,50,001,2024-06-06_12h55.58.300,mathesisv2,2024.1.3,Win32,60.0240096,,,,,,278.048,281.929,f,3.87,,,,,,,stimuliAXBmix/iyystimulus.wav,f,,,,,,,,,,,,,,,,,,,,,1,1,5,1,1,,,,,,,,,,,,,,,,,,,,,,,,,,,,,,,,,,,,,,,,,,,,,,,,,,,,,,,,,,,,,
,,,,,50,001,2024-06-06_12h55.58.300,mathesisv2,2024.1.3,Win32,60.0240096,,,,,,281.93,285.295,l,3.351,,,,,,,stimuliAXBmix/yyustimulus.wav,l,,,,,,,,,,,,,,,,,,,,,1,2,6,3,1,,,,,,,,,,,,,,,,,,,,,,,,,,,,,,,,,,,,,,,,,,,,,,,,,,,,,,,,,,,,,
,,,,,50,001,2024-06-06_12h55.58.300,mathesisv2,2024.1.3,Win32,60.0240096,,,,,,285.297,289.027,f,3.719,,,,,,,stimuliAXBmix/yuustimulus.wav,f,,,,,,,,,,,,,,,,,,,,,1,3,7,2,1,,,,,,,,,,,,,,,,,,,,,,,,,,,,,,,,,,,,,,,,,,,,,,,,,,,,,,,,,,,,,
,,,,,50,001,2024-06-06_12h55.58.300,mathesisv2,2024.1.3,Win32,60.0240096,,,,,,295.514,299.108,f,3.588,,,,,,,stimuliAXBmix/yuustimulus.wav,f,,,,,,,,,,,0,0,0,2,1,,,,,,,,,,,289.028,295.492,space,6.442,,,,,,,,,,,,,,,,,,,,,,,,,,,,,,,,,,,,,,,,,,,,,,,,,,,,,,,,,
,,,,,50,001,2024-06-06_12h55.58.300,mathesisv2,2024.1.3,Win32,60.0240096,,,,,,299.11,302.525,l,3.406,,,,,,,stimuliAXBmix/iiystimulus.wav,l,,,,,,,,,,,0,1,1,0,1,,,,,,,,,,,,,,,,,,,,,,,,,,,,,,,,,,,,,,,,,,,,,,,,,,,,,,,,,,,,,,,,,,,,,,,
,,,,,50,001,2024-06-06_12h55.58.300,mathesisv2,2024.1.3,Win32,60.0240096,,,,,,302.53,305.99,f,3.451,,,,,,,stimuliAXBmix/iyystimulus.wav,f,,,,,,,,,,,0,2,2,1,1,,,,,,,,,,,,,,,,,,,,,,,,,,,,,,,,,,,,,,,,,,,,,,,,,,,,,,,,,,,,,,,,,,,,,,,
,,,,,50,001,2024-06-06_12h55.58.300,mathesisv2,2024.1.3,Win32,60.0240096,,,,,,305.991,309.307,l,3.306,,,,,,,stimuliAXBmix/yyustimulus.wav,l,,,,,,,,,,,0,3,3,3,1,,,,,,,,,,,,,,,,,,,,,,,,,,,,,,,,,,,,,,,,,,,,,,,,,,,,,,,,,,,,,,,,,,,,,,,
,,,,,50,001,2024-06-06_12h55.58.300,mathesisv2,2024.1.3,Win32,60.0240096,,,,,,309.314,312.855,f,3.526,,,,,,,stimuliAXBmix/iyystimulus.wav,f,,,,,,,,,,,1,0,4,1,1,,,,,,,,,,,,,,,,,,,,,,,,,,,,,,,,,,,,,,,,,,,,,,,,,,,,,,,,,,,,,,,,,,,,,,,
,,,,,50,001,2024-06-06_12h55.58.300,mathesisv2,2024.1.3,Win32,60.0240096,,,,,,312.857,316.07,l,3.198,,,,,,,stimuliAXBmix/iiystimulus.wav,l,,,,,,,,,,,1,1,5,0,1,,,,,,,,,,,,,,,,,,,,,,,,,,,,,,,,,,,,,,,,,,,,,,,,,,,,,,,,,,,,,,,,,,,,,,,
,,,,,50,001,2024-06-06_12h55.58.300,mathesisv2,2024.1.3,Win32,60.0240096,,,,,,316.073,319.837,f,3.756,,,,,,,stimuliAXBmix/yuustimulus.wav,f,,,,,,,,,,,1,2,6,2,1,,,,,,,,,,,,,,,,,,,,,,,,,,,,,,,,,,,,,,,,,,,,,,,,,,,,,,,,,,,,,,,,,,,,,,,
,,,,,50,001,2024-06-06_12h55.58.300,mathesisv2,2024.1.3,Win32,60.0240096,,,,,,319.839,323.568,l,3.718,,,,,,,stimuliAXBmix/yyustimulus.wav,l,,,,,,,,,,,1,3,7,3,1,,,,,,,,,,,,,,,,,,,,,,,,,,,,,,,,,,,,,,,,,,,,,,,,,,,,,,,,,,,,,,,,,,,,,,,
,,,,,50,001,2024-06-06_12h55.58.300,mathesisv2,2024.1.3,Win32,60.0240096,,,,,,323.572,327.268,f,3.678,,,,,,,stimuliAXBmix/yuustimulus.wav,f,,,,,,,,,,,2,0,8,2,1,,,,,,,,,,,,,,,,,,,,,,,,,,,,,,,,,,,,,,,,,,,,,,,,,,,,,,,,,,,,,,,,,,,,,,,
,,,,,50,001,2024-06-06_12h55.58.300,mathesisv2,2024.1.3,Win32,60.0240096,,,,,,327.269,330.667,l,3.39,,,,,,,stimuliAXBmix/yyustimulus.wav,l,,,,,,,,,,,2,1,9,3,1,,,,,,,,,,,,,,,,,,,,,,,,,,,,,,,,,,,,,,,,,,,,,,,,,,,,,,,,,,,,,,,,,,,,,,,
,,,,,50,001,2024-06-06_12h55.58.300,mathesisv2,2024.1.3,Win32,60.0240096,,,,,,330.668,334.483,f,3.808,,,,,,,stimuliAXBmix/iyystimulus.wav,f,,,,,,,,,,,2,2,10,1,1,,,,,,,,,,,,,,,,,,,,,,,,,,,,,,,,,,,,,,,,,,,,,,,,,,,,,,,,,,,,,,,,,,,,,,,
,,,,,50,001,2024-06-06_12h55.58.300,mathesisv2,2024.1.3,Win32,60.0240096,,,,,,334.485,338.117,l,3.617,,,,,,,stimuliAXBmix/iiystimulus.wav,l,,,,,,,,,,,2,3,11,0,1,,,,,,,,,,,,,,,,,,,,,,,,,,,,,,,,,,,,,,,,,,,,,,,,,,,,,,,,,,,,,,,,,,,,,,,
,,,,,50,001,2024-06-06_12h55.58.300,mathesisv2,2024.1.3,Win32,60.0240096,,,,,,343.236,346.297,l,3.053,,,,,,,stimuliAXBmix/yyustimulus.wav,l,,,,,,,,,,,,,,,,338.118,343.214,space,5.078,,0,0,0,3,1,,,,,,,,,,,,,,,,,,,,,,,,,,,,,,,,,,,,,,,,,,,,,,,,,,,,,,,,,,,,,
,,,,,50,001,2024-06-06_12h55.58.300,mathesisv2,2024.1.3,Win32,60.0240096,,,,,,346.298,349.529,f,3.216,,,,,,,stimuliAXBmix/iyystimulus.wav,f,,,,,,,,,,,,,,,,,,,,,0,1,1,1,1,,,,,,,,,,,,,,,,,,,,,,,,,,,,,,,,,,,,,,,,,,,,,,,,,,,,,,,,,,,,,
,,,,,50,001,2024-06-06_12h55.58.300,mathesisv2,2024.1.3,Win32,60.0240096,,,,,,349.53,352.678,l,3.133,,,,,,,stimuliAXBmix/iiystimulus.wav,l,,,,,,,,,,,,,,,,,,,,,0,2,2,0,1,,,,,,,,,,,,,,,,,,,,,,,,,,,,,,,,,,,,,,,,,,,,,,,,,,,,,,,,,,,,,
,,,,,50,001,2024-06-06_12h55.58.300,mathesisv2,2024.1.3,Win32,60.0240096,,,,,,352.681,356.077,f,3.384,,,,,,,stimuliAXBmix/yuustimulus.wav,f,,,,,,,,,,,,,,,,,,,,,0,3,3,2,1,,,,,,,,,,,,,,,,,,,,,,,,,,,,,,,,,,,,,,,,,,,,,,,,,,,,,,,,,,,,,
,,,,,50,001,2024-06-06_12h55.58.300,mathesisv2,2024.1.3,Win32,60.0240096,,,,,,356.079,359.66,l,3.567,,,,,,,stimuliAXBmix/iiystimulus.wav,l,,,,,,,,,,,,,,,,,,,,,1,0,4,0,1,,,,,,,,,,,,,,,,,,,,,,,,,,,,,,,,,,,,,,,,,,,,,,,,,,,,,,,,,,,,,
,,,,,50,001,2024-06-06_12h55.58.300,mathesisv2,2024.1.3,Win32,60.0240096,,,,,,359.661,363.043,f,3.367,,,,,,,stimuliAXBmix/yuustimulus.wav,f,,,,,,,,,,,,,,,,,,,,,1,1,5,2,1,,,,,,,,,,,,,,,,,,,,,,,,,,,,,,,,,,,,,,,,,,,,,,,,,,,,,,,,,,,,,
,,,,,50,001,2024-06-06_12h55.58.300,mathesisv2,2024.1.3,Win32,60.0240096,,,,,,363.045,366.709,l,3.649,,,,,,,stimuliAXBmix/yyustimulus.wav,l,,,,,,,,,,,,,,,,,,,,,1,2,6,3,1,,,,,,,,,,,,,,,,,,,,,,,,,,,,,,,,,,,,,,,,,,,,,,,,,,,,,,,,,,,,,
,,,,,50,001,2024-06-06_12h55.58.300,mathesisv2,2024.1.3,Win32,60.0240096,,,,,,366.709,370.477,f,3.758,,,,,,,stimuliAXBmix/iyystimulus.wav,f,,,,,,,,,,,,,,,,,,,,,1,3,7,1,1,,,,,,,,,,,,,,,,,,,,,,,,,,,,,,,,,,,,,,,,,,,,,,,,,,,,,,,,,,,,,
,,,,,50,001,2024-06-06_12h55.58.300,mathesisv2,2024.1.3,Win32,60.0240096,,,,,,378.667,381.654,f,2.982,,,,,,,stimuliAXBmix/yuustimulus.wav,f,,,,,,,,,,,0,0,0,2,1,,,,,,,,,,,370.479,378.639,space,8.14,,,,,,,,,,,,,,,,,,,,,,,,,,,,,,,,,,,,,,,,,,,,,,,,,,,,,,,,,
,,,,,50,001,2024-06-06_12h55.58.300,mathesisv2,2024.1.3,Win32,60.0240096,,,,,,381.656,384.937,l,3.268,,,,,,,stimuliAXBmix/yyustimulus.wav,l,,,,,,,,,,,0,1,1,3,1,,,,,,,,,,,,,,,,,,,,,,,,,,,,,,,,,,,,,,,,,,,,,,,,,,,,,,,,,,,,,,,,,,,,,,,
,,,,,50,001,2024-06-06_12h55.58.300,mathesisv2,2024.1.3,Win32,60.0240096,,,,,,384.938,388.336,f,3.383,,,,,,,stimuliAXBmix/iyystimulus.wav,f,,,,,,,,,,,0,2,2,1,1,,,,,,,,,,,,,,,,,,,,,,,,,,,,,,,,,,,,,,,,,,,,,,,,,,,,,,,,,,,,,,,,,,,,,,,
,,,,,50,001,2024-06-06_12h55.58.300,mathesisv2,2024.1.3,Win32,60.0240096,,,,,,388.338,391.553,l,3.2,,,,,,,stimuliAXBmix/iiystimulus.wav,l,,,,,,,,,,,0,3,3,0,1,,,,,,,,,,,,,,,,,,,,,,,,,,,,,,,,,,,,,,,,,,,,,,,,,,,,,,,,,,,,,,,,,,,,,,,
,,,,,50,001,2024-06-06_12h55.58.300,mathesisv2,2024.1.3,Win32,60.0240096,,,,,,391.554,394.718,l,3.151,,,,,,,stimuliAXBmix/yyustimulus.wav,l,,,,,,,,,,,1,0,4,3,1,,,,,,,,,,,,,,,,,,,,,,,,,,,,,,,,,,,,,,,,,,,,,,,,,,,,,,,,,,,,,,,,,,,,,,,
,,,,,50,001,2024-06-06_12h55.58.300,mathesisv2,2024.1.3,Win32,60.0240096,,,,,,394.719,397.927,f,3.195,,,,,,,stimuliAXBmix/iyystimulus.wav,f,,,,,,,,,,,1,1,5,1,1,,,,,,,,,,,,,,,,,,,,,,,,,,,,,,,,,,,,,,,,,,,,,,,,,,,,,,,,,,,,,,,,,,,,,,,
,,,,,50,001,2024-06-06_12h55.58.300,mathesisv2,2024.1.3,Win32,60.0240096,,,,,,397.93,401.833,f,3.888,,,,,,,stimuliAXBmix/yuustimulus.wav,f,,,,,,,,,,,1,2,6,2,1,,,,,,,,,,,,,,,,,,,,,,,,,,,,,,,,,,,,,,,,,,,,,,,,,,,,,,,,,,,,,,,,,,,,,,,
,,,,,50,001,2024-06-06_12h55.58.300,mathesisv2,2024.1.3,Win32,60.0240096,,,,,,401.834,405.267,l,3.42,,,,,,,stimuliAXBmix/iiystimulus.wav,l,,,,,,,,,,,1,3,7,0,1,,,,,,,,,,,,,,,,,,,,,,,,,,,,,,,,,,,,,,,,,,,,,,,,,,,,,,,,,,,,,,,,,,,,,,,
,,,,,50,001,2024-06-06_12h55.58.300,mathesisv2,2024.1.3,Win32,60.0240096,,,,,,405.271,408.815,f,3.533,,,,,,,stimuliAXBmix/iyystimulus.wav,f,,,,,,,,,,,2,0,8,1,1,,,,,,,,,,,,,,,,,,,,,,,,,,,,,,,,,,,,,,,,,,,,,,,,,,,,,,,,,,,,,,,,,,,,,,,
,,,,,50,001,2024-06-06_12h55.58.300,mathesisv2,2024.1.3,Win32,60.0240096,,,,,,408.816,411.897,f,3.07,,,,,,,stimuliAXBmix/yuustimulus.wav,f,,,,,,,,,,,2,1,9,2,1,,,,,,,,,,,,,,,,,,,,,,,,,,,,,,,,,,,,,,,,,,,,,,,,,,,,,,,,,,,,,,,,,,,,,,,
,,,,,50,001,2024-06-06_12h55.58.300,mathesisv2,2024.1.3,Win32,60.0240096,,,,,,411.899,414.98,l,3.066,,,,,,,stimuliAXBmix/iiystimulus.wav,l,,,,,,,,,,,2,2,10,0,1,,,,,,,,,,,,,,,,,,,,,,,,,,,,,,,,,,,,,,,,,,,,,,,,,,,,,,,,,,,,,,,,,,,,,,,
,,,,,50,001,2024-06-06_12h55.58.300,mathesisv2,2024.1.3,Win32,60.0240096,,,,,,414.981,418.096,l,3.1,,,,,,,stimuliAXBmix/yyustimulus.wav,l,,,,,,,,,,,2,3,11,3,1,,,,,,,,,,,,,,,,,,,,,,,,,,,,,,,,,,,,,,,,,,,,,,,,,,,,,,,,,,,,,,,,,,,,,,,
,,,,,50,001,2024-06-06_12h55.58.300,mathesisv2,2024.1.3,Win32,60.0240096,,,,,,421.081,424.195,f,3.101,,,,,,,stimuliAXBmix/yuustimulus.wav,f,,,,,,,,,,,,,,,,418.096,421.062,space,2.951,,0,0,0,2,1,,,,,,,,,,,,,,,,,,,,,,,,,,,,,,,,,,,,,,,,,,,,,,,,,,,,,,,,,,,,,
,,,,,50,001,2024-06-06_12h55.58.300,mathesisv2,2024.1.3,Win32,60.0240096,,,,,,424.197,427.194,l,2.988,,,,,,,stimuliAXBmix/yyustimulus.wav,l,,,,,,,,,,,,,,,,,,,,,0,1,1,3,1,,,,,,,,,,,,,,,,,,,,,,,,,,,,,,,,,,,,,,,,,,,,,,,,,,,,,,,,,,,,,
,,,,,50,001,2024-06-06_12h55.58.300,mathesisv2,2024.1.3,Win32,60.0240096,,,,,,427.194,430.226,l,3.016,,,,,,,stimuliAXBmix/iiystimulus.wav,l,,,,,,,,,,,,,,,,,,,,,0,2,2,0,1,,,,,,,,,,,,,,,,,,,,,,,,,,,,,,,,,,,,,,,,,,,,,,,,,,,,,,,,,,,,,
,,,,,50,001,2024-06-06_12h55.58.300,mathesisv2,2024.1.3,Win32,60.0240096,,,,,,430.228,433.46,f,3.22,,,,,,,stimuliAXBmix/iyystimulus.wav,f,,,,,,,,,,,,,,,,,,,,,0,3,3,1,1,,,,,,,,,,,,,,,,,,,,,,,,,,,,,,,,,,,,,,,,,,,,,,,,,,,,,,,,,,,,,
,,,,,50,001,2024-06-06_12h55.58.300,mathesisv2,2024.1.3,Win32,60.0240096,,,,,,433.461,437.076,f,3.602,,,,,,,stimuliAXBmix/iyystimulus.wav,f,,,,,,,,,,,,,,,,,,,,,1,0,4,1,1,,,,,,,,,,,,,,,,,,,,,,,,,,,,,,,,,,,,,,,,,,,,,,,,,,,,,,,,,,,,,
,,,,,50,001,2024-06-06_12h55.58.300,mathesisv2,2024.1.3,Win32,60.0240096,,,,,,437.08,440.941,f,3.847,,,,,,,stimuliAXBmix/yuustimulus.wav,f,,,,,,,,,,,,,,,,,,,,,1,1,5,2,1,,,,,,,,,,,,,,,,,,,,,,,,,,,,,,,,,,,,,,,,,,,,,,,,,,,,,,,,,,,,,
,,,,,50,001,2024-06-06_12h55.58.300,mathesisv2,2024.1.3,Win32,60.0240096,,,,,,440.942,444.256,l,3.298,,,,,,,stimuliAXBmix/yyustimulus.wav,l,,,,,,,,,,,,,,,,,,,,,1,2,6,3,1,,,,,,,,,,,,,,,,,,,,,,,,,,,,,,,,,,,,,,,,,,,,,,,,,,,,,,,,,,,,,
,,,,,50,001,2024-06-06_12h55.58.300,mathesisv2,2024.1.3,Win32,60.0240096,,,,,,444.257,447.472,l,3.199,,,,,,,stimuliAXBmix/iiystimulus.wav,l,,,,,,,,,,,,,,,,,,,,,1,3,7,0,1,,,,,,,,,,,,,,,,,,,,,,,,,,,,,,,,,,,,,,,,,,,,,,,,,,,,,,,,,,,,,
,,,,,50,001,2024-06-06_12h55.58.300,mathesisv2,2024.1.3,Win32,60.0240096,,,,,,,,,,,,,,,,,,,,,,,,,,,,,,,,,,,,,,,,,,,447.473,457.787,space,10.299,,457.787,471.284,space,13.454,,,,,,,,,,,,,,,,,,,,,,,,,,,,,,,,,,,,,,,,,,,,,,,,,,,,
,,,,,50,001,2024-06-06_12h55.58.300,mathesisv2,2024.1.3,Win32,60.0240096,,,,,,,,,,,,,,,,,,,,,,,,,,,,,,,,,,,,,,,,,,,,,,,,,,,,,471.311,479.248,y,7.911,,0,0,0,2,1,testTAFCmixfirst/nimnym006.wav,,,,,,,,,,,,,,,,,,,,,,,,,,,,,,,,,,,,,,,,
,,,,,50,001,2024-06-06_12h55.58.300,mathesisv2,2024.1.3,Win32,60.0240096,,,,,,,,,,,,,,,,,,,,,,,,,,,,,,,,,,,,,,,,,,,,,,,,,,,,,479.249,483.38,e,4.115,,0,1,1,1,1,testTAFCmixfirst/nimnym002.wav,,,,,,,,,,,,,,,,,,,,,,,,,,,,,,,,,,,,,,,,
,,,,,50,001,2024-06-06_12h55.58.300,mathesisv2,2024.1.3,Win32,60.0240096,,,,,,,,,,,,,,,,,,,,,,,,,,,,,,,,,,,,,,,,,,,,,,,,,,,,,483.382,485.263,e,1.867,,0,2,2,0,1,testTAFCmixfirst/nimnym001.wav,,,,,,,,,,,,,,,,,,,,,,,,,,,,,,,,,,,,,,,,
,,,,,50,001,2024-06-06_12h55.58.300,mathesisv2,2024.1.3,Win32,60.0240096,,,,,,,,,,,,,,,,,,,,,,,,,,,,,,,,,,,,,,,,,,,,,,,,,,,,,,,,,,,,,,,,485.271,488.112,u,2.818,,0,0,0,0,1,testTAFCmixsec/numnym001.wav,,,,,,,,,,,,,,,,,,,,,,,,,,,,,
,,,,,50,001,2024-06-06_12h55.58.300,mathesisv2,2024.1.3,Win32,60.0240096,,,,,,,,,,,,,,,,,,,,,,,,,,,,,,,,,,,,,,,,,,,,,,,,,,,,,,,,,,,,,,,,488.114,489.962,y,1.833,,0,1,1,2,1,testTAFCmixsec/numnym006.wav,,,,,,,,,,,,,,,,,,,,,,,,,,,,,
,,,,,50,001,2024-06-06_12h55.58.300,mathesisv2,2024.1.3,Win32,60.0240096,,,,,,,,,,,,,,,,,,,,,,,,,,,,,,,,,,,,,,,,,,,,,,,,,,,,,,,,,,,,,,,,489.963,491.678,u,1.701,,0,2,2,1,1,testTAFCmixsec/numnym002.wav,,,,,,,,,,,,,,,,,,,,,,,,,,,,,
,,,,,50,001,2024-06-06_12h55.58.300,mathesisv2,2024.1.3,Win32,60.0240096,,,,,,,,,,,,,,,,,,,,,,,,,,,,,,,,,,,,,,,,,,,,,,,,,,,,,,,,,,,,,,,,,,,,,,,,,,,491.679,505.21,space,13.479,,,,,,,,,,,,,,,,,,,,,,,,,
,,,,,50,001,2024-06-06_12h55.58.300,mathesisv2,2024.1.3,Win32,60.0240096,,,,,,,,,,,,,,,,,x,,,,,,,,,,,,,,,,,,,,,,,,,,,,,,,,,,,,,,,,,,,,,,,,,,,,,,,,,,,,,,,505.239,507.891,e,2.613,,0,0,0,3,1,stimuliTAFCfirst/nimnym004.wav,,,,,,,,,,,,,
,,,,,50,001,2024-06-06_12h55.58.300,mathesisv2,2024.1.3,Win32,60.0240096,,,,,,,,,,,,,,,,,y,,,,,,,,,,,,,,,,,,,,,,,,,,,,,,,,,,,,,,,,,,,,,,,,,,,,,,,,,,,,,,,507.893,509.708,y,1.806,,0,1,1,6,1,stimuliTAFCfirst/nimnym007.wav,,,,,,,,,,,,,
,,,,,50,001,2024-06-06_12h55.58.300,mathesisv2,2024.1.3,Win32,60.0240096,,,,,,,,,,,,,,,,,y,,,,,,,,,,,,,,,,,,,,,,,,,,,,,,,,,,,,,,,,,,,,,,,,,,,,,,,,,,,,,,,509.709,511.456,y,1.737,,0,2,2,4,1,stimuliTAFCfirst/nimnym005.wav,,,,,,,,,,,,,
,,,,,50,001,2024-06-06_12h55.58.300,mathesisv2,2024.1.3,Win32,60.0240096,,,,,,,,,,,,,,,,,y,,,,,,,,,,,,,,,,,,,,,,,,,,,,,,,,,,,,,,,,,,,,,,,,,,,,,,,,,,,,,,,511.457,512.957,y,1.484,,0,3,3,5,1,stimuliTAFCfirst/nimnym006.wav,,,,,,,,,,,,,
,,,,,50,001,2024-06-06_12h55.58.300,mathesisv2,2024.1.3,Win32,60.0240096,,,,,,,,,,,,,,,,,e,,,,,,,,,,,,,,,,,,,,,,,,,,,,,,,,,,,,,,,,,,,,,,,,,,,,,,,,,,,,,,,512.957,514.622,e,1.651,,0,4,4,0,1,stimuliTAFCfirst/nimnym001.wav,,,,,,,,,,,,,
,,,,,50,001,2024-06-06_12h55.58.300,mathesisv2,2024.1.3,Win32,60.0240096,,,,,,,,,,,,,,,,,e,,,,,,,,,,,,,,,,,,,,,,,,,,,,,,,,,,,,,,,,,,,,,,,,,,,,,,,,,,,,,,,514.623,516.206,e,1.568,,0,5,5,2,1,stimuliTAFCfirst/nimnym003.wav,,,,,,,,,,,,,
,,,,,50,001,2024-06-06_12h55.58.300,mathesisv2,2024.1.3,Win32,60.0240096,,,,,,,,,,,,,,,,,e,,,,,,,,,,,,,,,,,,,,,,,,,,,,,,,,,,,,,,,,,,,,,,,,,,,,,,,,,,,,,,,516.206,517.605,e,1.381,,0,6,6,1,1,stimuliTAFCfirst/nimnym002.wav,,,,,,,,,,,,,
,,,,,50,001,2024-06-06_12h55.58.300,mathesisv2,2024.1.3,Win32,60.0240096,,,,,,,,,,,,,,,,,y,,,,,,,,,,,,,,,,,,,,,,,,,,,,,,,,,,,,,,,,,,,,,,,,,,,,,,,,,,,,,,,517.605,519.022,y,1.4,,1,0,7,5,1,stimuliTAFCfirst/nimnym006.wav,,,,,,,,,,,,,
,,,,,50,001,2024-06-06_12h55.58.300,mathesisv2,2024.1.3,Win32,60.0240096,,,,,,,,,,,,,,,,,y,,,,,,,,,,,,,,,,,,,,,,,,,,,,,,,,,,,,,,,,,,,,,,,,,,,,,,,,,,,,,,,519.023,520.487,y,1.457,,1,1,8,4,1,stimuliTAFCfirst/nimnym005.wav,,,,,,,,,,,,,
,,,,,50,001,2024-06-06_12h55.58.300,mathesisv2,2024.1.3,Win32,60.0240096,,,,,,,,,,,,,,,,,e,,,,,,,,,,,,,,,,,,,,,,,,,,,,,,,,,,,,,,,,,,,,,,,,,,,,,,,,,,,,,,,520.488,521.804,e,1.3,,1,2,9,0,1,stimuliTAFCfirst/nimnym001.wav,,,,,,,,,,,,,
,,,,,50,001,2024-06-06_12h55.58.300,mathesisv2,2024.1.3,Win32,60.0240096,,,,,,,,,,,,,,,,,y,,,,,,,,,,,,,,,,,,,,,,,,,,,,,,,,,,,,,,,,,,,,,,,,,,,,,,,,,,,,,,,521.805,523.221,y,1.4,,1,3,10,6,1,stimuliTAFCfirst/nimnym007.wav,,,,,,,,,,,,,
,,,,,50,001,2024-06-06_12h55.58.300,mathesisv2,2024.1.3,Win32,60.0240096,,,,,,,,,,,,,,,,,e,,,,,,,,,,,,,,,,,,,,,,,,,,,,,,,,,,,,,,,,,,,,,,,,,,,,,,,,,,,,,,,523.221,524.603,e,1.369,,1,4,11,2,1,stimuliTAFCfirst/nimnym003.wav,,,,,,,,,,,,,
,,,,,50,001,2024-06-06_12h55.58.300,mathesisv2,2024.1.3,Win32,60.0240096,,,,,,,,,,,,,,,,,e,,,,,,,,,,,,,,,,,,,,,,,,,,,,,,,,,,,,,,,,,,,,,,,,,,,,,,,,,,,,,,,524.604,526.053,e,1.434,,1,5,12,1,1,stimuliTAFCfirst/nimnym002.wav,,,,,,,,,,,,,
,,,,,50,001,2024-06-06_12h55.58.300,mathesisv2,2024.1.3,Win32,60.0240096,,,,,,,,,,,,,,,,,x,,,,,,,,,,,,,,,,,,,,,,,,,,,,,,,,,,,,,,,,,,,,,,,,,,,,,,,,,,,,,,,526.054,527.37,e,1.3,,1,6,13,3,1,stimuliTAFCfirst/nimnym004.wav,,,,,,,,,,,,,
,,,,,50,001,2024-06-06_12h55.58.300,mathesisv2,2024.1.3,Win32,60.0240096,,,,,,,,,,,,,,,,,u,527.37,530.019,space,2.623,,,,,,,,,,,,,,,,,,,,,,,,,,,,,,,,,,,,,,,,,,,,,,,,,,,,,,,,,,,,,,,,,,,,,,530.029,532.784,u,2.715,,0,0,0,2,1,stimuliTAFCsec/numnym003.wav,,
,,,,,50,001,2024-06-06_12h55.58.300,mathesisv2,2024.1.3,Win32,60.0240096,,,,,,,,,,,,,,,,,y,,,,,,,,,,,,,,,,,,,,,,,,,,,,,,,,,,,,,,,,,,,,,,,,,,,,,,,,,,,,,,,,,,,,,,,,,,532.786,534.334,y,1.534,,0,1,1,6,1,stimuliTAFCsec/numnym007.wav,,
,,,,,50,001,2024-06-06_12h55.58.300,mathesisv2,2024.1.3,Win32,60.0240096,,,,,,,,,,,,,,,,,u,,,,,,,,,,,,,,,,,,,,,,,,,,,,,,,,,,,,,,,,,,,,,,,,,,,,,,,,,,,,,,,,,,,,,,,,,,534.335,535.686,u,1.34,,0,2,2,1,1,stimuliTAFCsec/numnym002.wav,,
,,,,,50,001,2024-06-06_12h55.58.300,mathesisv2,2024.1.3,Win32,60.0240096,,,,,,,,,,,,,,,,,x,,,,,,,,,,,,,,,,,,,,,,,,,,,,,,,,,,,,,,,,,,,,,,,,,,,,,,,,,,,,,,,,,,,,,,,,,,535.693,537.067,y,1.366,,0,3,3,3,1,stimuliTAFCsec/numnym004.wav,,
,,,,,50,001,2024-06-06_12h55.58.300,mathesisv2,2024.1.3,Win32,60.0240096,,,,,,,,,,,,,,,,,u,,,,,,,,,,,,,,,,,,,,,,,,,,,,,,,,,,,,,,,,,,,,,,,,,,,,,,,,,,,,,,,,,,,,,,,,,,537.069,538.284,u,1.2,,0,4,4,0,1,stimuliTAFCsec/numnym001.wav,,
,,,,,50,001,2024-06-06_12h55.58.300,mathesisv2,2024.1.3,Win32,60.0240096,,,,,,,,,,,,,,,,,y,,,,,,,,,,,,,,,,,,,,,,,,,,,,,,,,,,,,,,,,,,,,,,,,,,,,,,,,,,,,,,,,,,,,,,,,,,538.286,539.516,y,1.216,,0,5,5,4,1,stimuliTAFCsec/numnym005.wav,,
,,,,,50,001,2024-06-06_12h55.58.300,mathesisv2,2024.1.3,Win32,60.0240096,,,,,,,,,,,,,,,,,y,,,,,,,,,,,,,,,,,,,,,,,,,,,,,,,,,,,,,,,,,,,,,,,,,,,,,,,,,,,,,,,,,,,,,,,,,,539.518,540.983,y,1.451,,0,6,6,5,1,stimuliTAFCsec/numnym006.wav,,
,,,,,50,001,2024-06-06_12h55.58.300,mathesisv2,2024.1.3,Win32,60.0240096,,,,,,,,,,,,,,,,,y,,,,,,,,,,,,,,,,,,,,,,,,,,,,,,,,,,,,,,,,,,,,,,,,,,,,,,,,,,,,,,,,,,,,,,,,,,540.984,542.482,y,1.487,,1,0,7,6,1,stimuliTAFCsec/numnym007.wav,,
,,,,,50,001,2024-06-06_12h55.58.300,mathesisv2,2024.1.3,Win32,60.0240096,,,,,,,,,,,,,,,,,u,,,,,,,,,,,,,,,,,,,,,,,,,,,,,,,,,,,,,,,,,,,,,,,,,,,,,,,,,,,,,,,,,,,,,,,,,,542.483,543.699,u,1.207,,1,1,8,0,1,stimuliTAFCsec/numnym001.wav,,
,,,,,50,001,2024-06-06_12h55.58.300,mathesisv2,2024.1.3,Win32,60.0240096,,,,,,,,,,,,,,,,,u,,,,,,,,,,,,,,,,,,,,,,,,,,,,,,,,,,,,,,,,,,,,,,,,,,,,,,,,,,,,,,,,,,,,,,,,,,543.701,545.115,u,1.4,,1,2,9,1,1,stimuliTAFCsec/numnym002.wav,,
,,,,,50,001,2024-06-06_12h55.58.300,mathesisv2,2024.1.3,Win32,60.0240096,,,,,,,,,,,,,,,,,y,,,,,,,,,,,,,,,,,,,,,,,,,,,,,,,,,,,,,,,,,,,,,,,,,,,,,,,,,,,,,,,,,,,,,,,,,,545.116,546.615,y,1.483,,1,3,10,5,1,stimuliTAFCsec/numnym006.wav,,
,,,,,50,001,2024-06-06_12h55.58.300,mathesisv2,2024.1.3,Win32,60.0240096,,,,,,,,,,,,,,,,,u,,,,,,,,,,,,,,,,,,,,,,,,,,,,,,,,,,,,,,,,,,,,,,,,,,,,,,,,,,,,,,,,,,,,,,,,,,546.615,547.998,u,1.368,,1,4,11,2,1,stimuliTAFCsec/numnym003.wav,,
,,,,,50,001,2024-06-06_12h55.58.300,mathesisv2,2024.1.3,Win32,60.0240096,,,,,,,,,,,,,,,,,y,,,,,,,,,,,,,,,,,,,,,,,,,,,,,,,,,,,,,,,,,,,,,,,,,,,,,,,,,,,,,,,,,,,,,,,,,,548,549.297,y,1.289,,1,5,12,4,1,stimuliTAFCsec/numnym005.wav,,
,,,,,50,001,2024-06-06_12h55.58.300,mathesisv2,2024.1.3,Win32,60.0240096,,,,,,,,,,,,,,,,,x,,,,,,,,,,,,,,,,,,,,,,,,,,,,,,,,,,,,,,,,,,,,,,,,,,,,,,,,,,,,,,,,,,,,,,,,,,549.298,551.214,y,1.903,,1,6,13,3,1,stimuliTAFCsec/numnym004.wav,,
,,,,,50,001,2024-06-06_12h55.58.300,mathesisv2,2024.1.3,Win32,60.0240096,,,,,,,,,,,,,,,,,y,,,,,,,,,,,,,,,,,,,,,,,,,,551.215,555.479,space,4.238,,,,,,,,,,,,,,,,,,,,,,,,,,,,,,,,,,555.503,560.778,y,5.261,,0,0,0,6,1,stimuliTAFCfirst/nimnym007.wav,,,,,,,,,,,,,
,,,,,50,001,2024-06-06_12h55.58.300,mathesisv2,2024.1.3,Win32,60.0240096,,,,,,,,,,,,,,,,,x,,,,,,,,,,,,,,,,,,,,,,,,,,,,,,,,,,,,,,,,,,,,,,,,,,,,,,,,,,,,,,,560.78,564.194,e,3.4,,0,1,1,3,1,stimuliTAFCfirst/nimnym004.wav,,,,,,,,,,,,,
,,,,,50,001,2024-06-06_12h55.58.300,mathesisv2,2024.1.3,Win32,60.0240096,,,,,,,,,,,,,,,,,y,,,,,,,,,,,,,,,,,,,,,,,,,,,,,,,,,,,,,,,,,,,,,,,,,,,,,,,,,,,,,,,564.195,565.81,e,1.605,,0,2,2,5,1,stimuliTAFCfirst/nimnym006.wav,,,,,,,,,,,,,
,,,,,50,001,2024-06-06_12h55.58.300,mathesisv2,2024.1.3,Win32,60.0240096,,,,,,,,,,,,,,,,,e,,,,,,,,,,,,,,,,,,,,,,,,,,,,,,,,,,,,,,,,,,,,,,,,,,,,,,,,,,,,,,,565.812,567.726,e,1.906,,0,3,3,1,1,stimuliTAFCfirst/nimnym002.wav,,,,,,,,,,,,,
,,,,,50,001,2024-06-06_12h55.58.300,mathesisv2,2024.1.3,Win32,60.0240096,,,,,,,,,,,,,,,,,e,,,,,,,,,,,,,,,,,,,,,,,,,,,,,,,,,,,,,,,,,,,,,,,,,,,,,,,,,,,,,,,567.727,569.343,e,1.606,,0,4,4,0,1,stimuliTAFCfirst/nimnym001.wav,,,,,,,,,,,,,
,,,,,50,001,2024-06-06_12h55.58.300,mathesisv2,2024.1.3,Win32,60.0240096,,,,,,,,,,,,,,,,,e,,,,,,,,,,,,,,,,,,,,,,,,,,,,,,,,,,,,,,,,,,,,,,,,,,,,,,,,,,,,,,,569.348,570.742,e,1.383,,0,5,5,2,1,stimuliTAFCfirst/nimnym003.wav,,,,,,,,,,,,,
,,,,,50,001,2024-06-06_12h55.58.300,mathesisv2,2024.1.3,Win32,60.0240096,,,,,,,,,,,,,,,,,y,,,,,,,,,,,,,,,,,,,,,,,,,,,,,,,,,,,,,,,,,,,,,,,,,,,,,,,,,,,,,,,570.744,572.292,y,1.536,,0,6,6,4,1,stimuliTAFCfirst/nimnym005.wav,,,,,,,,,,,,,
,,,,,50,001,2024-06-06_12h55.58.300,mathesisv2,2024.1.3,Win32,60.0240096,,,,,,,,,,,,,,,,,e,,,,,,,,,,,,,,,,,,,,,,,,,,,,,,,,,,,,,,,,,,,,,,,,,,,,,,,,,,,,,,,572.293,573.975,e,1.669,,1,0,7,0,1,stimuliTAFCfirst/nimnym001.wav,,,,,,,,,,,,,
,,,,,50,001,2024-06-06_12h55.58.300,mathesisv2,2024.1.3,Win32,60.0240096,,,,,,,,,,,,,,,,,e,,,,,,,,,,,,,,,,,,,,,,,,,,,,,,,,,,,,,,,,,,,,,,,,,,,,,,,,,,,,,,,573.977,575.641,e,1.649,,1,1,8,2,1,stimuliTAFCfirst/nimnym003.wav,,,,,,,,,,,,,
,,,,,50,001,2024-06-06_12h55.58.300,mathesisv2,2024.1.3,Win32,60.0240096,,,,,,,,,,,,,,,,,y,,,,,,,,,,,,,,,,,,,,,,,,,,,,,,,,,,,,,,,,,,,,,,,,,,,,,,,,,,,,,,,575.642,577.041,y,1.385,,1,2,9,5,1,stimuliTAFCfirst/nimnym006.wav,,,,,,,,,,,,,
,,,,,50,001,2024-06-06_12h55.58.300,mathesisv2,2024.1.3,Win32,60.0240096,,,,,,,,,,,,,,,,,x,,,,,,,,,,,,,,,,,,,,,,,,,,,,,,,,,,,,,,,,,,,,,,,,,,,,,,,,,,,,,,,577.042,578.273,y,1.216,,1,3,10,3,1,stimuliTAFCfirst/nimnym004.wav,,,,,,,,,,,,,
,,,,,50,001,2024-06-06_12h55.58.300,mathesisv2,2024.1.3,Win32,60.0240096,,,,,,,,,,,,,,,,,y,,,,,,,,,,,,,,,,,,,,,,,,,,,,,,,,,,,,,,,,,,,,,,,,,,,,,,,,,,,,,,,578.274,579.607,y,1.319,,1,4,11,4,1,stimuliTAFCfirst/nimnym005.wav,,,,,,,,,,,,,
,,,,,50,001,2024-06-06_12h55.58.300,mathesisv2,2024.1.3,Win32,60.0240096,,,,,,,,,,,,,,,,,y,,,,,,,,,,,,,,,,,,,,,,,,,,,,,,,,,,,,,,,,,,,,,,,,,,,,,,,,,,,,,,,579.608,580.74,y,1.118,,1,5,12,6,1,stimuliTAFCfirst/nimnym007.wav,,,,,,,,,,,,,
,,,,,50,001,2024-06-06_12h55.58.300,mathesisv2,2024.1.3,Win32,60.0240096,,,,,,,,,,,,,,,,,e,,,,,,,,,,,,,,,,,,,,,,,,,,,,,,,,,,,,,,,,,,,,,,,,,,,,,,,,,,,,,,,580.741,582.29,e,1.534,,1,6,13,1,1,stimuliTAFCfirst/nimnym002.wav,,,,,,,,,,,,,
,,,,,50,001,2024-06-06_12h55.58.300,mathesisv2,2024.1.3,Win32,60.0240096,,,,,,,,,,,,,,,,,x,582.29,586.222,space,3.917,,,,,,,,,,,,,,,,,,,,,,,,,,,,,,,,,,,,,,,,,,,,,,,,,,,,,,,,,,,,,,,,,,,,,,586.243,587.822,u,1.573,,0,0,0,3,1,stimuliTAFCsec/numnym004.wav,,
,,,,,50,001,2024-06-06_12h55.58.300,mathesisv2,2024.1.3,Win32,60.0240096,,,,,,,,,,,,,,,,,u,,,,,,,,,,,,,,,,,,,,,,,,,,,,,,,,,,,,,,,,,,,,,,,,,,,,,,,,,,,,,,,,,,,,,,,,,,587.823,589.554,u,1.717,,0,1,1,2,1,stimuliTAFCsec/numnym003.wav,,
,,,,,50,001,2024-06-06_12h55.58.300,mathesisv2,2024.1.3,Win32,60.0240096,,,,,,,,,,,,,,,,,y,,,,,,,,,,,,,,,,,,,,,,,,,,,,,,,,,,,,,,,,,,,,,,,,,,,,,,,,,,,,,,,,,,,,,,,,,,589.554,590.887,y,1.324,,0,2,2,5,1,stimuliTAFCsec/numnym006.wav,,
,,,,,50,001,2024-06-06_12h55.58.300,mathesisv2,2024.1.3,Win32,60.0240096,,,,,,,,,,,,,,,,,y,,,,,,,,,,,,,,,,,,,,,,,,,,,,,,,,,,,,,,,,,,,,,,,,,,,,,,,,,,,,,,,,,,,,,,,,,,590.888,592.354,y,1.455,,0,3,3,4,1,stimuliTAFCsec/numnym005.wav,,
,,,,,50,001,2024-06-06_12h55.58.300,mathesisv2,2024.1.3,Win32,60.0240096,,,,,,,,,,,,,,,,,u,,,,,,,,,,,,,,,,,,,,,,,,,,,,,,,,,,,,,,,,,,,,,,,,,,,,,,,,,,,,,,,,,,,,,,,,,,592.354,593.537,u,1.172,,0,4,4,0,1,stimuliTAFCsec/numnym001.wav,,
,,,,,50,001,2024-06-06_12h55.58.300,mathesisv2,2024.1.3,Win32,60.0240096,,,,,,,,,,,,,,,,,y,,,,,,,,,,,,,,,,,,,,,,,,,,,,,,,,,,,,,,,,,,,,,,,,,,,,,,,,,,,,,,,,,,,,,,,,,,593.537,594.82,y,1.272,,0,5,5,6,1,stimuliTAFCsec/numnym007.wav,,
,,,,,50,001,2024-06-06_12h55.58.300,mathesisv2,2024.1.3,Win32,60.0240096,,,,,,,,,,,,,,,,,u,,,,,,,,,,,,,,,,,,,,,,,,,,,,,,,,,,,,,,,,,,,,,,,,,,,,,,,,,,,,,,,,,,,,,,,,,,594.82,596.036,u,1.206,,0,6,6,1,1,stimuliTAFCsec/numnym002.wav,,
,,,,,50,001,2024-06-06_12h55.58.300,mathesisv2,2024.1.3,Win32,60.0240096,,,,,,,,,,,,,,,,,u,,,,,,,,,,,,,,,,,,,,,,,,,,,,,,,,,,,,,,,,,,,,,,,,,,,,,,,,,,,,,,,,,,,,,,,,,,596.037,597.669,u,1.617,,1,0,7,1,1,stimuliTAFCsec/numnym002.wav,,
,,,,,50,001,2024-06-06_12h55.58.300,mathesisv2,2024.1.3,Win32,60.0240096,,,,,,,,,,,,,,,,,y,,,,,,,,,,,,,,,,,,,,,,,,,,,,,,,,,,,,,,,,,,,,,,,,,,,,,,,,,,,,,,,,,,,,,,,,,,597.669,599.102,y,1.417,,1,1,8,6,1,stimuliTAFCsec/numnym007.wav,,
,,,,,50,001,2024-06-06_12h55.58.300,mathesisv2,2024.1.3,Win32,60.0240096,,,,,,,,,,,,,,,,,y,,,,,,,,,,,,,,,,,,,,,,,,,,,,,,,,,,,,,,,,,,,,,,,,,,,,,,,,,,,,,,,,,,,,,,,,,,599.103,600.502,y,1.389,,1,2,9,5,1,stimuliTAFCsec/numnym006.wav,,
,,,,,50,001,2024-06-06_12h55.58.300,mathesisv2,2024.1.3,Win32,60.0240096,,,,,,,,,,,,,,,,,u,,,,,,,,,,,,,,,,,,,,,,,,,,,,,,,,,,,,,,,,,,,,,,,,,,,,,,,,,,,,,,,,,,,,,,,,,,600.502,601.934,u,1.417,,1,3,10,2,1,stimuliTAFCsec/numnym003.wav,,
,,,,,50,001,2024-06-06_12h55.58.300,mathesisv2,2024.1.3,Win32,60.0240096,,,,,,,,,,,,,,,,,u,,,,,,,,,,,,,,,,,,,,,,,,,,,,,,,,,,,,,,,,,,,,,,,,,,,,,,,,,,,,,,,,,,,,,,,,,,601.935,603.185,u,1.239,,1,4,11,0,1,stimuliTAFCsec/numnym001.wav,,
,,,,,50,001,2024-06-06_12h55.58.300,mathesisv2,2024.1.3,Win32,60.0240096,,,,,,,,,,,,,,,,,x,,,,,,,,,,,,,,,,,,,,,,,,,,,,,,,,,,,,,,,,,,,,,,,,,,,,,,,,,,,,,,,,,,,,,,,,,,603.19,604.634,y,1.437,,1,5,12,3,1,stimuliTAFCsec/numnym004.wav,,
,,,,,50,001,2024-06-06_12h55.58.300,mathesisv2,2024.1.3,Win32,60.0240096,,,,,,,,,,,,,,,,,y,,,,,,,,,,,,,,,,,,,,,,,,,,,,,,,,,,,,,,,,,,,,,,,,,,,,,,,,,,,,,,,,,,,,,,,,,,604.636,606.017,y,1.369,,1,6,13,4,1,stimuliTAFCsec/numnym005.wav,,
,,,,,50,001,2024-06-06_12h55.58.300,mathesisv2,2024.1.3,Win32,60.0240096,,,,,,,,,,,,,,,,,e,,,,,,,,,,,,,,,,,,,,,,,,,,606.019,609.15,space,3.115,,,,,,,,,,,,,,,,,,,,,,,,,,,,,,,,,,609.17,612.315,e,3.132,,0,0,0,0,1,stimuliTAFCfirst/nimnym001.wav,,,,,,,,,,,,,
,,,,,50,001,2024-06-06_12h55.58.300,mathesisv2,2024.1.3,Win32,60.0240096,,,,,,,,,,,,,,,,,e,,,,,,,,,,,,,,,,,,,,,,,,,,,,,,,,,,,,,,,,,,,,,,,,,,,,,,,,,,,,,,,612.316,614.099,e,1.768,,0,1,1,2,1,stimuliTAFCfirst/nimnym003.wav,,,,,,,,,,,,,
,,,,,50,001,2024-06-06_12h55.58.300,mathesisv2,2024.1.3,Win32,60.0240096,,,,,,,,,,,,,,,,,y,,,,,,,,,,,,,,,,,,,,,,,,,,,,,,,,,,,,,,,,,,,,,,,,,,,,,,,,,,,,,,,614.1,615.481,y,1.366,,0,2,2,6,1,stimuliTAFCfirst/nimnym007.wav,,,,,,,,,,,,,
,,,,,50,001,2024-06-06_12h55.58.300,mathesisv2,2024.1.3,Win32,60.0240096,,,,,,,,,,,,,,,,,e,,,,,,,,,,,,,,,,,,,,,,,,,,,,,,,,,,,,,,,,,,,,,,,,,,,,,,,,,,,,,,,615.482,616.814,e,1.317,,0,3,3,1,1,stimuliTAFCfirst/nimnym002.wav,,,,,,,,,,,,,
,,,,,50,001,2024-06-06_12h55.58.300,mathesisv2,2024.1.3,Win32,60.0240096,,,,,,,,,,,,,,,,,x,,,,,,,,,,,,,,,,,,,,,,,,,,,,,,,,,,,,,,,,,,,,,,,,,,,,,,,,,,,,,,,616.815,618.231,e,1.403,,0,4,4,3,1,stimuliTAFCfirst/nimnym004.wav,,,,,,,,,,,,,
,,,,,50,001,2024-06-06_12h55.58.300,mathesisv2,2024.1.3,Win32,60.0240096,,,,,,,,,,,,,,,,,y,,,,,,,,,,,,,,,,,,,,,,,,,,,,,,,,,,,,,,,,,,,,,,,,,,,,,,,,,,,,,,,618.232,619.797,y,1.55,,0,5,5,5,1,stimuliTAFCfirst/nimnym006.wav,,,,,,,,,,,,,
,,,,,50,001,2024-06-06_12h55.58.300,mathesisv2,2024.1.3,Win32,60.0240096,,,,,,,,,,,,,,,,,y,,,,,,,,,,,,,,,,,,,,,,,,,,,,,,,,,,,,,,,,,,,,,,,,,,,,,,,,,,,,,,,619.798,620.996,y,1.184,,0,6,6,4,1,stimuliTAFCfirst/nimnym005.wav,,,,,,,,,,,,,
,,,,,50,001,2024-06-06_12h55.58.300,mathesisv2,2024.1.3,Win32,60.0240096,,,,,,,,,,,,,,,,,e,,,,,,,,,,,,,,,,,,,,,,,,,,,,,,,,,,,,,,,,,,,,,,,,,,,,,,,,,,,,,,,620.999,622.313,e,1.303,,1,0,7,2,1,stimuliTAFCfirst/nimnym003.wav,,,,,,,,,,,,,
,,,,,50,001,2024-06-06_12h55.58.300,mathesisv2,2024.1.3,Win32,60.0240096,,,,,,,,,,,,,,,,,e,,,,,,,,,,,,,,,,,,,,,,,,,,,,,,,,,,,,,,,,,,,,,,,,,,,,,,,,,,,,,,,622.314,623.696,e,1.367,,1,1,8,0,1,stimuliTAFCfirst/nimnym001.wav,,,,,,,,,,,,,
,,,,,50,001,2024-06-06_12h55.58.300,mathesisv2,2024.1.3,Win32,60.0240096,,,,,,,,,,,,,,,,,y,,,,,,,,,,,,,,,,,,,,,,,,,,,,,,,,,,,,,,,,,,,,,,,,,,,,,,,,,,,,,,,623.697,625.113,y,1.402,,1,2,9,5,1,stimuliTAFCfirst/nimnym006.wav,,,,,,,,,,,,,
,,,,,50,001,2024-06-06_12h55.58.300,mathesisv2,2024.1.3,Win32,60.0240096,,,,,,,,,,,,,,,,,e,,,,,,,,,,,,,,,,,,,,,,,,,,,,,,,,,,,,,,,,,,,,,,,,,,,,,,,,,,,,,,,625.115,626.229,e,1.108,,1,3,10,1,1,stimuliTAFCfirst/nimnym002.wav,,,,,,,,,,,,,
,,,,,50,001,2024-06-06_12h55.58.300,mathesisv2,2024.1.3,Win32,60.0240096,,,,,,,,,,,,,,,,,x,,,,,,,,,,,,,,,,,,,,,,,,,,,,,,,,,,,,,,,,,,,,,,,,,,,,,,,,,,,,,,,626.23,628.012,e,1.772,,1,4,11,3,1,stimuliTAFCfirst/nimnym004.wav,,,,,,,,,,,,,
,,,,,50,001,2024-06-06_12h55.58.300,mathesisv2,2024.1.3,Win32,60.0240096,,,,,,,,,,,,,,,,,y,,,,,,,,,,,,,,,,,,,,,,,,,,,,,,,,,,,,,,,,,,,,,,,,,,,,,,,,,,,,,,,628.012,629.279,y,1.251,,1,5,12,6,1,stimuliTAFCfirst/nimnym007.wav,,,,,,,,,,,,,
,,,,,50,001,2024-06-06_12h55.58.300,mathesisv2,2024.1.3,Win32,60.0240096,,,,,,,,,,,,,,,,,y,,,,,,,,,,,,,,,,,,,,,,,,,,,,,,,,,,,,,,,,,,,,,,,,,,,,,,,,,,,,,,,629.28,630.461,y,1.166,,1,6,13,4,1,stimuliTAFCfirst/nimnym005.wav,,,,,,,,,,,,,
,,,,,50,001,2024-06-06_12h55.58.300,mathesisv2,2024.1.3,Win32,60.0240096,,,,,,,,,,,,,,,,,y,630.461,634.177,space,3.7,,,,,,,,,,,,,,,,,,,,,,,,,,,,,,,,,,,,,,,,,,,,,,,,,,,,,,,,,,,,,,,,,,,,,,634.187,636.026,y,1.831,,0,0,0,4,1,stimuliTAFCsec/numnym005.wav,,
,,,,,50,001,2024-06-06_12h55.58.300,mathesisv2,2024.1.3,Win32,60.0240096,,,,,,,,,,,,,,,,,u,,,,,,,,,,,,,,,,,,,,,,,,,,,,,,,,,,,,,,,,,,,,,,,,,,,,,,,,,,,,,,,,,,,,,,,,,,636.027,637.377,u,1.337,,0,1,1,2,1,stimuliTAFCsec/numnym003.wav,,
,,,,,50,001,2024-06-06_12h55.58.300,mathesisv2,2024.1.3,Win32,60.0240096,,,,,,,,,,,,,,,,,y,,,,,,,,,,,,,,,,,,,,,,,,,,,,,,,,,,,,,,,,,,,,,,,,,,,,,,,,,,,,,,,,,,,,,,,,,,637.382,638.659,y,1.263,,0,2,2,5,1,stimuliTAFCsec/numnym006.wav,,
,,,,,50,001,2024-06-06_12h55.58.300,mathesisv2,2024.1.3,Win32,60.0240096,,,,,,,,,,,,,,,,,u,,,,,,,,,,,,,,,,,,,,,,,,,,,,,,,,,,,,,,,,,,,,,,,,,,,,,,,,,,,,,,,,,,,,,,,,,,638.661,640.059,u,1.387,,0,3,3,1,1,stimuliTAFCsec/numnym002.wav,,
,,,,,50,001,2024-06-06_12h55.58.300,mathesisv2,2024.1.3,Win32,60.0240096,,,,,,,,,,,,,,,,,y,,,,,,,,,,,,,,,,,,,,,,,,,,,,,,,,,,,,,,,,,,,,,,,,,,,,,,,,,,,,,,,,,,,,,,,,,,640.061,641.342,y,1.266,,0,4,4,6,1,stimuliTAFCsec/numnym007.wav,,
,,,,,50,001,2024-06-06_12h55.58.300,mathesisv2,2024.1.3,Win32,60.0240096,,,,,,,,,,,,,,,,,u,,,,,,,,,,,,,,,,,,,,,,,,,,,,,,,,,,,,,,,,,,,,,,,,,,,,,,,,,,,,,,,,,,,,,,,,,,641.344,642.625,u,1.272,,0,5,5,0,1,stimuliTAFCsec/numnym001.wav,,
,,,,,50,001,2024-06-06_12h55.58.300,mathesisv2,2024.1.3,Win32,60.0240096,,,,,,,,,,,,,,,,,x,,,,,,,,,,,,,,,,,,,,,,,,,,,,,,,,,,,,,,,,,,,,,,,,,,,,,,,,,,,,,,,,,,,,,,,,,,642.626,643.924,y,1.284,,0,6,6,3,1,stimuliTAFCsec/numnym004.wav,,
,,,,,50,001,2024-06-06_12h55.58.300,mathesisv2,2024.1.3,Win32,60.0240096,,,,,,,,,,,,,,,,,y,,,,,,,,,,,,,,,,,,,,,,,,,,,,,,,,,,,,,,,,,,,,,,,,,,,,,,,,,,,,,,,,,,,,,,,,,,643.925,645.157,y,1.217,,1,0,7,4,1,stimuliTAFCsec/numnym005.wav,,
,,,,,50,001,2024-06-06_12h55.58.300,mathesisv2,2024.1.3,Win32,60.0240096,,,,,,,,,,,,,,,,,u,,,,,,,,,,,,,,,,,,,,,,,,,,,,,,,,,,,,,,,,,,,,,,,,,,,,,,,,,,,,,,,,,,,,,,,,,,645.158,646.591,u,1.417,,1,1,8,2,1,stimuliTAFCsec/numnym003.wav,,
,,,,,50,001,2024-06-06_12h55.58.300,mathesisv2,2024.1.3,Win32,60.0240096,,,,,,,,,,,,,,,,,y,,,,,,,,,,,,,,,,,,,,,,,,,,,,,,,,,,,,,,,,,,,,,,,,,,,,,,,,,,,,,,,,,,,,,,,,,,646.593,647.99,y,1.382,,1,2,9,6,1,stimuliTAFCsec/numnym007.wav,,
,,,,,50,001,2024-06-06_12h55.58.300,mathesisv2,2024.1.3,Win32,60.0240096,,,,,,,,,,,,,,,,,y,,,,,,,,,,,,,,,,,,,,,,,,,,,,,,,,,,,,,,,,,,,,,,,,,,,,,,,,,,,,,,,,,,,,,,,,,,647.991,649.357,y,1.351,,1,3,10,5,1,stimuliTAFCsec/numnym006.wav,,
,,,,,50,001,2024-06-06_12h55.58.300,mathesisv2,2024.1.3,Win32,60.0240096,,,,,,,,,,,,,,,,,u,,,,,,,,,,,,,,,,,,,,,,,,,,,,,,,,,,,,,,,,,,,,,,,,,,,,,,,,,,,,,,,,,,,,,,,,,,649.357,650.806,u,1.432,,1,4,11,1,1,stimuliTAFCsec/numnym002.wav,,
,,,,,50,001,2024-06-06_12h55.58.300,mathesisv2,2024.1.3,Win32,60.0240096,,,,,,,,,,,,,,,,,x,,,,,,,,,,,,,,,,,,,,,,,,,,,,,,,,,,,,,,,,,,,,,,,,,,,,,,,,,,,,,,,,,,,,,,,,,,650.807,652.34,y,1.518,,1,5,12,3,1,stimuliTAFCsec/numnym004.wav,,
,,,,,50,001,2024-06-06_12h55.58.300,mathesisv2,2024.1.3,Win32,60.0240096,,,,,,,,,,,,,,,,,u,,,,,,,,,,,,,,,,,,,,,,,,,,,,,,,,,,,,,,,,,,,,,,,,,,,,,,,,,,,,,,,,,,,,,,,,,,652.34,653.838,u,1.488,,1,6,13,0,1,stimuliTAFCsec/numnym001.wav,,
,,,,,50,001,2024-06-06_12h55.58.300,mathesisv2,2024.1.3,Win32,60.0240096,,,,,,,,,,,,,,,,,x,,,,,,,,,,,,,,,,,,,,,,,,,,653.839,657.705,space,3.857,,,,,,,,,,,,,,,,,,,,,,,,,,,,,,,,,,657.725,659.704,y,1.966,,0,0,0,3,1,stimuliTAFCfirst/nimnym004.wav,,,,,,,,,,,,,
,,,,,50,001,2024-06-06_12h55.58.300,mathesisv2,2024.1.3,Win32,60.0240096,,,,,,,,,,,,,,,,,e,,,,,,,,,,,,,,,,,,,,,,,,,,,,,,,,,,,,,,,,,,,,,,,,,,,,,,,,,,,,,,,659.704,661.003,e,1.29,,0,1,1,0,1,stimuliTAFCfirst/nimnym001.wav,,,,,,,,,,,,,
,,,,,50,001,2024-06-06_12h55.58.300,mathesisv2,2024.1.3,Win32,60.0240096,,,,,,,,,,,,,,,,,e,,,,,,,,,,,,,,,,,,,,,,,,,,,,,,,,,,,,,,,,,,,,,,,,,,,,,,,,,,,,,,,661.004,662.387,e,1.368,,0,2,2,2,1,stimuliTAFCfirst/nimnym003.wav,,,,,,,,,,,,,
,,,,,50,001,2024-06-06_12h55.58.300,mathesisv2,2024.1.3,Win32,60.0240096,,,,,,,,,,,,,,,,,e,,,,,,,,,,,,,,,,,,,,,,,,,,,,,,,,,,,,,,,,,,,,,,,,,,,,,,,,,,,,,,,662.388,663.62,e,1.22,,0,3,3,1,1,stimuliTAFCfirst/nimnym002.wav,,,,,,,,,,,,,
,,,,,50,001,2024-06-06_12h55.58.300,mathesisv2,2024.1.3,Win32,60.0240096,,,,,,,,,,,,,,,,,y,,,,,,,,,,,,,,,,,,,,,,,,,,,,,,,,,,,,,,,,,,,,,,,,,,,,,,,,,,,,,,,663.62,665.02,y,1.384,,0,4,4,6,1,stimuliTAFCfirst/nimnym007.wav,,,,,,,,,,,,,
,,,,,50,001,2024-06-06_12h55.58.300,mathesisv2,2024.1.3,Win32,60.0240096,,,,,,,,,,,,,,,,,y,,,,,,,,,,,,,,,,,,,,,,,,,,,,,,,,,,,,,,,,,,,,,,,,,,,,,,,,,,,,,,,665.02,666.069,y,1.033,,0,5,5,4,1,stimuliTAFCfirst/nimnym005.wav,,,,,,,,,,,,,
,,,,,50,001,2024-06-06_12h55.58.300,mathesisv2,2024.1.3,Win32,60.0240096,,,,,,,,,,,,,,,,,y,,,,,,,,,,,,,,,,,,,,,,,,,,,,,,,,,,,,,,,,,,,,,,,,,,,,,,,,,,,,,,,666.07,667.385,y,1.303,,0,6,6,5,1,stimuliTAFCfirst/nimnym006.wav,,,,,,,,,,,,,
,,,,,50,001,2024-06-06_12h55.58.300,mathesisv2,2024.1.3,Win32,60.0240096,,,,,,,,,,,,,,,,,x,,,,,,,,,,,,,,,,,,,,,,,,,,,,,,,,,,,,,,,,,,,,,,,,,,,,,,,,,,,,,,,667.386,668.685,y,1.284,,1,0,7,3,1,stimuliTAFCfirst/nimnym004.wav,,,,,,,,,,,,,
,,,,,50,001,2024-06-06_12h55.58.300,mathesisv2,2024.1.3,Win32,60.0240096,,,,,,,,,,,,,,,,,e,,,,,,,,,,,,,,,,,,,,,,,,,,,,,,,,,,,,,,,,,,,,,,,,,,,,,,,,,,,,,,,668.685,670.285,e,1.584,,1,1,8,0,1,stimuliTAFCfirst/nimnym001.wav,,,,,,,,,,,,,
,,,,,50,001,2024-06-06_12h55.58.300,mathesisv2,2024.1.3,Win32,60.0240096,,,,,,,,,,,,,,,,,e,,,,,,,,,,,,,,,,,,,,,,,,,,,,,,,,,,,,,,,,,,,,,,,,,,,,,,,,,,,,,,,670.285,671.602,e,1.301,,1,2,9,1,1,stimuliTAFCfirst/nimnym002.wav,,,,,,,,,,,,,
,,,,,50,001,2024-06-06_12h55.58.300,mathesisv2,2024.1.3,Win32,60.0240096,,,,,,,,,,,,,,,,,y,,,,,,,,,,,,,,,,,,,,,,,,,,,,,,,,,,,,,,,,,,,,,,,,,,,,,,,,,,,,,,,671.607,673.084,y,1.463,,1,3,10,6,1,stimuliTAFCfirst/nimnym007.wav,,,,,,,,,,,,,
,,,,,50,001,2024-06-06_12h55.58.300,mathesisv2,2024.1.3,Win32,60.0240096,,,,,,,,,,,,,,,,,y,,,,,,,,,,,,,,,,,,,,,,,,,,,,,,,,,,,,,,,,,,,,,,,,,,,,,,,,,,,,,,,673.085,674.267,y,1.166,,1,4,11,4,1,stimuliTAFCfirst/nimnym005.wav,,,,,,,,,,,,,
,,,,,50,001,2024-06-06_12h55.58.300,mathesisv2,2024.1.3,Win32,60.0240096,,,,,,,,,,,,,,,,,e,,,,,,,,,,,,,,,,,,,,,,,,,,,,,,,,,,,,,,,,,,,,,,,,,,,,,,,,,,,,,,,674.268,675.601,e,1.317,,1,5,12,2,1,stimuliTAFCfirst/nimnym003.wav,,,,,,,,,,,,,
,,,,,50,001,2024-06-06_12h55.58.300,mathesisv2,2024.1.3,Win32,60.0240096,,,,,,,,,,,,,,,,,y,,,,,,,,,,,,,,,,,,,,,,,,,,,,,,,,,,,,,,,,,,,,,,,,,,,,,,,,,,,,,,,675.602,677.049,y,1.441,,1,6,13,5,1,stimuliTAFCfirst/nimnym006.wav,,,,,,,,,,,,,
,,,,,50,001,2024-06-06_12h55.58.300,mathesisv2,2024.1.3,Win32,60.0240096,,,,,,,,,,,,,,,,,u,677.05,679.983,space,2.916,,,,,,,,,,,,,,,,,,,,,,,,,,,,,,,,,,,,,,,,,,,,,,,,,,,,,,,,,,,,,,,,,,,,,,680.002,681.365,u,1.351,,0,0,0,1,1,stimuliTAFCsec/numnym002.wav,,
,,,,,50,001,2024-06-06_12h55.58.300,mathesisv2,2024.1.3,Win32,60.0240096,,,,,,,,,,,,,,,,,y,,,,,,,,,,,,,,,,,,,,,,,,,,,,,,,,,,,,,,,,,,,,,,,,,,,,,,,,,,,,,,,,,,,,,,,,,,681.366,682.748,y,1.367,,0,1,1,4,1,stimuliTAFCsec/numnym005.wav,,
,,,,,50,001,2024-06-06_12h55.58.300,mathesisv2,2024.1.3,Win32,60.0240096,,,,,,,,,,,,,,,,,x,,,,,,,,,,,,,,,,,,,,,,,,,,,,,,,,,,,,,,,,,,,,,,,,,,,,,,,,,,,,,,,,,,,,,,,,,,682.748,684.015,y,1.255,,0,2,2,3,1,stimuliTAFCsec/numnym004.wav,,
,,,,,50,001,2024-06-06_12h55.58.300,mathesisv2,2024.1.3,Win32,60.0240096,,,,,,,,,,,,,,,,,y,,,,,,,,,,,,,,,,,,,,,,,,,,,,,,,,,,,,,,,,,,,,,,,,,,,,,,,,,,,,,,,,,,,,,,,,,,684.015,685.547,y,1.522,,0,3,3,6,1,stimuliTAFCsec/numnym007.wav,,
,,,,,50,001,2024-06-06_12h55.58.300,mathesisv2,2024.1.3,Win32,60.0240096,,,,,,,,,,,,,,,,,u,,,,,,,,,,,,,,,,,,,,,,,,,,,,,,,,,,,,,,,,,,,,,,,,,,,,,,,,,,,,,,,,,,,,,,,,,,685.548,687.198,u,1.635,,0,4,4,2,1,stimuliTAFCsec/numnym003.wav,,
,,,,,50,001,2024-06-06_12h55.58.300,mathesisv2,2024.1.3,Win32,60.0240096,,,,,,,,,,,,,,,,,y,,,,,,,,,,,,,,,,,,,,,,,,,,,,,,,,,,,,,,,,,,,,,,,,,,,,,,,,,,,,,,,,,,,,,,,,,,687.199,688.747,y,1.532,,0,5,5,5,1,stimuliTAFCsec/numnym006.wav,,
,,,,,50,001,2024-06-06_12h55.58.300,mathesisv2,2024.1.3,Win32,60.0240096,,,,,,,,,,,,,,,,,u,,,,,,,,,,,,,,,,,,,,,,,,,,,,,,,,,,,,,,,,,,,,,,,,,,,,,,,,,,,,,,,,,,,,,,,,,,688.748,690.197,u,1.434,,0,6,6,0,1,stimuliTAFCsec/numnym001.wav,,
,,,,,50,001,2024-06-06_12h55.58.300,mathesisv2,2024.1.3,Win32,60.0240096,,,,,,,,,,,,,,,,,y,,,,,,,,,,,,,,,,,,,,,,,,,,,,,,,,,,,,,,,,,,,,,,,,,,,,,,,,,,,,,,,,,,,,,,,,,,690.198,691.613,y,1.402,,1,0,7,6,1,stimuliTAFCsec/numnym007.wav,,
,,,,,50,001,2024-06-06_12h55.58.300,mathesisv2,2024.1.3,Win32,60.0240096,,,,,,,,,,,,,,,,,u,,,,,,,,,,,,,,,,,,,,,,,,,,,,,,,,,,,,,,,,,,,,,,,,,,,,,,,,,,,,,,,,,,,,,,,,,,691.613,693.063,u,1.441,,1,1,8,1,1,stimuliTAFCsec/numnym002.wav,,
,,,,,50,001,2024-06-06_12h55.58.300,mathesisv2,2024.1.3,Win32,60.0240096,,,,,,,,,,,,,,,,,u,,,,,,,,,,,,,,,,,,,,,,,,,,,,,,,,,,,,,,,,,,,,,,,,,,,,,,,,,,,,,,,,,,,,,,,,,,693.065,694.579,u,1.5,,1,2,9,0,1,stimuliTAFCsec/numnym001.wav,,
,,,,,50,001,2024-06-06_12h55.58.300,mathesisv2,2024.1.3,Win32,60.0240096,,,,,,,,,,,,,,,,,u,,,,,,,,,,,,,,,,,,,,,,,,,,,,,,,,,,,,,,,,,,,,,,,,,,,,,,,,,,,,,,,,,,,,,,,,,,694.58,695.695,u,1.102,,1,3,10,2,1,stimuliTAFCsec/numnym003.wav,,
,,,,,50,001,2024-06-06_12h55.58.300,mathesisv2,2024.1.3,Win32,60.0240096,,,,,,,,,,,,,,,,,y,,,,,,,,,,,,,,,,,,,,,,,,,,,,,,,,,,,,,,,,,,,,,,,,,,,,,,,,,,,,,,,,,,,,,,,,,,695.696,697.144,y,1.433,,1,4,11,4,1,stimuliTAFCsec/numnym005.wav,,
,,,,,50,001,2024-06-06_12h55.58.300,mathesisv2,2024.1.3,Win32,60.0240096,,,,,,,,,,,,,,,,,y,,,,,,,,,,,,,,,,,,,,,,,,,,,,,,,,,,,,,,,,,,,,,,,,,,,,,,,,,,,,,,,,,,,,,,,,,,697.145,698.428,y,1.269,,1,5,12,5,1,stimuliTAFCsec/numnym006.wav,,
,,,,,50,001,2024-06-06_12h55.58.300,mathesisv2,2024.1.3,Win32,60.0240096,,,,,,,,,,,,,,,,,x,,,,,,,,,,,,,,,,,,,,,,,,,,,,,,,,,,,,,,,,,,,,,,,,,,,,,,,,,,,,,,,,,,,,,,,,,,698.428,699.611,y,1.167,,1,6,13,3,1,stimuliTAFCsec/numnym004.wav,,
,,,,,50,001,2024-06-06_12h55.58.300,mathesisv2,2024.1.3,Win32,60.0240096,,,,,,,,,,,,,,,,,,,,,,,,,,,,,,,,,,,,,,,,,,,699.611,702.011,space,2.385,,,,,,,,,,,,,,,,,,,,,,,,,,,,,,,,,,,,,,,,,,,,,,,,,,,,,,,,702.011,707.01
