﻿start.started,start.stopped,startkey_resp.keys,startkey_resp.rt,startkey_resp.duration,participant,session,date,expName,psychopyVersion,OS,frameRate,attention.started,attention.stopped,key_resp.keys,key_resp.rt,key_resp.duration,stimuliAXBmix.started,stimuliAXBmix.stopped,stimuliAXBkey_resp.keys,stimuliAXBkey_resp.rt,stimuliAXBkey_resp.duration,stimuliAXBtesttrials.thisRepN,stimuliAXBtesttrials.thisTrialN,stimuliAXBtesttrials.thisN,stimuliAXBtesttrials.thisIndex,stimuliAXBtesttrials.ran,stimuliAXBmix,Correct,attentionsecond.started,attentionsecond.stopped,attentionsecondkey_resp.keys,attentionsecondkey_resp.rt,attentionsecondkey_resp.duration,instAXBreal.started,instAXBreal.stopped,instAXBrealkey_resp.keys,instAXBrealkey_resp.rt,instAXBrealkey_resp.duration,stimuliAXBmixfirst.thisRepN,stimuliAXBmixfirst.thisTrialN,stimuliAXBmixfirst.thisN,stimuliAXBmixfirst.thisIndex,stimuliAXBmixfirst.ran,attentionfirst.started,attentionfirst.stopped,attentionfirstkey_resp.keys,attentionfirstkey_resp.rt,attentionfirstkey_resp.duration,stimuliAXbmixsec.thisRepN,stimuliAXbmixsec.thisTrialN,stimuliAXbmixsec.thisN,stimuliAXbmixsec.thisIndex,stimuliAXbmixsec.ran,kaffeepause.started,kaffeepause.stopped,kaffeepausekey_resp.keys,kaffeepausekey_resp.rt,kaffeepausekey_resp.duration,instTAFCtest.started,instTAFCtest.stopped,instTAFCtestkey_resp.keys,instTAFCtestkey_resp.rt,instTAFCtestkey_resp.duration,testTAFCmixfirst.started,testTAFCmixfirst.stopped,testTAFCmixfirstkey_resp.keys,testTAFCmixfirstkey_resp.rt,testTAFCmixfirstkey_resp.duration,testTAFCmixfirsttrials.thisRepN,testTAFCmixfirsttrials.thisTrialN,testTAFCmixfirsttrials.thisN,testTAFCmixfirsttrials.thisIndex,testTAFCmixfirsttrials.ran,testTAFCmixfirst,testTAFCmixsec.started,testTAFCmixsec.stopped,testTAFCmixseckey_resp.keys,testTAFCmixseckey_resp.rt,testTAFCmixseckey_resp.duration,testTAFCmixsectrials.thisRepN,testTAFCmixsectrials.thisTrialN,testTAFCmixsectrials.thisN,testTAFCmixsectrials.thisIndex,testTAFCmixsectrials.ran,testTAFCmixsec,instTAFCreal.started,instTAFCreal.stopped,instTAFCrealkey_resp.keys,instTAFCrealkey_resp.rt,instTAFCrealkey_resp.duration,stimuliTAFCfirst.started,stimuliTAFCfirst.stopped,stimuliTAFCfirstkey_resp.keys,stimuliTAFCfirstkey_resp.rt,stimuliTAFCfirstkey_resp.duration,stimuliTAFCfirsttrials.thisRepN,stimuliTAFCfirsttrials.thisTrialN,stimuliTAFCfirsttrials.thisN,stimuliTAFCfirsttrials.thisIndex,stimuliTAFCfirsttrials.ran,stimuliTAFCfirst,stimuliTAFCsec.started,stimuliTAFCsec.stopped,stimuliTAFCseckey_resp.keys,stimuliTAFCseckey_resp.rt,stimuliTAFCseckey_resp.duration,stimuliTAFCsectrials.thisRepN,stimuliTAFCsectrials.thisTrialN,stimuliTAFCsectrials.thisN,stimuliTAFCsectrials.thisIndex,stimuliTAFCsectrials.ran,stimuliTAFCsec,end.started,end.stopped
0,23.863,space,23.83,,66534629aeb03f1625e20710,001,2024-05-27_10h35.33.581,mathesisv2,2024.1.3,Win32,165.0165017,,,,,,,,,,,,,,,,,,,,,,,,,,,,,,,,,,,,,,,,,,,,,,,,,,,,,,,,,,,,,,,,,,,,,,,,,,,,,,,,,,,,,,,,,,,,,,,,,,,,,,,
,,,,,66534629aeb03f1625e20710,001,2024-05-27_10h35.33.581,mathesisv2,2024.1.3,Win32,165.0165017,23.863,30.771,space,6.886,,,,,,,,,,,,,,,,,,,,,,,,,,,,,,,,,,,,,,,,,,,,,,,,,,,,,,,,,,,,,,,,,,,,,,,,,,,,,,,,,,,,,,,,,,,,,,,,,,,
,,,,,66534629aeb03f1625e20710,001,2024-05-27_10h35.33.581,mathesisv2,2024.1.3,Win32,165.0165017,,,,,,30.783,40.661,l,9.864,,0,0,0,1,1,stimuliAXBmix/iyystimulus.wav,f,,,,,,,,,,,,,,,,,,,,,,,,,,,,,,,,,,,,,,,,,,,,,,,,,,,,,,,,,,,,,,,,,,,,,,,,,,,,,,,,,,,,,,
,,,,,66534629aeb03f1625e20710,001,2024-05-27_10h35.33.581,mathesisv2,2024.1.3,Win32,165.0165017,,,,,,40.662,48.267,l,7.6,,0,1,1,0,1,stimuliAXBmix/iiystimulus.wav,l,,,,,,,,,,,,,,,,,,,,,,,,,,,,,,,,,,,,,,,,,,,,,,,,,,,,,,,,,,,,,,,,,,,,,,,,,,,,,,,,,,,,,,
,,,,,66534629aeb03f1625e20710,001,2024-05-27_10h35.33.581,mathesisv2,2024.1.3,Win32,165.0165017,,,,,,48.268,53.545,f,5.272,,0,2,2,2,1,stimuliAXBmix/yuustimulus.wav,f,,,,,,,,,,,,,,,,,,,,,,,,,,,,,,,,,,,,,,,,,,,,,,,,,,,,,,,,,,,,,,,,,,,,,,,,,,,,,,,,,,,,,,
,,,,,66534629aeb03f1625e20710,001,2024-05-27_10h35.33.581,mathesisv2,2024.1.3,Win32,165.0165017,,,,,,53.545,57.951,l,4.399,,0,3,3,3,1,stimuliAXBmix/yyustimulus.wav,l,,,,,,,,,,,,,,,,,,,,,,,,,,,,,,,,,,,,,,,,,,,,,,,,,,,,,,,,,,,,,,,,,,,,,,,,,,,,,,,,,,,,,,
,,,,,66534629aeb03f1625e20710,001,2024-05-27_10h35.33.581,mathesisv2,2024.1.3,Win32,165.0165017,,,,,,,,,,,,,,,,,,57.951,60.231,space,2.264,,,,,,,,,,,,,,,,,,,,,,,,,,,,,,,,,,,,,,,,,,,,,,,,,,,,,,,,,,,,,,,,,,,,,,,,,,,,,,,,,,
,,,,,66534629aeb03f1625e20710,001,2024-05-27_10h35.33.581,mathesisv2,2024.1.3,Win32,165.0165017,,,,,,,,,,,,,,,,,,,,,,,60.231,92.677,space,32.427,,,,,,,,,,,,,,,,,,,,,,,,,,,,,,,,,,,,,,,,,,,,,,,,,,,,,,,,,,,,,,,,,,,,,,,,,,,,,
,,,,,66534629aeb03f1625e20710,001,2024-05-27_10h35.33.581,mathesisv2,2024.1.3,Win32,165.0165017,,,,,,92.691,97.088,l,4.388,,,,,,,stimuliAXBmix/iiystimulus.wav,l,,,,,,,,,,,0,0,0,0,1,,,,,,,,,,,,,,,,,,,,,,,,,,,,,,,,,,,,,,,,,,,,,,,,,,,,,,,,,,,,,,,,,,,,,,,
,,,,,66534629aeb03f1625e20710,001,2024-05-27_10h35.33.581,mathesisv2,2024.1.3,Win32,165.0165017,,,,,,97.09,100.767,l,3.671,,,,,,,stimuliAXBmix/yyustimulus.wav,l,,,,,,,,,,,0,1,1,3,1,,,,,,,,,,,,,,,,,,,,,,,,,,,,,,,,,,,,,,,,,,,,,,,,,,,,,,,,,,,,,,,,,,,,,,,
,,,,,66534629aeb03f1625e20710,001,2024-05-27_10h35.33.581,mathesisv2,2024.1.3,Win32,165.0165017,,,,,,100.767,104.742,f,3.969,,,,,,,stimuliAXBmix/iyystimulus.wav,f,,,,,,,,,,,0,2,2,1,1,,,,,,,,,,,,,,,,,,,,,,,,,,,,,,,,,,,,,,,,,,,,,,,,,,,,,,,,,,,,,,,,,,,,,,,
,,,,,66534629aeb03f1625e20710,001,2024-05-27_10h35.33.581,mathesisv2,2024.1.3,Win32,165.0165017,,,,,,104.743,108.802,f,4.054,,,,,,,stimuliAXBmix/yuustimulus.wav,f,,,,,,,,,,,0,3,3,2,1,,,,,,,,,,,,,,,,,,,,,,,,,,,,,,,,,,,,,,,,,,,,,,,,,,,,,,,,,,,,,,,,,,,,,,,
,,,,,66534629aeb03f1625e20710,001,2024-05-27_10h35.33.581,mathesisv2,2024.1.3,Win32,165.0165017,,,,,,108.803,112.954,f,4.145,,,,,,,stimuliAXBmix/iyystimulus.wav,f,,,,,,,,,,,1,0,4,1,1,,,,,,,,,,,,,,,,,,,,,,,,,,,,,,,,,,,,,,,,,,,,,,,,,,,,,,,,,,,,,,,,,,,,,,,
,,,,,66534629aeb03f1625e20710,001,2024-05-27_10h35.33.581,mathesisv2,2024.1.3,Win32,165.0165017,,,,,,112.955,116.814,f,3.854,,,,,,,stimuliAXBmix/yuustimulus.wav,f,,,,,,,,,,,1,1,5,2,1,,,,,,,,,,,,,,,,,,,,,,,,,,,,,,,,,,,,,,,,,,,,,,,,,,,,,,,,,,,,,,,,,,,,,,,
,,,,,66534629aeb03f1625e20710,001,2024-05-27_10h35.33.581,mathesisv2,2024.1.3,Win32,165.0165017,,,,,,116.815,120.796,l,3.974,,,,,,,stimuliAXBmix/iiystimulus.wav,l,,,,,,,,,,,1,2,6,0,1,,,,,,,,,,,,,,,,,,,,,,,,,,,,,,,,,,,,,,,,,,,,,,,,,,,,,,,,,,,,,,,,,,,,,,,
,,,,,66534629aeb03f1625e20710,001,2024-05-27_10h35.33.581,mathesisv2,2024.1.3,Win32,165.0165017,,,,,,120.798,124.923,l,4.122,,,,,,,stimuliAXBmix/yyustimulus.wav,l,,,,,,,,,,,1,3,7,3,1,,,,,,,,,,,,,,,,,,,,,,,,,,,,,,,,,,,,,,,,,,,,,,,,,,,,,,,,,,,,,,,,,,,,,,,
,,,,,66534629aeb03f1625e20710,001,2024-05-27_10h35.33.581,mathesisv2,2024.1.3,Win32,165.0165017,,,,,,124.923,129.801,f,4.874,,,,,,,stimuliAXBmix/yuustimulus.wav,f,,,,,,,,,,,2,0,8,2,1,,,,,,,,,,,,,,,,,,,,,,,,,,,,,,,,,,,,,,,,,,,,,,,,,,,,,,,,,,,,,,,,,,,,,,,
,,,,,66534629aeb03f1625e20710,001,2024-05-27_10h35.33.581,mathesisv2,2024.1.3,Win32,165.0165017,,,,,,129.802,134.207,l,4.4,,,,,,,stimuliAXBmix/iiystimulus.wav,l,,,,,,,,,,,2,1,9,0,1,,,,,,,,,,,,,,,,,,,,,,,,,,,,,,,,,,,,,,,,,,,,,,,,,,,,,,,,,,,,,,,,,,,,,,,
,,,,,66534629aeb03f1625e20710,001,2024-05-27_10h35.33.581,mathesisv2,2024.1.3,Win32,165.0165017,,,,,,134.208,138.631,f,4.418,,,,,,,stimuliAXBmix/iyystimulus.wav,f,,,,,,,,,,,2,2,10,1,1,,,,,,,,,,,,,,,,,,,,,,,,,,,,,,,,,,,,,,,,,,,,,,,,,,,,,,,,,,,,,,,,,,,,,,,
,,,,,66534629aeb03f1625e20710,001,2024-05-27_10h35.33.581,mathesisv2,2024.1.3,Win32,165.0165017,,,,,,138.632,142.94,l,4.303,,,,,,,stimuliAXBmix/yyustimulus.wav,l,,,,,,,,,,,2,3,11,3,1,,,,,,,,,,,,,,,,,,,,,,,,,,,,,,,,,,,,,,,,,,,,,,,,,,,,,,,,,,,,,,,,,,,,,,,
,,,,,66534629aeb03f1625e20710,001,2024-05-27_10h35.33.581,mathesisv2,2024.1.3,Win32,165.0165017,,,,,,145.305,149.176,l,3.867,,,,,,,stimuliAXBmix/yyustimulus.wav,l,,,,,,,,,,,,,,,,142.94,145.298,return,2.345,,0,0,0,3,1,,,,,,,,,,,,,,,,,,,,,,,,,,,,,,,,,,,,,,,,,,,,,,,,,,,,,,,,,,,,,
,,,,,66534629aeb03f1625e20710,001,2024-05-27_10h35.33.581,mathesisv2,2024.1.3,Win32,165.0165017,,,,,,149.177,152.874,f,3.689,,,,,,,stimuliAXBmix/yuustimulus.wav,f,,,,,,,,,,,,,,,,,,,,,0,1,1,2,1,,,,,,,,,,,,,,,,,,,,,,,,,,,,,,,,,,,,,,,,,,,,,,,,,,,,,,,,,,,,,
,,,,,66534629aeb03f1625e20710,001,2024-05-27_10h35.33.581,mathesisv2,2024.1.3,Win32,165.0165017,,,,,,152.876,156.648,f,3.768,,,,,,,stimuliAXBmix/iyystimulus.wav,f,,,,,,,,,,,,,,,,,,,,,0,2,2,1,1,,,,,,,,,,,,,,,,,,,,,,,,,,,,,,,,,,,,,,,,,,,,,,,,,,,,,,,,,,,,,
,,,,,66534629aeb03f1625e20710,001,2024-05-27_10h35.33.581,mathesisv2,2024.1.3,Win32,165.0165017,,,,,,156.648,160.679,l,4.025,,,,,,,stimuliAXBmix/iiystimulus.wav,l,,,,,,,,,,,,,,,,,,,,,0,3,3,0,1,,,,,,,,,,,,,,,,,,,,,,,,,,,,,,,,,,,,,,,,,,,,,,,,,,,,,,,,,,,,,
,,,,,66534629aeb03f1625e20710,001,2024-05-27_10h35.33.581,mathesisv2,2024.1.3,Win32,165.0165017,,,,,,160.679,164.72,f,4.038,,,,,,,stimuliAXBmix/yuustimulus.wav,f,,,,,,,,,,,,,,,,,,,,,1,0,4,2,1,,,,,,,,,,,,,,,,,,,,,,,,,,,,,,,,,,,,,,,,,,,,,,,,,,,,,,,,,,,,,
,,,,,66534629aeb03f1625e20710,001,2024-05-27_10h35.33.581,mathesisv2,2024.1.3,Win32,165.0165017,,,,,,164.721,168.702,l,3.977,,,,,,,stimuliAXBmix/yyustimulus.wav,l,,,,,,,,,,,,,,,,,,,,,1,1,5,3,1,,,,,,,,,,,,,,,,,,,,,,,,,,,,,,,,,,,,,,,,,,,,,,,,,,,,,,,,,,,,,
,,,,,66534629aeb03f1625e20710,001,2024-05-27_10h35.33.581,mathesisv2,2024.1.3,Win32,165.0165017,,,,,,168.702,172.962,l,4.254,,,,,,,stimuliAXBmix/iiystimulus.wav,l,,,,,,,,,,,,,,,,,,,,,1,2,6,0,1,,,,,,,,,,,,,,,,,,,,,,,,,,,,,,,,,,,,,,,,,,,,,,,,,,,,,,,,,,,,,
,,,,,66534629aeb03f1625e20710,001,2024-05-27_10h35.33.581,mathesisv2,2024.1.3,Win32,165.0165017,,,,,,172.962,177.35,f,4.382,,,,,,,stimuliAXBmix/iyystimulus.wav,f,,,,,,,,,,,,,,,,,,,,,1,3,7,1,1,,,,,,,,,,,,,,,,,,,,,,,,,,,,,,,,,,,,,,,,,,,,,,,,,,,,,,,,,,,,,
,,,,,66534629aeb03f1625e20710,001,2024-05-27_10h35.33.581,mathesisv2,2024.1.3,Win32,165.0165017,,,,,,192.992,196.761,l,3.765,,,,,,,stimuliAXBmix/yyustimulus.wav,l,,,,,,,,,,,0,0,0,3,1,,,,,,,,,,,177.35,192.98,space,15.615,,,,,,,,,,,,,,,,,,,,,,,,,,,,,,,,,,,,,,,,,,,,,,,,,,,,,,,,,
,,,,,66534629aeb03f1625e20710,001,2024-05-27_10h35.33.581,mathesisv2,2024.1.3,Win32,165.0165017,,,,,,196.762,200.676,l,3.908,,,,,,,stimuliAXBmix/iiystimulus.wav,l,,,,,,,,,,,0,1,1,0,1,,,,,,,,,,,,,,,,,,,,,,,,,,,,,,,,,,,,,,,,,,,,,,,,,,,,,,,,,,,,,,,,,,,,,,,
,,,,,66534629aeb03f1625e20710,001,2024-05-27_10h35.33.581,mathesisv2,2024.1.3,Win32,165.0165017,,,,,,200.677,204.785,f,4.101,,,,,,,stimuliAXBmix/iyystimulus.wav,f,,,,,,,,,,,0,2,2,1,1,,,,,,,,,,,,,,,,,,,,,,,,,,,,,,,,,,,,,,,,,,,,,,,,,,,,,,,,,,,,,,,,,,,,,,,
,,,,,66534629aeb03f1625e20710,001,2024-05-27_10h35.33.581,mathesisv2,2024.1.3,Win32,165.0165017,,,,,,204.785,208.639,f,3.849,,,,,,,stimuliAXBmix/yuustimulus.wav,f,,,,,,,,,,,0,3,3,2,1,,,,,,,,,,,,,,,,,,,,,,,,,,,,,,,,,,,,,,,,,,,,,,,,,,,,,,,,,,,,,,,,,,,,,,,
,,,,,66534629aeb03f1625e20710,001,2024-05-27_10h35.33.581,mathesisv2,2024.1.3,Win32,165.0165017,,,,,,208.64,212.614,l,3.97,,,,,,,stimuliAXBmix/iiystimulus.wav,l,,,,,,,,,,,1,0,4,0,1,,,,,,,,,,,,,,,,,,,,,,,,,,,,,,,,,,,,,,,,,,,,,,,,,,,,,,,,,,,,,,,,,,,,,,,
,,,,,66534629aeb03f1625e20710,001,2024-05-27_10h35.33.581,mathesisv2,2024.1.3,Win32,165.0165017,,,,,,212.614,216.851,f,4.231,,,,,,,stimuliAXBmix/yuustimulus.wav,f,,,,,,,,,,,1,1,5,2,1,,,,,,,,,,,,,,,,,,,,,,,,,,,,,,,,,,,,,,,,,,,,,,,,,,,,,,,,,,,,,,,,,,,,,,,
,,,,,66534629aeb03f1625e20710,001,2024-05-27_10h35.33.581,mathesisv2,2024.1.3,Win32,165.0165017,,,,,,216.853,220.905,l,4.046,,,,,,,stimuliAXBmix/yyustimulus.wav,l,,,,,,,,,,,1,2,6,3,1,,,,,,,,,,,,,,,,,,,,,,,,,,,,,,,,,,,,,,,,,,,,,,,,,,,,,,,,,,,,,,,,,,,,,,,
,,,,,66534629aeb03f1625e20710,001,2024-05-27_10h35.33.581,mathesisv2,2024.1.3,Win32,165.0165017,,,,,,220.905,225.02,f,4.11,,,,,,,stimuliAXBmix/iyystimulus.wav,f,,,,,,,,,,,1,3,7,1,1,,,,,,,,,,,,,,,,,,,,,,,,,,,,,,,,,,,,,,,,,,,,,,,,,,,,,,,,,,,,,,,,,,,,,,,
,,,,,66534629aeb03f1625e20710,001,2024-05-27_10h35.33.581,mathesisv2,2024.1.3,Win32,165.0165017,,,,,,225.021,229.068,l,4.044,,,,,,,stimuliAXBmix/yyustimulus.wav,l,,,,,,,,,,,2,0,8,3,1,,,,,,,,,,,,,,,,,,,,,,,,,,,,,,,,,,,,,,,,,,,,,,,,,,,,,,,,,,,,,,,,,,,,,,,
,,,,,66534629aeb03f1625e20710,001,2024-05-27_10h35.33.581,mathesisv2,2024.1.3,Win32,165.0165017,,,,,,229.069,232.988,f,3.915,,,,,,,stimuliAXBmix/yuustimulus.wav,f,,,,,,,,,,,2,1,9,2,1,,,,,,,,,,,,,,,,,,,,,,,,,,,,,,,,,,,,,,,,,,,,,,,,,,,,,,,,,,,,,,,,,,,,,,,
,,,,,66534629aeb03f1625e20710,001,2024-05-27_10h35.33.581,mathesisv2,2024.1.3,Win32,165.0165017,,,,,,232.989,237.128,f,4.134,,,,,,,stimuliAXBmix/iyystimulus.wav,f,,,,,,,,,,,2,2,10,1,1,,,,,,,,,,,,,,,,,,,,,,,,,,,,,,,,,,,,,,,,,,,,,,,,,,,,,,,,,,,,,,,,,,,,,,,
,,,,,66534629aeb03f1625e20710,001,2024-05-27_10h35.33.581,mathesisv2,2024.1.3,Win32,165.0165017,,,,,,237.129,241.213,l,4.079,,,,,,,stimuliAXBmix/iiystimulus.wav,l,,,,,,,,,,,2,3,11,0,1,,,,,,,,,,,,,,,,,,,,,,,,,,,,,,,,,,,,,,,,,,,,,,,,,,,,,,,,,,,,,,,,,,,,,,,
,,,,,66534629aeb03f1625e20710,001,2024-05-27_10h35.33.581,mathesisv2,2024.1.3,Win32,165.0165017,,,,,,243.002,246.824,l,3.818,,,,,,,stimuliAXBmix/iiystimulus.wav,l,,,,,,,,,,,,,,,,241.213,242.994,return,1.77,,0,0,0,0,1,,,,,,,,,,,,,,,,,,,,,,,,,,,,,,,,,,,,,,,,,,,,,,,,,,,,,,,,,,,,,
,,,,,66534629aeb03f1625e20710,001,2024-05-27_10h35.33.581,mathesisv2,2024.1.3,Win32,165.0165017,,,,,,246.825,250.468,f,3.636,,,,,,,stimuliAXBmix/yuustimulus.wav,f,,,,,,,,,,,,,,,,,,,,,0,1,1,2,1,,,,,,,,,,,,,,,,,,,,,,,,,,,,,,,,,,,,,,,,,,,,,,,,,,,,,,,,,,,,,
,,,,,66534629aeb03f1625e20710,001,2024-05-27_10h35.33.581,mathesisv2,2024.1.3,Win32,165.0165017,,,,,,250.469,254.29,l,3.816,,,,,,,stimuliAXBmix/yyustimulus.wav,l,,,,,,,,,,,,,,,,,,,,,0,2,2,3,1,,,,,,,,,,,,,,,,,,,,,,,,,,,,,,,,,,,,,,,,,,,,,,,,,,,,,,,,,,,,,
,,,,,66534629aeb03f1625e20710,001,2024-05-27_10h35.33.581,mathesisv2,2024.1.3,Win32,165.0165017,,,,,,254.291,258.181,f,3.883,,,,,,,stimuliAXBmix/iyystimulus.wav,f,,,,,,,,,,,,,,,,,,,,,0,3,3,1,1,,,,,,,,,,,,,,,,,,,,,,,,,,,,,,,,,,,,,,,,,,,,,,,,,,,,,,,,,,,,,
,,,,,66534629aeb03f1625e20710,001,2024-05-27_10h35.33.581,mathesisv2,2024.1.3,Win32,165.0165017,,,,,,258.182,261.993,l,3.806,,,,,,,stimuliAXBmix/iiystimulus.wav,l,,,,,,,,,,,,,,,,,,,,,1,0,4,0,1,,,,,,,,,,,,,,,,,,,,,,,,,,,,,,,,,,,,,,,,,,,,,,,,,,,,,,,,,,,,,
,,,,,66534629aeb03f1625e20710,001,2024-05-27_10h35.33.581,mathesisv2,2024.1.3,Win32,165.0165017,,,,,,261.994,265.819,f,3.819,,,,,,,stimuliAXBmix/iyystimulus.wav,f,,,,,,,,,,,,,,,,,,,,,1,1,5,1,1,,,,,,,,,,,,,,,,,,,,,,,,,,,,,,,,,,,,,,,,,,,,,,,,,,,,,,,,,,,,,
,,,,,66534629aeb03f1625e20710,001,2024-05-27_10h35.33.581,mathesisv2,2024.1.3,Win32,165.0165017,,,,,,265.819,269.926,f,4.102,,,,,,,stimuliAXBmix/yuustimulus.wav,f,,,,,,,,,,,,,,,,,,,,,1,2,6,2,1,,,,,,,,,,,,,,,,,,,,,,,,,,,,,,,,,,,,,,,,,,,,,,,,,,,,,,,,,,,,,
,,,,,66534629aeb03f1625e20710,001,2024-05-27_10h35.33.581,mathesisv2,2024.1.3,Win32,165.0165017,,,,,,269.927,273.817,l,3.884,,,,,,,stimuliAXBmix/yyustimulus.wav,l,,,,,,,,,,,,,,,,,,,,,1,3,7,3,1,,,,,,,,,,,,,,,,,,,,,,,,,,,,,,,,,,,,,,,,,,,,,,,,,,,,,,,,,,,,,
,,,,,66534629aeb03f1625e20710,001,2024-05-27_10h35.33.581,mathesisv2,2024.1.3,Win32,165.0165017,,,,,,291.457,295.288,f,3.825,,,,,,,stimuliAXBmix/yuustimulus.wav,f,,,,,,,,,,,0,0,0,2,1,,,,,,,,,,,273.817,291.446,space,17.62,,,,,,,,,,,,,,,,,,,,,,,,,,,,,,,,,,,,,,,,,,,,,,,,,,,,,,,,,
,,,,,66534629aeb03f1625e20710,001,2024-05-27_10h35.33.581,mathesisv2,2024.1.3,Win32,165.0165017,,,,,,295.289,299.173,f,3.879,,,,,,,stimuliAXBmix/iyystimulus.wav,f,,,,,,,,,,,0,1,1,1,1,,,,,,,,,,,,,,,,,,,,,,,,,,,,,,,,,,,,,,,,,,,,,,,,,,,,,,,,,,,,,,,,,,,,,,,
,,,,,66534629aeb03f1625e20710,001,2024-05-27_10h35.33.581,mathesisv2,2024.1.3,Win32,165.0165017,,,,,,299.173,303.451,l,4.273,,,,,,,stimuliAXBmix/iiystimulus.wav,l,,,,,,,,,,,0,2,2,0,1,,,,,,,,,,,,,,,,,,,,,,,,,,,,,,,,,,,,,,,,,,,,,,,,,,,,,,,,,,,,,,,,,,,,,,,
,,,,,66534629aeb03f1625e20710,001,2024-05-27_10h35.33.581,mathesisv2,2024.1.3,Win32,165.0165017,,,,,,303.451,307.566,l,4.11,,,,,,,stimuliAXBmix/yyustimulus.wav,l,,,,,,,,,,,0,3,3,3,1,,,,,,,,,,,,,,,,,,,,,,,,,,,,,,,,,,,,,,,,,,,,,,,,,,,,,,,,,,,,,,,,,,,,,,,
,,,,,66534629aeb03f1625e20710,001,2024-05-27_10h35.33.581,mathesisv2,2024.1.3,Win32,165.0165017,,,,,,307.567,311.185,f,3.611,,,,,,,stimuliAXBmix/yuustimulus.wav,f,,,,,,,,,,,1,0,4,2,1,,,,,,,,,,,,,,,,,,,,,,,,,,,,,,,,,,,,,,,,,,,,,,,,,,,,,,,,,,,,,,,,,,,,,,,
,,,,,66534629aeb03f1625e20710,001,2024-05-27_10h35.33.581,mathesisv2,2024.1.3,Win32,165.0165017,,,,,,311.186,315.239,f,4.047,,,,,,,stimuliAXBmix/iyystimulus.wav,f,,,,,,,,,,,1,1,5,1,1,,,,,,,,,,,,,,,,,,,,,,,,,,,,,,,,,,,,,,,,,,,,,,,,,,,,,,,,,,,,,,,,,,,,,,,
,,,,,66534629aeb03f1625e20710,001,2024-05-27_10h35.33.581,mathesisv2,2024.1.3,Win32,165.0165017,,,,,,315.24,319.195,l,3.95,,,,,,,stimuliAXBmix/iiystimulus.wav,l,,,,,,,,,,,1,2,6,0,1,,,,,,,,,,,,,,,,,,,,,,,,,,,,,,,,,,,,,,,,,,,,,,,,,,,,,,,,,,,,,,,,,,,,,,,
,,,,,66534629aeb03f1625e20710,001,2024-05-27_10h35.33.581,mathesisv2,2024.1.3,Win32,165.0165017,,,,,,319.196,323.092,l,3.891,,,,,,,stimuliAXBmix/yyustimulus.wav,l,,,,,,,,,,,1,3,7,3,1,,,,,,,,,,,,,,,,,,,,,,,,,,,,,,,,,,,,,,,,,,,,,,,,,,,,,,,,,,,,,,,,,,,,,,,
,,,,,66534629aeb03f1625e20710,001,2024-05-27_10h35.33.581,mathesisv2,2024.1.3,Win32,165.0165017,,,,,,323.093,327.316,l,4.217,,,,,,,stimuliAXBmix/iiystimulus.wav,l,,,,,,,,,,,2,0,8,0,1,,,,,,,,,,,,,,,,,,,,,,,,,,,,,,,,,,,,,,,,,,,,,,,,,,,,,,,,,,,,,,,,,,,,,,,
,,,,,66534629aeb03f1625e20710,001,2024-05-27_10h35.33.581,mathesisv2,2024.1.3,Win32,165.0165017,,,,,,327.317,331.304,f,3.979,,,,,,,stimuliAXBmix/yuustimulus.wav,f,,,,,,,,,,,2,1,9,2,1,,,,,,,,,,,,,,,,,,,,,,,,,,,,,,,,,,,,,,,,,,,,,,,,,,,,,,,,,,,,,,,,,,,,,,,
,,,,,66534629aeb03f1625e20710,001,2024-05-27_10h35.33.581,mathesisv2,2024.1.3,Win32,165.0165017,,,,,,331.305,335.412,f,4.102,,,,,,,stimuliAXBmix/iyystimulus.wav,f,,,,,,,,,,,2,2,10,1,1,,,,,,,,,,,,,,,,,,,,,,,,,,,,,,,,,,,,,,,,,,,,,,,,,,,,,,,,,,,,,,,,,,,,,,,
,,,,,66534629aeb03f1625e20710,001,2024-05-27_10h35.33.581,mathesisv2,2024.1.3,Win32,165.0165017,,,,,,335.414,339.243,l,3.825,,,,,,,stimuliAXBmix/yyustimulus.wav,l,,,,,,,,,,,2,3,11,3,1,,,,,,,,,,,,,,,,,,,,,,,,,,,,,,,,,,,,,,,,,,,,,,,,,,,,,,,,,,,,,,,,,,,,,,,
,,,,,66534629aeb03f1625e20710,001,2024-05-27_10h35.33.581,mathesisv2,2024.1.3,Win32,165.0165017,,,,,,341.233,345.139,f,3.902,,,,,,,stimuliAXBmix/iyystimulus.wav,f,,,,,,,,,,,,,,,,339.243,341.225,return,1.972,,0,0,0,1,1,,,,,,,,,,,,,,,,,,,,,,,,,,,,,,,,,,,,,,,,,,,,,,,,,,,,,,,,,,,,,
,,,,,66534629aeb03f1625e20710,001,2024-05-27_10h35.33.581,mathesisv2,2024.1.3,Win32,165.0165017,,,,,,345.14,348.618,l,3.474,,,,,,,stimuliAXBmix/yyustimulus.wav,l,,,,,,,,,,,,,,,,,,,,,0,1,1,3,1,,,,,,,,,,,,,,,,,,,,,,,,,,,,,,,,,,,,,,,,,,,,,,,,,,,,,,,,,,,,,
,,,,,66534629aeb03f1625e20710,001,2024-05-27_10h35.33.581,mathesisv2,2024.1.3,Win32,165.0165017,,,,,,348.619,352.4,f,3.775,,,,,,,stimuliAXBmix/yuustimulus.wav,f,,,,,,,,,,,,,,,,,,,,,0,2,2,2,1,,,,,,,,,,,,,,,,,,,,,,,,,,,,,,,,,,,,,,,,,,,,,,,,,,,,,,,,,,,,,
,,,,,66534629aeb03f1625e20710,001,2024-05-27_10h35.33.581,mathesisv2,2024.1.3,Win32,165.0165017,,,,,,352.401,356.338,l,3.932,,,,,,,stimuliAXBmix/iiystimulus.wav,l,,,,,,,,,,,,,,,,,,,,,0,3,3,0,1,,,,,,,,,,,,,,,,,,,,,,,,,,,,,,,,,,,,,,,,,,,,,,,,,,,,,,,,,,,,,
,,,,,66534629aeb03f1625e20710,001,2024-05-27_10h35.33.581,mathesisv2,2024.1.3,Win32,165.0165017,,,,,,356.339,360.123,f,3.779,,,,,,,stimuliAXBmix/iyystimulus.wav,f,,,,,,,,,,,,,,,,,,,,,1,0,4,1,1,,,,,,,,,,,,,,,,,,,,,,,,,,,,,,,,,,,,,,,,,,,,,,,,,,,,,,,,,,,,,
,,,,,66534629aeb03f1625e20710,001,2024-05-27_10h35.33.581,mathesisv2,2024.1.3,Win32,165.0165017,,,,,,360.124,364.351,l,4.224,,,,,,,stimuliAXBmix/iiystimulus.wav,l,,,,,,,,,,,,,,,,,,,,,1,1,5,0,1,,,,,,,,,,,,,,,,,,,,,,,,,,,,,,,,,,,,,,,,,,,,,,,,,,,,,,,,,,,,,
,,,,,66534629aeb03f1625e20710,001,2024-05-27_10h35.33.581,mathesisv2,2024.1.3,Win32,165.0165017,,,,,,364.351,368.392,f,4.036,,,,,,,stimuliAXBmix/yuustimulus.wav,f,,,,,,,,,,,,,,,,,,,,,1,2,6,2,1,,,,,,,,,,,,,,,,,,,,,,,,,,,,,,,,,,,,,,,,,,,,,,,,,,,,,,,,,,,,,
,,,,,66534629aeb03f1625e20710,001,2024-05-27_10h35.33.581,mathesisv2,2024.1.3,Win32,165.0165017,,,,,,368.393,372.236,l,3.837,,,,,,,stimuliAXBmix/yyustimulus.wav,l,,,,,,,,,,,,,,,,,,,,,1,3,7,3,1,,,,,,,,,,,,,,,,,,,,,,,,,,,,,,,,,,,,,,,,,,,,,,,,,,,,,,,,,,,,,
,,,,,66534629aeb03f1625e20710,001,2024-05-27_10h35.33.581,mathesisv2,2024.1.3,Win32,165.0165017,,,,,,381.336,385.446,l,4.106,,,,,,,stimuliAXBmix/iiystimulus.wav,l,,,,,,,,,,,0,0,0,0,1,,,,,,,,,,,372.237,381.325,space,9.076,,,,,,,,,,,,,,,,,,,,,,,,,,,,,,,,,,,,,,,,,,,,,,,,,,,,,,,,,
,,,,,66534629aeb03f1625e20710,001,2024-05-27_10h35.33.581,mathesisv2,2024.1.3,Win32,165.0165017,,,,,,385.447,389.07,f,3.62,,,,,,,stimuliAXBmix/yuustimulus.wav,f,,,,,,,,,,,0,1,1,2,1,,,,,,,,,,,,,,,,,,,,,,,,,,,,,,,,,,,,,,,,,,,,,,,,,,,,,,,,,,,,,,,,,,,,,,,
,,,,,66534629aeb03f1625e20710,001,2024-05-27_10h35.33.581,mathesisv2,2024.1.3,Win32,165.0165017,,,,,,389.071,392.961,l,3.884,,,,,,,stimuliAXBmix/yyustimulus.wav,l,,,,,,,,,,,0,2,2,3,1,,,,,,,,,,,,,,,,,,,,,,,,,,,,,,,,,,,,,,,,,,,,,,,,,,,,,,,,,,,,,,,,,,,,,,,
,,,,,66534629aeb03f1625e20710,001,2024-05-27_10h35.33.581,mathesisv2,2024.1.3,Win32,165.0165017,,,,,,392.962,397.046,f,4.079,,,,,,,stimuliAXBmix/iyystimulus.wav,f,,,,,,,,,,,0,3,3,1,1,,,,,,,,,,,,,,,,,,,,,,,,,,,,,,,,,,,,,,,,,,,,,,,,,,,,,,,,,,,,,,,,,,,,,,,
,,,,,66534629aeb03f1625e20710,001,2024-05-27_10h35.33.581,mathesisv2,2024.1.3,Win32,165.0165017,,,,,,397.046,400.991,l,3.94,,,,,,,stimuliAXBmix/yyustimulus.wav,l,,,,,,,,,,,1,0,4,3,1,,,,,,,,,,,,,,,,,,,,,,,,,,,,,,,,,,,,,,,,,,,,,,,,,,,,,,,,,,,,,,,,,,,,,,,
,,,,,66534629aeb03f1625e20710,001,2024-05-27_10h35.33.581,mathesisv2,2024.1.3,Win32,165.0165017,,,,,,400.994,404.827,f,3.827,,,,,,,stimuliAXBmix/iyystimulus.wav,f,,,,,,,,,,,1,1,5,1,1,,,,,,,,,,,,,,,,,,,,,,,,,,,,,,,,,,,,,,,,,,,,,,,,,,,,,,,,,,,,,,,,,,,,,,,
,,,,,66534629aeb03f1625e20710,001,2024-05-27_10h35.33.581,mathesisv2,2024.1.3,Win32,165.0165017,,,,,,404.828,408.82,l,3.987,,,,,,,stimuliAXBmix/iiystimulus.wav,l,,,,,,,,,,,1,2,6,0,1,,,,,,,,,,,,,,,,,,,,,,,,,,,,,,,,,,,,,,,,,,,,,,,,,,,,,,,,,,,,,,,,,,,,,,,
,,,,,66534629aeb03f1625e20710,001,2024-05-27_10h35.33.581,mathesisv2,2024.1.3,Win32,165.0165017,,,,,,408.822,412.524,f,3.697,,,,,,,stimuliAXBmix/yuustimulus.wav,f,,,,,,,,,,,1,3,7,2,1,,,,,,,,,,,,,,,,,,,,,,,,,,,,,,,,,,,,,,,,,,,,,,,,,,,,,,,,,,,,,,,,,,,,,,,
,,,,,66534629aeb03f1625e20710,001,2024-05-27_10h35.33.581,mathesisv2,2024.1.3,Win32,165.0165017,,,,,,412.524,416.844,f,4.314,,,,,,,stimuliAXBmix/iyystimulus.wav,f,,,,,,,,,,,2,0,8,1,1,,,,,,,,,,,,,,,,,,,,,,,,,,,,,,,,,,,,,,,,,,,,,,,,,,,,,,,,,,,,,,,,,,,,,,,
,,,,,66534629aeb03f1625e20710,001,2024-05-27_10h35.33.581,mathesisv2,2024.1.3,Win32,165.0165017,,,,,,416.845,421.068,l,4.218,,,,,,,stimuliAXBmix/yyustimulus.wav,l,,,,,,,,,,,2,1,9,3,1,,,,,,,,,,,,,,,,,,,,,,,,,,,,,,,,,,,,,,,,,,,,,,,,,,,,,,,,,,,,,,,,,,,,,,,
,,,,,66534629aeb03f1625e20710,001,2024-05-27_10h35.33.581,mathesisv2,2024.1.3,Win32,165.0165017,,,,,,421.068,424.952,f,3.879,,,,,,,stimuliAXBmix/yuustimulus.wav,f,,,,,,,,,,,2,2,10,2,1,,,,,,,,,,,,,,,,,,,,,,,,,,,,,,,,,,,,,,,,,,,,,,,,,,,,,,,,,,,,,,,,,,,,,,,
,,,,,66534629aeb03f1625e20710,001,2024-05-27_10h35.33.581,mathesisv2,2024.1.3,Win32,165.0165017,,,,,,424.953,428.923,l,3.965,,,,,,,stimuliAXBmix/iiystimulus.wav,l,,,,,,,,,,,2,3,11,0,1,,,,,,,,,,,,,,,,,,,,,,,,,,,,,,,,,,,,,,,,,,,,,,,,,,,,,,,,,,,,,,,,,,,,,,,
,,,,,66534629aeb03f1625e20710,001,2024-05-27_10h35.33.581,mathesisv2,2024.1.3,Win32,165.0165017,,,,,,430.785,434.395,l,3.606,,,,,,,stimuliAXBmix/iiystimulus.wav,l,,,,,,,,,,,,,,,,428.923,430.777,return,1.842,,0,0,0,0,1,,,,,,,,,,,,,,,,,,,,,,,,,,,,,,,,,,,,,,,,,,,,,,,,,,,,,,,,,,,,,
,,,,,66534629aeb03f1625e20710,001,2024-05-27_10h35.33.581,mathesisv2,2024.1.3,Win32,165.0165017,,,,,,434.397,438.2,l,3.8,,,,,,,stimuliAXBmix/yyustimulus.wav,l,,,,,,,,,,,,,,,,,,,,,0,1,1,3,1,,,,,,,,,,,,,,,,,,,,,,,,,,,,,,,,,,,,,,,,,,,,,,,,,,,,,,,,,,,,,
,,,,,66534629aeb03f1625e20710,001,2024-05-27_10h35.33.581,mathesisv2,2024.1.3,Win32,165.0165017,,,,,,438.201,441.825,f,3.619,,,,,,,stimuliAXBmix/yuustimulus.wav,f,,,,,,,,,,,,,,,,,,,,,0,2,2,2,1,,,,,,,,,,,,,,,,,,,,,,,,,,,,,,,,,,,,,,,,,,,,,,,,,,,,,,,,,,,,,
,,,,,66534629aeb03f1625e20710,001,2024-05-27_10h35.33.581,mathesisv2,2024.1.3,Win32,165.0165017,,,,,,441.825,445.563,f,3.734,,,,,,,stimuliAXBmix/iyystimulus.wav,f,,,,,,,,,,,,,,,,,,,,,0,3,3,1,1,,,,,,,,,,,,,,,,,,,,,,,,,,,,,,,,,,,,,,,,,,,,,,,,,,,,,,,,,,,,,
,,,,,66534629aeb03f1625e20710,001,2024-05-27_10h35.33.581,mathesisv2,2024.1.3,Win32,165.0165017,,,,,,445.564,449.715,l,4.146,,,,,,,stimuliAXBmix/yyustimulus.wav,l,,,,,,,,,,,,,,,,,,,,,1,0,4,3,1,,,,,,,,,,,,,,,,,,,,,,,,,,,,,,,,,,,,,,,,,,,,,,,,,,,,,,,,,,,,,
,,,,,66534629aeb03f1625e20710,001,2024-05-27_10h35.33.581,mathesisv2,2024.1.3,Win32,165.0165017,,,,,,449.716,453.709,l,3.986,,,,,,,stimuliAXBmix/iiystimulus.wav,l,,,,,,,,,,,,,,,,,,,,,1,1,5,0,1,,,,,,,,,,,,,,,,,,,,,,,,,,,,,,,,,,,,,,,,,,,,,,,,,,,,,,,,,,,,,
,,,,,66534629aeb03f1625e20710,001,2024-05-27_10h35.33.581,mathesisv2,2024.1.3,Win32,165.0165017,,,,,,453.709,457.697,f,3.982,,,,,,,stimuliAXBmix/iyystimulus.wav,f,,,,,,,,,,,,,,,,,,,,,1,2,6,1,1,,,,,,,,,,,,,,,,,,,,,,,,,,,,,,,,,,,,,,,,,,,,,,,,,,,,,,,,,,,,,
,,,,,66534629aeb03f1625e20710,001,2024-05-27_10h35.33.581,mathesisv2,2024.1.3,Win32,165.0165017,,,,,,457.697,461.636,f,3.932,,,,,,,stimuliAXBmix/yuustimulus.wav,f,,,,,,,,,,,,,,,,,,,,,1,3,7,2,1,,,,,,,,,,,,,,,,,,,,,,,,,,,,,,,,,,,,,,,,,,,,,,,,,,,,,,,,,,,,,
,,,,,66534629aeb03f1625e20710,001,2024-05-27_10h35.33.581,mathesisv2,2024.1.3,Win32,165.0165017,,,,,,,,,,,,,,,,,,,,,,,,,,,,,,,,,,,,,,,,,,,461.636,469.866,space,8.22,,469.866,477.156,space,7.27,,,,,,,,,,,,,,,,,,,,,,,,,,,,,,,,,,,,,,,,,,,,,,,,,,,,
,,,,,66534629aeb03f1625e20710,001,2024-05-27_10h35.33.581,mathesisv2,2024.1.3,Win32,165.0165017,,,,,,,,,,,,,,,,,,,,,,,,,,,,,,,,,,,,,,,,,,,,,,,,,,,,,477.17,481.974,e,4.791,,0,0,0,0,1,testTAFCmixfirst/nimnym001.wav,,,,,,,,,,,,,,,,,,,,,,,,,,,,,,,,,,,,,,,,
,,,,,66534629aeb03f1625e20710,001,2024-05-27_10h35.33.581,mathesisv2,2024.1.3,Win32,165.0165017,,,,,,,,,,,,,,,,,,,,,,,,,,,,,,,,,,,,,,,,,,,,,,,,,,,,,481.974,484.695,e,2.715,,0,1,1,1,1,testTAFCmixfirst/nimnym002.wav,,,,,,,,,,,,,,,,,,,,,,,,,,,,,,,,,,,,,,,,
,,,,,66534629aeb03f1625e20710,001,2024-05-27_10h35.33.581,mathesisv2,2024.1.3,Win32,165.0165017,,,,,,,,,,,,,,,,,,,,,,,,,,,,,,,,,,,,,,,,,,,,,,,,,,,,,484.695,487.168,y,2.469,,0,2,2,2,1,testTAFCmixfirst/nimnym006.wav,,,,,,,,,,,,,,,,,,,,,,,,,,,,,,,,,,,,,,,,
,,,,,66534629aeb03f1625e20710,001,2024-05-27_10h35.33.581,mathesisv2,2024.1.3,Win32,165.0165017,,,,,,,,,,,,,,,,,,,,,,,,,,,,,,,,,,,,,,,,,,,,,,,,,,,,,,,,,,,,,,,,487.172,489.149,y,1.964,,0,0,0,2,1,testTAFCmixsec/numnym006.wav,,,,,,,,,,,,,,,,,,,,,,,,,,,,,
,,,,,66534629aeb03f1625e20710,001,2024-05-27_10h35.33.581,mathesisv2,2024.1.3,Win32,165.0165017,,,,,,,,,,,,,,,,,,,,,,,,,,,,,,,,,,,,,,,,,,,,,,,,,,,,,,,,,,,,,,,,489.15,493.21,u,4.053,,0,1,1,0,1,testTAFCmixsec/numnym001.wav,,,,,,,,,,,,,,,,,,,,,,,,,,,,,
,,,,,66534629aeb03f1625e20710,001,2024-05-27_10h35.33.581,mathesisv2,2024.1.3,Win32,165.0165017,,,,,,,,,,,,,,,,,,,,,,,,,,,,,,,,,,,,,,,,,,,,,,,,,,,,,,,,,,,,,,,,493.21,495.221,u,2.007,,0,2,2,1,1,testTAFCmixsec/numnym002.wav,,,,,,,,,,,,,,,,,,,,,,,,,,,,,
,,,,,66534629aeb03f1625e20710,001,2024-05-27_10h35.33.581,mathesisv2,2024.1.3,Win32,165.0165017,,,,,,,,,,,,,,,,,,,,,,,,,,,,,,,,,,,,,,,,,,,,,,,,,,,,,,,,,,,,,,,,,,,,,,,,,,,495.221,508.743,space,13.501,,,,,,,,,,,,,,,,,,,,,,,,,
,,,,,66534629aeb03f1625e20710,001,2024-05-27_10h35.33.581,mathesisv2,2024.1.3,Win32,165.0165017,,,,,,,,,,,,,,,,,y,,,,,,,,,,,,,,,,,,,,,,,,,,,,,,,,,,,,,,,,,,,,,,,,,,,,,,,,,,,,,,,508.758,512.136,y,3.365,,0,0,0,5,1,stimuliTAFCfirst/nimnym006.wav,,,,,,,,,,,,,
,,,,,66534629aeb03f1625e20710,001,2024-05-27_10h35.33.581,mathesisv2,2024.1.3,Win32,165.0165017,,,,,,,,,,,,,,,,,x,,,,,,,,,,,,,,,,,,,,,,,,,,,,,,,,,,,,,,,,,,,,,,,,,,,,,,,,,,,,,,,512.136,514.681,y,2.54,,0,1,1,3,1,stimuliTAFCfirst/nimnym004.wav,,,,,,,,,,,,,
,,,,,66534629aeb03f1625e20710,001,2024-05-27_10h35.33.581,mathesisv2,2024.1.3,Win32,165.0165017,,,,,,,,,,,,,,,,,e,,,,,,,,,,,,,,,,,,,,,,,,,,,,,,,,,,,,,,,,,,,,,,,,,,,,,,,,,,,,,,,514.681,516.718,e,2.028,,0,2,2,0,1,stimuliTAFCfirst/nimnym001.wav,,,,,,,,,,,,,
,,,,,66534629aeb03f1625e20710,001,2024-05-27_10h35.33.581,mathesisv2,2024.1.3,Win32,165.0165017,,,,,,,,,,,,,,,,,e,,,,,,,,,,,,,,,,,,,,,,,,,,,,,,,,,,,,,,,,,,,,,,,,,,,,,,,,,,,,,,,516.718,518.305,e,1.581,,0,3,3,2,1,stimuliTAFCfirst/nimnym003.wav,,,,,,,,,,,,,
,,,,,66534629aeb03f1625e20710,001,2024-05-27_10h35.33.581,mathesisv2,2024.1.3,Win32,165.0165017,,,,,,,,,,,,,,,,,y,,,,,,,,,,,,,,,,,,,,,,,,,,,,,,,,,,,,,,,,,,,,,,,,,,,,,,,,,,,,,,,518.305,520.674,y,2.363,,0,4,4,4,1,stimuliTAFCfirst/nimnym005.wav,,,,,,,,,,,,,
,,,,,66534629aeb03f1625e20710,001,2024-05-27_10h35.33.581,mathesisv2,2024.1.3,Win32,165.0165017,,,,,,,,,,,,,,,,,e,,,,,,,,,,,,,,,,,,,,,,,,,,,,,,,,,,,,,,,,,,,,,,,,,,,,,,,,,,,,,,,520.675,522.911,e,2.23,,0,5,5,1,1,stimuliTAFCfirst/nimnym002.wav,,,,,,,,,,,,,
,,,,,66534629aeb03f1625e20710,001,2024-05-27_10h35.33.581,mathesisv2,2024.1.3,Win32,165.0165017,,,,,,,,,,,,,,,,,y,,,,,,,,,,,,,,,,,,,,,,,,,,,,,,,,,,,,,,,,,,,,,,,,,,,,,,,,,,,,,,,522.911,524.577,y,1.66,,0,6,6,6,1,stimuliTAFCfirst/nimnym007.wav,,,,,,,,,,,,,
,,,,,66534629aeb03f1625e20710,001,2024-05-27_10h35.33.581,mathesisv2,2024.1.3,Win32,165.0165017,,,,,,,,,,,,,,,,,e,,,,,,,,,,,,,,,,,,,,,,,,,,,,,,,,,,,,,,,,,,,,,,,,,,,,,,,,,,,,,,,524.577,526.05,e,1.468,,1,0,7,2,1,stimuliTAFCfirst/nimnym003.wav,,,,,,,,,,,,,
,,,,,66534629aeb03f1625e20710,001,2024-05-27_10h35.33.581,mathesisv2,2024.1.3,Win32,165.0165017,,,,,,,,,,,,,,,,,e,,,,,,,,,,,,,,,,,,,,,,,,,,,,,,,,,,,,,,,,,,,,,,,,,,,,,,,,,,,,,,,526.051,527.674,e,1.618,,1,1,8,0,1,stimuliTAFCfirst/nimnym001.wav,,,,,,,,,,,,,
,,,,,66534629aeb03f1625e20710,001,2024-05-27_10h35.33.581,mathesisv2,2024.1.3,Win32,165.0165017,,,,,,,,,,,,,,,,,x,,,,,,,,,,,,,,,,,,,,,,,,,,,,,,,,,,,,,,,,,,,,,,,,,,,,,,,,,,,,,,,527.675,529.395,e,1.714,,1,2,9,3,1,stimuliTAFCfirst/nimnym004.wav,,,,,,,,,,,,,
,,,,,66534629aeb03f1625e20710,001,2024-05-27_10h35.33.581,mathesisv2,2024.1.3,Win32,165.0165017,,,,,,,,,,,,,,,,,y,,,,,,,,,,,,,,,,,,,,,,,,,,,,,,,,,,,,,,,,,,,,,,,,,,,,,,,,,,,,,,,529.396,531.274,y,1.872,,1,3,10,6,1,stimuliTAFCfirst/nimnym007.wav,,,,,,,,,,,,,
,,,,,66534629aeb03f1625e20710,001,2024-05-27_10h35.33.581,mathesisv2,2024.1.3,Win32,165.0165017,,,,,,,,,,,,,,,,,y,,,,,,,,,,,,,,,,,,,,,,,,,,,,,,,,,,,,,,,,,,,,,,,,,,,,,,,,,,,,,,,531.276,532.867,y,1.588,,1,4,11,4,1,stimuliTAFCfirst/nimnym005.wav,,,,,,,,,,,,,
,,,,,66534629aeb03f1625e20710,001,2024-05-27_10h35.33.581,mathesisv2,2024.1.3,Win32,165.0165017,,,,,,,,,,,,,,,,,e,,,,,,,,,,,,,,,,,,,,,,,,,,,,,,,,,,,,,,,,,,,,,,,,,,,,,,,,,,,,,,,532.868,534.256,e,1.382,,1,5,12,1,1,stimuliTAFCfirst/nimnym002.wav,,,,,,,,,,,,,
,,,,,66534629aeb03f1625e20710,001,2024-05-27_10h35.33.581,mathesisv2,2024.1.3,Win32,165.0165017,,,,,,,,,,,,,,,,,y,,,,,,,,,,,,,,,,,,,,,,,,,,,,,,,,,,,,,,,,,,,,,,,,,,,,,,,,,,,,,,,534.257,535.983,y,1.721,,1,6,13,5,1,stimuliTAFCfirst/nimnym006.wav,,,,,,,,,,,,,
,,,,,66534629aeb03f1625e20710,001,2024-05-27_10h35.33.581,mathesisv2,2024.1.3,Win32,165.0165017,,,,,,,,,,,,,,,,,x,535.983,537.625,space,1.63,,,,,,,,,,,,,,,,,,,,,,,,,,,,,,,,,,,,,,,,,,,,,,,,,,,,,,,,,,,,,,,,,,,,,,537.635,545.188,u,7.541,,0,0,0,3,1,stimuliTAFCsec/numnym004.wav,,
,,,,,66534629aeb03f1625e20710,001,2024-05-27_10h35.33.581,mathesisv2,2024.1.3,Win32,165.0165017,,,,,,,,,,,,,,,,,y,,,,,,,,,,,,,,,,,,,,,,,,,,,,,,,,,,,,,,,,,,,,,,,,,,,,,,,,,,,,,,,,,,,,,,,,,,545.189,547.933,y,2.741,,0,1,1,4,1,stimuliTAFCsec/numnym005.wav,,
,,,,,66534629aeb03f1625e20710,001,2024-05-27_10h35.33.581,mathesisv2,2024.1.3,Win32,165.0165017,,,,,,,,,,,,,,,,,u,,,,,,,,,,,,,,,,,,,,,,,,,,,,,,,,,,,,,,,,,,,,,,,,,,,,,,,,,,,,,,,,,,,,,,,,,,547.935,549.982,u,2.043,,0,2,2,0,1,stimuliTAFCsec/numnym001.wav,,
,,,,,66534629aeb03f1625e20710,001,2024-05-27_10h35.33.581,mathesisv2,2024.1.3,Win32,165.0165017,,,,,,,,,,,,,,,,,u,,,,,,,,,,,,,,,,,,,,,,,,,,,,,,,,,,,,,,,,,,,,,,,,,,,,,,,,,,,,,,,,,,,,,,,,,,549.982,551.933,u,1.944,,0,3,3,2,1,stimuliTAFCsec/numnym003.wav,,
,,,,,66534629aeb03f1625e20710,001,2024-05-27_10h35.33.581,mathesisv2,2024.1.3,Win32,165.0165017,,,,,,,,,,,,,,,,,y,,,,,,,,,,,,,,,,,,,,,,,,,,,,,,,,,,,,,,,,,,,,,,,,,,,,,,,,,,,,,,,,,,,,,,,,,,551.934,554.576,y,2.638,,0,4,4,5,1,stimuliTAFCsec/numnym006.wav,,
,,,,,66534629aeb03f1625e20710,001,2024-05-27_10h35.33.581,mathesisv2,2024.1.3,Win32,165.0165017,,,,,,,,,,,,,,,,,y,,,,,,,,,,,,,,,,,,,,,,,,,,,,,,,,,,,,,,,,,,,,,,,,,,,,,,,,,,,,,,,,,,,,,,,,,,554.576,556.442,y,1.859,,0,5,5,6,1,stimuliTAFCsec/numnym007.wav,,
,,,,,66534629aeb03f1625e20710,001,2024-05-27_10h35.33.581,mathesisv2,2024.1.3,Win32,165.0165017,,,,,,,,,,,,,,,,,u,,,,,,,,,,,,,,,,,,,,,,,,,,,,,,,,,,,,,,,,,,,,,,,,,,,,,,,,,,,,,,,,,,,,,,,,,,556.443,558.29,u,1.842,,0,6,6,1,1,stimuliTAFCsec/numnym002.wav,,
,,,,,66534629aeb03f1625e20710,001,2024-05-27_10h35.33.581,mathesisv2,2024.1.3,Win32,165.0165017,,,,,,,,,,,,,,,,,u,,,,,,,,,,,,,,,,,,,,,,,,,,,,,,,,,,,,,,,,,,,,,,,,,,,,,,,,,,,,,,,,,,,,,,,,,,558.29,559.708,u,1.412,,1,0,7,0,1,stimuliTAFCsec/numnym001.wav,,
,,,,,66534629aeb03f1625e20710,001,2024-05-27_10h35.33.581,mathesisv2,2024.1.3,Win32,165.0165017,,,,,,,,,,,,,,,,,y,,,,,,,,,,,,,,,,,,,,,,,,,,,,,,,,,,,,,,,,,,,,,,,,,,,,,,,,,,,,,,,,,,,,,,,,,,559.708,561.182,y,1.468,,1,1,8,5,1,stimuliTAFCsec/numnym006.wav,,
,,,,,66534629aeb03f1625e20710,001,2024-05-27_10h35.33.581,mathesisv2,2024.1.3,Win32,165.0165017,,,,,,,,,,,,,,,,,y,,,,,,,,,,,,,,,,,,,,,,,,,,,,,,,,,,,,,,,,,,,,,,,,,,,,,,,,,,,,,,,,,,,,,,,,,,561.184,562.659,y,1.473,,1,2,9,4,1,stimuliTAFCsec/numnym005.wav,,
,,,,,66534629aeb03f1625e20710,001,2024-05-27_10h35.33.581,mathesisv2,2024.1.3,Win32,165.0165017,,,,,,,,,,,,,,,,,y,,,,,,,,,,,,,,,,,,,,,,,,,,,,,,,,,,,,,,,,,,,,,,,,,,,,,,,,,,,,,,,,,,,,,,,,,,562.661,564.017,y,1.351,,1,3,10,6,1,stimuliTAFCsec/numnym007.wav,,
,,,,,66534629aeb03f1625e20710,001,2024-05-27_10h35.33.581,mathesisv2,2024.1.3,Win32,165.0165017,,,,,,,,,,,,,,,,,u,,,,,,,,,,,,,,,,,,,,,,,,,,,,,,,,,,,,,,,,,,,,,,,,,,,,,,,,,,,,,,,,,,,,,,,,,,564.018,565.375,u,1.351,,1,4,11,2,1,stimuliTAFCsec/numnym003.wav,,
,,,,,66534629aeb03f1625e20710,001,2024-05-27_10h35.33.581,mathesisv2,2024.1.3,Win32,165.0165017,,,,,,,,,,,,,,,,,u,,,,,,,,,,,,,,,,,,,,,,,,,,,,,,,,,,,,,,,,,,,,,,,,,,,,,,,,,,,,,,,,,,,,,,,,,,565.375,566.847,u,1.466,,1,5,12,1,1,stimuliTAFCsec/numnym002.wav,,
,,,,,66534629aeb03f1625e20710,001,2024-05-27_10h35.33.581,mathesisv2,2024.1.3,Win32,165.0165017,,,,,,,,,,,,,,,,,x,,,,,,,,,,,,,,,,,,,,,,,,,,,,,,,,,,,,,,,,,,,,,,,,,,,,,,,,,,,,,,,,,,,,,,,,,,566.847,569.199,u,2.344,,1,6,13,3,1,stimuliTAFCsec/numnym004.wav,,
,,,,,66534629aeb03f1625e20710,001,2024-05-27_10h35.33.581,mathesisv2,2024.1.3,Win32,165.0165017,,,,,,,,,,,,,,,,,e,,,,,,,,,,,,,,,,,,,,,,,,,,569.199,580.773,space,11.564,,,,,,,,,,,,,,,,,,,,,,,,,,,,,,,,,,580.785,584.452,e,3.658,,0,0,0,2,1,stimuliTAFCfirst/nimnym003.wav,,,,,,,,,,,,,
,,,,,66534629aeb03f1625e20710,001,2024-05-27_10h35.33.581,mathesisv2,2024.1.3,Win32,165.0165017,,,,,,,,,,,,,,,,,y,,,,,,,,,,,,,,,,,,,,,,,,,,,,,,,,,,,,,,,,,,,,,,,,,,,,,,,,,,,,,,,584.454,586.07,y,1.61,,0,1,1,6,1,stimuliTAFCfirst/nimnym007.wav,,,,,,,,,,,,,
,,,,,66534629aeb03f1625e20710,001,2024-05-27_10h35.33.581,mathesisv2,2024.1.3,Win32,165.0165017,,,,,,,,,,,,,,,,,y,,,,,,,,,,,,,,,,,,,,,,,,,,,,,,,,,,,,,,,,,,,,,,,,,,,,,,,,,,,,,,,586.071,587.773,y,1.697,,0,2,2,4,1,stimuliTAFCfirst/nimnym005.wav,,,,,,,,,,,,,
,,,,,66534629aeb03f1625e20710,001,2024-05-27_10h35.33.581,mathesisv2,2024.1.3,Win32,165.0165017,,,,,,,,,,,,,,,,,y,,,,,,,,,,,,,,,,,,,,,,,,,,,,,,,,,,,,,,,,,,,,,,,,,,,,,,,,,,,,,,,587.773,589.198,y,1.418,,0,3,3,5,1,stimuliTAFCfirst/nimnym006.wav,,,,,,,,,,,,,
,,,,,66534629aeb03f1625e20710,001,2024-05-27_10h35.33.581,mathesisv2,2024.1.3,Win32,165.0165017,,,,,,,,,,,,,,,,,e,,,,,,,,,,,,,,,,,,,,,,,,,,,,,,,,,,,,,,,,,,,,,,,,,,,,,,,,,,,,,,,589.198,590.586,e,1.381,,0,4,4,0,1,stimuliTAFCfirst/nimnym001.wav,,,,,,,,,,,,,
,,,,,66534629aeb03f1625e20710,001,2024-05-27_10h35.33.581,mathesisv2,2024.1.3,Win32,165.0165017,,,,,,,,,,,,,,,,,x,,,,,,,,,,,,,,,,,,,,,,,,,,,,,,,,,,,,,,,,,,,,,,,,,,,,,,,,,,,,,,,590.587,592.549,e,1.955,,0,5,5,3,1,stimuliTAFCfirst/nimnym004.wav,,,,,,,,,,,,,
,,,,,66534629aeb03f1625e20710,001,2024-05-27_10h35.33.581,mathesisv2,2024.1.3,Win32,165.0165017,,,,,,,,,,,,,,,,,e,,,,,,,,,,,,,,,,,,,,,,,,,,,,,,,,,,,,,,,,,,,,,,,,,,,,,,,,,,,,,,,592.55,594.204,e,1.65,,0,6,6,1,1,stimuliTAFCfirst/nimnym002.wav,,,,,,,,,,,,,
,,,,,66534629aeb03f1625e20710,001,2024-05-27_10h35.33.581,mathesisv2,2024.1.3,Win32,165.0165017,,,,,,,,,,,,,,,,,y,,,,,,,,,,,,,,,,,,,,,,,,,,,,,,,,,,,,,,,,,,,,,,,,,,,,,,,,,,,,,,,594.206,595.616,y,1.404,,1,0,7,5,1,stimuliTAFCfirst/nimnym006.wav,,,,,,,,,,,,,
,,,,,66534629aeb03f1625e20710,001,2024-05-27_10h35.33.581,mathesisv2,2024.1.3,Win32,165.0165017,,,,,,,,,,,,,,,,,x,,,,,,,,,,,,,,,,,,,,,,,,,,,,,,,,,,,,,,,,,,,,,,,,,,,,,,,,,,,,,,,595.616,597.288,y,1.667,,1,1,8,3,1,stimuliTAFCfirst/nimnym004.wav,,,,,,,,,,,,,
,,,,,66534629aeb03f1625e20710,001,2024-05-27_10h35.33.581,mathesisv2,2024.1.3,Win32,165.0165017,,,,,,,,,,,,,,,,,e,,,,,,,,,,,,,,,,,,,,,,,,,,,,,,,,,,,,,,,,,,,,,,,,,,,,,,,,,,,,,,,597.289,598.615,e,1.319,,1,2,9,1,1,stimuliTAFCfirst/nimnym002.wav,,,,,,,,,,,,,
,,,,,66534629aeb03f1625e20710,001,2024-05-27_10h35.33.581,mathesisv2,2024.1.3,Win32,165.0165017,,,,,,,,,,,,,,,,,y,,,,,,,,,,,,,,,,,,,,,,,,,,,,,,,,,,,,,,,,,,,,,,,,,,,,,,,,,,,,,,,598.615,600.088,y,1.469,,1,3,10,4,1,stimuliTAFCfirst/nimnym005.wav,,,,,,,,,,,,,
,,,,,66534629aeb03f1625e20710,001,2024-05-27_10h35.33.581,mathesisv2,2024.1.3,Win32,165.0165017,,,,,,,,,,,,,,,,,e,,,,,,,,,,,,,,,,,,,,,,,,,,,,,,,,,,,,,,,,,,,,,,,,,,,,,,,,,,,,,,,600.088,601.706,e,1.613,,1,4,11,2,1,stimuliTAFCfirst/nimnym003.wav,,,,,,,,,,,,,
,,,,,66534629aeb03f1625e20710,001,2024-05-27_10h35.33.581,mathesisv2,2024.1.3,Win32,165.0165017,,,,,,,,,,,,,,,,,y,,,,,,,,,,,,,,,,,,,,,,,,,,,,,,,,,,,,,,,,,,,,,,,,,,,,,,,,,,,,,,,601.706,603.227,y,1.516,,1,5,12,6,1,stimuliTAFCfirst/nimnym007.wav,,,,,,,,,,,,,
,,,,,66534629aeb03f1625e20710,001,2024-05-27_10h35.33.581,mathesisv2,2024.1.3,Win32,165.0165017,,,,,,,,,,,,,,,,,e,,,,,,,,,,,,,,,,,,,,,,,,,,,,,,,,,,,,,,,,,,,,,,,,,,,,,,,,,,,,,,,603.228,604.591,e,1.356,,1,6,13,0,1,stimuliTAFCfirst/nimnym001.wav,,,,,,,,,,,,,
,,,,,66534629aeb03f1625e20710,001,2024-05-27_10h35.33.581,mathesisv2,2024.1.3,Win32,165.0165017,,,,,,,,,,,,,,,,,y,604.591,605.893,space,1.292,,,,,,,,,,,,,,,,,,,,,,,,,,,,,,,,,,,,,,,,,,,,,,,,,,,,,,,,,,,,,,,,,,,,,,605.905,609.051,y,3.137,,0,0,0,5,1,stimuliTAFCsec/numnym006.wav,,
,,,,,66534629aeb03f1625e20710,001,2024-05-27_10h35.33.581,mathesisv2,2024.1.3,Win32,165.0165017,,,,,,,,,,,,,,,,,u,,,,,,,,,,,,,,,,,,,,,,,,,,,,,,,,,,,,,,,,,,,,,,,,,,,,,,,,,,,,,,,,,,,,,,,,,,609.052,611.323,u,2.268,,0,1,1,0,1,stimuliTAFCsec/numnym001.wav,,
,,,,,66534629aeb03f1625e20710,001,2024-05-27_10h35.33.581,mathesisv2,2024.1.3,Win32,165.0165017,,,,,,,,,,,,,,,,,u,,,,,,,,,,,,,,,,,,,,,,,,,,,,,,,,,,,,,,,,,,,,,,,,,,,,,,,,,,,,,,,,,,,,,,,,,,611.323,612.874,u,1.545,,0,2,2,2,1,stimuliTAFCsec/numnym003.wav,,
,,,,,66534629aeb03f1625e20710,001,2024-05-27_10h35.33.581,mathesisv2,2024.1.3,Win32,165.0165017,,,,,,,,,,,,,,,,,y,,,,,,,,,,,,,,,,,,,,,,,,,,,,,,,,,,,,,,,,,,,,,,,,,,,,,,,,,,,,,,,,,,,,,,,,,,612.876,614.281,y,1.4,,0,3,3,6,1,stimuliTAFCsec/numnym007.wav,,
,,,,,66534629aeb03f1625e20710,001,2024-05-27_10h35.33.581,mathesisv2,2024.1.3,Win32,165.0165017,,,,,,,,,,,,,,,,,y,,,,,,,,,,,,,,,,,,,,,,,,,,,,,,,,,,,,,,,,,,,,,,,,,,,,,,,,,,,,,,,,,,,,,,,,,,614.281,615.82,y,1.533,,0,4,4,4,1,stimuliTAFCsec/numnym005.wav,,
,,,,,66534629aeb03f1625e20710,001,2024-05-27_10h35.33.581,mathesisv2,2024.1.3,Win32,165.0165017,,,,,,,,,,,,,,,,,x,,,,,,,,,,,,,,,,,,,,,,,,,,,,,,,,,,,,,,,,,,,,,,,,,,,,,,,,,,,,,,,,,,,,,,,,,,615.82,617.117,u,1.29,,0,5,5,3,1,stimuliTAFCsec/numnym004.wav,,
,,,,,66534629aeb03f1625e20710,001,2024-05-27_10h35.33.581,mathesisv2,2024.1.3,Win32,165.0165017,,,,,,,,,,,,,,,,,u,,,,,,,,,,,,,,,,,,,,,,,,,,,,,,,,,,,,,,,,,,,,,,,,,,,,,,,,,,,,,,,,,,,,,,,,,,617.117,618.511,u,1.387,,0,6,6,1,1,stimuliTAFCsec/numnym002.wav,,
,,,,,66534629aeb03f1625e20710,001,2024-05-27_10h35.33.581,mathesisv2,2024.1.3,Win32,165.0165017,,,,,,,,,,,,,,,,,y,,,,,,,,,,,,,,,,,,,,,,,,,,,,,,,,,,,,,,,,,,,,,,,,,,,,,,,,,,,,,,,,,,,,,,,,,,618.512,619.748,y,1.229,,1,0,7,6,1,stimuliTAFCsec/numnym007.wav,,
,,,,,66534629aeb03f1625e20710,001,2024-05-27_10h35.33.581,mathesisv2,2024.1.3,Win32,165.0165017,,,,,,,,,,,,,,,,,x,,,,,,,,,,,,,,,,,,,,,,,,,,,,,,,,,,,,,,,,,,,,,,,,,,,,,,,,,,,,,,,,,,,,,,,,,,619.748,621.183,u,1.43,,1,1,8,3,1,stimuliTAFCsec/numnym004.wav,,
,,,,,66534629aeb03f1625e20710,001,2024-05-27_10h35.33.581,mathesisv2,2024.1.3,Win32,165.0165017,,,,,,,,,,,,,,,,,y,,,,,,,,,,,,,,,,,,,,,,,,,,,,,,,,,,,,,,,,,,,,,,,,,,,,,,,,,,,,,,,,,,,,,,,,,,621.183,622.729,y,1.539,,1,2,9,4,1,stimuliTAFCsec/numnym005.wav,,
,,,,,66534629aeb03f1625e20710,001,2024-05-27_10h35.33.581,mathesisv2,2024.1.3,Win32,165.0165017,,,,,,,,,,,,,,,,,u,,,,,,,,,,,,,,,,,,,,,,,,,,,,,,,,,,,,,,,,,,,,,,,,,,,,,,,,,,,,,,,,,,,,,,,,,,622.729,624.068,u,1.333,,1,3,10,2,1,stimuliTAFCsec/numnym003.wav,,
,,,,,66534629aeb03f1625e20710,001,2024-05-27_10h35.33.581,mathesisv2,2024.1.3,Win32,165.0165017,,,,,,,,,,,,,,,,,u,,,,,,,,,,,,,,,,,,,,,,,,,,,,,,,,,,,,,,,,,,,,,,,,,,,,,,,,,,,,,,,,,,,,,,,,,,624.068,625.474,u,1.401,,1,4,11,0,1,stimuliTAFCsec/numnym001.wav,,
,,,,,66534629aeb03f1625e20710,001,2024-05-27_10h35.33.581,mathesisv2,2024.1.3,Win32,165.0165017,,,,,,,,,,,,,,,,,y,,,,,,,,,,,,,,,,,,,,,,,,,,,,,,,,,,,,,,,,,,,,,,,,,,,,,,,,,,,,,,,,,,,,,,,,,,625.475,626.88,y,1.401,,1,5,12,5,1,stimuliTAFCsec/numnym006.wav,,
,,,,,66534629aeb03f1625e20710,001,2024-05-27_10h35.33.581,mathesisv2,2024.1.3,Win32,165.0165017,,,,,,,,,,,,,,,,,u,,,,,,,,,,,,,,,,,,,,,,,,,,,,,,,,,,,,,,,,,,,,,,,,,,,,,,,,,,,,,,,,,,,,,,,,,,626.88,628.371,u,1.486,,1,6,13,1,1,stimuliTAFCsec/numnym002.wav,,
,,,,,66534629aeb03f1625e20710,001,2024-05-27_10h35.33.581,mathesisv2,2024.1.3,Win32,165.0165017,,,,,,,,,,,,,,,,,e,,,,,,,,,,,,,,,,,,,,,,,,,,628.371,637.063,space,8.678,,,,,,,,,,,,,,,,,,,,,,,,,,,,,,,,,,637.074,639.558,e,2.476,,0,0,0,1,1,stimuliTAFCfirst/nimnym002.wav,,,,,,,,,,,,,
,,,,,66534629aeb03f1625e20710,001,2024-05-27_10h35.33.581,mathesisv2,2024.1.3,Win32,165.0165017,,,,,,,,,,,,,,,,,y,,,,,,,,,,,,,,,,,,,,,,,,,,,,,,,,,,,,,,,,,,,,,,,,,,,,,,,,,,,,,,,639.559,641.001,y,1.436,,0,1,1,5,1,stimuliTAFCfirst/nimnym006.wav,,,,,,,,,,,,,
,,,,,66534629aeb03f1625e20710,001,2024-05-27_10h35.33.581,mathesisv2,2024.1.3,Win32,165.0165017,,,,,,,,,,,,,,,,,x,,,,,,,,,,,,,,,,,,,,,,,,,,,,,,,,,,,,,,,,,,,,,,,,,,,,,,,,,,,,,,,641.001,642.473,y,1.467,,0,2,2,3,1,stimuliTAFCfirst/nimnym004.wav,,,,,,,,,,,,,
,,,,,66534629aeb03f1625e20710,001,2024-05-27_10h35.33.581,mathesisv2,2024.1.3,Win32,165.0165017,,,,,,,,,,,,,,,,,y,,,,,,,,,,,,,,,,,,,,,,,,,,,,,,,,,,,,,,,,,,,,,,,,,,,,,,,,,,,,,,,642.473,643.776,y,1.298,,0,3,3,4,1,stimuliTAFCfirst/nimnym005.wav,,,,,,,,,,,,,
,,,,,66534629aeb03f1625e20710,001,2024-05-27_10h35.33.581,mathesisv2,2024.1.3,Win32,165.0165017,,,,,,,,,,,,,,,,,y,,,,,,,,,,,,,,,,,,,,,,,,,,,,,,,,,,,,,,,,,,,,,,,,,,,,,,,,,,,,,,,643.776,645.127,y,1.344,,0,4,4,6,1,stimuliTAFCfirst/nimnym007.wav,,,,,,,,,,,,,
,,,,,66534629aeb03f1625e20710,001,2024-05-27_10h35.33.581,mathesisv2,2024.1.3,Win32,165.0165017,,,,,,,,,,,,,,,,,e,,,,,,,,,,,,,,,,,,,,,,,,,,,,,,,,,,,,,,,,,,,,,,,,,,,,,,,,,,,,,,,645.129,646.485,e,1.351,,0,5,5,0,1,stimuliTAFCfirst/nimnym001.wav,,,,,,,,,,,,,
,,,,,66534629aeb03f1625e20710,001,2024-05-27_10h35.33.581,mathesisv2,2024.1.3,Win32,165.0165017,,,,,,,,,,,,,,,,,e,,,,,,,,,,,,,,,,,,,,,,,,,,,,,,,,,,,,,,,,,,,,,,,,,,,,,,,,,,,,,,,646.485,647.946,e,1.456,,0,6,6,2,1,stimuliTAFCfirst/nimnym003.wav,,,,,,,,,,,,,
,,,,,66534629aeb03f1625e20710,001,2024-05-27_10h35.33.581,mathesisv2,2024.1.3,Win32,165.0165017,,,,,,,,,,,,,,,,,y,,,,,,,,,,,,,,,,,,,,,,,,,,,,,,,,,,,,,,,,,,,,,,,,,,,,,,,,,,,,,,,647.946,649.261,y,1.308,,1,0,7,5,1,stimuliTAFCfirst/nimnym006.wav,,,,,,,,,,,,,
,,,,,66534629aeb03f1625e20710,001,2024-05-27_10h35.33.581,mathesisv2,2024.1.3,Win32,165.0165017,,,,,,,,,,,,,,,,,y,,,,,,,,,,,,,,,,,,,,,,,,,,,,,,,,,,,,,,,,,,,,,,,,,,,,,,,,,,,,,,,649.261,650.533,y,1.268,,1,1,8,6,1,stimuliTAFCfirst/nimnym007.wav,,,,,,,,,,,,,
,,,,,66534629aeb03f1625e20710,001,2024-05-27_10h35.33.581,mathesisv2,2024.1.3,Win32,165.0165017,,,,,,,,,,,,,,,,,e,,,,,,,,,,,,,,,,,,,,,,,,,,,,,,,,,,,,,,,,,,,,,,,,,,,,,,,,,,,,,,,650.534,651.721,e,1.182,,1,2,9,1,1,stimuliTAFCfirst/nimnym002.wav,,,,,,,,,,,,,
,,,,,66534629aeb03f1625e20710,001,2024-05-27_10h35.33.581,mathesisv2,2024.1.3,Win32,165.0165017,,,,,,,,,,,,,,,,,x,,,,,,,,,,,,,,,,,,,,,,,,,,,,,,,,,,,,,,,,,,,,,,,,,,,,,,,,,,,,,,,651.722,653.133,e,1.407,,1,3,10,3,1,stimuliTAFCfirst/nimnym004.wav,,,,,,,,,,,,,
,,,,,66534629aeb03f1625e20710,001,2024-05-27_10h35.33.581,mathesisv2,2024.1.3,Win32,165.0165017,,,,,,,,,,,,,,,,,y,,,,,,,,,,,,,,,,,,,,,,,,,,,,,,,,,,,,,,,,,,,,,,,,,,,,,,,,,,,,,,,653.134,654.94,y,1.799,,1,4,11,4,1,stimuliTAFCfirst/nimnym005.wav,,,,,,,,,,,,,
,,,,,66534629aeb03f1625e20710,001,2024-05-27_10h35.33.581,mathesisv2,2024.1.3,Win32,165.0165017,,,,,,,,,,,,,,,,,e,,,,,,,,,,,,,,,,,,,,,,,,,,,,,,,,,,,,,,,,,,,,,,,,,,,,,,,,,,,,,,,654.94,656.302,e,1.357,,1,5,12,2,1,stimuliTAFCfirst/nimnym003.wav,,,,,,,,,,,,,
,,,,,66534629aeb03f1625e20710,001,2024-05-27_10h35.33.581,mathesisv2,2024.1.3,Win32,165.0165017,,,,,,,,,,,,,,,,,e,,,,,,,,,,,,,,,,,,,,,,,,,,,,,,,,,,,,,,,,,,,,,,,,,,,,,,,,,,,,,,,656.303,657.672,e,1.364,,1,6,13,0,1,stimuliTAFCfirst/nimnym001.wav,,,,,,,,,,,,,
,,,,,66534629aeb03f1625e20710,001,2024-05-27_10h35.33.581,mathesisv2,2024.1.3,Win32,165.0165017,,,,,,,,,,,,,,,,,x,657.672,658.944,space,1.262,,,,,,,,,,,,,,,,,,,,,,,,,,,,,,,,,,,,,,,,,,,,,,,,,,,,,,,,,,,,,,,,,,,,,,658.949,661.806,u,2.847,,0,0,0,3,1,stimuliTAFCsec/numnym004.wav,,
,,,,,66534629aeb03f1625e20710,001,2024-05-27_10h35.33.581,mathesisv2,2024.1.3,Win32,165.0165017,,,,,,,,,,,,,,,,,y,,,,,,,,,,,,,,,,,,,,,,,,,,,,,,,,,,,,,,,,,,,,,,,,,,,,,,,,,,,,,,,,,,,,,,,,,,661.808,663.029,y,1.217,,0,1,1,5,1,stimuliTAFCsec/numnym006.wav,,
,,,,,66534629aeb03f1625e20710,001,2024-05-27_10h35.33.581,mathesisv2,2024.1.3,Win32,165.0165017,,,,,,,,,,,,,,,,,u,,,,,,,,,,,,,,,,,,,,,,,,,,,,,,,,,,,,,,,,,,,,,,,,,,,,,,,,,,,,,,,,,,,,,,,,,,663.029,664.357,u,1.32,,0,2,2,1,1,stimuliTAFCsec/numnym002.wav,,
,,,,,66534629aeb03f1625e20710,001,2024-05-27_10h35.33.581,mathesisv2,2024.1.3,Win32,165.0165017,,,,,,,,,,,,,,,,,y,,,,,,,,,,,,,,,,,,,,,,,,,,,,,,,,,,,,,,,,,,,,,,,,,,,,,,,,,,,,,,,,,,,,,,,,,,664.358,665.708,y,1.345,,0,3,3,4,1,stimuliTAFCsec/numnym005.wav,,
,,,,,66534629aeb03f1625e20710,001,2024-05-27_10h35.33.581,mathesisv2,2024.1.3,Win32,165.0165017,,,,,,,,,,,,,,,,,u,,,,,,,,,,,,,,,,,,,,,,,,,,,,,,,,,,,,,,,,,,,,,,,,,,,,,,,,,,,,,,,,,,,,,,,,,,665.709,667.06,u,1.345,,0,4,4,0,1,stimuliTAFCsec/numnym001.wav,,
,,,,,66534629aeb03f1625e20710,001,2024-05-27_10h35.33.581,mathesisv2,2024.1.3,Win32,165.0165017,,,,,,,,,,,,,,,,,u,,,,,,,,,,,,,,,,,,,,,,,,,,,,,,,,,,,,,,,,,,,,,,,,,,,,,,,,,,,,,,,,,,,,,,,,,,667.06,668.399,u,1.333,,0,5,5,2,1,stimuliTAFCsec/numnym003.wav,,
,,,,,66534629aeb03f1625e20710,001,2024-05-27_10h35.33.581,mathesisv2,2024.1.3,Win32,165.0165017,,,,,,,,,,,,,,,,,y,,,,,,,,,,,,,,,,,,,,,,,,,,,,,,,,,,,,,,,,,,,,,,,,,,,,,,,,,,,,,,,,,,,,,,,,,,668.4,669.822,y,1.417,,0,6,6,6,1,stimuliTAFCsec/numnym007.wav,,
,,,,,66534629aeb03f1625e20710,001,2024-05-27_10h35.33.581,mathesisv2,2024.1.3,Win32,165.0165017,,,,,,,,,,,,,,,,,u,,,,,,,,,,,,,,,,,,,,,,,,,,,,,,,,,,,,,,,,,,,,,,,,,,,,,,,,,,,,,,,,,,,,,,,,,,669.824,671.193,u,1.364,,1,0,7,2,1,stimuliTAFCsec/numnym003.wav,,
,,,,,66534629aeb03f1625e20710,001,2024-05-27_10h35.33.581,mathesisv2,2024.1.3,Win32,165.0165017,,,,,,,,,,,,,,,,,x,,,,,,,,,,,,,,,,,,,,,,,,,,,,,,,,,,,,,,,,,,,,,,,,,,,,,,,,,,,,,,,,,,,,,,,,,,671.194,672.611,u,1.41,,1,1,8,3,1,stimuliTAFCsec/numnym004.wav,,
,,,,,66534629aeb03f1625e20710,001,2024-05-27_10h35.33.581,mathesisv2,2024.1.3,Win32,165.0165017,,,,,,,,,,,,,,,,,y,,,,,,,,,,,,,,,,,,,,,,,,,,,,,,,,,,,,,,,,,,,,,,,,,,,,,,,,,,,,,,,,,,,,,,,,,,672.612,673.89,y,1.271,,1,2,9,5,1,stimuliTAFCsec/numnym006.wav,,
,,,,,66534629aeb03f1625e20710,001,2024-05-27_10h35.33.581,mathesisv2,2024.1.3,Win32,165.0165017,,,,,,,,,,,,,,,,,y,,,,,,,,,,,,,,,,,,,,,,,,,,,,,,,,,,,,,,,,,,,,,,,,,,,,,,,,,,,,,,,,,,,,,,,,,,673.89,675.271,y,1.375,,1,3,10,6,1,stimuliTAFCsec/numnym007.wav,,
,,,,,66534629aeb03f1625e20710,001,2024-05-27_10h35.33.581,mathesisv2,2024.1.3,Win32,165.0165017,,,,,,,,,,,,,,,,,y,,,,,,,,,,,,,,,,,,,,,,,,,,,,,,,,,,,,,,,,,,,,,,,,,,,,,,,,,,,,,,,,,,,,,,,,,,675.272,676.526,y,1.248,,1,4,11,4,1,stimuliTAFCsec/numnym005.wav,,
,,,,,66534629aeb03f1625e20710,001,2024-05-27_10h35.33.581,mathesisv2,2024.1.3,Win32,165.0165017,,,,,,,,,,,,,,,,,u,,,,,,,,,,,,,,,,,,,,,,,,,,,,,,,,,,,,,,,,,,,,,,,,,,,,,,,,,,,,,,,,,,,,,,,,,,676.527,677.786,u,1.254,,1,5,12,1,1,stimuliTAFCsec/numnym002.wav,,
,,,,,66534629aeb03f1625e20710,001,2024-05-27_10h35.33.581,mathesisv2,2024.1.3,Win32,165.0165017,,,,,,,,,,,,,,,,,u,,,,,,,,,,,,,,,,,,,,,,,,,,,,,,,,,,,,,,,,,,,,,,,,,,,,,,,,,,,,,,,,,,,,,,,,,,677.786,679.059,u,1.267,,1,6,13,0,1,stimuliTAFCsec/numnym001.wav,,
,,,,,66534629aeb03f1625e20710,001,2024-05-27_10h35.33.581,mathesisv2,2024.1.3,Win32,165.0165017,,,,,,,,,,,,,,,,,y,,,,,,,,,,,,,,,,,,,,,,,,,,679.059,688.058,space,8.987,,,,,,,,,,,,,,,,,,,,,,,,,,,,,,,,,,688.069,691.489,y,3.411,,0,0,0,4,1,stimuliTAFCfirst/nimnym005.wav,,,,,,,,,,,,,
,,,,,66534629aeb03f1625e20710,001,2024-05-27_10h35.33.581,mathesisv2,2024.1.3,Win32,165.0165017,,,,,,,,,,,,,,,,,y,,,,,,,,,,,,,,,,,,,,,,,,,,,,,,,,,,,,,,,,,,,,,,,,,,,,,,,,,,,,,,,691.491,693.155,y,1.659,,0,1,1,6,1,stimuliTAFCfirst/nimnym007.wav,,,,,,,,,,,,,
,,,,,66534629aeb03f1625e20710,001,2024-05-27_10h35.33.581,mathesisv2,2024.1.3,Win32,165.0165017,,,,,,,,,,,,,,,,,e,,,,,,,,,,,,,,,,,,,,,,,,,,,,,,,,,,,,,,,,,,,,,,,,,,,,,,,,,,,,,,,693.156,694.773,e,1.612,,0,2,2,2,1,stimuliTAFCfirst/nimnym003.wav,,,,,,,,,,,,,
,,,,,66534629aeb03f1625e20710,001,2024-05-27_10h35.33.581,mathesisv2,2024.1.3,Win32,165.0165017,,,,,,,,,,,,,,,,,y,,,,,,,,,,,,,,,,,,,,,,,,,,,,,,,,,,,,,,,,,,,,,,,,,,,,,,,,,,,,,,,694.773,696.366,y,1.588,,0,3,3,5,1,stimuliTAFCfirst/nimnym006.wav,,,,,,,,,,,,,
,,,,,66534629aeb03f1625e20710,001,2024-05-27_10h35.33.581,mathesisv2,2024.1.3,Win32,165.0165017,,,,,,,,,,,,,,,,,e,,,,,,,,,,,,,,,,,,,,,,,,,,,,,,,,,,,,,,,,,,,,,,,,,,,,,,,,,,,,,,,696.367,697.669,e,1.298,,0,4,4,0,1,stimuliTAFCfirst/nimnym001.wav,,,,,,,,,,,,,
,,,,,66534629aeb03f1625e20710,001,2024-05-27_10h35.33.581,mathesisv2,2024.1.3,Win32,165.0165017,,,,,,,,,,,,,,,,,x,,,,,,,,,,,,,,,,,,,,,,,,,,,,,,,,,,,,,,,,,,,,,,,,,,,,,,,,,,,,,,,697.67,699.367,e,1.69,,0,5,5,3,1,stimuliTAFCfirst/nimnym004.wav,,,,,,,,,,,,,
,,,,,66534629aeb03f1625e20710,001,2024-05-27_10h35.33.581,mathesisv2,2024.1.3,Win32,165.0165017,,,,,,,,,,,,,,,,,e,,,,,,,,,,,,,,,,,,,,,,,,,,,,,,,,,,,,,,,,,,,,,,,,,,,,,,,,,,,,,,,699.367,700.718,e,1.344,,0,6,6,1,1,stimuliTAFCfirst/nimnym002.wav,,,,,,,,,,,,,
,,,,,66534629aeb03f1625e20710,001,2024-05-27_10h35.33.581,mathesisv2,2024.1.3,Win32,165.0165017,,,,,,,,,,,,,,,,,y,,,,,,,,,,,,,,,,,,,,,,,,,,,,,,,,,,,,,,,,,,,,,,,,,,,,,,,,,,,,,,,700.719,702.111,y,1.388,,1,0,7,5,1,stimuliTAFCfirst/nimnym006.wav,,,,,,,,,,,,,
,,,,,66534629aeb03f1625e20710,001,2024-05-27_10h35.33.581,mathesisv2,2024.1.3,Win32,165.0165017,,,,,,,,,,,,,,,,,y,,,,,,,,,,,,,,,,,,,,,,,,,,,,,,,,,,,,,,,,,,,,,,,,,,,,,,,,,,,,,,,702.112,703.846,y,1.728,,1,1,8,4,1,stimuliTAFCfirst/nimnym005.wav,,,,,,,,,,,,,
,,,,,66534629aeb03f1625e20710,001,2024-05-27_10h35.33.581,mathesisv2,2024.1.3,Win32,165.0165017,,,,,,,,,,,,,,,,,e,,,,,,,,,,,,,,,,,,,,,,,,,,,,,,,,,,,,,,,,,,,,,,,,,,,,,,,,,,,,,,,703.846,705.233,e,1.381,,1,2,9,0,1,stimuliTAFCfirst/nimnym001.wav,,,,,,,,,,,,,
,,,,,66534629aeb03f1625e20710,001,2024-05-27_10h35.33.581,mathesisv2,2024.1.3,Win32,165.0165017,,,,,,,,,,,,,,,,,e,,,,,,,,,,,,,,,,,,,,,,,,,,,,,,,,,,,,,,,,,,,,,,,,,,,,,,,,,,,,,,,705.233,706.646,e,1.407,,1,3,10,2,1,stimuliTAFCfirst/nimnym003.wav,,,,,,,,,,,,,
,,,,,66534629aeb03f1625e20710,001,2024-05-27_10h35.33.581,mathesisv2,2024.1.3,Win32,165.0165017,,,,,,,,,,,,,,,,,y,,,,,,,,,,,,,,,,,,,,,,,,,,,,,,,,,,,,,,,,,,,,,,,,,,,,,,,,,,,,,,,706.646,708.014,y,1.363,,1,4,11,6,1,stimuliTAFCfirst/nimnym007.wav,,,,,,,,,,,,,
,,,,,66534629aeb03f1625e20710,001,2024-05-27_10h35.33.581,mathesisv2,2024.1.3,Win32,165.0165017,,,,,,,,,,,,,,,,,x,,,,,,,,,,,,,,,,,,,,,,,,,,,,,,,,,,,,,,,,,,,,,,,,,,,,,,,,,,,,,,,708.015,709.445,y,1.423,,1,5,12,3,1,stimuliTAFCfirst/nimnym004.wav,,,,,,,,,,,,,
,,,,,66534629aeb03f1625e20710,001,2024-05-27_10h35.33.581,mathesisv2,2024.1.3,Win32,165.0165017,,,,,,,,,,,,,,,,,e,,,,,,,,,,,,,,,,,,,,,,,,,,,,,,,,,,,,,,,,,,,,,,,,,,,,,,,,,,,,,,,709.445,710.712,e,1.261,,1,6,13,1,1,stimuliTAFCfirst/nimnym002.wav,,,,,,,,,,,,,
,,,,,66534629aeb03f1625e20710,001,2024-05-27_10h35.33.581,mathesisv2,2024.1.3,Win32,165.0165017,,,,,,,,,,,,,,,,,x,710.712,712.063,space,1.339,,,,,,,,,,,,,,,,,,,,,,,,,,,,,,,,,,,,,,,,,,,,,,,,,,,,,,,,,,,,,,,,,,,,,,712.075,713.887,u,1.801,,0,0,0,3,1,stimuliTAFCsec/numnym004.wav,,
,,,,,66534629aeb03f1625e20710,001,2024-05-27_10h35.33.581,mathesisv2,2024.1.3,Win32,165.0165017,,,,,,,,,,,,,,,,,u,,,,,,,,,,,,,,,,,,,,,,,,,,,,,,,,,,,,,,,,,,,,,,,,,,,,,,,,,,,,,,,,,,,,,,,,,,713.887,715.159,u,1.266,,0,1,1,2,1,stimuliTAFCsec/numnym003.wav,,
,,,,,66534629aeb03f1625e20710,001,2024-05-27_10h35.33.581,mathesisv2,2024.1.3,Win32,165.0165017,,,,,,,,,,,,,,,,,y,,,,,,,,,,,,,,,,,,,,,,,,,,,,,,,,,,,,,,,,,,,,,,,,,,,,,,,,,,,,,,,,,,,,,,,,,,715.16,716.402,y,1.237,,0,2,2,4,1,stimuliTAFCsec/numnym005.wav,,
,,,,,66534629aeb03f1625e20710,001,2024-05-27_10h35.33.581,mathesisv2,2024.1.3,Win32,165.0165017,,,,,,,,,,,,,,,,,u,,,,,,,,,,,,,,,,,,,,,,,,,,,,,,,,,,,,,,,,,,,,,,,,,,,,,,,,,,,,,,,,,,,,,,,,,,716.403,717.935,u,1.526,,0,3,3,1,1,stimuliTAFCsec/numnym002.wav,,
,,,,,66534629aeb03f1625e20710,001,2024-05-27_10h35.33.581,mathesisv2,2024.1.3,Win32,165.0165017,,,,,,,,,,,,,,,,,y,,,,,,,,,,,,,,,,,,,,,,,,,,,,,,,,,,,,,,,,,,,,,,,,,,,,,,,,,,,,,,,,,,,,,,,,,,717.936,719.092,y,1.15,,0,4,4,5,1,stimuliTAFCsec/numnym006.wav,,
,,,,,66534629aeb03f1625e20710,001,2024-05-27_10h35.33.581,mathesisv2,2024.1.3,Win32,165.0165017,,,,,,,,,,,,,,,,,u,,,,,,,,,,,,,,,,,,,,,,,,,,,,,,,,,,,,,,,,,,,,,,,,,,,,,,,,,,,,,,,,,,,,,,,,,,719.093,720.571,u,1.474,,0,5,5,0,1,stimuliTAFCsec/numnym001.wav,,
,,,,,66534629aeb03f1625e20710,001,2024-05-27_10h35.33.581,mathesisv2,2024.1.3,Win32,165.0165017,,,,,,,,,,,,,,,,,y,,,,,,,,,,,,,,,,,,,,,,,,,,,,,,,,,,,,,,,,,,,,,,,,,,,,,,,,,,,,,,,,,,,,,,,,,,720.572,721.79,y,1.213,,0,6,6,6,1,stimuliTAFCsec/numnym007.wav,,
,,,,,66534629aeb03f1625e20710,001,2024-05-27_10h35.33.581,mathesisv2,2024.1.3,Win32,165.0165017,,,,,,,,,,,,,,,,,y,,,,,,,,,,,,,,,,,,,,,,,,,,,,,,,,,,,,,,,,,,,,,,,,,,,,,,,,,,,,,,,,,,,,,,,,,,721.79,723.068,y,1.273,,1,0,7,5,1,stimuliTAFCsec/numnym006.wav,,
,,,,,66534629aeb03f1625e20710,001,2024-05-27_10h35.33.581,mathesisv2,2024.1.3,Win32,165.0165017,,,,,,,,,,,,,,,,,y,,,,,,,,,,,,,,,,,,,,,,,,,,,,,,,,,,,,,,,,,,,,,,,,,,,,,,,,,,,,,,,,,,,,,,,,,,723.069,724.396,y,1.322,,1,1,8,6,1,stimuliTAFCsec/numnym007.wav,,
,,,,,66534629aeb03f1625e20710,001,2024-05-27_10h35.33.581,mathesisv2,2024.1.3,Win32,165.0165017,,,,,,,,,,,,,,,,,u,,,,,,,,,,,,,,,,,,,,,,,,,,,,,,,,,,,,,,,,,,,,,,,,,,,,,,,,,,,,,,,,,,,,,,,,,,724.398,725.729,u,1.326,,1,2,9,0,1,stimuliTAFCsec/numnym001.wav,,
,,,,,66534629aeb03f1625e20710,001,2024-05-27_10h35.33.581,mathesisv2,2024.1.3,Win32,165.0165017,,,,,,,,,,,,,,,,,x,,,,,,,,,,,,,,,,,,,,,,,,,,,,,,,,,,,,,,,,,,,,,,,,,,,,,,,,,,,,,,,,,,,,,,,,,,725.729,727.025,u,1.291,,1,3,10,3,1,stimuliTAFCsec/numnym004.wav,,
,,,,,66534629aeb03f1625e20710,001,2024-05-27_10h35.33.581,mathesisv2,2024.1.3,Win32,165.0165017,,,,,,,,,,,,,,,,,y,,,,,,,,,,,,,,,,,,,,,,,,,,,,,,,,,,,,,,,,,,,,,,,,,,,,,,,,,,,,,,,,,,,,,,,,,,727.026,728.346,y,1.315,,1,4,11,4,1,stimuliTAFCsec/numnym005.wav,,
,,,,,66534629aeb03f1625e20710,001,2024-05-27_10h35.33.581,mathesisv2,2024.1.3,Win32,165.0165017,,,,,,,,,,,,,,,,,u,,,,,,,,,,,,,,,,,,,,,,,,,,,,,,,,,,,,,,,,,,,,,,,,,,,,,,,,,,,,,,,,,,,,,,,,,,728.347,729.766,u,1.412,,1,5,12,2,1,stimuliTAFCsec/numnym003.wav,,
,,,,,66534629aeb03f1625e20710,001,2024-05-27_10h35.33.581,mathesisv2,2024.1.3,Win32,165.0165017,,,,,,,,,,,,,,,,,u,,,,,,,,,,,,,,,,,,,,,,,,,,,,,,,,,,,,,,,,,,,,,,,,,,,,,,,,,,,,,,,,,,,,,,,,,,729.766,731.116,u,1.345,,1,6,13,1,1,stimuliTAFCsec/numnym002.wav,,
,,,,,66534629aeb03f1625e20710,001,2024-05-27_10h35.33.581,mathesisv2,2024.1.3,Win32,165.0165017,,,,,,,,,,,,,,,,,,,,,,,,,,,,,,,,,,,,,,,,,,,731.117,740.952,space,9.825,,,,,,,,,,,,,,,,,,,,,,,,,,,,,,,,,,,,,,,,,,,,,,,,,,,,,,,,740.952,745.952
