﻿start.started,start.stopped,startkey_resp.keys,startkey_resp.rt,startkey_resp.duration,participant,session,date,expName,psychopyVersion,OS,frameRate,attention.started,attention.stopped,key_resp.keys,key_resp.rt,key_resp.duration,stimuliAXBmix.started,stimuliAXBmix.stopped,stimuliAXBkey_resp.keys,stimuliAXBkey_resp.rt,stimuliAXBkey_resp.duration,stimuliAXBtesttrials.thisRepN,stimuliAXBtesttrials.thisTrialN,stimuliAXBtesttrials.thisN,stimuliAXBtesttrials.thisIndex,stimuliAXBtesttrials.ran,stimuliAXBmix,Correct,attentionsecond.started,attentionsecond.stopped,attentionsecondkey_resp.keys,attentionsecondkey_resp.rt,attentionsecondkey_resp.duration,instAXBreal.started,instAXBreal.stopped,instAXBrealkey_resp.keys,instAXBrealkey_resp.rt,instAXBrealkey_resp.duration,stimuliAXBmixfirst.thisRepN,stimuliAXBmixfirst.thisTrialN,stimuliAXBmixfirst.thisN,stimuliAXBmixfirst.thisIndex,stimuliAXBmixfirst.ran,attentionfirst.started,attentionfirst.stopped,attentionfirstkey_resp.keys,attentionfirstkey_resp.rt,attentionfirstkey_resp.duration,stimuliAXbmixsec.thisRepN,stimuliAXbmixsec.thisTrialN,stimuliAXbmixsec.thisN,stimuliAXbmixsec.thisIndex,stimuliAXbmixsec.ran,kaffeepause.started,kaffeepause.stopped,kaffeepausekey_resp.keys,kaffeepausekey_resp.rt,kaffeepausekey_resp.duration,instTAFCtest.started,instTAFCtest.stopped,instTAFCtestkey_resp.keys,instTAFCtestkey_resp.rt,instTAFCtestkey_resp.duration,testTAFCmixfirst.started,testTAFCmixfirst.stopped,testTAFCmixfirstkey_resp.keys,testTAFCmixfirstkey_resp.rt,testTAFCmixfirstkey_resp.duration,testTAFCmixfirsttrials.thisRepN,testTAFCmixfirsttrials.thisTrialN,testTAFCmixfirsttrials.thisN,testTAFCmixfirsttrials.thisIndex,testTAFCmixfirsttrials.ran,testTAFCmixfirst,testTAFCmixsec.started,testTAFCmixsec.stopped,testTAFCmixseckey_resp.keys,testTAFCmixseckey_resp.rt,testTAFCmixseckey_resp.duration,testTAFCmixsectrials.thisRepN,testTAFCmixsectrials.thisTrialN,testTAFCmixsectrials.thisN,testTAFCmixsectrials.thisIndex,testTAFCmixsectrials.ran,testTAFCmixsec,instTAFCreal.started,instTAFCreal.stopped,instTAFCrealkey_resp.keys,instTAFCrealkey_resp.rt,instTAFCrealkey_resp.duration,stimuliTAFCfirst.started,stimuliTAFCfirst.stopped,stimuliTAFCfirstkey_resp.keys,stimuliTAFCfirstkey_resp.rt,stimuliTAFCfirstkey_resp.duration,stimuliTAFCfirsttrials.thisRepN,stimuliTAFCfirsttrials.thisTrialN,stimuliTAFCfirsttrials.thisN,stimuliTAFCfirsttrials.thisIndex,stimuliTAFCfirsttrials.ran,stimuliTAFCfirst,stimuliTAFCsec.started,stimuliTAFCsec.stopped,stimuliTAFCseckey_resp.keys,stimuliTAFCseckey_resp.rt,stimuliTAFCseckey_resp.duration,stimuliTAFCsectrials.thisRepN,stimuliTAFCsectrials.thisTrialN,stimuliTAFCsectrials.thisN,stimuliTAFCsectrials.thisIndex,stimuliTAFCsectrials.ran,stimuliTAFCsec,end.started,end.stopped
0.0001,34.6665,space,34.6544,,5f3ab6212d394935162684d5,001,2024-05-29_13h29.42.410,mathesisv2,2024.1.3,Win32,60.24096386,,,,,,,,,,,,,,,,,,,,,,,,,,,,,,,,,,,,,,,,,,,,,,,,,,,,,,,,,,,,,,,,,,,,,,,,,,,,,,,,,,,,,,,,,,,,,,,,,,,,,,,
,,,,,5f3ab6212d394935162684d5,001,2024-05-29_13h29.42.410,mathesisv2,2024.1.3,Win32,60.24096386,34.6666,41.2218,space,6.5311,,,,,,,,,,,,,,,,,,,,,,,,,,,,,,,,,,,,,,,,,,,,,,,,,,,,,,,,,,,,,,,,,,,,,,,,,,,,,,,,,,,,,,,,,,,,,,,,,,,
,,,,,5f3ab6212d394935162684d5,001,2024-05-29_13h29.42.410,mathesisv2,2024.1.3,Win32,60.24096386,,,,,,41.2302,52.5479,f,11.3038,,0,0,0,2,1,stimuliAXBmix/yuustimulus.wav,f,,,,,,,,,,,,,,,,,,,,,,,,,,,,,,,,,,,,,,,,,,,,,,,,,,,,,,,,,,,,,,,,,,,,,,,,,,,,,,,,,,,,,,
,,,,,5f3ab6212d394935162684d5,001,2024-05-29_13h29.42.410,mathesisv2,2024.1.3,Win32,60.24096386,,,,,,52.5483,57.0347,l,4.4409,,0,1,1,3,1,stimuliAXBmix/yyustimulus.wav,l,,,,,,,,,,,,,,,,,,,,,,,,,,,,,,,,,,,,,,,,,,,,,,,,,,,,,,,,,,,,,,,,,,,,,,,,,,,,,,,,,,,,,,
,,,,,5f3ab6212d394935162684d5,001,2024-05-29_13h29.42.410,mathesisv2,2024.1.3,Win32,60.24096386,,,,,,57.0396,60.2039,l,3.1467,,0,2,2,0,1,stimuliAXBmix/iiystimulus.wav,l,,,,,,,,,,,,,,,,,,,,,,,,,,,,,,,,,,,,,,,,,,,,,,,,,,,,,,,,,,,,,,,,,,,,,,,,,,,,,,,,,,,,,,
,,,,,5f3ab6212d394935162684d5,001,2024-05-29_13h29.42.410,mathesisv2,2024.1.3,Win32,60.24096386,,,,,,60.2089,63.1738,f,2.9528,,0,3,3,1,1,stimuliAXBmix/iyystimulus.wav,f,,,,,,,,,,,,,,,,,,,,,,,,,,,,,,,,,,,,,,,,,,,,,,,,,,,,,,,,,,,,,,,,,,,,,,,,,,,,,,,,,,,,,,
,,,,,5f3ab6212d394935162684d5,001,2024-05-29_13h29.42.410,mathesisv2,2024.1.3,Win32,60.24096386,,,,,,,,,,,,,,,,,,63.1742,66.1432,space,2.9528,,,,,,,,,,,,,,,,,,,,,,,,,,,,,,,,,,,,,,,,,,,,,,,,,,,,,,,,,,,,,,,,,,,,,,,,,,,,,,,,,,
,,,,,5f3ab6212d394935162684d5,001,2024-05-29_13h29.42.410,mathesisv2,2024.1.3,Win32,60.24096386,,,,,,,,,,,,,,,,,,,,,,,66.1433,71.5304,space,5.3671,,,,,,,,,,,,,,,,,,,,,,,,,,,,,,,,,,,,,,,,,,,,,,,,,,,,,,,,,,,,,,,,,,,,,,,,,,,,,
,,,,,5f3ab6212d394935162684d5,001,2024-05-29_13h29.42.410,mathesisv2,2024.1.3,Win32,60.24096386,,,,,,71.5389,74.9496,l,3.3874,,,,,,,stimuliAXBmix/yyustimulus.wav,l,,,,,,,,,,,0,0,0,3,1,,,,,,,,,,,,,,,,,,,,,,,,,,,,,,,,,,,,,,,,,,,,,,,,,,,,,,,,,,,,,,,,,,,,,,,
,,,,,5f3ab6212d394935162684d5,001,2024-05-29_13h29.42.410,mathesisv2,2024.1.3,Win32,60.24096386,,,,,,74.9545,78.0854,f,3.1036,,,,,,,stimuliAXBmix/iyystimulus.wav,f,,,,,,,,,,,0,1,1,1,1,,,,,,,,,,,,,,,,,,,,,,,,,,,,,,,,,,,,,,,,,,,,,,,,,,,,,,,,,,,,,,,,,,,,,,,
,,,,,5f3ab6212d394935162684d5,001,2024-05-29_13h29.42.410,mathesisv2,2024.1.3,Win32,60.24096386,,,,,,78.0902,81.6717,l,3.5678,,,,,,,stimuliAXBmix/iiystimulus.wav,l,,,,,,,,,,,0,2,2,0,1,,,,,,,,,,,,,,,,,,,,,,,,,,,,,,,,,,,,,,,,,,,,,,,,,,,,,,,,,,,,,,,,,,,,,,,
,,,,,5f3ab6212d394935162684d5,001,2024-05-29_13h29.42.410,mathesisv2,2024.1.3,Win32,60.24096386,,,,,,81.6719,85.0585,f,3.3697,,,,,,,stimuliAXBmix/yuustimulus.wav,f,,,,,,,,,,,0,3,3,2,1,,,,,,,,,,,,,,,,,,,,,,,,,,,,,,,,,,,,,,,,,,,,,,,,,,,,,,,,,,,,,,,,,,,,,,,
,,,,,5f3ab6212d394935162684d5,001,2024-05-29_13h29.42.410,mathesisv2,2024.1.3,Win32,60.24096386,,,,,,85.063,88.4441,f,3.3633,,,,,,,stimuliAXBmix/iyystimulus.wav,f,,,,,,,,,,,1,0,4,1,1,,,,,,,,,,,,,,,,,,,,,,,,,,,,,,,,,,,,,,,,,,,,,,,,,,,,,,,,,,,,,,,,,,,,,,,
,,,,,5f3ab6212d394935162684d5,001,2024-05-29_13h29.42.410,mathesisv2,2024.1.3,Win32,60.24096386,,,,,,88.4491,91.8801,l,3.4094,,,,,,,stimuliAXBmix/iiystimulus.wav,l,,,,,,,,,,,1,1,5,0,1,,,,,,,,,,,,,,,,,,,,,,,,,,,,,,,,,,,,,,,,,,,,,,,,,,,,,,,,,,,,,,,,,,,,,,,
,,,,,5f3ab6212d394935162684d5,001,2024-05-29_13h29.42.410,mathesisv2,2024.1.3,Win32,60.24096386,,,,,,91.8802,96.5172,f,4.6131,,,,,,,stimuliAXBmix/yyustimulus.wav,l,,,,,,,,,,,1,2,6,3,1,,,,,,,,,,,,,,,,,,,,,,,,,,,,,,,,,,,,,,,,,,,,,,,,,,,,,,,,,,,,,,,,,,,,,,,
,,,,,5f3ab6212d394935162684d5,001,2024-05-29_13h29.42.410,mathesisv2,2024.1.3,Win32,60.24096386,,,,,,96.5221,99.8539,f,3.3195,,,,,,,stimuliAXBmix/yuustimulus.wav,f,,,,,,,,,,,1,3,7,2,1,,,,,,,,,,,,,,,,,,,,,,,,,,,,,,,,,,,,,,,,,,,,,,,,,,,,,,,,,,,,,,,,,,,,,,,
,,,,,5f3ab6212d394935162684d5,001,2024-05-29_13h29.42.410,mathesisv2,2024.1.3,Win32,60.24096386,,,,,,99.8542,103.8066,f,3.9278,,,,,,,stimuliAXBmix/yuustimulus.wav,f,,,,,,,,,,,2,0,8,2,1,,,,,,,,,,,,,,,,,,,,,,,,,,,,,,,,,,,,,,,,,,,,,,,,,,,,,,,,,,,,,,,,,,,,,,,
,,,,,5f3ab6212d394935162684d5,001,2024-05-29_13h29.42.410,mathesisv2,2024.1.3,Win32,60.24096386,,,,,,103.8114,107.1928,l,3.3586,,,,,,,stimuliAXBmix/iiystimulus.wav,l,,,,,,,,,,,2,1,9,0,1,,,,,,,,,,,,,,,,,,,,,,,,,,,,,,,,,,,,,,,,,,,,,,,,,,,,,,,,,,,,,,,,,,,,,,,
,,,,,5f3ab6212d394935162684d5,001,2024-05-29_13h29.42.410,mathesisv2,2024.1.3,Win32,60.24096386,,,,,,107.1976,110.8631,l,3.6531,,,,,,,stimuliAXBmix/yyustimulus.wav,l,,,,,,,,,,,2,2,10,3,1,,,,,,,,,,,,,,,,,,,,,,,,,,,,,,,,,,,,,,,,,,,,,,,,,,,,,,,,,,,,,,,,,,,,,,,
,,,,,5f3ab6212d394935162684d5,001,2024-05-29_13h29.42.410,mathesisv2,2024.1.3,Win32,60.24096386,,,,,,110.8678,115.467,f,4.5874,,,,,,,stimuliAXBmix/iyystimulus.wav,f,,,,,,,,,,,2,3,11,1,1,,,,,,,,,,,,,,,,,,,,,,,,,,,,,,,,,,,,,,,,,,,,,,,,,,,,,,,,,,,,,,,,,,,,,,,
,,,,,5f3ab6212d394935162684d5,001,2024-05-29_13h29.42.410,mathesisv2,2024.1.3,Win32,60.24096386,,,,,,127.0997,130.6796,l,3.5698,,,,,,,stimuliAXBmix/yyustimulus.wav,l,,,,,,,,,,,,,,,,115.4674,127.0934,return,11.6097,,0,0,0,3,1,,,,,,,,,,,,,,,,,,,,,,,,,,,,,,,,,,,,,,,,,,,,,,,,,,,,,,,,,,,,,
,,,,,5f3ab6212d394935162684d5,001,2024-05-29_13h29.42.410,mathesisv2,2024.1.3,Win32,60.24096386,,,,,,130.6798,134.2818,f,3.5822,,,,,,,stimuliAXBmix/yuustimulus.wav,f,,,,,,,,,,,,,,,,,,,,,0,1,1,2,1,,,,,,,,,,,,,,,,,,,,,,,,,,,,,,,,,,,,,,,,,,,,,,,,,,,,,,,,,,,,,
,,,,,5f3ab6212d394935162684d5,001,2024-05-29_13h29.42.410,mathesisv2,2024.1.3,Win32,60.24096386,,,,,,134.2865,138.4353,f,4.1232,,,,,,,stimuliAXBmix/iyystimulus.wav,f,,,,,,,,,,,,,,,,,,,,,0,2,2,1,1,,,,,,,,,,,,,,,,,,,,,,,,,,,,,,,,,,,,,,,,,,,,,,,,,,,,,,,,,,,,,
,,,,,5f3ab6212d394935162684d5,001,2024-05-29_13h29.42.410,mathesisv2,2024.1.3,Win32,60.24096386,,,,,,138.4401,142.4553,l,4.0019,,,,,,,stimuliAXBmix/iiystimulus.wav,l,,,,,,,,,,,,,,,,,,,,,0,3,3,0,1,,,,,,,,,,,,,,,,,,,,,,,,,,,,,,,,,,,,,,,,,,,,,,,,,,,,,,,,,,,,,
,,,,,5f3ab6212d394935162684d5,001,2024-05-29_13h29.42.410,mathesisv2,2024.1.3,Win32,60.24096386,,,,,,142.4602,146.9265,l,4.454,,,,,,,stimuliAXBmix/yyustimulus.wav,l,,,,,,,,,,,,,,,,,,,,,1,0,4,3,1,,,,,,,,,,,,,,,,,,,,,,,,,,,,,,,,,,,,,,,,,,,,,,,,,,,,,,,,,,,,,
,,,,,5f3ab6212d394935162684d5,001,2024-05-29_13h29.42.410,mathesisv2,2024.1.3,Win32,60.24096386,,,,,,146.931,150.4954,f,3.5436,,,,,,,stimuliAXBmix/iyystimulus.wav,f,,,,,,,,,,,,,,,,,,,,,1,1,5,1,1,,,,,,,,,,,,,,,,,,,,,,,,,,,,,,,,,,,,,,,,,,,,,,,,,,,,,,,,,,,,,
,,,,,5f3ab6212d394935162684d5,001,2024-05-29_13h29.42.410,mathesisv2,2024.1.3,Win32,60.24096386,,,,,,150.5002,154.0982,f,3.5817,,,,,,,stimuliAXBmix/yuustimulus.wav,f,,,,,,,,,,,,,,,,,,,,,1,2,6,2,1,,,,,,,,,,,,,,,,,,,,,,,,,,,,,,,,,,,,,,,,,,,,,,,,,,,,,,,,,,,,,
,,,,,5f3ab6212d394935162684d5,001,2024-05-29_13h29.42.410,mathesisv2,2024.1.3,Win32,60.24096386,,,,,,154.103,157.3849,l,3.2695,,,,,,,stimuliAXBmix/iiystimulus.wav,l,,,,,,,,,,,,,,,,,,,,,1,3,7,0,1,,,,,,,,,,,,,,,,,,,,,,,,,,,,,,,,,,,,,,,,,,,,,,,,,,,,,,,,,,,,,
,,,,,5f3ab6212d394935162684d5,001,2024-05-29_13h29.42.410,mathesisv2,2024.1.3,Win32,60.24096386,,,,,,163.1955,166.8422,l,3.6239,,,,,,,stimuliAXBmix/iiystimulus.wav,l,,,,,,,,,,,0,0,0,0,1,,,,,,,,,,,157.3852,163.1895,space,5.7728,,,,,,,,,,,,,,,,,,,,,,,,,,,,,,,,,,,,,,,,,,,,,,,,,,,,,,,,,
,,,,,5f3ab6212d394935162684d5,001,2024-05-29_13h29.42.410,mathesisv2,2024.1.3,Win32,60.24096386,,,,,,166.8425,170.3784,f,3.5071,,,,,,,stimuliAXBmix/yuustimulus.wav,f,,,,,,,,,,,0,1,1,2,1,,,,,,,,,,,,,,,,,,,,,,,,,,,,,,,,,,,,,,,,,,,,,,,,,,,,,,,,,,,,,,,,,,,,,,,
,,,,,5f3ab6212d394935162684d5,001,2024-05-29_13h29.42.410,mathesisv2,2024.1.3,Win32,60.24096386,,,,,,170.3831,173.7979,l,3.387,,,,,,,stimuliAXBmix/yyustimulus.wav,l,,,,,,,,,,,0,2,2,3,1,,,,,,,,,,,,,,,,,,,,,,,,,,,,,,,,,,,,,,,,,,,,,,,,,,,,,,,,,,,,,,,,,,,,,,,
,,,,,5f3ab6212d394935162684d5,001,2024-05-29_13h29.42.410,mathesisv2,2024.1.3,Win32,60.24096386,,,,,,173.8026,177.3675,f,3.5511,,,,,,,stimuliAXBmix/iyystimulus.wav,f,,,,,,,,,,,0,3,3,1,1,,,,,,,,,,,,,,,,,,,,,,,,,,,,,,,,,,,,,,,,,,,,,,,,,,,,,,,,,,,,,,,,,,,,,,,
,,,,,5f3ab6212d394935162684d5,001,2024-05-29_13h29.42.410,mathesisv2,2024.1.3,Win32,60.24096386,,,,,,177.3722,180.9537,l,3.5656,,,,,,,stimuliAXBmix/iiystimulus.wav,l,,,,,,,,,,,1,0,4,0,1,,,,,,,,,,,,,,,,,,,,,,,,,,,,,,,,,,,,,,,,,,,,,,,,,,,,,,,,,,,,,,,,,,,,,,,
,,,,,5f3ab6212d394935162684d5,001,2024-05-29_13h29.42.410,mathesisv2,2024.1.3,Win32,60.24096386,,,,,,180.954,184.6074,f,3.6363,,,,,,,stimuliAXBmix/iyystimulus.wav,f,,,,,,,,,,,1,1,5,1,1,,,,,,,,,,,,,,,,,,,,,,,,,,,,,,,,,,,,,,,,,,,,,,,,,,,,,,,,,,,,,,,,,,,,,,,
,,,,,5f3ab6212d394935162684d5,001,2024-05-29_13h29.42.410,mathesisv2,2024.1.3,Win32,60.24096386,,,,,,184.612,188.2938,l,3.6699,,,,,,,stimuliAXBmix/yyustimulus.wav,l,,,,,,,,,,,1,2,6,3,1,,,,,,,,,,,,,,,,,,,,,,,,,,,,,,,,,,,,,,,,,,,,,,,,,,,,,,,,,,,,,,,,,,,,,,,
,,,,,5f3ab6212d394935162684d5,001,2024-05-29_13h29.42.410,mathesisv2,2024.1.3,Win32,60.24096386,,,,,,188.298,191.8462,f,3.5207,,,,,,,stimuliAXBmix/yuustimulus.wav,f,,,,,,,,,,,1,3,7,2,1,,,,,,,,,,,,,,,,,,,,,,,,,,,,,,,,,,,,,,,,,,,,,,,,,,,,,,,,,,,,,,,,,,,,,,,
,,,,,5f3ab6212d394935162684d5,001,2024-05-29_13h29.42.410,mathesisv2,2024.1.3,Win32,60.24096386,,,,,,191.8511,195.4497,f,3.5864,,,,,,,stimuliAXBmix/iyystimulus.wav,f,,,,,,,,,,,2,0,8,1,1,,,,,,,,,,,,,,,,,,,,,,,,,,,,,,,,,,,,,,,,,,,,,,,,,,,,,,,,,,,,,,,,,,,,,,,
,,,,,5f3ab6212d394935162684d5,001,2024-05-29_13h29.42.410,mathesisv2,2024.1.3,Win32,60.24096386,,,,,,195.4548,199.5033,l,4.0369,,,,,,,stimuliAXBmix/yyustimulus.wav,l,,,,,,,,,,,2,1,9,3,1,,,,,,,,,,,,,,,,,,,,,,,,,,,,,,,,,,,,,,,,,,,,,,,,,,,,,,,,,,,,,,,,,,,,,,,
,,,,,5f3ab6212d394935162684d5,001,2024-05-29_13h29.42.410,mathesisv2,2024.1.3,Win32,60.24096386,,,,,,199.508,203.2558,l,3.7264,,,,,,,stimuliAXBmix/iiystimulus.wav,l,,,,,,,,,,,2,2,10,0,1,,,,,,,,,,,,,,,,,,,,,,,,,,,,,,,,,,,,,,,,,,,,,,,,,,,,,,,,,,,,,,,,,,,,,,,
,,,,,5f3ab6212d394935162684d5,001,2024-05-29_13h29.42.410,mathesisv2,2024.1.3,Win32,60.24096386,,,,,,203.2606,207.1596,f,3.8867,,,,,,,stimuliAXBmix/yuustimulus.wav,f,,,,,,,,,,,2,3,11,2,1,,,,,,,,,,,,,,,,,,,,,,,,,,,,,,,,,,,,,,,,,,,,,,,,,,,,,,,,,,,,,,,,,,,,,,,
,,,,,5f3ab6212d394935162684d5,001,2024-05-29_13h29.42.410,mathesisv2,2024.1.3,Win32,60.24096386,,,,,,212.086,215.95,f,3.8533,,,,,,,stimuliAXBmix/yuustimulus.wav,f,,,,,,,,,,,,,,,,207.1596,212.0802,return,4.9041,,0,0,0,2,1,,,,,,,,,,,,,,,,,,,,,,,,,,,,,,,,,,,,,,,,,,,,,,,,,,,,,,,,,,,,,
,,,,,5f3ab6212d394935162684d5,001,2024-05-29_13h29.42.410,mathesisv2,2024.1.3,Win32,60.24096386,,,,,,215.955,219.403,f,3.4363,,,,,,,stimuliAXBmix/iyystimulus.wav,f,,,,,,,,,,,,,,,,,,,,,0,1,1,1,1,,,,,,,,,,,,,,,,,,,,,,,,,,,,,,,,,,,,,,,,,,,,,,,,,,,,,,,,,,,,,
,,,,,5f3ab6212d394935162684d5,001,2024-05-29_13h29.42.410,mathesisv2,2024.1.3,Win32,60.24096386,,,,,,219.4076,222.8885,l,3.4584,,,,,,,stimuliAXBmix/iiystimulus.wav,l,,,,,,,,,,,,,,,,,,,,,0,2,2,0,1,,,,,,,,,,,,,,,,,,,,,,,,,,,,,,,,,,,,,,,,,,,,,,,,,,,,,,,,,,,,,
,,,,,5f3ab6212d394935162684d5,001,2024-05-29_13h29.42.410,mathesisv2,2024.1.3,Win32,60.24096386,,,,,,222.8889,226.3922,l,3.4864,,,,,,,stimuliAXBmix/yyustimulus.wav,l,,,,,,,,,,,,,,,,,,,,,0,3,3,3,1,,,,,,,,,,,,,,,,,,,,,,,,,,,,,,,,,,,,,,,,,,,,,,,,,,,,,,,,,,,,,
,,,,,5f3ab6212d394935162684d5,001,2024-05-29_13h29.42.410,mathesisv2,2024.1.3,Win32,60.24096386,,,,,,226.3974,230.0945,f,3.6856,,,,,,,stimuliAXBmix/iyystimulus.wav,f,,,,,,,,,,,,,,,,,,,,,1,0,4,1,1,,,,,,,,,,,,,,,,,,,,,,,,,,,,,,,,,,,,,,,,,,,,,,,,,,,,,,,,,,,,,
,,,,,5f3ab6212d394935162684d5,001,2024-05-29_13h29.42.410,mathesisv2,2024.1.3,Win32,60.24096386,,,,,,230.0991,233.8149,l,3.7033,,,,,,,stimuliAXBmix/yyustimulus.wav,l,,,,,,,,,,,,,,,,,,,,,1,1,5,3,1,,,,,,,,,,,,,,,,,,,,,,,,,,,,,,,,,,,,,,,,,,,,,,,,,,,,,,,,,,,,,
,,,,,5f3ab6212d394935162684d5,001,2024-05-29_13h29.42.410,mathesisv2,2024.1.3,Win32,60.24096386,,,,,,233.8196,237.4172,l,3.5827,,,,,,,stimuliAXBmix/iiystimulus.wav,l,,,,,,,,,,,,,,,,,,,,,1,2,6,0,1,,,,,,,,,,,,,,,,,,,,,,,,,,,,,,,,,,,,,,,,,,,,,,,,,,,,,,,,,,,,,
,,,,,5f3ab6212d394935162684d5,001,2024-05-29_13h29.42.410,mathesisv2,2024.1.3,Win32,60.24096386,,,,,,237.422,240.8704,f,3.436,,,,,,,stimuliAXBmix/yuustimulus.wav,f,,,,,,,,,,,,,,,,,,,,,1,3,7,2,1,,,,,,,,,,,,,,,,,,,,,,,,,,,,,,,,,,,,,,,,,,,,,,,,,,,,,,,,,,,,,
,,,,,5f3ab6212d394935162684d5,001,2024-05-29_13h29.42.410,mathesisv2,2024.1.3,Win32,60.24096386,,,,,,242.1607,245.7909,f,3.6103,,,,,,,stimuliAXBmix/iyystimulus.wav,f,,,,,,,,,,,0,0,0,1,1,,,,,,,,,,,240.8705,242.1547,space,1.2547,,,,,,,,,,,,,,,,,,,,,,,,,,,,,,,,,,,,,,,,,,,,,,,,,,,,,,,,,
,,,,,5f3ab6212d394935162684d5,001,2024-05-29_13h29.42.410,mathesisv2,2024.1.3,Win32,60.24096386,,,,,,245.7957,249.2436,l,3.4301,,,,,,,stimuliAXBmix/yyustimulus.wav,l,,,,,,,,,,,0,1,1,3,1,,,,,,,,,,,,,,,,,,,,,,,,,,,,,,,,,,,,,,,,,,,,,,,,,,,,,,,,,,,,,,,,,,,,,,,
,,,,,5f3ab6212d394935162684d5,001,2024-05-29_13h29.42.410,mathesisv2,2024.1.3,Win32,60.24096386,,,,,,249.2494,252.7306,f,3.4697,,,,,,,stimuliAXBmix/yuustimulus.wav,f,,,,,,,,,,,0,2,2,2,1,,,,,,,,,,,,,,,,,,,,,,,,,,,,,,,,,,,,,,,,,,,,,,,,,,,,,,,,,,,,,,,,,,,,,,,
,,,,,5f3ab6212d394935162684d5,001,2024-05-29_13h29.42.410,mathesisv2,2024.1.3,Win32,60.24096386,,,,,,252.7308,256.6171,l,3.8699,,,,,,,stimuliAXBmix/iiystimulus.wav,l,,,,,,,,,,,0,3,3,0,1,,,,,,,,,,,,,,,,,,,,,,,,,,,,,,,,,,,,,,,,,,,,,,,,,,,,,,,,,,,,,,,,,,,,,,,
,,,,,5f3ab6212d394935162684d5,001,2024-05-29_13h29.42.410,mathesisv2,2024.1.3,Win32,60.24096386,,,,,,256.6217,260.1527,l,3.5085,,,,,,,stimuliAXBmix/iiystimulus.wav,l,,,,,,,,,,,1,0,4,0,1,,,,,,,,,,,,,,,,,,,,,,,,,,,,,,,,,,,,,,,,,,,,,,,,,,,,,,,,,,,,,,,,,,,,,,,
,,,,,5f3ab6212d394935162684d5,001,2024-05-29_13h29.42.410,mathesisv2,2024.1.3,Win32,60.24096386,,,,,,260.1576,264.09,f,3.9201,,,,,,,stimuliAXBmix/iyystimulus.wav,f,,,,,,,,,,,1,1,5,1,1,,,,,,,,,,,,,,,,,,,,,,,,,,,,,,,,,,,,,,,,,,,,,,,,,,,,,,,,,,,,,,,,,,,,,,,
,,,,,5f3ab6212d394935162684d5,001,2024-05-29_13h29.42.410,mathesisv2,2024.1.3,Win32,60.24096386,,,,,,264.0946,267.8097,l,3.7032,,,,,,,stimuliAXBmix/yyustimulus.wav,l,,,,,,,,,,,1,2,6,3,1,,,,,,,,,,,,,,,,,,,,,,,,,,,,,,,,,,,,,,,,,,,,,,,,,,,,,,,,,,,,,,,,,,,,,,,
,,,,,5f3ab6212d394935162684d5,001,2024-05-29_13h29.42.410,mathesisv2,2024.1.3,Win32,60.24096386,,,,,,267.8143,271.6128,f,3.7867,,,,,,,stimuliAXBmix/yuustimulus.wav,f,,,,,,,,,,,1,3,7,2,1,,,,,,,,,,,,,,,,,,,,,,,,,,,,,,,,,,,,,,,,,,,,,,,,,,,,,,,,,,,,,,,,,,,,,,,
,,,,,5f3ab6212d394935162684d5,001,2024-05-29_13h29.42.410,mathesisv2,2024.1.3,Win32,60.24096386,,,,,,271.6175,275.9998,f,4.3704,,,,,,,stimuliAXBmix/iyystimulus.wav,f,,,,,,,,,,,2,0,8,1,1,,,,,,,,,,,,,,,,,,,,,,,,,,,,,,,,,,,,,,,,,,,,,,,,,,,,,,,,,,,,,,,,,,,,,,,
,,,,,5f3ab6212d394935162684d5,001,2024-05-29_13h29.42.410,mathesisv2,2024.1.3,Win32,60.24096386,,,,,,276.0045,281.4214,f,5.405,,,,,,,stimuliAXBmix/yuustimulus.wav,f,,,,,,,,,,,2,1,9,2,1,,,,,,,,,,,,,,,,,,,,,,,,,,,,,,,,,,,,,,,,,,,,,,,,,,,,,,,,,,,,,,,,,,,,,,,
,,,,,5f3ab6212d394935162684d5,001,2024-05-29_13h29.42.410,mathesisv2,2024.1.3,Win32,60.24096386,,,,,,281.4257,285.0407,l,3.603,,,,,,,stimuliAXBmix/yyustimulus.wav,l,,,,,,,,,,,2,2,10,3,1,,,,,,,,,,,,,,,,,,,,,,,,,,,,,,,,,,,,,,,,,,,,,,,,,,,,,,,,,,,,,,,,,,,,,,,
,,,,,5f3ab6212d394935162684d5,001,2024-05-29_13h29.42.410,mathesisv2,2024.1.3,Win32,60.24096386,,,,,,285.041,288.2262,l,3.1569,,,,,,,stimuliAXBmix/iiystimulus.wav,l,,,,,,,,,,,2,3,11,0,1,,,,,,,,,,,,,,,,,,,,,,,,,,,,,,,,,,,,,,,,,,,,,,,,,,,,,,,,,,,,,,,,,,,,,,,
,,,,,5f3ab6212d394935162684d5,001,2024-05-29_13h29.42.410,mathesisv2,2024.1.3,Win32,60.24096386,,,,,,292.4022,295.9498,l,3.5365,,,,,,,stimuliAXBmix/iiystimulus.wav,l,,,,,,,,,,,,,,,,288.2263,292.3961,return,4.1389,,0,0,0,0,1,,,,,,,,,,,,,,,,,,,,,,,,,,,,,,,,,,,,,,,,,,,,,,,,,,,,,,,,,,,,,
,,,,,5f3ab6212d394935162684d5,001,2024-05-29_13h29.42.410,mathesisv2,2024.1.3,Win32,60.24096386,,,,,,295.9545,299.853,f,3.8867,,,,,,,stimuliAXBmix/iyystimulus.wav,f,,,,,,,,,,,,,,,,,,,,,0,1,1,1,1,,,,,,,,,,,,,,,,,,,,,,,,,,,,,,,,,,,,,,,,,,,,,,,,,,,,,,,,,,,,,
,,,,,5f3ab6212d394935162684d5,001,2024-05-29_13h29.42.410,mathesisv2,2024.1.3,Win32,60.24096386,,,,,,299.8576,303.4387,l,3.5686,,,,,,,stimuliAXBmix/yyustimulus.wav,l,,,,,,,,,,,,,,,,,,,,,0,2,2,3,1,,,,,,,,,,,,,,,,,,,,,,,,,,,,,,,,,,,,,,,,,,,,,,,,,,,,,,,,,,,,,
,,,,,5f3ab6212d394935162684d5,001,2024-05-29_13h29.42.410,mathesisv2,2024.1.3,Win32,60.24096386,,,,,,303.4434,307.2758,f,3.8201,,,,,,,stimuliAXBmix/yuustimulus.wav,f,,,,,,,,,,,,,,,,,,,,,0,3,3,2,1,,,,,,,,,,,,,,,,,,,,,,,,,,,,,,,,,,,,,,,,,,,,,,,,,,,,,,,,,,,,,
,,,,,5f3ab6212d394935162684d5,001,2024-05-29_13h29.42.410,mathesisv2,2024.1.3,Win32,60.24096386,,,,,,307.2759,310.9449,l,3.6418,,,,,,,stimuliAXBmix/yyustimulus.wav,l,,,,,,,,,,,,,,,,,,,,,1,0,4,3,1,,,,,,,,,,,,,,,,,,,,,,,,,,,,,,,,,,,,,,,,,,,,,,,,,,,,,,,,,,,,,
,,,,,5f3ab6212d394935162684d5,001,2024-05-29_13h29.42.410,mathesisv2,2024.1.3,Win32,60.24096386,,,,,,310.9495,314.4978,l,3.532,,,,,,,stimuliAXBmix/iiystimulus.wav,l,,,,,,,,,,,,,,,,,,,,,1,1,5,0,1,,,,,,,,,,,,,,,,,,,,,,,,,,,,,,,,,,,,,,,,,,,,,,,,,,,,,,,,,,,,,
,,,,,5f3ab6212d394935162684d5,001,2024-05-29_13h29.42.410,mathesisv2,2024.1.3,Win32,60.24096386,,,,,,314.5026,318.0842,f,3.563,,,,,,,stimuliAXBmix/iyystimulus.wav,f,,,,,,,,,,,,,,,,,,,,,1,2,6,1,1,,,,,,,,,,,,,,,,,,,,,,,,,,,,,,,,,,,,,,,,,,,,,,,,,,,,,,,,,,,,,
,,,,,5f3ab6212d394935162684d5,001,2024-05-29_13h29.42.410,mathesisv2,2024.1.3,Win32,60.24096386,,,,,,318.0891,321.6539,f,3.5369,,,,,,,stimuliAXBmix/yuustimulus.wav,f,,,,,,,,,,,,,,,,,,,,,1,3,7,2,1,,,,,,,,,,,,,,,,,,,,,,,,,,,,,,,,,,,,,,,,,,,,,,,,,,,,,,,,,,,,,
,,,,,5f3ab6212d394935162684d5,001,2024-05-29_13h29.42.410,mathesisv2,2024.1.3,Win32,60.24096386,,,,,,337.5563,341.0706,l,3.5032,,,,,,,stimuliAXBmix/iiystimulus.wav,l,,,,,,,,,,,0,0,0,0,1,,,,,,,,,,,321.654,337.5502,space,15.8711,,,,,,,,,,,,,,,,,,,,,,,,,,,,,,,,,,,,,,,,,,,,,,,,,,,,,,,,,
,,,,,5f3ab6212d394935162684d5,001,2024-05-29_13h29.42.410,mathesisv2,2024.1.3,Win32,60.24096386,,,,,,341.0708,344.2058,l,3.111,,,,,,,stimuliAXBmix/yyustimulus.wav,l,,,,,,,,,,,0,1,1,3,1,,,,,,,,,,,,,,,,,,,,,,,,,,,,,,,,,,,,,,,,,,,,,,,,,,,,,,,,,,,,,,,,,,,,,,,
,,,,,5f3ab6212d394935162684d5,001,2024-05-29_13h29.42.410,mathesisv2,2024.1.3,Win32,60.24096386,,,,,,344.2105,347.5084,f,3.2709,,,,,,,stimuliAXBmix/yuustimulus.wav,f,,,,,,,,,,,0,2,2,2,1,,,,,,,,,,,,,,,,,,,,,,,,,,,,,,,,,,,,,,,,,,,,,,,,,,,,,,,,,,,,,,,,,,,,,,,
,,,,,5f3ab6212d394935162684d5,001,2024-05-29_13h29.42.410,mathesisv2,2024.1.3,Win32,60.24096386,,,,,,347.5087,350.8619,f,3.3362,,,,,,,stimuliAXBmix/iyystimulus.wav,f,,,,,,,,,,,0,3,3,1,1,,,,,,,,,,,,,,,,,,,,,,,,,,,,,,,,,,,,,,,,,,,,,,,,,,,,,,,,,,,,,,,,,,,,,,,
,,,,,5f3ab6212d394935162684d5,001,2024-05-29_13h29.42.410,mathesisv2,2024.1.3,Win32,60.24096386,,,,,,350.8667,354.4811,f,3.5914,,,,,,,stimuliAXBmix/iyystimulus.wav,f,,,,,,,,,,,1,0,4,1,1,,,,,,,,,,,,,,,,,,,,,,,,,,,,,,,,,,,,,,,,,,,,,,,,,,,,,,,,,,,,,,,,,,,,,,,
,,,,,5f3ab6212d394935162684d5,001,2024-05-29_13h29.42.410,mathesisv2,2024.1.3,Win32,60.24096386,,,,,,354.4853,357.9839,f,3.4757,,,,,,,stimuliAXBmix/yuustimulus.wav,f,,,,,,,,,,,1,1,5,2,1,,,,,,,,,,,,,,,,,,,,,,,,,,,,,,,,,,,,,,,,,,,,,,,,,,,,,,,,,,,,,,,,,,,,,,,
,,,,,5f3ab6212d394935162684d5,001,2024-05-29_13h29.42.410,mathesisv2,2024.1.3,Win32,60.24096386,,,,,,357.9894,361.47,l,3.461,,,,,,,stimuliAXBmix/iiystimulus.wav,l,,,,,,,,,,,1,2,6,0,1,,,,,,,,,,,,,,,,,,,,,,,,,,,,,,,,,,,,,,,,,,,,,,,,,,,,,,,,,,,,,,,,,,,,,,,
,,,,,5f3ab6212d394935162684d5,001,2024-05-29_13h29.42.410,mathesisv2,2024.1.3,Win32,60.24096386,,,,,,361.4703,364.8234,l,3.3361,,,,,,,stimuliAXBmix/yyustimulus.wav,l,,,,,,,,,,,1,3,7,3,1,,,,,,,,,,,,,,,,,,,,,,,,,,,,,,,,,,,,,,,,,,,,,,,,,,,,,,,,,,,,,,,,,,,,,,,
,,,,,5f3ab6212d394935162684d5,001,2024-05-29_13h29.42.410,mathesisv2,2024.1.3,Win32,60.24096386,,,,,,364.8281,368.3591,f,3.5178,,,,,,,stimuliAXBmix/iyystimulus.wav,f,,,,,,,,,,,2,0,8,1,1,,,,,,,,,,,,,,,,,,,,,,,,,,,,,,,,,,,,,,,,,,,,,,,,,,,,,,,,,,,,,,,,,,,,,,,
,,,,,5f3ab6212d394935162684d5,001,2024-05-29_13h29.42.410,mathesisv2,2024.1.3,Win32,60.24096386,,,,,,368.3639,371.8293,f,3.453,,,,,,,stimuliAXBmix/yuustimulus.wav,f,,,,,,,,,,,2,1,9,2,1,,,,,,,,,,,,,,,,,,,,,,,,,,,,,,,,,,,,,,,,,,,,,,,,,,,,,,,,,,,,,,,,,,,,,,,
,,,,,5f3ab6212d394935162684d5,001,2024-05-29_13h29.42.410,mathesisv2,2024.1.3,Win32,60.24096386,,,,,,371.8341,375.5484,l,3.6959,,,,,,,stimuliAXBmix/iiystimulus.wav,l,,,,,,,,,,,2,2,10,0,1,,,,,,,,,,,,,,,,,,,,,,,,,,,,,,,,,,,,,,,,,,,,,,,,,,,,,,,,,,,,,,,,,,,,,,,
,,,,,5f3ab6212d394935162684d5,001,2024-05-29_13h29.42.410,mathesisv2,2024.1.3,Win32,60.24096386,,,,,,375.5487,379.1182,l,3.5442,,,,,,,stimuliAXBmix/yyustimulus.wav,l,,,,,,,,,,,2,3,11,3,1,,,,,,,,,,,,,,,,,,,,,,,,,,,,,,,,,,,,,,,,,,,,,,,,,,,,,,,,,,,,,,,,,,,,,,,
,,,,,5f3ab6212d394935162684d5,001,2024-05-29_13h29.42.410,mathesisv2,2024.1.3,Win32,60.24096386,,,,,,382.1934,385.9406,l,3.7216,,,,,,,stimuliAXBmix/yyustimulus.wav,l,,,,,,,,,,,,,,,,379.1184,382.1874,return,3.0388,,0,0,0,3,1,,,,,,,,,,,,,,,,,,,,,,,,,,,,,,,,,,,,,,,,,,,,,,,,,,,,,,,,,,,,,
,,,,,5f3ab6212d394935162684d5,001,2024-05-29_13h29.42.410,mathesisv2,2024.1.3,Win32,60.24096386,,,,,,385.9455,389.3437,f,3.3863,,,,,,,stimuliAXBmix/yuustimulus.wav,f,,,,,,,,,,,,,,,,,,,,,0,1,1,2,1,,,,,,,,,,,,,,,,,,,,,,,,,,,,,,,,,,,,,,,,,,,,,,,,,,,,,,,,,,,,,
,,,,,5f3ab6212d394935162684d5,001,2024-05-29_13h29.42.410,mathesisv2,2024.1.3,Win32,60.24096386,,,,,,389.3439,392.7293,l,3.3576,,,,,,,stimuliAXBmix/iiystimulus.wav,l,,,,,,,,,,,,,,,,,,,,,0,2,2,0,1,,,,,,,,,,,,,,,,,,,,,,,,,,,,,,,,,,,,,,,,,,,,,,,,,,,,,,,,,,,,,
,,,,,5f3ab6212d394935162684d5,001,2024-05-29_13h29.42.410,mathesisv2,2024.1.3,Win32,60.24096386,,,,,,392.7343,396.1823,f,3.4274,,,,,,,stimuliAXBmix/iyystimulus.wav,f,,,,,,,,,,,,,,,,,,,,,0,3,3,1,1,,,,,,,,,,,,,,,,,,,,,,,,,,,,,,,,,,,,,,,,,,,,,,,,,,,,,,,,,,,,,
,,,,,5f3ab6212d394935162684d5,001,2024-05-29_13h29.42.410,mathesisv2,2024.1.3,Win32,60.24096386,,,,,,396.1871,399.6357,f,3.4363,,,,,,,stimuliAXBmix/iyystimulus.wav,f,,,,,,,,,,,,,,,,,,,,,1,0,4,1,1,,,,,,,,,,,,,,,,,,,,,,,,,,,,,,,,,,,,,,,,,,,,,,,,,,,,,,,,,,,,,
,,,,,5f3ab6212d394935162684d5,001,2024-05-29_13h29.42.410,mathesisv2,2024.1.3,Win32,60.24096386,,,,,,399.6358,403.2389,f,3.5867,,,,,,,stimuliAXBmix/yuustimulus.wav,f,,,,,,,,,,,,,,,,,,,,,1,1,5,2,1,,,,,,,,,,,,,,,,,,,,,,,,,,,,,,,,,,,,,,,,,,,,,,,,,,,,,,,,,,,,,
,,,,,5f3ab6212d394935162684d5,001,2024-05-29_13h29.42.410,mathesisv2,2024.1.3,Win32,60.24096386,,,,,,403.2435,406.8243,l,3.5667,,,,,,,stimuliAXBmix/iiystimulus.wav,l,,,,,,,,,,,,,,,,,,,,,1,2,6,0,1,,,,,,,,,,,,,,,,,,,,,,,,,,,,,,,,,,,,,,,,,,,,,,,,,,,,,,,,,,,,,
,,,,,5f3ab6212d394935162684d5,001,2024-05-29_13h29.42.410,mathesisv2,2024.1.3,Win32,60.24096386,,,,,,406.8291,410.3779,l,3.5363,,,,,,,stimuliAXBmix/yyustimulus.wav,l,,,,,,,,,,,,,,,,,,,,,1,3,7,3,1,,,,,,,,,,,,,,,,,,,,,,,,,,,,,,,,,,,,,,,,,,,,,,,,,,,,,,,,,,,,,
,,,,,5f3ab6212d394935162684d5,001,2024-05-29_13h29.42.410,mathesisv2,2024.1.3,Win32,60.24096386,,,,,,,,,,,,,,,,,,,,,,,,,,,,,,,,,,,,,,,,,,,410.378,418.7685,space,8.3737,,418.7688,430.0279,space,11.2428,,,,,,,,,,,,,,,,,,,,,,,,,,,,,,,,,,,,,,,,,,,,,,,,,,,,
,,,,,5f3ab6212d394935162684d5,001,2024-05-29_13h29.42.410,mathesisv2,2024.1.3,Win32,60.24096386,,,,,,,,,,,,,,,,,,,,,,,,,,,,,,,,,,,,,,,,,,,,,,,,,,,,,430.0349,434.3314,e,4.2871,,0,0,0,1,1,testTAFCmixfirst/nimnym002.wav,,,,,,,,,,,,,,,,,,,,,,,,,,,,,,,,,,,,,,,,
,,,,,5f3ab6212d394935162684d5,001,2024-05-29_13h29.42.410,mathesisv2,2024.1.3,Win32,60.24096386,,,,,,,,,,,,,,,,,,,,,,,,,,,,,,,,,,,,,,,,,,,,,,,,,,,,,434.336,435.8825,y,1.5349,,0,1,1,2,1,testTAFCmixfirst/nimnym006.wav,,,,,,,,,,,,,,,,,,,,,,,,,,,,,,,,,,,,,,,,
,,,,,5f3ab6212d394935162684d5,001,2024-05-29_13h29.42.410,mathesisv2,2024.1.3,Win32,60.24096386,,,,,,,,,,,,,,,,,,,,,,,,,,,,,,,,,,,,,,,,,,,,,,,,,,,,,435.8827,437.1828,e,1.2828,,0,2,2,0,1,testTAFCmixfirst/nimnym001.wav,,,,,,,,,,,,,,,,,,,,,,,,,,,,,,,,,,,,,,,,
,,,,,5f3ab6212d394935162684d5,001,2024-05-29_13h29.42.410,mathesisv2,2024.1.3,Win32,60.24096386,,,,,,,,,,,,,,,,,,,,,,,,,,,,,,,,,,,,,,,,,,,,,,,,,,,,,,,,,,,,,,,,437.1852,439.4182,u,2.2059,,0,0,0,1,1,testTAFCmixsec/numnym002.wav,,,,,,,,,,,,,,,,,,,,,,,,,,,,,
,,,,,5f3ab6212d394935162684d5,001,2024-05-29_13h29.42.410,mathesisv2,2024.1.3,Win32,60.24096386,,,,,,,,,,,,,,,,,,,,,,,,,,,,,,,,,,,,,,,,,,,,,,,,,,,,,,,,,,,,,,,,439.4186,441.6039,y,2.1688,,0,1,1,2,1,testTAFCmixsec/numnym006.wav,,,,,,,,,,,,,,,,,,,,,,,,,,,,,
,,,,,5f3ab6212d394935162684d5,001,2024-05-29_13h29.42.410,mathesisv2,2024.1.3,Win32,60.24096386,,,,,,,,,,,,,,,,,,,,,,,,,,,,,,,,,,,,,,,,,,,,,,,,,,,,,,,,,,,,,,,,441.6042,443.3047,u,1.6736,,0,2,2,0,1,testTAFCmixsec/numnym001.wav,,,,,,,,,,,,,,,,,,,,,,,,,,,,,
,,,,,5f3ab6212d394935162684d5,001,2024-05-29_13h29.42.410,mathesisv2,2024.1.3,Win32,60.24096386,,,,,,,,,,,,,,,,,,,,,,,,,,,,,,,,,,,,,,,,,,,,,,,,,,,,,,,,,,,,,,,,,,,,,,,,,,,443.3052,450.8279,space,7.4921,,,,,,,,,,,,,,,,,,,,,,,,,
,,,,,5f3ab6212d394935162684d5,001,2024-05-29_13h29.42.410,mathesisv2,2024.1.3,Win32,60.24096386,,,,,,,,,,,,,,,,,e,,,,,,,,,,,,,,,,,,,,,,,,,,,,,,,,,,,,,,,,,,,,,,,,,,,,,,,,,,,,,,,450.835,453.4798,e,2.6251,,0,0,0,2,1,stimuliTAFCfirst/nimnym003.wav,,,,,,,,,,,,,
,,,,,5f3ab6212d394935162684d5,001,2024-05-29_13h29.42.410,mathesisv2,2024.1.3,Win32,60.24096386,,,,,,,,,,,,,,,,,y,,,,,,,,,,,,,,,,,,,,,,,,,,,,,,,,,,,,,,,,,,,,,,,,,,,,,,,,,,,,,,,453.4802,456.6996,e,3.2027,,0,1,1,4,1,stimuliTAFCfirst/nimnym005.wav,,,,,,,,,,,,,
,,,,,5f3ab6212d394935162684d5,001,2024-05-29_13h29.42.410,mathesisv2,2024.1.3,Win32,60.24096386,,,,,,,,,,,,,,,,,e,,,,,,,,,,,,,,,,,,,,,,,,,,,,,,,,,,,,,,,,,,,,,,,,,,,,,,,,,,,,,,,456.7047,458.6173,e,1.8975,,0,2,2,1,1,stimuliTAFCfirst/nimnym002.wav,,,,,,,,,,,,,
,,,,,5f3ab6212d394935162684d5,001,2024-05-29_13h29.42.410,mathesisv2,2024.1.3,Win32,60.24096386,,,,,,,,,,,,,,,,,y,,,,,,,,,,,,,,,,,,,,,,,,,,,,,,,,,,,,,,,,,,,,,,,,,,,,,,,,,,,,,,,458.6176,460.2687,y,1.6193,,0,3,3,5,1,stimuliTAFCfirst/nimnym006.wav,,,,,,,,,,,,,
,,,,,5f3ab6212d394935162684d5,001,2024-05-29_13h29.42.410,mathesisv2,2024.1.3,Win32,60.24096386,,,,,,,,,,,,,,,,,x,,,,,,,,,,,,,,,,,,,,,,,,,,,,,,,,,,,,,,,,,,,,,,,,,,,,,,,,,,,,,,,460.269,461.8039,y,1.5181,,0,4,4,3,1,stimuliTAFCfirst/nimnym004.wav,,,,,,,,,,,,,
,,,,,5f3ab6212d394935162684d5,001,2024-05-29_13h29.42.410,mathesisv2,2024.1.3,Win32,60.24096386,,,,,,,,,,,,,,,,,e,,,,,,,,,,,,,,,,,,,,,,,,,,,,,,,,,,,,,,,,,,,,,,,,,,,,,,,,,,,,,,,461.8041,463.1377,e,1.3052,,0,5,5,0,1,stimuliTAFCfirst/nimnym001.wav,,,,,,,,,,,,,
,,,,,5f3ab6212d394935162684d5,001,2024-05-29_13h29.42.410,mathesisv2,2024.1.3,Win32,60.24096386,,,,,,,,,,,,,,,,,y,,,,,,,,,,,,,,,,,,,,,,,,,,,,,,,,,,,,,,,,,,,,,,,,,,,,,,,,,,,,,,,463.1379,464.3394,y,1.1845,,0,6,6,6,1,stimuliTAFCfirst/nimnym007.wav,,,,,,,,,,,,,
,,,,,5f3ab6212d394935162684d5,001,2024-05-29_13h29.42.410,mathesisv2,2024.1.3,Win32,60.24096386,,,,,,,,,,,,,,,,,e,,,,,,,,,,,,,,,,,,,,,,,,,,,,,,,,,,,,,,,,,,,,,,,,,,,,,,,,,,,,,,,464.3396,465.6732,e,1.3139,,1,0,7,2,1,stimuliTAFCfirst/nimnym003.wav,,,,,,,,,,,,,
,,,,,5f3ab6212d394935162684d5,001,2024-05-29_13h29.42.410,mathesisv2,2024.1.3,Win32,60.24096386,,,,,,,,,,,,,,,,,y,,,,,,,,,,,,,,,,,,,,,,,,,,,,,,,,,,,,,,,,,,,,,,,,,,,,,,,,,,,,,,,465.6735,466.8581,y,1.1678,,1,1,8,6,1,stimuliTAFCfirst/nimnym007.wav,,,,,,,,,,,,,
,,,,,5f3ab6212d394935162684d5,001,2024-05-29_13h29.42.410,mathesisv2,2024.1.3,Win32,60.24096386,,,,,,,,,,,,,,,,,x,,,,,,,,,,,,,,,,,,,,,,,,,,,,,,,,,,,,,,,,,,,,,,,,,,,,,,,,,,,,,,,466.8583,468.2753,e,1.3872,,1,2,9,3,1,stimuliTAFCfirst/nimnym004.wav,,,,,,,,,,,,,
,,,,,5f3ab6212d394935162684d5,001,2024-05-29_13h29.42.410,mathesisv2,2024.1.3,Win32,60.24096386,,,,,,,,,,,,,,,,,y,,,,,,,,,,,,,,,,,,,,,,,,,,,,,,,,,,,,,,,,,,,,,,,,,,,,,,,,,,,,,,,468.2757,469.493,y,1.1854,,1,3,10,5,1,stimuliTAFCfirst/nimnym006.wav,,,,,,,,,,,,,
,,,,,5f3ab6212d394935162684d5,001,2024-05-29_13h29.42.410,mathesisv2,2024.1.3,Win32,60.24096386,,,,,,,,,,,,,,,,,y,,,,,,,,,,,,,,,,,,,,,,,,,,,,,,,,,,,,,,,,,,,,,,,,,,,,,,,,,,,,,,,469.4933,470.7947,y,1.2846,,1,4,11,4,1,stimuliTAFCfirst/nimnym005.wav,,,,,,,,,,,,,
,,,,,5f3ab6212d394935162684d5,001,2024-05-29_13h29.42.410,mathesisv2,2024.1.3,Win32,60.24096386,,,,,,,,,,,,,,,,,e,,,,,,,,,,,,,,,,,,,,,,,,,,,,,,,,,,,,,,,,,,,,,,,,,,,,,,,,,,,,,,,470.7949,472.0951,e,1.2746,,1,5,12,0,1,stimuliTAFCfirst/nimnym001.wav,,,,,,,,,,,,,
,,,,,5f3ab6212d394935162684d5,001,2024-05-29_13h29.42.410,mathesisv2,2024.1.3,Win32,60.24096386,,,,,,,,,,,,,,,,,e,,,,,,,,,,,,,,,,,,,,,,,,,,,,,,,,,,,,,,,,,,,,,,,,,,,,,,,,,,,,,,,472.0955,473.3301,e,1.2179,,1,6,13,1,1,stimuliTAFCfirst/nimnym002.wav,,,,,,,,,,,,,
,,,,,5f3ab6212d394935162684d5,001,2024-05-29_13h29.42.410,mathesisv2,2024.1.3,Win32,60.24096386,,,,,,,,,,,,,,,,,y,473.3304,475.2981,space,1.9471,,,,,,,,,,,,,,,,,,,,,,,,,,,,,,,,,,,,,,,,,,,,,,,,,,,,,,,,,,,,,,,,,,,,,,475.3042,478.5008,y,3.1708,,0,0,0,5,1,stimuliTAFCsec/numnym006.wav,,
,,,,,5f3ab6212d394935162684d5,001,2024-05-29_13h29.42.410,mathesisv2,2024.1.3,Win32,60.24096386,,,,,,,,,,,,,,,,,x,,,,,,,,,,,,,,,,,,,,,,,,,,,,,,,,,,,,,,,,,,,,,,,,,,,,,,,,,,,,,,,,,,,,,,,,,,478.5057,480.5189,y,1.9922,,0,1,1,3,1,stimuliTAFCsec/numnym004.wav,,
,,,,,5f3ab6212d394935162684d5,001,2024-05-29_13h29.42.410,mathesisv2,2024.1.3,Win32,60.24096386,,,,,,,,,,,,,,,,,u,,,,,,,,,,,,,,,,,,,,,,,,,,,,,,,,,,,,,,,,,,,,,,,,,,,,,,,,,,,,,,,,,,,,,,,,,,480.5194,483.2384,u,2.7024,,0,2,2,1,1,stimuliTAFCsec/numnym002.wav,,
,,,,,5f3ab6212d394935162684d5,001,2024-05-29_13h29.42.410,mathesisv2,2024.1.3,Win32,60.24096386,,,,,,,,,,,,,,,,,y,,,,,,,,,,,,,,,,,,,,,,,,,,,,,,,,,,,,,,,,,,,,,,,,,,,,,,,,,,,,,,,,,,,,,,,,,,483.2386,485.2228,y,1.9588,,0,3,3,6,1,stimuliTAFCsec/numnym007.wav,,
,,,,,5f3ab6212d394935162684d5,001,2024-05-29_13h29.42.410,mathesisv2,2024.1.3,Win32,60.24096386,,,,,,,,,,,,,,,,,u,,,,,,,,,,,,,,,,,,,,,,,,,,,,,,,,,,,,,,,,,,,,,,,,,,,,,,,,,,,,,,,,,,,,,,,,,,485.2231,486.4405,u,1.1899,,0,4,4,2,1,stimuliTAFCsec/numnym003.wav,,
,,,,,5f3ab6212d394935162684d5,001,2024-05-29_13h29.42.410,mathesisv2,2024.1.3,Win32,60.24096386,,,,,,,,,,,,,,,,,y,,,,,,,,,,,,,,,,,,,,,,,,,,,,,,,,,,,,,,,,,,,,,,,,,,,,,,,,,,,,,,,,,,,,,,,,,,486.4408,487.9083,y,1.4441,,0,5,5,4,1,stimuliTAFCsec/numnym005.wav,,
,,,,,5f3ab6212d394935162684d5,001,2024-05-29_13h29.42.410,mathesisv2,2024.1.3,Win32,60.24096386,,,,,,,,,,,,,,,,,u,,,,,,,,,,,,,,,,,,,,,,,,,,,,,,,,,,,,,,,,,,,,,,,,,,,,,,,,,,,,,,,,,,,,,,,,,,487.9085,489.1259,u,1.2004,,0,6,6,0,1,stimuliTAFCsec/numnym001.wav,,
,,,,,5f3ab6212d394935162684d5,001,2024-05-29_13h29.42.410,mathesisv2,2024.1.3,Win32,60.24096386,,,,,,,,,,,,,,,,,y,,,,,,,,,,,,,,,,,,,,,,,,,,,,,,,,,,,,,,,,,,,,,,,,,,,,,,,,,,,,,,,,,,,,,,,,,,489.1263,490.2436,y,1.0946,,1,0,7,6,1,stimuliTAFCsec/numnym007.wav,,
,,,,,5f3ab6212d394935162684d5,001,2024-05-29_13h29.42.410,mathesisv2,2024.1.3,Win32,60.24096386,,,,,,,,,,,,,,,,,y,,,,,,,,,,,,,,,,,,,,,,,,,,,,,,,,,,,,,,,,,,,,,,,,,,,,,,,,,,,,,,,,,,,,,,,,,,490.2438,491.4952,y,1.2346,,1,1,8,5,1,stimuliTAFCsec/numnym006.wav,,
,,,,,5f3ab6212d394935162684d5,001,2024-05-29_13h29.42.410,mathesisv2,2024.1.3,Win32,60.24096386,,,,,,,,,,,,,,,,,u,,,,,,,,,,,,,,,,,,,,,,,,,,,,,,,,,,,,,,,,,,,,,,,,,,,,,,,,,,,,,,,,,,,,,,,,,,491.4954,492.6789,u,1.1659,,1,2,9,0,1,stimuliTAFCsec/numnym001.wav,,
,,,,,5f3ab6212d394935162684d5,001,2024-05-29_13h29.42.410,mathesisv2,2024.1.3,Win32,60.24096386,,,,,,,,,,,,,,,,,u,,,,,,,,,,,,,,,,,,,,,,,,,,,,,,,,,,,,,,,,,,,,,,,,,,,,,,,,,,,,,,,,,,,,,,,,,,492.6792,493.8132,u,1.1097,,1,3,10,2,1,stimuliTAFCsec/numnym003.wav,,
,,,,,5f3ab6212d394935162684d5,001,2024-05-29_13h29.42.410,mathesisv2,2024.1.3,Win32,60.24096386,,,,,,,,,,,,,,,,,y,,,,,,,,,,,,,,,,,,,,,,,,,,,,,,,,,,,,,,,,,,,,,,,,,,,,,,,,,,,,,,,,,,,,,,,,,,493.8135,494.9647,y,1.1344,,1,4,11,4,1,stimuliTAFCsec/numnym005.wav,,
,,,,,5f3ab6212d394935162684d5,001,2024-05-29_13h29.42.410,mathesisv2,2024.1.3,Win32,60.24096386,,,,,,,,,,,,,,,,,u,,,,,,,,,,,,,,,,,,,,,,,,,,,,,,,,,,,,,,,,,,,,,,,,,,,,,,,,,,,,,,,,,,,,,,,,,,494.9649,496.0155,u,1.0342,,1,5,12,1,1,stimuliTAFCsec/numnym002.wav,,
,,,,,5f3ab6212d394935162684d5,001,2024-05-29_13h29.42.410,mathesisv2,2024.1.3,Win32,60.24096386,,,,,,,,,,,,,,,,,x,,,,,,,,,,,,,,,,,,,,,,,,,,,,,,,,,,,,,,,,,,,,,,,,,,,,,,,,,,,,,,,,,,,,,,,,,,496.0158,497.2326,y,1.1896,,1,6,13,3,1,stimuliTAFCsec/numnym004.wav,,
,,,,,5f3ab6212d394935162684d5,001,2024-05-29_13h29.42.410,mathesisv2,2024.1.3,Win32,60.24096386,,,,,,,,,,,,,,,,,e,,,,,,,,,,,,,,,,,,,,,,,,,,497.2331,503.9888,space,6.7316,,,,,,,,,,,,,,,,,,,,,,,,,,,,,,,,,,503.9949,507.1083,e,3.1027,,0,0,0,2,1,stimuliTAFCfirst/nimnym003.wav,,,,,,,,,,,,,
,,,,,5f3ab6212d394935162684d5,001,2024-05-29_13h29.42.410,mathesisv2,2024.1.3,Win32,60.24096386,,,,,,,,,,,,,,,,,x,,,,,,,,,,,,,,,,,,,,,,,,,,,,,,,,,,,,,,,,,,,,,,,,,,,,,,,,,,,,,,,507.113,508.5093,e,1.3847,,0,1,1,3,1,stimuliTAFCfirst/nimnym004.wav,,,,,,,,,,,,,
,,,,,5f3ab6212d394935162684d5,001,2024-05-29_13h29.42.410,mathesisv2,2024.1.3,Win32,60.24096386,,,,,,,,,,,,,,,,,y,,,,,,,,,,,,,,,,,,,,,,,,,,,,,,,,,,,,,,,,,,,,,,,,,,,,,,,,,,,,,,,508.5095,509.8104,y,1.2846,,0,2,2,6,1,stimuliTAFCfirst/nimnym007.wav,,,,,,,,,,,,,
,,,,,5f3ab6212d394935162684d5,001,2024-05-29_13h29.42.410,mathesisv2,2024.1.3,Win32,60.24096386,,,,,,,,,,,,,,,,,e,,,,,,,,,,,,,,,,,,,,,,,,,,,,,,,,,,,,,,,,,,,,,,,,,,,,,,,,,,,,,,,509.8106,511.0614,e,1.2346,,0,3,3,1,1,stimuliTAFCfirst/nimnym002.wav,,,,,,,,,,,,,
,,,,,5f3ab6212d394935162684d5,001,2024-05-29_13h29.42.410,mathesisv2,2024.1.3,Win32,60.24096386,,,,,,,,,,,,,,,,,e,,,,,,,,,,,,,,,,,,,,,,,,,,,,,,,,,,,,,,,,,,,,,,,,,,,,,,,,,,,,,,,511.0617,512.1951,e,1.1116,,0,4,4,0,1,stimuliTAFCfirst/nimnym001.wav,,,,,,,,,,,,,
,,,,,5f3ab6212d394935162684d5,001,2024-05-29_13h29.42.410,mathesisv2,2024.1.3,Win32,60.24096386,,,,,,,,,,,,,,,,,y,,,,,,,,,,,,,,,,,,,,,,,,,,,,,,,,,,,,,,,,,,,,,,,,,,,,,,,,,,,,,,,512.1954,513.4127,y,1.1853,,0,5,5,4,1,stimuliTAFCfirst/nimnym005.wav,,,,,,,,,,,,,
,,,,,5f3ab6212d394935162684d5,001,2024-05-29_13h29.42.410,mathesisv2,2024.1.3,Win32,60.24096386,,,,,,,,,,,,,,,,,y,,,,,,,,,,,,,,,,,,,,,,,,,,,,,,,,,,,,,,,,,,,,,,,,,,,,,,,,,,,,,,,513.4133,514.7806,y,1.3357,,0,6,6,5,1,stimuliTAFCfirst/nimnym006.wav,,,,,,,,,,,,,
,,,,,5f3ab6212d394935162684d5,001,2024-05-29_13h29.42.410,mathesisv2,2024.1.3,Win32,60.24096386,,,,,,,,,,,,,,,,,x,,,,,,,,,,,,,,,,,,,,,,,,,,,,,,,,,,,,,,,,,,,,,,,,,,,,,,,,,,,,,,,514.7809,516.8156,e,2.0161,,1,0,7,3,1,stimuliTAFCfirst/nimnym004.wav,,,,,,,,,,,,,
,,,,,5f3ab6212d394935162684d5,001,2024-05-29_13h29.42.410,mathesisv2,2024.1.3,Win32,60.24096386,,,,,,,,,,,,,,,,,y,,,,,,,,,,,,,,,,,,,,,,,,,,,,,,,,,,,,,,,,,,,,,,,,,,,,,,,,,,,,,,,516.8159,518.4836,e,1.6368,,1,1,8,4,1,stimuliTAFCfirst/nimnym005.wav,,,,,,,,,,,,,
,,,,,5f3ab6212d394935162684d5,001,2024-05-29_13h29.42.410,mathesisv2,2024.1.3,Win32,60.24096386,,,,,,,,,,,,,,,,,e,,,,,,,,,,,,,,,,,,,,,,,,,,,,,,,,,,,,,,,,,,,,,,,,,,,,,,,,,,,,,,,518.4839,519.668,e,1.1528,,1,2,9,1,1,stimuliTAFCfirst/nimnym002.wav,,,,,,,,,,,,,
,,,,,5f3ab6212d394935162684d5,001,2024-05-29_13h29.42.410,mathesisv2,2024.1.3,Win32,60.24096386,,,,,,,,,,,,,,,,,e,,,,,,,,,,,,,,,,,,,,,,,,,,,,,,,,,,,,,,,,,,,,,,,,,,,,,,,,,,,,,,,519.6683,520.7364,e,1.0514,,1,3,10,0,1,stimuliTAFCfirst/nimnym001.wav,,,,,,,,,,,,,
,,,,,5f3ab6212d394935162684d5,001,2024-05-29_13h29.42.410,mathesisv2,2024.1.3,Win32,60.24096386,,,,,,,,,,,,,,,,,y,,,,,,,,,,,,,,,,,,,,,,,,,,,,,,,,,,,,,,,,,,,,,,,,,,,,,,,,,,,,,,,520.7367,521.8871,y,1.1345,,1,4,11,5,1,stimuliTAFCfirst/nimnym006.wav,,,,,,,,,,,,,
,,,,,5f3ab6212d394935162684d5,001,2024-05-29_13h29.42.410,mathesisv2,2024.1.3,Win32,60.24096386,,,,,,,,,,,,,,,,,e,,,,,,,,,,,,,,,,,,,,,,,,,,,,,,,,,,,,,,,,,,,,,,,,,,,,,,,,,,,,,,,521.8874,522.9881,e,1.0844,,1,5,12,2,1,stimuliTAFCfirst/nimnym003.wav,,,,,,,,,,,,,
,,,,,5f3ab6212d394935162684d5,001,2024-05-29_13h29.42.410,mathesisv2,2024.1.3,Win32,60.24096386,,,,,,,,,,,,,,,,,y,,,,,,,,,,,,,,,,,,,,,,,,,,,,,,,,,,,,,,,,,,,,,,,,,,,,,,,,,,,,,,,522.9882,524.189,y,1.1843,,1,6,13,6,1,stimuliTAFCfirst/nimnym007.wav,,,,,,,,,,,,,
,,,,,5f3ab6212d394935162684d5,001,2024-05-29_13h29.42.410,mathesisv2,2024.1.3,Win32,60.24096386,,,,,,,,,,,,,,,,,y,524.1891,526.7073,space,2.488,,,,,,,,,,,,,,,,,,,,,,,,,,,,,,,,,,,,,,,,,,,,,,,,,,,,,,,,,,,,,,,,,,,,,,526.7135,531.4283,y,4.704,,0,0,0,6,1,stimuliTAFCsec/numnym007.wav,,
,,,,,5f3ab6212d394935162684d5,001,2024-05-29_13h29.42.410,mathesisv2,2024.1.3,Win32,60.24096386,,,,,,,,,,,,,,,,,y,,,,,,,,,,,,,,,,,,,,,,,,,,,,,,,,,,,,,,,,,,,,,,,,,,,,,,,,,,,,,,,,,,,,,,,,,,531.433,561.2191,u,29.7609,,0,1,1,4,1,stimuliTAFCsec/numnym005.wav,,
,,,,,5f3ab6212d394935162684d5,001,2024-05-29_13h29.42.410,mathesisv2,2024.1.3,Win32,60.24096386,,,,,,,,,,,,,,,,,u,,,,,,,,,,,,,,,,,,,,,,,,,,,,,,,,,,,,,,,,,,,,,,,,,,,,,,,,,,,,,,,,,,,,,,,,,,561.2242,562.8213,u,1.5849,,0,2,2,0,1,stimuliTAFCsec/numnym001.wav,,
,,,,,5f3ab6212d394935162684d5,001,2024-05-29_13h29.42.410,mathesisv2,2024.1.3,Win32,60.24096386,,,,,,,,,,,,,,,,,y,,,,,,,,,,,,,,,,,,,,,,,,,,,,,,,,,,,,,,,,,,,,,,,,,,,,,,,,,,,,,,,,,,,,,,,,,,562.8215,564.0222,y,1.1846,,0,3,3,5,1,stimuliTAFCsec/numnym006.wav,,
,,,,,5f3ab6212d394935162684d5,001,2024-05-29_13h29.42.410,mathesisv2,2024.1.3,Win32,60.24096386,,,,,,,,,,,,,,,,,x,,,,,,,,,,,,,,,,,,,,,,,,,,,,,,,,,,,,,,,,,,,,,,,,,,,,,,,,,,,,,,,,,,,,,,,,,,564.0224,565.1898,y,1.1512,,0,4,4,3,1,stimuliTAFCsec/numnym004.wav,,
,,,,,5f3ab6212d394935162684d5,001,2024-05-29_13h29.42.410,mathesisv2,2024.1.3,Win32,60.24096386,,,,,,,,,,,,,,,,,u,,,,,,,,,,,,,,,,,,,,,,,,,,,,,,,,,,,,,,,,,,,,,,,,,,,,,,,,,,,,,,,,,,,,,,,,,,565.19,566.3067,u,1.0873,,0,5,5,1,1,stimuliTAFCsec/numnym002.wav,,
,,,,,5f3ab6212d394935162684d5,001,2024-05-29_13h29.42.410,mathesisv2,2024.1.3,Win32,60.24096386,,,,,,,,,,,,,,,,,u,,,,,,,,,,,,,,,,,,,,,,,,,,,,,,,,,,,,,,,,,,,,,,,,,,,,,,,,,,,,,,,,,,,,,,,,,,566.3069,567.4242,u,1.0978,,0,6,6,2,1,stimuliTAFCsec/numnym003.wav,,
,,,,,5f3ab6212d394935162684d5,001,2024-05-29_13h29.42.410,mathesisv2,2024.1.3,Win32,60.24096386,,,,,,,,,,,,,,,,,y,,,,,,,,,,,,,,,,,,,,,,,,,,,,,,,,,,,,,,,,,,,,,,,,,,,,,,,,,,,,,,,,,,,,,,,,,,567.4246,569.2926,y,1.8359,,1,0,7,4,1,stimuliTAFCsec/numnym005.wav,,
,,,,,5f3ab6212d394935162684d5,001,2024-05-29_13h29.42.410,mathesisv2,2024.1.3,Win32,60.24096386,,,,,,,,,,,,,,,,,y,,,,,,,,,,,,,,,,,,,,,,,,,,,,,,,,,,,,,,,,,,,,,,,,,,,,,,,,,,,,,,,,,,,,,,,,,,569.2929,570.5769,y,1.2559,,1,1,8,6,1,stimuliTAFCsec/numnym007.wav,,
,,,,,5f3ab6212d394935162684d5,001,2024-05-29_13h29.42.410,mathesisv2,2024.1.3,Win32,60.24096386,,,,,,,,,,,,,,,,,y,,,,,,,,,,,,,,,,,,,,,,,,,,,,,,,,,,,,,,,,,,,,,,,,,,,,,,,,,,,,,,,,,,,,,,,,,,570.5772,571.6611,y,1.0598,,1,2,9,5,1,stimuliTAFCsec/numnym006.wav,,
,,,,,5f3ab6212d394935162684d5,001,2024-05-29_13h29.42.410,mathesisv2,2024.1.3,Win32,60.24096386,,,,,,,,,,,,,,,,,u,,,,,,,,,,,,,,,,,,,,,,,,,,,,,,,,,,,,,,,,,,,,,,,,,,,,,,,,,,,,,,,,,,,,,,,,,,571.6615,572.7787,u,1.0873,,1,3,10,1,1,stimuliTAFCsec/numnym002.wav,,
,,,,,5f3ab6212d394935162684d5,001,2024-05-29_13h29.42.410,mathesisv2,2024.1.3,Win32,60.24096386,,,,,,,,,,,,,,,,,u,,,,,,,,,,,,,,,,,,,,,,,,,,,,,,,,,,,,,,,,,,,,,,,,,,,,,,,,,,,,,,,,,,,,,,,,,,572.779,573.963,u,1.1536,,1,4,11,0,1,stimuliTAFCsec/numnym001.wav,,
,,,,,5f3ab6212d394935162684d5,001,2024-05-29_13h29.42.410,mathesisv2,2024.1.3,Win32,60.24096386,,,,,,,,,,,,,,,,,u,,,,,,,,,,,,,,,,,,,,,,,,,,,,,,,,,,,,,,,,,,,,,,,,,,,,,,,,,,,,,,,,,,,,,,,,,,573.9632,574.9306,u,0.9374,,1,5,12,2,1,stimuliTAFCsec/numnym003.wav,,
,,,,,5f3ab6212d394935162684d5,001,2024-05-29_13h29.42.410,mathesisv2,2024.1.3,Win32,60.24096386,,,,,,,,,,,,,,,,,x,,,,,,,,,,,,,,,,,,,,,,,,,,,,,,,,,,,,,,,,,,,,,,,,,,,,,,,,,,,,,,,,,,,,,,,,,,574.9307,576.1982,y,1.2419,,1,6,13,3,1,stimuliTAFCsec/numnym004.wav,,
,,,,,5f3ab6212d394935162684d5,001,2024-05-29_13h29.42.410,mathesisv2,2024.1.3,Win32,60.24096386,,,,,,,,,,,,,,,,,y,,,,,,,,,,,,,,,,,,,,,,,,,,576.1983,584.3057,space,8.0903,,,,,,,,,,,,,,,,,,,,,,,,,,,,,,,,,,584.3123,589.0088,e,4.6834,,0,0,0,5,1,stimuliTAFCfirst/nimnym006.wav,,,,,,,,,,,,,
,,,,,5f3ab6212d394935162684d5,001,2024-05-29_13h29.42.410,mathesisv2,2024.1.3,Win32,60.24096386,,,,,,,,,,,,,,,,,x,,,,,,,,,,,,,,,,,,,,,,,,,,,,,,,,,,,,,,,,,,,,,,,,,,,,,,,,,,,,,,,589.0139,590.7602,e,1.7316,,0,1,1,3,1,stimuliTAFCfirst/nimnym004.wav,,,,,,,,,,,,,
,,,,,5f3ab6212d394935162684d5,001,2024-05-29_13h29.42.410,mathesisv2,2024.1.3,Win32,60.24096386,,,,,,,,,,,,,,,,,e,,,,,,,,,,,,,,,,,,,,,,,,,,,,,,,,,,,,,,,,,,,,,,,,,,,,,,,,,,,,,,,590.7605,592.8126,e,2.0351,,0,2,2,2,1,stimuliTAFCfirst/nimnym003.wav,,,,,,,,,,,,,
,,,,,5f3ab6212d394935162684d5,001,2024-05-29_13h29.42.410,mathesisv2,2024.1.3,Win32,60.24096386,,,,,,,,,,,,,,,,,e,,,,,,,,,,,,,,,,,,,,,,,,,,,,,,,,,,,,,,,,,,,,,,,,,,,,,,,,,,,,,,,592.8128,593.913,e,1.0802,,0,3,3,0,1,stimuliTAFCfirst/nimnym001.wav,,,,,,,,,,,,,
,,,,,5f3ab6212d394935162684d5,001,2024-05-29_13h29.42.410,mathesisv2,2024.1.3,Win32,60.24096386,,,,,,,,,,,,,,,,,y,,,,,,,,,,,,,,,,,,,,,,,,,,,,,,,,,,,,,,,,,,,,,,,,,,,,,,,,,,,,,,,593.9133,594.9973,y,1.0595,,0,4,4,6,1,stimuliTAFCfirst/nimnym007.wav,,,,,,,,,,,,,
,,,,,5f3ab6212d394935162684d5,001,2024-05-29_13h29.42.410,mathesisv2,2024.1.3,Win32,60.24096386,,,,,,,,,,,,,,,,,y,,,,,,,,,,,,,,,,,,,,,,,,,,,,,,,,,,,,,,,,,,,,,,,,,,,,,,,,,,,,,,,594.9975,596.1314,y,1.1031,,0,5,5,4,1,stimuliTAFCfirst/nimnym005.wav,,,,,,,,,,,,,
,,,,,5f3ab6212d394935162684d5,001,2024-05-29_13h29.42.410,mathesisv2,2024.1.3,Win32,60.24096386,,,,,,,,,,,,,,,,,e,,,,,,,,,,,,,,,,,,,,,,,,,,,,,,,,,,,,,,,,,,,,,,,,,,,,,,,,,,,,,,,596.1317,597.1657,y,1.0168,,0,6,6,1,1,stimuliTAFCfirst/nimnym002.wav,,,,,,,,,,,,,
,,,,,5f3ab6212d394935162684d5,001,2024-05-29_13h29.42.410,mathesisv2,2024.1.3,Win32,60.24096386,,,,,,,,,,,,,,,,,y,,,,,,,,,,,,,,,,,,,,,,,,,,,,,,,,,,,,,,,,,,,,,,,,,,,,,,,,,,,,,,,597.166,598.2838,y,1.1011,,1,0,7,6,1,stimuliTAFCfirst/nimnym007.wav,,,,,,,,,,,,,
,,,,,5f3ab6212d394935162684d5,001,2024-05-29_13h29.42.410,mathesisv2,2024.1.3,Win32,60.24096386,,,,,,,,,,,,,,,,,e,,,,,,,,,,,,,,,,,,,,,,,,,,,,,,,,,,,,,,,,,,,,,,,,,,,,,,,,,,,,,,,598.284,599.3174,e,1.0017,,1,1,8,1,1,stimuliTAFCfirst/nimnym002.wav,,,,,,,,,,,,,
,,,,,5f3ab6212d394935162684d5,001,2024-05-29_13h29.42.410,mathesisv2,2024.1.3,Win32,60.24096386,,,,,,,,,,,,,,,,,x,,,,,,,,,,,,,,,,,,,,,,,,,,,,,,,,,,,,,,,,,,,,,,,,,,,,,,,,,,,,,,,599.3177,600.6186,y,1.279,,1,2,9,3,1,stimuliTAFCfirst/nimnym004.wav,,,,,,,,,,,,,
,,,,,5f3ab6212d394935162684d5,001,2024-05-29_13h29.42.410,mathesisv2,2024.1.3,Win32,60.24096386,,,,,,,,,,,,,,,,,y,,,,,,,,,,,,,,,,,,,,,,,,,,,,,,,,,,,,,,,,,,,,,,,,,,,,,,,,,,,,,,,600.6188,601.9202,y,1.2846,,1,3,10,5,1,stimuliTAFCfirst/nimnym006.wav,,,,,,,,,,,,,
,,,,,5f3ab6212d394935162684d5,001,2024-05-29_13h29.42.410,mathesisv2,2024.1.3,Win32,60.24096386,,,,,,,,,,,,,,,,,e,,,,,,,,,,,,,,,,,,,,,,,,,,,,,,,,,,,,,,,,,,,,,,,,,,,,,,,,,,,,,,,601.9205,603.0212,e,1.0845,,1,4,11,0,1,stimuliTAFCfirst/nimnym001.wav,,,,,,,,,,,,,
,,,,,5f3ab6212d394935162684d5,001,2024-05-29_13h29.42.410,mathesisv2,2024.1.3,Win32,60.24096386,,,,,,,,,,,,,,,,,y,,,,,,,,,,,,,,,,,,,,,,,,,,,,,,,,,,,,,,,,,,,,,,,,,,,,,,,,,,,,,,,603.0214,604.2722,y,1.2346,,1,5,12,4,1,stimuliTAFCfirst/nimnym005.wav,,,,,,,,,,,,,
,,,,,5f3ab6212d394935162684d5,001,2024-05-29_13h29.42.410,mathesisv2,2024.1.3,Win32,60.24096386,,,,,,,,,,,,,,,,,e,,,,,,,,,,,,,,,,,,,,,,,,,,,,,,,,,,,,,,,,,,,,,,,,,,,,,,,,,,,,,,,604.2724,605.5226,e,1.229,,1,6,13,2,1,stimuliTAFCfirst/nimnym003.wav,,,,,,,,,,,,,
,,,,,5f3ab6212d394935162684d5,001,2024-05-29_13h29.42.410,mathesisv2,2024.1.3,Win32,60.24096386,,,,,,,,,,,,,,,,,u,605.5227,607.2907,space,1.7377,,,,,,,,,,,,,,,,,,,,,,,,,,,,,,,,,,,,,,,,,,,,,,,,,,,,,,,,,,,,,,,,,,,,,,607.2966,610.1432,u,2.8337,,0,0,0,1,1,stimuliTAFCsec/numnym002.wav,,
,,,,,5f3ab6212d394935162684d5,001,2024-05-29_13h29.42.410,mathesisv2,2024.1.3,Win32,60.24096386,,,,,,,,,,,,,,,,,y,,,,,,,,,,,,,,,,,,,,,,,,,,,,,,,,,,,,,,,,,,,,,,,,,,,,,,,,,,,,,,,,,,,,,,,,,,610.1435,611.4783,y,1.3181,,0,1,1,4,1,stimuliTAFCsec/numnym005.wav,,
,,,,,5f3ab6212d394935162684d5,001,2024-05-29_13h29.42.410,mathesisv2,2024.1.3,Win32,60.24096386,,,,,,,,,,,,,,,,,u,,,,,,,,,,,,,,,,,,,,,,,,,,,,,,,,,,,,,,,,,,,,,,,,,,,,,,,,,,,,,,,,,,,,,,,,,,611.4785,612.6617,u,1.1515,,0,2,2,0,1,stimuliTAFCsec/numnym001.wav,,
,,,,,5f3ab6212d394935162684d5,001,2024-05-29_13h29.42.410,mathesisv2,2024.1.3,Win32,60.24096386,,,,,,,,,,,,,,,,,u,,,,,,,,,,,,,,,,,,,,,,,,,,,,,,,,,,,,,,,,,,,,,,,,,,,,,,,,,,,,,,,,,,,,,,,,,,612.6622,613.7135,u,1.0345,,0,3,3,2,1,stimuliTAFCsec/numnym003.wav,,
,,,,,5f3ab6212d394935162684d5,001,2024-05-29_13h29.42.410,mathesisv2,2024.1.3,Win32,60.24096386,,,,,,,,,,,,,,,,,x,,,,,,,,,,,,,,,,,,,,,,,,,,,,,,,,,,,,,,,,,,,,,,,,,,,,,,,,,,,,,,,,,,,,,,,,,,613.7137,614.8144,y,1.0845,,0,4,4,3,1,stimuliTAFCsec/numnym004.wav,,
,,,,,5f3ab6212d394935162684d5,001,2024-05-29_13h29.42.410,mathesisv2,2024.1.3,Win32,60.24096386,,,,,,,,,,,,,,,,,y,,,,,,,,,,,,,,,,,,,,,,,,,,,,,,,,,,,,,,,,,,,,,,,,,,,,,,,,,,,,,,,,,,,,,,,,,,614.8146,615.9479,y,1.1028,,0,5,5,5,1,stimuliTAFCsec/numnym006.wav,,
,,,,,5f3ab6212d394935162684d5,001,2024-05-29_13h29.42.410,mathesisv2,2024.1.3,Win32,60.24096386,,,,,,,,,,,,,,,,,y,,,,,,,,,,,,,,,,,,,,,,,,,,,,,,,,,,,,,,,,,,,,,,,,,,,,,,,,,,,,,,,,,,,,,,,,,,615.9482,617.1662,y,1.2011,,0,6,6,6,1,stimuliTAFCsec/numnym007.wav,,
,,,,,5f3ab6212d394935162684d5,001,2024-05-29_13h29.42.410,mathesisv2,2024.1.3,Win32,60.24096386,,,,,,,,,,,,,,,,,u,,,,,,,,,,,,,,,,,,,,,,,,,,,,,,,,,,,,,,,,,,,,,,,,,,,,,,,,,,,,,,,,,,,,,,,,,,617.1664,618.2498,u,1.0629,,1,0,7,0,1,stimuliTAFCsec/numnym001.wav,,
,,,,,5f3ab6212d394935162684d5,001,2024-05-29_13h29.42.410,mathesisv2,2024.1.3,Win32,60.24096386,,,,,,,,,,,,,,,,,u,,,,,,,,,,,,,,,,,,,,,,,,,,,,,,,,,,,,,,,,,,,,,,,,,,,,,,,,,,,,,,,,,,,,,,,,,,618.2501,619.234,u,0.9545,,1,1,8,2,1,stimuliTAFCsec/numnym003.wav,,
,,,,,5f3ab6212d394935162684d5,001,2024-05-29_13h29.42.410,mathesisv2,2024.1.3,Win32,60.24096386,,,,,,,,,,,,,,,,,y,,,,,,,,,,,,,,,,,,,,,,,,,,,,,,,,,,,,,,,,,,,,,,,,,,,,,,,,,,,,,,,,,,,,,,,,,,619.2343,620.2687,y,1.0175,,1,2,9,6,1,stimuliTAFCsec/numnym007.wav,,
,,,,,5f3ab6212d394935162684d5,001,2024-05-29_13h29.42.410,mathesisv2,2024.1.3,Win32,60.24096386,,,,,,,,,,,,,,,,,x,,,,,,,,,,,,,,,,,,,,,,,,,,,,,,,,,,,,,,,,,,,,,,,,,,,,,,,,,,,,,,,,,,,,,,,,,,620.269,621.636,y,1.3442,,1,3,10,3,1,stimuliTAFCsec/numnym004.wav,,
,,,,,5f3ab6212d394935162684d5,001,2024-05-29_13h29.42.410,mathesisv2,2024.1.3,Win32,60.24096386,,,,,,,,,,,,,,,,,y,,,,,,,,,,,,,,,,,,,,,,,,,,,,,,,,,,,,,,,,,,,,,,,,,,,,,,,,,,,,,,,,,,,,,,,,,,621.6363,622.6536,y,1.0004,,1,4,11,4,1,stimuliTAFCsec/numnym005.wav,,
,,,,,5f3ab6212d394935162684d5,001,2024-05-29_13h29.42.410,mathesisv2,2024.1.3,Win32,60.24096386,,,,,,,,,,,,,,,,,y,,,,,,,,,,,,,,,,,,,,,,,,,,,,,,,,,,,,,,,,,,,,,,,,,,,,,,,,,,,,,,,,,,,,,,,,,,622.6538,623.6215,y,0.951,,1,5,12,5,1,stimuliTAFCsec/numnym006.wav,,
,,,,,5f3ab6212d394935162684d5,001,2024-05-29_13h29.42.410,mathesisv2,2024.1.3,Win32,60.24096386,,,,,,,,,,,,,,,,,u,,,,,,,,,,,,,,,,,,,,,,,,,,,,,,,,,,,,,,,,,,,,,,,,,,,,,,,,,,,,,,,,,,,,,,,,,,623.6217,624.6219,u,0.9834,,1,6,13,1,1,stimuliTAFCsec/numnym002.wav,,
,,,,,5f3ab6212d394935162684d5,001,2024-05-29_13h29.42.410,mathesisv2,2024.1.3,Win32,60.24096386,,,,,,,,,,,,,,,,,x,,,,,,,,,,,,,,,,,,,,,,,,,,624.622,627.0238,space,2.3748,,,,,,,,,,,,,,,,,,,,,,,,,,,,,,,,,,627.0298,630.811,e,3.77,,0,0,0,3,1,stimuliTAFCfirst/nimnym004.wav,,,,,,,,,,,,,
,,,,,5f3ab6212d394935162684d5,001,2024-05-29_13h29.42.410,mathesisv2,2024.1.3,Win32,60.24096386,,,,,,,,,,,,,,,,,e,,,,,,,,,,,,,,,,,,,,,,,,,,,,,,,,,,,,,,,,,,,,,,,,,,,,,,,,,,,,,,,630.8159,632.3282,e,1.4981,,0,1,1,0,1,stimuliTAFCfirst/nimnym001.wav,,,,,,,,,,,,,
,,,,,5f3ab6212d394935162684d5,001,2024-05-29_13h29.42.410,mathesisv2,2024.1.3,Win32,60.24096386,,,,,,,,,,,,,,,,,e,,,,,,,,,,,,,,,,,,,,,,,,,,,,,,,,,,,,,,,,,,,,,,,,,,,,,,,,,,,,,,,632.3285,633.4123,e,1.0523,,0,2,2,2,1,stimuliTAFCfirst/nimnym003.wav,,,,,,,,,,,,,
,,,,,5f3ab6212d394935162684d5,001,2024-05-29_13h29.42.410,mathesisv2,2024.1.3,Win32,60.24096386,,,,,,,,,,,,,,,,,y,,,,,,,,,,,,,,,,,,,,,,,,,,,,,,,,,,,,,,,,,,,,,,,,,,,,,,,,,,,,,,,633.4127,634.8642,y,1.4347,,0,3,3,6,1,stimuliTAFCfirst/nimnym007.wav,,,,,,,,,,,,,
,,,,,5f3ab6212d394935162684d5,001,2024-05-29_13h29.42.410,mathesisv2,2024.1.3,Win32,60.24096386,,,,,,,,,,,,,,,,,y,,,,,,,,,,,,,,,,,,,,,,,,,,,,,,,,,,,,,,,,,,,,,,,,,,,,,,,,,,,,,,,634.8645,636.0146,y,1.1329,,0,4,4,4,1,stimuliTAFCfirst/nimnym005.wav,,,,,,,,,,,,,
,,,,,5f3ab6212d394935162684d5,001,2024-05-29_13h29.42.410,mathesisv2,2024.1.3,Win32,60.24096386,,,,,,,,,,,,,,,,,e,,,,,,,,,,,,,,,,,,,,,,,,,,,,,,,,,,,,,,,,,,,,,,,,,,,,,,,,,,,,,,,636.0148,637.149,e,1.1098,,0,5,5,1,1,stimuliTAFCfirst/nimnym002.wav,,,,,,,,,,,,,
,,,,,5f3ab6212d394935162684d5,001,2024-05-29_13h29.42.410,mathesisv2,2024.1.3,Win32,60.24096386,,,,,,,,,,,,,,,,,y,,,,,,,,,,,,,,,,,,,,,,,,,,,,,,,,,,,,,,,,,,,,,,,,,,,,,,,,,,,,,,,637.1493,638.4833,y,1.3035,,0,6,6,5,1,stimuliTAFCfirst/nimnym006.wav,,,,,,,,,,,,,
,,,,,5f3ab6212d394935162684d5,001,2024-05-29_13h29.42.410,mathesisv2,2024.1.3,Win32,60.24096386,,,,,,,,,,,,,,,,,y,,,,,,,,,,,,,,,,,,,,,,,,,,,,,,,,,,,,,,,,,,,,,,,,,,,,,,,,,,,,,,,638.4836,640.2348,y,1.7291,,1,0,7,5,1,stimuliTAFCfirst/nimnym006.wav,,,,,,,,,,,,,
,,,,,5f3ab6212d394935162684d5,001,2024-05-29_13h29.42.410,mathesisv2,2024.1.3,Win32,60.24096386,,,,,,,,,,,,,,,,,e,,,,,,,,,,,,,,,,,,,,,,,,,,,,,,,,,,,,,,,,,,,,,,,,,,,,,,,,,,,,,,,640.235,641.3856,e,1.1297,,1,1,8,2,1,stimuliTAFCfirst/nimnym003.wav,,,,,,,,,,,,,
,,,,,5f3ab6212d394935162684d5,001,2024-05-29_13h29.42.410,mathesisv2,2024.1.3,Win32,60.24096386,,,,,,,,,,,,,,,,,x,,,,,,,,,,,,,,,,,,,,,,,,,,,,,,,,,,,,,,,,,,,,,,,,,,,,,,,,,,,,,,,641.3859,642.554,y,1.1511,,1,2,9,3,1,stimuliTAFCfirst/nimnym004.wav,,,,,,,,,,,,,
,,,,,5f3ab6212d394935162684d5,001,2024-05-29_13h29.42.410,mathesisv2,2024.1.3,Win32,60.24096386,,,,,,,,,,,,,,,,,y,,,,,,,,,,,,,,,,,,,,,,,,,,,,,,,,,,,,,,,,,,,,,,,,,,,,,,,,,,,,,,,642.5542,644.1213,e,1.547,,1,3,10,4,1,stimuliTAFCfirst/nimnym005.wav,,,,,,,,,,,,,
,,,,,5f3ab6212d394935162684d5,001,2024-05-29_13h29.42.410,mathesisv2,2024.1.3,Win32,60.24096386,,,,,,,,,,,,,,,,,e,,,,,,,,,,,,,,,,,,,,,,,,,,,,,,,,,,,,,,,,,,,,,,,,,,,,,,,,,,,,,,,644.1217,645.339,e,1.1951,,1,4,11,1,1,stimuliTAFCfirst/nimnym002.wav,,,,,,,,,,,,,
,,,,,5f3ab6212d394935162684d5,001,2024-05-29_13h29.42.410,mathesisv2,2024.1.3,Win32,60.24096386,,,,,,,,,,,,,,,,,y,,,,,,,,,,,,,,,,,,,,,,,,,,,,,,,,,,,,,,,,,,,,,,,,,,,,,,,,,,,,,,,645.3393,646.5239,y,1.1679,,1,5,12,6,1,stimuliTAFCfirst/nimnym007.wav,,,,,,,,,,,,,
,,,,,5f3ab6212d394935162684d5,001,2024-05-29_13h29.42.410,mathesisv2,2024.1.3,Win32,60.24096386,,,,,,,,,,,,,,,,,e,,,,,,,,,,,,,,,,,,,,,,,,,,,,,,,,,,,,,,,,,,,,,,,,,,,,,,,,,,,,,,,646.5242,647.6076,e,1.0571,,1,6,13,0,1,stimuliTAFCfirst/nimnym001.wav,,,,,,,,,,,,,
,,,,,5f3ab6212d394935162684d5,001,2024-05-29_13h29.42.410,mathesisv2,2024.1.3,Win32,60.24096386,,,,,,,,,,,,,,,,,y,647.6078,649.0595,space,1.4345,,,,,,,,,,,,,,,,,,,,,,,,,,,,,,,,,,,,,,,,,,,,,,,,,,,,,,,,,,,,,,,,,,,,,,649.061,652.4115,y,3.3215,,0,0,0,4,1,stimuliTAFCsec/numnym005.wav,,
,,,,,5f3ab6212d394935162684d5,001,2024-05-29_13h29.42.410,mathesisv2,2024.1.3,Win32,60.24096386,,,,,,,,,,,,,,,,,y,,,,,,,,,,,,,,,,,,,,,,,,,,,,,,,,,,,,,,,,,,,,,,,,,,,,,,,,,,,,,,,,,,,,,,,,,,652.4164,653.6297,y,1.2013,,0,1,1,5,1,stimuliTAFCsec/numnym006.wav,,
,,,,,5f3ab6212d394935162684d5,001,2024-05-29_13h29.42.410,mathesisv2,2024.1.3,Win32,60.24096386,,,,,,,,,,,,,,,,,u,,,,,,,,,,,,,,,,,,,,,,,,,,,,,,,,,,,,,,,,,,,,,,,,,,,,,,,,,,,,,,,,,,,,,,,,,,653.63,654.7467,u,1.0871,,0,2,2,2,1,stimuliTAFCsec/numnym003.wav,,
,,,,,5f3ab6212d394935162684d5,001,2024-05-29_13h29.42.410,mathesisv2,2024.1.3,Win32,60.24096386,,,,,,,,,,,,,,,,,x,,,,,,,,,,,,,,,,,,,,,,,,,,,,,,,,,,,,,,,,,,,,,,,,,,,,,,,,,,,,,,,,,,,,,,,,,,654.747,656.082,y,1.3181,,0,3,3,3,1,stimuliTAFCsec/numnym004.wav,,
,,,,,5f3ab6212d394935162684d5,001,2024-05-29_13h29.42.410,mathesisv2,2024.1.3,Win32,60.24096386,,,,,,,,,,,,,,,,,u,,,,,,,,,,,,,,,,,,,,,,,,,,,,,,,,,,,,,,,,,,,,,,,,,,,,,,,,,,,,,,,,,,,,,,,,,,656.0821,657.3822,u,1.2831,,0,4,4,1,1,stimuliTAFCsec/numnym002.wav,,
,,,,,5f3ab6212d394935162684d5,001,2024-05-29_13h29.42.410,mathesisv2,2024.1.3,Win32,60.24096386,,,,,,,,,,,,,,,,,y,,,,,,,,,,,,,,,,,,,,,,,,,,,,,,,,,,,,,,,,,,,,,,,,,,,,,,,,,,,,,,,,,,,,,,,,,,657.3825,658.5166,y,1.1101,,0,5,5,6,1,stimuliTAFCsec/numnym007.wav,,
,,,,,5f3ab6212d394935162684d5,001,2024-05-29_13h29.42.410,mathesisv2,2024.1.3,Win32,60.24096386,,,,,,,,,,,,,,,,,u,,,,,,,,,,,,,,,,,,,,,,,,,,,,,,,,,,,,,,,,,,,,,,,,,,,,,,,,,,,,,,,,,,,,,,,,,,658.5169,659.6182,u,1.0845,,0,6,6,0,1,stimuliTAFCsec/numnym001.wav,,
,,,,,5f3ab6212d394935162684d5,001,2024-05-29_13h29.42.410,mathesisv2,2024.1.3,Win32,60.24096386,,,,,,,,,,,,,,,,,u,,,,,,,,,,,,,,,,,,,,,,,,,,,,,,,,,,,,,,,,,,,,,,,,,,,,,,,,,,,,,,,,,,,,,,,,,,659.6185,660.6517,u,1.0027,,1,0,7,1,1,stimuliTAFCsec/numnym002.wav,,
,,,,,5f3ab6212d394935162684d5,001,2024-05-29_13h29.42.410,mathesisv2,2024.1.3,Win32,60.24096386,,,,,,,,,,,,,,,,,x,,,,,,,,,,,,,,,,,,,,,,,,,,,,,,,,,,,,,,,,,,,,,,,,,,,,,,,,,,,,,,,,,,,,,,,,,,660.652,661.7532,y,1.0844,,1,1,8,3,1,stimuliTAFCsec/numnym004.wav,,
,,,,,5f3ab6212d394935162684d5,001,2024-05-29_13h29.42.410,mathesisv2,2024.1.3,Win32,60.24096386,,,,,,,,,,,,,,,,,u,,,,,,,,,,,,,,,,,,,,,,,,,,,,,,,,,,,,,,,,,,,,,,,,,,,,,,,,,,,,,,,,,,,,,,,,,,661.7535,662.7207,u,0.9509,,1,2,9,0,1,stimuliTAFCsec/numnym001.wav,,
,,,,,5f3ab6212d394935162684d5,001,2024-05-29_13h29.42.410,mathesisv2,2024.1.3,Win32,60.24096386,,,,,,,,,,,,,,,,,y,,,,,,,,,,,,,,,,,,,,,,,,,,,,,,,,,,,,,,,,,,,,,,,,,,,,,,,,,,,,,,,,,,,,,,,,,,662.7209,664.2553,y,1.5181,,1,3,10,6,1,stimuliTAFCsec/numnym007.wav,,
,,,,,5f3ab6212d394935162684d5,001,2024-05-29_13h29.42.410,mathesisv2,2024.1.3,Win32,60.24096386,,,,,,,,,,,,,,,,,y,,,,,,,,,,,,,,,,,,,,,,,,,,,,,,,,,,,,,,,,,,,,,,,,,,,,,,,,,,,,,,,,,,,,,,,,,,664.2555,665.7226,y,1.4377,,1,4,11,4,1,stimuliTAFCsec/numnym005.wav,,
,,,,,5f3ab6212d394935162684d5,001,2024-05-29_13h29.42.410,mathesisv2,2024.1.3,Win32,60.24096386,,,,,,,,,,,,,,,,,y,,,,,,,,,,,,,,,,,,,,,,,,,,,,,,,,,,,,,,,,,,,,,,,,,,,,,,,,,,,,,,,,,,,,,,,,,,665.7228,667.057,y,1.3137,,1,5,12,5,1,stimuliTAFCsec/numnym006.wav,,
,,,,,5f3ab6212d394935162684d5,001,2024-05-29_13h29.42.410,mathesisv2,2024.1.3,Win32,60.24096386,,,,,,,,,,,,,,,,,u,,,,,,,,,,,,,,,,,,,,,,,,,,,,,,,,,,,,,,,,,,,,,,,,,,,,,,,,,,,,,,,,,,,,,,,,,,667.0573,667.9917,u,0.9175,,1,6,13,2,1,stimuliTAFCsec/numnym003.wav,,
,,,,,5f3ab6212d394935162684d5,001,2024-05-29_13h29.42.410,mathesisv2,2024.1.3,Win32,60.24096386,,,,,,,,,,,,,,,,,,,,,,,,,,,,,,,,,,,,,,,,,,,667.9918,670.0269,space,2.0185,,,,,,,,,,,,,,,,,,,,,,,,,,,,,,,,,,,,,,,,,,,,,,,,,,,,,,,,670.0272,675.0306
