﻿start.started,start.stopped,startkey_resp.keys,startkey_resp.rt,startkey_resp.duration,participant,session,date,expName,psychopyVersion,OS,frameRate,attention.started,attention.stopped,key_resp.keys,key_resp.rt,key_resp.duration,stimuliAXBmix.started,stimuliAXBmix.stopped,stimuliAXBkey_resp.keys,stimuliAXBkey_resp.rt,stimuliAXBkey_resp.duration,stimuliAXBtesttrials.thisRepN,stimuliAXBtesttrials.thisTrialN,stimuliAXBtesttrials.thisN,stimuliAXBtesttrials.thisIndex,stimuliAXBtesttrials.ran,stimuliAXBmix,Correct,attentionsecond.started,attentionsecond.stopped,attentionsecondkey_resp.keys,attentionsecondkey_resp.rt,attentionsecondkey_resp.duration,instAXBreal.started,instAXBreal.stopped,instAXBrealkey_resp.keys,instAXBrealkey_resp.rt,instAXBrealkey_resp.duration,stimuliAXBmixfirst.thisRepN,stimuliAXBmixfirst.thisTrialN,stimuliAXBmixfirst.thisN,stimuliAXBmixfirst.thisIndex,stimuliAXBmixfirst.ran,attentionfirst.started,attentionfirst.stopped,attentionfirstkey_resp.keys,attentionfirstkey_resp.rt,attentionfirstkey_resp.duration,stimuliAXbmixsec.thisRepN,stimuliAXbmixsec.thisTrialN,stimuliAXbmixsec.thisN,stimuliAXbmixsec.thisIndex,stimuliAXbmixsec.ran,kaffeepause.started,kaffeepause.stopped,kaffeepausekey_resp.keys,kaffeepausekey_resp.rt,kaffeepausekey_resp.duration,instTAFCtest.started,instTAFCtest.stopped,instTAFCtestkey_resp.keys,instTAFCtestkey_resp.rt,instTAFCtestkey_resp.duration,testTAFCmixfirst.started,testTAFCmixfirst.stopped,testTAFCmixfirstkey_resp.keys,testTAFCmixfirstkey_resp.rt,testTAFCmixfirstkey_resp.duration,testTAFCmixfirsttrials.thisRepN,testTAFCmixfirsttrials.thisTrialN,testTAFCmixfirsttrials.thisN,testTAFCmixfirsttrials.thisIndex,testTAFCmixfirsttrials.ran,testTAFCmixfirst,testTAFCmixsec.started,testTAFCmixsec.stopped,testTAFCmixseckey_resp.keys,testTAFCmixseckey_resp.rt,testTAFCmixseckey_resp.duration,testTAFCmixsectrials.thisRepN,testTAFCmixsectrials.thisTrialN,testTAFCmixsectrials.thisN,testTAFCmixsectrials.thisIndex,testTAFCmixsectrials.ran,testTAFCmixsec,instTAFCreal.started,instTAFCreal.stopped,instTAFCrealkey_resp.keys,instTAFCrealkey_resp.rt,instTAFCrealkey_resp.duration,stimuliTAFCfirst.started,stimuliTAFCfirst.stopped,stimuliTAFCfirstkey_resp.keys,stimuliTAFCfirstkey_resp.rt,stimuliTAFCfirstkey_resp.duration,stimuliTAFCfirsttrials.thisRepN,stimuliTAFCfirsttrials.thisTrialN,stimuliTAFCfirsttrials.thisN,stimuliTAFCfirsttrials.thisIndex,stimuliTAFCfirsttrials.ran,stimuliTAFCfirst,stimuliTAFCsec.started,stimuliTAFCsec.stopped,stimuliTAFCseckey_resp.keys,stimuliTAFCseckey_resp.rt,stimuliTAFCseckey_resp.duration,stimuliTAFCsectrials.thisRepN,stimuliTAFCsectrials.thisTrialN,stimuliTAFCsectrials.thisN,stimuliTAFCsectrials.thisIndex,stimuliTAFCsectrials.ran,stimuliTAFCsec,end.started,end.stopped
0.0002,33.3306,space,33.3136,,385134,001,2024-05-27_16h20.34.071,mathesisv2,2024.1.3,Win32,59.52380952,,,,,,,,,,,,,,,,,,,,,,,,,,,,,,,,,,,,,,,,,,,,,,,,,,,,,,,,,,,,,,,,,,,,,,,,,,,,,,,,,,,,,,,,,,,,,,,,,,,,,,,
,,,,,385134,001,2024-05-27_16h20.34.071,mathesisv2,2024.1.3,Win32,59.52380952,33.3307,49.7973,space,16.4243,,,,,,,,,,,,,,,,,,,,,,,,,,,,,,,,,,,,,,,,,,,,,,,,,,,,,,,,,,,,,,,,,,,,,,,,,,,,,,,,,,,,,,,,,,,,,,,,,,,
,,,,,385134,001,2024-05-27_16h20.34.071,mathesisv2,2024.1.3,Win32,59.52380952,,,,,,49.8101,59.931,l,10.1088,,0,0,0,0,1,stimuliAXBmix/iiystimulus.wav,l,,,,,,,,,,,,,,,,,,,,,,,,,,,,,,,,,,,,,,,,,,,,,,,,,,,,,,,,,,,,,,,,,,,,,,,,,,,,,,,,,,,,,,
,,,,,385134,001,2024-05-27_16h20.34.071,mathesisv2,2024.1.3,Win32,59.52380952,,,,,,59.9409,66.2142,f,6.2606,,0,1,1,1,1,stimuliAXBmix/iyystimulus.wav,f,,,,,,,,,,,,,,,,,,,,,,,,,,,,,,,,,,,,,,,,,,,,,,,,,,,,,,,,,,,,,,,,,,,,,,,,,,,,,,,,,,,,,,
,,,,,385134,001,2024-05-27_16h20.34.071,mathesisv2,2024.1.3,Win32,59.52380952,,,,,,66.2222,70.5975,l,4.3572,,0,2,2,3,1,stimuliAXBmix/yyustimulus.wav,l,,,,,,,,,,,,,,,,,,,,,,,,,,,,,,,,,,,,,,,,,,,,,,,,,,,,,,,,,,,,,,,,,,,,,,,,,,,,,,,,,,,,,,
,,,,,385134,001,2024-05-27_16h20.34.071,mathesisv2,2024.1.3,Win32,59.52380952,,,,,,70.6049,74.181,f,3.5504,,0,3,3,2,1,stimuliAXBmix/yuustimulus.wav,f,,,,,,,,,,,,,,,,,,,,,,,,,,,,,,,,,,,,,,,,,,,,,,,,,,,,,,,,,,,,,,,,,,,,,,,,,,,,,,,,,,,,,,
,,,,,385134,001,2024-05-27_16h20.34.071,mathesisv2,2024.1.3,Win32,59.52380952,,,,,,,,,,,,,,,,,,74.1884,77.6809,space,3.4664,,,,,,,,,,,,,,,,,,,,,,,,,,,,,,,,,,,,,,,,,,,,,,,,,,,,,,,,,,,,,,,,,,,,,,,,,,,,,,,,,,
,,,,,385134,001,2024-05-27_16h20.34.071,mathesisv2,2024.1.3,Win32,59.52380952,,,,,,,,,,,,,,,,,,,,,,,77.6811,102.8541,space,25.1496,,,,,,,,,,,,,,,,,,,,,,,,,,,,,,,,,,,,,,,,,,,,,,,,,,,,,,,,,,,,,,,,,,,,,,,,,,,,,
,,,,,385134,001,2024-05-27_16h20.34.071,mathesisv2,2024.1.3,Win32,59.52380952,,,,,,102.8716,107.9482,f,5.0609,,,,,,,stimuliAXBmix/iyystimulus.wav,f,,,,,,,,,,,0,0,0,1,1,,,,,,,,,,,,,,,,,,,,,,,,,,,,,,,,,,,,,,,,,,,,,,,,,,,,,,,,,,,,,,,,,,,,,,,
,,,,,385134,001,2024-05-27_16h20.34.071,mathesisv2,2024.1.3,Win32,59.52380952,,,,,,107.9557,112.0149,l,4.0393,,,,,,,stimuliAXBmix/iiystimulus.wav,l,,,,,,,,,,,0,1,1,0,1,,,,,,,,,,,,,,,,,,,,,,,,,,,,,,,,,,,,,,,,,,,,,,,,,,,,,,,,,,,,,,,,,,,,,,,
,,,,,385134,001,2024-05-27_16h20.34.071,mathesisv2,2024.1.3,Win32,59.52380952,,,,,,112.0227,116.6316,f,4.5841,,,,,,,stimuliAXBmix/yuustimulus.wav,f,,,,,,,,,,,0,2,2,2,1,,,,,,,,,,,,,,,,,,,,,,,,,,,,,,,,,,,,,,,,,,,,,,,,,,,,,,,,,,,,,,,,,,,,,,,
,,,,,385134,001,2024-05-27_16h20.34.071,mathesisv2,2024.1.3,Win32,59.52380952,,,,,,116.6389,121.498,l,4.835,,,,,,,stimuliAXBmix/yyustimulus.wav,l,,,,,,,,,,,0,3,3,3,1,,,,,,,,,,,,,,,,,,,,,,,,,,,,,,,,,,,,,,,,,,,,,,,,,,,,,,,,,,,,,,,,,,,,,,,
,,,,,385134,001,2024-05-27_16h20.34.071,mathesisv2,2024.1.3,Win32,59.52380952,,,,,,121.5053,125.1649,f,3.6333,,,,,,,stimuliAXBmix/iyystimulus.wav,f,,,,,,,,,,,1,0,4,1,1,,,,,,,,,,,,,,,,,,,,,,,,,,,,,,,,,,,,,,,,,,,,,,,,,,,,,,,,,,,,,,,,,,,,,,,
,,,,,385134,001,2024-05-27_16h20.34.071,mathesisv2,2024.1.3,Win32,59.52380952,,,,,,125.1725,128.4506,f,3.2641,,,,,,,stimuliAXBmix/yuustimulus.wav,f,,,,,,,,,,,1,1,5,2,1,,,,,,,,,,,,,,,,,,,,,,,,,,,,,,,,,,,,,,,,,,,,,,,,,,,,,,,,,,,,,,,,,,,,,,,
,,,,,385134,001,2024-05-27_16h20.34.071,mathesisv2,2024.1.3,Win32,59.52380952,,,,,,128.4508,132.3316,l,3.8543,,,,,,,stimuliAXBmix/iiystimulus.wav,l,,,,,,,,,,,1,2,6,0,1,,,,,,,,,,,,,,,,,,,,,,,,,,,,,,,,,,,,,,,,,,,,,,,,,,,,,,,,,,,,,,,,,,,,,,,
,,,,,385134,001,2024-05-27_16h20.34.071,mathesisv2,2024.1.3,Win32,59.52380952,,,,,,132.3389,135.6818,l,3.318,,,,,,,stimuliAXBmix/yyustimulus.wav,l,,,,,,,,,,,1,3,7,3,1,,,,,,,,,,,,,,,,,,,,,,,,,,,,,,,,,,,,,,,,,,,,,,,,,,,,,,,,,,,,,,,,,,,,,,,
,,,,,385134,001,2024-05-27_16h20.34.071,mathesisv2,2024.1.3,Win32,59.52380952,,,,,,135.6887,140.9482,f,5.2447,,,,,,,stimuliAXBmix/iyystimulus.wav,f,,,,,,,,,,,2,0,8,1,1,,,,,,,,,,,,,,,,,,,,,,,,,,,,,,,,,,,,,,,,,,,,,,,,,,,,,,,,,,,,,,,,,,,,,,,
,,,,,385134,001,2024-05-27_16h20.34.071,mathesisv2,2024.1.3,Win32,59.52380952,,,,,,140.9565,144.6484,f,3.6712,,,,,,,stimuliAXBmix/yuustimulus.wav,f,,,,,,,,,,,2,1,9,2,1,,,,,,,,,,,,,,,,,,,,,,,,,,,,,,,,,,,,,,,,,,,,,,,,,,,,,,,,,,,,,,,,,,,,,,,
,,,,,385134,001,2024-05-27_16h20.34.071,mathesisv2,2024.1.3,Win32,59.52380952,,,,,,144.649,148.465,l,3.784,,,,,,,stimuliAXBmix/iiystimulus.wav,l,,,,,,,,,,,2,2,10,0,1,,,,,,,,,,,,,,,,,,,,,,,,,,,,,,,,,,,,,,,,,,,,,,,,,,,,,,,,,,,,,,,,,,,,,,,
,,,,,385134,001,2024-05-27_16h20.34.071,mathesisv2,2024.1.3,Win32,59.52380952,,,,,,148.4727,152.7488,l,4.2591,,,,,,,stimuliAXBmix/yyustimulus.wav,l,,,,,,,,,,,2,3,11,3,1,,,,,,,,,,,,,,,,,,,,,,,,,,,,,,,,,,,,,,,,,,,,,,,,,,,,,,,,,,,,,,,,,,,,,,,
,,,,,385134,001,2024-05-27_16h20.34.071,mathesisv2,2024.1.3,Win32,59.52380952,,,,,,156.4924,161.7819,f,5.2665,,,,,,,stimuliAXBmix/yuustimulus.wav,f,,,,,,,,,,,,,,,,152.7492,156.4822,return,3.702,,0,0,0,2,1,,,,,,,,,,,,,,,,,,,,,,,,,,,,,,,,,,,,,,,,,,,,,,,,,,,,,,,,,,,,,
,,,,,385134,001,2024-05-27_16h20.34.071,mathesisv2,2024.1.3,Win32,59.52380952,,,,,,161.7892,167.4822,l,5.6741,,,,,,,stimuliAXBmix/yyustimulus.wav,l,,,,,,,,,,,,,,,,,,,,,0,1,1,3,1,,,,,,,,,,,,,,,,,,,,,,,,,,,,,,,,,,,,,,,,,,,,,,,,,,,,,,,,,,,,,
,,,,,385134,001,2024-05-27_16h20.34.071,mathesisv2,2024.1.3,Win32,59.52380952,,,,,,167.4895,173.6488,l,6.1332,,,,,,,stimuliAXBmix/iiystimulus.wav,l,,,,,,,,,,,,,,,,,,,,,0,2,2,0,1,,,,,,,,,,,,,,,,,,,,,,,,,,,,,,,,,,,,,,,,,,,,,,,,,,,,,,,,,,,,,
,,,,,385134,001,2024-05-27_16h20.34.071,mathesisv2,2024.1.3,Win32,59.52380952,,,,,,173.6561,177.1653,f,3.494,,,,,,,stimuliAXBmix/iyystimulus.wav,f,,,,,,,,,,,,,,,,,,,,,0,3,3,1,1,,,,,,,,,,,,,,,,,,,,,,,,,,,,,,,,,,,,,,,,,,,,,,,,,,,,,,,,,,,,,
,,,,,385134,001,2024-05-27_16h20.34.071,mathesisv2,2024.1.3,Win32,59.52380952,,,,,,177.1725,182.6654,l,5.4672,,,,,,,stimuliAXBmix/yyustimulus.wav,l,,,,,,,,,,,,,,,,,,,,,1,0,4,3,1,,,,,,,,,,,,,,,,,,,,,,,,,,,,,,,,,,,,,,,,,,,,,,,,,,,,,,,,,,,,,
,,,,,385134,001,2024-05-27_16h20.34.071,mathesisv2,2024.1.3,Win32,59.52380952,,,,,,182.6742,186.0489,f,3.3564,,,,,,,stimuliAXBmix/yuustimulus.wav,f,,,,,,,,,,,,,,,,,,,,,1,1,5,2,1,,,,,,,,,,,,,,,,,,,,,,,,,,,,,,,,,,,,,,,,,,,,,,,,,,,,,,,,,,,,,
,,,,,385134,001,2024-05-27_16h20.34.071,mathesisv2,2024.1.3,Win32,59.52380952,,,,,,186.0561,189.999,f,3.9205,,,,,,,stimuliAXBmix/iyystimulus.wav,f,,,,,,,,,,,,,,,,,,,,,1,2,6,1,1,,,,,,,,,,,,,,,,,,,,,,,,,,,,,,,,,,,,,,,,,,,,,,,,,,,,,,,,,,,,,
,,,,,385134,001,2024-05-27_16h20.34.071,mathesisv2,2024.1.3,Win32,59.52380952,,,,,,190.0058,193.8375,l,3.817,,,,,,,stimuliAXBmix/iiystimulus.wav,l,,,,,,,,,,,,,,,,,,,,,1,3,7,0,1,,,,,,,,,,,,,,,,,,,,,,,,,,,,,,,,,,,,,,,,,,,,,,,,,,,,,,,,,,,,,
,,,,,385134,001,2024-05-27_16h20.34.071,mathesisv2,2024.1.3,Win32,59.52380952,,,,,,205.4091,210.2167,f,4.7863,,,,,,,stimuliAXBmix/iyystimulus.wav,f,,,,,,,,,,,0,0,0,1,1,,,,,,,,,,,193.8379,205.3995,space,11.5257,,,,,,,,,,,,,,,,,,,,,,,,,,,,,,,,,,,,,,,,,,,,,,,,,,,,,,,,,
,,,,,385134,001,2024-05-27_16h20.34.071,mathesisv2,2024.1.3,Win32,59.52380952,,,,,,210.2373,215.0659,l,4.8143,,,,,,,stimuliAXBmix/iiystimulus.wav,l,,,,,,,,,,,0,1,1,0,1,,,,,,,,,,,,,,,,,,,,,,,,,,,,,,,,,,,,,,,,,,,,,,,,,,,,,,,,,,,,,,,,,,,,,,,
,,,,,385134,001,2024-05-27_16h20.34.071,mathesisv2,2024.1.3,Win32,59.52380952,,,,,,215.0732,220.066,l,4.9691,,,,,,,stimuliAXBmix/yyustimulus.wav,l,,,,,,,,,,,0,2,2,3,1,,,,,,,,,,,,,,,,,,,,,,,,,,,,,,,,,,,,,,,,,,,,,,,,,,,,,,,,,,,,,,,,,,,,,,,
,,,,,385134,001,2024-05-27_16h20.34.071,mathesisv2,2024.1.3,Win32,59.52380952,,,,,,220.0736,225.6161,f,5.5171,,,,,,,stimuliAXBmix/yuustimulus.wav,f,,,,,,,,,,,0,3,3,2,1,,,,,,,,,,,,,,,,,,,,,,,,,,,,,,,,,,,,,,,,,,,,,,,,,,,,,,,,,,,,,,,,,,,,,,,
,,,,,385134,001,2024-05-27_16h20.34.071,mathesisv2,2024.1.3,Win32,59.52380952,,,,,,225.6232,229.288,f,3.65,,,,,,,stimuliAXBmix/iyystimulus.wav,f,,,,,,,,,,,1,0,4,1,1,,,,,,,,,,,,,,,,,,,,,,,,,,,,,,,,,,,,,,,,,,,,,,,,,,,,,,,,,,,,,,,,,,,,,,,
,,,,,385134,001,2024-05-27_16h20.34.071,mathesisv2,2024.1.3,Win32,59.52380952,,,,,,229.2882,232.7494,f,3.44,,,,,,,stimuliAXBmix/yuustimulus.wav,f,,,,,,,,,,,1,1,5,2,1,,,,,,,,,,,,,,,,,,,,,,,,,,,,,,,,,,,,,,,,,,,,,,,,,,,,,,,,,,,,,,,,,,,,,,,
,,,,,385134,001,2024-05-27_16h20.34.071,mathesisv2,2024.1.3,Win32,59.52380952,,,,,,232.7565,236.6329,l,3.8509,,,,,,,stimuliAXBmix/iiystimulus.wav,l,,,,,,,,,,,1,2,6,0,1,,,,,,,,,,,,,,,,,,,,,,,,,,,,,,,,,,,,,,,,,,,,,,,,,,,,,,,,,,,,,,,,,,,,,,,
,,,,,385134,001,2024-05-27_16h20.34.071,mathesisv2,2024.1.3,Win32,59.52380952,,,,,,236.6411,242.1831,l,5.5196,,,,,,,stimuliAXBmix/yyustimulus.wav,l,,,,,,,,,,,1,3,7,3,1,,,,,,,,,,,,,,,,,,,,,,,,,,,,,,,,,,,,,,,,,,,,,,,,,,,,,,,,,,,,,,,,,,,,,,,
,,,,,385134,001,2024-05-27_16h20.34.071,mathesisv2,2024.1.3,Win32,59.52380952,,,,,,242.1951,245.6661,l,3.4506,,,,,,,stimuliAXBmix/yyustimulus.wav,l,,,,,,,,,,,2,0,8,3,1,,,,,,,,,,,,,,,,,,,,,,,,,,,,,,,,,,,,,,,,,,,,,,,,,,,,,,,,,,,,,,,,,,,,,,,
,,,,,385134,001,2024-05-27_16h20.34.071,mathesisv2,2024.1.3,Win32,59.52380952,,,,,,245.6733,251.2334,l,5.5375,,,,,,,stimuliAXBmix/iiystimulus.wav,l,,,,,,,,,,,2,1,9,0,1,,,,,,,,,,,,,,,,,,,,,,,,,,,,,,,,,,,,,,,,,,,,,,,,,,,,,,,,,,,,,,,,,,,,,,,
,,,,,385134,001,2024-05-27_16h20.34.071,mathesisv2,2024.1.3,Win32,59.52380952,,,,,,251.2405,254.4497,f,3.1871,,,,,,,stimuliAXBmix/yuustimulus.wav,f,,,,,,,,,,,2,2,10,2,1,,,,,,,,,,,,,,,,,,,,,,,,,,,,,,,,,,,,,,,,,,,,,,,,,,,,,,,,,,,,,,,,,,,,,,,
,,,,,385134,001,2024-05-27_16h20.34.071,mathesisv2,2024.1.3,Win32,59.52380952,,,,,,254.4568,257.7496,f,3.2703,,,,,,,stimuliAXBmix/iyystimulus.wav,f,,,,,,,,,,,2,3,11,1,1,,,,,,,,,,,,,,,,,,,,,,,,,,,,,,,,,,,,,,,,,,,,,,,,,,,,,,,,,,,,,,,,,,,,,,,
,,,,,385134,001,2024-05-27_16h20.34.071,mathesisv2,2024.1.3,Win32,59.52380952,,,,,,261.0475,265.4721,f,4.4173,,,,,,,stimuliAXBmix/iyystimulus.wav,f,,,,,,,,,,,,,,,,257.7497,261.0384,return,3.2665,,0,0,0,1,1,,,,,,,,,,,,,,,,,,,,,,,,,,,,,,,,,,,,,,,,,,,,,,,,,,,,,,,,,,,,,
,,,,,385134,001,2024-05-27_16h20.34.071,mathesisv2,2024.1.3,Win32,59.52380952,,,,,,265.4791,272.1388,f,6.6506,,,,,,,stimuliAXBmix/yuustimulus.wav,f,,,,,,,,,,,,,,,,,,,,,0,1,1,2,1,,,,,,,,,,,,,,,,,,,,,,,,,,,,,,,,,,,,,,,,,,,,,,,,,,,,,,,,,,,,,
,,,,,385134,001,2024-05-27_16h20.34.071,mathesisv2,2024.1.3,Win32,59.52380952,,,,,,272.1461,277.1001,l,4.9401,,,,,,,stimuliAXBmix/iiystimulus.wav,l,,,,,,,,,,,,,,,,,,,,,0,2,2,0,1,,,,,,,,,,,,,,,,,,,,,,,,,,,,,,,,,,,,,,,,,,,,,,,,,,,,,,,,,,,,,
,,,,,385134,001,2024-05-27_16h20.34.071,mathesisv2,2024.1.3,Win32,59.52380952,,,,,,277.1072,283.5667,l,6.4338,,,,,,,stimuliAXBmix/yyustimulus.wav,l,,,,,,,,,,,,,,,,,,,,,0,3,3,3,1,,,,,,,,,,,,,,,,,,,,,,,,,,,,,,,,,,,,,,,,,,,,,,,,,,,,,,,,,,,,,
,,,,,385134,001,2024-05-27_16h20.34.071,mathesisv2,2024.1.3,Win32,59.52380952,,,,,,283.5743,286.8834,l,3.2833,,,,,,,stimuliAXBmix/iiystimulus.wav,l,,,,,,,,,,,,,,,,,,,,,1,0,4,0,1,,,,,,,,,,,,,,,,,,,,,,,,,,,,,,,,,,,,,,,,,,,,,,,,,,,,,,,,,,,,,
,,,,,385134,001,2024-05-27_16h20.34.071,mathesisv2,2024.1.3,Win32,59.52380952,,,,,,286.8837,290.2835,f,3.3773,,,,,,,stimuliAXBmix/yyustimulus.wav,l,,,,,,,,,,,,,,,,,,,,,1,1,5,3,1,,,,,,,,,,,,,,,,,,,,,,,,,,,,,,,,,,,,,,,,,,,,,,,,,,,,,,,,,,,,,
,,,,,385134,001,2024-05-27_16h20.34.071,mathesisv2,2024.1.3,Win32,59.52380952,,,,,,290.2911,294.3668,f,4.0505,,,,,,,stimuliAXBmix/iyystimulus.wav,f,,,,,,,,,,,,,,,,,,,,,1,2,6,1,1,,,,,,,,,,,,,,,,,,,,,,,,,,,,,,,,,,,,,,,,,,,,,,,,,,,,,,,,,,,,,
,,,,,385134,001,2024-05-27_16h20.34.071,mathesisv2,2024.1.3,Win32,59.52380952,,,,,,294.3739,300.3337,f,5.9405,,,,,,,stimuliAXBmix/yuustimulus.wav,f,,,,,,,,,,,,,,,,,,,,,1,3,7,2,1,,,,,,,,,,,,,,,,,,,,,,,,,,,,,,,,,,,,,,,,,,,,,,,,,,,,,,,,,,,,,
,,,,,385134,001,2024-05-27_16h20.34.071,mathesisv2,2024.1.3,Win32,59.52380952,,,,,,312.1935,316.2004,f,3.9922,,,,,,,stimuliAXBmix/yuustimulus.wav,f,,,,,,,,,,,0,0,0,2,1,,,,,,,,,,,300.3337,312.1756,space,11.8354,,,,,,,,,,,,,,,,,,,,,,,,,,,,,,,,,,,,,,,,,,,,,,,,,,,,,,,,,
,,,,,385134,001,2024-05-27_16h20.34.071,mathesisv2,2024.1.3,Win32,59.52380952,,,,,,316.2097,321.934,l,5.7102,,,,,,,stimuliAXBmix/yyustimulus.wav,l,,,,,,,,,,,0,1,1,3,1,,,,,,,,,,,,,,,,,,,,,,,,,,,,,,,,,,,,,,,,,,,,,,,,,,,,,,,,,,,,,,,,,,,,,,,
,,,,,385134,001,2024-05-27_16h20.34.071,mathesisv2,2024.1.3,Win32,59.52380952,,,,,,321.9416,325.9841,l,4.0225,,,,,,,stimuliAXBmix/iiystimulus.wav,l,,,,,,,,,,,0,2,2,0,1,,,,,,,,,,,,,,,,,,,,,,,,,,,,,,,,,,,,,,,,,,,,,,,,,,,,,,,,,,,,,,,,,,,,,,,
,,,,,385134,001,2024-05-27_16h20.34.071,mathesisv2,2024.1.3,Win32,59.52380952,,,,,,325.9914,329.6006,f,3.5843,,,,,,,stimuliAXBmix/iyystimulus.wav,f,,,,,,,,,,,0,3,3,1,1,,,,,,,,,,,,,,,,,,,,,,,,,,,,,,,,,,,,,,,,,,,,,,,,,,,,,,,,,,,,,,,,,,,,,,,
,,,,,385134,001,2024-05-27_16h20.34.071,mathesisv2,2024.1.3,Win32,59.52380952,,,,,,329.6078,332.9176,l,3.2832,,,,,,,stimuliAXBmix/iiystimulus.wav,l,,,,,,,,,,,1,0,4,0,1,,,,,,,,,,,,,,,,,,,,,,,,,,,,,,,,,,,,,,,,,,,,,,,,,,,,,,,,,,,,,,,,,,,,,,,
,,,,,385134,001,2024-05-27_16h20.34.071,mathesisv2,2024.1.3,Win32,59.52380952,,,,,,332.9247,338.1176,l,5.173,,,,,,,stimuliAXBmix/yyustimulus.wav,l,,,,,,,,,,,1,1,5,3,1,,,,,,,,,,,,,,,,,,,,,,,,,,,,,,,,,,,,,,,,,,,,,,,,,,,,,,,,,,,,,,,,,,,,,,,
,,,,,385134,001,2024-05-27_16h20.34.071,mathesisv2,2024.1.3,Win32,59.52380952,,,,,,338.1251,342.0506,f,3.9097,,,,,,,stimuliAXBmix/iyystimulus.wav,f,,,,,,,,,,,1,2,6,1,1,,,,,,,,,,,,,,,,,,,,,,,,,,,,,,,,,,,,,,,,,,,,,,,,,,,,,,,,,,,,,,,,,,,,,,,
,,,,,385134,001,2024-05-27_16h20.34.071,mathesisv2,2024.1.3,Win32,59.52380952,,,,,,342.0576,347.3176,f,5.2407,,,,,,,stimuliAXBmix/yuustimulus.wav,f,,,,,,,,,,,1,3,7,2,1,,,,,,,,,,,,,,,,,,,,,,,,,,,,,,,,,,,,,,,,,,,,,,,,,,,,,,,,,,,,,,,,,,,,,,,
,,,,,385134,001,2024-05-27_16h20.34.071,mathesisv2,2024.1.3,Win32,59.52380952,,,,,,347.3267,351.4176,l,4.0756,,,,,,,stimuliAXBmix/yyustimulus.wav,l,,,,,,,,,,,2,0,8,3,1,,,,,,,,,,,,,,,,,,,,,,,,,,,,,,,,,,,,,,,,,,,,,,,,,,,,,,,,,,,,,,,,,,,,,,,
,,,,,385134,001,2024-05-27_16h20.34.071,mathesisv2,2024.1.3,Win32,59.52380952,,,,,,351.4248,355.2351,l,3.7835,,,,,,,stimuliAXBmix/iiystimulus.wav,l,,,,,,,,,,,2,1,9,0,1,,,,,,,,,,,,,,,,,,,,,,,,,,,,,,,,,,,,,,,,,,,,,,,,,,,,,,,,,,,,,,,,,,,,,,,
,,,,,385134,001,2024-05-27_16h20.34.071,mathesisv2,2024.1.3,Win32,59.52380952,,,,,,355.2536,360.2342,f,4.9674,,,,,,,stimuliAXBmix/yuustimulus.wav,f,,,,,,,,,,,2,2,10,2,1,,,,,,,,,,,,,,,,,,,,,,,,,,,,,,,,,,,,,,,,,,,,,,,,,,,,,,,,,,,,,,,,,,,,,,,
,,,,,385134,001,2024-05-27_16h20.34.071,mathesisv2,2024.1.3,Win32,59.52380952,,,,,,360.2414,364.2066,f,3.9504,,,,,,,stimuliAXBmix/iyystimulus.wav,f,,,,,,,,,,,2,3,11,1,1,,,,,,,,,,,,,,,,,,,,,,,,,,,,,,,,,,,,,,,,,,,,,,,,,,,,,,,,,,,,,,,,,,,,,,,
,,,,,385134,001,2024-05-27_16h20.34.071,mathesisv2,2024.1.3,Win32,59.52380952,,,,,,366.3108,371.1177,l,4.7845,,,,,,,stimuliAXBmix/yyustimulus.wav,l,,,,,,,,,,,,,,,,364.2067,366.3011,return,2.0695,,0,0,0,3,1,,,,,,,,,,,,,,,,,,,,,,,,,,,,,,,,,,,,,,,,,,,,,,,,,,,,,,,,,,,,,
,,,,,385134,001,2024-05-27_16h20.34.071,mathesisv2,2024.1.3,Win32,59.52380952,,,,,,371.1259,375.735,f,4.5835,,,,,,,stimuliAXBmix/iyystimulus.wav,f,,,,,,,,,,,,,,,,,,,,,0,1,1,1,1,,,,,,,,,,,,,,,,,,,,,,,,,,,,,,,,,,,,,,,,,,,,,,,,,,,,,,,,,,,,,
,,,,,385134,001,2024-05-27_16h20.34.071,mathesisv2,2024.1.3,Win32,59.52380952,,,,,,375.7554,382.8845,f,7.1242,,,,,,,stimuliAXBmix/iiystimulus.wav,l,,,,,,,,,,,,,,,,,,,,,0,2,2,0,1,,,,,,,,,,,,,,,,,,,,,,,,,,,,,,,,,,,,,,,,,,,,,,,,,,,,,,,,,,,,,
,,,,,385134,001,2024-05-27_16h20.34.071,mathesisv2,2024.1.3,Win32,59.52380952,,,,,,382.8919,387.0346,f,4.1219,,,,,,,stimuliAXBmix/yuustimulus.wav,f,,,,,,,,,,,,,,,,,,,,,0,3,3,2,1,,,,,,,,,,,,,,,,,,,,,,,,,,,,,,,,,,,,,,,,,,,,,,,,,,,,,,,,,,,,,
,,,,,385134,001,2024-05-27_16h20.34.071,mathesisv2,2024.1.3,Win32,59.52380952,,,,,,387.042,391.118,l,4.0501,,,,,,,stimuliAXBmix/yyustimulus.wav,l,,,,,,,,,,,,,,,,,,,,,1,0,4,3,1,,,,,,,,,,,,,,,,,,,,,,,,,,,,,,,,,,,,,,,,,,,,,,,,,,,,,,,,,,,,,
,,,,,385134,001,2024-05-27_16h20.34.071,mathesisv2,2024.1.3,Win32,59.52380952,,,,,,391.1255,395.6846,f,4.5354,,,,,,,stimuliAXBmix/yuustimulus.wav,f,,,,,,,,,,,,,,,,,,,,,1,1,5,2,1,,,,,,,,,,,,,,,,,,,,,,,,,,,,,,,,,,,,,,,,,,,,,,,,,,,,,,,,,,,,,
,,,,,385134,001,2024-05-27_16h20.34.071,mathesisv2,2024.1.3,Win32,59.52380952,,,,,,395.692,400.318,f,4.6113,,,,,,,stimuliAXBmix/iyystimulus.wav,f,,,,,,,,,,,,,,,,,,,,,1,2,6,1,1,,,,,,,,,,,,,,,,,,,,,,,,,,,,,,,,,,,,,,,,,,,,,,,,,,,,,,,,,,,,,
,,,,,385134,001,2024-05-27_16h20.34.071,mathesisv2,2024.1.3,Win32,59.52380952,,,,,,400.3251,405.3687,l,5.0193,,,,,,,stimuliAXBmix/iiystimulus.wav,l,,,,,,,,,,,,,,,,,,,,,1,3,7,0,1,,,,,,,,,,,,,,,,,,,,,,,,,,,,,,,,,,,,,,,,,,,,,,,,,,,,,,,,,,,,,
,,,,,385134,001,2024-05-27_16h20.34.071,mathesisv2,2024.1.3,Win32,59.52380952,,,,,,415.6946,420.8017,l,5.0829,,,,,,,stimuliAXBmix/iiystimulus.wav,l,,,,,,,,,,,0,0,0,0,1,,,,,,,,,,,405.3691,415.685,space,10.2836,,,,,,,,,,,,,,,,,,,,,,,,,,,,,,,,,,,,,,,,,,,,,,,,,,,,,,,,,
,,,,,385134,001,2024-05-27_16h20.34.071,mathesisv2,2024.1.3,Win32,59.52380952,,,,,,420.8089,425.0185,l,4.1882,,,,,,,stimuliAXBmix/yyustimulus.wav,l,,,,,,,,,,,0,1,1,3,1,,,,,,,,,,,,,,,,,,,,,,,,,,,,,,,,,,,,,,,,,,,,,,,,,,,,,,,,,,,,,,,,,,,,,,,
,,,,,385134,001,2024-05-27_16h20.34.071,mathesisv2,2024.1.3,Win32,59.52380952,,,,,,425.0297,429.0852,f,4.0357,,,,,,,stimuliAXBmix/yuustimulus.wav,f,,,,,,,,,,,0,2,2,2,1,,,,,,,,,,,,,,,,,,,,,,,,,,,,,,,,,,,,,,,,,,,,,,,,,,,,,,,,,,,,,,,,,,,,,,,
,,,,,385134,001,2024-05-27_16h20.34.071,mathesisv2,2024.1.3,Win32,59.52380952,,,,,,429.0928,433.9687,f,4.8539,,,,,,,stimuliAXBmix/iyystimulus.wav,f,,,,,,,,,,,0,3,3,1,1,,,,,,,,,,,,,,,,,,,,,,,,,,,,,,,,,,,,,,,,,,,,,,,,,,,,,,,,,,,,,,,,,,,,,,,
,,,,,385134,001,2024-05-27_16h20.34.071,mathesisv2,2024.1.3,Win32,59.52380952,,,,,,433.9759,437.7685,l,3.7669,,,,,,,stimuliAXBmix/yyustimulus.wav,l,,,,,,,,,,,1,0,4,3,1,,,,,,,,,,,,,,,,,,,,,,,,,,,,,,,,,,,,,,,,,,,,,,,,,,,,,,,,,,,,,,,,,,,,,,,
,,,,,385134,001,2024-05-27_16h20.34.071,mathesisv2,2024.1.3,Win32,59.52380952,,,,,,437.776,442.152,f,4.3512,,,,,,,stimuliAXBmix/iyystimulus.wav,f,,,,,,,,,,,1,1,5,1,1,,,,,,,,,,,,,,,,,,,,,,,,,,,,,,,,,,,,,,,,,,,,,,,,,,,,,,,,,,,,,,,,,,,,,,,
,,,,,385134,001,2024-05-27_16h20.34.071,mathesisv2,2024.1.3,Win32,59.52380952,,,,,,442.1592,445.902,f,3.7184,,,,,,,stimuliAXBmix/yuustimulus.wav,f,,,,,,,,,,,1,2,6,2,1,,,,,,,,,,,,,,,,,,,,,,,,,,,,,,,,,,,,,,,,,,,,,,,,,,,,,,,,,,,,,,,,,,,,,,,
,,,,,385134,001,2024-05-27_16h20.34.071,mathesisv2,2024.1.3,Win32,59.52380952,,,,,,445.9095,450.0189,l,4.0839,,,,,,,stimuliAXBmix/iiystimulus.wav,l,,,,,,,,,,,1,3,7,0,1,,,,,,,,,,,,,,,,,,,,,,,,,,,,,,,,,,,,,,,,,,,,,,,,,,,,,,,,,,,,,,,,,,,,,,,
,,,,,385134,001,2024-05-27_16h20.34.071,mathesisv2,2024.1.3,Win32,59.52380952,,,,,,450.0261,455.8187,l,5.7688,,,,,,,stimuliAXBmix/yyustimulus.wav,l,,,,,,,,,,,2,0,8,3,1,,,,,,,,,,,,,,,,,,,,,,,,,,,,,,,,,,,,,,,,,,,,,,,,,,,,,,,,,,,,,,,,,,,,,,,
,,,,,385134,001,2024-05-27_16h20.34.071,mathesisv2,2024.1.3,Win32,59.52380952,,,,,,455.8273,459.8521,l,4.0064,,,,,,,stimuliAXBmix/iiystimulus.wav,l,,,,,,,,,,,2,1,9,0,1,,,,,,,,,,,,,,,,,,,,,,,,,,,,,,,,,,,,,,,,,,,,,,,,,,,,,,,,,,,,,,,,,,,,,,,
,,,,,385134,001,2024-05-27_16h20.34.071,mathesisv2,2024.1.3,Win32,59.52380952,,,,,,459.8608,463.8689,f,3.9944,,,,,,,stimuliAXBmix/yuustimulus.wav,f,,,,,,,,,,,2,2,10,2,1,,,,,,,,,,,,,,,,,,,,,,,,,,,,,,,,,,,,,,,,,,,,,,,,,,,,,,,,,,,,,,,,,,,,,,,
,,,,,385134,001,2024-05-27_16h20.34.071,mathesisv2,2024.1.3,Win32,59.52380952,,,,,,463.8758,468.2245,f,4.3337,,,,,,,stimuliAXBmix/iyystimulus.wav,f,,,,,,,,,,,2,3,11,1,1,,,,,,,,,,,,,,,,,,,,,,,,,,,,,,,,,,,,,,,,,,,,,,,,,,,,,,,,,,,,,,,,,,,,,,,
,,,,,385134,001,2024-05-27_16h20.34.071,mathesisv2,2024.1.3,Win32,59.52380952,,,,,,470.2117,474.8025,f,4.5671,,,,,,,stimuliAXBmix/iyystimulus.wav,f,,,,,,,,,,,,,,,,468.2246,470.2023,return,1.9601,,0,0,0,1,1,,,,,,,,,,,,,,,,,,,,,,,,,,,,,,,,,,,,,,,,,,,,,,,,,,,,,,,,,,,,,
,,,,,385134,001,2024-05-27_16h20.34.071,mathesisv2,2024.1.3,Win32,59.52380952,,,,,,474.8099,478.8858,f,4.0501,,,,,,,stimuliAXBmix/yuustimulus.wav,f,,,,,,,,,,,,,,,,,,,,,0,1,1,2,1,,,,,,,,,,,,,,,,,,,,,,,,,,,,,,,,,,,,,,,,,,,,,,,,,,,,,,,,,,,,,
,,,,,385134,001,2024-05-27_16h20.34.071,mathesisv2,2024.1.3,Win32,59.52380952,,,,,,478.8934,482.5857,l,3.6767,,,,,,,stimuliAXBmix/yyustimulus.wav,l,,,,,,,,,,,,,,,,,,,,,0,2,2,3,1,,,,,,,,,,,,,,,,,,,,,,,,,,,,,,,,,,,,,,,,,,,,,,,,,,,,,,,,,,,,,
,,,,,385134,001,2024-05-27_16h20.34.071,mathesisv2,2024.1.3,Win32,59.52380952,,,,,,482.5928,487.0524,l,4.4408,,,,,,,stimuliAXBmix/iiystimulus.wav,l,,,,,,,,,,,,,,,,,,,,,0,3,3,0,1,,,,,,,,,,,,,,,,,,,,,,,,,,,,,,,,,,,,,,,,,,,,,,,,,,,,,,,,,,,,,
,,,,,385134,001,2024-05-27_16h20.34.071,mathesisv2,2024.1.3,Win32,59.52380952,,,,,,487.0601,490.8192,f,3.7338,,,,,,,stimuliAXBmix/yuustimulus.wav,f,,,,,,,,,,,,,,,,,,,,,1,0,4,2,1,,,,,,,,,,,,,,,,,,,,,,,,,,,,,,,,,,,,,,,,,,,,,,,,,,,,,,,,,,,,,
,,,,,385134,001,2024-05-27_16h20.34.071,mathesisv2,2024.1.3,Win32,59.52380952,,,,,,490.8266,495.5526,l,4.7011,,,,,,,stimuliAXBmix/yyustimulus.wav,l,,,,,,,,,,,,,,,,,,,,,1,1,5,3,1,,,,,,,,,,,,,,,,,,,,,,,,,,,,,,,,,,,,,,,,,,,,,,,,,,,,,,,,,,,,,
,,,,,385134,001,2024-05-27_16h20.34.071,mathesisv2,2024.1.3,Win32,59.52380952,,,,,,495.5602,500.736,f,5.1504,,,,,,,stimuliAXBmix/iyystimulus.wav,f,,,,,,,,,,,,,,,,,,,,,1,2,6,1,1,,,,,,,,,,,,,,,,,,,,,,,,,,,,,,,,,,,,,,,,,,,,,,,,,,,,,,,,,,,,,
,,,,,385134,001,2024-05-27_16h20.34.071,mathesisv2,2024.1.3,Win32,59.52380952,,,,,,500.7438,504.1028,l,3.3374,,,,,,,stimuliAXBmix/iiystimulus.wav,l,,,,,,,,,,,,,,,,,,,,,1,3,7,0,1,,,,,,,,,,,,,,,,,,,,,,,,,,,,,,,,,,,,,,,,,,,,,,,,,,,,,,,,,,,,,
,,,,,385134,001,2024-05-27_16h20.34.071,mathesisv2,2024.1.3,Win32,59.52380952,,,,,,,,,,,,,,,,,,,,,,,,,,,,,,,,,,,,,,,,,,,504.1029,509.5369,space,5.4165,,509.5385,529.1203,space,19.5536,,,,,,,,,,,,,,,,,,,,,,,,,,,,,,,,,,,,,,,,,,,,,,,,,,,,
,,,,,385134,001,2024-05-27_16h20.34.071,mathesisv2,2024.1.3,Win32,59.52380952,,,,,,,,,,,,,,,,,,,,,,,,,,,,,,,,,,,,,,,,,,,,,,,,,,,,,529.1312,534.9034,e,5.7507,,0,0,0,1,1,testTAFCmixfirst/nimnym002.wav,,,,,,,,,,,,,,,,,,,,,,,,,,,,,,,,,,,,,,,,
,,,,,385134,001,2024-05-27_16h20.34.071,mathesisv2,2024.1.3,Win32,59.52380952,,,,,,,,,,,,,,,,,,,,,,,,,,,,,,,,,,,,,,,,,,,,,,,,,,,,,534.9117,537.8364,e,2.9035,,0,1,1,0,1,testTAFCmixfirst/nimnym001.wav,,,,,,,,,,,,,,,,,,,,,,,,,,,,,,,,,,,,,,,,
,,,,,385134,001,2024-05-27_16h20.34.071,mathesisv2,2024.1.3,Win32,59.52380952,,,,,,,,,,,,,,,,,,,,,,,,,,,,,,,,,,,,,,,,,,,,,,,,,,,,,537.8441,548.5865,y,10.7185,,0,2,2,2,1,testTAFCmixfirst/nimnym006.wav,,,,,,,,,,,,,,,,,,,,,,,,,,,,,,,,,,,,,,,,
,,,,,385134,001,2024-05-27_16h20.34.071,mathesisv2,2024.1.3,Win32,59.52380952,,,,,,,,,,,,,,,,,,,,,,,,,,,,,,,,,,,,,,,,,,,,,,,,,,,,,,,,,,,,,,,,548.5982,559.3871,y,10.7767,,0,0,0,2,1,testTAFCmixsec/numnym006.wav,,,,,,,,,,,,,,,,,,,,,,,,,,,,,
,,,,,385134,001,2024-05-27_16h20.34.071,mathesisv2,2024.1.3,Win32,59.52380952,,,,,,,,,,,,,,,,,,,,,,,,,,,,,,,,,,,,,,,,,,,,,,,,,,,,,,,,,,,,,,,,559.3944,562.0535,u,2.6366,,0,1,1,0,1,testTAFCmixsec/numnym001.wav,,,,,,,,,,,,,,,,,,,,,,,,,,,,,
,,,,,385134,001,2024-05-27_16h20.34.071,mathesisv2,2024.1.3,Win32,59.52380952,,,,,,,,,,,,,,,,,,,,,,,,,,,,,,,,,,,,,,,,,,,,,,,,,,,,,,,,,,,,,,,,562.0538,565.7367,u,3.6607,,0,2,2,1,1,testTAFCmixsec/numnym002.wav,,,,,,,,,,,,,,,,,,,,,,,,,,,,,
,,,,,385134,001,2024-05-27_16h20.34.071,mathesisv2,2024.1.3,Win32,59.52380952,,,,,,,,,,,,,,,,,,,,,,,,,,,,,,,,,,,,,,,,,,,,,,,,,,,,,,,,,,,,,,,,,,,,,,,,,,,565.7373,575.221,space,9.4502,,,,,,,,,,,,,,,,,,,,,,,,,
,,,,,385134,001,2024-05-27_16h20.34.071,mathesisv2,2024.1.3,Win32,59.52380952,,,,,,,,,,,,,,,,,e,,,,,,,,,,,,,,,,,,,,,,,,,,,,,,,,,,,,,,,,,,,,,,,,,,,,,,,,,,,,,,,575.2339,579.2875,e,4.0412,,0,0,0,2,1,stimuliTAFCfirst/nimnym003.wav,,,,,,,,,,,,,
,,,,,385134,001,2024-05-27_16h20.34.071,mathesisv2,2024.1.3,Win32,59.52380952,,,,,,,,,,,,,,,,,y,,,,,,,,,,,,,,,,,,,,,,,,,,,,,,,,,,,,,,,,,,,,,,,,,,,,,,,,,,,,,,,579.2948,582.6539,y,3.3365,,0,1,1,5,1,stimuliTAFCfirst/nimnym006.wav,,,,,,,,,,,,,
,,,,,385134,001,2024-05-27_16h20.34.071,mathesisv2,2024.1.3,Win32,59.52380952,,,,,,,,,,,,,,,,,e,,,,,,,,,,,,,,,,,,,,,,,,,,,,,,,,,,,,,,,,,,,,,,,,,,,,,,,,,,,,,,,582.6616,585.7371,e,3.0616,,0,2,2,1,1,stimuliTAFCfirst/nimnym002.wav,,,,,,,,,,,,,
,,,,,385134,001,2024-05-27_16h20.34.071,mathesisv2,2024.1.3,Win32,59.52380952,,,,,,,,,,,,,,,,,x,,,,,,,,,,,,,,,,,,,,,,,,,,,,,,,,,,,,,,,,,,,,,,,,,,,,,,,,,,,,,,,585.7442,587.7205,e,1.9522,,0,3,3,3,1,stimuliTAFCfirst/nimnym004.wav,,,,,,,,,,,,,
,,,,,385134,001,2024-05-27_16h20.34.071,mathesisv2,2024.1.3,Win32,59.52380952,,,,,,,,,,,,,,,,,e,,,,,,,,,,,,,,,,,,,,,,,,,,,,,,,,,,,,,,,,,,,,,,,,,,,,,,,,,,,,,,,587.7207,589.537,e,1.7835,,0,4,4,0,1,stimuliTAFCfirst/nimnym001.wav,,,,,,,,,,,,,
,,,,,385134,001,2024-05-27_16h20.34.071,mathesisv2,2024.1.3,Win32,59.52380952,,,,,,,,,,,,,,,,,y,,,,,,,,,,,,,,,,,,,,,,,,,,,,,,,,,,,,,,,,,,,,,,,,,,,,,,,,,,,,,,,589.5372,591.4375,y,1.8736,,0,5,5,4,1,stimuliTAFCfirst/nimnym005.wav,,,,,,,,,,,,,
,,,,,385134,001,2024-05-27_16h20.34.071,mathesisv2,2024.1.3,Win32,59.52380952,,,,,,,,,,,,,,,,,y,,,,,,,,,,,,,,,,,,,,,,,,,,,,,,,,,,,,,,,,,,,,,,,,,,,,,,,,,,,,,,,591.4376,594.3039,y,2.8548,,0,6,6,6,1,stimuliTAFCfirst/nimnym007.wav,,,,,,,,,,,,,
,,,,,385134,001,2024-05-27_16h20.34.071,mathesisv2,2024.1.3,Win32,59.52380952,,,,,,,,,,,,,,,,,e,,,,,,,,,,,,,,,,,,,,,,,,,,,,,,,,,,,,,,,,,,,,,,,,,,,,,,,,,,,,,,,594.3044,597.5207,e,3.1838,,1,0,7,2,1,stimuliTAFCfirst/nimnym003.wav,,,,,,,,,,,,,
,,,,,385134,001,2024-05-27_16h20.34.071,mathesisv2,2024.1.3,Win32,59.52380952,,,,,,,,,,,,,,,,,x,,,,,,,,,,,,,,,,,,,,,,,,,,,,,,,,,,,,,,,,,,,,,,,,,,,,,,,,,,,,,,,597.5279,599.3872,e,1.8386,,1,1,8,3,1,stimuliTAFCfirst/nimnym004.wav,,,,,,,,,,,,,
,,,,,385134,001,2024-05-27_16h20.34.071,mathesisv2,2024.1.3,Win32,59.52380952,,,,,,,,,,,,,,,,,e,,,,,,,,,,,,,,,,,,,,,,,,,,,,,,,,,,,,,,,,,,,,,,,,,,,,,,,,,,,,,,,599.3874,601.3039,e,1.8888,,1,2,9,0,1,stimuliTAFCfirst/nimnym001.wav,,,,,,,,,,,,,
,,,,,385134,001,2024-05-27_16h20.34.071,mathesisv2,2024.1.3,Win32,59.52380952,,,,,,,,,,,,,,,,,y,,,,,,,,,,,,,,,,,,,,,,,,,,,,,,,,,,,,,,,,,,,,,,,,,,,,,,,,,,,,,,,601.3042,602.9591,y,1.6332,,1,3,10,4,1,stimuliTAFCfirst/nimnym005.wav,,,,,,,,,,,,,
,,,,,385134,001,2024-05-27_16h20.34.071,mathesisv2,2024.1.3,Win32,59.52380952,,,,,,,,,,,,,,,,,y,,,,,,,,,,,,,,,,,,,,,,,,,,,,,,,,,,,,,,,,,,,,,,,,,,,,,,,,,,,,,,,602.9592,604.5377,y,1.5503,,1,4,11,6,1,stimuliTAFCfirst/nimnym007.wav,,,,,,,,,,,,,
,,,,,385134,001,2024-05-27_16h20.34.071,mathesisv2,2024.1.3,Win32,59.52380952,,,,,,,,,,,,,,,,,e,,,,,,,,,,,,,,,,,,,,,,,,,,,,,,,,,,,,,,,,,,,,,,,,,,,,,,,,,,,,,,,604.5378,606.304,e,1.7387,,1,5,12,1,1,stimuliTAFCfirst/nimnym002.wav,,,,,,,,,,,,,
,,,,,385134,001,2024-05-27_16h20.34.071,mathesisv2,2024.1.3,Win32,59.52380952,,,,,,,,,,,,,,,,,y,,,,,,,,,,,,,,,,,,,,,,,,,,,,,,,,,,,,,,,,,,,,,,,,,,,,,,,,,,,,,,,606.3048,607.7538,y,1.4258,,1,6,13,5,1,stimuliTAFCfirst/nimnym006.wav,,,,,,,,,,,,,
,,,,,385134,001,2024-05-27_16h20.34.071,mathesisv2,2024.1.3,Win32,59.52380952,,,,,,,,,,,,,,,,,y,607.7549,610.5042,space,2.7274,,,,,,,,,,,,,,,,,,,,,,,,,,,,,,,,,,,,,,,,,,,,,,,,,,,,,,,,,,,,,,,,,,,,,,610.5134,613.7763,y,3.2497,,0,0,0,6,1,stimuliTAFCsec/numnym007.wav,,
,,,,,385134,001,2024-05-27_16h20.34.071,mathesisv2,2024.1.3,Win32,59.52380952,,,,,,,,,,,,,,,,,u,,,,,,,,,,,,,,,,,,,,,,,,,,,,,,,,,,,,,,,,,,,,,,,,,,,,,,,,,,,,,,,,,,,,,,,,,,613.7834,615.9378,u,2.138,,0,1,1,1,1,stimuliTAFCsec/numnym002.wav,,
,,,,,385134,001,2024-05-27_16h20.34.071,mathesisv2,2024.1.3,Win32,59.52380952,,,,,,,,,,,,,,,,,u,,,,,,,,,,,,,,,,,,,,,,,,,,,,,,,,,,,,,,,,,,,,,,,,,,,,,,,,,,,,,,,,,,,,,,,,,,615.9379,617.5095,u,1.5503,,0,2,2,2,1,stimuliTAFCsec/numnym003.wav,,
,,,,,385134,001,2024-05-27_16h20.34.071,mathesisv2,2024.1.3,Win32,59.52380952,,,,,,,,,,,,,,,,,y,,,,,,,,,,,,,,,,,,,,,,,,,,,,,,,,,,,,,,,,,,,,,,,,,,,,,,,,,,,,,,,,,,,,,,,,,,617.5097,619.3261,y,1.8002,,0,3,3,5,1,stimuliTAFCsec/numnym006.wav,,
,,,,,385134,001,2024-05-27_16h20.34.071,mathesisv2,2024.1.3,Win32,59.52380952,,,,,,,,,,,,,,,,,y,,,,,,,,,,,,,,,,,,,,,,,,,,,,,,,,,,,,,,,,,,,,,,,,,,,,,,,,,,,,,,,,,,,,,,,,,,619.3262,622.9041,y,3.5506,,0,4,4,4,1,stimuliTAFCsec/numnym005.wav,,
,,,,,385134,001,2024-05-27_16h20.34.071,mathesisv2,2024.1.3,Win32,59.52380952,,,,,,,,,,,,,,,,,x,,,,,,,,,,,,,,,,,,,,,,,,,,,,,,,,,,,,,,,,,,,,,,,,,,,,,,,,,,,,,,,,,,,,,,,,,,622.9116,625.3708,y,2.4427,,0,5,5,3,1,stimuliTAFCsec/numnym004.wav,,
,,,,,385134,001,2024-05-27_16h20.34.071,mathesisv2,2024.1.3,Win32,59.52380952,,,,,,,,,,,,,,,,,u,,,,,,,,,,,,,,,,,,,,,,,,,,,,,,,,,,,,,,,,,,,,,,,,,,,,,,,,,,,,,,,,,,,,,,,,,,625.3711,627.1879,u,1.7835,,0,6,6,0,1,stimuliTAFCsec/numnym001.wav,,
,,,,,385134,001,2024-05-27_16h20.34.071,mathesisv2,2024.1.3,Win32,59.52380952,,,,,,,,,,,,,,,,,u,,,,,,,,,,,,,,,,,,,,,,,,,,,,,,,,,,,,,,,,,,,,,,,,,,,,,,,,,,,,,,,,,,,,,,,,,,627.1881,629.3044,u,2.0878,,1,0,7,2,1,stimuliTAFCsec/numnym003.wav,,
,,,,,385134,001,2024-05-27_16h20.34.071,mathesisv2,2024.1.3,Win32,59.52380952,,,,,,,,,,,,,,,,,x,,,,,,,,,,,,,,,,,,,,,,,,,,,,,,,,,,,,,,,,,,,,,,,,,,,,,,,,,,,,,,,,,,,,,,,,,,629.3051,631.6928,u,2.3669,,1,1,8,3,1,stimuliTAFCsec/numnym004.wav,,
,,,,,385134,001,2024-05-27_16h20.34.071,mathesisv2,2024.1.3,Win32,59.52380952,,,,,,,,,,,,,,,,,u,,,,,,,,,,,,,,,,,,,,,,,,,,,,,,,,,,,,,,,,,,,,,,,,,,,,,,,,,,,,,,,,,,,,,,,,,,631.7001,634.5876,u,2.8688,,1,2,9,1,1,stimuliTAFCsec/numnym002.wav,,
,,,,,385134,001,2024-05-27_16h20.34.071,mathesisv2,2024.1.3,Win32,59.52380952,,,,,,,,,,,,,,,,,y,,,,,,,,,,,,,,,,,,,,,,,,,,,,,,,,,,,,,,,,,,,,,,,,,,,,,,,,,,,,,,,,,,,,,,,,,,634.5879,636.1043,y,1.4831,,1,3,10,4,1,stimuliTAFCsec/numnym005.wav,,
,,,,,385134,001,2024-05-27_16h20.34.071,mathesisv2,2024.1.3,Win32,59.52380952,,,,,,,,,,,,,,,,,y,,,,,,,,,,,,,,,,,,,,,,,,,,,,,,,,,,,,,,,,,,,,,,,,,,,,,,,,,,,,,,,,,,,,,,,,,,636.1047,637.6044,y,1.4734,,1,4,11,6,1,stimuliTAFCsec/numnym007.wav,,
,,,,,385134,001,2024-05-27_16h20.34.071,mathesisv2,2024.1.3,Win32,59.52380952,,,,,,,,,,,,,,,,,y,,,,,,,,,,,,,,,,,,,,,,,,,,,,,,,,,,,,,,,,,,,,,,,,,,,,,,,,,,,,,,,,,,,,,,,,,,637.6046,639.5879,y,1.9542,,1,5,12,5,1,stimuliTAFCsec/numnym006.wav,,
,,,,,385134,001,2024-05-27_16h20.34.071,mathesisv2,2024.1.3,Win32,59.52380952,,,,,,,,,,,,,,,,,u,,,,,,,,,,,,,,,,,,,,,,,,,,,,,,,,,,,,,,,,,,,,,,,,,,,,,,,,,,,,,,,,,,,,,,,,,,639.5881,641.1713,u,1.5551,,1,6,13,0,1,stimuliTAFCsec/numnym001.wav,,
,,,,,385134,001,2024-05-27_16h20.34.071,mathesisv2,2024.1.3,Win32,59.52380952,,,,,,,,,,,,,,,,,y,,,,,,,,,,,,,,,,,,,,,,,,,,641.1717,646.1883,space,4.9833,,,,,,,,,,,,,,,,,,,,,,,,,,,,,,,,,,646.1973,649.4766,y,3.2673,,0,0,0,4,1,stimuliTAFCfirst/nimnym005.wav,,,,,,,,,,,,,
,,,,,385134,001,2024-05-27_16h20.34.071,mathesisv2,2024.1.3,Win32,59.52380952,,,,,,,,,,,,,,,,,e,,,,,,,,,,,,,,,,,,,,,,,,,,,,,,,,,,,,,,,,,,,,,,,,,,,,,,,,,,,,,,,649.4841,651.938,e,2.4363,,0,1,1,1,1,stimuliTAFCfirst/nimnym002.wav,,,,,,,,,,,,,
,,,,,385134,001,2024-05-27_16h20.34.071,mathesisv2,2024.1.3,Win32,59.52380952,,,,,,,,,,,,,,,,,x,,,,,,,,,,,,,,,,,,,,,,,,,,,,,,,,,,,,,,,,,,,,,,,,,,,,,,,,,,,,,,,651.9382,655.3714,e,3.4115,,0,2,2,3,1,stimuliTAFCfirst/nimnym004.wav,,,,,,,,,,,,,
,,,,,385134,001,2024-05-27_16h20.34.071,mathesisv2,2024.1.3,Win32,59.52380952,,,,,,,,,,,,,,,,,e,,,,,,,,,,,,,,,,,,,,,,,,,,,,,,,,,,,,,,,,,,,,,,,,,,,,,,,,,,,,,,,655.3718,657.1879,e,1.7924,,0,3,3,2,1,stimuliTAFCfirst/nimnym003.wav,,,,,,,,,,,,,
,,,,,385134,001,2024-05-27_16h20.34.071,mathesisv2,2024.1.3,Win32,59.52380952,,,,,,,,,,,,,,,,,e,,,,,,,,,,,,,,,,,,,,,,,,,,,,,,,,,,,,,,,,,,,,,,,,,,,,,,,,,,,,,,,657.1882,658.6937,e,1.484,,0,4,4,0,1,stimuliTAFCfirst/nimnym001.wav,,,,,,,,,,,,,
,,,,,385134,001,2024-05-27_16h20.34.071,mathesisv2,2024.1.3,Win32,59.52380952,,,,,,,,,,,,,,,,,y,,,,,,,,,,,,,,,,,,,,,,,,,,,,,,,,,,,,,,,,,,,,,,,,,,,,,,,,,,,,,,,658.694,660.4382,y,1.7175,,0,5,5,6,1,stimuliTAFCfirst/nimnym007.wav,,,,,,,,,,,,,
,,,,,385134,001,2024-05-27_16h20.34.071,mathesisv2,2024.1.3,Win32,59.52380952,,,,,,,,,,,,,,,,,y,,,,,,,,,,,,,,,,,,,,,,,,,,,,,,,,,,,,,,,,,,,,,,,,,,,,,,,,,,,,,,,660.4385,661.838,y,1.3718,,0,6,6,5,1,stimuliTAFCfirst/nimnym006.wav,,,,,,,,,,,,,
,,,,,385134,001,2024-05-27_16h20.34.071,mathesisv2,2024.1.3,Win32,59.52380952,,,,,,,,,,,,,,,,,e,,,,,,,,,,,,,,,,,,,,,,,,,,,,,,,,,,,,,,,,,,,,,,,,,,,,,,,,,,,,,,,661.8382,663.3046,e,1.4337,,1,0,7,1,1,stimuliTAFCfirst/nimnym002.wav,,,,,,,,,,,,,
,,,,,385134,001,2024-05-27_16h20.34.071,mathesisv2,2024.1.3,Win32,59.52380952,,,,,,,,,,,,,,,,,e,,,,,,,,,,,,,,,,,,,,,,,,,,,,,,,,,,,,,,,,,,,,,,,,,,,,,,,,,,,,,,,663.3048,664.6546,e,1.3215,,1,1,8,0,1,stimuliTAFCfirst/nimnym001.wav,,,,,,,,,,,,,
,,,,,385134,001,2024-05-27_16h20.34.071,mathesisv2,2024.1.3,Win32,59.52380952,,,,,,,,,,,,,,,,,y,,,,,,,,,,,,,,,,,,,,,,,,,,,,,,,,,,,,,,,,,,,,,,,,,,,,,,,,,,,,,,,664.6548,666.0713,y,1.3834,,1,2,9,4,1,stimuliTAFCfirst/nimnym005.wav,,,,,,,,,,,,,
,,,,,385134,001,2024-05-27_16h20.34.071,mathesisv2,2024.1.3,Win32,59.52380952,,,,,,,,,,,,,,,,,e,,,,,,,,,,,,,,,,,,,,,,,,,,,,,,,,,,,,,,,,,,,,,,,,,,,,,,,,,,,,,,,666.0714,667.738,e,1.6393,,1,3,10,2,1,stimuliTAFCfirst/nimnym003.wav,,,,,,,,,,,,,
,,,,,385134,001,2024-05-27_16h20.34.071,mathesisv2,2024.1.3,Win32,59.52380952,,,,,,,,,,,,,,,,,y,,,,,,,,,,,,,,,,,,,,,,,,,,,,,,,,,,,,,,,,,,,,,,,,,,,,,,,,,,,,,,,667.7382,669.0714,y,1.3003,,1,4,11,6,1,stimuliTAFCfirst/nimnym007.wav,,,,,,,,,,,,,
,,,,,385134,001,2024-05-27_16h20.34.071,mathesisv2,2024.1.3,Win32,59.52380952,,,,,,,,,,,,,,,,,x,,,,,,,,,,,,,,,,,,,,,,,,,,,,,,,,,,,,,,,,,,,,,,,,,,,,,,,,,,,,,,,669.0715,673.1048,e,4.001,,1,5,12,3,1,stimuliTAFCfirst/nimnym004.wav,,,,,,,,,,,,,
,,,,,385134,001,2024-05-27_16h20.34.071,mathesisv2,2024.1.3,Win32,59.52380952,,,,,,,,,,,,,,,,,y,,,,,,,,,,,,,,,,,,,,,,,,,,,,,,,,,,,,,,,,,,,,,,,,,,,,,,,,,,,,,,,673.1124,674.5881,y,1.4596,,1,6,13,5,1,stimuliTAFCfirst/nimnym006.wav,,,,,,,,,,,,,
,,,,,385134,001,2024-05-27_16h20.34.071,mathesisv2,2024.1.3,Win32,59.52380952,,,,,,,,,,,,,,,,,u,674.5881,677.8384,space,3.2339,,,,,,,,,,,,,,,,,,,,,,,,,,,,,,,,,,,,,,,,,,,,,,,,,,,,,,,,,,,,,,,,,,,,,,677.8476,680.4048,u,2.5413,,0,0,0,1,1,stimuliTAFCsec/numnym002.wav,,
,,,,,385134,001,2024-05-27_16h20.34.071,mathesisv2,2024.1.3,Win32,59.52380952,,,,,,,,,,,,,,,,,x,,,,,,,,,,,,,,,,,,,,,,,,,,,,,,,,,,,,,,,,,,,,,,,,,,,,,,,,,,,,,,,,,,,,,,,,,,680.4058,682.2215,u,1.7854,,0,1,1,3,1,stimuliTAFCsec/numnym004.wav,,
,,,,,385134,001,2024-05-27_16h20.34.071,mathesisv2,2024.1.3,Win32,59.52380952,,,,,,,,,,,,,,,,,u,,,,,,,,,,,,,,,,,,,,,,,,,,,,,,,,,,,,,,,,,,,,,,,,,,,,,,,,,,,,,,,,,,,,,,,,,,682.2218,683.7771,u,1.5336,,0,2,2,2,1,stimuliTAFCsec/numnym003.wav,,
,,,,,385134,001,2024-05-27_16h20.34.071,mathesisv2,2024.1.3,Win32,59.52380952,,,,,,,,,,,,,,,,,u,,,,,,,,,,,,,,,,,,,,,,,,,,,,,,,,,,,,,,,,,,,,,,,,,,,,,,,,,,,,,,,,,,,,,,,,,,683.7773,685.4882,u,1.694,,0,3,3,0,1,stimuliTAFCsec/numnym001.wav,,
,,,,,385134,001,2024-05-27_16h20.34.071,mathesisv2,2024.1.3,Win32,59.52380952,,,,,,,,,,,,,,,,,y,,,,,,,,,,,,,,,,,,,,,,,,,,,,,,,,,,,,,,,,,,,,,,,,,,,,,,,,,,,,,,,,,,,,,,,,,,685.4884,686.9886,y,1.4676,,0,4,4,4,1,stimuliTAFCsec/numnym005.wav,,
,,,,,385134,001,2024-05-27_16h20.34.071,mathesisv2,2024.1.3,Win32,59.52380952,,,,,,,,,,,,,,,,,y,,,,,,,,,,,,,,,,,,,,,,,,,,,,,,,,,,,,,,,,,,,,,,,,,,,,,,,,,,,,,,,,,,,,,,,,,,686.9888,688.622,y,1.6045,,0,5,5,6,1,stimuliTAFCsec/numnym007.wav,,
,,,,,385134,001,2024-05-27_16h20.34.071,mathesisv2,2024.1.3,Win32,59.52380952,,,,,,,,,,,,,,,,,y,,,,,,,,,,,,,,,,,,,,,,,,,,,,,,,,,,,,,,,,,,,,,,,,,,,,,,,,,,,,,,,,,,,,,,,,,,688.6222,690.3104,y,1.667,,0,6,6,5,1,stimuliTAFCsec/numnym006.wav,,
,,,,,385134,001,2024-05-27_16h20.34.071,mathesisv2,2024.1.3,Win32,59.52380952,,,,,,,,,,,,,,,,,y,,,,,,,,,,,,,,,,,,,,,,,,,,,,,,,,,,,,,,,,,,,,,,,,,,,,,,,,,,,,,,,,,,,,,,,,,,690.3106,691.8718,y,1.5344,,1,0,7,6,1,stimuliTAFCsec/numnym007.wav,,
,,,,,385134,001,2024-05-27_16h20.34.071,mathesisv2,2024.1.3,Win32,59.52380952,,,,,,,,,,,,,,,,,u,,,,,,,,,,,,,,,,,,,,,,,,,,,,,,,,,,,,,,,,,,,,,,,,,,,,,,,,,,,,,,,,,,,,,,,,,,691.8721,693.2549,u,1.3515,,1,1,8,2,1,stimuliTAFCsec/numnym003.wav,,
,,,,,385134,001,2024-05-27_16h20.34.071,mathesisv2,2024.1.3,Win32,59.52380952,,,,,,,,,,,,,,,,,u,,,,,,,,,,,,,,,,,,,,,,,,,,,,,,,,,,,,,,,,,,,,,,,,,,,,,,,,,,,,,,,,,,,,,,,,,,693.2552,694.5719,u,1.2818,,1,2,9,0,1,stimuliTAFCsec/numnym001.wav,,
,,,,,385134,001,2024-05-27_16h20.34.071,mathesisv2,2024.1.3,Win32,59.52380952,,,,,,,,,,,,,,,,,u,,,,,,,,,,,,,,,,,,,,,,,,,,,,,,,,,,,,,,,,,,,,,,,,,,,,,,,,,,,,,,,,,,,,,,,,,,694.5721,695.9718,u,1.3733,,1,3,10,1,1,stimuliTAFCsec/numnym002.wav,,
,,,,,385134,001,2024-05-27_16h20.34.071,mathesisv2,2024.1.3,Win32,59.52380952,,,,,,,,,,,,,,,,,y,,,,,,,,,,,,,,,,,,,,,,,,,,,,,,,,,,,,,,,,,,,,,,,,,,,,,,,,,,,,,,,,,,,,,,,,,,695.972,697.8719,y,1.8673,,1,4,11,5,1,stimuliTAFCsec/numnym006.wav,,
,,,,,385134,001,2024-05-27_16h20.34.071,mathesisv2,2024.1.3,Win32,59.52380952,,,,,,,,,,,,,,,,,y,,,,,,,,,,,,,,,,,,,,,,,,,,,,,,,,,,,,,,,,,,,,,,,,,,,,,,,,,,,,,,,,,,,,,,,,,,697.8722,699.355,y,1.4544,,1,5,12,4,1,stimuliTAFCsec/numnym005.wav,,
,,,,,385134,001,2024-05-27_16h20.34.071,mathesisv2,2024.1.3,Win32,59.52380952,,,,,,,,,,,,,,,,,x,,,,,,,,,,,,,,,,,,,,,,,,,,,,,,,,,,,,,,,,,,,,,,,,,,,,,,,,,,,,,,,,,,,,,,,,,,699.3552,704.2221,u,4.8337,,1,6,13,3,1,stimuliTAFCsec/numnym004.wav,,
,,,,,385134,001,2024-05-27_16h20.34.071,mathesisv2,2024.1.3,Win32,59.52380952,,,,,,,,,,,,,,,,,x,,,,,,,,,,,,,,,,,,,,,,,,,,704.2222,708.3774,space,4.1501,,,,,,,,,,,,,,,,,,,,,,,,,,,,,,,,,,708.3861,711.5885,e,3.1735,,0,0,0,3,1,stimuliTAFCfirst/nimnym004.wav,,,,,,,,,,,,,
,,,,,385134,001,2024-05-27_16h20.34.071,mathesisv2,2024.1.3,Win32,59.52380952,,,,,,,,,,,,,,,,,e,,,,,,,,,,,,,,,,,,,,,,,,,,,,,,,,,,,,,,,,,,,,,,,,,,,,,,,,,,,,,,,711.5887,712.9053,e,1.2884,,0,1,1,2,1,stimuliTAFCfirst/nimnym003.wav,,,,,,,,,,,,,
,,,,,385134,001,2024-05-27_16h20.34.071,mathesisv2,2024.1.3,Win32,59.52380952,,,,,,,,,,,,,,,,,e,,,,,,,,,,,,,,,,,,,,,,,,,,,,,,,,,,,,,,,,,,,,,,,,,,,,,,,,,,,,,,,712.9058,714.2053,e,1.2738,,0,2,2,0,1,stimuliTAFCfirst/nimnym001.wav,,,,,,,,,,,,,
,,,,,385134,001,2024-05-27_16h20.34.071,mathesisv2,2024.1.3,Win32,59.52380952,,,,,,,,,,,,,,,,,e,,,,,,,,,,,,,,,,,,,,,,,,,,,,,,,,,,,,,,,,,,,,,,,,,,,,,,,,,,,,,,,714.2055,715.5052,e,1.2764,,0,3,3,1,1,stimuliTAFCfirst/nimnym002.wav,,,,,,,,,,,,,
,,,,,385134,001,2024-05-27_16h20.34.071,mathesisv2,2024.1.3,Win32,59.52380952,,,,,,,,,,,,,,,,,y,,,,,,,,,,,,,,,,,,,,,,,,,,,,,,,,,,,,,,,,,,,,,,,,,,,,,,,,,,,,,,,715.5054,717.6222,y,2.0831,,0,4,4,6,1,stimuliTAFCfirst/nimnym007.wav,,,,,,,,,,,,,
,,,,,385134,001,2024-05-27_16h20.34.071,mathesisv2,2024.1.3,Win32,59.52380952,,,,,,,,,,,,,,,,,y,,,,,,,,,,,,,,,,,,,,,,,,,,,,,,,,,,,,,,,,,,,,,,,,,,,,,,,,,,,,,,,717.6224,719.4053,y,1.7537,,0,5,5,5,1,stimuliTAFCfirst/nimnym006.wav,,,,,,,,,,,,,
,,,,,385134,001,2024-05-27_16h20.34.071,mathesisv2,2024.1.3,Win32,59.52380952,,,,,,,,,,,,,,,,,y,,,,,,,,,,,,,,,,,,,,,,,,,,,,,,,,,,,,,,,,,,,,,,,,,,,,,,,,,,,,,,,719.4055,720.7721,y,1.3336,,0,6,6,4,1,stimuliTAFCfirst/nimnym005.wav,,,,,,,,,,,,,
,,,,,385134,001,2024-05-27_16h20.34.071,mathesisv2,2024.1.3,Win32,59.52380952,,,,,,,,,,,,,,,,,e,,,,,,,,,,,,,,,,,,,,,,,,,,,,,,,,,,,,,,,,,,,,,,,,,,,,,,,,,,,,,,,720.7723,722.6053,e,1.8015,,1,0,7,2,1,stimuliTAFCfirst/nimnym003.wav,,,,,,,,,,,,,
,,,,,385134,001,2024-05-27_16h20.34.071,mathesisv2,2024.1.3,Win32,59.52380952,,,,,,,,,,,,,,,,,e,,,,,,,,,,,,,,,,,,,,,,,,,,,,,,,,,,,,,,,,,,,,,,,,,,,,,,,,,,,,,,,722.6055,723.922,e,1.2836,,1,1,8,1,1,stimuliTAFCfirst/nimnym002.wav,,,,,,,,,,,,,
,,,,,385134,001,2024-05-27_16h20.34.071,mathesisv2,2024.1.3,Win32,59.52380952,,,,,,,,,,,,,,,,,y,,,,,,,,,,,,,,,,,,,,,,,,,,,,,,,,,,,,,,,,,,,,,,,,,,,,,,,,,,,,,,,723.9223,725.1777,y,1.2339,,1,2,9,6,1,stimuliTAFCfirst/nimnym007.wav,,,,,,,,,,,,,
,,,,,385134,001,2024-05-27_16h20.34.071,mathesisv2,2024.1.3,Win32,59.52380952,,,,,,,,,,,,,,,,,y,,,,,,,,,,,,,,,,,,,,,,,,,,,,,,,,,,,,,,,,,,,,,,,,,,,,,,,,,,,,,,,725.178,726.9555,y,1.7563,,1,3,10,4,1,stimuliTAFCfirst/nimnym005.wav,,,,,,,,,,,,,
,,,,,385134,001,2024-05-27_16h20.34.071,mathesisv2,2024.1.3,Win32,59.52380952,,,,,,,,,,,,,,,,,e,,,,,,,,,,,,,,,,,,,,,,,,,,,,,,,,,,,,,,,,,,,,,,,,,,,,,,,,,,,,,,,726.9558,729.1225,e,2.1383,,1,4,11,0,1,stimuliTAFCfirst/nimnym001.wav,,,,,,,,,,,,,
,,,,,385134,001,2024-05-27_16h20.34.071,mathesisv2,2024.1.3,Win32,59.52380952,,,,,,,,,,,,,,,,,y,,,,,,,,,,,,,,,,,,,,,,,,,,,,,,,,,,,,,,,,,,,,,,,,,,,,,,,,,,,,,,,729.1228,730.4889,y,1.3425,,1,5,12,5,1,stimuliTAFCfirst/nimnym006.wav,,,,,,,,,,,,,
,,,,,385134,001,2024-05-27_16h20.34.071,mathesisv2,2024.1.3,Win32,59.52380952,,,,,,,,,,,,,,,,,x,,,,,,,,,,,,,,,,,,,,,,,,,,,,,,,,,,,,,,,,,,,,,,,,,,,,,,,,,,,,,,,730.4891,733.2055,y,2.6887,,1,6,13,3,1,stimuliTAFCfirst/nimnym004.wav,,,,,,,,,,,,,
,,,,,385134,001,2024-05-27_16h20.34.071,mathesisv2,2024.1.3,Win32,59.52380952,,,,,,,,,,,,,,,,,y,733.2056,735.5221,space,2.3105,,,,,,,,,,,,,,,,,,,,,,,,,,,,,,,,,,,,,,,,,,,,,,,,,,,,,,,,,,,,,,,,,,,,,,735.5309,738.8722,y,3.3243,,0,0,0,5,1,stimuliTAFCsec/numnym006.wav,,
,,,,,385134,001,2024-05-27_16h20.34.071,mathesisv2,2024.1.3,Win32,59.52380952,,,,,,,,,,,,,,,,,x,,,,,,,,,,,,,,,,,,,,,,,,,,,,,,,,,,,,,,,,,,,,,,,,,,,,,,,,,,,,,,,,,,,,,,,,,,738.8807,740.5723,u,1.6785,,0,1,1,3,1,stimuliTAFCsec/numnym004.wav,,
,,,,,385134,001,2024-05-27_16h20.34.071,mathesisv2,2024.1.3,Win32,59.52380952,,,,,,,,,,,,,,,,,y,,,,,,,,,,,,,,,,,,,,,,,,,,,,,,,,,,,,,,,,,,,,,,,,,,,,,,,,,,,,,,,,,,,,,,,,,,740.5729,742.289,u,1.6826,,0,2,2,4,1,stimuliTAFCsec/numnym005.wav,,
,,,,,385134,001,2024-05-27_16h20.34.071,mathesisv2,2024.1.3,Win32,59.52380952,,,,,,,,,,,,,,,,,y,,,,,,,,,,,,,,,,,,,,,,,,,,,,,,,,,,,,,,,,,,,,,,,,,,,,,,,,,,,,,,,,,,,,,,,,,,742.2891,745.689,y,3.3683,,0,3,3,6,1,stimuliTAFCsec/numnym007.wav,,
,,,,,385134,001,2024-05-27_16h20.34.071,mathesisv2,2024.1.3,Win32,59.52380952,,,,,,,,,,,,,,,,,u,,,,,,,,,,,,,,,,,,,,,,,,,,,,,,,,,,,,,,,,,,,,,,,,,,,,,,,,,,,,,,,,,,,,,,,,,,745.6961,747.1058,u,1.3871,,0,4,4,0,1,stimuliTAFCsec/numnym001.wav,,
,,,,,385134,001,2024-05-27_16h20.34.071,mathesisv2,2024.1.3,Win32,59.52380952,,,,,,,,,,,,,,,,,u,,,,,,,,,,,,,,,,,,,,,,,,,,,,,,,,,,,,,,,,,,,,,,,,,,,,,,,,,,,,,,,,,,,,,,,,,,747.106,748.4057,u,1.2672,,0,5,5,2,1,stimuliTAFCsec/numnym003.wav,,
,,,,,385134,001,2024-05-27_16h20.34.071,mathesisv2,2024.1.3,Win32,59.52380952,,,,,,,,,,,,,,,,,u,,,,,,,,,,,,,,,,,,,,,,,,,,,,,,,,,,,,,,,,,,,,,,,,,,,,,,,,,,,,,,,,,,,,,,,,,,748.406,750.0556,u,1.6239,,0,6,6,1,1,stimuliTAFCsec/numnym002.wav,,
,,,,,385134,001,2024-05-27_16h20.34.071,mathesisv2,2024.1.3,Win32,59.52380952,,,,,,,,,,,,,,,,,u,,,,,,,,,,,,,,,,,,,,,,,,,,,,,,,,,,,,,,,,,,,,,,,,,,,,,,,,,,,,,,,,,,,,,,,,,,750.0559,751.5225,u,1.4356,,1,0,7,1,1,stimuliTAFCsec/numnym002.wav,,
,,,,,385134,001,2024-05-27_16h20.34.071,mathesisv2,2024.1.3,Win32,59.52380952,,,,,,,,,,,,,,,,,y,,,,,,,,,,,,,,,,,,,,,,,,,,,,,,,,,,,,,,,,,,,,,,,,,,,,,,,,,,,,,,,,,,,,,,,,,,751.5227,752.806,y,1.2503,,1,1,8,6,1,stimuliTAFCsec/numnym007.wav,,
,,,,,385134,001,2024-05-27_16h20.34.071,mathesisv2,2024.1.3,Win32,59.52380952,,,,,,,,,,,,,,,,,x,,,,,,,,,,,,,,,,,,,,,,,,,,,,,,,,,,,,,,,,,,,,,,,,,,,,,,,,,,,,,,,,,,,,,,,,,,752.8062,754.1556,u,1.3333,,1,2,9,3,1,stimuliTAFCsec/numnym004.wav,,
,,,,,385134,001,2024-05-27_16h20.34.071,mathesisv2,2024.1.3,Win32,59.52380952,,,,,,,,,,,,,,,,,y,,,,,,,,,,,,,,,,,,,,,,,,,,,,,,,,,,,,,,,,,,,,,,,,,,,,,,,,,,,,,,,,,,,,,,,,,,754.1558,755.5057,y,1.3235,,1,3,10,4,1,stimuliTAFCsec/numnym005.wav,,
,,,,,385134,001,2024-05-27_16h20.34.071,mathesisv2,2024.1.3,Win32,59.52380952,,,,,,,,,,,,,,,,,u,,,,,,,,,,,,,,,,,,,,,,,,,,,,,,,,,,,,,,,,,,,,,,,,,,,,,,,,,,,,,,,,,,,,,,,,,,755.506,756.7225,u,1.1909,,1,4,11,0,1,stimuliTAFCsec/numnym001.wav,,
,,,,,385134,001,2024-05-27_16h20.34.071,mathesisv2,2024.1.3,Win32,59.52380952,,,,,,,,,,,,,,,,,y,,,,,,,,,,,,,,,,,,,,,,,,,,,,,,,,,,,,,,,,,,,,,,,,,,,,,,,,,,,,,,,,,,,,,,,,,,756.7228,758.0724,y,1.3167,,1,5,12,5,1,stimuliTAFCsec/numnym006.wav,,
,,,,,385134,001,2024-05-27_16h20.34.071,mathesisv2,2024.1.3,Win32,59.52380952,,,,,,,,,,,,,,,,,u,,,,,,,,,,,,,,,,,,,,,,,,,,,,,,,,,,,,,,,,,,,,,,,,,,,,,,,,,,,,,,,,,,,,,,,,,,758.0728,759.3561,u,1.2503,,1,6,13,2,1,stimuliTAFCsec/numnym003.wav,,
,,,,,385134,001,2024-05-27_16h20.34.071,mathesisv2,2024.1.3,Win32,59.52380952,,,,,,,,,,,,,,,,,y,,,,,,,,,,,,,,,,,,,,,,,,,,759.3562,763.3059,space,3.9342,,,,,,,,,,,,,,,,,,,,,,,,,,,,,,,,,,763.3152,767.206,y,3.8667,,0,0,0,5,1,stimuliTAFCfirst/nimnym006.wav,,,,,,,,,,,,,
,,,,,385134,001,2024-05-27_16h20.34.071,mathesisv2,2024.1.3,Win32,59.52380952,,,,,,,,,,,,,,,,,e,,,,,,,,,,,,,,,,,,,,,,,,,,,,,,,,,,,,,,,,,,,,,,,,,,,,,,,,,,,,,,,767.2146,768.356,e,1.1166,,0,1,1,2,1,stimuliTAFCfirst/nimnym003.wav,,,,,,,,,,,,,
,,,,,385134,001,2024-05-27_16h20.34.071,mathesisv2,2024.1.3,Win32,59.52380952,,,,,,,,,,,,,,,,,e,,,,,,,,,,,,,,,,,,,,,,,,,,,,,,,,,,,,,,,,,,,,,,,,,,,,,,,,,,,,,,,768.3561,769.4893,e,1.1091,,0,2,2,1,1,stimuliTAFCfirst/nimnym002.wav,,,,,,,,,,,,,
,,,,,385134,001,2024-05-27_16h20.34.071,mathesisv2,2024.1.3,Win32,59.52380952,,,,,,,,,,,,,,,,,x,,,,,,,,,,,,,,,,,,,,,,,,,,,,,,,,,,,,,,,,,,,,,,,,,,,,,,,,,,,,,,,769.4895,770.7225,e,1.2011,,0,3,3,3,1,stimuliTAFCfirst/nimnym004.wav,,,,,,,,,,,,,
,,,,,385134,001,2024-05-27_16h20.34.071,mathesisv2,2024.1.3,Win32,59.52380952,,,,,,,,,,,,,,,,,y,,,,,,,,,,,,,,,,,,,,,,,,,,,,,,,,,,,,,,,,,,,,,,,,,,,,,,,,,,,,,,,770.7228,772.6393,y,1.888,,0,4,4,4,1,stimuliTAFCfirst/nimnym005.wav,,,,,,,,,,,,,
,,,,,385134,001,2024-05-27_16h20.34.071,mathesisv2,2024.1.3,Win32,59.52380952,,,,,,,,,,,,,,,,,y,,,,,,,,,,,,,,,,,,,,,,,,,,,,,,,,,,,,,,,,,,,,,,,,,,,,,,,,,,,,,,,772.6395,774.6116,y,1.9503,,0,5,5,6,1,stimuliTAFCfirst/nimnym007.wav,,,,,,,,,,,,,
,,,,,385134,001,2024-05-27_16h20.34.071,mathesisv2,2024.1.3,Win32,59.52380952,,,,,,,,,,,,,,,,,e,,,,,,,,,,,,,,,,,,,,,,,,,,,,,,,,,,,,,,,,,,,,,,,,,,,,,,,,,,,,,,,774.6118,775.906,e,1.271,,0,6,6,0,1,stimuliTAFCfirst/nimnym001.wav,,,,,,,,,,,,,
,,,,,385134,001,2024-05-27_16h20.34.071,mathesisv2,2024.1.3,Win32,59.52380952,,,,,,,,,,,,,,,,,x,,,,,,,,,,,,,,,,,,,,,,,,,,,,,,,,,,,,,,,,,,,,,,,,,,,,,,,,,,,,,,,775.9062,777.3395,e,1.4003,,1,0,7,3,1,stimuliTAFCfirst/nimnym004.wav,,,,,,,,,,,,,
,,,,,385134,001,2024-05-27_16h20.34.071,mathesisv2,2024.1.3,Win32,59.52380952,,,,,,,,,,,,,,,,,e,,,,,,,,,,,,,,,,,,,,,,,,,,,,,,,,,,,,,,,,,,,,,,,,,,,,,,,,,,,,,,,777.3398,778.8062,e,1.4357,,1,1,8,1,1,stimuliTAFCfirst/nimnym002.wav,,,,,,,,,,,,,
,,,,,385134,001,2024-05-27_16h20.34.071,mathesisv2,2024.1.3,Win32,59.52380952,,,,,,,,,,,,,,,,,y,,,,,,,,,,,,,,,,,,,,,,,,,,,,,,,,,,,,,,,,,,,,,,,,,,,,,,,,,,,,,,,778.8064,780.1228,y,1.2857,,1,2,9,4,1,stimuliTAFCfirst/nimnym005.wav,,,,,,,,,,,,,
,,,,,385134,001,2024-05-27_16h20.34.071,mathesisv2,2024.1.3,Win32,59.52380952,,,,,,,,,,,,,,,,,e,,,,,,,,,,,,,,,,,,,,,,,,,,,,,,,,,,,,,,,,,,,,,,,,,,,,,,,,,,,,,,,780.1232,781.5731,e,1.4173,,1,3,10,0,1,stimuliTAFCfirst/nimnym001.wav,,,,,,,,,,,,,
,,,,,385134,001,2024-05-27_16h20.34.071,mathesisv2,2024.1.3,Win32,59.52380952,,,,,,,,,,,,,,,,,y,,,,,,,,,,,,,,,,,,,,,,,,,,,,,,,,,,,,,,,,,,,,,,,,,,,,,,,,,,,,,,,781.5733,783.3228,y,1.7438,,1,4,11,6,1,stimuliTAFCfirst/nimnym007.wav,,,,,,,,,,,,,
,,,,,385134,001,2024-05-27_16h20.34.071,mathesisv2,2024.1.3,Win32,59.52380952,,,,,,,,,,,,,,,,,y,,,,,,,,,,,,,,,,,,,,,,,,,,,,,,,,,,,,,,,,,,,,,,,,,,,,,,,,,,,,,,,783.3229,785.6061,y,2.2562,,1,5,12,5,1,stimuliTAFCfirst/nimnym006.wav,,,,,,,,,,,,,
,,,,,385134,001,2024-05-27_16h20.34.071,mathesisv2,2024.1.3,Win32,59.52380952,,,,,,,,,,,,,,,,,e,,,,,,,,,,,,,,,,,,,,,,,,,,,,,,,,,,,,,,,,,,,,,,,,,,,,,,,,,,,,,,,785.6063,786.8065,e,1.173,,1,6,13,2,1,stimuliTAFCfirst/nimnym003.wav,,,,,,,,,,,,,
,,,,,385134,001,2024-05-27_16h20.34.071,mathesisv2,2024.1.3,Win32,59.52380952,,,,,,,,,,,,,,,,,u,786.8067,788.1729,space,1.3442,,,,,,,,,,,,,,,,,,,,,,,,,,,,,,,,,,,,,,,,,,,,,,,,,,,,,,,,,,,,,,,,,,,,,,788.1755,793.0396,u,4.8344,,0,0,0,1,1,stimuliTAFCsec/numnym002.wav,,
,,,,,385134,001,2024-05-27_16h20.34.071,mathesisv2,2024.1.3,Win32,59.52380952,,,,,,,,,,,,,,,,,y,,,,,,,,,,,,,,,,,,,,,,,,,,,,,,,,,,,,,,,,,,,,,,,,,,,,,,,,,,,,,,,,,,,,,,,,,,793.0469,794.5229,y,1.455,,0,1,1,4,1,stimuliTAFCsec/numnym005.wav,,
,,,,,385134,001,2024-05-27_16h20.34.071,mathesisv2,2024.1.3,Win32,59.52380952,,,,,,,,,,,,,,,,,x,,,,,,,,,,,,,,,,,,,,,,,,,,,,,,,,,,,,,,,,,,,,,,,,,,,,,,,,,,,,,,,,,,,,,,,,,,794.5234,795.7229,u,1.1687,,0,2,2,3,1,stimuliTAFCsec/numnym004.wav,,
,,,,,385134,001,2024-05-27_16h20.34.071,mathesisv2,2024.1.3,Win32,59.52380952,,,,,,,,,,,,,,,,,u,,,,,,,,,,,,,,,,,,,,,,,,,,,,,,,,,,,,,,,,,,,,,,,,,,,,,,,,,,,,,,,,,,,,,,,,,,795.7231,797.512,u,1.7669,,0,3,3,0,1,stimuliTAFCsec/numnym001.wav,,
,,,,,385134,001,2024-05-27_16h20.34.071,mathesisv2,2024.1.3,Win32,59.52380952,,,,,,,,,,,,,,,,,y,,,,,,,,,,,,,,,,,,,,,,,,,,,,,,,,,,,,,,,,,,,,,,,,,,,,,,,,,,,,,,,,,,,,,,,,,,797.5122,798.7897,y,1.2583,,0,4,4,6,1,stimuliTAFCsec/numnym007.wav,,
,,,,,385134,001,2024-05-27_16h20.34.071,mathesisv2,2024.1.3,Win32,59.52380952,,,,,,,,,,,,,,,,,y,,,,,,,,,,,,,,,,,,,,,,,,,,,,,,,,,,,,,,,,,,,,,,,,,,,,,,,,,,,,,,,,,,,,,,,,,,798.7898,802.923,y,4.1078,,0,5,5,5,1,stimuliTAFCsec/numnym006.wav,,
,,,,,385134,001,2024-05-27_16h20.34.071,mathesisv2,2024.1.3,Win32,59.52380952,,,,,,,,,,,,,,,,,u,,,,,,,,,,,,,,,,,,,,,,,,,,,,,,,,,,,,,,,,,,,,,,,,,,,,,,,,,,,,,,,,,,,,,,,,,,802.9313,804.2397,u,1.2866,,0,6,6,2,1,stimuliTAFCsec/numnym003.wav,,
,,,,,385134,001,2024-05-27_16h20.34.071,mathesisv2,2024.1.3,Win32,59.52380952,,,,,,,,,,,,,,,,,u,,,,,,,,,,,,,,,,,,,,,,,,,,,,,,,,,,,,,,,,,,,,,,,,,,,,,,,,,,,,,,,,,,,,,,,,,,804.24,806.9231,u,2.65,,1,0,7,2,1,stimuliTAFCsec/numnym003.wav,,
,,,,,385134,001,2024-05-27_16h20.34.071,mathesisv2,2024.1.3,Win32,59.52380952,,,,,,,,,,,,,,,,,u,,,,,,,,,,,,,,,,,,,,,,,,,,,,,,,,,,,,,,,,,,,,,,,,,,,,,,,,,,,,,,,,,,,,,,,,,,806.931,808.5897,u,1.6376,,1,1,8,1,1,stimuliTAFCsec/numnym002.wav,,
,,,,,385134,001,2024-05-27_16h20.34.071,mathesisv2,2024.1.3,Win32,59.52380952,,,,,,,,,,,,,,,,,x,,,,,,,,,,,,,,,,,,,,,,,,,,,,,,,,,,,,,,,,,,,,,,,,,,,,,,,,,,,,,,,,,,,,,,,,,,808.5899,810.1064,u,1.4904,,1,2,9,3,1,stimuliTAFCsec/numnym004.wav,,
,,,,,385134,001,2024-05-27_16h20.34.071,mathesisv2,2024.1.3,Win32,59.52380952,,,,,,,,,,,,,,,,,y,,,,,,,,,,,,,,,,,,,,,,,,,,,,,,,,,,,,,,,,,,,,,,,,,,,,,,,,,,,,,,,,,,,,,,,,,,810.1066,811.3398,y,1.2044,,1,3,10,5,1,stimuliTAFCsec/numnym006.wav,,
,,,,,385134,001,2024-05-27_16h20.34.071,mathesisv2,2024.1.3,Win32,59.52380952,,,,,,,,,,,,,,,,,y,,,,,,,,,,,,,,,,,,,,,,,,,,,,,,,,,,,,,,,,,,,,,,,,,,,,,,,,,,,,,,,,,,,,,,,,,,811.3401,812.6566,y,1.2883,,1,4,11,6,1,stimuliTAFCsec/numnym007.wav,,
,,,,,385134,001,2024-05-27_16h20.34.071,mathesisv2,2024.1.3,Win32,59.52380952,,,,,,,,,,,,,,,,,y,,,,,,,,,,,,,,,,,,,,,,,,,,,,,,,,,,,,,,,,,,,,,,,,,,,,,,,,,,,,,,,,,,,,,,,,,,812.6568,814.0567,y,1.3673,,1,5,12,4,1,stimuliTAFCsec/numnym005.wav,,
,,,,,385134,001,2024-05-27_16h20.34.071,mathesisv2,2024.1.3,Win32,59.52380952,,,,,,,,,,,,,,,,,u,,,,,,,,,,,,,,,,,,,,,,,,,,,,,,,,,,,,,,,,,,,,,,,,,,,,,,,,,,,,,,,,,,,,,,,,,,814.0568,815.3898,u,1.3089,,1,6,13,0,1,stimuliTAFCsec/numnym001.wav,,
,,,,,385134,001,2024-05-27_16h20.34.071,mathesisv2,2024.1.3,Win32,59.52380952,,,,,,,,,,,,,,,,,,,,,,,,,,,,,,,,,,,,,,,,,,,815.3899,820.3787,space,4.9671,,,,,,,,,,,,,,,,,,,,,,,,,,,,,,,,,,,,,,,,,,,,,,,,,,,,,,,,820.3863,825.3789
