﻿inst_test.started,inst_test.stopped,key_resptest.keys,key_resptest.rt,key_resptest.duration,participant,session,date,expName,psychopyVersion,OS,frameRate,AXBteststimuli.started,AXBteststimuli.stopped,slider_7.response,slider_7.rt,trials.thisRepN,trials.thisTrialN,trials.thisN,trials.thisIndex,trials.ran,AXBtest,attentioncheck_test.started,attentioncheck_test.stopped,slider.response,slider.rt,inst01.started,inst01.stopped,key_respinst01.keys,key_respinst01.rt,key_respinst01.duration,AXBstimuli01.started,AXBstimuli01.stopped,slider_8.response,slider_8.rt,trials_2.thisRepN,trials_2.thisTrialN,trials_2.thisN,trials_2.thisIndex,trials_2.ran,AXBstimuli,Correct,pause01.started,pause01.stopped,key_resp.keys,key_resp.rt,key_resp.duration,trials_3.thisRepN,trials_3.thisTrialN,trials_3.thisN,trials_3.thisIndex,trials_3.ran,attentioncheck01.started,attentioncheck01.stopped,slider_2.response,slider_2.rt,key_resp_5.keys,key_resp_5.rt,key_resp_5.duration,trials_4.thisRepN,trials_4.thisTrialN,trials_4.thisN,trials_4.thisIndex,trials_4.ran,trials_5.thisRepN,trials_5.thisTrialN,trials_5.thisN,trials_5.thisIndex,trials_5.ran,attentioncheck02.started,attentioncheck02.stopped,key_resp_6.keys,button.numClicks,button.timesOn,button.timesOff,trials_6.thisRepN,trials_6.thisTrialN,trials_6.thisN,trials_6.thisIndex,trials_6.ran,trials_7.thisRepN,trials_7.thisTrialN,trials_7.thisN,trials_7.thisIndex,trials_7.ran,attentioncheck03.started,attentioncheck03.stopped,slider_3.response,slider_3.rt,trials_8.thisRepN,trials_8.thisTrialN,trials_8.thisN,trials_8.thisIndex,trials_8.ran,inst_test2.started,inst_test2.stopped,key_resp_2.keys,key_resp_2.rt,key_resp_2.duration,routine_2AFCteststimuli.started,routine_2AFCteststimuli.stopped,slider_9.response,slider_9.rt,trials_17.thisRepN,trials_17.thisTrialN,trials_17.thisN,trials_17.thisIndex,trials_17.ran,TAFCteststimuli,attentioncheck_test2.started,attentioncheck_test2.stopped,slider_4.response,slider_4.rt,inst02.started,inst02.stopped,key_resp_3.keys,key_resp_3.rt,key_resp_3.duration,routine_2AFCstimuli01.started,routine_2AFCstimuli01.stopped,slider_10.response,slider_10.rt,trials_9.thisRepN,trials_9.thisTrialN,trials_9.thisN,trials_9.thisIndex,trials_9.ran,TAFCstimuli01,attentioncheck04.started,attentioncheck04.stopped,slider_6.response,slider_6.rt,key_resp_9.keys,trials_10.thisRepN,trials_10.thisTrialN,trials_10.thisN,trials_10.thisIndex,trials_10.ran,trials_11.thisRepN,trials_11.thisTrialN,trials_11.thisN,trials_11.thisIndex,trials_11.ran,key_resp_6.rt,key_resp_6.duration,trials_12.thisRepN,trials_12.thisTrialN,trials_12.thisN,trials_12.thisIndex,trials_12.ran,routine_2AFCstimuli02.started,routine_2AFCstimuli02.stopped,slider_11.response,slider_11.rt,trials_13.thisRepN,trials_13.thisTrialN,trials_13.thisN,trials_13.thisIndex,trials_13.ran,TAFCstimuli02,attentioncheck05.started,attentioncheck05.stopped,key_resp_8.keys,key_resp_8.rt,key_resp_8.duration,slider_5.response,slider_5.rt,trials_14.thisRepN,trials_14.thisTrialN,trials_14.thisN,trials_14.thisIndex,trials_14.ran,trials_15.thisRepN,trials_15.thisTrialN,trials_15.thisN,trials_15.thisIndex,trials_15.ran,attentioncheck06.started,attentioncheck06.stopped,button_2.numClicks,button_2.timesOn,button_2.timesOff,key_resp_7.keys,trials_16.thisRepN,trials_16.thisTrialN,trials_16.thisN,trials_16.thisIndex,trials_16.ran,thankyou.started,thankyou.stopped,key_resp_4.keys,key_resp_4.rt,key_resp_4.duration
0.0004,18.8355,space,18.8024,,265808,001,2024-05-22_11h59.52.700,AXB:2AFC Experiments (16.05.2024),2024.1.3,MacIntel,59.88023952,,,,,,,,,,,,,,,,,,,,,,,,,,,,,,,,,,,,,,,,,,,,,,,,,,,,,,,,,,,,,,,,,,,,,,,,,,,,,,,,,,,,,,,,,,,,,,,,,,,,,,,,,,,,,,,,,,,,,,,,,,,,,,,,,,,,,,,,,,,,,,,,,,,,,,,,,,,,,,,,,,,,,,,,,,,,,,,,,,,,,
,,,,,265808,001,2024-05-22_11h59.52.700,AXB:2AFC Experiments (16.05.2024),2024.1.3,MacIntel,59.88023952,18.8444,35.0688,1,16.2196,0,0,0,2,1,AXBstimuli/yuustimulus.wav,,,,,,,,,,,,,,,,,,,,,,,,,,,,,,,,,,,,,,,,,,,,,,,,,,,,,,,,,,,,,,,,,,,,,,,,,,,,,,,,,,,,,,,,,,,,,,,,,,,,,,,,,,,,,,,,,,,,,,,,,,,,,,,,,,,,,,,,,,,,,,,,,,,,,,,,,,,,,,,,,,,,,,,,,,,
,,,,,265808,001,2024-05-22_11h59.52.700,AXB:2AFC Experiments (16.05.2024),2024.1.3,MacIntel,59.88023952,35.0695,42.4339,1,7.3607,0,1,1,1,1,AXBstimuli/iyystimulus.wav,,,,,,,,,,,,,,,,,,,,,,,,,,,,,,,,,,,,,,,,,,,,,,,,,,,,,,,,,,,,,,,,,,,,,,,,,,,,,,,,,,,,,,,,,,,,,,,,,,,,,,,,,,,,,,,,,,,,,,,,,,,,,,,,,,,,,,,,,,,,,,,,,,,,,,,,,,,,,,,,,,,,,,,,,,,
,,,,,265808,001,2024-05-22_11h59.52.700,AXB:2AFC Experiments (16.05.2024),2024.1.3,MacIntel,59.88023952,42.4342,42.6513,1,0.2126,0,2,2,0,1,AXBstimuli/iiystimulus.wav,,,,,,,,,,,,,,,,,,,,,,,,,,,,,,,,,,,,,,,,,,,,,,,,,,,,,,,,,,,,,,,,,,,,,,,,,,,,,,,,,,,,,,,,,,,,,,,,,,,,,,,,,,,,,,,,,,,,,,,,,,,,,,,,,,,,,,,,,,,,,,,,,,,,,,,,,,,,,,,,,,,,,,,,,,,
,,,,,265808,001,2024-05-22_11h59.52.700,AXB:2AFC Experiments (16.05.2024),2024.1.3,MacIntel,59.88023952,42.6516,43.4179,1,0.7638,0,3,3,3,1,AXBstimuli/yyustimulus.wav,,,,,,,,,,,,,,,,,,,,,,,,,,,,,,,,,,,,,,,,,,,,,,,,,,,,,,,,,,,,,,,,,,,,,,,,,,,,,,,,,,,,,,,,,,,,,,,,,,,,,,,,,,,,,,,,,,,,,,,,,,,,,,,,,,,,,,,,,,,,,,,,,,,,,,,,,,,,,,,,,,,,,,,,,,,
,,,,,265808,001,2024-05-22_11h59.52.700,AXB:2AFC Experiments (16.05.2024),2024.1.3,MacIntel,59.88023952,,,,,,,,,,,43.4183,46.4181,2,2.9955,,,,,,,,,,,,,,,,,,,,,,,,,,,,,,,,,,,,,,,,,,,,,,,,,,,,,,,,,,,,,,,,,,,,,,,,,,,,,,,,,,,,,,,,,,,,,,,,,,,,,,,,,,,,,,,,,,,,,,,,,,,,,,,,,,,,,,,,,,,,,,,,,,,,,,,,,,,,,,,,,,,,,,,
,,,,,265808,001,2024-05-22_11h59.52.700,AXB:2AFC Experiments (16.05.2024),2024.1.3,MacIntel,59.88023952,,,,,,,,,,,,,,,46.4183,53.1341,space,6.6912,,,,,,,,,,,,,,,,,,,,,,,,,,,,,,,,,,,,,,,,,,,,,,,,,,,,,,,,,,,,,,,,,,,,,,,,,,,,,,,,,,,,,,,,,,,,,,,,,,,,,,,,,,,,,,,,,,,,,,,,,,,,,,,,,,,,,,,,,,,,,,,,,,,,,,,,,,,,,,,,,,,
,,,,,265808,001,2024-05-22_11h59.52.700,AXB:2AFC Experiments (16.05.2024),2024.1.3,MacIntel,59.88023952,,,,,,,,,,,,,,,,,,,,53.1444,56.9179,2,3.7704,0,0,0,3,1,AXBstimuli/yyustimulus.wav,Last,,,,,,,,,,,,,,,,,,,,,,,,,,,,,,,,,,,,,,,,,,,,,,,,,,,,,,,,,,,,,,,,,,,,,,,,,,,,,,,,,,,,,,,,,,,,,,,,,,,,,,,,,,,,,,,,,,,,,,,,,,,,,,,,,,,,,,,,,,,,,,,,,,,,,,,
,,,,,265808,001,2024-05-22_11h59.52.700,AXB:2AFC Experiments (16.05.2024),2024.1.3,MacIntel,59.88023952,,,,,,,,,,,,,,,,,,,,56.9185,61.584,1,4.6624,0,1,1,2,1,AXBstimuli/yuustimulus.wav,First,,,,,,,,,,,,,,,,,,,,,,,,,,,,,,,,,,,,,,,,,,,,,,,,,,,,,,,,,,,,,,,,,,,,,,,,,,,,,,,,,,,,,,,,,,,,,,,,,,,,,,,,,,,,,,,,,,,,,,,,,,,,,,,,,,,,,,,,,,,,,,,,,,,,,,,
,,,,,265808,001,2024-05-22_11h59.52.700,AXB:2AFC Experiments (16.05.2024),2024.1.3,MacIntel,59.88023952,,,,,,,,,,,,,,,,,,,,61.5845,66.0006,1,4.4118,0,2,2,1,1,AXBstimuli/iyystimulus.wav,First,,,,,,,,,,,,,,,,,,,,,,,,,,,,,,,,,,,,,,,,,,,,,,,,,,,,,,,,,,,,,,,,,,,,,,,,,,,,,,,,,,,,,,,,,,,,,,,,,,,,,,,,,,,,,,,,,,,,,,,,,,,,,,,,,,,,,,,,,,,,,,,,,,,,,,,
,,,,,265808,001,2024-05-22_11h59.52.700,AXB:2AFC Experiments (16.05.2024),2024.1.3,MacIntel,59.88023952,,,,,,,,,,,,,,,,,,,,66.0009,69.0004,2,2.995,0,3,3,0,1,AXBstimuli/iiystimulus.wav,Last,,,,,,,,,,,,,,,,,,,,,,,,,,,,,,,,,,,,,,,,,,,,,,,,,,,,,,,,,,,,,,,,,,,,,,,,,,,,,,,,,,,,,,,,,,,,,,,,,,,,,,,,,,,,,,,,,,,,,,,,,,,,,,,,,,,,,,,,,,,,,,,,,,,,,,,
,,,,,265808,001,2024-05-22_11h59.52.700,AXB:2AFC Experiments (16.05.2024),2024.1.3,MacIntel,59.88023952,,,,,,,,,,,,,,,,,,,,69.0008,73.4172,1,4.4118,1,0,4,1,1,AXBstimuli/iyystimulus.wav,First,,,,,,,,,,,,,,,,,,,,,,,,,,,,,,,,,,,,,,,,,,,,,,,,,,,,,,,,,,,,,,,,,,,,,,,,,,,,,,,,,,,,,,,,,,,,,,,,,,,,,,,,,,,,,,,,,,,,,,,,,,,,,,,,,,,,,,,,,,,,,,,,,,,,,,,
,,,,,265808,001,2024-05-22_11h59.52.700,AXB:2AFC Experiments (16.05.2024),2024.1.3,MacIntel,59.88023952,,,,,,,,,,,,,,,,,,,,73.4179,77.4162,2,3.9948,1,1,5,3,1,AXBstimuli/yyustimulus.wav,Last,,,,,,,,,,,,,,,,,,,,,,,,,,,,,,,,,,,,,,,,,,,,,,,,,,,,,,,,,,,,,,,,,,,,,,,,,,,,,,,,,,,,,,,,,,,,,,,,,,,,,,,,,,,,,,,,,,,,,,,,,,,,,,,,,,,,,,,,,,,,,,,,,,,,,,,
,,,,,265808,001,2024-05-22_11h59.52.700,AXB:2AFC Experiments (16.05.2024),2024.1.3,MacIntel,59.88023952,,,,,,,,,,,,,,,,,,,,77.4166,80.5,2,3.0786,1,2,6,0,1,AXBstimuli/iiystimulus.wav,Last,,,,,,,,,,,,,,,,,,,,,,,,,,,,,,,,,,,,,,,,,,,,,,,,,,,,,,,,,,,,,,,,,,,,,,,,,,,,,,,,,,,,,,,,,,,,,,,,,,,,,,,,,,,,,,,,,,,,,,,,,,,,,,,,,,,,,,,,,,,,,,,,,,,,,,,
,,,,,265808,001,2024-05-22_11h59.52.700,AXB:2AFC Experiments (16.05.2024),2024.1.3,MacIntel,59.88023952,,,,,,,,,,,,,,,,,,,,80.5002,83.8497,1,3.3451,1,3,7,2,1,AXBstimuli/yuustimulus.wav,First,,,,,,,,,,,,,,,,,,,,,,,,,,,,,,,,,,,,,,,,,,,,,,,,,,,,,,,,,,,,,,,,,,,,,,,,,,,,,,,,,,,,,,,,,,,,,,,,,,,,,,,,,,,,,,,,,,,,,,,,,,,,,,,,,,,,,,,,,,,,,,,,,,,,,,,
,,,,,265808,001,2024-05-22_11h59.52.700,AXB:2AFC Experiments (16.05.2024),2024.1.3,MacIntel,59.88023952,,,,,,,,,,,,,,,,,,,,83.8498,87.5655,2,3.7132,2,0,8,3,1,AXBstimuli/yyustimulus.wav,Last,,,,,,,,,,,,,,,,,,,,,,,,,,,,,,,,,,,,,,,,,,,,,,,,,,,,,,,,,,,,,,,,,,,,,,,,,,,,,,,,,,,,,,,,,,,,,,,,,,,,,,,,,,,,,,,,,,,,,,,,,,,,,,,,,,,,,,,,,,,,,,,,,,,,,,,
,,,,,265808,001,2024-05-22_11h59.52.700,AXB:2AFC Experiments (16.05.2024),2024.1.3,MacIntel,59.88023952,,,,,,,,,,,,,,,,,,,,87.5659,91.3664,2,3.7966,2,1,9,0,1,AXBstimuli/iiystimulus.wav,Last,,,,,,,,,,,,,,,,,,,,,,,,,,,,,,,,,,,,,,,,,,,,,,,,,,,,,,,,,,,,,,,,,,,,,,,,,,,,,,,,,,,,,,,,,,,,,,,,,,,,,,,,,,,,,,,,,,,,,,,,,,,,,,,,,,,,,,,,,,,,,,,,,,,,,,,
,,,,,265808,001,2024-05-22_11h59.52.700,AXB:2AFC Experiments (16.05.2024),2024.1.3,MacIntel,59.88023952,,,,,,,,,,,,,,,,,,,,91.3667,94.3996,1,3.0295,2,2,10,2,1,AXBstimuli/yuustimulus.wav,First,,,,,,,,,,,,,,,,,,,,,,,,,,,,,,,,,,,,,,,,,,,,,,,,,,,,,,,,,,,,,,,,,,,,,,,,,,,,,,,,,,,,,,,,,,,,,,,,,,,,,,,,,,,,,,,,,,,,,,,,,,,,,,,,,,,,,,,,,,,,,,,,,,,,,,,
,,,,,265808,001,2024-05-22_11h59.52.700,AXB:2AFC Experiments (16.05.2024),2024.1.3,MacIntel,59.88023952,,,,,,,,,,,,,,,,,,,,94.4,97.3659,1,2.9618,2,3,11,1,1,AXBstimuli/iyystimulus.wav,First,,,,,,,,,,,,,,,,,,,,,,,,,,,,,,,,,,,,,,,,,,,,,,,,,,,,,,,,,,,,,,,,,,,,,,,,,,,,,,,,,,,,,,,,,,,,,,,,,,,,,,,,,,,,,,,,,,,,,,,,,,,,,,,,,,,,,,,,,,,,,,,,,,,,,,,
,,,,,265808,001,2024-05-22_11h59.52.700,AXB:2AFC Experiments (16.05.2024),2024.1.3,MacIntel,59.88023952,,,,,,,,,,,,,,,,,,,,97.3664,100.9158,2,3.5459,3,0,12,0,1,AXBstimuli/iiystimulus.wav,Last,,,,,,,,,,,,,,,,,,,,,,,,,,,,,,,,,,,,,,,,,,,,,,,,,,,,,,,,,,,,,,,,,,,,,,,,,,,,,,,,,,,,,,,,,,,,,,,,,,,,,,,,,,,,,,,,,,,,,,,,,,,,,,,,,,,,,,,,,,,,,,,,,,,,,,,
,,,,,265808,001,2024-05-22_11h59.52.700,AXB:2AFC Experiments (16.05.2024),2024.1.3,MacIntel,59.88023952,,,,,,,,,,,,,,,,,,,,100.916,106.6325,2,5.7126,3,1,13,3,1,AXBstimuli/yyustimulus.wav,Last,,,,,,,,,,,,,,,,,,,,,,,,,,,,,,,,,,,,,,,,,,,,,,,,,,,,,,,,,,,,,,,,,,,,,,,,,,,,,,,,,,,,,,,,,,,,,,,,,,,,,,,,,,,,,,,,,,,,,,,,,,,,,,,,,,,,,,,,,,,,,,,,,,,,,,,
,,,,,265808,001,2024-05-22_11h59.52.700,AXB:2AFC Experiments (16.05.2024),2024.1.3,MacIntel,59.88023952,,,,,,,,,,,,,,,,,,,,106.6326,110.4991,1,3.8631,3,2,14,2,1,AXBstimuli/yuustimulus.wav,First,,,,,,,,,,,,,,,,,,,,,,,,,,,,,,,,,,,,,,,,,,,,,,,,,,,,,,,,,,,,,,,,,,,,,,,,,,,,,,,,,,,,,,,,,,,,,,,,,,,,,,,,,,,,,,,,,,,,,,,,,,,,,,,,,,,,,,,,,,,,,,,,,,,,,,,
,,,,,265808,001,2024-05-22_11h59.52.700,AXB:2AFC Experiments (16.05.2024),2024.1.3,MacIntel,59.88023952,,,,,,,,,,,,,,,,,,,,110.4994,115.899,2,5.3957,3,3,15,1,1,AXBstimuli/iyystimulus.wav,First,,,,,,,,,,,,,,,,,,,,,,,,,,,,,,,,,,,,,,,,,,,,,,,,,,,,,,,,,,,,,,,,,,,,,,,,,,,,,,,,,,,,,,,,,,,,,,,,,,,,,,,,,,,,,,,,,,,,,,,,,,,,,,,,,,,,,,,,,,,,,,,,,,,,,,,
,,,,,265808,001,2024-05-22_11h59.52.700,AXB:2AFC Experiments (16.05.2024),2024.1.3,MacIntel,59.88023952,,,,,,,,,,,,,,,,,,,,115.8994,119.9479,1,4.0454,4,0,16,1,1,AXBstimuli/iyystimulus.wav,First,,,,,,,,,,,,,,,,,,,,,,,,,,,,,,,,,,,,,,,,,,,,,,,,,,,,,,,,,,,,,,,,,,,,,,,,,,,,,,,,,,,,,,,,,,,,,,,,,,,,,,,,,,,,,,,,,,,,,,,,,,,,,,,,,,,,,,,,,,,,,,,,,,,,,,,
,,,,,265808,001,2024-05-22_11h59.52.700,AXB:2AFC Experiments (16.05.2024),2024.1.3,MacIntel,59.88023952,,,,,,,,,,,,,,,,,,,,119.9481,123.1988,2,3.2464,4,1,17,0,1,AXBstimuli/iiystimulus.wav,Last,,,,,,,,,,,,,,,,,,,,,,,,,,,,,,,,,,,,,,,,,,,,,,,,,,,,,,,,,,,,,,,,,,,,,,,,,,,,,,,,,,,,,,,,,,,,,,,,,,,,,,,,,,,,,,,,,,,,,,,,,,,,,,,,,,,,,,,,,,,,,,,,,,,,,,,
,,,,,265808,001,2024-05-22_11h59.52.700,AXB:2AFC Experiments (16.05.2024),2024.1.3,MacIntel,59.88023952,,,,,,,,,,,,,,,,,,,,123.1992,127.0816,1,3.878,4,2,18,2,1,AXBstimuli/yuustimulus.wav,First,,,,,,,,,,,,,,,,,,,,,,,,,,,,,,,,,,,,,,,,,,,,,,,,,,,,,,,,,,,,,,,,,,,,,,,,,,,,,,,,,,,,,,,,,,,,,,,,,,,,,,,,,,,,,,,,,,,,,,,,,,,,,,,,,,,,,,,,,,,,,,,,,,,,,,,
,,,,,265808,001,2024-05-22_11h59.52.700,AXB:2AFC Experiments (16.05.2024),2024.1.3,MacIntel,59.88023952,,,,,,,,,,,,,,,,,,,,127.0819,131.7484,2,4.6624,4,3,19,3,1,AXBstimuli/yyustimulus.wav,Last,,,,,,,,,,,,,,,,,,,,,,,,,,,,,,,,,,,,,,,,,,,,,,,,,,,,,,,,,,,,,,,,,,,,,,,,,,,,,,,,,,,,,,,,,,,,,,,,,,,,,,,,,,,,,,,,,,,,,,,,,,,,,,,,,,,,,,,,,,,,,,,,,,,,,,,
,,,,,265808,001,2024-05-22_11h59.52.700,AXB:2AFC Experiments (16.05.2024),2024.1.3,MacIntel,59.88023952,,,,,,,,,,,,,,,,,,,,,,,,,,,,,,,131.7502,133.5319,space,1.7592,,,,,,,,,,,,,,,,,,,,,,,,,,,,,,,,,,,,,,,,,,,,,,,,,,,,,,,,,,,,,,,,,,,,,,,,,,,,,,,,,,,,,,,,,,,,,,,,,,,,,,,,,,,,,,,,,,,,,,,,,,,,,,,,,,,,,,,,,,,,,,,,,,,
,,,,,265808,001,2024-05-22_11h59.52.700,AXB:2AFC Experiments (16.05.2024),2024.1.3,MacIntel,59.88023952,,,,,,,,,,,,,,,,,,,,133.5379,137.6975,1,4.1557,,,,,,AXBstimuli/iyystimulus.wav,First,,,,,,0,0,0,1,1,,,,,,,,,,,,,,,,,,,,,,,,,,,,,,,,,,,,,,,,,,,,,,,,,,,,,,,,,,,,,,,,,,,,,,,,,,,,,,,,,,,,,,,,,,,,,,,,,,,,,,,,,,,,,,,,,,,,,,,,,,,,,,,,,,,,,,,,,,,,,
,,,,,265808,001,2024-05-22_11h59.52.700,AXB:2AFC Experiments (16.05.2024),2024.1.3,MacIntel,59.88023952,,,,,,,,,,,,,,,,,,,,137.6981,140.5644,1,2.8625,,,,,,AXBstimuli/yuustimulus.wav,First,,,,,,0,1,1,2,1,,,,,,,,,,,,,,,,,,,,,,,,,,,,,,,,,,,,,,,,,,,,,,,,,,,,,,,,,,,,,,,,,,,,,,,,,,,,,,,,,,,,,,,,,,,,,,,,,,,,,,,,,,,,,,,,,,,,,,,,,,,,,,,,,,,,,,,,,,,,,
,,,,,265808,001,2024-05-22_11h59.52.700,AXB:2AFC Experiments (16.05.2024),2024.1.3,MacIntel,59.88023952,,,,,,,,,,,,,,,,,,,,140.5647,143.6645,2,3.0965,,,,,,AXBstimuli/iiystimulus.wav,Last,,,,,,0,2,2,0,1,,,,,,,,,,,,,,,,,,,,,,,,,,,,,,,,,,,,,,,,,,,,,,,,,,,,,,,,,,,,,,,,,,,,,,,,,,,,,,,,,,,,,,,,,,,,,,,,,,,,,,,,,,,,,,,,,,,,,,,,,,,,,,,,,,,,,,,,,,,,,
,,,,,265808,001,2024-05-22_11h59.52.700,AXB:2AFC Experiments (16.05.2024),2024.1.3,MacIntel,59.88023952,,,,,,,,,,,,,,,,,,,,143.665,147.4467,2,3.778,,,,,,AXBstimuli/yyustimulus.wav,Last,,,,,,0,3,3,3,1,,,,,,,,,,,,,,,,,,,,,,,,,,,,,,,,,,,,,,,,,,,,,,,,,,,,,,,,,,,,,,,,,,,,,,,,,,,,,,,,,,,,,,,,,,,,,,,,,,,,,,,,,,,,,,,,,,,,,,,,,,,,,,,,,,,,,,,,,,,,,
,,,,,265808,001,2024-05-22_11h59.52.700,AXB:2AFC Experiments (16.05.2024),2024.1.3,MacIntel,59.88023952,,,,,,,,,,,,,,,,,,,,147.447,151.2143,1,3.7626,,,,,,AXBstimuli/yuustimulus.wav,First,,,,,,1,0,4,2,1,,,,,,,,,,,,,,,,,,,,,,,,,,,,,,,,,,,,,,,,,,,,,,,,,,,,,,,,,,,,,,,,,,,,,,,,,,,,,,,,,,,,,,,,,,,,,,,,,,,,,,,,,,,,,,,,,,,,,,,,,,,,,,,,,,,,,,,,,,,,,
,,,,,265808,001,2024-05-22_11h59.52.700,AXB:2AFC Experiments (16.05.2024),2024.1.3,MacIntel,59.88023952,,,,,,,,,,,,,,,,,,,,151.2145,154.5469,2,3.3287,,,,,,AXBstimuli/yyustimulus.wav,Last,,,,,,1,1,5,3,1,,,,,,,,,,,,,,,,,,,,,,,,,,,,,,,,,,,,,,,,,,,,,,,,,,,,,,,,,,,,,,,,,,,,,,,,,,,,,,,,,,,,,,,,,,,,,,,,,,,,,,,,,,,,,,,,,,,,,,,,,,,,,,,,,,,,,,,,,,,,,
,,,,,265808,001,2024-05-22_11h59.52.700,AXB:2AFC Experiments (16.05.2024),2024.1.3,MacIntel,59.88023952,,,,,,,,,,,,,,,,,,,,154.5473,157.9308,2,3.3802,,,,,,AXBstimuli/iiystimulus.wav,Last,,,,,,1,2,6,0,1,,,,,,,,,,,,,,,,,,,,,,,,,,,,,,,,,,,,,,,,,,,,,,,,,,,,,,,,,,,,,,,,,,,,,,,,,,,,,,,,,,,,,,,,,,,,,,,,,,,,,,,,,,,,,,,,,,,,,,,,,,,,,,,,,,,,,,,,,,,,,
,,,,,265808,001,2024-05-22_11h59.52.700,AXB:2AFC Experiments (16.05.2024),2024.1.3,MacIntel,59.88023952,,,,,,,,,,,,,,,,,,,,157.9312,161.3306,1,3.3948,,,,,,AXBstimuli/iyystimulus.wav,First,,,,,,1,3,7,1,1,,,,,,,,,,,,,,,,,,,,,,,,,,,,,,,,,,,,,,,,,,,,,,,,,,,,,,,,,,,,,,,,,,,,,,,,,,,,,,,,,,,,,,,,,,,,,,,,,,,,,,,,,,,,,,,,,,,,,,,,,,,,,,,,,,,,,,,,,,,,,
,,,,,265808,001,2024-05-22_11h59.52.700,AXB:2AFC Experiments (16.05.2024),2024.1.3,MacIntel,59.88023952,,,,,,,,,,,,,,,,,,,,161.3309,164.3303,2,2.9947,,,,,,AXBstimuli/yyustimulus.wav,Last,,,,,,2,0,8,3,1,,,,,,,,,,,,,,,,,,,,,,,,,,,,,,,,,,,,,,,,,,,,,,,,,,,,,,,,,,,,,,,,,,,,,,,,,,,,,,,,,,,,,,,,,,,,,,,,,,,,,,,,,,,,,,,,,,,,,,,,,,,,,,,,,,,,,,,,,,,,,
,,,,,265808,001,2024-05-22_11h59.52.700,AXB:2AFC Experiments (16.05.2024),2024.1.3,MacIntel,59.88023952,,,,,,,,,,,,,,,,,,,,164.3305,168.3639,2,4.0298,,,,,,AXBstimuli/iiystimulus.wav,Last,,,,,,2,1,9,0,1,,,,,,,,,,,,,,,,,,,,,,,,,,,,,,,,,,,,,,,,,,,,,,,,,,,,,,,,,,,,,,,,,,,,,,,,,,,,,,,,,,,,,,,,,,,,,,,,,,,,,,,,,,,,,,,,,,,,,,,,,,,,,,,,,,,,,,,,,,,,,
,,,,,265808,001,2024-05-22_11h59.52.700,AXB:2AFC Experiments (16.05.2024),2024.1.3,MacIntel,59.88023952,,,,,,,,,,,,,,,,,,,,168.3642,171.4135,1,3.0454,,,,,,AXBstimuli/yuustimulus.wav,First,,,,,,2,2,10,2,1,,,,,,,,,,,,,,,,,,,,,,,,,,,,,,,,,,,,,,,,,,,,,,,,,,,,,,,,,,,,,,,,,,,,,,,,,,,,,,,,,,,,,,,,,,,,,,,,,,,,,,,,,,,,,,,,,,,,,,,,,,,,,,,,,,,,,,,,,,,,,
,,,,,265808,001,2024-05-22_11h59.52.700,AXB:2AFC Experiments (16.05.2024),2024.1.3,MacIntel,59.88023952,,,,,,,,,,,,,,,,,,,,171.4138,175.1301,1,3.7126,,,,,,AXBstimuli/iyystimulus.wav,First,,,,,,2,3,11,1,1,,,,,,,,,,,,,,,,,,,,,,,,,,,,,,,,,,,,,,,,,,,,,,,,,,,,,,,,,,,,,,,,,,,,,,,,,,,,,,,,,,,,,,,,,,,,,,,,,,,,,,,,,,,,,,,,,,,,,,,,,,,,,,,,,,,,,,,,,,,,,
,,,,,265808,001,2024-05-22_11h59.52.700,AXB:2AFC Experiments (16.05.2024),2024.1.3,MacIntel,59.88023952,,,,,,,,,,,,,,,,,,,,,,,,,,,,,,,,,,,,,,,,,175.132,176.9466,,,space,1.7871,,,,,,,,,,,,,,,,,,,,,,,,,,,,,,,,,,,,,,,,,,,,,,,,,,,,,,,,,,,,,,,,,,,,,,,,,,,,,,,,,,,,,,,,,,,,,,,,,,,,,,,,,,,,,,,,,,,,,,,,,,,,,,,,,,,,,,,
,,,,,265808,001,2024-05-22_11h59.52.700,AXB:2AFC Experiments (16.05.2024),2024.1.3,MacIntel,59.88023952,,,,,,,,,,,,,,,,,,,,176.9502,183.6468,1,6.6923,,,,,,AXBstimuli/iiystimulus.wav,Last,,,,,,,,,,,,,,,,,,0,0,0,0,1,,,,,,,,,,,,,,,,,,,,,,,,,,,,,,,,,,,,,,,,,,,,,,,,,,,,,,,,,,,,,,,,,,,,,,,,,,,,,,,,,,,,,,,,,,,,,,,,,,,,,,,,,,,,,,,,,,,,,,,,,,,,,,,,,
,,,,,265808,001,2024-05-22_11h59.52.700,AXB:2AFC Experiments (16.05.2024),2024.1.3,MacIntel,59.88023952,,,,,,,,,,,,,,,,,,,,183.6475,188.563,2,4.9117,,,,,,AXBstimuli/yyustimulus.wav,Last,,,,,,,,,,,,,,,,,,0,1,1,3,1,,,,,,,,,,,,,,,,,,,,,,,,,,,,,,,,,,,,,,,,,,,,,,,,,,,,,,,,,,,,,,,,,,,,,,,,,,,,,,,,,,,,,,,,,,,,,,,,,,,,,,,,,,,,,,,,,,,,,,,,,,,,,,,,,
,,,,,265808,001,2024-05-22_11h59.52.700,AXB:2AFC Experiments (16.05.2024),2024.1.3,MacIntel,59.88023952,,,,,,,,,,,,,,,,,,,,188.5632,194.6464,1,6.0782,,,,,,AXBstimuli/iyystimulus.wav,First,,,,,,,,,,,,,,,,,,0,2,2,1,1,,,,,,,,,,,,,,,,,,,,,,,,,,,,,,,,,,,,,,,,,,,,,,,,,,,,,,,,,,,,,,,,,,,,,,,,,,,,,,,,,,,,,,,,,,,,,,,,,,,,,,,,,,,,,,,,,,,,,,,,,,,,,,,,,
,,,,,265808,001,2024-05-22_11h59.52.700,AXB:2AFC Experiments (16.05.2024),2024.1.3,MacIntel,59.88023952,,,,,,,,,,,,,,,,,,,,194.6467,199.2625,1,4.6125,,,,,,AXBstimuli/yuustimulus.wav,First,,,,,,,,,,,,,,,,,,0,3,3,2,1,,,,,,,,,,,,,,,,,,,,,,,,,,,,,,,,,,,,,,,,,,,,,,,,,,,,,,,,,,,,,,,,,,,,,,,,,,,,,,,,,,,,,,,,,,,,,,,,,,,,,,,,,,,,,,,,,,,,,,,,,,,,,,,,,
,,,,,265808,001,2024-05-22_11h59.52.700,AXB:2AFC Experiments (16.05.2024),2024.1.3,MacIntel,59.88023952,,,,,,,,,,,,,,,,,,,,199.2628,202.3292,2,3.0619,,,,,,AXBstimuli/iiystimulus.wav,Last,,,,,,,,,,,,,,,,,,1,0,4,0,1,,,,,,,,,,,,,,,,,,,,,,,,,,,,,,,,,,,,,,,,,,,,,,,,,,,,,,,,,,,,,,,,,,,,,,,,,,,,,,,,,,,,,,,,,,,,,,,,,,,,,,,,,,,,,,,,,,,,,,,,,,,,,,,,,
,,,,,265808,001,2024-05-22_11h59.52.700,AXB:2AFC Experiments (16.05.2024),2024.1.3,MacIntel,59.88023952,,,,,,,,,,,,,,,,,,,,202.3295,207.2956,1,4.9627,,,,,,AXBstimuli/yuustimulus.wav,First,,,,,,,,,,,,,,,,,,1,1,5,2,1,,,,,,,,,,,,,,,,,,,,,,,,,,,,,,,,,,,,,,,,,,,,,,,,,,,,,,,,,,,,,,,,,,,,,,,,,,,,,,,,,,,,,,,,,,,,,,,,,,,,,,,,,,,,,,,,,,,,,,,,,,,,,,,,,
,,,,,265808,001,2024-05-22_11h59.52.700,AXB:2AFC Experiments (16.05.2024),2024.1.3,MacIntel,59.88023952,,,,,,,,,,,,,,,,,,,,207.2959,210.8289,1,3.5286,,,,,,AXBstimuli/iyystimulus.wav,First,,,,,,,,,,,,,,,,,,1,2,6,1,1,,,,,,,,,,,,,,,,,,,,,,,,,,,,,,,,,,,,,,,,,,,,,,,,,,,,,,,,,,,,,,,,,,,,,,,,,,,,,,,,,,,,,,,,,,,,,,,,,,,,,,,,,,,,,,,,,,,,,,,,,,,,,,,,,
,,,,,265808,001,2024-05-22_11h59.52.700,AXB:2AFC Experiments (16.05.2024),2024.1.3,MacIntel,59.88023952,,,,,,,,,,,,,,,,,,,,210.8294,214.0953,2,3.2616,,,,,,AXBstimuli/yyustimulus.wav,Last,,,,,,,,,,,,,,,,,,1,3,7,3,1,,,,,,,,,,,,,,,,,,,,,,,,,,,,,,,,,,,,,,,,,,,,,,,,,,,,,,,,,,,,,,,,,,,,,,,,,,,,,,,,,,,,,,,,,,,,,,,,,,,,,,,,,,,,,,,,,,,,,,,,,,,,,,,,,
,,,,,265808,001,2024-05-22_11h59.52.700,AXB:2AFC Experiments (16.05.2024),2024.1.3,MacIntel,59.88023952,,,,,,,,,,,,,,,,,,,,,,,,,,,,,,,214.0968,215.112,space,1.0049,,,,,,,,,,,,,,,,,,,,,,,,,,,,,,,,,,,,,,,,,,,,,,,,,,,,,,,,,,,,,,,,,,,,,,,,,,,,,,,,,,,,,,,,,,,,,,,,,,,,,,,,,,,,,,,,,,,,,,,,,,,,,,,,,,,,,,,,,,,,,,,,,,,
,,,,,265808,001,2024-05-22_11h59.52.700,AXB:2AFC Experiments (16.05.2024),2024.1.3,MacIntel,59.88023952,,,,,,,,,,,,,,,,,,,,215.1137,219.5486,1,4.4277,,,,,,AXBstimuli/yuustimulus.wav,First,,,,,,,,,,,,,,,,,,,,,,,0,0,0,2,1,,,,,,,,,,,,,,,,,,,,,,,,,,,,,,,,,,,,,,,,,,,,,,,,,,,,,,,,,,,,,,,,,,,,,,,,,,,,,,,,,,,,,,,,,,,,,,,,,,,,,,,,,,,,,,,,,,,,,,,,,,,,
,,,,,265808,001,2024-05-22_11h59.52.700,AXB:2AFC Experiments (16.05.2024),2024.1.3,MacIntel,59.88023952,,,,,,,,,,,,,,,,,,,,219.549,226.245,2,6.6929,,,,,,AXBstimuli/yyustimulus.wav,Last,,,,,,,,,,,,,,,,,,,,,,,0,1,1,3,1,,,,,,,,,,,,,,,,,,,,,,,,,,,,,,,,,,,,,,,,,,,,,,,,,,,,,,,,,,,,,,,,,,,,,,,,,,,,,,,,,,,,,,,,,,,,,,,,,,,,,,,,,,,,,,,,,,,,,,,,,,,,
,,,,,265808,001,2024-05-22_11h59.52.700,AXB:2AFC Experiments (16.05.2024),2024.1.3,MacIntel,59.88023952,,,,,,,,,,,,,,,,,,,,226.2453,229.9438,2,3.6961,,,,,,AXBstimuli/iiystimulus.wav,Last,,,,,,,,,,,,,,,,,,,,,,,0,2,2,0,1,,,,,,,,,,,,,,,,,,,,,,,,,,,,,,,,,,,,,,,,,,,,,,,,,,,,,,,,,,,,,,,,,,,,,,,,,,,,,,,,,,,,,,,,,,,,,,,,,,,,,,,,,,,,,,,,,,,,,,,,,,,,
,,,,,265808,001,2024-05-22_11h59.52.700,AXB:2AFC Experiments (16.05.2024),2024.1.3,MacIntel,59.88023952,,,,,,,,,,,,,,,,,,,,229.9441,233.4605,1,3.513,,,,,,AXBstimuli/iyystimulus.wav,First,,,,,,,,,,,,,,,,,,,,,,,0,3,3,1,1,,,,,,,,,,,,,,,,,,,,,,,,,,,,,,,,,,,,,,,,,,,,,,,,,,,,,,,,,,,,,,,,,,,,,,,,,,,,,,,,,,,,,,,,,,,,,,,,,,,,,,,,,,,,,,,,,,,,,,,,,,,,
,,,,,265808,001,2024-05-22_11h59.52.700,AXB:2AFC Experiments (16.05.2024),2024.1.3,MacIntel,59.88023952,,,,,,,,,,,,,,,,,,,,233.4611,237.5602,1,4.0959,,,,,,AXBstimuli/iyystimulus.wav,First,,,,,,,,,,,,,,,,,,,,,,,1,0,4,1,1,,,,,,,,,,,,,,,,,,,,,,,,,,,,,,,,,,,,,,,,,,,,,,,,,,,,,,,,,,,,,,,,,,,,,,,,,,,,,,,,,,,,,,,,,,,,,,,,,,,,,,,,,,,,,,,,,,,,,,,,,,,,
,,,,,265808,001,2024-05-22_11h59.52.700,AXB:2AFC Experiments (16.05.2024),2024.1.3,MacIntel,59.88023952,,,,,,,,,,,,,,,,,,,,237.5605,240.6267,2,3.0629,,,,,,AXBstimuli/yyustimulus.wav,Last,,,,,,,,,,,,,,,,,,,,,,,1,1,5,3,1,,,,,,,,,,,,,,,,,,,,,,,,,,,,,,,,,,,,,,,,,,,,,,,,,,,,,,,,,,,,,,,,,,,,,,,,,,,,,,,,,,,,,,,,,,,,,,,,,,,,,,,,,,,,,,,,,,,,,,,,,,,,
,,,,,265808,001,2024-05-22_11h59.52.700,AXB:2AFC Experiments (16.05.2024),2024.1.3,MacIntel,59.88023952,,,,,,,,,,,,,,,,,,,,240.6272,244.6943,2,4.0635,,,,,,AXBstimuli/iiystimulus.wav,Last,,,,,,,,,,,,,,,,,,,,,,,1,2,6,0,1,,,,,,,,,,,,,,,,,,,,,,,,,,,,,,,,,,,,,,,,,,,,,,,,,,,,,,,,,,,,,,,,,,,,,,,,,,,,,,,,,,,,,,,,,,,,,,,,,,,,,,,,,,,,,,,,,,,,,,,,,,,,
,,,,,265808,001,2024-05-22_11h59.52.700,AXB:2AFC Experiments (16.05.2024),2024.1.3,MacIntel,59.88023952,,,,,,,,,,,,,,,,,,,,244.6946,247.9107,1,3.2117,,,,,,AXBstimuli/yuustimulus.wav,First,,,,,,,,,,,,,,,,,,,,,,,1,3,7,2,1,,,,,,,,,,,,,,,,,,,,,,,,,,,,,,,,,,,,,,,,,,,,,,,,,,,,,,,,,,,,,,,,,,,,,,,,,,,,,,,,,,,,,,,,,,,,,,,,,,,,,,,,,,,,,,,,,,,,,,,,,,,,
,,,,,265808,001,2024-05-22_11h59.52.700,AXB:2AFC Experiments (16.05.2024),2024.1.3,MacIntel,59.88023952,,,,,,,,,,,,,,,,,,,,247.911,251.3104,1,3.3954,,,,,,AXBstimuli/yuustimulus.wav,First,,,,,,,,,,,,,,,,,,,,,,,2,0,8,2,1,,,,,,,,,,,,,,,,,,,,,,,,,,,,,,,,,,,,,,,,,,,,,,,,,,,,,,,,,,,,,,,,,,,,,,,,,,,,,,,,,,,,,,,,,,,,,,,,,,,,,,,,,,,,,,,,,,,,,,,,,,,,
,,,,,265808,001,2024-05-22_11h59.52.700,AXB:2AFC Experiments (16.05.2024),2024.1.3,MacIntel,59.88023952,,,,,,,,,,,,,,,,,,,,251.3108,254.7604,1,3.4461,,,,,,AXBstimuli/iyystimulus.wav,First,,,,,,,,,,,,,,,,,,,,,,,2,1,9,1,1,,,,,,,,,,,,,,,,,,,,,,,,,,,,,,,,,,,,,,,,,,,,,,,,,,,,,,,,,,,,,,,,,,,,,,,,,,,,,,,,,,,,,,,,,,,,,,,,,,,,,,,,,,,,,,,,,,,,,,,,,,,,
,,,,,265808,001,2024-05-22_11h59.52.700,AXB:2AFC Experiments (16.05.2024),2024.1.3,MacIntel,59.88023952,,,,,,,,,,,,,,,,,,,,254.7611,257.7768,2,3.0122,,,,,,AXBstimuli/iiystimulus.wav,Last,,,,,,,,,,,,,,,,,,,,,,,2,2,10,0,1,,,,,,,,,,,,,,,,,,,,,,,,,,,,,,,,,,,,,,,,,,,,,,,,,,,,,,,,,,,,,,,,,,,,,,,,,,,,,,,,,,,,,,,,,,,,,,,,,,,,,,,,,,,,,,,,,,,,,,,,,,,,
,,,,,265808,001,2024-05-22_11h59.52.700,AXB:2AFC Experiments (16.05.2024),2024.1.3,MacIntel,59.88023952,,,,,,,,,,,,,,,,,,,,257.7772,262.21,2,4.4286,,,,,,AXBstimuli/yyustimulus.wav,Last,,,,,,,,,,,,,,,,,,,,,,,2,3,11,3,1,,,,,,,,,,,,,,,,,,,,,,,,,,,,,,,,,,,,,,,,,,,,,,,,,,,,,,,,,,,,,,,,,,,,,,,,,,,,,,,,,,,,,,,,,,,,,,,,,,,,,,,,,,,,,,,,,,,,,,,,,,,,
,,,,,265808,001,2024-05-22_11h59.52.700,AXB:2AFC Experiments (16.05.2024),2024.1.3,MacIntel,59.88023952,,,,,,,,,,,,,,,,,,,,262.2104,267.0598,1,4.8459,,,,,,AXBstimuli/yuustimulus.wav,First,,,,,,,,,,,,,,,,,,,,,,,3,0,12,2,1,,,,,,,,,,,,,,,,,,,,,,,,,,,,,,,,,,,,,,,,,,,,,,,,,,,,,,,,,,,,,,,,,,,,,,,,,,,,,,,,,,,,,,,,,,,,,,,,,,,,,,,,,,,,,,,,,,,,,,,,,,,,
,,,,,265808,001,2024-05-22_11h59.52.700,AXB:2AFC Experiments (16.05.2024),2024.1.3,MacIntel,59.88023952,,,,,,,,,,,,,,,,,,,,267.0604,273.3769,2,6.3113,,,,,,AXBstimuli/iiystimulus.wav,Last,,,,,,,,,,,,,,,,,,,,,,,3,1,13,0,1,,,,,,,,,,,,,,,,,,,,,,,,,,,,,,,,,,,,,,,,,,,,,,,,,,,,,,,,,,,,,,,,,,,,,,,,,,,,,,,,,,,,,,,,,,,,,,,,,,,,,,,,,,,,,,,,,,,,,,,,,,,,
,,,,,265808,001,2024-05-22_11h59.52.700,AXB:2AFC Experiments (16.05.2024),2024.1.3,MacIntel,59.88023952,,,,,,,,,,,,,,,,,,,,273.3775,276.8098,2,3.4287,,,,,,AXBstimuli/yyustimulus.wav,Last,,,,,,,,,,,,,,,,,,,,,,,3,2,14,3,1,,,,,,,,,,,,,,,,,,,,,,,,,,,,,,,,,,,,,,,,,,,,,,,,,,,,,,,,,,,,,,,,,,,,,,,,,,,,,,,,,,,,,,,,,,,,,,,,,,,,,,,,,,,,,,,,,,,,,,,,,,,,
,,,,,265808,001,2024-05-22_11h59.52.700,AXB:2AFC Experiments (16.05.2024),2024.1.3,MacIntel,59.88023952,,,,,,,,,,,,,,,,,,,,276.8102,280.2754,1,3.4624,,,,,,AXBstimuli/iyystimulus.wav,First,,,,,,,,,,,,,,,,,,,,,,,3,3,15,1,1,,,,,,,,,,,,,,,,,,,,,,,,,,,,,,,,,,,,,,,,,,,,,,,,,,,,,,,,,,,,,,,,,,,,,,,,,,,,,,,,,,,,,,,,,,,,,,,,,,,,,,,,,,,,,,,,,,,,,,,,,,,,
,,,,,265808,001,2024-05-22_11h59.52.700,AXB:2AFC Experiments (16.05.2024),2024.1.3,MacIntel,59.88023952,,,,,,,,,,,,,,,,,,,,,,,,,,,,,,,,,,,,,,,,,,,,,,,,,,,,,,,,,,280.2762,281.7769,,0,[281.7931999999881],[281.7931999999881],,,,,,,,,,,,,,,,,,,,,,,,,,,,,,,,,,,,,,,,,,,,,,,,,,,,,,,,,,,,,,,,,,,,,,,,,,,,,,,,,,,,,,,,,,,,,,,,,,,,,,,,,,,,,,,,,,,,,,
,,,,,265808,001,2024-05-22_11h59.52.700,AXB:2AFC Experiments (16.05.2024),2024.1.3,MacIntel,59.88023952,,,,,,,,,,,,,,,,,,,,281.7809,291.8414,1,10.0569,,,,,,AXBstimuli/yyustimulus.wav,Last,,,,,,,,,,,,,,,,,,,,,,,,,,,,,,,,,,0,0,0,3,1,,,,,,,,,,,,,,,,,,,,,,,,,,,,,,,,,,,,,,,,,,,,,,,,,,,,,,,,,,,,,,,,,,,,,,,,,,,,,,,,,,,,,,,,,,,,,,,,,,,,,,,,,,,,,,,,,
,,,,,265808,001,2024-05-22_11h59.52.700,AXB:2AFC Experiments (16.05.2024),2024.1.3,MacIntel,59.88023952,,,,,,,,,,,,,,,,,,,,291.8423,296.0924,2,4.2459,,,,,,AXBstimuli/iiystimulus.wav,Last,,,,,,,,,,,,,,,,,,,,,,,,,,,,,,,,,,0,1,1,0,1,,,,,,,,,,,,,,,,,,,,,,,,,,,,,,,,,,,,,,,,,,,,,,,,,,,,,,,,,,,,,,,,,,,,,,,,,,,,,,,,,,,,,,,,,,,,,,,,,,,,,,,,,,,,,,,,,
,,,,,265808,001,2024-05-22_11h59.52.700,AXB:2AFC Experiments (16.05.2024),2024.1.3,MacIntel,59.88023952,,,,,,,,,,,,,,,,,,,,296.0928,300.8089,1,4.7115,,,,,,AXBstimuli/iyystimulus.wav,First,,,,,,,,,,,,,,,,,,,,,,,,,,,,,,,,,,0,2,2,1,1,,,,,,,,,,,,,,,,,,,,,,,,,,,,,,,,,,,,,,,,,,,,,,,,,,,,,,,,,,,,,,,,,,,,,,,,,,,,,,,,,,,,,,,,,,,,,,,,,,,,,,,,,,,,,,,,,
,,,,,265808,001,2024-05-22_11h59.52.700,AXB:2AFC Experiments (16.05.2024),2024.1.3,MacIntel,59.88023952,,,,,,,,,,,,,,,,,,,,300.8091,304.2588,1,3.4451,,,,,,AXBstimuli/yuustimulus.wav,First,,,,,,,,,,,,,,,,,,,,,,,,,,,,,,,,,,0,3,3,2,1,,,,,,,,,,,,,,,,,,,,,,,,,,,,,,,,,,,,,,,,,,,,,,,,,,,,,,,,,,,,,,,,,,,,,,,,,,,,,,,,,,,,,,,,,,,,,,,,,,,,,,,,,,,,,,,,,
,,,,,265808,001,2024-05-22_11h59.52.700,AXB:2AFC Experiments (16.05.2024),2024.1.3,MacIntel,59.88023952,,,,,,,,,,,,,,,,,,,,,,,,,,,,,,,304.2593,305.5081,space,1.234,,,,,,,,,,,,,,,,,,,,,,,,,,,,,,,,,,,,,,,,,,,,,,,,,,,,,,,,,,,,,,,,,,,,,,,,,,,,,,,,,,,,,,,,,,,,,,,,,,,,,,,,,,,,,,,,,,,,,,,,,,,,,,,,,,,,,,,,,,,,,,,,,,,
,,,,,265808,001,2024-05-22_11h59.52.700,AXB:2AFC Experiments (16.05.2024),2024.1.3,MacIntel,59.88023952,,,,,,,,,,,,,,,,,,,,305.5127,309.6252,2,4.109,,,,,,AXBstimuli/yyustimulus.wav,Last,,,,,,,,,,,,,,,,,,,,,,,,,,,,,,,,,,,,,,,0,0,0,3,1,,,,,,,,,,,,,,,,,,,,,,,,,,,,,,,,,,,,,,,,,,,,,,,,,,,,,,,,,,,,,,,,,,,,,,,,,,,,,,,,,,,,,,,,,,,,,,,,,,,,,,,,,,,,
,,,,,265808,001,2024-05-22_11h59.52.700,AXB:2AFC Experiments (16.05.2024),2024.1.3,MacIntel,59.88023952,,,,,,,,,,,,,,,,,,,,309.626,316.725,1,7.0944,,,,,,AXBstimuli/iyystimulus.wav,First,,,,,,,,,,,,,,,,,,,,,,,,,,,,,,,,,,,,,,,0,1,1,1,1,,,,,,,,,,,,,,,,,,,,,,,,,,,,,,,,,,,,,,,,,,,,,,,,,,,,,,,,,,,,,,,,,,,,,,,,,,,,,,,,,,,,,,,,,,,,,,,,,,,,,,,,,,,,
,,,,,265808,001,2024-05-22_11h59.52.700,AXB:2AFC Experiments (16.05.2024),2024.1.3,MacIntel,59.88023952,,,,,,,,,,,,,,,,,,,,316.7254,319.8738,1,3.1446,,,,,,AXBstimuli/yuustimulus.wav,First,,,,,,,,,,,,,,,,,,,,,,,,,,,,,,,,,,,,,,,0,2,2,2,1,,,,,,,,,,,,,,,,,,,,,,,,,,,,,,,,,,,,,,,,,,,,,,,,,,,,,,,,,,,,,,,,,,,,,,,,,,,,,,,,,,,,,,,,,,,,,,,,,,,,,,,,,,,,
,,,,,265808,001,2024-05-22_11h59.52.700,AXB:2AFC Experiments (16.05.2024),2024.1.3,MacIntel,59.88023952,,,,,,,,,,,,,,,,,,,,319.8741,324.4579,2,4.5796,,,,,,AXBstimuli/iiystimulus.wav,Last,,,,,,,,,,,,,,,,,,,,,,,,,,,,,,,,,,,,,,,0,3,3,0,1,,,,,,,,,,,,,,,,,,,,,,,,,,,,,,,,,,,,,,,,,,,,,,,,,,,,,,,,,,,,,,,,,,,,,,,,,,,,,,,,,,,,,,,,,,,,,,,,,,,,,,,,,,,,
,,,,,265808,001,2024-05-22_11h59.52.700,AXB:2AFC Experiments (16.05.2024),2024.1.3,MacIntel,59.88023952,,,,,,,,,,,,,,,,,,,,324.4583,329.3407,2,4.8785,,,,,,AXBstimuli/iiystimulus.wav,Last,,,,,,,,,,,,,,,,,,,,,,,,,,,,,,,,,,,,,,,1,0,4,0,1,,,,,,,,,,,,,,,,,,,,,,,,,,,,,,,,,,,,,,,,,,,,,,,,,,,,,,,,,,,,,,,,,,,,,,,,,,,,,,,,,,,,,,,,,,,,,,,,,,,,,,,,,,,,
,,,,,265808,001,2024-05-22_11h59.52.700,AXB:2AFC Experiments (16.05.2024),2024.1.3,MacIntel,59.88023952,,,,,,,,,,,,,,,,,,,,329.341,333.3071,1,3.9622,,,,,,AXBstimuli/iyystimulus.wav,First,,,,,,,,,,,,,,,,,,,,,,,,,,,,,,,,,,,,,,,1,1,5,1,1,,,,,,,,,,,,,,,,,,,,,,,,,,,,,,,,,,,,,,,,,,,,,,,,,,,,,,,,,,,,,,,,,,,,,,,,,,,,,,,,,,,,,,,,,,,,,,,,,,,,,,,,,,,,
,,,,,265808,001,2024-05-22_11h59.52.700,AXB:2AFC Experiments (16.05.2024),2024.1.3,MacIntel,59.88023952,,,,,,,,,,,,,,,,,,,,333.3076,336.1736,1,2.8629,,,,,,AXBstimuli/yuustimulus.wav,First,,,,,,,,,,,,,,,,,,,,,,,,,,,,,,,,,,,,,,,1,2,6,2,1,,,,,,,,,,,,,,,,,,,,,,,,,,,,,,,,,,,,,,,,,,,,,,,,,,,,,,,,,,,,,,,,,,,,,,,,,,,,,,,,,,,,,,,,,,,,,,,,,,,,,,,,,,,,
,,,,,265808,001,2024-05-22_11h59.52.700,AXB:2AFC Experiments (16.05.2024),2024.1.3,MacIntel,59.88023952,,,,,,,,,,,,,,,,,,,,336.1741,340.1911,2,4.0123,,,,,,AXBstimuli/yyustimulus.wav,Last,,,,,,,,,,,,,,,,,,,,,,,,,,,,,,,,,,,,,,,1,3,7,3,1,,,,,,,,,,,,,,,,,,,,,,,,,,,,,,,,,,,,,,,,,,,,,,,,,,,,,,,,,,,,,,,,,,,,,,,,,,,,,,,,,,,,,,,,,,,,,,,,,,,,,,,,,,,,
,,,,,265808,001,2024-05-22_11h59.52.700,AXB:2AFC Experiments (16.05.2024),2024.1.3,MacIntel,59.88023952,,,,,,,,,,,,,,,,,,,,,,,,,,,,,,,,,,,,,,,,,,,,,,,,,,,,,,,,,,,,,,,,,,,,,,,,,,340.1918,343.5405,1,3.3451,,,,,,,,,,,,,,,,,,,,,,,,,,,,,,,,,,,,,,,,,,,,,,,,,,,,,,,,,,,,,,,,,,,,,,,,,,,,,,,,,,,,,,,,,,,,,,,,,,,,,,,,
,,,,,265808,001,2024-05-22_11h59.52.700,AXB:2AFC Experiments (16.05.2024),2024.1.3,MacIntel,59.88023952,,,,,,,,,,,,,,,,,,,,343.5451,349.2236,2,5.6742,,,,,,AXBstimuli/yyustimulus.wav,Last,,,,,,,,,,,,,,,,,,,,,,,,,,,,,,,,,,,,,,,,,,,,,,,,0,0,0,3,1,,,,,,,,,,,,,,,,,,,,,,,,,,,,,,,,,,,,,,,,,,,,,,,,,,,,,,,,,,,,,,,,,,,,,,,,,,,,,,,,,,,,,,,,,,,,,,,,,,,
,,,,,265808,001,2024-05-22_11h59.52.700,AXB:2AFC Experiments (16.05.2024),2024.1.3,MacIntel,59.88023952,,,,,,,,,,,,,,,,,,,,349.2239,354.2393,1,5.0127,,,,,,AXBstimuli/iyystimulus.wav,First,,,,,,,,,,,,,,,,,,,,,,,,,,,,,,,,,,,,,,,,,,,,,,,,0,1,1,1,1,,,,,,,,,,,,,,,,,,,,,,,,,,,,,,,,,,,,,,,,,,,,,,,,,,,,,,,,,,,,,,,,,,,,,,,,,,,,,,,,,,,,,,,,,,,,,,,,,,,
,,,,,265808,001,2024-05-22_11h59.52.700,AXB:2AFC Experiments (16.05.2024),2024.1.3,MacIntel,59.88023952,,,,,,,,,,,,,,,,,,,,354.2396,357.9235,1,3.6795,,,,,,AXBstimuli/yuustimulus.wav,First,,,,,,,,,,,,,,,,,,,,,,,,,,,,,,,,,,,,,,,,,,,,,,,,0,2,2,2,1,,,,,,,,,,,,,,,,,,,,,,,,,,,,,,,,,,,,,,,,,,,,,,,,,,,,,,,,,,,,,,,,,,,,,,,,,,,,,,,,,,,,,,,,,,,,,,,,,,,
,,,,,265808,001,2024-05-22_11h59.52.700,AXB:2AFC Experiments (16.05.2024),2024.1.3,MacIntel,59.88023952,,,,,,,,,,,,,,,,,,,,357.924,361.1566,2,3.2284,,,,,,AXBstimuli/iiystimulus.wav,Last,,,,,,,,,,,,,,,,,,,,,,,,,,,,,,,,,,,,,,,,,,,,,,,,0,3,3,0,1,,,,,,,,,,,,,,,,,,,,,,,,,,,,,,,,,,,,,,,,,,,,,,,,,,,,,,,,,,,,,,,,,,,,,,,,,,,,,,,,,,,,,,,,,,,,,,,,,,,
,,,,,265808,001,2024-05-22_11h59.52.700,AXB:2AFC Experiments (16.05.2024),2024.1.3,MacIntel,59.88023952,,,,,,,,,,,,,,,,,,,,361.157,366.7897,1,5.6295,,,,,,AXBstimuli/iyystimulus.wav,First,,,,,,,,,,,,,,,,,,,,,,,,,,,,,,,,,,,,,,,,,,,,,,,,1,0,4,1,1,,,,,,,,,,,,,,,,,,,,,,,,,,,,,,,,,,,,,,,,,,,,,,,,,,,,,,,,,,,,,,,,,,,,,,,,,,,,,,,,,,,,,,,,,,,,,,,,,,,
,,,,,265808,001,2024-05-22_11h59.52.700,AXB:2AFC Experiments (16.05.2024),2024.1.3,MacIntel,59.88023952,,,,,,,,,,,,,,,,,,,,366.7901,369.2229,2,2.4284,,,,,,AXBstimuli/iiystimulus.wav,Last,,,,,,,,,,,,,,,,,,,,,,,,,,,,,,,,,,,,,,,,,,,,,,,,1,1,5,0,1,,,,,,,,,,,,,,,,,,,,,,,,,,,,,,,,,,,,,,,,,,,,,,,,,,,,,,,,,,,,,,,,,,,,,,,,,,,,,,,,,,,,,,,,,,,,,,,,,,,
,,,,,265808,001,2024-05-22_11h59.52.700,AXB:2AFC Experiments (16.05.2024),2024.1.3,MacIntel,59.88023952,,,,,,,,,,,,,,,,,,,,369.2232,377.7227,2,8.4954,,,,,,AXBstimuli/yyustimulus.wav,Last,,,,,,,,,,,,,,,,,,,,,,,,,,,,,,,,,,,,,,,,,,,,,,,,1,2,6,3,1,,,,,,,,,,,,,,,,,,,,,,,,,,,,,,,,,,,,,,,,,,,,,,,,,,,,,,,,,,,,,,,,,,,,,,,,,,,,,,,,,,,,,,,,,,,,,,,,,,,
,,,,,265808,001,2024-05-22_11h59.52.700,AXB:2AFC Experiments (16.05.2024),2024.1.3,MacIntel,59.88023952,,,,,,,,,,,,,,,,,,,,377.7231,386.0224,2,8.2951,,,,,,AXBstimuli/yuustimulus.wav,First,,,,,,,,,,,,,,,,,,,,,,,,,,,,,,,,,,,,,,,,,,,,,,,,1,3,7,2,1,,,,,,,,,,,,,,,,,,,,,,,,,,,,,,,,,,,,,,,,,,,,,,,,,,,,,,,,,,,,,,,,,,,,,,,,,,,,,,,,,,,,,,,,,,,,,,,,,,,
,,,,,265808,001,2024-05-22_11h59.52.700,AXB:2AFC Experiments (16.05.2024),2024.1.3,MacIntel,59.88023952,,,,,,,,,,,,,,,,,,,,386.023,389.839,1,3.8129,,,,,,AXBstimuli/yuustimulus.wav,First,,,,,,,,,,,,,,,,,,,,,,,,,,,,,,,,,,,,,,,,,,,,,,,,2,0,8,2,1,,,,,,,,,,,,,,,,,,,,,,,,,,,,,,,,,,,,,,,,,,,,,,,,,,,,,,,,,,,,,,,,,,,,,,,,,,,,,,,,,,,,,,,,,,,,,,,,,,,
,,,,,265808,001,2024-05-22_11h59.52.700,AXB:2AFC Experiments (16.05.2024),2024.1.3,MacIntel,59.88023952,,,,,,,,,,,,,,,,,,,,389.8394,394.4886,2,4.6448,,,,,,AXBstimuli/yyustimulus.wav,Last,,,,,,,,,,,,,,,,,,,,,,,,,,,,,,,,,,,,,,,,,,,,,,,,2,1,9,3,1,,,,,,,,,,,,,,,,,,,,,,,,,,,,,,,,,,,,,,,,,,,,,,,,,,,,,,,,,,,,,,,,,,,,,,,,,,,,,,,,,,,,,,,,,,,,,,,,,,,
,,,,,265808,001,2024-05-22_11h59.52.700,AXB:2AFC Experiments (16.05.2024),2024.1.3,MacIntel,59.88023952,,,,,,,,,,,,,,,,,,,,394.489,398.5219,1,4.0292,,,,,,AXBstimuli/iyystimulus.wav,First,,,,,,,,,,,,,,,,,,,,,,,,,,,,,,,,,,,,,,,,,,,,,,,,2,2,10,1,1,,,,,,,,,,,,,,,,,,,,,,,,,,,,,,,,,,,,,,,,,,,,,,,,,,,,,,,,,,,,,,,,,,,,,,,,,,,,,,,,,,,,,,,,,,,,,,,,,,,
,,,,,265808,001,2024-05-22_11h59.52.700,AXB:2AFC Experiments (16.05.2024),2024.1.3,MacIntel,59.88023952,,,,,,,,,,,,,,,,,,,,398.5222,401.8383,2,3.3124,,,,,,AXBstimuli/iiystimulus.wav,Last,,,,,,,,,,,,,,,,,,,,,,,,,,,,,,,,,,,,,,,,,,,,,,,,2,3,11,0,1,,,,,,,,,,,,,,,,,,,,,,,,,,,,,,,,,,,,,,,,,,,,,,,,,,,,,,,,,,,,,,,,,,,,,,,,,,,,,,,,,,,,,,,,,,,,,,,,,,,
,,,,,265808,001,2024-05-22_11h59.52.700,AXB:2AFC Experiments (16.05.2024),2024.1.3,MacIntel,59.88023952,,,,,,,,,,,,,,,,,,,,,,,,,,,,,,,,,,,,,,,,,,,,,,,,,,,,,,,,,,,,,,,,,,,,,,,,,,,,,,,,,,,401.8392,414.3556,space,12.4902,,,,,,,,,,,,,,,,,,,,,,,,,,,,,,,,,,,,,,,,,,,,,,,,,,,,,,,,,,,,,,,,,,,,,,,,,,,,,,,,,,,,,,,,,,,,,,,
,,,,,265808,001,2024-05-22_11h59.52.700,AXB:2AFC Experiments (16.05.2024),2024.1.3,MacIntel,59.88023952,,,,,,,,,,,,,,,,,,,,,,,,,,,,,,,,,,,,,,,,,,,,,,,,,,,,,,,,,,,,,,,,,,,,,,,,,,,,,,,,,,,,,,,,414.365,418.1884,1,3.8192,0,0,0,1,1,TAFCstimuli01/nimnym002.wav,,,,,,,,,,,,,,,,,,,,,,,,,,,,,,,,,,,,,,,,,,,,,,,,,,,,,,,,,,,,,,,,,,,,,,,,,,,,,,,,,,,,
,,,,,265808,001,2024-05-22_11h59.52.700,AXB:2AFC Experiments (16.05.2024),2024.1.3,MacIntel,59.88023952,,,,,,,,,,,,,,,,,,,,,,,,,,,,,,,,,,,,,,,,,,,,,,,,,,,,,,,,,,,,,,,,,,,,,,,,,,,,,,,,,,,,,,,,418.1892,420.3878,1,2.1938,0,1,1,2,1,TAFCstimuli01/nimnym003.wav,,,,,,,,,,,,,,,,,,,,,,,,,,,,,,,,,,,,,,,,,,,,,,,,,,,,,,,,,,,,,,,,,,,,,,,,,,,,,,,,,,,,
,,,,,265808,001,2024-05-22_11h59.52.700,AXB:2AFC Experiments (16.05.2024),2024.1.3,MacIntel,59.88023952,,,,,,,,,,,,,,,,,,,,,,,,,,,,,,,,,,,,,,,,,,,,,,,,,,,,,,,,,,,,,,,,,,,,,,,,,,,,,,,,,,,,,,,,420.388,425.0376,2,4.6462,0,2,2,3,1,TAFCstimuli01/nimnym004.wav,,,,,,,,,,,,,,,,,,,,,,,,,,,,,,,,,,,,,,,,,,,,,,,,,,,,,,,,,,,,,,,,,,,,,,,,,,,,,,,,,,,,
,,,,,265808,001,2024-05-22_11h59.52.700,AXB:2AFC Experiments (16.05.2024),2024.1.3,MacIntel,59.88023952,,,,,,,,,,,,,,,,,,,,,,,,,,,,,,,,,,,,,,,,,,,,,,,,,,,,,,,,,,,,,,,,,,,,,,,,,,,,,,,,,,,,,,,,425.038,427.7211,1,2.6792,0,3,3,0,1,TAFCstimuli01/nimnym001.wav,,,,,,,,,,,,,,,,,,,,,,,,,,,,,,,,,,,,,,,,,,,,,,,,,,,,,,,,,,,,,,,,,,,,,,,,,,,,,,,,,,,,
,,,,,265808,001,2024-05-22_11h59.52.700,AXB:2AFC Experiments (16.05.2024),2024.1.3,MacIntel,59.88023952,,,,,,,,,,,,,,,,,,,,,,,,,,,,,,,,,,,,,,,,,,,,,,,,,,,,,,,,,,,,,,,,,,,,,,,,,,,,,,,,,,,,,,,,,,,,,,,,,,427.7217,430.7881,2,3.0613,,,,,,,,,,,,,,,,,,,,,,,,,,,,,,,,,,,,,,,,,,,,,,,,,,,,,,,,,,,,,,,,,,,,,,,,,,,,,,,,
,,,,,265808,001,2024-05-22_11h59.52.700,AXB:2AFC Experiments (16.05.2024),2024.1.3,MacIntel,59.88023952,,,,,,,,,,,,,,,,,,,,,,,,,,,,,,,,,,,,,,,,,,,,,,,,,,,,,,,,,,,,,,,,,,,,,,,,,,,,,,,,,,,,,,,,,,,,,,,,,,,,,,430.7883,438.8878,space,8.072,,,,,,,,,,,,,,,,,,,,,,,,,,,,,,,,,,,,,,,,,,,,,,,,,,,,,,,,,,,,,,,,,,,,,,,,,,,,
,,,,,265808,001,2024-05-22_11h59.52.700,AXB:2AFC Experiments (16.05.2024),2024.1.3,MacIntel,59.88023952,,,,,,,,,,,,,,,,,,,,,,,,,,,,,,nim,,,,,,,,,,,,,,,,,,,,,,,,,,,,,,,,,,,,,,,,,,,,,,,,,,,,,,,,,,,,,,,,,,,,,,,,,,,,,438.896,448.9704,2,10.0705,0,0,0,2,1,TAFCstimuli01/nimnym003.wav,,,,,,,,,,,,,,,,,,,,,,,,,,,,,,,,,,,,,,,,,,,,,,,,,,,,,,,,,,,,,,,,,
,,,,,265808,001,2024-05-22_11h59.52.700,AXB:2AFC Experiments (16.05.2024),2024.1.3,MacIntel,59.88023952,,,,,,,,,,,,,,,,,,,,,,,,,,,,,,nym,,,,,,,,,,,,,,,,,,,,,,,,,,,,,,,,,,,,,,,,,,,,,,,,,,,,,,,,,,,,,,,,,,,,,,,,,,,,,448.9709,450.9862,2,2.0116,0,1,1,4,1,TAFCstimuli01/nimnym005.wav,,,,,,,,,,,,,,,,,,,,,,,,,,,,,,,,,,,,,,,,,,,,,,,,,,,,,,,,,,,,,,,,,
,,,,,265808,001,2024-05-22_11h59.52.700,AXB:2AFC Experiments (16.05.2024),2024.1.3,MacIntel,59.88023952,,,,,,,,,,,,,,,,,,,,,,,,,,,,,,/,,,,,,,,,,,,,,,,,,,,,,,,,,,,,,,,,,,,,,,,,,,,,,,,,,,,,,,,,,,,,,,,,,,,,,,,,,,,,450.9865,452.7198,2,1.7298,0,2,2,3,1,TAFCstimuli01/nimnym004.wav,,,,,,,,,,,,,,,,,,,,,,,,,,,,,,,,,,,,,,,,,,,,,,,,,,,,,,,,,,,,,,,,,
,,,,,265808,001,2024-05-22_11h59.52.700,AXB:2AFC Experiments (16.05.2024),2024.1.3,MacIntel,59.88023952,,,,,,,,,,,,,,,,,,,,,,,,,,,,,,nym,,,,,,,,,,,,,,,,,,,,,,,,,,,,,,,,,,,,,,,,,,,,,,,,,,,,,,,,,,,,,,,,,,,,,,,,,,,,,452.7202,454.3568,2,1.6359,0,3,3,5,1,TAFCstimuli01/nimnym006.wav,,,,,,,,,,,,,,,,,,,,,,,,,,,,,,,,,,,,,,,,,,,,,,,,,,,,,,,,,,,,,,,,,
,,,,,265808,001,2024-05-22_11h59.52.700,AXB:2AFC Experiments (16.05.2024),2024.1.3,MacIntel,59.88023952,,,,,,,,,,,,,,,,,,,,,,,,,,,,,,nim,,,,,,,,,,,,,,,,,,,,,,,,,,,,,,,,,,,,,,,,,,,,,,,,,,,,,,,,,,,,,,,,,,,,,,,,,,,,,454.3569,456.17,1,1.8086,0,4,4,1,1,TAFCstimuli01/nimnym002.wav,,,,,,,,,,,,,,,,,,,,,,,,,,,,,,,,,,,,,,,,,,,,,,,,,,,,,,,,,,,,,,,,,
,,,,,265808,001,2024-05-22_11h59.52.700,AXB:2AFC Experiments (16.05.2024),2024.1.3,MacIntel,59.88023952,,,,,,,,,,,,,,,,,,,,,,,,,,,,,,nim,,,,,,,,,,,,,,,,,,,,,,,,,,,,,,,,,,,,,,,,,,,,,,,,,,,,,,,,,,,,,,,,,,,,,,,,,,,,,456.1708,457.8524,1,1.6777,0,5,5,0,1,TAFCstimuli01/nimnym001.wav,,,,,,,,,,,,,,,,,,,,,,,,,,,,,,,,,,,,,,,,,,,,,,,,,,,,,,,,,,,,,,,,,
,,,,,265808,001,2024-05-22_11h59.52.700,AXB:2AFC Experiments (16.05.2024),2024.1.3,MacIntel,59.88023952,,,,,,,,,,,,,,,,,,,,,,,,,,,,,,nym,,,,,,,,,,,,,,,,,,,,,,,,,,,,,,,,,,,,,,,,,,,,,,,,,,,,,,,,,,,,,,,,,,,,,,,,,,,,,457.8526,459.6077,2,1.7545,0,6,6,6,1,TAFCstimuli01/nimnym007.wav,,,,,,,,,,,,,,,,,,,,,,,,,,,,,,,,,,,,,,,,,,,,,,,,,,,,,,,,,,,,,,,,,
,,,,,265808,001,2024-05-22_11h59.52.700,AXB:2AFC Experiments (16.05.2024),2024.1.3,MacIntel,59.88023952,,,,,,,,,,,,,,,,,,,,,,,,,,,,,,nym,,,,,,,,,,,,,,,,,,,,,,,,,,,,,,,,,,,,,,,,,,,,,,,,,,,,,,,,,,,,,,,,,,,,,,,,,,,,,459.6078,460.9688,2,1.3582,1,0,7,4,1,TAFCstimuli01/nimnym005.wav,,,,,,,,,,,,,,,,,,,,,,,,,,,,,,,,,,,,,,,,,,,,,,,,,,,,,,,,,,,,,,,,,
,,,,,265808,001,2024-05-22_11h59.52.700,AXB:2AFC Experiments (16.05.2024),2024.1.3,MacIntel,59.88023952,,,,,,,,,,,,,,,,,,,,,,,,,,,,,,nym,,,,,,,,,,,,,,,,,,,,,,,,,,,,,,,,,,,,,,,,,,,,,,,,,,,,,,,,,,,,,,,,,,,,,,,,,,,,,460.9692,462.2529,2,1.2792,1,1,8,5,1,TAFCstimuli01/nimnym006.wav,,,,,,,,,,,,,,,,,,,,,,,,,,,,,,,,,,,,,,,,,,,,,,,,,,,,,,,,,,,,,,,,,
,,,,,265808,001,2024-05-22_11h59.52.700,AXB:2AFC Experiments (16.05.2024),2024.1.3,MacIntel,59.88023952,,,,,,,,,,,,,,,,,,,,,,,,,,,,,,/,,,,,,,,,,,,,,,,,,,,,,,,,,,,,,,,,,,,,,,,,,,,,,,,,,,,,,,,,,,,,,,,,,,,,,,,,,,,,462.2532,463.8853,2,1.6287,1,2,9,3,1,TAFCstimuli01/nimnym004.wav,,,,,,,,,,,,,,,,,,,,,,,,,,,,,,,,,,,,,,,,,,,,,,,,,,,,,,,,,,,,,,,,,
,,,,,265808,001,2024-05-22_11h59.52.700,AXB:2AFC Experiments (16.05.2024),2024.1.3,MacIntel,59.88023952,,,,,,,,,,,,,,,,,,,,,,,,,,,,,,nym,,,,,,,,,,,,,,,,,,,,,,,,,,,,,,,,,,,,,,,,,,,,,,,,,,,,,,,,,,,,,,,,,,,,,,,,,,,,,463.8855,465.5695,2,1.6798,1,3,10,6,1,TAFCstimuli01/nimnym007.wav,,,,,,,,,,,,,,,,,,,,,,,,,,,,,,,,,,,,,,,,,,,,,,,,,,,,,,,,,,,,,,,,,
,,,,,265808,001,2024-05-22_11h59.52.700,AXB:2AFC Experiments (16.05.2024),2024.1.3,MacIntel,59.88023952,,,,,,,,,,,,,,,,,,,,,,,,,,,,,,nim,,,,,,,,,,,,,,,,,,,,,,,,,,,,,,,,,,,,,,,,,,,,,,,,,,,,,,,,,,,,,,,,,,,,,,,,,,,,,465.57,467.2192,1,1.6448,1,4,11,0,1,TAFCstimuli01/nimnym001.wav,,,,,,,,,,,,,,,,,,,,,,,,,,,,,,,,,,,,,,,,,,,,,,,,,,,,,,,,,,,,,,,,,
,,,,,265808,001,2024-05-22_11h59.52.700,AXB:2AFC Experiments (16.05.2024),2024.1.3,MacIntel,59.88023952,,,,,,,,,,,,,,,,,,,,,,,,,,,,,,nim,,,,,,,,,,,,,,,,,,,,,,,,,,,,,,,,,,,,,,,,,,,,,,,,,,,,,,,,,,,,,,,,,,,,,,,,,,,,,467.2195,468.7025,1,1.4798,1,5,12,1,1,TAFCstimuli01/nimnym002.wav,,,,,,,,,,,,,,,,,,,,,,,,,,,,,,,,,,,,,,,,,,,,,,,,,,,,,,,,,,,,,,,,,
,,,,,265808,001,2024-05-22_11h59.52.700,AXB:2AFC Experiments (16.05.2024),2024.1.3,MacIntel,59.88023952,,,,,,,,,,,,,,,,,,,,,,,,,,,,,,nim,,,,,,,,,,,,,,,,,,,,,,,,,,,,,,,,,,,,,,,,,,,,,,,,,,,,,,,,,,,,,,,,,,,,,,,,,,,,,468.7028,470.0859,1,1.3788,1,6,13,2,1,TAFCstimuli01/nimnym003.wav,,,,,,,,,,,,,,,,,,,,,,,,,,,,,,,,,,,,,,,,,,,,,,,,,,,,,,,,,,,,,,,,,
,,,,,265808,001,2024-05-22_11h59.52.700,AXB:2AFC Experiments (16.05.2024),2024.1.3,MacIntel,59.88023952,,,,,,,,,,,,,,,,,,,,,,,,,,,,,,,,,,,,,,,,,,,,,,,,,,,,,,,,,,,,,,,,,,,,,,,,,,,,,,,,,,,,,,,,,,,,,,,,,,,,,,,,,,,,,,,,,,,,,470.0864,473.5033,2,3.412,,,,,,,,,,,,,,,,,,,,,,,,,,,,,,,,,,,,,,,,,,,,,,,,,,,,,,,,,,,,,
,,,,,265808,001,2024-05-22_11h59.52.700,AXB:2AFC Experiments (16.05.2024),2024.1.3,MacIntel,59.88023952,,,,,,,,,,,,,,,,,,,,,,,,,,,,,,nim,,,,,,,,,,,,,,,,,,,,,,,,,,,,,,,,,,,,,,,,,,,,,,,,,,,,,,,,,,,,,,,,,,,,,,,,,,,,,473.5117,476.0023,1,2.4875,,,,,,TAFCstimuli01/nimnym001.wav,,,,,,0,0,0,0,1,,,,,,,,,,,,,,,,,,,,,,,,,,,,,,,,,,,,,,,,,,,,,,,,,,,,,,,
,,,,,265808,001,2024-05-22_11h59.52.700,AXB:2AFC Experiments (16.05.2024),2024.1.3,MacIntel,59.88023952,,,,,,,,,,,,,,,,,,,,,,,,,,,,,,nym,,,,,,,,,,,,,,,,,,,,,,,,,,,,,,,,,,,,,,,,,,,,,,,,,,,,,,,,,,,,,,,,,,,,,,,,,,,,,476.0028,477.9024,2,1.8953,,,,,,TAFCstimuli01/nimnym005.wav,,,,,,0,1,1,4,1,,,,,,,,,,,,,,,,,,,,,,,,,,,,,,,,,,,,,,,,,,,,,,,,,,,,,,,
,,,,,265808,001,2024-05-22_11h59.52.700,AXB:2AFC Experiments (16.05.2024),2024.1.3,MacIntel,59.88023952,,,,,,,,,,,,,,,,,,,,,,,,,,,,,,nim,,,,,,,,,,,,,,,,,,,,,,,,,,,,,,,,,,,,,,,,,,,,,,,,,,,,,,,,,,,,,,,,,,,,,,,,,,,,,477.9028,479.5688,1,1.6624,,,,,,TAFCstimuli01/nimnym002.wav,,,,,,0,2,2,1,1,,,,,,,,,,,,,,,,,,,,,,,,,,,,,,,,,,,,,,,,,,,,,,,,,,,,,,,
,,,,,265808,001,2024-05-22_11h59.52.700,AXB:2AFC Experiments (16.05.2024),2024.1.3,MacIntel,59.88023952,,,,,,,,,,,,,,,,,,,,,,,,,,,,,,nim,,,,,,,,,,,,,,,,,,,,,,,,,,,,,,,,,,,,,,,,,,,,,,,,,,,,,,,,,,,,,,,,,,,,,,,,,,,,,479.5691,482.2187,2,2.6463,,,,,,TAFCstimuli01/nimnym003.wav,,,,,,0,3,3,2,1,,,,,,,,,,,,,,,,,,,,,,,,,,,,,,,,,,,,,,,,,,,,,,,,,,,,,,,
,,,,,265808,001,2024-05-22_11h59.52.700,AXB:2AFC Experiments (16.05.2024),2024.1.3,MacIntel,59.88023952,,,,,,,,,,,,,,,,,,,,,,,,,,,,,,nym,,,,,,,,,,,,,,,,,,,,,,,,,,,,,,,,,,,,,,,,,,,,,,,,,,,,,,,,,,,,,,,,,,,,,,,,,,,,,482.219,483.6514,2,1.4288,,,,,,TAFCstimuli01/nimnym007.wav,,,,,,0,4,4,6,1,,,,,,,,,,,,,,,,,,,,,,,,,,,,,,,,,,,,,,,,,,,,,,,,,,,,,,,
,,,,,265808,001,2024-05-22_11h59.52.700,AXB:2AFC Experiments (16.05.2024),2024.1.3,MacIntel,59.88023952,,,,,,,,,,,,,,,,,,,,,,,,,,,,,,nym,,,,,,,,,,,,,,,,,,,,,,,,,,,,,,,,,,,,,,,,,,,,,,,,,,,,,,,,,,,,,,,,,,,,,,,,,,,,,483.6517,484.8686,2,1.2136,,,,,,TAFCstimuli01/nimnym006.wav,,,,,,0,5,5,5,1,,,,,,,,,,,,,,,,,,,,,,,,,,,,,,,,,,,,,,,,,,,,,,,,,,,,,,,
,,,,,265808,001,2024-05-22_11h59.52.700,AXB:2AFC Experiments (16.05.2024),2024.1.3,MacIntel,59.88023952,,,,,,,,,,,,,,,,,,,,,,,,,,,,,,/,,,,,,,,,,,,,,,,,,,,,,,,,,,,,,,,,,,,,,,,,,,,,,,,,,,,,,,,,,,,,,,,,,,,,,,,,,,,,484.869,486.2852,2,1.4116,,,,,,TAFCstimuli01/nimnym004.wav,,,,,,0,6,6,3,1,,,,,,,,,,,,,,,,,,,,,,,,,,,,,,,,,,,,,,,,,,,,,,,,,,,,,,,
,,,,,265808,001,2024-05-22_11h59.52.700,AXB:2AFC Experiments (16.05.2024),2024.1.3,MacIntel,59.88023952,,,,,,,,,,,,,,,,,,,,,,,,,,,,,,nym,,,,,,,,,,,,,,,,,,,,,,,,,,,,,,,,,,,,,,,,,,,,,,,,,,,,,,,,,,,,,,,,,,,,,,,,,,,,,486.2855,487.501,2,1.2125,,,,,,TAFCstimuli01/nimnym007.wav,,,,,,1,0,7,6,1,,,,,,,,,,,,,,,,,,,,,,,,,,,,,,,,,,,,,,,,,,,,,,,,,,,,,,,
,,,,,265808,001,2024-05-22_11h59.52.700,AXB:2AFC Experiments (16.05.2024),2024.1.3,MacIntel,59.88023952,,,,,,,,,,,,,,,,,,,,,,,,,,,,,,nym,,,,,,,,,,,,,,,,,,,,,,,,,,,,,,,,,,,,,,,,,,,,,,,,,,,,,,,,,,,,,,,,,,,,,,,,,,,,,487.5013,488.6684,2,1.1633,,,,,,TAFCstimuli01/nimnym006.wav,,,,,,1,1,8,5,1,,,,,,,,,,,,,,,,,,,,,,,,,,,,,,,,,,,,,,,,,,,,,,,,,,,,,,,
,,,,,265808,001,2024-05-22_11h59.52.700,AXB:2AFC Experiments (16.05.2024),2024.1.3,MacIntel,59.88023952,,,,,,,,,,,,,,,,,,,,,,,,,,,,,,nim,,,,,,,,,,,,,,,,,,,,,,,,,,,,,,,,,,,,,,,,,,,,,,,,,,,,,,,,,,,,,,,,,,,,,,,,,,,,,488.6688,490.4512,1,1.7787,,,,,,TAFCstimuli01/nimnym001.wav,,,,,,1,2,9,0,1,,,,,,,,,,,,,,,,,,,,,,,,,,,,,,,,,,,,,,,,,,,,,,,,,,,,,,,
,,,,,265808,001,2024-05-22_11h59.52.700,AXB:2AFC Experiments (16.05.2024),2024.1.3,MacIntel,59.88023952,,,,,,,,,,,,,,,,,,,,,,,,,,,,,,nim,,,,,,,,,,,,,,,,,,,,,,,,,,,,,,,,,,,,,,,,,,,,,,,,,,,,,,,,,,,,,,,,,,,,,,,,,,,,,490.4517,491.9513,1,1.4963,,,,,,TAFCstimuli01/nimnym002.wav,,,,,,1,3,10,1,1,,,,,,,,,,,,,,,,,,,,,,,,,,,,,,,,,,,,,,,,,,,,,,,,,,,,,,,
,,,,,265808,001,2024-05-22_11h59.52.700,AXB:2AFC Experiments (16.05.2024),2024.1.3,MacIntel,59.88023952,,,,,,,,,,,,,,,,,,,,,,,,,,,,,,/,,,,,,,,,,,,,,,,,,,,,,,,,,,,,,,,,,,,,,,,,,,,,,,,,,,,,,,,,,,,,,,,,,,,,,,,,,,,,491.9516,493.6517,2,1.6966,,,,,,TAFCstimuli01/nimnym004.wav,,,,,,1,4,11,3,1,,,,,,,,,,,,,,,,,,,,,,,,,,,,,,,,,,,,,,,,,,,,,,,,,,,,,,,
,,,,,265808,001,2024-05-22_11h59.52.700,AXB:2AFC Experiments (16.05.2024),2024.1.3,MacIntel,59.88023952,,,,,,,,,,,,,,,,,,,,,,,,,,,,,,nym,,,,,,,,,,,,,,,,,,,,,,,,,,,,,,,,,,,,,,,,,,,,,,,,,,,,,,,,,,,,,,,,,,,,,,,,,,,,,493.6521,495.0182,2,1.3615,,,,,,TAFCstimuli01/nimnym005.wav,,,,,,1,5,12,4,1,,,,,,,,,,,,,,,,,,,,,,,,,,,,,,,,,,,,,,,,,,,,,,,,,,,,,,,
,,,,,265808,001,2024-05-22_11h59.52.700,AXB:2AFC Experiments (16.05.2024),2024.1.3,MacIntel,59.88023952,,,,,,,,,,,,,,,,,,,,,,,,,,,,,,nim,,,,,,,,,,,,,,,,,,,,,,,,,,,,,,,,,,,,,,,,,,,,,,,,,,,,,,,,,,,,,,,,,,,,,,,,,,,,,495.0185,496.6516,1,1.6284,,,,,,TAFCstimuli01/nimnym003.wav,,,,,,1,6,13,2,1,,,,,,,,,,,,,,,,,,,,,,,,,,,,,,,,,,,,,,,,,,,,,,,,,,,,,,,
,,,,,265808,001,2024-05-22_11h59.52.700,AXB:2AFC Experiments (16.05.2024),2024.1.3,MacIntel,59.88023952,,,,,,,,,,,,,,,,,,,,,,,,,,,,,,,496.6521,498.2184,space,1.5581,,,,,,,,,,,,,,,,,,,,,,,,,,,,,,,,,,,,,,,,,,,,,,,,,,,,,,,,,,,,,,,,,,,,,,,,,,,,,,,,,,,,,,,,,,,,,,,,,,,,,,,,,,,,,,,,,,,,,,,,,,,,,,,,,,,,,,,,,,,,,,,,,,,
,,,,,265808,001,2024-05-22_11h59.52.700,AXB:2AFC Experiments (16.05.2024),2024.1.3,MacIntel,59.88023952,,,,,,,,,,,,,,,,,,,,,,,,,,,,,,nym,,,,,,,,,,,,,,,,,,,,,,,,,,,,,,,,,,,,,,,,,,,,,,,,,,,,,,,,,,,,,,,,,,,,,,,,,,,,,498.222,500.5347,2,2.3089,,,,,,TAFCstimuli01/nimnym007.wav,,,,,,,,,,,0,0,0,6,1,,,,,,,,,,,,,,,,,,,,,,,,,,,,,,,,,,,,,,,,,,,,,,,,,,
,,,,,265808,001,2024-05-22_11h59.52.700,AXB:2AFC Experiments (16.05.2024),2024.1.3,MacIntel,59.88023952,,,,,,,,,,,,,,,,,,,,,,,,,,,,,,nim,,,,,,,,,,,,,,,,,,,,,,,,,,,,,,,,,,,,,,,,,,,,,,,,,,,,,,,,,,,,,,,,,,,,,,,,,,,,,500.5352,501.9673,1,1.429,,,,,,TAFCstimuli01/nimnym001.wav,,,,,,,,,,,0,1,1,0,1,,,,,,,,,,,,,,,,,,,,,,,,,,,,,,,,,,,,,,,,,,,,,,,,,,
,,,,,265808,001,2024-05-22_11h59.52.700,AXB:2AFC Experiments (16.05.2024),2024.1.3,MacIntel,59.88023952,,,,,,,,,,,,,,,,,,,,,,,,,,,,,,nim,,,,,,,,,,,,,,,,,,,,,,,,,,,,,,,,,,,,,,,,,,,,,,,,,,,,,,,,,,,,,,,,,,,,,,,,,,,,,501.9675,503.5513,2,1.58,,,,,,TAFCstimuli01/nimnym003.wav,,,,,,,,,,,0,2,2,2,1,,,,,,,,,,,,,,,,,,,,,,,,,,,,,,,,,,,,,,,,,,,,,,,,,,
,,,,,265808,001,2024-05-22_11h59.52.700,AXB:2AFC Experiments (16.05.2024),2024.1.3,MacIntel,59.88023952,,,,,,,,,,,,,,,,,,,,,,,,,,,,,,nim,,,,,,,,,,,,,,,,,,,,,,,,,,,,,,,,,,,,,,,,,,,,,,,,,,,,,,,,,,,,,,,,,,,,,,,,,,,,,503.5517,504.9849,1,1.4281,,,,,,TAFCstimuli01/nimnym002.wav,,,,,,,,,,,0,3,3,1,1,,,,,,,,,,,,,,,,,,,,,,,,,,,,,,,,,,,,,,,,,,,,,,,,,,
,,,,,265808,001,2024-05-22_11h59.52.700,AXB:2AFC Experiments (16.05.2024),2024.1.3,MacIntel,59.88023952,,,,,,,,,,,,,,,,,,,,,,,,,,,,,,nym,,,,,,,,,,,,,,,,,,,,,,,,,,,,,,,,,,,,,,,,,,,,,,,,,,,,,,,,,,,,,,,,,,,,,,,,,,,,,504.9852,506.7845,2,1.7955,,,,,,TAFCstimuli01/nimnym006.wav,,,,,,,,,,,0,4,4,5,1,,,,,,,,,,,,,,,,,,,,,,,,,,,,,,,,,,,,,,,,,,,,,,,,,,
,,,,,265808,001,2024-05-22_11h59.52.700,AXB:2AFC Experiments (16.05.2024),2024.1.3,MacIntel,59.88023952,,,,,,,,,,,,,,,,,,,,,,,,,,,,,,/,,,,,,,,,,,,,,,,,,,,,,,,,,,,,,,,,,,,,,,,,,,,,,,,,,,,,,,,,,,,,,,,,,,,,,,,,,,,,506.7849,508.1845,2,1.3953,,,,,,TAFCstimuli01/nimnym004.wav,,,,,,,,,,,0,5,5,3,1,,,,,,,,,,,,,,,,,,,,,,,,,,,,,,,,,,,,,,,,,,,,,,,,,,
,,,,,265808,001,2024-05-22_11h59.52.700,AXB:2AFC Experiments (16.05.2024),2024.1.3,MacIntel,59.88023952,,,,,,,,,,,,,,,,,,,,,,,,,,,,,,nym,,,,,,,,,,,,,,,,,,,,,,,,,,,,,,,,,,,,,,,,,,,,,,,,,,,,,,,,,,,,,,,,,,,,,,,,,,,,,508.1851,509.3848,2,1.1955,,,,,,TAFCstimuli01/nimnym005.wav,,,,,,,,,,,0,6,6,4,1,,,,,,,,,,,,,,,,,,,,,,,,,,,,,,,,,,,,,,,,,,,,,,,,,,
,,,,,265808,001,2024-05-22_11h59.52.700,AXB:2AFC Experiments (16.05.2024),2024.1.3,MacIntel,59.88023952,,,,,,,,,,,,,,,,,,,,,,,,,,,,,,nim,,,,,,,,,,,,,,,,,,,,,,,,,,,,,,,,,,,,,,,,,,,,,,,,,,,,,,,,,,,,,,,,,,,,,,,,,,,,,509.3852,511.001,1,1.6125,,,,,,TAFCstimuli01/nimnym001.wav,,,,,,,,,,,1,0,7,0,1,,,,,,,,,,,,,,,,,,,,,,,,,,,,,,,,,,,,,,,,,,,,,,,,,,
,,,,,265808,001,2024-05-22_11h59.52.700,AXB:2AFC Experiments (16.05.2024),2024.1.3,MacIntel,59.88023952,,,,,,,,,,,,,,,,,,,,,,,,,,,,,,nym,,,,,,,,,,,,,,,,,,,,,,,,,,,,,,,,,,,,,,,,,,,,,,,,,,,,,,,,,,,,,,,,,,,,,,,,,,,,,511.0014,512.5676,2,1.5616,,,,,,TAFCstimuli01/nimnym005.wav,,,,,,,,,,,1,1,8,4,1,,,,,,,,,,,,,,,,,,,,,,,,,,,,,,,,,,,,,,,,,,,,,,,,,,
,,,,,265808,001,2024-05-22_11h59.52.700,AXB:2AFC Experiments (16.05.2024),2024.1.3,MacIntel,59.88023952,,,,,,,,,,,,,,,,,,,,,,,,,,,,,,nym,,,,,,,,,,,,,,,,,,,,,,,,,,,,,,,,,,,,,,,,,,,,,,,,,,,,,,,,,,,,,,,,,,,,,,,,,,,,,512.5679,513.951,2,1.3793,,,,,,TAFCstimuli01/nimnym007.wav,,,,,,,,,,,1,2,9,6,1,,,,,,,,,,,,,,,,,,,,,,,,,,,,,,,,,,,,,,,,,,,,,,,,,,
,,,,,265808,001,2024-05-22_11h59.52.700,AXB:2AFC Experiments (16.05.2024),2024.1.3,MacIntel,59.88023952,,,,,,,,,,,,,,,,,,,,,,,,,,,,,,/,,,,,,,,,,,,,,,,,,,,,,,,,,,,,,,,,,,,,,,,,,,,,,,,,,,,,,,,,,,,,,,,,,,,,,,,,,,,,513.9515,515.1342,2,1.1794,,,,,,TAFCstimuli01/nimnym004.wav,,,,,,,,,,,1,3,10,3,1,,,,,,,,,,,,,,,,,,,,,,,,,,,,,,,,,,,,,,,,,,,,,,,,,,
,,,,,265808,001,2024-05-22_11h59.52.700,AXB:2AFC Experiments (16.05.2024),2024.1.3,MacIntel,59.88023952,,,,,,,,,,,,,,,,,,,,,,,,,,,,,,nym,,,,,,,,,,,,,,,,,,,,,,,,,,,,,,,,,,,,,,,,,,,,,,,,,,,,,,,,,,,,,,,,,,,,,,,,,,,,,515.1346,516.2502,2,1.1118,,,,,,TAFCstimuli01/nimnym006.wav,,,,,,,,,,,1,4,11,5,1,,,,,,,,,,,,,,,,,,,,,,,,,,,,,,,,,,,,,,,,,,,,,,,,,,
,,,,,265808,001,2024-05-22_11h59.52.700,AXB:2AFC Experiments (16.05.2024),2024.1.3,MacIntel,59.88023952,,,,,,,,,,,,,,,,,,,,,,,,,,,,,,nim,,,,,,,,,,,,,,,,,,,,,,,,,,,,,,,,,,,,,,,,,,,,,,,,,,,,,,,,,,,,,,,,,,,,,,,,,,,,,516.2506,518.3003,1,2.0473,,,,,,TAFCstimuli01/nimnym003.wav,,,,,,,,,,,1,5,12,2,1,,,,,,,,,,,,,,,,,,,,,,,,,,,,,,,,,,,,,,,,,,,,,,,,,,
,,,,,265808,001,2024-05-22_11h59.52.700,AXB:2AFC Experiments (16.05.2024),2024.1.3,MacIntel,59.88023952,,,,,,,,,,,,,,,,,,,,,,,,,,,,,,nim,,,,,,,,,,,,,,,,,,,,,,,,,,,,,,,,,,,,,,,,,,,,,,,,,,,,,,,,,,,,,,,,,,,,,,,,,,,,,518.3006,520.034,1,1.7297,,,,,,TAFCstimuli01/nimnym002.wav,,,,,,,,,,,1,6,13,1,1,,,,,,,,,,,,,,,,,,,,,,,,,,,,,,,,,,,,,,,,,,,,,,,,,,
,,,,,265808,001,2024-05-22_11h59.52.700,AXB:2AFC Experiments (16.05.2024),2024.1.3,MacIntel,59.88023952,,,,,,,,,,,,,,,,,,,,,,,,,,,,,,nym,,,,,,,,,,,,,,,,,,,,,,,,,,,,,,,,,,,,,,,,,,,,,,,,,,,,,,,,,,,,,,,,,,,,,,,,,,,,,520.0342,521.6997,2,1.6629,,,,,,TAFCstimuli01/nimnym006.wav,,,,,,,,,,,2,0,14,5,1,,,,,,,,,,,,,,,,,,,,,,,,,,,,,,,,,,,,,,,,,,,,,,,,,,
,,,,,265808,001,2024-05-22_11h59.52.700,AXB:2AFC Experiments (16.05.2024),2024.1.3,MacIntel,59.88023952,,,,,,,,,,,,,,,,,,,,,,,,,,,,,,nym,,,,,,,,,,,,,,,,,,,,,,,,,,,,,,,,,,,,,,,,,,,,,,,,,,,,,,,,,,,,,,,,,,,,,,,,,,,,,521.7,523.0839,2,1.3809,,,,,,TAFCstimuli01/nimnym007.wav,,,,,,,,,,,2,1,15,6,1,,,,,,,,,,,,,,,,,,,,,,,,,,,,,,,,,,,,,,,,,,,,,,,,,,
,,,,,265808,001,2024-05-22_11h59.52.700,AXB:2AFC Experiments (16.05.2024),2024.1.3,MacIntel,59.88023952,,,,,,,,,,,,,,,,,,,,,,,,,,,,,,nim,,,,,,,,,,,,,,,,,,,,,,,,,,,,,,,,,,,,,,,,,,,,,,,,,,,,,,,,,,,,,,,,,,,,,,,,,,,,,523.0842,524.6005,1,1.5125,,,,,,TAFCstimuli01/nimnym003.wav,,,,,,,,,,,2,2,16,2,1,,,,,,,,,,,,,,,,,,,,,,,,,,,,,,,,,,,,,,,,,,,,,,,,,,
,,,,,265808,001,2024-05-22_11h59.52.700,AXB:2AFC Experiments (16.05.2024),2024.1.3,MacIntel,59.88023952,,,,,,,,,,,,,,,,,,,,,,,,,,,,,,nim,,,,,,,,,,,,,,,,,,,,,,,,,,,,,,,,,,,,,,,,,,,,,,,,,,,,,,,,,,,,,,,,,,,,,,,,,,,,,524.601,526.3005,1,1.6951,,,,,,TAFCstimuli01/nimnym001.wav,,,,,,,,,,,2,3,17,0,1,,,,,,,,,,,,,,,,,,,,,,,,,,,,,,,,,,,,,,,,,,,,,,,,,,
,,,,,265808,001,2024-05-22_11h59.52.700,AXB:2AFC Experiments (16.05.2024),2024.1.3,MacIntel,59.88023952,,,,,,,,,,,,,,,,,,,,,,,,,,,,,,nym,,,,,,,,,,,,,,,,,,,,,,,,,,,,,,,,,,,,,,,,,,,,,,,,,,,,,,,,,,,,,,,,,,,,,,,,,,,,,526.3008,528.0504,2,1.7455,,,,,,TAFCstimuli01/nimnym005.wav,,,,,,,,,,,2,4,18,4,1,,,,,,,,,,,,,,,,,,,,,,,,,,,,,,,,,,,,,,,,,,,,,,,,,,
,,,,,265808,001,2024-05-22_11h59.52.700,AXB:2AFC Experiments (16.05.2024),2024.1.3,MacIntel,59.88023952,,,,,,,,,,,,,,,,,,,,,,,,,,,,,,nim,,,,,,,,,,,,,,,,,,,,,,,,,,,,,,,,,,,,,,,,,,,,,,,,,,,,,,,,,,,,,,,,,,,,,,,,,,,,,528.0507,530.0669,1,2.0125,,,,,,TAFCstimuli01/nimnym002.wav,,,,,,,,,,,2,5,19,1,1,,,,,,,,,,,,,,,,,,,,,,,,,,,,,,,,,,,,,,,,,,,,,,,,,,
,,,,,265808,001,2024-05-22_11h59.52.700,AXB:2AFC Experiments (16.05.2024),2024.1.3,MacIntel,59.88023952,,,,,,,,,,,,,,,,,,,,,,,,,,,,,,/,,,,,,,,,,,,,,,,,,,,,,,,,,,,,,,,,,,,,,,,,,,,,,,,,,,,,,,,,,,,,,,,,,,,,,,,,,,,,530.0672,531.817,2,1.7448,,,,,,TAFCstimuli01/nimnym004.wav,,,,,,,,,,,2,6,20,3,1,,,,,,,,,,,,,,,,,,,,,,,,,,,,,,,,,,,,,,,,,,,,,,,,,,
,,,,,265808,001,2024-05-22_11h59.52.700,AXB:2AFC Experiments (16.05.2024),2024.1.3,MacIntel,59.88023952,,,,,,,,,,,,,,,,,,,,,,,,,,,,,,,,,,,,,,,,,,,,,,,,,,,,,,,,,,531.8179,535.4171,space,0,[281.7931999999881],[281.7931999999881],,,,,,,,,,,,,,,,,,,,,,,,,,,,,,,,,,,,,,,,,,,,,,,,,,,,,,,,,,,,,,,,,,,,,3.5733,,,,,,,,,,,,,,,,,,,,,,,,,,,,,,,,,,,,,,,,,,,,,,,,,
,,,,,265808,001,2024-05-22_11h59.52.700,AXB:2AFC Experiments (16.05.2024),2024.1.3,MacIntel,59.88023952,,,,,,,,,,,,,,,,,,,,,,,,,,,,,,nim,,,,,,,,,,,,,,,,,,,,,,,,,,,,,,,,,,,,,,,,,,,,,,,,,,,,,,,,,,,,,,,,,,,,,,,,,,,,,535.4266,537.3998,1,1.9691,,,,,,TAFCstimuli01/nimnym001.wav,,,,,,,,,,,,,,,,,,0,0,0,0,1,,,,,,,,,,,,,,,,,,,,,,,,,,,,,,,,,,,,,,,,,,,
,,,,,265808,001,2024-05-22_11h59.52.700,AXB:2AFC Experiments (16.05.2024),2024.1.3,MacIntel,59.88023952,,,,,,,,,,,,,,,,,,,,,,,,,,,,,,nym,,,,,,,,,,,,,,,,,,,,,,,,,,,,,,,,,,,,,,,,,,,,,,,,,,,,,,,,,,,,,,,,,,,,,,,,,,,,,537.4003,539.249,2,1.8457,,,,,,TAFCstimuli01/nimnym005.wav,,,,,,,,,,,,,,,,,,0,1,1,4,1,,,,,,,,,,,,,,,,,,,,,,,,,,,,,,,,,,,,,,,,,,,
,,,,,265808,001,2024-05-22_11h59.52.700,AXB:2AFC Experiments (16.05.2024),2024.1.3,MacIntel,59.88023952,,,,,,,,,,,,,,,,,,,,,,,,,,,,,,nym,,,,,,,,,,,,,,,,,,,,,,,,,,,,,,,,,,,,,,,,,,,,,,,,,,,,,,,,,,,,,,,,,,,,,,,,,,,,,539.2493,540.9832,2,1.7294,,,,,,TAFCstimuli01/nimnym007.wav,,,,,,,,,,,,,,,,,,0,2,2,6,1,,,,,,,,,,,,,,,,,,,,,,,,,,,,,,,,,,,,,,,,,,,
,,,,,265808,001,2024-05-22_11h59.52.700,AXB:2AFC Experiments (16.05.2024),2024.1.3,MacIntel,59.88023952,,,,,,,,,,,,,,,,,,,,,,,,,,,,,,/,,,,,,,,,,,,,,,,,,,,,,,,,,,,,,,,,,,,,,,,,,,,,,,,,,,,,,,,,,,,,,,,,,,,,,,,,,,,,540.9835,542.45,2,1.4627,,,,,,TAFCstimuli01/nimnym004.wav,,,,,,,,,,,,,,,,,,0,3,3,3,1,,,,,,,,,,,,,,,,,,,,,,,,,,,,,,,,,,,,,,,,,,,
,,,,,265808,001,2024-05-22_11h59.52.700,AXB:2AFC Experiments (16.05.2024),2024.1.3,MacIntel,59.88023952,,,,,,,,,,,,,,,,,,,,,,,,,,,,,,nim,,,,,,,,,,,,,,,,,,,,,,,,,,,,,,,,,,,,,,,,,,,,,,,,,,,,,,,,,,,,,,,,,,,,,,,,,,,,,542.4504,544.233,1,1.7781,,,,,,TAFCstimuli01/nimnym003.wav,,,,,,,,,,,,,,,,,,0,4,4,2,1,,,,,,,,,,,,,,,,,,,,,,,,,,,,,,,,,,,,,,,,,,,
,,,,,265808,001,2024-05-22_11h59.52.700,AXB:2AFC Experiments (16.05.2024),2024.1.3,MacIntel,59.88023952,,,,,,,,,,,,,,,,,,,,,,,,,,,,,,nym,,,,,,,,,,,,,,,,,,,,,,,,,,,,,,,,,,,,,,,,,,,,,,,,,,,,,,,,,,,,,,,,,,,,,,,,,,,,,544.2333,546.0998,2,1.8618,,,,,,TAFCstimuli01/nimnym006.wav,,,,,,,,,,,,,,,,,,0,5,5,5,1,,,,,,,,,,,,,,,,,,,,,,,,,,,,,,,,,,,,,,,,,,,
,,,,,265808,001,2024-05-22_11h59.52.700,AXB:2AFC Experiments (16.05.2024),2024.1.3,MacIntel,59.88023952,,,,,,,,,,,,,,,,,,,,,,,,,,,,,,nim,,,,,,,,,,,,,,,,,,,,,,,,,,,,,,,,,,,,,,,,,,,,,,,,,,,,,,,,,,,,,,,,,,,,,,,,,,,,,546.1001,547.583,1,1.479,,,,,,TAFCstimuli01/nimnym002.wav,,,,,,,,,,,,,,,,,,0,6,6,1,1,,,,,,,,,,,,,,,,,,,,,,,,,,,,,,,,,,,,,,,,,,,
,,,,,265808,001,2024-05-22_11h59.52.700,AXB:2AFC Experiments (16.05.2024),2024.1.3,MacIntel,59.88023952,,,,,,,,,,,,,,,,,,,,,,,,,,,,,,,547.5834,548.6333,space,1.0367,,,,,,,,,,,,,,,,,,,,,,,,,,,,,,,,,,,,,,,,,,,,,,,,,,,,,,,,,,,,,,,,,,,,,,,,,,,,,,,,,,,,,,,,,,,,,,,,,,,,,,,,,,,,,,,,,,,,,,,,,,,,,,,,,,,,,,,,,,,,,,,,,,,
,,,,,265808,001,2024-05-22_11h59.52.700,AXB:2AFC Experiments (16.05.2024),2024.1.3,MacIntel,59.88023952,,,,,,,,,,,,,,,,,,,,,,,,,,,,,,nym,,,,,,,,,,,,,,,,,,,,,,,,,,,,,,,,,,,,,,,,,,,,,,,,,,,,,,,,,,,,,,,,,,,,,,,,,,,,,,,,,,,,,,,,,,,,,,,,,,,,,,,,,,,,,548.6376,550.3997,2,1.7575,0,0,0,4,1,TAFCstimuli02/numnym005.wav,,,,,,,,,,,,,,,,,,,,,,,,,,,,,,,,,
,,,,,265808,001,2024-05-22_11h59.52.700,AXB:2AFC Experiments (16.05.2024),2024.1.3,MacIntel,59.88023952,,,,,,,,,,,,,,,,,,,,,,,,,,,,,,num,,,,,,,,,,,,,,,,,,,,,,,,,,,,,,,,,,,,,,,,,,,,,,,,,,,,,,,,,,,,,,,,,,,,,,,,,,,,,,,,,,,,,,,,,,,,,,,,,,,,,,,,,,,,,550.4003,553.4495,1,3.0445,0,1,1,0,1,TAFCstimuli02/numnym001.wav,,,,,,,,,,,,,,,,,,,,,,,,,,,,,,,,,
,,,,,265808,001,2024-05-22_11h59.52.700,AXB:2AFC Experiments (16.05.2024),2024.1.3,MacIntel,59.88023952,,,,,,,,,,,,,,,,,,,,,,,,,,,,,,num,,,,,,,,,,,,,,,,,,,,,,,,,,,,,,,,,,,,,,,,,,,,,,,,,,,,,,,,,,,,,,,,,,,,,,,,,,,,,,,,,,,,,,,,,,,,,,,,,,,,,,,,,,,,,553.4499,554.8827,1,1.4289,0,2,2,1,1,TAFCstimuli02/numnym002.wav,,,,,,,,,,,,,,,,,,,,,,,,,,,,,,,,,
,,,,,265808,001,2024-05-22_11h59.52.700,AXB:2AFC Experiments (16.05.2024),2024.1.3,MacIntel,59.88023952,,,,,,,,,,,,,,,,,,,,,,,,,,,,,,num,,,,,,,,,,,,,,,,,,,,,,,,,,,,,,,,,,,,,,,,,,,,,,,,,,,,,,,,,,,,,,,,,,,,,,,,,,,,,,,,,,,,,,,,,,,,,,,,,,,,,,,,,,,,,554.8829,556.1826,1,1.2953,0,3,3,2,1,TAFCstimuli02/numnym003.wav,,,,,,,,,,,,,,,,,,,,,,,,,,,,,,,,,
,,,,,265808,001,2024-05-22_11h59.52.700,AXB:2AFC Experiments (16.05.2024),2024.1.3,MacIntel,59.88023952,,,,,,,,,,,,,,,,,,,,,,,,,,,,,,/,,,,,,,,,,,,,,,,,,,,,,,,,,,,,,,,,,,,,,,,,,,,,,,,,,,,,,,,,,,,,,,,,,,,,,,,,,,,,,,,,,,,,,,,,,,,,,,,,,,,,,,,,,,,,556.183,557.4161,1,1.2288,0,4,4,3,1,TAFCstimuli02/numnym004.wav,,,,,,,,,,,,,,,,,,,,,,,,,,,,,,,,,
,,,,,265808,001,2024-05-22_11h59.52.700,AXB:2AFC Experiments (16.05.2024),2024.1.3,MacIntel,59.88023952,,,,,,,,,,,,,,,,,,,,,,,,,,,,,,nym,,,,,,,,,,,,,,,,,,,,,,,,,,,,,,,,,,,,,,,,,,,,,,,,,,,,,,,,,,,,,,,,,,,,,,,,,,,,,,,,,,,,,,,,,,,,,,,,,,,,,,,,,,,,,557.4164,559.0492,2,1.6289,0,5,5,6,1,TAFCstimuli02/numnym007.wav,,,,,,,,,,,,,,,,,,,,,,,,,,,,,,,,,
,,,,,265808,001,2024-05-22_11h59.52.700,AXB:2AFC Experiments (16.05.2024),2024.1.3,MacIntel,59.88023952,,,,,,,,,,,,,,,,,,,,,,,,,,,,,,nym,,,,,,,,,,,,,,,,,,,,,,,,,,,,,,,,,,,,,,,,,,,,,,,,,,,,,,,,,,,,,,,,,,,,,,,,,,,,,,,,,,,,,,,,,,,,,,,,,,,,,,,,,,,,,559.0495,560.3825,2,1.3299,0,6,6,5,1,TAFCstimuli02/numnym006.wav,,,,,,,,,,,,,,,,,,,,,,,,,,,,,,,,,
,,,,,265808,001,2024-05-22_11h59.52.700,AXB:2AFC Experiments (16.05.2024),2024.1.3,MacIntel,59.88023952,,,,,,,,,,,,,,,,,,,,,,,,,,,,,,,,,,,,,,,,,,,,,,,,,,,,,,,,,,,,,,,,,,,,,,,,,,,,,,,,,,,,,,,,,,,,,,,,,,,,,,,,,,,,,,,,,,,,,,,,,,,,,,,,,,,,,,,,,,,,,,,,,,,,,560.3832,561.7494,space,1.3475,,,,,,,,,,,,,,,,,,,,,,,,,,,,,
,,,,,265808,001,2024-05-22_11h59.52.700,AXB:2AFC Experiments (16.05.2024),2024.1.3,MacIntel,59.88023952,,,,,,,,,,,,,,,,,,,,,,,,,,,,,,nym,,,,,,,,,,,,,,,,,,,,,,,,,,,,,,,,,,,,,,,,,,,,,,,,,,,,,,,,,,,,,,,,,,,,,,,,,,,,,,,,,,,,,,,,,,,,,,,,,,,,,,,,,,,,,561.7521,564.1158,2,2.3606,,,,,,TAFCstimuli02/numnym005.wav,,,,,,,,0,0,0,4,1,,,,,,,,,,,,,,,,,,,,,
,,,,,265808,001,2024-05-22_11h59.52.700,AXB:2AFC Experiments (16.05.2024),2024.1.3,MacIntel,59.88023952,,,,,,,,,,,,,,,,,,,,,,,,,,,,,,num,,,,,,,,,,,,,,,,,,,,,,,,,,,,,,,,,,,,,,,,,,,,,,,,,,,,,,,,,,,,,,,,,,,,,,,,,,,,,,,,,,,,,,,,,,,,,,,,,,,,,,,,,,,,,564.1163,565.9988,1,1.8787,,,,,,TAFCstimuli02/numnym001.wav,,,,,,,,0,1,1,0,1,,,,,,,,,,,,,,,,,,,,,
,,,,,265808,001,2024-05-22_11h59.52.700,AXB:2AFC Experiments (16.05.2024),2024.1.3,MacIntel,59.88023952,,,,,,,,,,,,,,,,,,,,,,,,,,,,,,/,,,,,,,,,,,,,,,,,,,,,,,,,,,,,,,,,,,,,,,,,,,,,,,,,,,,,,,,,,,,,,,,,,,,,,,,,,,,,,,,,,,,,,,,,,,,,,,,,,,,,,,,,,,,,565.9993,567.5656,2,1.5622,,,,,,TAFCstimuli02/numnym004.wav,,,,,,,,0,2,2,3,1,,,,,,,,,,,,,,,,,,,,,
,,,,,265808,001,2024-05-22_11h59.52.700,AXB:2AFC Experiments (16.05.2024),2024.1.3,MacIntel,59.88023952,,,,,,,,,,,,,,,,,,,,,,,,,,,,,,nym,,,,,,,,,,,,,,,,,,,,,,,,,,,,,,,,,,,,,,,,,,,,,,,,,,,,,,,,,,,,,,,,,,,,,,,,,,,,,,,,,,,,,,,,,,,,,,,,,,,,,,,,,,,,,567.5659,568.8992,2,1.3293,,,,,,TAFCstimuli02/numnym007.wav,,,,,,,,0,3,3,6,1,,,,,,,,,,,,,,,,,,,,,
,,,,,265808,001,2024-05-22_11h59.52.700,AXB:2AFC Experiments (16.05.2024),2024.1.3,MacIntel,59.88023952,,,,,,,,,,,,,,,,,,,,,,,,,,,,,,num,,,,,,,,,,,,,,,,,,,,,,,,,,,,,,,,,,,,,,,,,,,,,,,,,,,,,,,,,,,,,,,,,,,,,,,,,,,,,,,,,,,,,,,,,,,,,,,,,,,,,,,,,,,,,568.8996,570.4321,1,1.5278,,,,,,TAFCstimuli02/numnym002.wav,,,,,,,,0,4,4,1,1,,,,,,,,,,,,,,,,,,,,,
,,,,,265808,001,2024-05-22_11h59.52.700,AXB:2AFC Experiments (16.05.2024),2024.1.3,MacIntel,59.88023952,,,,,,,,,,,,,,,,,,,,,,,,,,,,,,num,,,,,,,,,,,,,,,,,,,,,,,,,,,,,,,,,,,,,,,,,,,,,,,,,,,,,,,,,,,,,,,,,,,,,,,,,,,,,,,,,,,,,,,,,,,,,,,,,,,,,,,,,,,,,570.4323,571.7653,1,1.3294,,,,,,TAFCstimuli02/numnym003.wav,,,,,,,,0,5,5,2,1,,,,,,,,,,,,,,,,,,,,,
,,,,,265808,001,2024-05-22_11h59.52.700,AXB:2AFC Experiments (16.05.2024),2024.1.3,MacIntel,59.88023952,,,,,,,,,,,,,,,,,,,,,,,,,,,,,,nym,,,,,,,,,,,,,,,,,,,,,,,,,,,,,,,,,,,,,,,,,,,,,,,,,,,,,,,,,,,,,,,,,,,,,,,,,,,,,,,,,,,,,,,,,,,,,,,,,,,,,,,,,,,,,571.7658,573.5154,2,1.7457,,,,,,TAFCstimuli02/numnym006.wav,,,,,,,,0,6,6,5,1,,,,,,,,,,,,,,,,,,,,,
,,,,,265808,001,2024-05-22_11h59.52.700,AXB:2AFC Experiments (16.05.2024),2024.1.3,MacIntel,59.88023952,,,,,,,,,,,,,,,,,,,,,,,,,,,,,,nym,,,,,,,,,,,,,,,,,,,,,,,,,,,,,,,,,,,,,,,,,,,,,,,,,,,,,,,,,,,,,,,,,,,,,,,,,,,,,,,,,,,,,,,,,,,,,,,,,,,,,,,,,,,,,573.5159,574.7653,2,1.2446,,,,,,TAFCstimuli02/numnym006.wav,,,,,,,,1,0,7,5,1,,,,,,,,,,,,,,,,,,,,,
,,,,,265808,001,2024-05-22_11h59.52.700,AXB:2AFC Experiments (16.05.2024),2024.1.3,MacIntel,59.88023952,,,,,,,,,,,,,,,,,,,,,,,,,,,,,,num,,,,,,,,,,,,,,,,,,,,,,,,,,,,,,,,,,,,,,,,,,,,,,,,,,,,,,,,,,,,,,,,,,,,,,,,,,,,,,,,,,,,,,,,,,,,,,,,,,,,,,,,,,,,,574.7656,576.3651,1,1.5956,,,,,,TAFCstimuli02/numnym002.wav,,,,,,,,1,1,8,1,1,,,,,,,,,,,,,,,,,,,,,
,,,,,265808,001,2024-05-22_11h59.52.700,AXB:2AFC Experiments (16.05.2024),2024.1.3,MacIntel,59.88023952,,,,,,,,,,,,,,,,,,,,,,,,,,,,,,/,,,,,,,,,,,,,,,,,,,,,,,,,,,,,,,,,,,,,,,,,,,,,,,,,,,,,,,,,,,,,,,,,,,,,,,,,,,,,,,,,,,,,,,,,,,,,,,,,,,,,,,,,,,,,576.3655,578.382,2,2.0125,,,,,,TAFCstimuli02/numnym004.wav,,,,,,,,1,2,9,3,1,,,,,,,,,,,,,,,,,,,,,
,,,,,265808,001,2024-05-22_11h59.52.700,AXB:2AFC Experiments (16.05.2024),2024.1.3,MacIntel,59.88023952,,,,,,,,,,,,,,,,,,,,,,,,,,,,,,nym,,,,,,,,,,,,,,,,,,,,,,,,,,,,,,,,,,,,,,,,,,,,,,,,,,,,,,,,,,,,,,,,,,,,,,,,,,,,,,,,,,,,,,,,,,,,,,,,,,,,,,,,,,,,,578.3824,580.1983,2,1.8113,,,,,,TAFCstimuli02/numnym005.wav,,,,,,,,1,3,10,4,1,,,,,,,,,,,,,,,,,,,,,
,,,,,265808,001,2024-05-22_11h59.52.700,AXB:2AFC Experiments (16.05.2024),2024.1.3,MacIntel,59.88023952,,,,,,,,,,,,,,,,,,,,,,,,,,,,,,nym,,,,,,,,,,,,,,,,,,,,,,,,,,,,,,,,,,,,,,,,,,,,,,,,,,,,,,,,,,,,,,,,,,,,,,,,,,,,,,,,,,,,,,,,,,,,,,,,,,,,,,,,,,,,,580.1987,581.8151,2,1.6121,,,,,,TAFCstimuli02/numnym007.wav,,,,,,,,1,4,11,6,1,,,,,,,,,,,,,,,,,,,,,
,,,,,265808,001,2024-05-22_11h59.52.700,AXB:2AFC Experiments (16.05.2024),2024.1.3,MacIntel,59.88023952,,,,,,,,,,,,,,,,,,,,,,,,,,,,,,num,,,,,,,,,,,,,,,,,,,,,,,,,,,,,,,,,,,,,,,,,,,,,,,,,,,,,,,,,,,,,,,,,,,,,,,,,,,,,,,,,,,,,,,,,,,,,,,,,,,,,,,,,,,,,581.8155,583.1653,1,1.3459,,,,,,TAFCstimuli02/numnym003.wav,,,,,,,,1,5,12,2,1,,,,,,,,,,,,,,,,,,,,,
,,,,,265808,001,2024-05-22_11h59.52.700,AXB:2AFC Experiments (16.05.2024),2024.1.3,MacIntel,59.88023952,,,,,,,,,,,,,,,,,,,,,,,,,,,,,,num,,,,,,,,,,,,,,,,,,,,,,,,,,,,,,,,,,,,,,,,,,,,,,,,,,,,,,,,,,,,,,,,,,,,,,,,,,,,,,,,,,,,,,,,,,,,,,,,,,,,,,,,,,,,,583.1658,584.465,1,1.2958,,,,,,TAFCstimuli02/numnym001.wav,,,,,,,,1,6,13,0,1,,,,,,,,,,,,,,,,,,,,,
,,,,,265808,001,2024-05-22_11h59.52.700,AXB:2AFC Experiments (16.05.2024),2024.1.3,MacIntel,59.88023952,,,,,,,,,,,,,,,,,,,,,,,,,,,,,,num,,,,,,,,,,,,,,,,,,,,,,,,,,,,,,,,,,,,,,,,,,,,,,,,,,,,,,,,,,,,,,,,,,,,,,,,,,,,,,,,,,,,,,,,,,,,,,,,,,,,,,,,,,,,,584.4654,585.5815,2,1.1123,,,,,,TAFCstimuli02/numnym003.wav,,,,,,,,2,0,14,2,1,,,,,,,,,,,,,,,,,,,,,
,,,,,265808,001,2024-05-22_11h59.52.700,AXB:2AFC Experiments (16.05.2024),2024.1.3,MacIntel,59.88023952,,,,,,,,,,,,,,,,,,,,,,,,,,,,,,nym,,,,,,,,,,,,,,,,,,,,,,,,,,,,,,,,,,,,,,,,,,,,,,,,,,,,,,,,,,,,,,,,,,,,,,,,,,,,,,,,,,,,,,,,,,,,,,,,,,,,,,,,,,,,,585.5819,587.1648,2,1.5792,,,,,,TAFCstimuli02/numnym006.wav,,,,,,,,2,1,15,5,1,,,,,,,,,,,,,,,,,,,,,
,,,,,265808,001,2024-05-22_11h59.52.700,AXB:2AFC Experiments (16.05.2024),2024.1.3,MacIntel,59.88023952,,,,,,,,,,,,,,,,,,,,,,,,,,,,,,num,,,,,,,,,,,,,,,,,,,,,,,,,,,,,,,,,,,,,,,,,,,,,,,,,,,,,,,,,,,,,,,,,,,,,,,,,,,,,,,,,,,,,,,,,,,,,,,,,,,,,,,,,,,,,587.1651,588.6469,1,1.4782,,,,,,TAFCstimuli02/numnym002.wav,,,,,,,,2,2,16,1,1,,,,,,,,,,,,,,,,,,,,,
,,,,,265808,001,2024-05-22_11h59.52.700,AXB:2AFC Experiments (16.05.2024),2024.1.3,MacIntel,59.88023952,,,,,,,,,,,,,,,,,,,,,,,,,,,,,,/,,,,,,,,,,,,,,,,,,,,,,,,,,,,,,,,,,,,,,,,,,,,,,,,,,,,,,,,,,,,,,,,,,,,,,,,,,,,,,,,,,,,,,,,,,,,,,,,,,,,,,,,,,,,,588.6472,592.0146,2,3.3636,,,,,,TAFCstimuli02/numnym004.wav,,,,,,,,2,3,17,3,1,,,,,,,,,,,,,,,,,,,,,
,,,,,265808,001,2024-05-22_11h59.52.700,AXB:2AFC Experiments (16.05.2024),2024.1.3,MacIntel,59.88023952,,,,,,,,,,,,,,,,,,,,,,,,,,,,,,num,,,,,,,,,,,,,,,,,,,,,,,,,,,,,,,,,,,,,,,,,,,,,,,,,,,,,,,,,,,,,,,,,,,,,,,,,,,,,,,,,,,,,,,,,,,,,,,,,,,,,,,,,,,,,592.015,593.6979,1,1.678,,,,,,TAFCstimuli02/numnym001.wav,,,,,,,,2,4,18,0,1,,,,,,,,,,,,,,,,,,,,,
,,,,,265808,001,2024-05-22_11h59.52.700,AXB:2AFC Experiments (16.05.2024),2024.1.3,MacIntel,59.88023952,,,,,,,,,,,,,,,,,,,,,,,,,,,,,,nym,,,,,,,,,,,,,,,,,,,,,,,,,,,,,,,,,,,,,,,,,,,,,,,,,,,,,,,,,,,,,,,,,,,,,,,,,,,,,,,,,,,,,,,,,,,,,,,,,,,,,,,,,,,,,593.6982,595.2136,2,1.5125,,,,,,TAFCstimuli02/numnym007.wav,,,,,,,,2,5,19,6,1,,,,,,,,,,,,,,,,,,,,,
,,,,,265808,001,2024-05-22_11h59.52.700,AXB:2AFC Experiments (16.05.2024),2024.1.3,MacIntel,59.88023952,,,,,,,,,,,,,,,,,,,,,,,,,,,,,,nym,,,,,,,,,,,,,,,,,,,,,,,,,,,,,,,,,,,,,,,,,,,,,,,,,,,,,,,,,,,,,,,,,,,,,,,,,,,,,,,,,,,,,,,,,,,,,,,,,,,,,,,,,,,,,595.214,596.5975,2,1.3793,,,,,,TAFCstimuli02/numnym005.wav,,,,,,,,2,6,20,4,1,,,,,,,,,,,,,,,,,,,,,
,,,,,265808,001,2024-05-22_11h59.52.700,AXB:2AFC Experiments (16.05.2024),2024.1.3,MacIntel,59.88023952,,,,,,,,,,,,,,,,,,,,,,,,,,,,,,,596.5982,597.3646,space,0.7507,,,,,,,,,,,,,,,,,,,,,,,,,,,,,,,,,,,,,,,,,,,,,,,,,,,,,,,,,,,,,,,,,,,,,,,,,,,,,,,,,,,,,,,,,,,,,,,,,,,,,,,,,,,,,,,,,,,,,,,,,,,,,,,,,,,,,,,,,,,,,,,,,,,
,,,,,265808,001,2024-05-22_11h59.52.700,AXB:2AFC Experiments (16.05.2024),2024.1.3,MacIntel,59.88023952,,,,,,,,,,,,,,,,,,,,,,,,,,,,,,num,,,,,,,,,,,,,,,,,,,,,,,,,,,,,,,,,,,,,,,,,,,,,,,,,,,,,,,,,,,,,,,,,,,,,,,,,,,,,,,,,,,,,,,,,,,,,,,,,,,,,,,,,,,,,597.3695,599.0643,1,1.6924,,,,,,TAFCstimuli02/numnym001.wav,,,,,,,,,,,,,0,0,0,0,1,,,,,,,,,,,,,,,,
,,,,,265808,001,2024-05-22_11h59.52.700,AXB:2AFC Experiments (16.05.2024),2024.1.3,MacIntel,59.88023952,,,,,,,,,,,,,,,,,,,,,,,,,,,,,,nym,,,,,,,,,,,,,,,,,,,,,,,,,,,,,,,,,,,,,,,,,,,,,,,,,,,,,,,,,,,,,,,,,,,,,,,,,,,,,,,,,,,,,,,,,,,,,,,,,,,,,,,,,,,,,599.0647,600.481,2,1.4135,,,,,,TAFCstimuli02/numnym005.wav,,,,,,,,,,,,,0,1,1,4,1,,,,,,,,,,,,,,,,
,,,,,265808,001,2024-05-22_11h59.52.700,AXB:2AFC Experiments (16.05.2024),2024.1.3,MacIntel,59.88023952,,,,,,,,,,,,,,,,,,,,,,,,,,,,,,nym,,,,,,,,,,,,,,,,,,,,,,,,,,,,,,,,,,,,,,,,,,,,,,,,,,,,,,,,,,,,,,,,,,,,,,,,,,,,,,,,,,,,,,,,,,,,,,,,,,,,,,,,,,,,,600.4813,603.3141,2,2.83,,,,,,TAFCstimuli02/numnym007.wav,,,,,,,,,,,,,0,2,2,6,1,,,,,,,,,,,,,,,,
,,,,,265808,001,2024-05-22_11h59.52.700,AXB:2AFC Experiments (16.05.2024),2024.1.3,MacIntel,59.88023952,,,,,,,,,,,,,,,,,,,,,,,,,,,,,,nym,,,,,,,,,,,,,,,,,,,,,,,,,,,,,,,,,,,,,,,,,,,,,,,,,,,,,,,,,,,,,,,,,,,,,,,,,,,,,,,,,,,,,,,,,,,,,,,,,,,,,,,,,,,,,603.3145,605.1141,2,1.7952,,,,,,TAFCstimuli02/numnym006.wav,,,,,,,,,,,,,0,3,3,5,1,,,,,,,,,,,,,,,,
,,,,,265808,001,2024-05-22_11h59.52.700,AXB:2AFC Experiments (16.05.2024),2024.1.3,MacIntel,59.88023952,,,,,,,,,,,,,,,,,,,,,,,,,,,,,,num,,,,,,,,,,,,,,,,,,,,,,,,,,,,,,,,,,,,,,,,,,,,,,,,,,,,,,,,,,,,,,,,,,,,,,,,,,,,,,,,,,,,,,,,,,,,,,,,,,,,,,,,,,,,,605.1143,606.4975,1,1.3796,,,,,,TAFCstimuli02/numnym002.wav,,,,,,,,,,,,,0,4,4,1,1,,,,,,,,,,,,,,,,
,,,,,265808,001,2024-05-22_11h59.52.700,AXB:2AFC Experiments (16.05.2024),2024.1.3,MacIntel,59.88023952,,,,,,,,,,,,,,,,,,,,,,,,,,,,,,/,,,,,,,,,,,,,,,,,,,,,,,,,,,,,,,,,,,,,,,,,,,,,,,,,,,,,,,,,,,,,,,,,,,,,,,,,,,,,,,,,,,,,,,,,,,,,,,,,,,,,,,,,,,,,606.4978,608.2465,2,1.7455,,,,,,TAFCstimuli02/numnym004.wav,,,,,,,,,,,,,0,5,5,3,1,,,,,,,,,,,,,,,,
,,,,,265808,001,2024-05-22_11h59.52.700,AXB:2AFC Experiments (16.05.2024),2024.1.3,MacIntel,59.88023952,,,,,,,,,,,,,,,,,,,,,,,,,,,,,,num,,,,,,,,,,,,,,,,,,,,,,,,,,,,,,,,,,,,,,,,,,,,,,,,,,,,,,,,,,,,,,,,,,,,,,,,,,,,,,,,,,,,,,,,,,,,,,,,,,,,,,,,,,,,,608.2468,610.1472,1,1.8958,,,,,,TAFCstimuli02/numnym003.wav,,,,,,,,,,,,,0,6,6,2,1,,,,,,,,,,,,,,,,
,,,,,265808,001,2024-05-22_11h59.52.700,AXB:2AFC Experiments (16.05.2024),2024.1.3,MacIntel,59.88023952,,,,,,,,,,,,,,,,,,,,,,,,,,,,,,/,,,,,,,,,,,,,,,,,,,,,,,,,,,,,,,,,,,,,,,,,,,,,,,,,,,,,,,,,,,,,,,,,,,,,,,,,,,,,,,,,,,,,,,,,,,,,,,,,,,,,,,,,,,,,610.1476,612.4804,2,2.3297,,,,,,TAFCstimuli02/numnym004.wav,,,,,,,,,,,,,1,0,7,3,1,,,,,,,,,,,,,,,,
,,,,,265808,001,2024-05-22_11h59.52.700,AXB:2AFC Experiments (16.05.2024),2024.1.3,MacIntel,59.88023952,,,,,,,,,,,,,,,,,,,,,,,,,,,,,,nym,,,,,,,,,,,,,,,,,,,,,,,,,,,,,,,,,,,,,,,,,,,,,,,,,,,,,,,,,,,,,,,,,,,,,,,,,,,,,,,,,,,,,,,,,,,,,,,,,,,,,,,,,,,,,612.4807,614.0637,2,1.5792,,,,,,TAFCstimuli02/numnym007.wav,,,,,,,,,,,,,1,1,8,6,1,,,,,,,,,,,,,,,,
,,,,,265808,001,2024-05-22_11h59.52.700,AXB:2AFC Experiments (16.05.2024),2024.1.3,MacIntel,59.88023952,,,,,,,,,,,,,,,,,,,,,,,,,,,,,,num,,,,,,,,,,,,,,,,,,,,,,,,,,,,,,,,,,,,,,,,,,,,,,,,,,,,,,,,,,,,,,,,,,,,,,,,,,,,,,,,,,,,,,,,,,,,,,,,,,,,,,,,,,,,,614.064,615.4972,1,1.4283,,,,,,TAFCstimuli02/numnym002.wav,,,,,,,,,,,,,1,2,9,1,1,,,,,,,,,,,,,,,,
,,,,,265808,001,2024-05-22_11h59.52.700,AXB:2AFC Experiments (16.05.2024),2024.1.3,MacIntel,59.88023952,,,,,,,,,,,,,,,,,,,,,,,,,,,,,,num,,,,,,,,,,,,,,,,,,,,,,,,,,,,,,,,,,,,,,,,,,,,,,,,,,,,,,,,,,,,,,,,,,,,,,,,,,,,,,,,,,,,,,,,,,,,,,,,,,,,,,,,,,,,,615.4974,616.8803,1,1.3784,,,,,,TAFCstimuli02/numnym003.wav,,,,,,,,,,,,,1,3,10,2,1,,,,,,,,,,,,,,,,
,,,,,265808,001,2024-05-22_11h59.52.700,AXB:2AFC Experiments (16.05.2024),2024.1.3,MacIntel,59.88023952,,,,,,,,,,,,,,,,,,,,,,,,,,,,,,nym,,,,,,,,,,,,,,,,,,,,,,,,,,,,,,,,,,,,,,,,,,,,,,,,,,,,,,,,,,,,,,,,,,,,,,,,,,,,,,,,,,,,,,,,,,,,,,,,,,,,,,,,,,,,,616.8808,618.2803,2,1.3949,,,,,,TAFCstimuli02/numnym005.wav,,,,,,,,,,,,,1,4,11,4,1,,,,,,,,,,,,,,,,
,,,,,265808,001,2024-05-22_11h59.52.700,AXB:2AFC Experiments (16.05.2024),2024.1.3,MacIntel,59.88023952,,,,,,,,,,,,,,,,,,,,,,,,,,,,,,nym,,,,,,,,,,,,,,,,,,,,,,,,,,,,,,,,,,,,,,,,,,,,,,,,,,,,,,,,,,,,,,,,,,,,,,,,,,,,,,,,,,,,,,,,,,,,,,,,,,,,,,,,,,,,,618.2807,619.697,2,1.4117,,,,,,TAFCstimuli02/numnym006.wav,,,,,,,,,,,,,1,5,12,5,1,,,,,,,,,,,,,,,,
,,,,,265808,001,2024-05-22_11h59.52.700,AXB:2AFC Experiments (16.05.2024),2024.1.3,MacIntel,59.88023952,,,,,,,,,,,,,,,,,,,,,,,,,,,,,,num,,,,,,,,,,,,,,,,,,,,,,,,,,,,,,,,,,,,,,,,,,,,,,,,,,,,,,,,,,,,,,,,,,,,,,,,,,,,,,,,,,,,,,,,,,,,,,,,,,,,,,,,,,,,,619.6972,621.0802,1,1.378,,,,,,TAFCstimuli02/numnym001.wav,,,,,,,,,,,,,1,6,13,0,1,,,,,,,,,,,,,,,,
,,,,,265808,001,2024-05-22_11h59.52.700,AXB:2AFC Experiments (16.05.2024),2024.1.3,MacIntel,59.88023952,,,,,,,,,,,,,,,,,,,,,,,,,,,,,,,,,,,,,,,,,,,,,,,,,,,,,,,,,,,,,,,,,,,,,,,,,,,,,,,,,,,,,,,,,,,,,,,,,,,,,,,,,,,,,,,,,,,,,,,,,,,,,,,,,,,,,,,,,,,,,,,,,,,,,,,,,,,,,,,,,,,,,,621.0809,623.9808,0,[623.981],[623.981],,,,,,,,,,,
,,,,,265808,001,2024-05-22_11h59.52.700,AXB:2AFC Experiments (16.05.2024),2024.1.3,MacIntel,59.88023952,,,,,,,,,,,,,,,,,,,,,,,,,,,,,,/,,,,,,,,,,,,,,,,,,,,,,,,,,,,,,,,,,,,,,,,,,,,,,,,,,,,,,,,,,,,,,,,,,,,,,,,,,,,,,,,,,,,,,,,,,,,,,,,,,,,,,,,,,,,,623.9845,625.7636,2,1.7746,,,,,,TAFCstimuli02/numnym004.wav,,,,,,,,,,,,,,,,,,,,,,,,0,0,0,3,1,,,,,
,,,,,265808,001,2024-05-22_11h59.52.700,AXB:2AFC Experiments (16.05.2024),2024.1.3,MacIntel,59.88023952,,,,,,,,,,,,,,,,,,,,,,,,,,,,,,nym,,,,,,,,,,,,,,,,,,,,,,,,,,,,,,,,,,,,,,,,,,,,,,,,,,,,,,,,,,,,,,,,,,,,,,,,,,,,,,,,,,,,,,,,,,,,,,,,,,,,,,,,,,,,,625.764,627.1461,2,1.3778,,,,,,TAFCstimuli02/numnym005.wav,,,,,,,,,,,,,,,,,,,,,,,,0,1,1,4,1,,,,,
,,,,,265808,001,2024-05-22_11h59.52.700,AXB:2AFC Experiments (16.05.2024),2024.1.3,MacIntel,59.88023952,,,,,,,,,,,,,,,,,,,,,,,,,,,,,,num,,,,,,,,,,,,,,,,,,,,,,,,,,,,,,,,,,,,,,,,,,,,,,,,,,,,,,,,,,,,,,,,,,,,,,,,,,,,,,,,,,,,,,,,,,,,,,,,,,,,,,,,,,,,,627.1464,628.4296,1,1.2794,,,,,,TAFCstimuli02/numnym001.wav,,,,,,,,,,,,,,,,,,,,,,,,0,2,2,0,1,,,,,
,,,,,265808,001,2024-05-22_11h59.52.700,AXB:2AFC Experiments (16.05.2024),2024.1.3,MacIntel,59.88023952,,,,,,,,,,,,,,,,,,,,,,,,,,,,,,nym,,,,,,,,,,,,,,,,,,,,,,,,,,,,,,,,,,,,,,,,,,,,,,,,,,,,,,,,,,,,,,,,,,,,,,,,,,,,,,,,,,,,,,,,,,,,,,,,,,,,,,,,,,,,,628.4299,629.7965,2,1.3623,,,,,,TAFCstimuli02/numnym006.wav,,,,,,,,,,,,,,,,,,,,,,,,0,3,3,5,1,,,,,
,,,,,265808,001,2024-05-22_11h59.52.700,AXB:2AFC Experiments (16.05.2024),2024.1.3,MacIntel,59.88023952,,,,,,,,,,,,,,,,,,,,,,,,,,,,,,num,,,,,,,,,,,,,,,,,,,,,,,,,,,,,,,,,,,,,,,,,,,,,,,,,,,,,,,,,,,,,,,,,,,,,,,,,,,,,,,,,,,,,,,,,,,,,,,,,,,,,,,,,,,,,629.797,631.5464,1,1.7447,,,,,,TAFCstimuli02/numnym003.wav,,,,,,,,,,,,,,,,,,,,,,,,0,4,4,2,1,,,,,
,,,,,265808,001,2024-05-22_11h59.52.700,AXB:2AFC Experiments (16.05.2024),2024.1.3,MacIntel,59.88023952,,,,,,,,,,,,,,,,,,,,,,,,,,,,,,num,,,,,,,,,,,,,,,,,,,,,,,,,,,,,,,,,,,,,,,,,,,,,,,,,,,,,,,,,,,,,,,,,,,,,,,,,,,,,,,,,,,,,,,,,,,,,,,,,,,,,,,,,,,,,631.5467,633.1131,1,1.5626,,,,,,TAFCstimuli02/numnym002.wav,,,,,,,,,,,,,,,,,,,,,,,,0,5,5,1,1,,,,,
,,,,,265808,001,2024-05-22_11h59.52.700,AXB:2AFC Experiments (16.05.2024),2024.1.3,MacIntel,59.88023952,,,,,,,,,,,,,,,,,,,,,,,,,,,,,,nym,,,,,,,,,,,,,,,,,,,,,,,,,,,,,,,,,,,,,,,,,,,,,,,,,,,,,,,,,,,,,,,,,,,,,,,,,,,,,,,,,,,,,,,,,,,,,,,,,,,,,,,,,,,,,633.1136,634.5795,2,1.4612,,,,,,TAFCstimuli02/numnym007.wav,,,,,,,,,,,,,,,,,,,,,,,,0,6,6,6,1,,,,,
,,,,,265808,001,2024-05-22_11h59.52.700,AXB:2AFC Experiments (16.05.2024),2024.1.3,MacIntel,59.88023952,,,,,,,,,,,,,,,,,,,,,,,,,,,,,,num,,,,,,,,,,,,,,,,,,,,,,,,,,,,,,,,,,,,,,,,,,,,,,,,,,,,,,,,,,,,,,,,,,,,,,,,,,,,,,,,,,,,,,,,,,,,,,,,,,,,,,,,,,,,,634.5798,636.3789,1,1.7952,,,,,,TAFCstimuli02/numnym003.wav,,,,,,,,,,,,,,,,,,,,,,,,1,0,7,2,1,,,,,
,,,,,265808,001,2024-05-22_11h59.52.700,AXB:2AFC Experiments (16.05.2024),2024.1.3,MacIntel,59.88023952,,,,,,,,,,,,,,,,,,,,,,,,,,,,,,num,,,,,,,,,,,,,,,,,,,,,,,,,,,,,,,,,,,,,,,,,,,,,,,,,,,,,,,,,,,,,,,,,,,,,,,,,,,,,,,,,,,,,,,,,,,,,,,,,,,,,,,,,,,,,636.3794,637.913,1,1.5289,,,,,,TAFCstimuli02/numnym002.wav,,,,,,,,,,,,,,,,,,,,,,,,1,1,8,1,1,,,,,
,,,,,265808,001,2024-05-22_11h59.52.700,AXB:2AFC Experiments (16.05.2024),2024.1.3,MacIntel,59.88023952,,,,,,,,,,,,,,,,,,,,,,,,,,,,,,num,,,,,,,,,,,,,,,,,,,,,,,,,,,,,,,,,,,,,,,,,,,,,,,,,,,,,,,,,,,,,,,,,,,,,,,,,,,,,,,,,,,,,,,,,,,,,,,,,,,,,,,,,,,,,637.9133,639.1634,1,1.2453,,,,,,TAFCstimuli02/numnym001.wav,,,,,,,,,,,,,,,,,,,,,,,,1,2,9,0,1,,,,,
,,,,,265808,001,2024-05-22_11h59.52.700,AXB:2AFC Experiments (16.05.2024),2024.1.3,MacIntel,59.88023952,,,,,,,,,,,,,,,,,,,,,,,,,,,,,,nym,,,,,,,,,,,,,,,,,,,,,,,,,,,,,,,,,,,,,,,,,,,,,,,,,,,,,,,,,,,,,,,,,,,,,,,,,,,,,,,,,,,,,,,,,,,,,,,,,,,,,,,,,,,,,639.1638,640.6294,2,1.4613,,,,,,TAFCstimuli02/numnym006.wav,,,,,,,,,,,,,,,,,,,,,,,,1,3,10,5,1,,,,,
,,,,,265808,001,2024-05-22_11h59.52.700,AXB:2AFC Experiments (16.05.2024),2024.1.3,MacIntel,59.88023952,,,,,,,,,,,,,,,,,,,,,,,,,,,,,,nym,,,,,,,,,,,,,,,,,,,,,,,,,,,,,,,,,,,,,,,,,,,,,,,,,,,,,,,,,,,,,,,,,,,,,,,,,,,,,,,,,,,,,,,,,,,,,,,,,,,,,,,,,,,,,640.6299,641.796,2,1.1619,,,,,,TAFCstimuli02/numnym005.wav,,,,,,,,,,,,,,,,,,,,,,,,1,4,11,4,1,,,,,
,,,,,265808,001,2024-05-22_11h59.52.700,AXB:2AFC Experiments (16.05.2024),2024.1.3,MacIntel,59.88023952,,,,,,,,,,,,,,,,,,,,,,,,,,,,,,/,,,,,,,,,,,,,,,,,,,,,,,,,,,,,,,,,,,,,,,,,,,,,,,,,,,,,,,,,,,,,,,,,,,,,,,,,,,,,,,,,,,,,,,,,,,,,,,,,,,,,,,,,,,,,641.7963,643.0119,2,1.2124,,,,,,TAFCstimuli02/numnym004.wav,,,,,,,,,,,,,,,,,,,,,,,,1,5,12,3,1,,,,,
,,,,,265808,001,2024-05-22_11h59.52.700,AXB:2AFC Experiments (16.05.2024),2024.1.3,MacIntel,59.88023952,,,,,,,,,,,,,,,,,,,,,,,,,,,,,,nym,,,,,,,,,,,,,,,,,,,,,,,,,,,,,,,,,,,,,,,,,,,,,,,,,,,,,,,,,,,,,,,,,,,,,,,,,,,,,,,,,,,,,,,,,,,,,,,,,,,,,,,,,,,,,643.0121,644.6125,2,1.5971,,,,,,TAFCstimuli02/numnym007.wav,,,,,,,,,,,,,,,,,,,,,,,,1,6,13,6,1,,,,,
,,,,,265808,001,2024-05-22_11h59.52.700,AXB:2AFC Experiments (16.05.2024),2024.1.3,MacIntel,59.88023952,,,,,,,,,,,,,,,,,,,,,,,,,,,,,,,,,,,,,,,,,,,,,,,,,,,,,,,,,,,,,,,,,,,,,,,,,,,,,,,,,,,,,,,,,,,,,,,,,,,,,,,,,,,,,,,,,,,,,,,,,,,,,,,,,,,,,,,,,,,,,,,,,,,,,,,,,,,,,,,,,,,,,,,,,,,,,,,,,644.6133,667.3289,space,22.6921,
