﻿start.started,start.stopped,startkey_resp.keys,startkey_resp.rt,startkey_resp.duration,participant,session,date,expName,psychopyVersion,OS,frameRate,attention.started,attention.stopped,key_resp.keys,key_resp.rt,key_resp.duration,stimuliAXBmix.started,stimuliAXBmix.stopped,stimuliAXBkey_resp.keys,stimuliAXBkey_resp.rt,stimuliAXBkey_resp.duration,stimuliAXBtesttrials.thisRepN,stimuliAXBtesttrials.thisTrialN,stimuliAXBtesttrials.thisN,stimuliAXBtesttrials.thisIndex,stimuliAXBtesttrials.ran,stimuliAXBmix,Correct,attentionsecond.started,attentionsecond.stopped,attentionsecondkey_resp.keys,attentionsecondkey_resp.rt,attentionsecondkey_resp.duration,instAXBreal.started,instAXBreal.stopped,instAXBrealkey_resp.keys,instAXBrealkey_resp.rt,instAXBrealkey_resp.duration,stimuliAXBmixfirst.thisRepN,stimuliAXBmixfirst.thisTrialN,stimuliAXBmixfirst.thisN,stimuliAXBmixfirst.thisIndex,stimuliAXBmixfirst.ran,attentionfirst.started,attentionfirst.stopped,attentionfirstkey_resp.keys,attentionfirstkey_resp.rt,attentionfirstkey_resp.duration,stimuliAXbmixsec.thisRepN,stimuliAXbmixsec.thisTrialN,stimuliAXbmixsec.thisN,stimuliAXbmixsec.thisIndex,stimuliAXbmixsec.ran,kaffeepause.started,kaffeepause.stopped,kaffeepausekey_resp.keys,kaffeepausekey_resp.rt,kaffeepausekey_resp.duration,instTAFCtest.started,instTAFCtest.stopped,instTAFCtestkey_resp.keys,instTAFCtestkey_resp.rt,instTAFCtestkey_resp.duration,testTAFCmixfirst.started,testTAFCmixfirst.stopped,testTAFCmixfirstkey_resp.keys,testTAFCmixfirstkey_resp.rt,testTAFCmixfirstkey_resp.duration,testTAFCmixfirsttrials.thisRepN,testTAFCmixfirsttrials.thisTrialN,testTAFCmixfirsttrials.thisN,testTAFCmixfirsttrials.thisIndex,testTAFCmixfirsttrials.ran,testTAFCmixfirst,testTAFCmixsec.started,testTAFCmixsec.stopped,testTAFCmixseckey_resp.keys,testTAFCmixseckey_resp.rt,testTAFCmixseckey_resp.duration,testTAFCmixsectrials.thisRepN,testTAFCmixsectrials.thisTrialN,testTAFCmixsectrials.thisN,testTAFCmixsectrials.thisIndex,testTAFCmixsectrials.ran,testTAFCmixsec,instTAFCreal.started,instTAFCreal.stopped,instTAFCrealkey_resp.keys,instTAFCrealkey_resp.rt,instTAFCrealkey_resp.duration,stimuliTAFCfirst.started,stimuliTAFCfirst.stopped,stimuliTAFCfirstkey_resp.keys,stimuliTAFCfirstkey_resp.rt,stimuliTAFCfirstkey_resp.duration,stimuliTAFCfirsttrials.thisRepN,stimuliTAFCfirsttrials.thisTrialN,stimuliTAFCfirsttrials.thisN,stimuliTAFCfirsttrials.thisIndex,stimuliTAFCfirsttrials.ran,stimuliTAFCfirst,stimuliTAFCsec.started,stimuliTAFCsec.stopped,stimuliTAFCseckey_resp.keys,stimuliTAFCseckey_resp.rt,stimuliTAFCseckey_resp.duration,stimuliTAFCsectrials.thisRepN,stimuliTAFCsectrials.thisTrialN,stimuliTAFCsectrials.thisN,stimuliTAFCsectrials.thisIndex,stimuliTAFCsectrials.ran,stimuliTAFCsec,end.started,end.stopped
0.0005,7.4464,space,7.3308,,32,001,2024-05-24_09h21.08.184,mathesisv2,2024.1.3,Win32,59.52380952,,,,,,,,,,,,,,,,,,,,,,,,,,,,,,,,,,,,,,,,,,,,,,,,,,,,,,,,,,,,,,,,,,,,,,,,,,,,,,,,,,,,,,,,,,,,,,,,,,,,,,,
,,,,,32,001,2024-05-24_09h21.08.184,mathesisv2,2024.1.3,Win32,59.52380952,7.4478,13.7621,space,6.1971,,,,,,,,,,,,,,,,,,,,,,,,,,,,,,,,,,,,,,,,,,,,,,,,,,,,,,,,,,,,,,,,,,,,,,,,,,,,,,,,,,,,,,,,,,,,,,,,,,,
,,,,,32,001,2024-05-24_09h21.08.184,mathesisv2,2024.1.3,Win32,59.52380952,,,,,,13.8497,21.2716,f,7.3611,,0,0,0,1,1,stimuliAXBmix/iyystimulus.wav,f,,,,,,,,,,,,,,,,,,,,,,,,,,,,,,,,,,,,,,,,,,,,,,,,,,,,,,,,,,,,,,,,,,,,,,,,,,,,,,,,,,,,,,
,,,,,32,001,2024-05-24_09h21.08.184,mathesisv2,2024.1.3,Win32,59.52380952,,,,,,21.2725,26.5717,l,5.2783,,0,1,1,0,1,stimuliAXBmix/iiystimulus.wav,l,,,,,,,,,,,,,,,,,,,,,,,,,,,,,,,,,,,,,,,,,,,,,,,,,,,,,,,,,,,,,,,,,,,,,,,,,,,,,,,,,,,,,,
,,,,,32,001,2024-05-24_09h21.08.184,mathesisv2,2024.1.3,Win32,59.52380952,,,,,,26.5724,29.896,f,3.3034,,0,2,2,2,1,stimuliAXBmix/yuustimulus.wav,f,,,,,,,,,,,,,,,,,,,,,,,,,,,,,,,,,,,,,,,,,,,,,,,,,,,,,,,,,,,,,,,,,,,,,,,,,,,,,,,,,,,,,,
,,,,,32,001,2024-05-24_09h21.08.184,mathesisv2,2024.1.3,Win32,59.52380952,,,,,,29.8973,33.4614,l,3.5488,,0,3,3,3,1,stimuliAXBmix/yyustimulus.wav,l,,,,,,,,,,,,,,,,,,,,,,,,,,,,,,,,,,,,,,,,,,,,,,,,,,,,,,,,,,,,,,,,,,,,,,,,,,,,,,,,,,,,,,
,,,,,32,001,2024-05-24_09h21.08.184,mathesisv2,2024.1.3,Win32,59.52380952,,,,,,,,,,,,,,,,,,33.4621,36.9122,space,3.4181,,,,,,,,,,,,,,,,,,,,,,,,,,,,,,,,,,,,,,,,,,,,,,,,,,,,,,,,,,,,,,,,,,,,,,,,,,,,,,,,,,
,,,,,32,001,2024-05-24_09h21.08.184,mathesisv2,2024.1.3,Win32,59.52380952,,,,,,,,,,,,,,,,,,,,,,,36.9127,44.7753,space,7.8187,,,,,,,,,,,,,,,,,,,,,,,,,,,,,,,,,,,,,,,,,,,,,,,,,,,,,,,,,,,,,,,,,,,,,,,,,,,,,
,,,,,32,001,2024-05-24_09h21.08.184,mathesisv2,2024.1.3,Win32,59.52380952,,,,,,44.8577,49.4643,l,4.5936,,,,,,,stimuliAXBmix/yyustimulus.wav,l,,,,,,,,,,,0,0,0,3,1,,,,,,,,,,,,,,,,,,,,,,,,,,,,,,,,,,,,,,,,,,,,,,,,,,,,,,,,,,,,,,,,,,,,,,,
,,,,,32,001,2024-05-24_09h21.08.184,mathesisv2,2024.1.3,Win32,59.52380952,,,,,,49.4975,53.0429,f,3.53,,,,,,,stimuliAXBmix/iyystimulus.wav,f,,,,,,,,,,,0,1,1,1,1,,,,,,,,,,,,,,,,,,,,,,,,,,,,,,,,,,,,,,,,,,,,,,,,,,,,,,,,,,,,,,,,,,,,,,,
,,,,,32,001,2024-05-24_09h21.08.184,mathesisv2,2024.1.3,Win32,59.52380952,,,,,,53.0777,56.3325,f,3.2473,,,,,,,stimuliAXBmix/yuustimulus.wav,f,,,,,,,,,,,0,2,2,2,1,,,,,,,,,,,,,,,,,,,,,,,,,,,,,,,,,,,,,,,,,,,,,,,,,,,,,,,,,,,,,,,,,,,,,,,
,,,,,32,001,2024-05-24_09h21.08.184,mathesisv2,2024.1.3,Win32,59.52380952,,,,,,56.3719,60.5587,l,4.1768,,,,,,,stimuliAXBmix/iiystimulus.wav,l,,,,,,,,,,,0,3,3,0,1,,,,,,,,,,,,,,,,,,,,,,,,,,,,,,,,,,,,,,,,,,,,,,,,,,,,,,,,,,,,,,,,,,,,,,,
,,,,,32,001,2024-05-24_09h21.08.184,mathesisv2,2024.1.3,Win32,59.52380952,,,,,,60.5949,64.0251,l,3.4227,,,,,,,stimuliAXBmix/yyustimulus.wav,l,,,,,,,,,,,1,0,4,3,1,,,,,,,,,,,,,,,,,,,,,,,,,,,,,,,,,,,,,,,,,,,,,,,,,,,,,,,,,,,,,,,,,,,,,,,
,,,,,32,001,2024-05-24_09h21.08.184,mathesisv2,2024.1.3,Win32,59.52380952,,,,,,64.0259,68.6277,f,4.5873,,,,,,,stimuliAXBmix/iyystimulus.wav,f,,,,,,,,,,,1,1,5,1,1,,,,,,,,,,,,,,,,,,,,,,,,,,,,,,,,,,,,,,,,,,,,,,,,,,,,,,,,,,,,,,,,,,,,,,,
,,,,,32,001,2024-05-24_09h21.08.184,mathesisv2,2024.1.3,Win32,59.52380952,,,,,,68.665,71.8641,f,3.187,,,,,,,stimuliAXBmix/yuustimulus.wav,f,,,,,,,,,,,1,2,6,2,1,,,,,,,,,,,,,,,,,,,,,,,,,,,,,,,,,,,,,,,,,,,,,,,,,,,,,,,,,,,,,,,,,,,,,,,
,,,,,32,001,2024-05-24_09h21.08.184,mathesisv2,2024.1.3,Win32,59.52380952,,,,,,71.8655,75.3075,l,3.4138,,,,,,,stimuliAXBmix/iiystimulus.wav,l,,,,,,,,,,,1,3,7,0,1,,,,,,,,,,,,,,,,,,,,,,,,,,,,,,,,,,,,,,,,,,,,,,,,,,,,,,,,,,,,,,,,,,,,,,,
,,,,,32,001,2024-05-24_09h21.08.184,mathesisv2,2024.1.3,Win32,59.52380952,,,,,,75.342,78.6809,f,3.3276,,,,,,,stimuliAXBmix/yuustimulus.wav,f,,,,,,,,,,,2,0,8,2,1,,,,,,,,,,,,,,,,,,,,,,,,,,,,,,,,,,,,,,,,,,,,,,,,,,,,,,,,,,,,,,,,,,,,,,,
,,,,,32,001,2024-05-24_09h21.08.184,mathesisv2,2024.1.3,Win32,59.52380952,,,,,,78.6818,82.0747,l,3.3668,,,,,,,stimuliAXBmix/yyustimulus.wav,l,,,,,,,,,,,2,1,9,3,1,,,,,,,,,,,,,,,,,,,,,,,,,,,,,,,,,,,,,,,,,,,,,,,,,,,,,,,,,,,,,,,,,,,,,,,
,,,,,32,001,2024-05-24_09h21.08.184,mathesisv2,2024.1.3,Win32,59.52380952,,,,,,82.0755,85.238,l,3.1457,,,,,,,stimuliAXBmix/iiystimulus.wav,l,,,,,,,,,,,2,2,10,0,1,,,,,,,,,,,,,,,,,,,,,,,,,,,,,,,,,,,,,,,,,,,,,,,,,,,,,,,,,,,,,,,,,,,,,,,
,,,,,32,001,2024-05-24_09h21.08.184,mathesisv2,2024.1.3,Win32,59.52380952,,,,,,85.276,90.1044,f,4.8193,,,,,,,stimuliAXBmix/iyystimulus.wav,f,,,,,,,,,,,2,3,11,1,1,,,,,,,,,,,,,,,,,,,,,,,,,,,,,,,,,,,,,,,,,,,,,,,,,,,,,,,,,,,,,,,,,,,,,,,
,,,,,32,001,2024-05-24_09h21.08.184,mathesisv2,2024.1.3,Win32,59.52380952,,,,,,106.32,122.8424,l,16.5153,,,,,,,stimuliAXBmix/iiystimulus.wav,l,,,,,,,,,,,,,,,,90.1077,106.2915,return,16.1536,,0,0,0,0,1,,,,,,,,,,,,,,,,,,,,,,,,,,,,,,,,,,,,,,,,,,,,,,,,,,,,,,,,,,,,,
,,,,,32,001,2024-05-24_09h21.08.184,mathesisv2,2024.1.3,Win32,59.52380952,,,,,,122.8666,130.2553,f,7.3784,,,,,,,stimuliAXBmix/yuustimulus.wav,f,,,,,,,,,,,,,,,,,,,,,0,1,1,2,1,,,,,,,,,,,,,,,,,,,,,,,,,,,,,,,,,,,,,,,,,,,,,,,,,,,,,,,,,,,,,
,,,,,32,001,2024-05-24_09h21.08.184,mathesisv2,2024.1.3,Win32,59.52380952,,,,,,130.2785,133.6092,f,3.3239,,,,,,,stimuliAXBmix/iyystimulus.wav,f,,,,,,,,,,,,,,,,,,,,,0,2,2,1,1,,,,,,,,,,,,,,,,,,,,,,,,,,,,,,,,,,,,,,,,,,,,,,,,,,,,,,,,,,,,,
,,,,,32,001,2024-05-24_09h21.08.184,mathesisv2,2024.1.3,Win32,59.52380952,,,,,,133.6395,136.7,l,3.0526,,,,,,,stimuliAXBmix/yyustimulus.wav,l,,,,,,,,,,,,,,,,,,,,,0,3,3,3,1,,,,,,,,,,,,,,,,,,,,,,,,,,,,,,,,,,,,,,,,,,,,,,,,,,,,,,,,,,,,,
,,,,,32,001,2024-05-24_09h21.08.184,mathesisv2,2024.1.3,Win32,59.52380952,,,,,,136.7019,139.8237,l,3.1027,,,,,,,stimuliAXBmix/yyustimulus.wav,l,,,,,,,,,,,,,,,,,,,,,1,0,4,3,1,,,,,,,,,,,,,,,,,,,,,,,,,,,,,,,,,,,,,,,,,,,,,,,,,,,,,,,,,,,,,
,,,,,32,001,2024-05-24_09h21.08.184,mathesisv2,2024.1.3,Win32,59.52380952,,,,,,139.859,143.1719,f,3.3048,,,,,,,stimuliAXBmix/yuustimulus.wav,f,,,,,,,,,,,,,,,,,,,,,1,1,5,2,1,,,,,,,,,,,,,,,,,,,,,,,,,,,,,,,,,,,,,,,,,,,,,,,,,,,,,,,,,,,,,
,,,,,32,001,2024-05-24_09h21.08.184,mathesisv2,2024.1.3,Win32,59.52380952,,,,,,143.2072,149.1913,l,5.9769,,,,,,,stimuliAXBmix/iiystimulus.wav,l,,,,,,,,,,,,,,,,,,,,,1,2,6,0,1,,,,,,,,,,,,,,,,,,,,,,,,,,,,,,,,,,,,,,,,,,,,,,,,,,,,,,,,,,,,,
,,,,,32,001,2024-05-24_09h21.08.184,mathesisv2,2024.1.3,Win32,59.52380952,,,,,,149.2254,152.8388,f,3.6045,,,,,,,stimuliAXBmix/iyystimulus.wav,f,,,,,,,,,,,,,,,,,,,,,1,3,7,1,1,,,,,,,,,,,,,,,,,,,,,,,,,,,,,,,,,,,,,,,,,,,,,,,,,,,,,,,,,,,,,
,,,,,32,001,2024-05-24_09h21.08.184,mathesisv2,2024.1.3,Win32,59.52380952,,,,,,160.1715,163.5049,l,3.3262,,,,,,,stimuliAXBmix/yyustimulus.wav,l,,,,,,,,,,,0,0,0,3,1,,,,,,,,,,,152.8404,160.1358,space,7.2551,,,,,,,,,,,,,,,,,,,,,,,,,,,,,,,,,,,,,,,,,,,,,,,,,,,,,,,,,
,,,,,32,001,2024-05-24_09h21.08.184,mathesisv2,2024.1.3,Win32,59.52380952,,,,,,163.5416,166.6575,f,3.1077,,,,,,,stimuliAXBmix/iyystimulus.wav,f,,,,,,,,,,,0,1,1,1,1,,,,,,,,,,,,,,,,,,,,,,,,,,,,,,,,,,,,,,,,,,,,,,,,,,,,,,,,,,,,,,,,,,,,,,,
,,,,,32,001,2024-05-24_09h21.08.184,mathesisv2,2024.1.3,Win32,59.52380952,,,,,,166.6583,170.1936,f,3.5195,,,,,,,stimuliAXBmix/yuustimulus.wav,f,,,,,,,,,,,0,2,2,2,1,,,,,,,,,,,,,,,,,,,,,,,,,,,,,,,,,,,,,,,,,,,,,,,,,,,,,,,,,,,,,,,,,,,,,,,
,,,,,32,001,2024-05-24_09h21.08.184,mathesisv2,2024.1.3,Win32,59.52380952,,,,,,170.2176,174.4416,l,4.2166,,,,,,,stimuliAXBmix/iiystimulus.wav,l,,,,,,,,,,,0,3,3,0,1,,,,,,,,,,,,,,,,,,,,,,,,,,,,,,,,,,,,,,,,,,,,,,,,,,,,,,,,,,,,,,,,,,,,,,,
,,,,,32,001,2024-05-24_09h21.08.184,mathesisv2,2024.1.3,Win32,59.52380952,,,,,,174.4766,180.778,f,6.2908,,,,,,,stimuliAXBmix/iyystimulus.wav,f,,,,,,,,,,,1,0,4,1,1,,,,,,,,,,,,,,,,,,,,,,,,,,,,,,,,,,,,,,,,,,,,,,,,,,,,,,,,,,,,,,,,,,,,,,,
,,,,,32,001,2024-05-24_09h21.08.184,mathesisv2,2024.1.3,Win32,59.52380952,,,,,,180.8158,184.3267,f,3.5031,,,,,,,stimuliAXBmix/yuustimulus.wav,f,,,,,,,,,,,1,1,5,2,1,,,,,,,,,,,,,,,,,,,,,,,,,,,,,,,,,,,,,,,,,,,,,,,,,,,,,,,,,,,,,,,,,,,,,,,
,,,,,32,001,2024-05-24_09h21.08.184,mathesisv2,2024.1.3,Win32,59.52380952,,,,,,184.3626,187.539,l,3.1686,,,,,,,stimuliAXBmix/iiystimulus.wav,l,,,,,,,,,,,1,2,6,0,1,,,,,,,,,,,,,,,,,,,,,,,,,,,,,,,,,,,,,,,,,,,,,,,,,,,,,,,,,,,,,,,,,,,,,,,
,,,,,32,001,2024-05-24_09h21.08.184,mathesisv2,2024.1.3,Win32,59.52380952,,,,,,187.5817,190.8335,l,3.2429,,,,,,,stimuliAXBmix/yyustimulus.wav,l,,,,,,,,,,,1,3,7,3,1,,,,,,,,,,,,,,,,,,,,,,,,,,,,,,,,,,,,,,,,,,,,,,,,,,,,,,,,,,,,,,,,,,,,,,,
,,,,,32,001,2024-05-24_09h21.08.184,mathesisv2,2024.1.3,Win32,59.52380952,,,,,,190.8341,194.2137,f,3.3577,,,,,,,stimuliAXBmix/yuustimulus.wav,f,,,,,,,,,,,2,0,8,2,1,,,,,,,,,,,,,,,,,,,,,,,,,,,,,,,,,,,,,,,,,,,,,,,,,,,,,,,,,,,,,,,,,,,,,,,
,,,,,32,001,2024-05-24_09h21.08.184,mathesisv2,2024.1.3,Win32,59.52380952,,,,,,194.2414,197.5838,f,3.3345,,,,,,,stimuliAXBmix/iyystimulus.wav,f,,,,,,,,,,,2,1,9,1,1,,,,,,,,,,,,,,,,,,,,,,,,,,,,,,,,,,,,,,,,,,,,,,,,,,,,,,,,,,,,,,,,,,,,,,,
,,,,,32,001,2024-05-24_09h21.08.184,mathesisv2,2024.1.3,Win32,59.52380952,,,,,,197.5847,200.8785,l,3.2673,,,,,,,stimuliAXBmix/yyustimulus.wav,l,,,,,,,,,,,2,2,10,3,1,,,,,,,,,,,,,,,,,,,,,,,,,,,,,,,,,,,,,,,,,,,,,,,,,,,,,,,,,,,,,,,,,,,,,,,
,,,,,32,001,2024-05-24_09h21.08.184,mathesisv2,2024.1.3,Win32,59.52380952,,,,,,200.9194,205.5211,l,4.5938,,,,,,,stimuliAXBmix/iiystimulus.wav,l,,,,,,,,,,,2,3,11,0,1,,,,,,,,,,,,,,,,,,,,,,,,,,,,,,,,,,,,,,,,,,,,,,,,,,,,,,,,,,,,,,,,,,,,,,,
,,,,,32,001,2024-05-24_09h21.08.184,mathesisv2,2024.1.3,Win32,59.52380952,,,,,,207.9442,212.3203,l,4.3696,,,,,,,stimuliAXBmix/iiystimulus.wav,l,,,,,,,,,,,,,,,,205.5216,207.921,return,2.3843,,0,0,0,0,1,,,,,,,,,,,,,,,,,,,,,,,,,,,,,,,,,,,,,,,,,,,,,,,,,,,,,,,,,,,,,
,,,,,32,001,2024-05-24_09h21.08.184,mathesisv2,2024.1.3,Win32,59.52380952,,,,,,212.3488,215.2616,l,2.9044,,,,,,,stimuliAXBmix/yyustimulus.wav,l,,,,,,,,,,,,,,,,,,,,,0,1,1,3,1,,,,,,,,,,,,,,,,,,,,,,,,,,,,,,,,,,,,,,,,,,,,,,,,,,,,,,,,,,,,,
,,,,,32,001,2024-05-24_09h21.08.184,mathesisv2,2024.1.3,Win32,59.52380952,,,,,,215.2627,218.7031,f,3.4271,,,,,,,stimuliAXBmix/yuustimulus.wav,f,,,,,,,,,,,,,,,,,,,,,0,2,2,2,1,,,,,,,,,,,,,,,,,,,,,,,,,,,,,,,,,,,,,,,,,,,,,,,,,,,,,,,,,,,,,
,,,,,32,001,2024-05-24_09h21.08.184,mathesisv2,2024.1.3,Win32,59.52380952,,,,,,218.7373,223.0759,f,4.33,,,,,,,stimuliAXBmix/iyystimulus.wav,f,,,,,,,,,,,,,,,,,,,,,0,3,3,1,1,,,,,,,,,,,,,,,,,,,,,,,,,,,,,,,,,,,,,,,,,,,,,,,,,,,,,,,,,,,,,
,,,,,32,001,2024-05-24_09h21.08.184,mathesisv2,2024.1.3,Win32,59.52380952,,,,,,223.1063,226.2265,l,3.106,,,,,,,stimuliAXBmix/iiystimulus.wav,l,,,,,,,,,,,,,,,,,,,,,1,0,4,0,1,,,,,,,,,,,,,,,,,,,,,,,,,,,,,,,,,,,,,,,,,,,,,,,,,,,,,,,,,,,,,
,,,,,32,001,2024-05-24_09h21.08.184,mathesisv2,2024.1.3,Win32,59.52380952,,,,,,226.2717,229.178,l,2.8985,,,,,,,stimuliAXBmix/yyustimulus.wav,l,,,,,,,,,,,,,,,,,,,,,1,1,5,3,1,,,,,,,,,,,,,,,,,,,,,,,,,,,,,,,,,,,,,,,,,,,,,,,,,,,,,,,,,,,,,
,,,,,32,001,2024-05-24_09h21.08.184,mathesisv2,2024.1.3,Win32,59.52380952,,,,,,229.1791,232.9425,f,3.7449,,,,,,,stimuliAXBmix/iyystimulus.wav,f,,,,,,,,,,,,,,,,,,,,,1,2,6,1,1,,,,,,,,,,,,,,,,,,,,,,,,,,,,,,,,,,,,,,,,,,,,,,,,,,,,,,,,,,,,,
,,,,,32,001,2024-05-24_09h21.08.184,mathesisv2,2024.1.3,Win32,59.52380952,,,,,,232.9749,236.245,f,3.2621,,,,,,,stimuliAXBmix/yuustimulus.wav,f,,,,,,,,,,,,,,,,,,,,,1,3,7,2,1,,,,,,,,,,,,,,,,,,,,,,,,,,,,,,,,,,,,,,,,,,,,,,,,,,,,,,,,,,,,,
,,,,,32,001,2024-05-24_09h21.08.184,mathesisv2,2024.1.3,Win32,59.52380952,,,,,,249.5531,252.6708,l,3.1106,,,,,,,stimuliAXBmix/yyustimulus.wav,l,,,,,,,,,,,0,0,0,3,1,,,,,,,,,,,236.2455,249.5066,space,13.2332,,,,,,,,,,,,,,,,,,,,,,,,,,,,,,,,,,,,,,,,,,,,,,,,,,,,,,,,,
,,,,,32,001,2024-05-24_09h21.08.184,mathesisv2,2024.1.3,Win32,59.52380952,,,,,,252.6718,255.689,f,2.9977,,,,,,,stimuliAXBmix/yuustimulus.wav,f,,,,,,,,,,,0,1,1,2,1,,,,,,,,,,,,,,,,,,,,,,,,,,,,,,,,,,,,,,,,,,,,,,,,,,,,,,,,,,,,,,,,,,,,,,,
,,,,,32,001,2024-05-24_09h21.08.184,mathesisv2,2024.1.3,Win32,59.52380952,,,,,,255.7222,258.7219,l,2.992,,,,,,,stimuliAXBmix/iiystimulus.wav,l,,,,,,,,,,,0,2,2,0,1,,,,,,,,,,,,,,,,,,,,,,,,,,,,,,,,,,,,,,,,,,,,,,,,,,,,,,,,,,,,,,,,,,,,,,,
,,,,,32,001,2024-05-24_09h21.08.184,mathesisv2,2024.1.3,Win32,59.52380952,,,,,,258.7225,261.8356,f,3.0977,,,,,,,stimuliAXBmix/iyystimulus.wav,f,,,,,,,,,,,0,3,3,1,1,,,,,,,,,,,,,,,,,,,,,,,,,,,,,,,,,,,,,,,,,,,,,,,,,,,,,,,,,,,,,,,,,,,,,,,
,,,,,32,001,2024-05-24_09h21.08.184,mathesisv2,2024.1.3,Win32,59.52380952,,,,,,261.8694,265.201,f,3.3207,,,,,,,stimuliAXBmix/iyystimulus.wav,f,,,,,,,,,,,1,0,4,1,1,,,,,,,,,,,,,,,,,,,,,,,,,,,,,,,,,,,,,,,,,,,,,,,,,,,,,,,,,,,,,,,,,,,,,,,
,,,,,32,001,2024-05-24_09h21.08.184,mathesisv2,2024.1.3,Win32,59.52380952,,,,,,265.2016,268.2347,f,3.0138,,,,,,,stimuliAXBmix/yuustimulus.wav,f,,,,,,,,,,,1,1,5,2,1,,,,,,,,,,,,,,,,,,,,,,,,,,,,,,,,,,,,,,,,,,,,,,,,,,,,,,,,,,,,,,,,,,,,,,,
,,,,,32,001,2024-05-24_09h21.08.184,mathesisv2,2024.1.3,Win32,59.52380952,,,,,,268.2706,271.9473,l,3.6683,,,,,,,stimuliAXBmix/iiystimulus.wav,l,,,,,,,,,,,1,2,6,0,1,,,,,,,,,,,,,,,,,,,,,,,,,,,,,,,,,,,,,,,,,,,,,,,,,,,,,,,,,,,,,,,,,,,,,,,
,,,,,32,001,2024-05-24_09h21.08.184,mathesisv2,2024.1.3,Win32,59.52380952,,,,,,271.9843,275.7687,l,3.7768,,,,,,,stimuliAXBmix/yyustimulus.wav,l,,,,,,,,,,,1,3,7,3,1,,,,,,,,,,,,,,,,,,,,,,,,,,,,,,,,,,,,,,,,,,,,,,,,,,,,,,,,,,,,,,,,,,,,,,,
,,,,,32,001,2024-05-24_09h21.08.184,mathesisv2,2024.1.3,Win32,59.52380952,,,,,,275.7718,278.98,f,3.1936,,,,,,,stimuliAXBmix/yuustimulus.wav,f,,,,,,,,,,,2,0,8,2,1,,,,,,,,,,,,,,,,,,,,,,,,,,,,,,,,,,,,,,,,,,,,,,,,,,,,,,,,,,,,,,,,,,,,,,,
,,,,,32,001,2024-05-24_09h21.08.184,mathesisv2,2024.1.3,Win32,59.52380952,,,,,,279.0109,282.2543,f,3.236,,,,,,,stimuliAXBmix/iyystimulus.wav,f,,,,,,,,,,,2,1,9,1,1,,,,,,,,,,,,,,,,,,,,,,,,,,,,,,,,,,,,,,,,,,,,,,,,,,,,,,,,,,,,,,,,,,,,,,,
,,,,,32,001,2024-05-24_09h21.08.184,mathesisv2,2024.1.3,Win32,59.52380952,,,,,,282.2908,285.3197,l,3.019,,,,,,,stimuliAXBmix/iiystimulus.wav,l,,,,,,,,,,,2,2,10,0,1,,,,,,,,,,,,,,,,,,,,,,,,,,,,,,,,,,,,,,,,,,,,,,,,,,,,,,,,,,,,,,,,,,,,,,,
,,,,,32,001,2024-05-24_09h21.08.184,mathesisv2,2024.1.3,Win32,59.52380952,,,,,,285.3205,289.6342,l,4.3011,,,,,,,stimuliAXBmix/yyustimulus.wav,l,,,,,,,,,,,2,3,11,3,1,,,,,,,,,,,,,,,,,,,,,,,,,,,,,,,,,,,,,,,,,,,,,,,,,,,,,,,,,,,,,,,,,,,,,,,
,,,,,32,001,2024-05-24_09h21.08.184,mathesisv2,2024.1.3,Win32,59.52380952,,,,,,292.5324,295.4079,l,2.8645,,,,,,,stimuliAXBmix/yyustimulus.wav,l,,,,,,,,,,,,,,,,289.6345,292.5048,return,2.8505,,0,0,0,3,1,,,,,,,,,,,,,,,,,,,,,,,,,,,,,,,,,,,,,,,,,,,,,,,,,,,,,,,,,,,,,
,,,,,32,001,2024-05-24_09h21.08.184,mathesisv2,2024.1.3,Win32,59.52380952,,,,,,295.4091,298.8276,f,3.4061,,,,,,,stimuliAXBmix/yuustimulus.wav,f,,,,,,,,,,,,,,,,,,,,,0,1,1,2,1,,,,,,,,,,,,,,,,,,,,,,,,,,,,,,,,,,,,,,,,,,,,,,,,,,,,,,,,,,,,,
,,,,,32,001,2024-05-24_09h21.08.184,mathesisv2,2024.1.3,Win32,59.52380952,,,,,,298.8496,301.9133,l,3.0563,,,,,,,stimuliAXBmix/iiystimulus.wav,l,,,,,,,,,,,,,,,,,,,,,0,2,2,0,1,,,,,,,,,,,,,,,,,,,,,,,,,,,,,,,,,,,,,,,,,,,,,,,,,,,,,,,,,,,,,
,,,,,32,001,2024-05-24_09h21.08.184,mathesisv2,2024.1.3,Win32,59.52380952,,,,,,301.915,305.4605,f,3.5194,,,,,,,stimuliAXBmix/iyystimulus.wav,f,,,,,,,,,,,,,,,,,,,,,0,3,3,1,1,,,,,,,,,,,,,,,,,,,,,,,,,,,,,,,,,,,,,,,,,,,,,,,,,,,,,,,,,,,,,
,,,,,32,001,2024-05-24_09h21.08.184,mathesisv2,2024.1.3,Win32,59.52380952,,,,,,305.4982,309.4117,l,3.9013,,,,,,,stimuliAXBmix/iiystimulus.wav,l,,,,,,,,,,,,,,,,,,,,,1,0,4,0,1,,,,,,,,,,,,,,,,,,,,,,,,,,,,,,,,,,,,,,,,,,,,,,,,,,,,,,,,,,,,,
,,,,,32,001,2024-05-24_09h21.08.184,mathesisv2,2024.1.3,Win32,59.52380952,,,,,,309.4499,312.5331,l,3.0758,,,,,,,stimuliAXBmix/yyustimulus.wav,l,,,,,,,,,,,,,,,,,,,,,1,1,5,3,1,,,,,,,,,,,,,,,,,,,,,,,,,,,,,,,,,,,,,,,,,,,,,,,,,,,,,,,,,,,,,
,,,,,32,001,2024-05-24_09h21.08.184,mathesisv2,2024.1.3,Win32,59.52380952,,,,,,312.578,316.1008,f,3.5158,,,,,,,stimuliAXBmix/iyystimulus.wav,f,,,,,,,,,,,,,,,,,,,,,1,2,6,1,1,,,,,,,,,,,,,,,,,,,,,,,,,,,,,,,,,,,,,,,,,,,,,,,,,,,,,,,,,,,,,
,,,,,32,001,2024-05-24_09h21.08.184,mathesisv2,2024.1.3,Win32,59.52380952,,,,,,316.1017,319.6603,f,3.5392,,,,,,,stimuliAXBmix/yuustimulus.wav,f,,,,,,,,,,,,,,,,,,,,,1,3,7,2,1,,,,,,,,,,,,,,,,,,,,,,,,,,,,,,,,,,,,,,,,,,,,,,,,,,,,,,,,,,,,,
,,,,,32,001,2024-05-24_09h21.08.184,mathesisv2,2024.1.3,Win32,59.52380952,,,,,,324.6916,327.6357,l,2.9364,,,,,,,stimuliAXBmix/yyustimulus.wav,l,,,,,,,,,,,0,0,0,3,1,,,,,,,,,,,319.6608,324.6508,space,4.9651,,,,,,,,,,,,,,,,,,,,,,,,,,,,,,,,,,,,,,,,,,,,,,,,,,,,,,,,,
,,,,,32,001,2024-05-24_09h21.08.184,mathesisv2,2024.1.3,Win32,59.52380952,,,,,,327.6361,330.8522,f,3.2003,,,,,,,stimuliAXBmix/iyystimulus.wav,f,,,,,,,,,,,0,1,1,1,1,,,,,,,,,,,,,,,,,,,,,,,,,,,,,,,,,,,,,,,,,,,,,,,,,,,,,,,,,,,,,,,,,,,,,,,
,,,,,32,001,2024-05-24_09h21.08.184,mathesisv2,2024.1.3,Win32,59.52380952,,,,,,330.8856,335.2467,l,4.3519,,,,,,,stimuliAXBmix/iiystimulus.wav,l,,,,,,,,,,,0,2,2,0,1,,,,,,,,,,,,,,,,,,,,,,,,,,,,,,,,,,,,,,,,,,,,,,,,,,,,,,,,,,,,,,,,,,,,,,,
,,,,,32,001,2024-05-24_09h21.08.184,mathesisv2,2024.1.3,Win32,59.52380952,,,,,,335.279,338.8385,f,3.5459,,,,,,,stimuliAXBmix/yuustimulus.wav,f,,,,,,,,,,,0,3,3,2,1,,,,,,,,,,,,,,,,,,,,,,,,,,,,,,,,,,,,,,,,,,,,,,,,,,,,,,,,,,,,,,,,,,,,,,,
,,,,,32,001,2024-05-24_09h21.08.184,mathesisv2,2024.1.3,Win32,59.52380952,,,,,,338.8746,342.1317,f,3.2456,,,,,,,stimuliAXBmix/iyystimulus.wav,f,,,,,,,,,,,1,0,4,1,1,,,,,,,,,,,,,,,,,,,,,,,,,,,,,,,,,,,,,,,,,,,,,,,,,,,,,,,,,,,,,,,,,,,,,,,
,,,,,32,001,2024-05-24_09h21.08.184,mathesisv2,2024.1.3,Win32,59.52380952,,,,,,342.1321,345.5893,f,3.4354,,,,,,,stimuliAXBmix/yuustimulus.wav,f,,,,,,,,,,,1,1,5,2,1,,,,,,,,,,,,,,,,,,,,,,,,,,,,,,,,,,,,,,,,,,,,,,,,,,,,,,,,,,,,,,,,,,,,,,,
,,,,,32,001,2024-05-24_09h21.08.184,mathesisv2,2024.1.3,Win32,59.52380952,,,,,,345.6237,349.7544,l,4.1198,,,,,,,stimuliAXBmix/yyustimulus.wav,l,,,,,,,,,,,1,2,6,3,1,,,,,,,,,,,,,,,,,,,,,,,,,,,,,,,,,,,,,,,,,,,,,,,,,,,,,,,,,,,,,,,,,,,,,,,
,,,,,32,001,2024-05-24_09h21.08.184,mathesisv2,2024.1.3,Win32,59.52380952,,,,,,349.7906,352.8466,l,3.048,,,,,,,stimuliAXBmix/iiystimulus.wav,l,,,,,,,,,,,1,3,7,0,1,,,,,,,,,,,,,,,,,,,,,,,,,,,,,,,,,,,,,,,,,,,,,,,,,,,,,,,,,,,,,,,,,,,,,,,
,,,,,32,001,2024-05-24_09h21.08.184,mathesisv2,2024.1.3,Win32,59.52380952,,,,,,352.8471,356.2643,l,3.4055,,,,,,,stimuliAXBmix/iiystimulus.wav,l,,,,,,,,,,,2,0,8,0,1,,,,,,,,,,,,,,,,,,,,,,,,,,,,,,,,,,,,,,,,,,,,,,,,,,,,,,,,,,,,,,,,,,,,,,,
,,,,,32,001,2024-05-24_09h21.08.184,mathesisv2,2024.1.3,Win32,59.52380952,,,,,,356.2908,359.7395,f,3.4381,,,,,,,stimuliAXBmix/iyystimulus.wav,f,,,,,,,,,,,2,1,9,1,1,,,,,,,,,,,,,,,,,,,,,,,,,,,,,,,,,,,,,,,,,,,,,,,,,,,,,,,,,,,,,,,,,,,,,,,
,,,,,32,001,2024-05-24_09h21.08.184,mathesisv2,2024.1.3,Win32,59.52380952,,,,,,359.7717,363.2106,f,3.4312,,,,,,,stimuliAXBmix/yuustimulus.wav,f,,,,,,,,,,,2,2,10,2,1,,,,,,,,,,,,,,,,,,,,,,,,,,,,,,,,,,,,,,,,,,,,,,,,,,,,,,,,,,,,,,,,,,,,,,,
,,,,,32,001,2024-05-24_09h21.08.184,mathesisv2,2024.1.3,Win32,59.52380952,,,,,,363.2405,366.405,l,3.1536,,,,,,,stimuliAXBmix/yyustimulus.wav,l,,,,,,,,,,,2,3,11,3,1,,,,,,,,,,,,,,,,,,,,,,,,,,,,,,,,,,,,,,,,,,,,,,,,,,,,,,,,,,,,,,,,,,,,,,,
,,,,,32,001,2024-05-24_09h21.08.184,mathesisv2,2024.1.3,Win32,59.52380952,,,,,,370.0379,373.3318,l,3.2876,,,,,,,stimuliAXBmix/iiystimulus.wav,l,,,,,,,,,,,,,,,,366.4056,370.0122,return,3.5801,,0,0,0,0,1,,,,,,,,,,,,,,,,,,,,,,,,,,,,,,,,,,,,,,,,,,,,,,,,,,,,,,,,,,,,,
,,,,,32,001,2024-05-24_09h21.08.184,mathesisv2,2024.1.3,Win32,59.52380952,,,,,,373.3556,376.528,l,3.1645,,,,,,,stimuliAXBmix/yyustimulus.wav,l,,,,,,,,,,,,,,,,,,,,,0,1,1,3,1,,,,,,,,,,,,,,,,,,,,,,,,,,,,,,,,,,,,,,,,,,,,,,,,,,,,,,,,,,,,,
,,,,,32,001,2024-05-24_09h21.08.184,mathesisv2,2024.1.3,Win32,59.52380952,,,,,,376.5285,379.7839,f,3.2437,,,,,,,stimuliAXBmix/iyystimulus.wav,f,,,,,,,,,,,,,,,,,,,,,0,2,2,1,1,,,,,,,,,,,,,,,,,,,,,,,,,,,,,,,,,,,,,,,,,,,,,,,,,,,,,,,,,,,,,
,,,,,32,001,2024-05-24_09h21.08.184,mathesisv2,2024.1.3,Win32,59.52380952,,,,,,379.8218,383.0843,f,3.2525,,,,,,,stimuliAXBmix/yuustimulus.wav,f,,,,,,,,,,,,,,,,,,,,,0,3,3,2,1,,,,,,,,,,,,,,,,,,,,,,,,,,,,,,,,,,,,,,,,,,,,,,,,,,,,,,,,,,,,,
,,,,,32,001,2024-05-24_09h21.08.184,mathesisv2,2024.1.3,Win32,59.52380952,,,,,,383.0848,386.855,f,3.7585,,,,,,,stimuliAXBmix/iyystimulus.wav,f,,,,,,,,,,,,,,,,,,,,,1,0,4,1,1,,,,,,,,,,,,,,,,,,,,,,,,,,,,,,,,,,,,,,,,,,,,,,,,,,,,,,,,,,,,,
,,,,,32,001,2024-05-24_09h21.08.184,mathesisv2,2024.1.3,Win32,59.52380952,,,,,,386.8763,391.9532,l,5.0685,,,,,,,stimuliAXBmix/iiystimulus.wav,l,,,,,,,,,,,,,,,,,,,,,1,1,5,0,1,,,,,,,,,,,,,,,,,,,,,,,,,,,,,,,,,,,,,,,,,,,,,,,,,,,,,,,,,,,,,
,,,,,32,001,2024-05-24_09h21.08.184,mathesisv2,2024.1.3,Win32,59.52380952,,,,,,391.9923,395.6368,l,3.6348,,,,,,,stimuliAXBmix/yyustimulus.wav,l,,,,,,,,,,,,,,,,,,,,,1,2,6,3,1,,,,,,,,,,,,,,,,,,,,,,,,,,,,,,,,,,,,,,,,,,,,,,,,,,,,,,,,,,,,,
,,,,,32,001,2024-05-24_09h21.08.184,mathesisv2,2024.1.3,Win32,59.52380952,,,,,,395.6582,398.9446,f,3.2779,,,,,,,stimuliAXBmix/yuustimulus.wav,f,,,,,,,,,,,,,,,,,,,,,1,3,7,2,1,,,,,,,,,,,,,,,,,,,,,,,,,,,,,,,,,,,,,,,,,,,,,,,,,,,,,,,,,,,,,
,,,,,32,001,2024-05-24_09h21.08.184,mathesisv2,2024.1.3,Win32,59.52380952,,,,,,,,,,,,,,,,,,,,,,,,,,,,,,,,,,,,,,,,,,,398.9449,408.0637,space,9.1007,,408.0653,417.7873,space,9.6775,,,,,,,,,,,,,,,,,,,,,,,,,,,,,,,,,,,,,,,,,,,,,,,,,,,,
,,,,,32,001,2024-05-24_09h21.08.184,mathesisv2,2024.1.3,Win32,59.52380952,,,,,,,,,,,,,,,,,,,,,,,,,,,,,,,,,,,,,,,,,,,,,,,,,,,,,417.8388,426.8334,e,8.9637,,0,0,0,0,1,testTAFCmixfirst/nimnym001.wav,,,,,,,,,,,,,,,,,,,,,,,,,,,,,,,,,,,,,,,,
,,,,,32,001,2024-05-24_09h21.08.184,mathesisv2,2024.1.3,Win32,59.52380952,,,,,,,,,,,,,,,,,,,,,,,,,,,,,,,,,,,,,,,,,,,,,,,,,,,,,426.8724,429.2156,y,2.336,,0,1,1,2,1,testTAFCmixfirst/nimnym006.wav,,,,,,,,,,,,,,,,,,,,,,,,,,,,,,,,,,,,,,,,
,,,,,32,001,2024-05-24_09h21.08.184,mathesisv2,2024.1.3,Win32,59.52380952,,,,,,,,,,,,,,,,,,,,,,,,,,,,,,,,,,,,,,,,,,,,,,,,,,,,,429.2162,430.8375,e,1.6047,,0,2,2,1,1,testTAFCmixfirst/nimnym002.wav,,,,,,,,,,,,,,,,,,,,,,,,,,,,,,,,,,,,,,,,
,,,,,32,001,2024-05-24_09h21.08.184,mathesisv2,2024.1.3,Win32,59.52380952,,,,,,,,,,,,,,,,,,,,,,,,,,,,,,,,,,,,,,,,,,,,,,,,,,,,,,,,,,,,,,,,430.85,434.7235,u,3.8438,,0,0,0,1,1,testTAFCmixsec/numnym002.wav,,,,,,,,,,,,,,,,,,,,,,,,,,,,,
,,,,,32,001,2024-05-24_09h21.08.184,mathesisv2,2024.1.3,Win32,59.52380952,,,,,,,,,,,,,,,,,,,,,,,,,,,,,,,,,,,,,,,,,,,,,,,,,,,,,,,,,,,,,,,,434.7553,437.0926,y,2.3292,,0,1,1,2,1,testTAFCmixsec/numnym006.wav,,,,,,,,,,,,,,,,,,,,,,,,,,,,,
,,,,,32,001,2024-05-24_09h21.08.184,mathesisv2,2024.1.3,Win32,59.52380952,,,,,,,,,,,,,,,,,,,,,,,,,,,,,,,,,,,,,,,,,,,,,,,,,,,,,,,,,,,,,,,,437.1306,440.0223,u,2.8843,,0,2,2,0,1,testTAFCmixsec/numnym001.wav,,,,,,,,,,,,,,,,,,,,,,,,,,,,,
,,,,,32,001,2024-05-24_09h21.08.184,mathesisv2,2024.1.3,Win32,59.52380952,,,,,,,,,,,,,,,,,,,,,,,,,,,,,,,,,,,,,,,,,,,,,,,,,,,,,,,,,,,,,,,,,,,,,,,,,,,440.0245,457.8122,space,17.755,,,,,,,,,,,,,,,,,,,,,,,,,
,,,,,32,001,2024-05-24_09h21.08.184,mathesisv2,2024.1.3,Win32,59.52380952,,,,,,,,,,,,,,,,,y,,,,,,,,,,,,,,,,,,,,,,,,,,,,,,,,,,,,,,,,,,,,,,,,,,,,,,,,,,,,,,,457.8681,461.5531,y,3.6636,,0,0,0,4,1,stimuliTAFCfirst/nimnym005.wav,,,,,,,,,,,,,
,,,,,32,001,2024-05-24_09h21.08.184,mathesisv2,2024.1.3,Win32,59.52380952,,,,,,,,,,,,,,,,,y,,,,,,,,,,,,,,,,,,,,,,,,,,,,,,,,,,,,,,,,,,,,,,,,,,,,,,,,,,,,,,,461.5566,463.0362,y,1.4677,,0,1,1,5,1,stimuliTAFCfirst/nimnym006.wav,,,,,,,,,,,,,
,,,,,32,001,2024-05-24_09h21.08.184,mathesisv2,2024.1.3,Win32,59.52380952,,,,,,,,,,,,,,,,,e,,,,,,,,,,,,,,,,,,,,,,,,,,,,,,,,,,,,,,,,,,,,,,,,,,,,,,,,,,,,,,,463.0369,466.3815,e,3.3224,,0,2,2,0,1,stimuliTAFCfirst/nimnym001.wav,,,,,,,,,,,,,
,,,,,32,001,2024-05-24_09h21.08.184,mathesisv2,2024.1.3,Win32,59.52380952,,,,,,,,,,,,,,,,,e,,,,,,,,,,,,,,,,,,,,,,,,,,,,,,,,,,,,,,,,,,,,,,,,,,,,,,,,,,,,,,,466.419,468.0171,e,1.5869,,0,3,3,1,1,stimuliTAFCfirst/nimnym002.wav,,,,,,,,,,,,,
,,,,,32,001,2024-05-24_09h21.08.184,mathesisv2,2024.1.3,Win32,59.52380952,,,,,,,,,,,,,,,,,x,,,,,,,,,,,,,,,,,,,,,,,,,,,,,,,,,,,,,,,,,,,,,,,,,,,,,,,,,,,,,,,468.0193,471.5259,y,3.4931,,0,4,4,3,1,stimuliTAFCfirst/nimnym004.wav,,,,,,,,,,,,,
,,,,,32,001,2024-05-24_09h21.08.184,mathesisv2,2024.1.3,Win32,59.52380952,,,,,,,,,,,,,,,,,y,,,,,,,,,,,,,,,,,,,,,,,,,,,,,,,,,,,,,,,,,,,,,,,,,,,,,,,,,,,,,,,471.5277,473.3455,y,1.7937,,0,5,5,6,1,stimuliTAFCfirst/nimnym007.wav,,,,,,,,,,,,,
,,,,,32,001,2024-05-24_09h21.08.184,mathesisv2,2024.1.3,Win32,59.52380952,,,,,,,,,,,,,,,,,e,,,,,,,,,,,,,,,,,,,,,,,,,,,,,,,,,,,,,,,,,,,,,,,,,,,,,,,,,,,,,,,473.3463,475.5172,e,2.1563,,0,6,6,2,1,stimuliTAFCfirst/nimnym003.wav,,,,,,,,,,,,,
,,,,,32,001,2024-05-24_09h21.08.184,mathesisv2,2024.1.3,Win32,59.52380952,,,,,,,,,,,,,,,,,y,,,,,,,,,,,,,,,,,,,,,,,,,,,,,,,,,,,,,,,,,,,,,,,,,,,,,,,,,,,,,,,475.5207,477.7114,y,2.167,,1,0,7,4,1,stimuliTAFCfirst/nimnym005.wav,,,,,,,,,,,,,
,,,,,32,001,2024-05-24_09h21.08.184,mathesisv2,2024.1.3,Win32,59.52380952,,,,,,,,,,,,,,,,,e,,,,,,,,,,,,,,,,,,,,,,,,,,,,,,,,,,,,,,,,,,,,,,,,,,,,,,,,,,,,,,,477.7124,479.4336,e,1.7048,,1,1,8,2,1,stimuliTAFCfirst/nimnym003.wav,,,,,,,,,,,,,
,,,,,32,001,2024-05-24_09h21.08.184,mathesisv2,2024.1.3,Win32,59.52380952,,,,,,,,,,,,,,,,,e,,,,,,,,,,,,,,,,,,,,,,,,,,,,,,,,,,,,,,,,,,,,,,,,,,,,,,,,,,,,,,,479.435,480.9458,e,1.4865,,1,2,9,1,1,stimuliTAFCfirst/nimnym002.wav,,,,,,,,,,,,,
,,,,,32,001,2024-05-24_09h21.08.184,mathesisv2,2024.1.3,Win32,59.52380952,,,,,,,,,,,,,,,,,e,,,,,,,,,,,,,,,,,,,,,,,,,,,,,,,,,,,,,,,,,,,,,,,,,,,,,,,,,,,,,,,480.9469,482.9933,e,2.0341,,1,3,10,0,1,stimuliTAFCfirst/nimnym001.wav,,,,,,,,,,,,,
,,,,,32,001,2024-05-24_09h21.08.184,mathesisv2,2024.1.3,Win32,59.52380952,,,,,,,,,,,,,,,,,x,,,,,,,,,,,,,,,,,,,,,,,,,,,,,,,,,,,,,,,,,,,,,,,,,,,,,,,,,,,,,,,482.994,484.7463,e,1.7369,,1,4,11,3,1,stimuliTAFCfirst/nimnym004.wav,,,,,,,,,,,,,
,,,,,32,001,2024-05-24_09h21.08.184,mathesisv2,2024.1.3,Win32,59.52380952,,,,,,,,,,,,,,,,,y,,,,,,,,,,,,,,,,,,,,,,,,,,,,,,,,,,,,,,,,,,,,,,,,,,,,,,,,,,,,,,,484.7467,486.2202,y,1.4601,,1,5,12,6,1,stimuliTAFCfirst/nimnym007.wav,,,,,,,,,,,,,
,,,,,32,001,2024-05-24_09h21.08.184,mathesisv2,2024.1.3,Win32,59.52380952,,,,,,,,,,,,,,,,,y,,,,,,,,,,,,,,,,,,,,,,,,,,,,,,,,,,,,,,,,,,,,,,,,,,,,,,,,,,,,,,,486.2212,488.193,y,1.9462,,1,6,13,5,1,stimuliTAFCfirst/nimnym006.wav,,,,,,,,,,,,,
,,,,,32,001,2024-05-24_09h21.08.184,mathesisv2,2024.1.3,Win32,59.52380952,,,,,,,,,,,,,,,,,x,488.1943,490.7473,space,2.5339,,,,,,,,,,,,,,,,,,,,,,,,,,,,,,,,,,,,,,,,,,,,,,,,,,,,,,,,,,,,,,,,,,,,,,490.7819,494.248,u,3.4438,,0,0,0,3,1,stimuliTAFCsec/numnym004.wav,,
,,,,,32,001,2024-05-24_09h21.08.184,mathesisv2,2024.1.3,Win32,59.52380952,,,,,,,,,,,,,,,,,y,,,,,,,,,,,,,,,,,,,,,,,,,,,,,,,,,,,,,,,,,,,,,,,,,,,,,,,,,,,,,,,,,,,,,,,,,,494.2914,496.7358,u,2.4338,,0,1,1,5,1,stimuliTAFCsec/numnym006.wav,,
,,,,,32,001,2024-05-24_09h21.08.184,mathesisv2,2024.1.3,Win32,59.52380952,,,,,,,,,,,,,,,,,y,,,,,,,,,,,,,,,,,,,,,,,,,,,,,,,,,,,,,,,,,,,,,,,,,,,,,,,,,,,,,,,,,,,,,,,,,,496.7371,498.8428,u,2.0922,,0,2,2,6,1,stimuliTAFCsec/numnym007.wav,,
,,,,,32,001,2024-05-24_09h21.08.184,mathesisv2,2024.1.3,Win32,59.52380952,,,,,,,,,,,,,,,,,y,,,,,,,,,,,,,,,,,,,,,,,,,,,,,,,,,,,,,,,,,,,,,,,,,,,,,,,,,,,,,,,,,,,,,,,,,,498.8438,500.5049,u,1.6463,,0,3,3,4,1,stimuliTAFCsec/numnym005.wav,,
,,,,,32,001,2024-05-24_09h21.08.184,mathesisv2,2024.1.3,Win32,59.52380952,,,,,,,,,,,,,,,,,u,,,,,,,,,,,,,,,,,,,,,,,,,,,,,,,,,,,,,,,,,,,,,,,,,,,,,,,,,,,,,,,,,,,,,,,,,,500.5053,504.2433,u,3.7182,,0,4,4,2,1,stimuliTAFCsec/numnym003.wav,,
,,,,,32,001,2024-05-24_09h21.08.184,mathesisv2,2024.1.3,Win32,59.52380952,,,,,,,,,,,,,,,,,u,,,,,,,,,,,,,,,,,,,,,,,,,,,,,,,,,,,,,,,,,,,,,,,,,,,,,,,,,,,,,,,,,,,,,,,,,,504.2443,505.7992,u,1.5379,,0,5,5,0,1,stimuliTAFCsec/numnym001.wav,,
,,,,,32,001,2024-05-24_09h21.08.184,mathesisv2,2024.1.3,Win32,59.52380952,,,,,,,,,,,,,,,,,u,,,,,,,,,,,,,,,,,,,,,,,,,,,,,,,,,,,,,,,,,,,,,,,,,,,,,,,,,,,,,,,,,,,,,,,,,,505.8,507.2789,u,1.4532,,0,6,6,1,1,stimuliTAFCsec/numnym002.wav,,
,,,,,32,001,2024-05-24_09h21.08.184,mathesisv2,2024.1.3,Win32,59.52380952,,,,,,,,,,,,,,,,,y,,,,,,,,,,,,,,,,,,,,,,,,,,,,,,,,,,,,,,,,,,,,,,,,,,,,,,,,,,,,,,,,,,,,,,,,,,507.28,508.6825,y,1.3827,,1,0,7,4,1,stimuliTAFCsec/numnym005.wav,,
,,,,,32,001,2024-05-24_09h21.08.184,mathesisv2,2024.1.3,Win32,59.52380952,,,,,,,,,,,,,,,,,u,,,,,,,,,,,,,,,,,,,,,,,,,,,,,,,,,,,,,,,,,,,,,,,,,,,,,,,,,,,,,,,,,,,,,,,,,,508.6846,511.5449,y,2.8367,,1,1,8,2,1,stimuliTAFCsec/numnym003.wav,,
,,,,,32,001,2024-05-24_09h21.08.184,mathesisv2,2024.1.3,Win32,59.52380952,,,,,,,,,,,,,,,,,u,,,,,,,,,,,,,,,,,,,,,,,,,,,,,,,,,,,,,,,,,,,,,,,,,,,,,,,,,,,,,,,,,,,,,,,,,,511.5458,513.1814,u,1.6195,,1,2,9,0,1,stimuliTAFCsec/numnym001.wav,,
,,,,,32,001,2024-05-24_09h21.08.184,mathesisv2,2024.1.3,Win32,59.52380952,,,,,,,,,,,,,,,,,x,,,,,,,,,,,,,,,,,,,,,,,,,,,,,,,,,,,,,,,,,,,,,,,,,,,,,,,,,,,,,,,,,,,,,,,,,,513.183,514.612,u,1.4048,,1,3,10,3,1,stimuliTAFCsec/numnym004.wav,,
,,,,,32,001,2024-05-24_09h21.08.184,mathesisv2,2024.1.3,Win32,59.52380952,,,,,,,,,,,,,,,,,y,,,,,,,,,,,,,,,,,,,,,,,,,,,,,,,,,,,,,,,,,,,,,,,,,,,,,,,,,,,,,,,,,,,,,,,,,,514.6126,515.9367,y,1.3112,,1,4,11,6,1,stimuliTAFCsec/numnym007.wav,,
,,,,,32,001,2024-05-24_09h21.08.184,mathesisv2,2024.1.3,Win32,59.52380952,,,,,,,,,,,,,,,,,y,,,,,,,,,,,,,,,,,,,,,,,,,,,,,,,,,,,,,,,,,,,,,,,,,,,,,,,,,,,,,,,,,,,,,,,,,,515.9379,517.482,y,1.5228,,1,5,12,5,1,stimuliTAFCsec/numnym006.wav,,
,,,,,32,001,2024-05-24_09h21.08.184,mathesisv2,2024.1.3,Win32,59.52380952,,,,,,,,,,,,,,,,,u,,,,,,,,,,,,,,,,,,,,,,,,,,,,,,,,,,,,,,,,,,,,,,,,,,,,,,,,,,,,,,,,,,,,,,,,,,517.4834,518.7526,u,1.2443,,1,6,13,1,1,stimuliTAFCsec/numnym002.wav,,
,,,,,32,001,2024-05-24_09h21.08.184,mathesisv2,2024.1.3,Win32,59.52380952,,,,,,,,,,,,,,,,,x,,,,,,,,,,,,,,,,,,,,,,,,,,518.7541,521.8999,space,3.1143,,,,,,,,,,,,,,,,,,,,,,,,,,,,,,,,,,521.9325,524.7688,y,2.8286,,0,0,0,3,1,stimuliTAFCfirst/nimnym004.wav,,,,,,,,,,,,,
,,,,,32,001,2024-05-24_09h21.08.184,mathesisv2,2024.1.3,Win32,59.52380952,,,,,,,,,,,,,,,,,y,,,,,,,,,,,,,,,,,,,,,,,,,,,,,,,,,,,,,,,,,,,,,,,,,,,,,,,,,,,,,,,524.8076,526.2238,y,1.4078,,0,1,1,6,1,stimuliTAFCfirst/nimnym007.wav,,,,,,,,,,,,,
,,,,,32,001,2024-05-24_09h21.08.184,mathesisv2,2024.1.3,Win32,59.52380952,,,,,,,,,,,,,,,,,y,,,,,,,,,,,,,,,,,,,,,,,,,,,,,,,,,,,,,,,,,,,,,,,,,,,,,,,,,,,,,,,526.2254,527.7658,y,1.5199,,0,2,2,4,1,stimuliTAFCfirst/nimnym005.wav,,,,,,,,,,,,,
,,,,,32,001,2024-05-24_09h21.08.184,mathesisv2,2024.1.3,Win32,59.52380952,,,,,,,,,,,,,,,,,e,,,,,,,,,,,,,,,,,,,,,,,,,,,,,,,,,,,,,,,,,,,,,,,,,,,,,,,,,,,,,,,527.7668,529.3002,e,1.5214,,0,3,3,1,1,stimuliTAFCfirst/nimnym002.wav,,,,,,,,,,,,,
,,,,,32,001,2024-05-24_09h21.08.184,mathesisv2,2024.1.3,Win32,59.52380952,,,,,,,,,,,,,,,,,e,,,,,,,,,,,,,,,,,,,,,,,,,,,,,,,,,,,,,,,,,,,,,,,,,,,,,,,,,,,,,,,529.3013,530.7689,e,1.444,,0,4,4,2,1,stimuliTAFCfirst/nimnym003.wav,,,,,,,,,,,,,
,,,,,32,001,2024-05-24_09h21.08.184,mathesisv2,2024.1.3,Win32,59.52380952,,,,,,,,,,,,,,,,,e,,,,,,,,,,,,,,,,,,,,,,,,,,,,,,,,,,,,,,,,,,,,,,,,,,,,,,,,,,,,,,,530.77,532.7779,e,1.9969,,0,5,5,0,1,stimuliTAFCfirst/nimnym001.wav,,,,,,,,,,,,,
,,,,,32,001,2024-05-24_09h21.08.184,mathesisv2,2024.1.3,Win32,59.52380952,,,,,,,,,,,,,,,,,y,,,,,,,,,,,,,,,,,,,,,,,,,,,,,,,,,,,,,,,,,,,,,,,,,,,,,,,,,,,,,,,532.7787,536.6255,y,3.8338,,0,6,6,5,1,stimuliTAFCfirst/nimnym006.wav,,,,,,,,,,,,,
,,,,,32,001,2024-05-24_09h21.08.184,mathesisv2,2024.1.3,Win32,59.52380952,,,,,,,,,,,,,,,,,y,,,,,,,,,,,,,,,,,,,,,,,,,,,,,,,,,,,,,,,,,,,,,,,,,,,,,,,,,,,,,,,536.6598,538.3143,y,1.6402,,1,0,7,6,1,stimuliTAFCfirst/nimnym007.wav,,,,,,,,,,,,,
,,,,,32,001,2024-05-24_09h21.08.184,mathesisv2,2024.1.3,Win32,59.52380952,,,,,,,,,,,,,,,,,e,,,,,,,,,,,,,,,,,,,,,,,,,,,,,,,,,,,,,,,,,,,,,,,,,,,,,,,,,,,,,,,538.3151,542.0672,e,3.7358,,1,1,8,2,1,stimuliTAFCfirst/nimnym003.wav,,,,,,,,,,,,,
,,,,,32,001,2024-05-24_09h21.08.184,mathesisv2,2024.1.3,Win32,59.52380952,,,,,,,,,,,,,,,,,y,,,,,,,,,,,,,,,,,,,,,,,,,,,,,,,,,,,,,,,,,,,,,,,,,,,,,,,,,,,,,,,542.0965,543.9185,y,1.8133,,1,2,9,5,1,stimuliTAFCfirst/nimnym006.wav,,,,,,,,,,,,,
,,,,,32,001,2024-05-24_09h21.08.184,mathesisv2,2024.1.3,Win32,59.52380952,,,,,,,,,,,,,,,,,y,,,,,,,,,,,,,,,,,,,,,,,,,,,,,,,,,,,,,,,,,,,,,,,,,,,,,,,,,,,,,,,543.9201,545.7735,y,1.8306,,1,3,10,4,1,stimuliTAFCfirst/nimnym005.wav,,,,,,,,,,,,,
,,,,,32,001,2024-05-24_09h21.08.184,mathesisv2,2024.1.3,Win32,59.52380952,,,,,,,,,,,,,,,,,e,,,,,,,,,,,,,,,,,,,,,,,,,,,,,,,,,,,,,,,,,,,,,,,,,,,,,,,,,,,,,,,545.7743,547.216,e,1.4309,,1,4,11,0,1,stimuliTAFCfirst/nimnym001.wav,,,,,,,,,,,,,
,,,,,32,001,2024-05-24_09h21.08.184,mathesisv2,2024.1.3,Win32,59.52380952,,,,,,,,,,,,,,,,,x,,,,,,,,,,,,,,,,,,,,,,,,,,,,,,,,,,,,,,,,,,,,,,,,,,,,,,,,,,,,,,,547.2173,549.4829,e,2.2512,,1,5,12,3,1,stimuliTAFCfirst/nimnym004.wav,,,,,,,,,,,,,
,,,,,32,001,2024-05-24_09h21.08.184,mathesisv2,2024.1.3,Win32,59.52380952,,,,,,,,,,,,,,,,,e,,,,,,,,,,,,,,,,,,,,,,,,,,,,,,,,,,,,,,,,,,,,,,,,,,,,,,,,,,,,,,,549.4839,551.3147,e,1.8023,,1,6,13,1,1,stimuliTAFCfirst/nimnym002.wav,,,,,,,,,,,,,
,,,,,32,001,2024-05-24_09h21.08.184,mathesisv2,2024.1.3,Win32,59.52380952,,,,,,,,,,,,,,,,,y,551.3151,553.3189,space,1.979,,,,,,,,,,,,,,,,,,,,,,,,,,,,,,,,,,,,,,,,,,,,,,,,,,,,,,,,,,,,,,,,,,,,,,553.3547,558.8407,y,5.4719,,0,0,0,4,1,stimuliTAFCsec/numnym005.wav,,
,,,,,32,001,2024-05-24_09h21.08.184,mathesisv2,2024.1.3,Win32,59.52380952,,,,,,,,,,,,,,,,,x,,,,,,,,,,,,,,,,,,,,,,,,,,,,,,,,,,,,,,,,,,,,,,,,,,,,,,,,,,,,,,,,,,,,,,,,,,558.8768,561.0606,y,2.1759,,0,1,1,3,1,stimuliTAFCsec/numnym004.wav,,
,,,,,32,001,2024-05-24_09h21.08.184,mathesisv2,2024.1.3,Win32,59.52380952,,,,,,,,,,,,,,,,,u,,,,,,,,,,,,,,,,,,,,,,,,,,,,,,,,,,,,,,,,,,,,,,,,,,,,,,,,,,,,,,,,,,,,,,,,,,561.0612,563.3137,u,2.2379,,0,2,2,2,1,stimuliTAFCsec/numnym003.wav,,
,,,,,32,001,2024-05-24_09h21.08.184,mathesisv2,2024.1.3,Win32,59.52380952,,,,,,,,,,,,,,,,,y,,,,,,,,,,,,,,,,,,,,,,,,,,,,,,,,,,,,,,,,,,,,,,,,,,,,,,,,,,,,,,,,,,,,,,,,,,563.3161,566.3708,y,3.03,,0,3,3,6,1,stimuliTAFCsec/numnym007.wav,,
,,,,,32,001,2024-05-24_09h21.08.184,mathesisv2,2024.1.3,Win32,59.52380952,,,,,,,,,,,,,,,,,u,,,,,,,,,,,,,,,,,,,,,,,,,,,,,,,,,,,,,,,,,,,,,,,,,,,,,,,,,,,,,,,,,,,,,,,,,,566.3721,568.8636,u,2.4638,,0,4,4,0,1,stimuliTAFCsec/numnym001.wav,,
,,,,,32,001,2024-05-24_09h21.08.184,mathesisv2,2024.1.3,Win32,59.52380952,,,,,,,,,,,,,,,,,u,,,,,,,,,,,,,,,,,,,,,,,,,,,,,,,,,,,,,,,,,,,,,,,,,,,,,,,,,,,,,,,,,,,,,,,,,,568.8994,570.374,u,1.4662,,0,5,5,1,1,stimuliTAFCsec/numnym002.wav,,
,,,,,32,001,2024-05-24_09h21.08.184,mathesisv2,2024.1.3,Win32,59.52380952,,,,,,,,,,,,,,,,,y,,,,,,,,,,,,,,,,,,,,,,,,,,,,,,,,,,,,,,,,,,,,,,,,,,,,,,,,,,,,,,,,,,,,,,,,,,570.3747,572.158,y,1.7684,,0,6,6,5,1,stimuliTAFCsec/numnym006.wav,,
,,,,,32,001,2024-05-24_09h21.08.184,mathesisv2,2024.1.3,Win32,59.52380952,,,,,,,,,,,,,,,,,y,,,,,,,,,,,,,,,,,,,,,,,,,,,,,,,,,,,,,,,,,,,,,,,,,,,,,,,,,,,,,,,,,,,,,,,,,,572.1586,573.6937,y,1.5187,,1,0,7,4,1,stimuliTAFCsec/numnym005.wav,,
,,,,,32,001,2024-05-24_09h21.08.184,mathesisv2,2024.1.3,Win32,59.52380952,,,,,,,,,,,,,,,,,y,,,,,,,,,,,,,,,,,,,,,,,,,,,,,,,,,,,,,,,,,,,,,,,,,,,,,,,,,,,,,,,,,,,,,,,,,,573.695,575.0531,y,1.3446,,1,1,8,5,1,stimuliTAFCsec/numnym006.wav,,
,,,,,32,001,2024-05-24_09h21.08.184,mathesisv2,2024.1.3,Win32,59.52380952,,,,,,,,,,,,,,,,,x,,,,,,,,,,,,,,,,,,,,,,,,,,,,,,,,,,,,,,,,,,,,,,,,,,,,,,,,,,,,,,,,,,,,,,,,,,575.0538,576.4848,y,1.4115,,1,2,9,3,1,stimuliTAFCsec/numnym004.wav,,
,,,,,32,001,2024-05-24_09h21.08.184,mathesisv2,2024.1.3,Win32,59.52380952,,,,,,,,,,,,,,,,,u,,,,,,,,,,,,,,,,,,,,,,,,,,,,,,,,,,,,,,,,,,,,,,,,,,,,,,,,,,,,,,,,,,,,,,,,,,576.4862,577.7647,u,1.2564,,1,3,10,0,1,stimuliTAFCsec/numnym001.wav,,
,,,,,32,001,2024-05-24_09h21.08.184,mathesisv2,2024.1.3,Win32,59.52380952,,,,,,,,,,,,,,,,,u,,,,,,,,,,,,,,,,,,,,,,,,,,,,,,,,,,,,,,,,,,,,,,,,,,,,,,,,,,,,,,,,,,,,,,,,,,577.7661,579.1546,u,1.3775,,1,4,11,2,1,stimuliTAFCsec/numnym003.wav,,
,,,,,32,001,2024-05-24_09h21.08.184,mathesisv2,2024.1.3,Win32,59.52380952,,,,,,,,,,,,,,,,,u,,,,,,,,,,,,,,,,,,,,,,,,,,,,,,,,,,,,,,,,,,,,,,,,,,,,,,,,,,,,,,,,,,,,,,,,,,579.1558,580.4075,u,1.233,,1,5,12,1,1,stimuliTAFCsec/numnym002.wav,,
,,,,,32,001,2024-05-24_09h21.08.184,mathesisv2,2024.1.3,Win32,59.52380952,,,,,,,,,,,,,,,,,y,,,,,,,,,,,,,,,,,,,,,,,,,,,,,,,,,,,,,,,,,,,,,,,,,,,,,,,,,,,,,,,,,,,,,,,,,,580.4083,581.6324,y,1.207,,1,6,13,6,1,stimuliTAFCsec/numnym007.wav,,
,,,,,32,001,2024-05-24_09h21.08.184,mathesisv2,2024.1.3,Win32,59.52380952,,,,,,,,,,,,,,,,,e,,,,,,,,,,,,,,,,,,,,,,,,,,581.6329,583.3139,space,1.6529,,,,,,,,,,,,,,,,,,,,,,,,,,,,,,,,,,583.3453,584.9822,e,1.6275,,0,0,0,1,1,stimuliTAFCfirst/nimnym002.wav,,,,,,,,,,,,,
,,,,,32,001,2024-05-24_09h21.08.184,mathesisv2,2024.1.3,Win32,59.52380952,,,,,,,,,,,,,,,,,e,,,,,,,,,,,,,,,,,,,,,,,,,,,,,,,,,,,,,,,,,,,,,,,,,,,,,,,,,,,,,,,584.9835,586.3179,e,1.3114,,0,1,1,0,1,stimuliTAFCfirst/nimnym001.wav,,,,,,,,,,,,,
,,,,,32,001,2024-05-24_09h21.08.184,mathesisv2,2024.1.3,Win32,59.52380952,,,,,,,,,,,,,,,,,e,,,,,,,,,,,,,,,,,,,,,,,,,,,,,,,,,,,,,,,,,,,,,,,,,,,,,,,,,,,,,,,586.3196,587.6508,e,1.315,,0,2,2,2,1,stimuliTAFCfirst/nimnym003.wav,,,,,,,,,,,,,
,,,,,32,001,2024-05-24_09h21.08.184,mathesisv2,2024.1.3,Win32,59.52380952,,,,,,,,,,,,,,,,,y,,,,,,,,,,,,,,,,,,,,,,,,,,,,,,,,,,,,,,,,,,,,,,,,,,,,,,,,,,,,,,,587.6519,589.6958,y,2.027,,0,3,3,6,1,stimuliTAFCfirst/nimnym007.wav,,,,,,,,,,,,,
,,,,,32,001,2024-05-24_09h21.08.184,mathesisv2,2024.1.3,Win32,59.52380952,,,,,,,,,,,,,,,,,y,,,,,,,,,,,,,,,,,,,,,,,,,,,,,,,,,,,,,,,,,,,,,,,,,,,,,,,,,,,,,,,589.6966,591.3958,y,1.6812,,0,4,4,4,1,stimuliTAFCfirst/nimnym005.wav,,,,,,,,,,,,,
,,,,,32,001,2024-05-24_09h21.08.184,mathesisv2,2024.1.3,Win32,59.52380952,,,,,,,,,,,,,,,,,y,,,,,,,,,,,,,,,,,,,,,,,,,,,,,,,,,,,,,,,,,,,,,,,,,,,,,,,,,,,,,,,591.3966,593.0301,y,1.6019,,0,5,5,5,1,stimuliTAFCfirst/nimnym006.wav,,,,,,,,,,,,,
,,,,,32,001,2024-05-24_09h21.08.184,mathesisv2,2024.1.3,Win32,59.52380952,,,,,,,,,,,,,,,,,x,,,,,,,,,,,,,,,,,,,,,,,,,,,,,,,,,,,,,,,,,,,,,,,,,,,,,,,,,,,,,,,593.0312,594.9723,e,1.9134,,0,6,6,3,1,stimuliTAFCfirst/nimnym004.wav,,,,,,,,,,,,,
,,,,,32,001,2024-05-24_09h21.08.184,mathesisv2,2024.1.3,Win32,59.52380952,,,,,,,,,,,,,,,,,y,,,,,,,,,,,,,,,,,,,,,,,,,,,,,,,,,,,,,,,,,,,,,,,,,,,,,,,,,,,,,,,594.9729,597.0465,y,2.0566,,1,0,7,5,1,stimuliTAFCfirst/nimnym006.wav,,,,,,,,,,,,,
,,,,,32,001,2024-05-24_09h21.08.184,mathesisv2,2024.1.3,Win32,59.52380952,,,,,,,,,,,,,,,,,e,,,,,,,,,,,,,,,,,,,,,,,,,,,,,,,,,,,,,,,,,,,,,,,,,,,,,,,,,,,,,,,597.0486,598.4245,e,1.3512,,1,1,8,1,1,stimuliTAFCfirst/nimnym002.wav,,,,,,,,,,,,,
,,,,,32,001,2024-05-24_09h21.08.184,mathesisv2,2024.1.3,Win32,59.52380952,,,,,,,,,,,,,,,,,e,,,,,,,,,,,,,,,,,,,,,,,,,,,,,,,,,,,,,,,,,,,,,,,,,,,,,,,,,,,,,,,598.4259,599.8222,e,1.3826,,1,2,9,2,1,stimuliTAFCfirst/nimnym003.wav,,,,,,,,,,,,,
,,,,,32,001,2024-05-24_09h21.08.184,mathesisv2,2024.1.3,Win32,59.52380952,,,,,,,,,,,,,,,,,y,,,,,,,,,,,,,,,,,,,,,,,,,,,,,,,,,,,,,,,,,,,,,,,,,,,,,,,,,,,,,,,599.823,601.6612,y,1.8161,,1,3,10,6,1,stimuliTAFCfirst/nimnym007.wav,,,,,,,,,,,,,
,,,,,32,001,2024-05-24_09h21.08.184,mathesisv2,2024.1.3,Win32,59.52380952,,,,,,,,,,,,,,,,,y,,,,,,,,,,,,,,,,,,,,,,,,,,,,,,,,,,,,,,,,,,,,,,,,,,,,,,,,,,,,,,,601.6623,603.5792,y,1.9005,,1,4,11,4,1,stimuliTAFCfirst/nimnym005.wav,,,,,,,,,,,,,
,,,,,32,001,2024-05-24_09h21.08.184,mathesisv2,2024.1.3,Win32,59.52380952,,,,,,,,,,,,,,,,,x,,,,,,,,,,,,,,,,,,,,,,,,,,,,,,,,,,,,,,,,,,,,,,,,,,,,,,,,,,,,,,,603.5809,606.2855,e,2.6758,,1,5,12,3,1,stimuliTAFCfirst/nimnym004.wav,,,,,,,,,,,,,
,,,,,32,001,2024-05-24_09h21.08.184,mathesisv2,2024.1.3,Win32,59.52380952,,,,,,,,,,,,,,,,,e,,,,,,,,,,,,,,,,,,,,,,,,,,,,,,,,,,,,,,,,,,,,,,,,,,,,,,,,,,,,,,,606.2871,607.7897,e,1.4795,,1,6,13,0,1,stimuliTAFCfirst/nimnym001.wav,,,,,,,,,,,,,
,,,,,32,001,2024-05-24_09h21.08.184,mathesisv2,2024.1.3,Win32,59.52380952,,,,,,,,,,,,,,,,,u,607.7899,610.1748,space,2.3645,,,,,,,,,,,,,,,,,,,,,,,,,,,,,,,,,,,,,,,,,,,,,,,,,,,,,,,,,,,,,,,,,,,,,,610.21,612.7898,u,2.5722,,0,0,0,0,1,stimuliTAFCsec/numnym001.wav,,
,,,,,32,001,2024-05-24_09h21.08.184,mathesisv2,2024.1.3,Win32,59.52380952,,,,,,,,,,,,,,,,,y,,,,,,,,,,,,,,,,,,,,,,,,,,,,,,,,,,,,,,,,,,,,,,,,,,,,,,,,,,,,,,,,,,,,,,,,,,612.7911,614.4149,y,1.6071,,0,1,1,6,1,stimuliTAFCsec/numnym007.wav,,
,,,,,32,001,2024-05-24_09h21.08.184,mathesisv2,2024.1.3,Win32,59.52380952,,,,,,,,,,,,,,,,,y,,,,,,,,,,,,,,,,,,,,,,,,,,,,,,,,,,,,,,,,,,,,,,,,,,,,,,,,,,,,,,,,,,,,,,,,,,614.4163,615.8602,y,1.4284,,0,2,2,4,1,stimuliTAFCsec/numnym005.wav,,
,,,,,32,001,2024-05-24_09h21.08.184,mathesisv2,2024.1.3,Win32,59.52380952,,,,,,,,,,,,,,,,,x,,,,,,,,,,,,,,,,,,,,,,,,,,,,,,,,,,,,,,,,,,,,,,,,,,,,,,,,,,,,,,,,,,,,,,,,,,615.8611,617.5517,u,1.6786,,0,3,3,3,1,stimuliTAFCsec/numnym004.wav,,
,,,,,32,001,2024-05-24_09h21.08.184,mathesisv2,2024.1.3,Win32,59.52380952,,,,,,,,,,,,,,,,,y,,,,,,,,,,,,,,,,,,,,,,,,,,,,,,,,,,,,,,,,,,,,,,,,,,,,,,,,,,,,,,,,,,,,,,,,,,617.5528,619.6889,y,2.1125,,0,4,4,5,1,stimuliTAFCsec/numnym006.wav,,
,,,,,32,001,2024-05-24_09h21.08.184,mathesisv2,2024.1.3,Win32,59.52380952,,,,,,,,,,,,,,,,,u,,,,,,,,,,,,,,,,,,,,,,,,,,,,,,,,,,,,,,,,,,,,,,,,,,,,,,,,,,,,,,,,,,,,,,,,,,619.6892,621.7119,u,2.0017,,0,5,5,1,1,stimuliTAFCsec/numnym002.wav,,
,,,,,32,001,2024-05-24_09h21.08.184,mathesisv2,2024.1.3,Win32,59.52380952,,,,,,,,,,,,,,,,,u,,,,,,,,,,,,,,,,,,,,,,,,,,,,,,,,,,,,,,,,,,,,,,,,,,,,,,,,,,,,,,,,,,,,,,,,,,621.714,624.3056,u,2.5663,,0,6,6,2,1,stimuliTAFCsec/numnym003.wav,,
,,,,,32,001,2024-05-24_09h21.08.184,mathesisv2,2024.1.3,Win32,59.52380952,,,,,,,,,,,,,,,,,y,,,,,,,,,,,,,,,,,,,,,,,,,,,,,,,,,,,,,,,,,,,,,,,,,,,,,,,,,,,,,,,,,,,,,,,,,,624.3063,626.0669,y,1.7451,,1,0,7,5,1,stimuliTAFCsec/numnym006.wav,,
,,,,,32,001,2024-05-24_09h21.08.184,mathesisv2,2024.1.3,Win32,59.52380952,,,,,,,,,,,,,,,,,y,,,,,,,,,,,,,,,,,,,,,,,,,,,,,,,,,,,,,,,,,,,,,,,,,,,,,,,,,,,,,,,,,,,,,,,,,,626.0688,627.4613,y,1.3733,,1,1,8,4,1,stimuliTAFCsec/numnym005.wav,,
,,,,,32,001,2024-05-24_09h21.08.184,mathesisv2,2024.1.3,Win32,59.52380952,,,,,,,,,,,,,,,,,u,,,,,,,,,,,,,,,,,,,,,,,,,,,,,,,,,,,,,,,,,,,,,,,,,,,,,,,,,,,,,,,,,,,,,,,,,,627.4626,628.7705,u,1.2908,,1,2,9,1,1,stimuliTAFCsec/numnym002.wav,,
,,,,,32,001,2024-05-24_09h21.08.184,mathesisv2,2024.1.3,Win32,59.52380952,,,,,,,,,,,,,,,,,x,,,,,,,,,,,,,,,,,,,,,,,,,,,,,,,,,,,,,,,,,,,,,,,,,,,,,,,,,,,,,,,,,,,,,,,,,,628.7712,630.1534,u,1.3658,,1,3,10,3,1,stimuliTAFCsec/numnym004.wav,,
,,,,,32,001,2024-05-24_09h21.08.184,mathesisv2,2024.1.3,Win32,59.52380952,,,,,,,,,,,,,,,,,u,,,,,,,,,,,,,,,,,,,,,,,,,,,,,,,,,,,,,,,,,,,,,,,,,,,,,,,,,,,,,,,,,,,,,,,,,,630.154,631.8325,u,1.6629,,1,4,11,2,1,stimuliTAFCsec/numnym003.wav,,
,,,,,32,001,2024-05-24_09h21.08.184,mathesisv2,2024.1.3,Win32,59.52380952,,,,,,,,,,,,,,,,,u,,,,,,,,,,,,,,,,,,,,,,,,,,,,,,,,,,,,,,,,,,,,,,,,,,,,,,,,,,,,,,,,,,,,,,,,,,631.8335,633.128,u,1.2724,,1,5,12,0,1,stimuliTAFCsec/numnym001.wav,,
,,,,,32,001,2024-05-24_09h21.08.184,mathesisv2,2024.1.3,Win32,59.52380952,,,,,,,,,,,,,,,,,y,,,,,,,,,,,,,,,,,,,,,,,,,,,,,,,,,,,,,,,,,,,,,,,,,,,,,,,,,,,,,,,,,,,,,,,,,,633.1303,634.3853,y,1.2441,,1,6,13,6,1,stimuliTAFCsec/numnym007.wav,,
,,,,,32,001,2024-05-24_09h21.08.184,mathesisv2,2024.1.3,Win32,59.52380952,,,,,,,,,,,,,,,,,y,,,,,,,,,,,,,,,,,,,,,,,,,,634.3855,636.4824,space,2.0766,,,,,,,,,,,,,,,,,,,,,,,,,,,,,,,,,,636.5061,638.4662,y,1.9518,,0,0,0,4,1,stimuliTAFCfirst/nimnym005.wav,,,,,,,,,,,,,
,,,,,32,001,2024-05-24_09h21.08.184,mathesisv2,2024.1.3,Win32,59.52380952,,,,,,,,,,,,,,,,,e,,,,,,,,,,,,,,,,,,,,,,,,,,,,,,,,,,,,,,,,,,,,,,,,,,,,,,,,,,,,,,,638.4671,641.4913,e,3.0007,,0,1,1,2,1,stimuliTAFCfirst/nimnym003.wav,,,,,,,,,,,,,
,,,,,32,001,2024-05-24_09h21.08.184,mathesisv2,2024.1.3,Win32,59.52380952,,,,,,,,,,,,,,,,,x,,,,,,,,,,,,,,,,,,,,,,,,,,,,,,,,,,,,,,,,,,,,,,,,,,,,,,,,,,,,,,,641.4919,644.2006,e,2.6962,,0,2,2,3,1,stimuliTAFCfirst/nimnym004.wav,,,,,,,,,,,,,
,,,,,32,001,2024-05-24_09h21.08.184,mathesisv2,2024.1.3,Win32,59.52380952,,,,,,,,,,,,,,,,,y,,,,,,,,,,,,,,,,,,,,,,,,,,,,,,,,,,,,,,,,,,,,,,,,,,,,,,,,,,,,,,,644.2259,646.2731,y,2.0396,,0,3,3,6,1,stimuliTAFCfirst/nimnym007.wav,,,,,,,,,,,,,
,,,,,32,001,2024-05-24_09h21.08.184,mathesisv2,2024.1.3,Win32,59.52380952,,,,,,,,,,,,,,,,,y,,,,,,,,,,,,,,,,,,,,,,,,,,,,,,,,,,,,,,,,,,,,,,,,,,,,,,,,,,,,,,,646.274,649.0561,y,2.7666,,0,4,4,5,1,stimuliTAFCfirst/nimnym006.wav,,,,,,,,,,,,,
,,,,,32,001,2024-05-24_09h21.08.184,mathesisv2,2024.1.3,Win32,59.52380952,,,,,,,,,,,,,,,,,e,,,,,,,,,,,,,,,,,,,,,,,,,,,,,,,,,,,,,,,,,,,,,,,,,,,,,,,,,,,,,,,649.0567,650.3588,e,1.2861,,0,5,5,1,1,stimuliTAFCfirst/nimnym002.wav,,,,,,,,,,,,,
,,,,,32,001,2024-05-24_09h21.08.184,mathesisv2,2024.1.3,Win32,59.52380952,,,,,,,,,,,,,,,,,e,,,,,,,,,,,,,,,,,,,,,,,,,,,,,,,,,,,,,,,,,,,,,,,,,,,,,,,,,,,,,,,650.36,651.7913,e,1.4198,,0,6,6,0,1,stimuliTAFCfirst/nimnym001.wav,,,,,,,,,,,,,
,,,,,32,001,2024-05-24_09h21.08.184,mathesisv2,2024.1.3,Win32,59.52380952,,,,,,,,,,,,,,,,,y,,,,,,,,,,,,,,,,,,,,,,,,,,,,,,,,,,,,,,,,,,,,,,,,,,,,,,,,,,,,,,,651.7923,653.3978,y,1.5924,,1,0,7,4,1,stimuliTAFCfirst/nimnym005.wav,,,,,,,,,,,,,
,,,,,32,001,2024-05-24_09h21.08.184,mathesisv2,2024.1.3,Win32,59.52380952,,,,,,,,,,,,,,,,,x,,,,,,,,,,,,,,,,,,,,,,,,,,,,,,,,,,,,,,,,,,,,,,,,,,,,,,,,,,,,,,,653.3992,654.7113,e,1.2845,,1,1,8,3,1,stimuliTAFCfirst/nimnym004.wav,,,,,,,,,,,,,
,,,,,32,001,2024-05-24_09h21.08.184,mathesisv2,2024.1.3,Win32,59.52380952,,,,,,,,,,,,,,,,,y,,,,,,,,,,,,,,,,,,,,,,,,,,,,,,,,,,,,,,,,,,,,,,,,,,,,,,,,,,,,,,,654.7134,657.1822,y,2.4504,,1,2,9,5,1,stimuliTAFCfirst/nimnym006.wav,,,,,,,,,,,,,
,,,,,32,001,2024-05-24_09h21.08.184,mathesisv2,2024.1.3,Win32,59.52380952,,,,,,,,,,,,,,,,,e,,,,,,,,,,,,,,,,,,,,,,,,,,,,,,,,,,,,,,,,,,,,,,,,,,,,,,,,,,,,,,,657.1836,658.5936,e,1.3874,,1,3,10,0,1,stimuliTAFCfirst/nimnym001.wav,,,,,,,,,,,,,
,,,,,32,001,2024-05-24_09h21.08.184,mathesisv2,2024.1.3,Win32,59.52380952,,,,,,,,,,,,,,,,,e,,,,,,,,,,,,,,,,,,,,,,,,,,,,,,,,,,,,,,,,,,,,,,,,,,,,,,,,,,,,,,,658.5953,660.0274,e,1.4102,,1,4,11,1,1,stimuliTAFCfirst/nimnym002.wav,,,,,,,,,,,,,
,,,,,32,001,2024-05-24_09h21.08.184,mathesisv2,2024.1.3,Win32,59.52380952,,,,,,,,,,,,,,,,,e,,,,,,,,,,,,,,,,,,,,,,,,,,,,,,,,,,,,,,,,,,,,,,,,,,,,,,,,,,,,,,,660.0287,661.3542,e,1.297,,1,5,12,2,1,stimuliTAFCfirst/nimnym003.wav,,,,,,,,,,,,,
,,,,,32,001,2024-05-24_09h21.08.184,mathesisv2,2024.1.3,Win32,59.52380952,,,,,,,,,,,,,,,,,y,,,,,,,,,,,,,,,,,,,,,,,,,,,,,,,,,,,,,,,,,,,,,,,,,,,,,,,,,,,,,,,661.3549,663.0311,y,1.6606,,1,6,13,6,1,stimuliTAFCfirst/nimnym007.wav,,,,,,,,,,,,,
,,,,,32,001,2024-05-24_09h21.08.184,mathesisv2,2024.1.3,Win32,59.52380952,,,,,,,,,,,,,,,,,u,663.0315,665.0876,space,2.0333,,,,,,,,,,,,,,,,,,,,,,,,,,,,,,,,,,,,,,,,,,,,,,,,,,,,,,,,,,,,,,,,,,,,,,665.1254,668.4539,u,3.3214,,0,0,0,2,1,stimuliTAFCsec/numnym003.wav,,
,,,,,32,001,2024-05-24_09h21.08.184,mathesisv2,2024.1.3,Win32,59.52380952,,,,,,,,,,,,,,,,,u,,,,,,,,,,,,,,,,,,,,,,,,,,,,,,,,,,,,,,,,,,,,,,,,,,,,,,,,,,,,,,,,,,,,,,,,,,668.4772,672.8966,u,4.4092,,0,1,1,0,1,stimuliTAFCsec/numnym001.wav,,
,,,,,32,001,2024-05-24_09h21.08.184,mathesisv2,2024.1.3,Win32,59.52380952,,,,,,,,,,,,,,,,,u,,,,,,,,,,,,,,,,,,,,,,,,,,,,,,,,,,,,,,,,,,,,,,,,,,,,,,,,,,,,,,,,,,,,,,,,,,672.9275,674.4537,u,1.5192,,0,2,2,1,1,stimuliTAFCsec/numnym002.wav,,
,,,,,32,001,2024-05-24_09h21.08.184,mathesisv2,2024.1.3,Win32,59.52380952,,,,,,,,,,,,,,,,,x,,,,,,,,,,,,,,,,,,,,,,,,,,,,,,,,,,,,,,,,,,,,,,,,,,,,,,,,,,,,,,,,,,,,,,,,,,674.4546,675.9392,u,1.4694,,0,3,3,3,1,stimuliTAFCsec/numnym004.wav,,
,,,,,32,001,2024-05-24_09h21.08.184,mathesisv2,2024.1.3,Win32,59.52380952,,,,,,,,,,,,,,,,,y,,,,,,,,,,,,,,,,,,,,,,,,,,,,,,,,,,,,,,,,,,,,,,,,,,,,,,,,,,,,,,,,,,,,,,,,,,675.94,677.1438,y,1.189,,0,4,4,5,1,stimuliTAFCsec/numnym006.wav,,
,,,,,32,001,2024-05-24_09h21.08.184,mathesisv2,2024.1.3,Win32,59.52380952,,,,,,,,,,,,,,,,,y,,,,,,,,,,,,,,,,,,,,,,,,,,,,,,,,,,,,,,,,,,,,,,,,,,,,,,,,,,,,,,,,,,,,,,,,,,677.1455,678.3891,y,1.229,,0,5,5,6,1,stimuliTAFCsec/numnym007.wav,,
,,,,,32,001,2024-05-24_09h21.08.184,mathesisv2,2024.1.3,Win32,59.52380952,,,,,,,,,,,,,,,,,y,,,,,,,,,,,,,,,,,,,,,,,,,,,,,,,,,,,,,,,,,,,,,,,,,,,,,,,,,,,,,,,,,,,,,,,,,,678.3901,679.5719,y,1.1658,,0,6,6,4,1,stimuliTAFCsec/numnym005.wav,,
,,,,,32,001,2024-05-24_09h21.08.184,mathesisv2,2024.1.3,Win32,59.52380952,,,,,,,,,,,,,,,,,y,,,,,,,,,,,,,,,,,,,,,,,,,,,,,,,,,,,,,,,,,,,,,,,,,,,,,,,,,,,,,,,,,,,,,,,,,,679.5735,680.7525,y,1.1649,,1,0,7,6,1,stimuliTAFCsec/numnym007.wav,,
,,,,,32,001,2024-05-24_09h21.08.184,mathesisv2,2024.1.3,Win32,59.52380952,,,,,,,,,,,,,,,,,y,,,,,,,,,,,,,,,,,,,,,,,,,,,,,,,,,,,,,,,,,,,,,,,,,,,,,,,,,,,,,,,,,,,,,,,,,,680.754,683.7422,y,2.974,,1,1,8,4,1,stimuliTAFCsec/numnym005.wav,,
,,,,,32,001,2024-05-24_09h21.08.184,mathesisv2,2024.1.3,Win32,59.52380952,,,,,,,,,,,,,,,,,x,,,,,,,,,,,,,,,,,,,,,,,,,,,,,,,,,,,,,,,,,,,,,,,,,,,,,,,,,,,,,,,,,,,,,,,,,,683.7429,685.3579,y,1.5896,,1,2,9,3,1,stimuliTAFCsec/numnym004.wav,,
,,,,,32,001,2024-05-24_09h21.08.184,mathesisv2,2024.1.3,Win32,59.52380952,,,,,,,,,,,,,,,,,u,,,,,,,,,,,,,,,,,,,,,,,,,,,,,,,,,,,,,,,,,,,,,,,,,,,,,,,,,,,,,,,,,,,,,,,,,,685.3603,686.5566,u,1.1828,,1,3,10,1,1,stimuliTAFCsec/numnym002.wav,,
,,,,,32,001,2024-05-24_09h21.08.184,mathesisv2,2024.1.3,Win32,59.52380952,,,,,,,,,,,,,,,,,u,,,,,,,,,,,,,,,,,,,,,,,,,,,,,,,,,,,,,,,,,,,,,,,,,,,,,,,,,,,,,,,,,,,,,,,,,,686.5575,687.9267,u,1.3287,,1,4,11,2,1,stimuliTAFCsec/numnym003.wav,,
,,,,,32,001,2024-05-24_09h21.08.184,mathesisv2,2024.1.3,Win32,59.52380952,,,,,,,,,,,,,,,,,y,,,,,,,,,,,,,,,,,,,,,,,,,,,,,,,,,,,,,,,,,,,,,,,,,,,,,,,,,,,,,,,,,,,,,,,,,,687.9277,689.1564,y,1.2033,,1,5,12,5,1,stimuliTAFCsec/numnym006.wav,,
,,,,,32,001,2024-05-24_09h21.08.184,mathesisv2,2024.1.3,Win32,59.52380952,,,,,,,,,,,,,,,,,u,,,,,,,,,,,,,,,,,,,,,,,,,,,,,,,,,,,,,,,,,,,,,,,,,,,,,,,,,,,,,,,,,,,,,,,,,,689.158,690.436,u,1.2636,,1,6,13,0,1,stimuliTAFCsec/numnym001.wav,,
,,,,,32,001,2024-05-24_09h21.08.184,mathesisv2,2024.1.3,Win32,59.52380952,,,,,,,,,,,,,,,,,,,,,,,,,,,,,,,,,,,,,,,,,,,690.4363,692.1119,space,1.6543,,,,,,,,,,,,,,,,,,,,,,,,,,,,,,,,,,,,,,,,,,,,,,,,,,,,,,,,692.1475,697.1098
