﻿start.started,start.stopped,startkey_resp.keys,startkey_resp.rt,startkey_resp.duration,participant,session,date,expName,psychopyVersion,OS,frameRate,attention.started,attention.stopped,key_resp.keys,key_resp.rt,key_resp.duration,stimuliAXBmix.started,stimuliAXBmix.stopped,stimuliAXBkey_resp.keys,stimuliAXBkey_resp.rt,stimuliAXBkey_resp.duration,stimuliAXBtesttrials.thisRepN,stimuliAXBtesttrials.thisTrialN,stimuliAXBtesttrials.thisN,stimuliAXBtesttrials.thisIndex,stimuliAXBtesttrials.ran,stimuliAXBmix,Correct,attentionsecond.started,attentionsecond.stopped,attentionsecondkey_resp.keys,attentionsecondkey_resp.rt,attentionsecondkey_resp.duration,instAXBreal.started,instAXBreal.stopped,instAXBrealkey_resp.keys,instAXBrealkey_resp.rt,instAXBrealkey_resp.duration,stimuliAXBmixfirst.thisRepN,stimuliAXBmixfirst.thisTrialN,stimuliAXBmixfirst.thisN,stimuliAXBmixfirst.thisIndex,stimuliAXBmixfirst.ran,attentionfirst.started,attentionfirst.stopped,attentionfirstkey_resp.keys,attentionfirstkey_resp.rt,attentionfirstkey_resp.duration,stimuliAXbmixsec.thisRepN,stimuliAXbmixsec.thisTrialN,stimuliAXbmixsec.thisN,stimuliAXbmixsec.thisIndex,stimuliAXbmixsec.ran,kaffeepause.started,kaffeepause.stopped,kaffeepausekey_resp.keys,kaffeepausekey_resp.rt,kaffeepausekey_resp.duration,instTAFCtest.started,instTAFCtest.stopped,instTAFCtestkey_resp.keys,instTAFCtestkey_resp.rt,instTAFCtestkey_resp.duration,testTAFCmixfirst.started,testTAFCmixfirst.stopped,testTAFCmixfirstkey_resp.keys,testTAFCmixfirstkey_resp.rt,testTAFCmixfirstkey_resp.duration,testTAFCmixfirsttrials.thisRepN,testTAFCmixfirsttrials.thisTrialN,testTAFCmixfirsttrials.thisN,testTAFCmixfirsttrials.thisIndex,testTAFCmixfirsttrials.ran,testTAFCmixfirst,testTAFCmixsec.started,testTAFCmixsec.stopped,testTAFCmixseckey_resp.keys,testTAFCmixseckey_resp.rt,testTAFCmixseckey_resp.duration,testTAFCmixsectrials.thisRepN,testTAFCmixsectrials.thisTrialN,testTAFCmixsectrials.thisN,testTAFCmixsectrials.thisIndex,testTAFCmixsectrials.ran,testTAFCmixsec,instTAFCreal.started,instTAFCreal.stopped,instTAFCrealkey_resp.keys,instTAFCrealkey_resp.rt,instTAFCrealkey_resp.duration,stimuliTAFCfirst.started,stimuliTAFCfirst.stopped,stimuliTAFCfirstkey_resp.keys,stimuliTAFCfirstkey_resp.rt,stimuliTAFCfirstkey_resp.duration,stimuliTAFCfirsttrials.thisRepN,stimuliTAFCfirsttrials.thisTrialN,stimuliTAFCfirsttrials.thisN,stimuliTAFCfirsttrials.thisIndex,stimuliTAFCfirsttrials.ran,stimuliTAFCfirst,stimuliTAFCsec.started,stimuliTAFCsec.stopped,stimuliTAFCseckey_resp.keys,stimuliTAFCseckey_resp.rt,stimuliTAFCseckey_resp.duration,stimuliTAFCsectrials.thisRepN,stimuliTAFCsectrials.thisTrialN,stimuliTAFCsectrials.thisN,stimuliTAFCsectrials.thisIndex,stimuliTAFCsectrials.ran,stimuliTAFCsec,end.started,end.stopped
0.0002,28078.5479,space,28078.5269,,541264,001,2024-06-03_14h36.58.506,mathesisv2,2024.1.3,Linux x86_64,61.34969325,,,,,,,,,,,,,,,,,,,,,,,,,,,,,,,,,,,,,,,,,,,,,,,,,,,,,,,,,,,,,,,,,,,,,,,,,,,,,,,,,,,,,,,,,,,,,,,,,,,,,,,
,,,,,541264,001,2024-06-03_14h36.58.506,mathesisv2,2024.1.3,Linux x86_64,61.34969325,28078.5484,28081.8537,space,3.2852,,,,,,,,,,,,,,,,,,,,,,,,,,,,,,,,,,,,,,,,,,,,,,,,,,,,,,,,,,,,,,,,,,,,,,,,,,,,,,,,,,,,,,,,,,,,,,,,,,,
,,,,,541264,001,2024-06-03_14h36.58.506,mathesisv2,2024.1.3,Linux x86_64,61.34969325,,,,,,28081.8898,28094.3486,l,12.4493,,0,0,0,0,1,stimuliAXBmix/iiystimulus.wav,l,,,,,,,,,,,,,,,,,,,,,,,,,,,,,,,,,,,,,,,,,,,,,,,,,,,,,,,,,,,,,,,,,,,,,,,,,,,,,,,,,,,,,,
,,,,,541264,001,2024-06-03_14h36.58.506,mathesisv2,2024.1.3,Linux x86_64,61.34969325,,,,,,28094.3689,28098.5037,f,4.1266,,0,1,1,1,1,stimuliAXBmix/iyystimulus.wav,f,,,,,,,,,,,,,,,,,,,,,,,,,,,,,,,,,,,,,,,,,,,,,,,,,,,,,,,,,,,,,,,,,,,,,,,,,,,,,,,,,,,,,,
,,,,,541264,001,2024-06-03_14h36.58.506,mathesisv2,2024.1.3,Linux x86_64,61.34969325,,,,,,28098.524,28102.4211,l,3.8825,,0,2,2,3,1,stimuliAXBmix/yyustimulus.wav,l,,,,,,,,,,,,,,,,,,,,,,,,,,,,,,,,,,,,,,,,,,,,,,,,,,,,,,,,,,,,,,,,,,,,,,,,,,,,,,,,,,,,,,
,,,,,541264,001,2024-06-03_14h36.58.506,mathesisv2,2024.1.3,Linux x86_64,61.34969325,,,,,,28102.4443,28106.092,f,3.6328,,0,3,3,2,1,stimuliAXBmix/yuustimulus.wav,f,,,,,,,,,,,,,,,,,,,,,,,,,,,,,,,,,,,,,,,,,,,,,,,,,,,,,,,,,,,,,,,,,,,,,,,,,,,,,,,,,,,,,,
,,,,,541264,001,2024-06-03_14h36.58.506,mathesisv2,2024.1.3,Linux x86_64,61.34969325,,,,,,,,,,,,,,,,,,28106.0941,28108.8391,space,2.7299,,,,,,,,,,,,,,,,,,,,,,,,,,,,,,,,,,,,,,,,,,,,,,,,,,,,,,,,,,,,,,,,,,,,,,,,,,,,,,,,,,
,,,,,541264,001,2024-06-03_14h36.58.506,mathesisv2,2024.1.3,Linux x86_64,61.34969325,,,,,,,,,,,,,,,,,,,,,,,28108.8394,28112.1725,space,3.3203,,,,,,,,,,,,,,,,,,,,,,,,,,,,,,,,,,,,,,,,,,,,,,,,,,,,,,,,,,,,,,,,,,,,,,,,,,,,,
,,,,,541264,001,2024-06-03_14h36.58.506,mathesisv2,2024.1.3,Linux x86_64,61.34969325,,,,,,28112.1968,28116.1079,f,3.901,,,,,,,stimuliAXBmix/yuustimulus.wav,f,,,,,,,,,,,0,0,0,2,1,,,,,,,,,,,,,,,,,,,,,,,,,,,,,,,,,,,,,,,,,,,,,,,,,,,,,,,,,,,,,,,,,,,,,,,
,,,,,541264,001,2024-06-03_14h36.58.506,mathesisv2,2024.1.3,Linux x86_64,61.34969325,,,,,,28116.1283,28119.454,f,3.3158,,,,,,,stimuliAXBmix/iyystimulus.wav,f,,,,,,,,,,,0,1,1,1,1,,,,,,,,,,,,,,,,,,,,,,,,,,,,,,,,,,,,,,,,,,,,,,,,,,,,,,,,,,,,,,,,,,,,,,,
,,,,,541264,001,2024-06-03_14h36.58.506,mathesisv2,2024.1.3,Linux x86_64,61.34969325,,,,,,28119.4764,28122.9719,l,3.4813,,,,,,,stimuliAXBmix/yyustimulus.wav,l,,,,,,,,,,,0,2,2,3,1,,,,,,,,,,,,,,,,,,,,,,,,,,,,,,,,,,,,,,,,,,,,,,,,,,,,,,,,,,,,,,,,,,,,,,,
,,,,,541264,001,2024-06-03_14h36.58.506,mathesisv2,2024.1.3,Linux x86_64,61.34969325,,,,,,28123.0003,28126.5161,l,3.5096,,,,,,,stimuliAXBmix/iiystimulus.wav,l,,,,,,,,,,,0,3,3,0,1,,,,,,,,,,,,,,,,,,,,,,,,,,,,,,,,,,,,,,,,,,,,,,,,,,,,,,,,,,,,,,,,,,,,,,,
,,,,,541264,001,2024-06-03_14h36.58.506,mathesisv2,2024.1.3,Linux x86_64,61.34969325,,,,,,28126.5388,28129.9382,l,3.3939,,,,,,,stimuliAXBmix/yyustimulus.wav,l,,,,,,,,,,,1,0,4,3,1,,,,,,,,,,,,,,,,,,,,,,,,,,,,,,,,,,,,,,,,,,,,,,,,,,,,,,,,,,,,,,,,,,,,,,,
,,,,,541264,001,2024-06-03_14h36.58.506,mathesisv2,2024.1.3,Linux x86_64,61.34969325,,,,,,28129.9388,28132.9892,f,3.0414,,,,,,,stimuliAXBmix/yuustimulus.wav,f,,,,,,,,,,,1,1,5,2,1,,,,,,,,,,,,,,,,,,,,,,,,,,,,,,,,,,,,,,,,,,,,,,,,,,,,,,,,,,,,,,,,,,,,,,,
,,,,,541264,001,2024-06-03_14h36.58.506,mathesisv2,2024.1.3,Linux x86_64,61.34969325,,,,,,28133.0101,28136.0047,f,2.9893,,,,,,,stimuliAXBmix/iyystimulus.wav,f,,,,,,,,,,,1,2,6,1,1,,,,,,,,,,,,,,,,,,,,,,,,,,,,,,,,,,,,,,,,,,,,,,,,,,,,,,,,,,,,,,,,,,,,,,,
,,,,,541264,001,2024-06-03_14h36.58.506,mathesisv2,2024.1.3,Linux x86_64,61.34969325,,,,,,28136.0053,28139.8121,l,3.7999,,,,,,,stimuliAXBmix/iiystimulus.wav,l,,,,,,,,,,,1,3,7,0,1,,,,,,,,,,,,,,,,,,,,,,,,,,,,,,,,,,,,,,,,,,,,,,,,,,,,,,,,,,,,,,,,,,,,,,,
,,,,,541264,001,2024-06-03_14h36.58.506,mathesisv2,2024.1.3,Linux x86_64,61.34969325,,,,,,28139.8379,28143.6542,l,3.8077,,,,,,,stimuliAXBmix/yyustimulus.wav,l,,,,,,,,,,,2,0,8,3,1,,,,,,,,,,,,,,,,,,,,,,,,,,,,,,,,,,,,,,,,,,,,,,,,,,,,,,,,,,,,,,,,,,,,,,,
,,,,,541264,001,2024-06-03_14h36.58.506,mathesisv2,2024.1.3,Linux x86_64,61.34969325,,,,,,28143.6748,28147.09,f,3.4013,,,,,,,stimuliAXBmix/iyystimulus.wav,f,,,,,,,,,,,2,1,9,1,1,,,,,,,,,,,,,,,,,,,,,,,,,,,,,,,,,,,,,,,,,,,,,,,,,,,,,,,,,,,,,,,,,,,,,,,
,,,,,541264,001,2024-06-03_14h36.58.506,mathesisv2,2024.1.3,Linux x86_64,61.34969325,,,,,,28147.1177,28150.322,l,3.1921,,,,,,,stimuliAXBmix/iiystimulus.wav,l,,,,,,,,,,,2,2,10,0,1,,,,,,,,,,,,,,,,,,,,,,,,,,,,,,,,,,,,,,,,,,,,,,,,,,,,,,,,,,,,,,,,,,,,,,,
,,,,,541264,001,2024-06-03_14h36.58.506,mathesisv2,2024.1.3,Linux x86_64,61.34969325,,,,,,28150.3227,28154.1162,f,3.7862,,,,,,,stimuliAXBmix/yuustimulus.wav,f,,,,,,,,,,,2,3,11,2,1,,,,,,,,,,,,,,,,,,,,,,,,,,,,,,,,,,,,,,,,,,,,,,,,,,,,,,,,,,,,,,,,,,,,,,,
,,,,,541264,001,2024-06-03_14h36.58.506,mathesisv2,2024.1.3,Linux x86_64,61.34969325,,,,,,28159.1295,28162.9397,l,3.7961,,,,,,,stimuliAXBmix/iiystimulus.wav,l,,,,,,,,,,,,,,,,28154.1175,28159.1068,return,4.9734,,0,0,0,0,1,,,,,,,,,,,,,,,,,,,,,,,,,,,,,,,,,,,,,,,,,,,,,,,,,,,,,,,,,,,,,
,,,,,541264,001,2024-06-03_14h36.58.506,mathesisv2,2024.1.3,Linux x86_64,61.34969325,,,,,,28162.9626,28166.3729,l,3.3974,,,,,,,stimuliAXBmix/yyustimulus.wav,l,,,,,,,,,,,,,,,,,,,,,0,1,1,3,1,,,,,,,,,,,,,,,,,,,,,,,,,,,,,,,,,,,,,,,,,,,,,,,,,,,,,,,,,,,,,
,,,,,541264,001,2024-06-03_14h36.58.506,mathesisv2,2024.1.3,Linux x86_64,61.34969325,,,,,,28166.3735,28169.9397,f,3.5343,,,,,,,stimuliAXBmix/iyystimulus.wav,f,,,,,,,,,,,,,,,,,,,,,0,2,2,1,1,,,,,,,,,,,,,,,,,,,,,,,,,,,,,,,,,,,,,,,,,,,,,,,,,,,,,,,,,,,,,
,,,,,541264,001,2024-06-03_14h36.58.506,mathesisv2,2024.1.3,Linux x86_64,61.34969325,,,,,,28169.9666,28173.3096,f,3.3366,,,,,,,stimuliAXBmix/yuustimulus.wav,f,,,,,,,,,,,,,,,,,,,,,0,3,3,2,1,,,,,,,,,,,,,,,,,,,,,,,,,,,,,,,,,,,,,,,,,,,,,,,,,,,,,,,,,,,,,
,,,,,541264,001,2024-06-03_14h36.58.506,mathesisv2,2024.1.3,Linux x86_64,61.34969325,,,,,,28173.333,28176.8044,f,3.4641,,,,,,,stimuliAXBmix/yuustimulus.wav,f,,,,,,,,,,,,,,,,,,,,,1,0,4,2,1,,,,,,,,,,,,,,,,,,,,,,,,,,,,,,,,,,,,,,,,,,,,,,,,,,,,,,,,,,,,,
,,,,,541264,001,2024-06-03_14h36.58.506,mathesisv2,2024.1.3,Linux x86_64,61.34969325,,,,,,28176.8296,28180.4389,f,3.595,,,,,,,stimuliAXBmix/iyystimulus.wav,f,,,,,,,,,,,,,,,,,,,,,1,1,5,1,1,,,,,,,,,,,,,,,,,,,,,,,,,,,,,,,,,,,,,,,,,,,,,,,,,,,,,,,,,,,,,
,,,,,541264,001,2024-06-03_14h36.58.506,mathesisv2,2024.1.3,Linux x86_64,61.34969325,,,,,,28180.4662,28183.8393,l,3.358,,,,,,,stimuliAXBmix/yyustimulus.wav,l,,,,,,,,,,,,,,,,,,,,,1,2,6,3,1,,,,,,,,,,,,,,,,,,,,,,,,,,,,,,,,,,,,,,,,,,,,,,,,,,,,,,,,,,,,,
,,,,,541264,001,2024-06-03_14h36.58.506,mathesisv2,2024.1.3,Linux x86_64,61.34969325,,,,,,28183.8398,28187.4473,l,3.6013,,,,,,,stimuliAXBmix/iiystimulus.wav,l,,,,,,,,,,,,,,,,,,,,,1,3,7,0,1,,,,,,,,,,,,,,,,,,,,,,,,,,,,,,,,,,,,,,,,,,,,,,,,,,,,,,,,,,,,,
,,,,,541264,001,2024-06-03_14h36.58.506,mathesisv2,2024.1.3,Linux x86_64,61.34969325,,,,,,28195.0993,28198.4435,l,3.3286,,,,,,,stimuliAXBmix/iiystimulus.wav,l,,,,,,,,,,,0,0,0,0,1,,,,,,,,,,,28187.4492,28195.074,space,7.5855,,,,,,,,,,,,,,,,,,,,,,,,,,,,,,,,,,,,,,,,,,,,,,,,,,,,,,,,,
,,,,,541264,001,2024-06-03_14h36.58.506,mathesisv2,2024.1.3,Linux x86_64,61.34969325,,,,,,28198.4447,28202.3385,l,3.8668,,,,,,,stimuliAXBmix/yyustimulus.wav,l,,,,,,,,,,,0,1,1,3,1,,,,,,,,,,,,,,,,,,,,,,,,,,,,,,,,,,,,,,,,,,,,,,,,,,,,,,,,,,,,,,,,,,,,,,,
,,,,,541264,001,2024-06-03_14h36.58.506,mathesisv2,2024.1.3,Linux x86_64,61.34969325,,,,,,28202.3625,28206.1395,f,3.7622,,,,,,,stimuliAXBmix/iyystimulus.wav,f,,,,,,,,,,,0,2,2,1,1,,,,,,,,,,,,,,,,,,,,,,,,,,,,,,,,,,,,,,,,,,,,,,,,,,,,,,,,,,,,,,,,,,,,,,,
,,,,,541264,001,2024-06-03_14h36.58.506,mathesisv2,2024.1.3,Linux x86_64,61.34969325,,,,,,28206.1625,28210.6671,f,4.4983,,,,,,,stimuliAXBmix/yuustimulus.wav,f,,,,,,,,,,,0,3,3,2,1,,,,,,,,,,,,,,,,,,,,,,,,,,,,,,,,,,,,,,,,,,,,,,,,,,,,,,,,,,,,,,,,,,,,,,,
,,,,,541264,001,2024-06-03_14h36.58.506,mathesisv2,2024.1.3,Linux x86_64,61.34969325,,,,,,28210.6925,28214.3563,f,3.649,,,,,,,stimuliAXBmix/iyystimulus.wav,f,,,,,,,,,,,1,0,4,1,1,,,,,,,,,,,,,,,,,,,,,,,,,,,,,,,,,,,,,,,,,,,,,,,,,,,,,,,,,,,,,,,,,,,,,,,
,,,,,541264,001,2024-06-03_14h36.58.506,mathesisv2,2024.1.3,Linux x86_64,61.34969325,,,,,,28214.3814,28217.8053,l,3.4149,,,,,,,stimuliAXBmix/yyustimulus.wav,l,,,,,,,,,,,1,1,5,3,1,,,,,,,,,,,,,,,,,,,,,,,,,,,,,,,,,,,,,,,,,,,,,,,,,,,,,,,,,,,,,,,,,,,,,,,
,,,,,541264,001,2024-06-03_14h36.58.506,mathesisv2,2024.1.3,Linux x86_64,61.34969325,,,,,,28217.8279,28221.7401,l,3.9074,,,,,,,stimuliAXBmix/iiystimulus.wav,l,,,,,,,,,,,1,2,6,0,1,,,,,,,,,,,,,,,,,,,,,,,,,,,,,,,,,,,,,,,,,,,,,,,,,,,,,,,,,,,,,,,,,,,,,,,
,,,,,541264,001,2024-06-03_14h36.58.506,mathesisv2,2024.1.3,Linux x86_64,61.34969325,,,,,,28221.7649,28224.9903,f,3.21,,,,,,,stimuliAXBmix/yuustimulus.wav,f,,,,,,,,,,,1,3,7,2,1,,,,,,,,,,,,,,,,,,,,,,,,,,,,,,,,,,,,,,,,,,,,,,,,,,,,,,,,,,,,,,,,,,,,,,,
,,,,,541264,001,2024-06-03_14h36.58.506,mathesisv2,2024.1.3,Linux x86_64,61.34969325,,,,,,28224.9908,28228.7732,f,3.7657,,,,,,,stimuliAXBmix/iyystimulus.wav,f,,,,,,,,,,,2,0,8,1,1,,,,,,,,,,,,,,,,,,,,,,,,,,,,,,,,,,,,,,,,,,,,,,,,,,,,,,,,,,,,,,,,,,,,,,,
,,,,,541264,001,2024-06-03_14h36.58.506,mathesisv2,2024.1.3,Linux x86_64,61.34969325,,,,,,28228.7957,28232.6903,l,3.8788,,,,,,,stimuliAXBmix/yyustimulus.wav,l,,,,,,,,,,,2,1,9,3,1,,,,,,,,,,,,,,,,,,,,,,,,,,,,,,,,,,,,,,,,,,,,,,,,,,,,,,,,,,,,,,,,,,,,,,,
,,,,,541264,001,2024-06-03_14h36.58.506,mathesisv2,2024.1.3,Linux x86_64,61.34969325,,,,,,28232.7115,28236.424,f,3.6957,,,,,,,stimuliAXBmix/yuustimulus.wav,f,,,,,,,,,,,2,2,10,2,1,,,,,,,,,,,,,,,,,,,,,,,,,,,,,,,,,,,,,,,,,,,,,,,,,,,,,,,,,,,,,,,,,,,,,,,
,,,,,541264,001,2024-06-03_14h36.58.506,mathesisv2,2024.1.3,Linux x86_64,61.34969325,,,,,,28236.4459,28239.7567,l,3.305,,,,,,,stimuliAXBmix/iiystimulus.wav,l,,,,,,,,,,,2,3,11,0,1,,,,,,,,,,,,,,,,,,,,,,,,,,,,,,,,,,,,,,,,,,,,,,,,,,,,,,,,,,,,,,,,,,,,,,,
,,,,,541264,001,2024-06-03_14h36.58.506,mathesisv2,2024.1.3,Linux x86_64,61.34969325,,,,,,28244.315,28247.6449,l,3.3152,,,,,,,stimuliAXBmix/yyustimulus.wav,l,,,,,,,,,,,,,,,,28239.7569,28244.2909,return,4.5185,,0,0,0,3,1,,,,,,,,,,,,,,,,,,,,,,,,,,,,,,,,,,,,,,,,,,,,,,,,,,,,,,,,,,,,,
,,,,,541264,001,2024-06-03_14h36.58.506,mathesisv2,2024.1.3,Linux x86_64,61.34969325,,,,,,28247.6457,28251.0552,f,3.3944,,,,,,,stimuliAXBmix/iyystimulus.wav,f,,,,,,,,,,,,,,,,,,,,,0,1,1,1,1,,,,,,,,,,,,,,,,,,,,,,,,,,,,,,,,,,,,,,,,,,,,,,,,,,,,,,,,,,,,,
,,,,,541264,001,2024-06-03_14h36.58.506,mathesisv2,2024.1.3,Linux x86_64,61.34969325,,,,,,28251.0763,28254.757,l,3.6664,,,,,,,stimuliAXBmix/iiystimulus.wav,l,,,,,,,,,,,,,,,,,,,,,0,2,2,0,1,,,,,,,,,,,,,,,,,,,,,,,,,,,,,,,,,,,,,,,,,,,,,,,,,,,,,,,,,,,,,
,,,,,541264,001,2024-06-03_14h36.58.506,mathesisv2,2024.1.3,Linux x86_64,61.34969325,,,,,,28254.7795,28258.3016,f,3.5131,,,,,,,stimuliAXBmix/yuustimulus.wav,f,,,,,,,,,,,,,,,,,,,,,0,3,3,2,1,,,,,,,,,,,,,,,,,,,,,,,,,,,,,,,,,,,,,,,,,,,,,,,,,,,,,,,,,,,,,
,,,,,541264,001,2024-06-03_14h36.58.506,mathesisv2,2024.1.3,Linux x86_64,61.34969325,,,,,,28258.3023,28261.8364,l,3.5159,,,,,,,stimuliAXBmix/iiystimulus.wav,l,,,,,,,,,,,,,,,,,,,,,1,0,4,0,1,,,,,,,,,,,,,,,,,,,,,,,,,,,,,,,,,,,,,,,,,,,,,,,,,,,,,,,,,,,,,
,,,,,541264,001,2024-06-03_14h36.58.506,mathesisv2,2024.1.3,Linux x86_64,61.34969325,,,,,,28261.8591,28265.0392,f,3.168,,,,,,,stimuliAXBmix/yuustimulus.wav,f,,,,,,,,,,,,,,,,,,,,,1,1,5,2,1,,,,,,,,,,,,,,,,,,,,,,,,,,,,,,,,,,,,,,,,,,,,,,,,,,,,,,,,,,,,,
,,,,,541264,001,2024-06-03_14h36.58.506,mathesisv2,2024.1.3,Linux x86_64,61.34969325,,,,,,28265.056,28268.5582,l,3.498,,,,,,,stimuliAXBmix/yyustimulus.wav,l,,,,,,,,,,,,,,,,,,,,,1,2,6,3,1,,,,,,,,,,,,,,,,,,,,,,,,,,,,,,,,,,,,,,,,,,,,,,,,,,,,,,,,,,,,,
,,,,,541264,001,2024-06-03_14h36.58.506,mathesisv2,2024.1.3,Linux x86_64,61.34969325,,,,,,28268.5803,28273.2029,f,4.6084,,,,,,,stimuliAXBmix/iyystimulus.wav,f,,,,,,,,,,,,,,,,,,,,,1,3,7,1,1,,,,,,,,,,,,,,,,,,,,,,,,,,,,,,,,,,,,,,,,,,,,,,,,,,,,,,,,,,,,,
,,,,,541264,001,2024-06-03_14h36.58.506,mathesisv2,2024.1.3,Linux x86_64,61.34969325,,,,,,28276.8845,28281.0233,f,4.1281,,,,,,,stimuliAXBmix/yuustimulus.wav,f,,,,,,,,,,,0,0,0,2,1,,,,,,,,,,,28273.2033,28276.8576,space,3.6287,,,,,,,,,,,,,,,,,,,,,,,,,,,,,,,,,,,,,,,,,,,,,,,,,,,,,,,,,
,,,,,541264,001,2024-06-03_14h36.58.506,mathesisv2,2024.1.3,Linux x86_64,61.34969325,,,,,,28281.0445,28284.5663,l,3.5175,,,,,,,stimuliAXBmix/yyustimulus.wav,l,,,,,,,,,,,0,1,1,3,1,,,,,,,,,,,,,,,,,,,,,,,,,,,,,,,,,,,,,,,,,,,,,,,,,,,,,,,,,,,,,,,,,,,,,,,
,,,,,541264,001,2024-06-03_14h36.58.506,mathesisv2,2024.1.3,Linux x86_64,61.34969325,,,,,,28284.567,28288.306,f,3.7243,,,,,,,stimuliAXBmix/iyystimulus.wav,f,,,,,,,,,,,0,2,2,1,1,,,,,,,,,,,,,,,,,,,,,,,,,,,,,,,,,,,,,,,,,,,,,,,,,,,,,,,,,,,,,,,,,,,,,,,
,,,,,541264,001,2024-06-03_14h36.58.506,mathesisv2,2024.1.3,Linux x86_64,61.34969325,,,,,,28288.331,28291.8239,l,3.4806,,,,,,,stimuliAXBmix/iiystimulus.wav,l,,,,,,,,,,,0,3,3,0,1,,,,,,,,,,,,,,,,,,,,,,,,,,,,,,,,,,,,,,,,,,,,,,,,,,,,,,,,,,,,,,,,,,,,,,,
,,,,,541264,001,2024-06-03_14h36.58.506,mathesisv2,2024.1.3,Linux x86_64,61.34969325,,,,,,28291.8456,28297.9884,f,6.1329,,,,,,,stimuliAXBmix/yuustimulus.wav,f,,,,,,,,,,,1,0,4,2,1,,,,,,,,,,,,,,,,,,,,,,,,,,,,,,,,,,,,,,,,,,,,,,,,,,,,,,,,,,,,,,,,,,,,,,,
,,,,,541264,001,2024-06-03_14h36.58.506,mathesisv2,2024.1.3,Linux x86_64,61.34969325,,,,,,28298.014,28302.7752,l,4.7492,,,,,,,stimuliAXBmix/yyustimulus.wav,l,,,,,,,,,,,1,1,5,3,1,,,,,,,,,,,,,,,,,,,,,,,,,,,,,,,,,,,,,,,,,,,,,,,,,,,,,,,,,,,,,,,,,,,,,,,
,,,,,541264,001,2024-06-03_14h36.58.506,mathesisv2,2024.1.3,Linux x86_64,61.34969325,,,,,,28302.7999,28309.6876,l,6.8778,,,,,,,stimuliAXBmix/iiystimulus.wav,l,,,,,,,,,,,1,2,6,0,1,,,,,,,,,,,,,,,,,,,,,,,,,,,,,,,,,,,,,,,,,,,,,,,,,,,,,,,,,,,,,,,,,,,,,,,
,,,,,541264,001,2024-06-03_14h36.58.506,mathesisv2,2024.1.3,Linux x86_64,61.34969325,,,,,,28309.7098,28320.5079,f,10.7874,,,,,,,stimuliAXBmix/iyystimulus.wav,f,,,,,,,,,,,1,3,7,1,1,,,,,,,,,,,,,,,,,,,,,,,,,,,,,,,,,,,,,,,,,,,,,,,,,,,,,,,,,,,,,,,,,,,,,,,
,,,,,541264,001,2024-06-03_14h36.58.506,mathesisv2,2024.1.3,Linux x86_64,61.34969325,,,,,,28320.53,28323.9073,l,3.3635,,,,,,,stimuliAXBmix/yyustimulus.wav,l,,,,,,,,,,,2,0,8,3,1,,,,,,,,,,,,,,,,,,,,,,,,,,,,,,,,,,,,,,,,,,,,,,,,,,,,,,,,,,,,,,,,,,,,,,,
,,,,,541264,001,2024-06-03_14h36.58.506,mathesisv2,2024.1.3,Linux x86_64,61.34969325,,,,,,28323.9079,28327.2988,f,3.3841,,,,,,,stimuliAXBmix/yuustimulus.wav,f,,,,,,,,,,,2,1,9,2,1,,,,,,,,,,,,,,,,,,,,,,,,,,,,,,,,,,,,,,,,,,,,,,,,,,,,,,,,,,,,,,,,,,,,,,,
,,,,,541264,001,2024-06-03_14h36.58.506,mathesisv2,2024.1.3,Linux x86_64,61.34969325,,,,,,28327.3185,28330.6385,l,3.3092,,,,,,,stimuliAXBmix/iiystimulus.wav,l,,,,,,,,,,,2,2,10,0,1,,,,,,,,,,,,,,,,,,,,,,,,,,,,,,,,,,,,,,,,,,,,,,,,,,,,,,,,,,,,,,,,,,,,,,,
,,,,,541264,001,2024-06-03_14h36.58.506,mathesisv2,2024.1.3,Linux x86_64,61.34969325,,,,,,28330.66,28333.9577,f,3.2846,,,,,,,stimuliAXBmix/iyystimulus.wav,f,,,,,,,,,,,2,3,11,1,1,,,,,,,,,,,,,,,,,,,,,,,,,,,,,,,,,,,,,,,,,,,,,,,,,,,,,,,,,,,,,,,,,,,,,,,
,,,,,541264,001,2024-06-03_14h36.58.506,mathesisv2,2024.1.3,Linux x86_64,61.34969325,,,,,,28336.9047,28340.0702,f,3.155,,,,,,,stimuliAXBmix/yuustimulus.wav,f,,,,,,,,,,,,,,,,28333.9582,28336.8824,return,2.9161,,0,0,0,2,1,,,,,,,,,,,,,,,,,,,,,,,,,,,,,,,,,,,,,,,,,,,,,,,,,,,,,,,,,,,,,
,,,,,541264,001,2024-06-03_14h36.58.506,mathesisv2,2024.1.3,Linux x86_64,61.34969325,,,,,,28340.0708,28343.3922,l,3.3026,,,,,,,stimuliAXBmix/iiystimulus.wav,l,,,,,,,,,,,,,,,,,,,,,0,1,1,0,1,,,,,,,,,,,,,,,,,,,,,,,,,,,,,,,,,,,,,,,,,,,,,,,,,,,,,,,,,,,,,
,,,,,541264,001,2024-06-03_14h36.58.506,mathesisv2,2024.1.3,Linux x86_64,61.34969325,,,,,,28343.4158,28348.0811,f,4.6611,,,,,,,stimuliAXBmix/iyystimulus.wav,f,,,,,,,,,,,,,,,,,,,,,0,2,2,1,1,,,,,,,,,,,,,,,,,,,,,,,,,,,,,,,,,,,,,,,,,,,,,,,,,,,,,,,,,,,,,
,,,,,541264,001,2024-06-03_14h36.58.506,mathesisv2,2024.1.3,Linux x86_64,61.34969325,,,,,,28348.1002,28351.5908,l,3.4684,,,,,,,stimuliAXBmix/yyustimulus.wav,l,,,,,,,,,,,,,,,,,,,,,0,3,3,3,1,,,,,,,,,,,,,,,,,,,,,,,,,,,,,,,,,,,,,,,,,,,,,,,,,,,,,,,,,,,,,
,,,,,541264,001,2024-06-03_14h36.58.506,mathesisv2,2024.1.3,Linux x86_64,61.34969325,,,,,,28351.6113,28355.1913,l,3.571,,,,,,,stimuliAXBmix/iiystimulus.wav,l,,,,,,,,,,,,,,,,,,,,,1,0,4,0,1,,,,,,,,,,,,,,,,,,,,,,,,,,,,,,,,,,,,,,,,,,,,,,,,,,,,,,,,,,,,,
,,,,,541264,001,2024-06-03_14h36.58.506,mathesisv2,2024.1.3,Linux x86_64,61.34969325,,,,,,28355.2131,28359.6048,f,4.3864,,,,,,,stimuliAXBmix/yuustimulus.wav,f,,,,,,,,,,,,,,,,,,,,,1,1,5,2,1,,,,,,,,,,,,,,,,,,,,,,,,,,,,,,,,,,,,,,,,,,,,,,,,,,,,,,,,,,,,,
,,,,,541264,001,2024-06-03_14h36.58.506,mathesisv2,2024.1.3,Linux x86_64,61.34969325,,,,,,28359.6286,28363.8593,l,4.2201,,,,,,,stimuliAXBmix/yyustimulus.wav,l,,,,,,,,,,,,,,,,,,,,,1,2,6,3,1,,,,,,,,,,,,,,,,,,,,,,,,,,,,,,,,,,,,,,,,,,,,,,,,,,,,,,,,,,,,,
,,,,,541264,001,2024-06-03_14h36.58.506,mathesisv2,2024.1.3,Linux x86_64,61.34969325,,,,,,28363.8827,28367.4834,f,3.5964,,,,,,,stimuliAXBmix/iyystimulus.wav,f,,,,,,,,,,,,,,,,,,,,,1,3,7,1,1,,,,,,,,,,,,,,,,,,,,,,,,,,,,,,,,,,,,,,,,,,,,,,,,,,,,,,,,,,,,,
,,,,,541264,001,2024-06-03_14h36.58.506,mathesisv2,2024.1.3,Linux x86_64,61.34969325,,,,,,28372.4994,28376.1746,l,3.6665,,,,,,,stimuliAXBmix/iiystimulus.wav,l,,,,,,,,,,,0,0,0,0,1,,,,,,,,,,,28367.4836,28372.476,space,4.9792,,,,,,,,,,,,,,,,,,,,,,,,,,,,,,,,,,,,,,,,,,,,,,,,,,,,,,,,,
,,,,,541264,001,2024-06-03_14h36.58.506,mathesisv2,2024.1.3,Linux x86_64,61.34969325,,,,,,28376.1752,28379.9896,f,3.8086,,,,,,,stimuliAXBmix/iyystimulus.wav,f,,,,,,,,,,,0,1,1,1,1,,,,,,,,,,,,,,,,,,,,,,,,,,,,,,,,,,,,,,,,,,,,,,,,,,,,,,,,,,,,,,,,,,,,,,,
,,,,,541264,001,2024-06-03_14h36.58.506,mathesisv2,2024.1.3,Linux x86_64,61.34969325,,,,,,28380.0115,28383.3261,l,3.302,,,,,,,stimuliAXBmix/yyustimulus.wav,l,,,,,,,,,,,0,2,2,3,1,,,,,,,,,,,,,,,,,,,,,,,,,,,,,,,,,,,,,,,,,,,,,,,,,,,,,,,,,,,,,,,,,,,,,,,
,,,,,541264,001,2024-06-03_14h36.58.506,mathesisv2,2024.1.3,Linux x86_64,61.34969325,,,,,,28383.3478,28386.7427,f,3.3873,,,,,,,stimuliAXBmix/yuustimulus.wav,f,,,,,,,,,,,0,3,3,2,1,,,,,,,,,,,,,,,,,,,,,,,,,,,,,,,,,,,,,,,,,,,,,,,,,,,,,,,,,,,,,,,,,,,,,,,
,,,,,541264,001,2024-06-03_14h36.58.506,mathesisv2,2024.1.3,Linux x86_64,61.34969325,,,,,,28386.7644,28389.9863,l,3.2157,,,,,,,stimuliAXBmix/iiystimulus.wav,l,,,,,,,,,,,1,0,4,0,1,,,,,,,,,,,,,,,,,,,,,,,,,,,,,,,,,,,,,,,,,,,,,,,,,,,,,,,,,,,,,,,,,,,,,,,
,,,,,541264,001,2024-06-03_14h36.58.506,mathesisv2,2024.1.3,Linux x86_64,61.34969325,,,,,,28389.9868,28392.9592,f,2.95,,,,,,,stimuliAXBmix/yuustimulus.wav,f,,,,,,,,,,,1,1,5,2,1,,,,,,,,,,,,,,,,,,,,,,,,,,,,,,,,,,,,,,,,,,,,,,,,,,,,,,,,,,,,,,,,,,,,,,,
,,,,,541264,001,2024-06-03_14h36.58.506,mathesisv2,2024.1.3,Linux x86_64,61.34969325,,,,,,28392.9843,28396.1414,l,3.1503,,,,,,,stimuliAXBmix/yyustimulus.wav,l,,,,,,,,,,,1,2,6,3,1,,,,,,,,,,,,,,,,,,,,,,,,,,,,,,,,,,,,,,,,,,,,,,,,,,,,,,,,,,,,,,,,,,,,,,,
,,,,,541264,001,2024-06-03_14h36.58.506,mathesisv2,2024.1.3,Linux x86_64,61.34969325,,,,,,28396.1418,28399.0911,f,2.9425,,,,,,,stimuliAXBmix/iyystimulus.wav,f,,,,,,,,,,,1,3,7,1,1,,,,,,,,,,,,,,,,,,,,,,,,,,,,,,,,,,,,,,,,,,,,,,,,,,,,,,,,,,,,,,,,,,,,,,,
,,,,,541264,001,2024-06-03_14h36.58.506,mathesisv2,2024.1.3,Linux x86_64,61.34969325,,,,,,28399.1127,28402.2755,f,3.1497,,,,,,,stimuliAXBmix/iyystimulus.wav,f,,,,,,,,,,,2,0,8,1,1,,,,,,,,,,,,,,,,,,,,,,,,,,,,,,,,,,,,,,,,,,,,,,,,,,,,,,,,,,,,,,,,,,,,,,,
,,,,,541264,001,2024-06-03_14h36.58.506,mathesisv2,2024.1.3,Linux x86_64,61.34969325,,,,,,28402.2763,28405.4588,l,3.1673,,,,,,,stimuliAXBmix/yyustimulus.wav,l,,,,,,,,,,,2,1,9,3,1,,,,,,,,,,,,,,,,,,,,,,,,,,,,,,,,,,,,,,,,,,,,,,,,,,,,,,,,,,,,,,,,,,,,,,,
,,,,,541264,001,2024-06-03_14h36.58.506,mathesisv2,2024.1.3,Linux x86_64,61.34969325,,,,,,28405.4822,28408.7754,l,3.2811,,,,,,,stimuliAXBmix/iiystimulus.wav,l,,,,,,,,,,,2,2,10,0,1,,,,,,,,,,,,,,,,,,,,,,,,,,,,,,,,,,,,,,,,,,,,,,,,,,,,,,,,,,,,,,,,,,,,,,,
,,,,,541264,001,2024-06-03_14h36.58.506,mathesisv2,2024.1.3,Linux x86_64,61.34969325,,,,,,28408.7964,28412.334,f,3.5335,,,,,,,stimuliAXBmix/yuustimulus.wav,f,,,,,,,,,,,2,3,11,2,1,,,,,,,,,,,,,,,,,,,,,,,,,,,,,,,,,,,,,,,,,,,,,,,,,,,,,,,,,,,,,,,,,,,,,,,
,,,,,541264,001,2024-06-03_14h36.58.506,mathesisv2,2024.1.3,Linux x86_64,61.34969325,,,,,,28414.9783,28418.3817,f,3.3816,,,,,,,stimuliAXBmix/yuustimulus.wav,f,,,,,,,,,,,,,,,,28412.3343,28414.9719,return,2.6153,,0,0,0,2,1,,,,,,,,,,,,,,,,,,,,,,,,,,,,,,,,,,,,,,,,,,,,,,,,,,,,,,,,,,,,,
,,,,,541264,001,2024-06-03_14h36.58.506,mathesisv2,2024.1.3,Linux x86_64,61.34969325,,,,,,28418.3825,28421.6427,f,3.2359,,,,,,,stimuliAXBmix/iyystimulus.wav,f,,,,,,,,,,,,,,,,,,,,,0,1,1,1,1,,,,,,,,,,,,,,,,,,,,,,,,,,,,,,,,,,,,,,,,,,,,,,,,,,,,,,,,,,,,,
,,,,,541264,001,2024-06-03_14h36.58.506,mathesisv2,2024.1.3,Linux x86_64,61.34969325,,,,,,28421.6656,28424.9236,l,3.2537,,,,,,,stimuliAXBmix/iiystimulus.wav,l,,,,,,,,,,,,,,,,,,,,,0,2,2,0,1,,,,,,,,,,,,,,,,,,,,,,,,,,,,,,,,,,,,,,,,,,,,,,,,,,,,,,,,,,,,,
,,,,,541264,001,2024-06-03_14h36.58.506,mathesisv2,2024.1.3,Linux x86_64,61.34969325,,,,,,28424.944,28428.4649,l,3.5169,,,,,,,stimuliAXBmix/yyustimulus.wav,l,,,,,,,,,,,,,,,,,,,,,0,3,3,3,1,,,,,,,,,,,,,,,,,,,,,,,,,,,,,,,,,,,,,,,,,,,,,,,,,,,,,,,,,,,,,
,,,,,541264,001,2024-06-03_14h36.58.506,mathesisv2,2024.1.3,Linux x86_64,61.34969325,,,,,,28428.4655,28431.9759,l,3.485,,,,,,,stimuliAXBmix/iiystimulus.wav,l,,,,,,,,,,,,,,,,,,,,,1,0,4,0,1,,,,,,,,,,,,,,,,,,,,,,,,,,,,,,,,,,,,,,,,,,,,,,,,,,,,,,,,,,,,,
,,,,,541264,001,2024-06-03_14h36.58.506,mathesisv2,2024.1.3,Linux x86_64,61.34969325,,,,,,28431.9963,28435.2748,l,3.2665,,,,,,,stimuliAXBmix/yyustimulus.wav,l,,,,,,,,,,,,,,,,,,,,,1,1,5,3,1,,,,,,,,,,,,,,,,,,,,,,,,,,,,,,,,,,,,,,,,,,,,,,,,,,,,,,,,,,,,,
,,,,,541264,001,2024-06-03_14h36.58.506,mathesisv2,2024.1.3,Linux x86_64,61.34969325,,,,,,28435.2972,28438.6917,f,3.3827,,,,,,,stimuliAXBmix/yuustimulus.wav,f,,,,,,,,,,,,,,,,,,,,,1,2,6,2,1,,,,,,,,,,,,,,,,,,,,,,,,,,,,,,,,,,,,,,,,,,,,,,,,,,,,,,,,,,,,,
,,,,,541264,001,2024-06-03_14h36.58.506,mathesisv2,2024.1.3,Linux x86_64,61.34969325,,,,,,28438.717,28442.1254,f,3.3997,,,,,,,stimuliAXBmix/iyystimulus.wav,f,,,,,,,,,,,,,,,,,,,,,1,3,7,1,1,,,,,,,,,,,,,,,,,,,,,,,,,,,,,,,,,,,,,,,,,,,,,,,,,,,,,,,,,,,,,
,,,,,541264,001,2024-06-03_14h36.58.506,mathesisv2,2024.1.3,Linux x86_64,61.34969325,,,,,,,,,,,,,,,,,,,,,,,,,,,,,,,,,,,,,,,,,,,28442.1258,28445.6714,space,3.5344,,28445.6731,28453.1436,space,7.4387,,,,,,,,,,,,,,,,,,,,,,,,,,,,,,,,,,,,,,,,,,,,,,,,,,,,
,,,,,541264,001,2024-06-03_14h36.58.506,mathesisv2,2024.1.3,Linux x86_64,61.34969325,,,,,,,,,,,,,,,,,,,,,,,,,,,,,,,,,,,,,,,,,,,,,,,,,,,,,28453.1667,28462.4432,y,9.2586,,0,0,0,2,1,testTAFCmixfirst/nimnym006.wav,,,,,,,,,,,,,,,,,,,,,,,,,,,,,,,,,,,,,,,,
,,,,,541264,001,2024-06-03_14h36.58.506,mathesisv2,2024.1.3,Linux x86_64,61.34969325,,,,,,,,,,,,,,,,,,,,,,,,,,,,,,,,,,,,,,,,,,,,,,,,,,,,,28462.4712,28465.7517,e,3.2757,,0,1,1,0,1,testTAFCmixfirst/nimnym001.wav,,,,,,,,,,,,,,,,,,,,,,,,,,,,,,,,,,,,,,,,
,,,,,541264,001,2024-06-03_14h36.58.506,mathesisv2,2024.1.3,Linux x86_64,61.34969325,,,,,,,,,,,,,,,,,,,,,,,,,,,,,,,,,,,,,,,,,,,,,,,,,,,,,28465.7524,28467.3075,e,1.5334,,0,2,2,1,1,testTAFCmixfirst/nimnym002.wav,,,,,,,,,,,,,,,,,,,,,,,,,,,,,,,,,,,,,,,,
,,,,,541264,001,2024-06-03_14h36.58.506,mathesisv2,2024.1.3,Linux x86_64,61.34969325,,,,,,,,,,,,,,,,,,,,,,,,,,,,,,,,,,,,,,,,,,,,,,,,,,,,,,,,,,,,,,,,28467.315,28473.7573,u,6.4006,,0,0,0,1,1,testTAFCmixsec/numnym002.wav,,,,,,,,,,,,,,,,,,,,,,,,,,,,,
,,,,,541264,001,2024-06-03_14h36.58.506,mathesisv2,2024.1.3,Linux x86_64,61.34969325,,,,,,,,,,,,,,,,,,,,,,,,,,,,,,,,,,,,,,,,,,,,,,,,,,,,,,,,,,,,,,,,28473.777,28477.2415,u,3.4598,,0,1,1,0,1,testTAFCmixsec/numnym001.wav,,,,,,,,,,,,,,,,,,,,,,,,,,,,,
,,,,,541264,001,2024-06-03_14h36.58.506,mathesisv2,2024.1.3,Linux x86_64,61.34969325,,,,,,,,,,,,,,,,,,,,,,,,,,,,,,,,,,,,,,,,,,,,,,,,,,,,,,,,,,,,,,,,28477.2646,28479.1598,y,1.882,,0,2,2,2,1,testTAFCmixsec/numnym006.wav,,,,,,,,,,,,,,,,,,,,,,,,,,,,,
,,,,,541264,001,2024-06-03_14h36.58.506,mathesisv2,2024.1.3,Linux x86_64,61.34969325,,,,,,,,,,,,,,,,,,,,,,,,,,,,,,,,,,,,,,,,,,,,,,,,,,,,,,,,,,,,,,,,,,,,,,,,,,,28479.1616,28480.8106,space,1.6016,,,,,,,,,,,,,,,,,,,,,,,,,
,,,,,541264,001,2024-06-03_14h36.58.506,mathesisv2,2024.1.3,Linux x86_64,61.34969325,,,,,,,,,,,,,,,,,e,,,,,,,,,,,,,,,,,,,,,,,,,,,,,,,,,,,,,,,,,,,,,,,,,,,,,,,,,,,,,,,28480.8351,28482.8106,e,1.9615,,0,0,0,1,1,stimuliTAFCfirst/nimnym002.wav,,,,,,,,,,,,,
,,,,,541264,001,2024-06-03_14h36.58.506,mathesisv2,2024.1.3,Linux x86_64,61.34969325,,,,,,,,,,,,,,,,,y,,,,,,,,,,,,,,,,,,,,,,,,,,,,,,,,,,,,,,,,,,,,,,,,,,,,,,,,,,,,,,,28482.8114,28484.903,y,2.0849,,0,1,1,5,1,stimuliTAFCfirst/nimnym006.wav,,,,,,,,,,,,,
,,,,,541264,001,2024-06-03_14h36.58.506,mathesisv2,2024.1.3,Linux x86_64,61.34969325,,,,,,,,,,,,,,,,,e,,,,,,,,,,,,,,,,,,,,,,,,,,,,,,,,,,,,,,,,,,,,,,,,,,,,,,,,,,,,,,,28484.9035,28486.3063,e,1.3889,,0,2,2,2,1,stimuliTAFCfirst/nimnym003.wav,,,,,,,,,,,,,
,,,,,541264,001,2024-06-03_14h36.58.506,mathesisv2,2024.1.3,Linux x86_64,61.34969325,,,,,,,,,,,,,,,,,e,,,,,,,,,,,,,,,,,,,,,,,,,,,,,,,,,,,,,,,,,,,,,,,,,,,,,,,,,,,,,,,28486.3069,28487.6258,e,1.3035,,0,3,3,0,1,stimuliTAFCfirst/nimnym001.wav,,,,,,,,,,,,,
,,,,,541264,001,2024-06-03_14h36.58.506,mathesisv2,2024.1.3,Linux x86_64,61.34969325,,,,,,,,,,,,,,,,,y,,,,,,,,,,,,,,,,,,,,,,,,,,,,,,,,,,,,,,,,,,,,,,,,,,,,,,,,,,,,,,,28487.6265,28488.8759,y,1.2344,,0,4,4,4,1,stimuliTAFCfirst/nimnym005.wav,,,,,,,,,,,,,
,,,,,541264,001,2024-06-03_14h36.58.506,mathesisv2,2024.1.3,Linux x86_64,61.34969325,,,,,,,,,,,,,,,,,y,,,,,,,,,,,,,,,,,,,,,,,,,,,,,,,,,,,,,,,,,,,,,,,,,,,,,,,,,,,,,,,28488.8766,28490.2264,y,1.3361,,0,5,5,6,1,stimuliTAFCfirst/nimnym007.wav,,,,,,,,,,,,,
,,,,,541264,001,2024-06-03_14h36.58.506,mathesisv2,2024.1.3,Linux x86_64,61.34969325,,,,,,,,,,,,,,,,,x,,,,,,,,,,,,,,,,,,,,,,,,,,,,,,,,,,,,,,,,,,,,,,,,,,,,,,,,,,,,,,,28490.2274,28491.5436,y,1.2932,,0,6,6,3,1,stimuliTAFCfirst/nimnym004.wav,,,,,,,,,,,,,
,,,,,541264,001,2024-06-03_14h36.58.506,mathesisv2,2024.1.3,Linux x86_64,61.34969325,,,,,,,,,,,,,,,,,e,,,,,,,,,,,,,,,,,,,,,,,,,,,,,,,,,,,,,,,,,,,,,,,,,,,,,,,,,,,,,,,28491.5441,28492.8611,e,1.3114,,1,0,7,1,1,stimuliTAFCfirst/nimnym002.wav,,,,,,,,,,,,,
,,,,,541264,001,2024-06-03_14h36.58.506,mathesisv2,2024.1.3,Linux x86_64,61.34969325,,,,,,,,,,,,,,,,,y,,,,,,,,,,,,,,,,,,,,,,,,,,,,,,,,,,,,,,,,,,,,,,,,,,,,,,,,,,,,,,,28492.8618,28494.1608,y,1.2664,,1,1,8,5,1,stimuliTAFCfirst/nimnym006.wav,,,,,,,,,,,,,
,,,,,541264,001,2024-06-03_14h36.58.506,mathesisv2,2024.1.3,Linux x86_64,61.34969325,,,,,,,,,,,,,,,,,e,,,,,,,,,,,,,,,,,,,,,,,,,,,,,,,,,,,,,,,,,,,,,,,,,,,,,,,,,,,,,,,28494.162,28495.4723,e,1.2801,,1,2,9,0,1,stimuliTAFCfirst/nimnym001.wav,,,,,,,,,,,,,
,,,,,541264,001,2024-06-03_14h36.58.506,mathesisv2,2024.1.3,Linux x86_64,61.34969325,,,,,,,,,,,,,,,,,y,,,,,,,,,,,,,,,,,,,,,,,,,,,,,,,,,,,,,,,,,,,,,,,,,,,,,,,,,,,,,,,28495.4729,28496.5904,y,1.1026,,1,3,10,6,1,stimuliTAFCfirst/nimnym007.wav,,,,,,,,,,,,,
,,,,,541264,001,2024-06-03_14h36.58.506,mathesisv2,2024.1.3,Linux x86_64,61.34969325,,,,,,,,,,,,,,,,,e,,,,,,,,,,,,,,,,,,,,,,,,,,,,,,,,,,,,,,,,,,,,,,,,,,,,,,,,,,,,,,,28496.5912,28497.9094,e,1.2996,,1,4,11,2,1,stimuliTAFCfirst/nimnym003.wav,,,,,,,,,,,,,
,,,,,541264,001,2024-06-03_14h36.58.506,mathesisv2,2024.1.3,Linux x86_64,61.34969325,,,,,,,,,,,,,,,,,x,,,,,,,,,,,,,,,,,,,,,,,,,,,,,,,,,,,,,,,,,,,,,,,,,,,,,,,,,,,,,,,28497.9101,28499.0253,y,1.1048,,1,5,12,3,1,stimuliTAFCfirst/nimnym004.wav,,,,,,,,,,,,,
,,,,,541264,001,2024-06-03_14h36.58.506,mathesisv2,2024.1.3,Linux x86_64,61.34969325,,,,,,,,,,,,,,,,,y,,,,,,,,,,,,,,,,,,,,,,,,,,,,,,,,,,,,,,,,,,,,,,,,,,,,,,,,,,,,,,,28499.0269,28500.4428,y,1.407,,1,6,13,4,1,stimuliTAFCfirst/nimnym005.wav,,,,,,,,,,,,,
,,,,,541264,001,2024-06-03_14h36.58.506,mathesisv2,2024.1.3,Linux x86_64,61.34969325,,,,,,,,,,,,,,,,,y,28500.4443,28502.0773,space,1.6146,,,,,,,,,,,,,,,,,,,,,,,,,,,,,,,,,,,,,,,,,,,,,,,,,,,,,,,,,,,,,,,,,,,,,,28502.084,28505.2618,u,3.1543,,0,0,0,4,1,stimuliTAFCsec/numnym005.wav,,
,,,,,541264,001,2024-06-03_14h36.58.506,mathesisv2,2024.1.3,Linux x86_64,61.34969325,,,,,,,,,,,,,,,,,u,,,,,,,,,,,,,,,,,,,,,,,,,,,,,,,,,,,,,,,,,,,,,,,,,,,,,,,,,,,,,,,,,,,,,,,,,,28505.2829,28506.4776,y,1.182,,0,1,1,0,1,stimuliTAFCsec/numnym001.wav,,
,,,,,541264,001,2024-06-03_14h36.58.506,mathesisv2,2024.1.3,Linux x86_64,61.34969325,,,,,,,,,,,,,,,,,u,,,,,,,,,,,,,,,,,,,,,,,,,,,,,,,,,,,,,,,,,,,,,,,,,,,,,,,,,,,,,,,,,,,,,,,,,,28506.4783,28507.7111,y,1.216,,0,2,2,1,1,stimuliTAFCsec/numnym002.wav,,
,,,,,541264,001,2024-06-03_14h36.58.506,mathesisv2,2024.1.3,Linux x86_64,61.34969325,,,,,,,,,,,,,,,,,y,,,,,,,,,,,,,,,,,,,,,,,,,,,,,,,,,,,,,,,,,,,,,,,,,,,,,,,,,,,,,,,,,,,,,,,,,,28507.7118,28511.2518,y,3.5327,,0,3,3,6,1,stimuliTAFCsec/numnym007.wav,,
,,,,,541264,001,2024-06-03_14h36.58.506,mathesisv2,2024.1.3,Linux x86_64,61.34969325,,,,,,,,,,,,,,,,,y,,,,,,,,,,,,,,,,,,,,,,,,,,,,,,,,,,,,,,,,,,,,,,,,,,,,,,,,,,,,,,,,,,,,,,,,,,28511.2768,28512.5484,y,1.2623,,0,4,4,5,1,stimuliTAFCsec/numnym006.wav,,
,,,,,541264,001,2024-06-03_14h36.58.506,mathesisv2,2024.1.3,Linux x86_64,61.34969325,,,,,,,,,,,,,,,,,u,,,,,,,,,,,,,,,,,,,,,,,,,,,,,,,,,,,,,,,,,,,,,,,,,,,,,,,,,,,,,,,,,,,,,,,,,,28512.5491,28513.7028,u,1.133,,0,5,5,2,1,stimuliTAFCsec/numnym003.wav,,
,,,,,541264,001,2024-06-03_14h36.58.506,mathesisv2,2024.1.3,Linux x86_64,61.34969325,,,,,,,,,,,,,,,,,x,,,,,,,,,,,,,,,,,,,,,,,,,,,,,,,,,,,,,,,,,,,,,,,,,,,,,,,,,,,,,,,,,,,,,,,,,,28513.7036,28514.7905,u,1.0719,,0,6,6,3,1,stimuliTAFCsec/numnym004.wav,,
,,,,,541264,001,2024-06-03_14h36.58.506,mathesisv2,2024.1.3,Linux x86_64,61.34969325,,,,,,,,,,,,,,,,,u,,,,,,,,,,,,,,,,,,,,,,,,,,,,,,,,,,,,,,,,,,,,,,,,,,,,,,,,,,,,,,,,,,,,,,,,,,28514.7911,28515.7757,u,0.9647,,1,0,7,2,1,stimuliTAFCsec/numnym003.wav,,
,,,,,541264,001,2024-06-03_14h36.58.506,mathesisv2,2024.1.3,Linux x86_64,61.34969325,,,,,,,,,,,,,,,,,y,,,,,,,,,,,,,,,,,,,,,,,,,,,,,,,,,,,,,,,,,,,,,,,,,,,,,,,,,,,,,,,,,,,,,,,,,,28515.7764,28516.6429,u,0.8522,,1,1,8,5,1,stimuliTAFCsec/numnym006.wav,,
,,,,,541264,001,2024-06-03_14h36.58.506,mathesisv2,2024.1.3,Linux x86_64,61.34969325,,,,,,,,,,,,,,,,,u,,,,,,,,,,,,,,,,,,,,,,,,,,,,,,,,,,,,,,,,,,,,,,,,,,,,,,,,,,,,,,,,,,,,,,,,,,28516.6434,28518.0266,u,1.3674,,1,2,9,0,1,stimuliTAFCsec/numnym001.wav,,
,,,,,541264,001,2024-06-03_14h36.58.506,mathesisv2,2024.1.3,Linux x86_64,61.34969325,,,,,,,,,,,,,,,,,y,,,,,,,,,,,,,,,,,,,,,,,,,,,,,,,,,,,,,,,,,,,,,,,,,,,,,,,,,,,,,,,,,,,,,,,,,,28518.0274,28519.3768,y,1.3321,,1,3,10,4,1,stimuliTAFCsec/numnym005.wav,,
,,,,,541264,001,2024-06-03_14h36.58.506,mathesisv2,2024.1.3,Linux x86_64,61.34969325,,,,,,,,,,,,,,,,,u,,,,,,,,,,,,,,,,,,,,,,,,,,,,,,,,,,,,,,,,,,,,,,,,,,,,,,,,,,,,,,,,,,,,,,,,,,28519.3776,28520.3451,u,0.9514,,1,4,11,1,1,stimuliTAFCsec/numnym002.wav,,
,,,,,541264,001,2024-06-03_14h36.58.506,mathesisv2,2024.1.3,Linux x86_64,61.34969325,,,,,,,,,,,,,,,,,x,,,,,,,,,,,,,,,,,,,,,,,,,,,,,,,,,,,,,,,,,,,,,,,,,,,,,,,,,,,,,,,,,,,,,,,,,,28520.3458,28522.1348,y,1.771,,1,5,12,3,1,stimuliTAFCsec/numnym004.wav,,
,,,,,541264,001,2024-06-03_14h36.58.506,mathesisv2,2024.1.3,Linux x86_64,61.34969325,,,,,,,,,,,,,,,,,y,,,,,,,,,,,,,,,,,,,,,,,,,,,,,,,,,,,,,,,,,,,,,,,,,,,,,,,,,,,,,,,,,,,,,,,,,,28522.1355,28523.2897,y,1.1316,,1,6,13,6,1,stimuliTAFCsec/numnym007.wav,,
,,,,,541264,001,2024-06-03_14h36.58.506,mathesisv2,2024.1.3,Linux x86_64,61.34969325,,,,,,,,,,,,,,,,,x,,,,,,,,,,,,,,,,,,,,,,,,,,28523.2912,28526.3769,space,3.0663,,,,,,,,,,,,,,,,,,,,,,,,,,,,,,,,,,28526.4027,28529.3438,y,2.9356,,0,0,0,3,1,stimuliTAFCfirst/nimnym004.wav,,,,,,,,,,,,,
,,,,,541264,001,2024-06-03_14h36.58.506,mathesisv2,2024.1.3,Linux x86_64,61.34969325,,,,,,,,,,,,,,,,,e,,,,,,,,,,,,,,,,,,,,,,,,,,,,,,,,,,,,,,,,,,,,,,,,,,,,,,,,,,,,,,,28529.3662,28530.6945,e,1.314,,0,1,1,2,1,stimuliTAFCfirst/nimnym003.wav,,,,,,,,,,,,,
,,,,,541264,001,2024-06-03_14h36.58.506,mathesisv2,2024.1.3,Linux x86_64,61.34969325,,,,,,,,,,,,,,,,,y,,,,,,,,,,,,,,,,,,,,,,,,,,,,,,,,,,,,,,,,,,,,,,,,,,,,,,,,,,,,,,,28530.6951,28531.8829,y,1.1787,,0,2,2,5,1,stimuliTAFCfirst/nimnym006.wav,,,,,,,,,,,,,
,,,,,541264,001,2024-06-03_14h36.58.506,mathesisv2,2024.1.3,Linux x86_64,61.34969325,,,,,,,,,,,,,,,,,y,,,,,,,,,,,,,,,,,,,,,,,,,,,,,,,,,,,,,,,,,,,,,,,,,,,,,,,,,,,,,,,28531.8837,28533.2039,y,1.3012,,0,3,3,6,1,stimuliTAFCfirst/nimnym007.wav,,,,,,,,,,,,,
,,,,,541264,001,2024-06-03_14h36.58.506,mathesisv2,2024.1.3,Linux x86_64,61.34969325,,,,,,,,,,,,,,,,,y,,,,,,,,,,,,,,,,,,,,,,,,,,,,,,,,,,,,,,,,,,,,,,,,,,,,,,,,,,,,,,,28533.2044,28534.4422,y,1.2171,,0,4,4,4,1,stimuliTAFCfirst/nimnym005.wav,,,,,,,,,,,,,
,,,,,541264,001,2024-06-03_14h36.58.506,mathesisv2,2024.1.3,Linux x86_64,61.34969325,,,,,,,,,,,,,,,,,e,,,,,,,,,,,,,,,,,,,,,,,,,,,,,,,,,,,,,,,,,,,,,,,,,,,,,,,,,,,,,,,28534.4429,28535.6598,e,1.2008,,0,5,5,0,1,stimuliTAFCfirst/nimnym001.wav,,,,,,,,,,,,,
,,,,,541264,001,2024-06-03_14h36.58.506,mathesisv2,2024.1.3,Linux x86_64,61.34969325,,,,,,,,,,,,,,,,,e,,,,,,,,,,,,,,,,,,,,,,,,,,,,,,,,,,,,,,,,,,,,,,,,,,,,,,,,,,,,,,,28535.6606,28536.7438,e,1.067,,0,6,6,1,1,stimuliTAFCfirst/nimnym002.wav,,,,,,,,,,,,,
,,,,,541264,001,2024-06-03_14h36.58.506,mathesisv2,2024.1.3,Linux x86_64,61.34969325,,,,,,,,,,,,,,,,,x,,,,,,,,,,,,,,,,,,,,,,,,,,,,,,,,,,,,,,,,,,,,,,,,,,,,,,,,,,,,,,,28536.7446,28538.1606,e,1.3996,,1,0,7,3,1,stimuliTAFCfirst/nimnym004.wav,,,,,,,,,,,,,
,,,,,541264,001,2024-06-03_14h36.58.506,mathesisv2,2024.1.3,Linux x86_64,61.34969325,,,,,,,,,,,,,,,,,e,,,,,,,,,,,,,,,,,,,,,,,,,,,,,,,,,,,,,,,,,,,,,,,,,,,,,,,,,,,,,,,28538.1614,28539.228,e,1.0517,,1,1,8,2,1,stimuliTAFCfirst/nimnym003.wav,,,,,,,,,,,,,
,,,,,541264,001,2024-06-03_14h36.58.506,mathesisv2,2024.1.3,Linux x86_64,61.34969325,,,,,,,,,,,,,,,,,y,,,,,,,,,,,,,,,,,,,,,,,,,,,,,,,,,,,,,,,,,,,,,,,,,,,,,,,,,,,,,,,28539.2287,28540.3436,y,1.1047,,1,2,9,6,1,stimuliTAFCfirst/nimnym007.wav,,,,,,,,,,,,,
,,,,,541264,001,2024-06-03_14h36.58.506,mathesisv2,2024.1.3,Linux x86_64,61.34969325,,,,,,,,,,,,,,,,,e,,,,,,,,,,,,,,,,,,,,,,,,,,,,,,,,,,,,,,,,,,,,,,,,,,,,,,,,,,,,,,,28540.3442,28541.5552,e,1.2021,,1,3,10,0,1,stimuliTAFCfirst/nimnym001.wav,,,,,,,,,,,,,
,,,,,541264,001,2024-06-03_14h36.58.506,mathesisv2,2024.1.3,Linux x86_64,61.34969325,,,,,,,,,,,,,,,,,e,,,,,,,,,,,,,,,,,,,,,,,,,,,,,,,,,,,,,,,,,,,,,,,,,,,,,,,,,,,,,,,28541.5558,28542.7704,e,1.2009,,1,4,11,1,1,stimuliTAFCfirst/nimnym002.wav,,,,,,,,,,,,,
,,,,,541264,001,2024-06-03_14h36.58.506,mathesisv2,2024.1.3,Linux x86_64,61.34969325,,,,,,,,,,,,,,,,,y,,,,,,,,,,,,,,,,,,,,,,,,,,,,,,,,,,,,,,,,,,,,,,,,,,,,,,,,,,,,,,,28542.7709,28543.8403,y,1.0515,,1,5,12,4,1,stimuliTAFCfirst/nimnym005.wav,,,,,,,,,,,,,
,,,,,541264,001,2024-06-03_14h36.58.506,mathesisv2,2024.1.3,Linux x86_64,61.34969325,,,,,,,,,,,,,,,,,y,,,,,,,,,,,,,,,,,,,,,,,,,,,,,,,,,,,,,,,,,,,,,,,,,,,,,,,,,,,,,,,28543.8409,28544.8768,y,1.0225,,1,6,13,5,1,stimuliTAFCfirst/nimnym006.wav,,,,,,,,,,,,,
,,,,,541264,001,2024-06-03_14h36.58.506,mathesisv2,2024.1.3,Linux x86_64,61.34969325,,,,,,,,,,,,,,,,,u,28544.877,28546.1111,space,1.2259,,,,,,,,,,,,,,,,,,,,,,,,,,,,,,,,,,,,,,,,,,,,,,,,,,,,,,,,,,,,,,,,,,,,,,28546.1155,28548.561,u,2.4179,,0,0,0,1,1,stimuliTAFCsec/numnym002.wav,,
,,,,,541264,001,2024-06-03_14h36.58.506,mathesisv2,2024.1.3,Linux x86_64,61.34969325,,,,,,,,,,,,,,,,,u,,,,,,,,,,,,,,,,,,,,,,,,,,,,,,,,,,,,,,,,,,,,,,,,,,,,,,,,,,,,,,,,,,,,,,,,,,28548.5857,28550.0946,u,1.4956,,0,1,1,2,1,stimuliTAFCsec/numnym003.wav,,
,,,,,541264,001,2024-06-03_14h36.58.506,mathesisv2,2024.1.3,Linux x86_64,61.34969325,,,,,,,,,,,,,,,,,y,,,,,,,,,,,,,,,,,,,,,,,,,,,,,,,,,,,,,,,,,,,,,,,,,,,,,,,,,,,,,,,,,,,,,,,,,,28550.0954,28551.2281,y,1.118,,0,2,2,6,1,stimuliTAFCsec/numnym007.wav,,
,,,,,541264,001,2024-06-03_14h36.58.506,mathesisv2,2024.1.3,Linux x86_64,61.34969325,,,,,,,,,,,,,,,,,y,,,,,,,,,,,,,,,,,,,,,,,,,,,,,,,,,,,,,,,,,,,,,,,,,,,,,,,,,,,,,,,,,,,,,,,,,,28551.2288,28552.4697,y,1.2179,,0,3,3,5,1,stimuliTAFCsec/numnym006.wav,,
,,,,,541264,001,2024-06-03_14h36.58.506,mathesisv2,2024.1.3,Linux x86_64,61.34969325,,,,,,,,,,,,,,,,,y,,,,,,,,,,,,,,,,,,,,,,,,,,,,,,,,,,,,,,,,,,,,,,,,,,,,,,,,,,,,,,,,,,,,,,,,,,28552.4703,28553.7357,y,1.2493,,0,4,4,4,1,stimuliTAFCsec/numnym005.wav,,
,,,,,541264,001,2024-06-03_14h36.58.506,mathesisv2,2024.1.3,Linux x86_64,61.34969325,,,,,,,,,,,,,,,,,x,,,,,,,,,,,,,,,,,,,,,,,,,,,,,,,,,,,,,,,,,,,,,,,,,,,,,,,,,,,,,,,,,,,,,,,,,,28553.7363,28555.0738,u,1.3181,,0,5,5,3,1,stimuliTAFCsec/numnym004.wav,,
,,,,,541264,001,2024-06-03_14h36.58.506,mathesisv2,2024.1.3,Linux x86_64,61.34969325,,,,,,,,,,,,,,,,,u,,,,,,,,,,,,,,,,,,,,,,,,,,,,,,,,,,,,,,,,,,,,,,,,,,,,,,,,,,,,,,,,,,,,,,,,,,28555.0746,28556.0923,u,1.0019,,0,6,6,0,1,stimuliTAFCsec/numnym001.wav,,
,,,,,541264,001,2024-06-03_14h36.58.506,mathesisv2,2024.1.3,Linux x86_64,61.34969325,,,,,,,,,,,,,,,,,x,,,,,,,,,,,,,,,,,,,,,,,,,,,,,,,,,,,,,,,,,,,,,,,,,,,,,,,,,,,,,,,,,,,,,,,,,,28556.0928,28557.4108,u,1.298,,1,0,7,3,1,stimuliTAFCsec/numnym004.wav,,
,,,,,541264,001,2024-06-03_14h36.58.506,mathesisv2,2024.1.3,Linux x86_64,61.34969325,,,,,,,,,,,,,,,,,u,,,,,,,,,,,,,,,,,,,,,,,,,,,,,,,,,,,,,,,,,,,,,,,,,,,,,,,,,,,,,,,,,,,,,,,,,,28557.4112,28558.8953,u,1.4782,,1,1,8,2,1,stimuliTAFCsec/numnym003.wav,,
,,,,,541264,001,2024-06-03_14h36.58.506,mathesisv2,2024.1.3,Linux x86_64,61.34969325,,,,,,,,,,,,,,,,,y,,,,,,,,,,,,,,,,,,,,,,,,,,,,,,,,,,,,,,,,,,,,,,,,,,,,,,,,,,,,,,,,,,,,,,,,,,28558.8959,28560.1103,y,1.2004,,1,2,9,5,1,stimuliTAFCsec/numnym006.wav,,
,,,,,541264,001,2024-06-03_14h36.58.506,mathesisv2,2024.1.3,Linux x86_64,61.34969325,,,,,,,,,,,,,,,,,u,,,,,,,,,,,,,,,,,,,,,,,,,,,,,,,,,,,,,,,,,,,,,,,,,,,,,,,,,,,,,,,,,,,,,,,,,,28560.111,28561.2615,u,1.1359,,1,3,10,0,1,stimuliTAFCsec/numnym001.wav,,
,,,,,541264,001,2024-06-03_14h36.58.506,mathesisv2,2024.1.3,Linux x86_64,61.34969325,,,,,,,,,,,,,,,,,u,,,,,,,,,,,,,,,,,,,,,,,,,,,,,,,,,,,,,,,,,,,,,,,,,,,,,,,,,,,,,,,,,,,,,,,,,,28561.2623,28562.3272,u,1.0499,,1,4,11,1,1,stimuliTAFCsec/numnym002.wav,,
,,,,,541264,001,2024-06-03_14h36.58.506,mathesisv2,2024.1.3,Linux x86_64,61.34969325,,,,,,,,,,,,,,,,,y,,,,,,,,,,,,,,,,,,,,,,,,,,,,,,,,,,,,,,,,,,,,,,,,,,,,,,,,,,,,,,,,,,,,,,,,,,28562.328,28563.6276,y,1.2883,,1,5,12,6,1,stimuliTAFCsec/numnym007.wav,,
,,,,,541264,001,2024-06-03_14h36.58.506,mathesisv2,2024.1.3,Linux x86_64,61.34969325,,,,,,,,,,,,,,,,,y,,,,,,,,,,,,,,,,,,,,,,,,,,,,,,,,,,,,,,,,,,,,,,,,,,,,,,,,,,,,,,,,,,,,,,,,,,28563.6283,28565.0706,y,1.4365,,1,6,13,4,1,stimuliTAFCsec/numnym005.wav,,
,,,,,541264,001,2024-06-03_14h36.58.506,mathesisv2,2024.1.3,Linux x86_64,61.34969325,,,,,,,,,,,,,,,,,x,,,,,,,,,,,,,,,,,,,,,,,,,,28565.071,28566.7029,space,1.6188,,,,,,,,,,,,,,,,,,,,,,,,,,,,,,,,,,28566.7245,28568.8773,e,2.1348,,0,0,0,3,1,stimuliTAFCfirst/nimnym004.wav,,,,,,,,,,,,,
,,,,,541264,001,2024-06-03_14h36.58.506,mathesisv2,2024.1.3,Linux x86_64,61.34969325,,,,,,,,,,,,,,,,,y,,,,,,,,,,,,,,,,,,,,,,,,,,,,,,,,,,,,,,,,,,,,,,,,,,,,,,,,,,,,,,,28568.8781,28570.1946,y,1.3021,,0,1,1,5,1,stimuliTAFCfirst/nimnym006.wav,,,,,,,,,,,,,
,,,,,541264,001,2024-06-03_14h36.58.506,mathesisv2,2024.1.3,Linux x86_64,61.34969325,,,,,,,,,,,,,,,,,e,,,,,,,,,,,,,,,,,,,,,,,,,,,,,,,,,,,,,,,,,,,,,,,,,,,,,,,,,,,,,,,28570.1952,28571.5438,e,1.3335,,0,2,2,2,1,stimuliTAFCfirst/nimnym003.wav,,,,,,,,,,,,,
,,,,,541264,001,2024-06-03_14h36.58.506,mathesisv2,2024.1.3,Linux x86_64,61.34969325,,,,,,,,,,,,,,,,,y,,,,,,,,,,,,,,,,,,,,,,,,,,,,,,,,,,,,,,,,,,,,,,,,,,,,,,,,,,,,,,,28571.5446,28572.6613,y,1.1005,,0,3,3,6,1,stimuliTAFCfirst/nimnym007.wav,,,,,,,,,,,,,
,,,,,541264,001,2024-06-03_14h36.58.506,mathesisv2,2024.1.3,Linux x86_64,61.34969325,,,,,,,,,,,,,,,,,e,,,,,,,,,,,,,,,,,,,,,,,,,,,,,,,,,,,,,,,,,,,,,,,,,,,,,,,,,,,,,,,28572.6621,28573.9283,e,1.255,,0,4,4,0,1,stimuliTAFCfirst/nimnym001.wav,,,,,,,,,,,,,
,,,,,541264,001,2024-06-03_14h36.58.506,mathesisv2,2024.1.3,Linux x86_64,61.34969325,,,,,,,,,,,,,,,,,y,,,,,,,,,,,,,,,,,,,,,,,,,,,,,,,,,,,,,,,,,,,,,,,,,,,,,,,,,,,,,,,28573.9288,28575.0457,y,1.1032,,0,5,5,4,1,stimuliTAFCfirst/nimnym005.wav,,,,,,,,,,,,,
,,,,,541264,001,2024-06-03_14h36.58.506,mathesisv2,2024.1.3,Linux x86_64,61.34969325,,,,,,,,,,,,,,,,,e,,,,,,,,,,,,,,,,,,,,,,,,,,,,,,,,,,,,,,,,,,,,,,,,,,,,,,,,,,,,,,,28575.0463,28576.1781,e,1.1101,,0,6,6,1,1,stimuliTAFCfirst/nimnym002.wav,,,,,,,,,,,,,
,,,,,541264,001,2024-06-03_14h36.58.506,mathesisv2,2024.1.3,Linux x86_64,61.34969325,,,,,,,,,,,,,,,,,y,,,,,,,,,,,,,,,,,,,,,,,,,,,,,,,,,,,,,,,,,,,,,,,,,,,,,,,,,,,,,,,28576.1787,28577.2029,y,1.0182,,1,0,7,6,1,stimuliTAFCfirst/nimnym007.wav,,,,,,,,,,,,,
,,,,,541264,001,2024-06-03_14h36.58.506,mathesisv2,2024.1.3,Linux x86_64,61.34969325,,,,,,,,,,,,,,,,,y,,,,,,,,,,,,,,,,,,,,,,,,,,,,,,,,,,,,,,,,,,,,,,,,,,,,,,,,,,,,,,,28577.2034,28578.4237,y,1.1986,,1,1,8,4,1,stimuliTAFCfirst/nimnym005.wav,,,,,,,,,,,,,
,,,,,541264,001,2024-06-03_14h36.58.506,mathesisv2,2024.1.3,Linux x86_64,61.34969325,,,,,,,,,,,,,,,,,e,,,,,,,,,,,,,,,,,,,,,,,,,,,,,,,,,,,,,,,,,,,,,,,,,,,,,,,,,,,,,,,28578.4244,28579.5761,e,1.1317,,1,2,9,2,1,stimuliTAFCfirst/nimnym003.wav,,,,,,,,,,,,,
,,,,,541264,001,2024-06-03_14h36.58.506,mathesisv2,2024.1.3,Linux x86_64,61.34969325,,,,,,,,,,,,,,,,,y,,,,,,,,,,,,,,,,,,,,,,,,,,,,,,,,,,,,,,,,,,,,,,,,,,,,,,,,,,,,,,,28579.5766,28580.764,y,1.1793,,1,3,10,5,1,stimuliTAFCfirst/nimnym006.wav,,,,,,,,,,,,,
,,,,,541264,001,2024-06-03_14h36.58.506,mathesisv2,2024.1.3,Linux x86_64,61.34969325,,,,,,,,,,,,,,,,,e,,,,,,,,,,,,,,,,,,,,,,,,,,,,,,,,,,,,,,,,,,,,,,,,,,,,,,,,,,,,,,,28580.7645,28581.9274,e,1.1523,,1,4,11,0,1,stimuliTAFCfirst/nimnym001.wav,,,,,,,,,,,,,
,,,,,541264,001,2024-06-03_14h36.58.506,mathesisv2,2024.1.3,Linux x86_64,61.34969325,,,,,,,,,,,,,,,,,x,,,,,,,,,,,,,,,,,,,,,,,,,,,,,,,,,,,,,,,,,,,,,,,,,,,,,,,,,,,,,,,28581.9279,28583.3453,e,1.4113,,1,5,12,3,1,stimuliTAFCfirst/nimnym004.wav,,,,,,,,,,,,,
,,,,,541264,001,2024-06-03_14h36.58.506,mathesisv2,2024.1.3,Linux x86_64,61.34969325,,,,,,,,,,,,,,,,,e,,,,,,,,,,,,,,,,,,,,,,,,,,,,,,,,,,,,,,,,,,,,,,,,,,,,,,,,,,,,,,,28583.3459,28584.6113,e,1.2502,,1,6,13,1,1,stimuliTAFCfirst/nimnym002.wav,,,,,,,,,,,,,
,,,,,541264,001,2024-06-03_14h36.58.506,mathesisv2,2024.1.3,Linux x86_64,61.34969325,,,,,,,,,,,,,,,,,y,28584.6116,28586.1107,space,1.4847,,,,,,,,,,,,,,,,,,,,,,,,,,,,,,,,,,,,,,,,,,,,,,,,,,,,,,,,,,,,,,,,,,,,,,28586.1157,28587.7681,u,1.6434,,0,0,0,6,1,stimuliTAFCsec/numnym007.wav,,
,,,,,541264,001,2024-06-03_14h36.58.506,mathesisv2,2024.1.3,Linux x86_64,61.34969325,,,,,,,,,,,,,,,,,y,,,,,,,,,,,,,,,,,,,,,,,,,,,,,,,,,,,,,,,,,,,,,,,,,,,,,,,,,,,,,,,,,,,,,,,,,,28587.7688,28589.0061,u,1.2093,,0,1,1,4,1,stimuliTAFCsec/numnym005.wav,,
,,,,,541264,001,2024-06-03_14h36.58.506,mathesisv2,2024.1.3,Linux x86_64,61.34969325,,,,,,,,,,,,,,,,,u,,,,,,,,,,,,,,,,,,,,,,,,,,,,,,,,,,,,,,,,,,,,,,,,,,,,,,,,,,,,,,,,,,,,,,,,,,28589.007,28590.5424,y,1.5247,,0,2,2,0,1,stimuliTAFCsec/numnym001.wav,,
,,,,,541264,001,2024-06-03_14h36.58.506,mathesisv2,2024.1.3,Linux x86_64,61.34969325,,,,,,,,,,,,,,,,,x,,,,,,,,,,,,,,,,,,,,,,,,,,,,,,,,,,,,,,,,,,,,,,,,,,,,,,,,,,,,,,,,,,,,,,,,,,28590.5429,28592.2274,u,1.6747,,0,3,3,3,1,stimuliTAFCsec/numnym004.wav,,
,,,,,541264,001,2024-06-03_14h36.58.506,mathesisv2,2024.1.3,Linux x86_64,61.34969325,,,,,,,,,,,,,,,,,y,,,,,,,,,,,,,,,,,,,,,,,,,,,,,,,,,,,,,,,,,,,,,,,,,,,,,,,,,,,,,,,,,,,,,,,,,,28592.2282,28593.4449,y,1.2002,,0,4,4,5,1,stimuliTAFCsec/numnym006.wav,,
,,,,,541264,001,2024-06-03_14h36.58.506,mathesisv2,2024.1.3,Linux x86_64,61.34969325,,,,,,,,,,,,,,,,,u,,,,,,,,,,,,,,,,,,,,,,,,,,,,,,,,,,,,,,,,,,,,,,,,,,,,,,,,,,,,,,,,,,,,,,,,,,28593.4454,28594.6277,u,1.1534,,0,5,5,2,1,stimuliTAFCsec/numnym003.wav,,
,,,,,541264,001,2024-06-03_14h36.58.506,mathesisv2,2024.1.3,Linux x86_64,61.34969325,,,,,,,,,,,,,,,,,u,,,,,,,,,,,,,,,,,,,,,,,,,,,,,,,,,,,,,,,,,,,,,,,,,,,,,,,,,,,,,,,,,,,,,,,,,,28594.6282,28595.8607,u,1.2257,,0,6,6,1,1,stimuliTAFCsec/numnym002.wav,,
,,,,,541264,001,2024-06-03_14h36.58.506,mathesisv2,2024.1.3,Linux x86_64,61.34969325,,,,,,,,,,,,,,,,,u,,,,,,,,,,,,,,,,,,,,,,,,,,,,,,,,,,,,,,,,,,,,,,,,,,,,,,,,,,,,,,,,,,,,,,,,,,28595.8611,28596.9946,u,1.1227,,1,0,7,0,1,stimuliTAFCsec/numnym001.wav,,
,,,,,541264,001,2024-06-03_14h36.58.506,mathesisv2,2024.1.3,Linux x86_64,61.34969325,,,,,,,,,,,,,,,,,u,,,,,,,,,,,,,,,,,,,,,,,,,,,,,,,,,,,,,,,,,,,,,,,,,,,,,,,,,,,,,,,,,,,,,,,,,,28596.9953,28598.1387,u,1.1352,,1,1,8,1,1,stimuliTAFCsec/numnym002.wav,,
,,,,,541264,001,2024-06-03_14h36.58.506,mathesisv2,2024.1.3,Linux x86_64,61.34969325,,,,,,,,,,,,,,,,,y,,,,,,,,,,,,,,,,,,,,,,,,,,,,,,,,,,,,,,,,,,,,,,,,,,,,,,,,,,,,,,,,,,,,,,,,,,28598.1395,28599.2248,y,1.0702,,1,2,9,6,1,stimuliTAFCsec/numnym007.wav,,
,,,,,541264,001,2024-06-03_14h36.58.506,mathesisv2,2024.1.3,Linux x86_64,61.34969325,,,,,,,,,,,,,,,,,u,,,,,,,,,,,,,,,,,,,,,,,,,,,,,,,,,,,,,,,,,,,,,,,,,,,,,,,,,,,,,,,,,,,,,,,,,,28599.2254,28600.3764,u,1.1333,,1,3,10,2,1,stimuliTAFCsec/numnym003.wav,,
,,,,,541264,001,2024-06-03_14h36.58.506,mathesisv2,2024.1.3,Linux x86_64,61.34969325,,,,,,,,,,,,,,,,,y,,,,,,,,,,,,,,,,,,,,,,,,,,,,,,,,,,,,,,,,,,,,,,,,,,,,,,,,,,,,,,,,,,,,,,,,,,28600.3771,28601.5937,y,1.2092,,1,4,11,4,1,stimuliTAFCsec/numnym005.wav,,
,,,,,541264,001,2024-06-03_14h36.58.506,mathesisv2,2024.1.3,Linux x86_64,61.34969325,,,,,,,,,,,,,,,,,y,,,,,,,,,,,,,,,,,,,,,,,,,,,,,,,,,,,,,,,,,,,,,,,,,,,,,,,,,,,,,,,,,,,,,,,,,,28601.5943,28602.7609,y,1.153,,1,5,12,5,1,stimuliTAFCsec/numnym006.wav,,
,,,,,541264,001,2024-06-03_14h36.58.506,mathesisv2,2024.1.3,Linux x86_64,61.34969325,,,,,,,,,,,,,,,,,x,,,,,,,,,,,,,,,,,,,,,,,,,,,,,,,,,,,,,,,,,,,,,,,,,,,,,,,,,,,,,,,,,,,,,,,,,,28602.7617,28603.8777,y,1.1003,,1,6,13,3,1,stimuliTAFCsec/numnym004.wav,,
,,,,,541264,001,2024-06-03_14h36.58.506,mathesisv2,2024.1.3,Linux x86_64,61.34969325,,,,,,,,,,,,,,,,,e,,,,,,,,,,,,,,,,,,,,,,,,,,28603.878,28606.1692,space,2.2858,,,,,,,,,,,,,,,,,,,,,,,,,,,,,,,,,,28606.1744,28608.6856,e,2.5007,,0,0,0,1,1,stimuliTAFCfirst/nimnym002.wav,,,,,,,,,,,,,
,,,,,541264,001,2024-06-03_14h36.58.506,mathesisv2,2024.1.3,Linux x86_64,61.34969325,,,,,,,,,,,,,,,,,e,,,,,,,,,,,,,,,,,,,,,,,,,,,,,,,,,,,,,,,,,,,,,,,,,,,,,,,,,,,,,,,28608.7085,28609.9417,e,1.2192,,0,1,1,0,1,stimuliTAFCfirst/nimnym001.wav,,,,,,,,,,,,,
,,,,,541264,001,2024-06-03_14h36.58.506,mathesisv2,2024.1.3,Linux x86_64,61.34969325,,,,,,,,,,,,,,,,,x,,,,,,,,,,,,,,,,,,,,,,,,,,,,,,,,,,,,,,,,,,,,,,,,,,,,,,,,,,,,,,,28609.9424,28611.1435,e,1.1845,,0,2,2,3,1,stimuliTAFCfirst/nimnym004.wav,,,,,,,,,,,,,
,,,,,541264,001,2024-06-03_14h36.58.506,mathesisv2,2024.1.3,Linux x86_64,61.34969325,,,,,,,,,,,,,,,,,y,,,,,,,,,,,,,,,,,,,,,,,,,,,,,,,,,,,,,,,,,,,,,,,,,,,,,,,,,,,,,,,28611.144,28612.3443,y,1.1875,,0,3,3,4,1,stimuliTAFCfirst/nimnym005.wav,,,,,,,,,,,,,
,,,,,541264,001,2024-06-03_14h36.58.506,mathesisv2,2024.1.3,Linux x86_64,61.34969325,,,,,,,,,,,,,,,,,e,,,,,,,,,,,,,,,,,,,,,,,,,,,,,,,,,,,,,,,,,,,,,,,,,,,,,,,,,,,,,,,28612.345,28613.4952,e,1.1366,,0,4,4,2,1,stimuliTAFCfirst/nimnym003.wav,,,,,,,,,,,,,
,,,,,541264,001,2024-06-03_14h36.58.506,mathesisv2,2024.1.3,Linux x86_64,61.34969325,,,,,,,,,,,,,,,,,y,,,,,,,,,,,,,,,,,,,,,,,,,,,,,,,,,,,,,,,,,,,,,,,,,,,,,,,,,,,,,,,28613.4957,28614.7122,y,1.2015,,0,5,5,5,1,stimuliTAFCfirst/nimnym006.wav,,,,,,,,,,,,,
,,,,,541264,001,2024-06-03_14h36.58.506,mathesisv2,2024.1.3,Linux x86_64,61.34969325,,,,,,,,,,,,,,,,,y,,,,,,,,,,,,,,,,,,,,,,,,,,,,,,,,,,,,,,,,,,,,,,,,,,,,,,,,,,,,,,,28614.713,28615.7281,y,0.9858,,0,6,6,6,1,stimuliTAFCfirst/nimnym007.wav,,,,,,,,,,,,,
,,,,,541264,001,2024-06-03_14h36.58.506,mathesisv2,2024.1.3,Linux x86_64,61.34969325,,,,,,,,,,,,,,,,,x,,,,,,,,,,,,,,,,,,,,,,,,,,,,,,,,,,,,,,,,,,,,,,,,,,,,,,,,,,,,,,,28615.7286,28616.9279,e,1.1859,,1,0,7,3,1,stimuliTAFCfirst/nimnym004.wav,,,,,,,,,,,,,
,,,,,541264,001,2024-06-03_14h36.58.506,mathesisv2,2024.1.3,Linux x86_64,61.34969325,,,,,,,,,,,,,,,,,y,,,,,,,,,,,,,,,,,,,,,,,,,,,,,,,,,,,,,,,,,,,,,,,,,,,,,,,,,,,,,,,28616.9285,28618.236,y,1.3014,,1,1,8,5,1,stimuliTAFCfirst/nimnym006.wav,,,,,,,,,,,,,
,,,,,541264,001,2024-06-03_14h36.58.506,mathesisv2,2024.1.3,Linux x86_64,61.34969325,,,,,,,,,,,,,,,,,e,,,,,,,,,,,,,,,,,,,,,,,,,,,,,,,,,,,,,,,,,,,,,,,,,,,,,,,,,,,,,,,28618.2366,28619.6093,e,1.3503,,1,2,9,1,1,stimuliTAFCfirst/nimnym002.wav,,,,,,,,,,,,,
,,,,,541264,001,2024-06-03_14h36.58.506,mathesisv2,2024.1.3,Linux x86_64,61.34969325,,,,,,,,,,,,,,,,,y,,,,,,,,,,,,,,,,,,,,,,,,,,,,,,,,,,,,,,,,,,,,,,,,,,,,,,,,,,,,,,,28619.6099,28620.827,y,1.2004,,1,3,10,4,1,stimuliTAFCfirst/nimnym005.wav,,,,,,,,,,,,,
,,,,,541264,001,2024-06-03_14h36.58.506,mathesisv2,2024.1.3,Linux x86_64,61.34969325,,,,,,,,,,,,,,,,,e,,,,,,,,,,,,,,,,,,,,,,,,,,,,,,,,,,,,,,,,,,,,,,,,,,,,,,,,,,,,,,,28620.8281,28622.1618,e,1.3242,,1,4,11,0,1,stimuliTAFCfirst/nimnym001.wav,,,,,,,,,,,,,
,,,,,541264,001,2024-06-03_14h36.58.506,mathesisv2,2024.1.3,Linux x86_64,61.34969325,,,,,,,,,,,,,,,,,e,,,,,,,,,,,,,,,,,,,,,,,,,,,,,,,,,,,,,,,,,,,,,,,,,,,,,,,,,,,,,,,28622.1625,28623.2784,e,1.1028,,1,5,12,2,1,stimuliTAFCfirst/nimnym003.wav,,,,,,,,,,,,,
,,,,,541264,001,2024-06-03_14h36.58.506,mathesisv2,2024.1.3,Linux x86_64,61.34969325,,,,,,,,,,,,,,,,,y,,,,,,,,,,,,,,,,,,,,,,,,,,,,,,,,,,,,,,,,,,,,,,,,,,,,,,,,,,,,,,,28623.2793,28624.3123,y,1.0164,,1,6,13,6,1,stimuliTAFCfirst/nimnym007.wav,,,,,,,,,,,,,
,,,,,541264,001,2024-06-03_14h36.58.506,mathesisv2,2024.1.3,Linux x86_64,61.34969325,,,,,,,,,,,,,,,,,y,28624.3126,28625.5117,space,1.184,,,,,,,,,,,,,,,,,,,,,,,,,,,,,,,,,,,,,,,,,,,,,,,,,,,,,,,,,,,,,,,,,,,,,,28625.5155,28627.812,y,2.2742,,0,0,0,4,1,stimuliTAFCsec/numnym005.wav,,
,,,,,541264,001,2024-06-03_14h36.58.506,mathesisv2,2024.1.3,Linux x86_64,61.34969325,,,,,,,,,,,,,,,,,y,,,,,,,,,,,,,,,,,,,,,,,,,,,,,,,,,,,,,,,,,,,,,,,,,,,,,,,,,,,,,,,,,,,,,,,,,,28627.8126,28629.1024,y,1.2842,,0,1,1,6,1,stimuliTAFCsec/numnym007.wav,,
,,,,,541264,001,2024-06-03_14h36.58.506,mathesisv2,2024.1.3,Linux x86_64,61.34969325,,,,,,,,,,,,,,,,,x,,,,,,,,,,,,,,,,,,,,,,,,,,,,,,,,,,,,,,,,,,,,,,,,,,,,,,,,,,,,,,,,,,,,,,,,,,28629.103,28630.5021,y,1.3839,,0,2,2,3,1,stimuliTAFCsec/numnym004.wav,,
,,,,,541264,001,2024-06-03_14h36.58.506,mathesisv2,2024.1.3,Linux x86_64,61.34969325,,,,,,,,,,,,,,,,,y,,,,,,,,,,,,,,,,,,,,,,,,,,,,,,,,,,,,,,,,,,,,,,,,,,,,,,,,,,,,,,,,,,,,,,,,,,28630.5026,28631.7222,y,1.2023,,0,3,3,5,1,stimuliTAFCsec/numnym006.wav,,
,,,,,541264,001,2024-06-03_14h36.58.506,mathesisv2,2024.1.3,Linux x86_64,61.34969325,,,,,,,,,,,,,,,,,u,,,,,,,,,,,,,,,,,,,,,,,,,,,,,,,,,,,,,,,,,,,,,,,,,,,,,,,,,,,,,,,,,,,,,,,,,,28631.7227,28632.7726,u,1.036,,0,4,4,1,1,stimuliTAFCsec/numnym002.wav,,
,,,,,541264,001,2024-06-03_14h36.58.506,mathesisv2,2024.1.3,Linux x86_64,61.34969325,,,,,,,,,,,,,,,,,u,,,,,,,,,,,,,,,,,,,,,,,,,,,,,,,,,,,,,,,,,,,,,,,,,,,,,,,,,,,,,,,,,,,,,,,,,,28632.7731,28633.8583,u,1.0677,,0,5,5,2,1,stimuliTAFCsec/numnym003.wav,,
,,,,,541264,001,2024-06-03_14h36.58.506,mathesisv2,2024.1.3,Linux x86_64,61.34969325,,,,,,,,,,,,,,,,,u,,,,,,,,,,,,,,,,,,,,,,,,,,,,,,,,,,,,,,,,,,,,,,,,,,,,,,,,,,,,,,,,,,,,,,,,,,28633.8589,28634.8607,u,0.9855,,0,6,6,0,1,stimuliTAFCsec/numnym001.wav,,
,,,,,541264,001,2024-06-03_14h36.58.506,mathesisv2,2024.1.3,Linux x86_64,61.34969325,,,,,,,,,,,,,,,,,u,,,,,,,,,,,,,,,,,,,,,,,,,,,,,,,,,,,,,,,,,,,,,,,,,,,,,,,,,,,,,,,,,,,,,,,,,,28634.8612,28635.8785,u,1.0015,,1,0,7,2,1,stimuliTAFCsec/numnym003.wav,,
,,,,,541264,001,2024-06-03_14h36.58.506,mathesisv2,2024.1.3,Linux x86_64,61.34969325,,,,,,,,,,,,,,,,,y,,,,,,,,,,,,,,,,,,,,,,,,,,,,,,,,,,,,,,,,,,,,,,,,,,,,,,,,,,,,,,,,,,,,,,,,,,28635.8794,28637.0615,y,1.1686,,1,1,8,5,1,stimuliTAFCsec/numnym006.wav,,
,,,,,541264,001,2024-06-03_14h36.58.506,mathesisv2,2024.1.3,Linux x86_64,61.34969325,,,,,,,,,,,,,,,,,y,,,,,,,,,,,,,,,,,,,,,,,,,,,,,,,,,,,,,,,,,,,,,,,,,,,,,,,,,,,,,,,,,,,,,,,,,,28637.0623,28638.0785,y,1.0083,,1,2,9,6,1,stimuliTAFCsec/numnym007.wav,,
,,,,,541264,001,2024-06-03_14h36.58.506,mathesisv2,2024.1.3,Linux x86_64,61.34969325,,,,,,,,,,,,,,,,,u,,,,,,,,,,,,,,,,,,,,,,,,,,,,,,,,,,,,,,,,,,,,,,,,,,,,,,,,,,,,,,,,,,,,,,,,,,28638.079,28639.2282,u,1.1328,,1,3,10,1,1,stimuliTAFCsec/numnym002.wav,,
,,,,,541264,001,2024-06-03_14h36.58.506,mathesisv2,2024.1.3,Linux x86_64,61.34969325,,,,,,,,,,,,,,,,,u,,,,,,,,,,,,,,,,,,,,,,,,,,,,,,,,,,,,,,,,,,,,,,,,,,,,,,,,,,,,,,,,,,,,,,,,,,28639.2289,28640.2783,u,1.0427,,1,4,11,0,1,stimuliTAFCsec/numnym001.wav,,
,,,,,541264,001,2024-06-03_14h36.58.506,mathesisv2,2024.1.3,Linux x86_64,61.34969325,,,,,,,,,,,,,,,,,y,,,,,,,,,,,,,,,,,,,,,,,,,,,,,,,,,,,,,,,,,,,,,,,,,,,,,,,,,,,,,,,,,,,,,,,,,,28640.2789,28641.4451,y,1.1552,,1,5,12,4,1,stimuliTAFCsec/numnym005.wav,,
,,,,,541264,001,2024-06-03_14h36.58.506,mathesisv2,2024.1.3,Linux x86_64,61.34969325,,,,,,,,,,,,,,,,,x,,,,,,,,,,,,,,,,,,,,,,,,,,,,,,,,,,,,,,,,,,,,,,,,,,,,,,,,,,,,,,,,,,,,,,,,,,28641.4456,28642.8366,u,1.3844,,1,6,13,3,1,stimuliTAFCsec/numnym004.wav,,
,,,,,541264,001,2024-06-03_14h36.58.506,mathesisv2,2024.1.3,Linux x86_64,61.34969325,,,,,,,,,,,,,,,,,,,,,,,,,,,,,,,,,,,,,,,,,,,28642.8368,28644.0037,space,1.1521,,,,,,,,,,,,,,,,,,,,,,,,,,,,,,,,,,,,,,,,,,,,,,,,,,,,,,,,28644.005,28648.9971
