﻿inst_test.started,inst_test.stopped,key_resptest.keys,key_resptest.rt,key_resptest.duration,participant,session,date,expName,psychopyVersion,OS,frameRate,AXBteststimuli.started,AXBteststimuli.stopped,slider_7.response,slider_7.rt,trials.thisRepN,trials.thisTrialN,trials.thisN,trials.thisIndex,trials.ran,AXBtest,attentioncheck_test.started,attentioncheck_test.stopped,slider.response,slider.rt,inst01.started,inst01.stopped,key_respinst01.keys,key_respinst01.rt,key_respinst01.duration,AXBstimuli01.started,AXBstimuli01.stopped,slider_8.response,slider_8.rt,trials_2.thisRepN,trials_2.thisTrialN,trials_2.thisN,trials_2.thisIndex,trials_2.ran,AXBstimuli,Correct,pause01.started,pause01.stopped,key_resp.keys,key_resp.rt,key_resp.duration,trials_3.thisRepN,trials_3.thisTrialN,trials_3.thisN,trials_3.thisIndex,trials_3.ran,attentioncheck01.started,attentioncheck01.stopped,slider_2.response,slider_2.rt,key_resp_5.keys,key_resp_5.rt,key_resp_5.duration,trials_4.thisRepN,trials_4.thisTrialN,trials_4.thisN,trials_4.thisIndex,trials_4.ran,trials_5.thisRepN,trials_5.thisTrialN,trials_5.thisN,trials_5.thisIndex,trials_5.ran,attentioncheck02.started,attentioncheck02.stopped,key_resp_6.keys,button.numClicks,button.timesOn,button.timesOff,trials_6.thisRepN,trials_6.thisTrialN,trials_6.thisN,trials_6.thisIndex,trials_6.ran,trials_7.thisRepN,trials_7.thisTrialN,trials_7.thisN,trials_7.thisIndex,trials_7.ran,attentioncheck03.started,attentioncheck03.stopped,slider_3.response,slider_3.rt,trials_8.thisRepN,trials_8.thisTrialN,trials_8.thisN,trials_8.thisIndex,trials_8.ran,inst_test2.started,inst_test2.stopped,key_resp_2.keys,key_resp_2.rt,key_resp_2.duration,routine_2AFCteststimuli.started,routine_2AFCteststimuli.stopped,slider_9.response,slider_9.rt,trials_17.thisRepN,trials_17.thisTrialN,trials_17.thisN,trials_17.thisIndex,trials_17.ran,TAFCteststimuli,attentioncheck_test2.started,attentioncheck_test2.stopped,slider_4.response,slider_4.rt,inst02.started,inst02.stopped,key_resp_3.keys,key_resp_3.rt,key_resp_3.duration,routine_2AFCstimuli01.started,routine_2AFCstimuli01.stopped,slider_10.response,slider_10.rt,trials_9.thisRepN,trials_9.thisTrialN,trials_9.thisN,trials_9.thisIndex,trials_9.ran,TAFCstimuli01,attentioncheck04.started,attentioncheck04.stopped,slider_6.response,slider_6.rt,key_resp_9.keys,trials_10.thisRepN,trials_10.thisTrialN,trials_10.thisN,trials_10.thisIndex,trials_10.ran,trials_11.thisRepN,trials_11.thisTrialN,trials_11.thisN,trials_11.thisIndex,trials_11.ran,trials_12.thisRepN,trials_12.thisTrialN,trials_12.thisN,trials_12.thisIndex,trials_12.ran,routine_2AFCstimuli02.started,routine_2AFCstimuli02.stopped,slider_11.response,slider_11.rt,trials_13.thisRepN,trials_13.thisTrialN,trials_13.thisN,trials_13.thisIndex,trials_13.ran,TAFCstimuli02,attentioncheck05.started,attentioncheck05.stopped,key_resp_8.keys,key_resp_8.rt,key_resp_8.duration,slider_5.response,slider_5.rt,trials_14.thisRepN,trials_14.thisTrialN,trials_14.thisN,trials_14.thisIndex,trials_14.ran,trials_15.thisRepN,trials_15.thisTrialN,trials_15.thisN,trials_15.thisIndex,trials_15.ran,attentioncheck06.started,attentioncheck06.stopped,button_2.numClicks,button_2.timesOn,button_2.timesOff,key_resp_7.keys,trials_16.thisRepN,trials_16.thisTrialN,trials_16.thisN,trials_16.thisIndex,trials_16.ran,thankyou.started,thankyou.stopped,key_resp_4.keys,key_resp_4.rt,key_resp_4.duration
0.0002,22.4302,space,22.4182,,274830,001,2024-05-21_14h20.14.035,AXB:2AFC Experiments (16.05.2024),2024.1.3,MacIntel,60.24096386,,,,,,,,,,,,,,,,,,,,,,,,,,,,,,,,,,,,,,,,,,,,,,,,,,,,,,,,,,,,,,,,,,,,,,,,,,,,,,,,,,,,,,,,,,,,,,,,,,,,,,,,,,,,,,,,,,,,,,,,,,,,,,,,,,,,,,,,,,,,,,,,,,,,,,,,,,,,,,,,,,,,,,,,,,,,,,,,,,,
,,,,,274830,001,2024-05-21_14h20.14.035,AXB:2AFC Experiments (16.05.2024),2024.1.3,MacIntel,60.24096386,22.4438,37.9731,1,15.5278,0,0,0,1,1,AXBstimuli/iyystimulus.wav,,,,,,,,,,,,,,,,,,,,,,,,,,,,,,,,,,,,,,,,,,,,,,,,,,,,,,,,,,,,,,,,,,,,,,,,,,,,,,,,,,,,,,,,,,,,,,,,,,,,,,,,,,,,,,,,,,,,,,,,,,,,,,,,,,,,,,,,,,,,,,,,,,,,,,,,,,,,,,,,,,,,,,,,,
,,,,,274830,001,2024-05-21_14h20.14.035,AXB:2AFC Experiments (16.05.2024),2024.1.3,MacIntel,60.24096386,37.9735,41.5051,1,3.5229,0,1,1,2,1,AXBstimuli/yuustimulus.wav,,,,,,,,,,,,,,,,,,,,,,,,,,,,,,,,,,,,,,,,,,,,,,,,,,,,,,,,,,,,,,,,,,,,,,,,,,,,,,,,,,,,,,,,,,,,,,,,,,,,,,,,,,,,,,,,,,,,,,,,,,,,,,,,,,,,,,,,,,,,,,,,,,,,,,,,,,,,,,,,,,,,,,,,,
,,,,,274830,001,2024-05-21_14h20.14.035,AXB:2AFC Experiments (16.05.2024),2024.1.3,MacIntel,60.24096386,41.5055,45.8221,2,4.3025,0,2,2,0,1,AXBstimuli/iiystimulus.wav,,,,,,,,,,,,,,,,,,,,,,,,,,,,,,,,,,,,,,,,,,,,,,,,,,,,,,,,,,,,,,,,,,,,,,,,,,,,,,,,,,,,,,,,,,,,,,,,,,,,,,,,,,,,,,,,,,,,,,,,,,,,,,,,,,,,,,,,,,,,,,,,,,,,,,,,,,,,,,,,,,,,,,,,,
,,,,,274830,001,2024-05-21_14h20.14.035,AXB:2AFC Experiments (16.05.2024),2024.1.3,MacIntel,60.24096386,45.8224,51.7061,2,5.8673,0,3,3,3,1,AXBstimuli/yyustimulus.wav,,,,,,,,,,,,,,,,,,,,,,,,,,,,,,,,,,,,,,,,,,,,,,,,,,,,,,,,,,,,,,,,,,,,,,,,,,,,,,,,,,,,,,,,,,,,,,,,,,,,,,,,,,,,,,,,,,,,,,,,,,,,,,,,,,,,,,,,,,,,,,,,,,,,,,,,,,,,,,,,,,,,,,,,,
,,,,,274830,001,2024-05-21_14h20.14.035,AXB:2AFC Experiments (16.05.2024),2024.1.3,MacIntel,60.24096386,,,,,,,,,,,51.7077,57.5227,1,5.8095,,,,,,,,,,,,,,,,,,,,,,,,,,,,,,,,,,,,,,,,,,,,,,,,,,,,,,,,,,,,,,,,,,,,,,,,,,,,,,,,,,,,,,,,,,,,,,,,,,,,,,,,,,,,,,,,,,,,,,,,,,,,,,,,,,,,,,,,,,,,,,,,,,,,,,,,,,,,,,,,,,,,,
,,,,,274830,001,2024-05-21_14h20.14.035,AXB:2AFC Experiments (16.05.2024),2024.1.3,MacIntel,60.24096386,,,,,,,,,,,,,,,57.5228,69.1224,space,11.5772,,,,,,,,,,,,,,,,,,,,,,,,,,,,,,,,,,,,,,,,,,,,,,,,,,,,,,,,,,,,,,,,,,,,,,,,,,,,,,,,,,,,,,,,,,,,,,,,,,,,,,,,,,,,,,,,,,,,,,,,,,,,,,,,,,,,,,,,,,,,,,,,,,,,,,,,,,,,,,,,,
,,,,,274830,001,2024-05-21_14h20.14.035,AXB:2AFC Experiments (16.05.2024),2024.1.3,MacIntel,60.24096386,,,,,,,,,,,,,,,,,,,,69.1394,72.5378,2,3.3939,0,0,0,3,1,AXBstimuli/yyustimulus.wav,Last,,,,,,,,,,,,,,,,,,,,,,,,,,,,,,,,,,,,,,,,,,,,,,,,,,,,,,,,,,,,,,,,,,,,,,,,,,,,,,,,,,,,,,,,,,,,,,,,,,,,,,,,,,,,,,,,,,,,,,,,,,,,,,,,,,,,,,,,,,,,,,,,,,,,,
,,,,,274830,001,2024-05-21_14h20.14.035,AXB:2AFC Experiments (16.05.2024),2024.1.3,MacIntel,60.24096386,,,,,,,,,,,,,,,,,,,,72.5382,76.7033,1,4.161,0,1,1,1,1,AXBstimuli/iyystimulus.wav,First,,,,,,,,,,,,,,,,,,,,,,,,,,,,,,,,,,,,,,,,,,,,,,,,,,,,,,,,,,,,,,,,,,,,,,,,,,,,,,,,,,,,,,,,,,,,,,,,,,,,,,,,,,,,,,,,,,,,,,,,,,,,,,,,,,,,,,,,,,,,,,,,,,,,,
,,,,,274830,001,2024-05-21_14h20.14.035,AXB:2AFC Experiments (16.05.2024),2024.1.3,MacIntel,60.24096386,,,,,,,,,,,,,,,,,,,,76.7036,79.9695,2,3.2535,0,2,2,0,1,AXBstimuli/iiystimulus.wav,Last,,,,,,,,,,,,,,,,,,,,,,,,,,,,,,,,,,,,,,,,,,,,,,,,,,,,,,,,,,,,,,,,,,,,,,,,,,,,,,,,,,,,,,,,,,,,,,,,,,,,,,,,,,,,,,,,,,,,,,,,,,,,,,,,,,,,,,,,,,,,,,,,,,,,,
,,,,,274830,001,2024-05-21_14h20.14.035,AXB:2AFC Experiments (16.05.2024),2024.1.3,MacIntel,60.24096386,,,,,,,,,,,,,,,,,,,,79.9697,85.002,1,5.0203,0,3,3,2,1,AXBstimuli/yuustimulus.wav,First,,,,,,,,,,,,,,,,,,,,,,,,,,,,,,,,,,,,,,,,,,,,,,,,,,,,,,,,,,,,,,,,,,,,,,,,,,,,,,,,,,,,,,,,,,,,,,,,,,,,,,,,,,,,,,,,,,,,,,,,,,,,,,,,,,,,,,,,,,,,,,,,,,,,,
,,,,,274830,001,2024-05-21_14h20.14.035,AXB:2AFC Experiments (16.05.2024),2024.1.3,MacIntel,60.24096386,,,,,,,,,,,,,,,,,,,,85.0023,88.5372,1,3.5209,1,0,4,2,1,AXBstimuli/yuustimulus.wav,First,,,,,,,,,,,,,,,,,,,,,,,,,,,,,,,,,,,,,,,,,,,,,,,,,,,,,,,,,,,,,,,,,,,,,,,,,,,,,,,,,,,,,,,,,,,,,,,,,,,,,,,,,,,,,,,,,,,,,,,,,,,,,,,,,,,,,,,,,,,,,,,,,,,,,
,,,,,274830,001,2024-05-21_14h20.14.035,AXB:2AFC Experiments (16.05.2024),2024.1.3,MacIntel,60.24096386,,,,,,,,,,,,,,,,,,,,88.5375,92.2023,1,3.6607,1,1,5,1,1,AXBstimuli/iyystimulus.wav,First,,,,,,,,,,,,,,,,,,,,,,,,,,,,,,,,,,,,,,,,,,,,,,,,,,,,,,,,,,,,,,,,,,,,,,,,,,,,,,,,,,,,,,,,,,,,,,,,,,,,,,,,,,,,,,,,,,,,,,,,,,,,,,,,,,,,,,,,,,,,,,,,,,,,,
,,,,,274830,001,2024-05-21_14h20.14.035,AXB:2AFC Experiments (16.05.2024),2024.1.3,MacIntel,60.24096386,,,,,,,,,,,,,,,,,,,,92.2026,97.3537,2,5.1376,1,2,6,3,1,AXBstimuli/yyustimulus.wav,Last,,,,,,,,,,,,,,,,,,,,,,,,,,,,,,,,,,,,,,,,,,,,,,,,,,,,,,,,,,,,,,,,,,,,,,,,,,,,,,,,,,,,,,,,,,,,,,,,,,,,,,,,,,,,,,,,,,,,,,,,,,,,,,,,,,,,,,,,,,,,,,,,,,,,,
,,,,,274830,001,2024-05-21_14h20.14.035,AXB:2AFC Experiments (16.05.2024),2024.1.3,MacIntel,60.24096386,,,,,,,,,,,,,,,,,,,,97.3539,100.9372,2,3.5754,1,3,7,0,1,AXBstimuli/iiystimulus.wav,Last,,,,,,,,,,,,,,,,,,,,,,,,,,,,,,,,,,,,,,,,,,,,,,,,,,,,,,,,,,,,,,,,,,,,,,,,,,,,,,,,,,,,,,,,,,,,,,,,,,,,,,,,,,,,,,,,,,,,,,,,,,,,,,,,,,,,,,,,,,,,,,,,,,,,,
,,,,,274830,001,2024-05-21_14h20.14.035,AXB:2AFC Experiments (16.05.2024),2024.1.3,MacIntel,60.24096386,,,,,,,,,,,,,,,,,,,,100.9374,104.2029,2,3.2643,2,0,8,0,1,AXBstimuli/iiystimulus.wav,Last,,,,,,,,,,,,,,,,,,,,,,,,,,,,,,,,,,,,,,,,,,,,,,,,,,,,,,,,,,,,,,,,,,,,,,,,,,,,,,,,,,,,,,,,,,,,,,,,,,,,,,,,,,,,,,,,,,,,,,,,,,,,,,,,,,,,,,,,,,,,,,,,,,,,,
,,,,,274830,001,2024-05-21_14h20.14.035,AXB:2AFC Experiments (16.05.2024),2024.1.3,MacIntel,60.24096386,,,,,,,,,,,,,,,,,,,,104.2031,108.1372,1,3.9288,2,1,9,2,1,AXBstimuli/yuustimulus.wav,First,,,,,,,,,,,,,,,,,,,,,,,,,,,,,,,,,,,,,,,,,,,,,,,,,,,,,,,,,,,,,,,,,,,,,,,,,,,,,,,,,,,,,,,,,,,,,,,,,,,,,,,,,,,,,,,,,,,,,,,,,,,,,,,,,,,,,,,,,,,,,,,,,,,,,
,,,,,274830,001,2024-05-21_14h20.14.035,AXB:2AFC Experiments (16.05.2024),2024.1.3,MacIntel,60.24096386,,,,,,,,,,,,,,,,,,,,108.1375,111.9862,1,3.8356,2,2,10,1,1,AXBstimuli/iyystimulus.wav,First,,,,,,,,,,,,,,,,,,,,,,,,,,,,,,,,,,,,,,,,,,,,,,,,,,,,,,,,,,,,,,,,,,,,,,,,,,,,,,,,,,,,,,,,,,,,,,,,,,,,,,,,,,,,,,,,,,,,,,,,,,,,,,,,,,,,,,,,,,,,,,,,,,,,,
,,,,,274830,001,2024-05-21_14h20.14.035,AXB:2AFC Experiments (16.05.2024),2024.1.3,MacIntel,60.24096386,,,,,,,,,,,,,,,,,,,,111.9865,115.3181,2,3.3286,2,3,11,3,1,AXBstimuli/yyustimulus.wav,Last,,,,,,,,,,,,,,,,,,,,,,,,,,,,,,,,,,,,,,,,,,,,,,,,,,,,,,,,,,,,,,,,,,,,,,,,,,,,,,,,,,,,,,,,,,,,,,,,,,,,,,,,,,,,,,,,,,,,,,,,,,,,,,,,,,,,,,,,,,,,,,,,,,,,,
,,,,,274830,001,2024-05-21_14h20.14.035,AXB:2AFC Experiments (16.05.2024),2024.1.3,MacIntel,60.24096386,,,,,,,,,,,,,,,,,,,,115.3184,119.4355,1,4.1034,3,0,12,2,1,AXBstimuli/yuustimulus.wav,First,,,,,,,,,,,,,,,,,,,,,,,,,,,,,,,,,,,,,,,,,,,,,,,,,,,,,,,,,,,,,,,,,,,,,,,,,,,,,,,,,,,,,,,,,,,,,,,,,,,,,,,,,,,,,,,,,,,,,,,,,,,,,,,,,,,,,,,,,,,,,,,,,,,,,
,,,,,274830,001,2024-05-21_14h20.14.035,AXB:2AFC Experiments (16.05.2024),2024.1.3,MacIntel,60.24096386,,,,,,,,,,,,,,,,,,,,119.4358,123.62,2,4.1799,3,1,13,3,1,AXBstimuli/yyustimulus.wav,Last,,,,,,,,,,,,,,,,,,,,,,,,,,,,,,,,,,,,,,,,,,,,,,,,,,,,,,,,,,,,,,,,,,,,,,,,,,,,,,,,,,,,,,,,,,,,,,,,,,,,,,,,,,,,,,,,,,,,,,,,,,,,,,,,,,,,,,,,,,,,,,,,,,,,,
,,,,,274830,001,2024-05-21_14h20.14.035,AXB:2AFC Experiments (16.05.2024),2024.1.3,MacIntel,60.24096386,,,,,,,,,,,,,,,,,,,,123.6202,126.9351,2,3.3023,3,2,14,0,1,AXBstimuli/iiystimulus.wav,Last,,,,,,,,,,,,,,,,,,,,,,,,,,,,,,,,,,,,,,,,,,,,,,,,,,,,,,,,,,,,,,,,,,,,,,,,,,,,,,,,,,,,,,,,,,,,,,,,,,,,,,,,,,,,,,,,,,,,,,,,,,,,,,,,,,,,,,,,,,,,,,,,,,,,,
,,,,,274830,001,2024-05-21_14h20.14.035,AXB:2AFC Experiments (16.05.2024),2024.1.3,MacIntel,60.24096386,,,,,,,,,,,,,,,,,,,,126.9354,131.5198,1,4.572,3,3,15,1,1,AXBstimuli/iyystimulus.wav,First,,,,,,,,,,,,,,,,,,,,,,,,,,,,,,,,,,,,,,,,,,,,,,,,,,,,,,,,,,,,,,,,,,,,,,,,,,,,,,,,,,,,,,,,,,,,,,,,,,,,,,,,,,,,,,,,,,,,,,,,,,,,,,,,,,,,,,,,,,,,,,,,,,,,,
,,,,,274830,001,2024-05-21_14h20.14.035,AXB:2AFC Experiments (16.05.2024),2024.1.3,MacIntel,60.24096386,,,,,,,,,,,,,,,,,,,,131.52,135.0019,2,3.4708,4,0,16,0,1,AXBstimuli/iiystimulus.wav,Last,,,,,,,,,,,,,,,,,,,,,,,,,,,,,,,,,,,,,,,,,,,,,,,,,,,,,,,,,,,,,,,,,,,,,,,,,,,,,,,,,,,,,,,,,,,,,,,,,,,,,,,,,,,,,,,,,,,,,,,,,,,,,,,,,,,,,,,,,,,,,,,,,,,,,
,,,,,274830,001,2024-05-21_14h20.14.035,AXB:2AFC Experiments (16.05.2024),2024.1.3,MacIntel,60.24096386,,,,,,,,,,,,,,,,,,,,135.0022,138.7848,1,3.7685,4,1,17,3,1,AXBstimuli/yyustimulus.wav,Last,,,,,,,,,,,,,,,,,,,,,,,,,,,,,,,,,,,,,,,,,,,,,,,,,,,,,,,,,,,,,,,,,,,,,,,,,,,,,,,,,,,,,,,,,,,,,,,,,,,,,,,,,,,,,,,,,,,,,,,,,,,,,,,,,,,,,,,,,,,,,,,,,,,,,
,,,,,274830,001,2024-05-21_14h20.14.035,AXB:2AFC Experiments (16.05.2024),2024.1.3,MacIntel,60.24096386,,,,,,,,,,,,,,,,,,,,138.785,142.6018,1,3.8138,4,2,18,1,1,AXBstimuli/iyystimulus.wav,First,,,,,,,,,,,,,,,,,,,,,,,,,,,,,,,,,,,,,,,,,,,,,,,,,,,,,,,,,,,,,,,,,,,,,,,,,,,,,,,,,,,,,,,,,,,,,,,,,,,,,,,,,,,,,,,,,,,,,,,,,,,,,,,,,,,,,,,,,,,,,,,,,,,,,
,,,,,274830,001,2024-05-21_14h20.14.035,AXB:2AFC Experiments (16.05.2024),2024.1.3,MacIntel,60.24096386,,,,,,,,,,,,,,,,,,,,142.6021,146.2357,1,3.6178,4,3,19,2,1,AXBstimuli/yuustimulus.wav,First,,,,,,,,,,,,,,,,,,,,,,,,,,,,,,,,,,,,,,,,,,,,,,,,,,,,,,,,,,,,,,,,,,,,,,,,,,,,,,,,,,,,,,,,,,,,,,,,,,,,,,,,,,,,,,,,,,,,,,,,,,,,,,,,,,,,,,,,,,,,,,,,,,,,,
,,,,,274830,001,2024-05-21_14h20.14.035,AXB:2AFC Experiments (16.05.2024),2024.1.3,MacIntel,60.24096386,,,,,,,,,,,,,,,,,,,,,,,,,,,,,,,146.2372,178.3344,space,32.0736,,,,,,,,,,,,,,,,,,,,,,,,,,,,,,,,,,,,,,,,,,,,,,,,,,,,,,,,,,,,,,,,,,,,,,,,,,,,,,,,,,,,,,,,,,,,,,,,,,,,,,,,,,,,,,,,,,,,,,,,,,,,,,,,,,,,,,,,,,,,,,,,,
,,,,,274830,001,2024-05-21_14h20.14.035,AXB:2AFC Experiments (16.05.2024),2024.1.3,MacIntel,60.24096386,,,,,,,,,,,,,,,,,,,,178.3406,182.3831,2,4.0283,,,,,,AXBstimuli/iiystimulus.wav,Last,,,,,,0,0,0,0,1,,,,,,,,,,,,,,,,,,,,,,,,,,,,,,,,,,,,,,,,,,,,,,,,,,,,,,,,,,,,,,,,,,,,,,,,,,,,,,,,,,,,,,,,,,,,,,,,,,,,,,,,,,,,,,,,,,,,,,,,,,,,,,,,,,,,,,,,,,,
,,,,,274830,001,2024-05-21_14h20.14.035,AXB:2AFC Experiments (16.05.2024),2024.1.3,MacIntel,60.24096386,,,,,,,,,,,,,,,,,,,,182.3835,186.4835,1,4.086,,,,,,AXBstimuli/iyystimulus.wav,First,,,,,,0,1,1,1,1,,,,,,,,,,,,,,,,,,,,,,,,,,,,,,,,,,,,,,,,,,,,,,,,,,,,,,,,,,,,,,,,,,,,,,,,,,,,,,,,,,,,,,,,,,,,,,,,,,,,,,,,,,,,,,,,,,,,,,,,,,,,,,,,,,,,,,,,,,,
,,,,,274830,001,2024-05-21_14h20.14.035,AXB:2AFC Experiments (16.05.2024),2024.1.3,MacIntel,60.24096386,,,,,,,,,,,,,,,,,,,,186.4838,189.7,2,3.2157,,,,,,AXBstimuli/yyustimulus.wav,Last,,,,,,0,2,2,3,1,,,,,,,,,,,,,,,,,,,,,,,,,,,,,,,,,,,,,,,,,,,,,,,,,,,,,,,,,,,,,,,,,,,,,,,,,,,,,,,,,,,,,,,,,,,,,,,,,,,,,,,,,,,,,,,,,,,,,,,,,,,,,,,,,,,,,,,,,,,
,,,,,274830,001,2024-05-21_14h20.14.035,AXB:2AFC Experiments (16.05.2024),2024.1.3,MacIntel,60.24096386,,,,,,,,,,,,,,,,,,,,189.7001,192.7334,1,3.0327,,,,,,AXBstimuli/yuustimulus.wav,First,,,,,,0,3,3,2,1,,,,,,,,,,,,,,,,,,,,,,,,,,,,,,,,,,,,,,,,,,,,,,,,,,,,,,,,,,,,,,,,,,,,,,,,,,,,,,,,,,,,,,,,,,,,,,,,,,,,,,,,,,,,,,,,,,,,,,,,,,,,,,,,,,,,,,,,,,,
,,,,,274830,001,2024-05-21_14h20.14.035,AXB:2AFC Experiments (16.05.2024),2024.1.3,MacIntel,60.24096386,,,,,,,,,,,,,,,,,,,,192.7336,196.6148,1,3.8745,,,,,,AXBstimuli/yuustimulus.wav,First,,,,,,1,0,4,2,1,,,,,,,,,,,,,,,,,,,,,,,,,,,,,,,,,,,,,,,,,,,,,,,,,,,,,,,,,,,,,,,,,,,,,,,,,,,,,,,,,,,,,,,,,,,,,,,,,,,,,,,,,,,,,,,,,,,,,,,,,,,,,,,,,,,,,,,,,,,
,,,,,274830,001,2024-05-21_14h20.14.035,AXB:2AFC Experiments (16.05.2024),2024.1.3,MacIntel,60.24096386,,,,,,,,,,,,,,,,,,,,196.615,199.8999,2,3.2758,,,,,,AXBstimuli/iiystimulus.wav,Last,,,,,,1,1,5,0,1,,,,,,,,,,,,,,,,,,,,,,,,,,,,,,,,,,,,,,,,,,,,,,,,,,,,,,,,,,,,,,,,,,,,,,,,,,,,,,,,,,,,,,,,,,,,,,,,,,,,,,,,,,,,,,,,,,,,,,,,,,,,,,,,,,,,,,,,,,,
,,,,,274830,001,2024-05-21_14h20.14.035,AXB:2AFC Experiments (16.05.2024),2024.1.3,MacIntel,60.24096386,,,,,,,,,,,,,,,,,,,,199.9002,204.9992,2,5.0846,,,,,,AXBstimuli/yyustimulus.wav,Last,,,,,,1,2,6,3,1,,,,,,,,,,,,,,,,,,,,,,,,,,,,,,,,,,,,,,,,,,,,,,,,,,,,,,,,,,,,,,,,,,,,,,,,,,,,,,,,,,,,,,,,,,,,,,,,,,,,,,,,,,,,,,,,,,,,,,,,,,,,,,,,,,,,,,,,,,,
,,,,,274830,001,2024-05-21_14h20.14.035,AXB:2AFC Experiments (16.05.2024),2024.1.3,MacIntel,60.24096386,,,,,,,,,,,,,,,,,,,,204.9995,209.2161,1,4.2014,,,,,,AXBstimuli/iyystimulus.wav,First,,,,,,1,3,7,1,1,,,,,,,,,,,,,,,,,,,,,,,,,,,,,,,,,,,,,,,,,,,,,,,,,,,,,,,,,,,,,,,,,,,,,,,,,,,,,,,,,,,,,,,,,,,,,,,,,,,,,,,,,,,,,,,,,,,,,,,,,,,,,,,,,,,,,,,,,,,
,,,,,274830,001,2024-05-21_14h20.14.035,AXB:2AFC Experiments (16.05.2024),2024.1.3,MacIntel,60.24096386,,,,,,,,,,,,,,,,,,,,209.2164,212.7994,2,3.5688,,,,,,AXBstimuli/yyustimulus.wav,Last,,,,,,2,0,8,3,1,,,,,,,,,,,,,,,,,,,,,,,,,,,,,,,,,,,,,,,,,,,,,,,,,,,,,,,,,,,,,,,,,,,,,,,,,,,,,,,,,,,,,,,,,,,,,,,,,,,,,,,,,,,,,,,,,,,,,,,,,,,,,,,,,,,,,,,,,,,
,,,,,274830,001,2024-05-21_14h20.14.035,AXB:2AFC Experiments (16.05.2024),2024.1.3,MacIntel,60.24096386,,,,,,,,,,,,,,,,,,,,212.7996,216.6652,2,3.8526,,,,,,AXBstimuli/iiystimulus.wav,Last,,,,,,2,1,9,0,1,,,,,,,,,,,,,,,,,,,,,,,,,,,,,,,,,,,,,,,,,,,,,,,,,,,,,,,,,,,,,,,,,,,,,,,,,,,,,,,,,,,,,,,,,,,,,,,,,,,,,,,,,,,,,,,,,,,,,,,,,,,,,,,,,,,,,,,,,,,
,,,,,274830,001,2024-05-21_14h20.14.035,AXB:2AFC Experiments (16.05.2024),2024.1.3,MacIntel,60.24096386,,,,,,,,,,,,,,,,,,,,216.6655,220.4657,1,3.7858,,,,,,AXBstimuli/iyystimulus.wav,First,,,,,,2,2,10,1,1,,,,,,,,,,,,,,,,,,,,,,,,,,,,,,,,,,,,,,,,,,,,,,,,,,,,,,,,,,,,,,,,,,,,,,,,,,,,,,,,,,,,,,,,,,,,,,,,,,,,,,,,,,,,,,,,,,,,,,,,,,,,,,,,,,,,,,,,,,,
,,,,,274830,001,2024-05-21_14h20.14.035,AXB:2AFC Experiments (16.05.2024),2024.1.3,MacIntel,60.24096386,,,,,,,,,,,,,,,,,,,,220.466,226.2314,1,5.7603,,,,,,AXBstimuli/yuustimulus.wav,First,,,,,,2,3,11,2,1,,,,,,,,,,,,,,,,,,,,,,,,,,,,,,,,,,,,,,,,,,,,,,,,,,,,,,,,,,,,,,,,,,,,,,,,,,,,,,,,,,,,,,,,,,,,,,,,,,,,,,,,,,,,,,,,,,,,,,,,,,,,,,,,,,,,,,,,,,,
,,,,,274830,001,2024-05-21_14h20.14.035,AXB:2AFC Experiments (16.05.2024),2024.1.3,MacIntel,60.24096386,,,,,,,,,,,,,,,,,,,,,,,,,,,,,,,,,,,,,,,,,226.2329,232.4643,,,space,6.2103,,,,,,,,,,,,,,,,,,,,,,,,,,,,,,,,,,,,,,,,,,,,,,,,,,,,,,,,,,,,,,,,,,,,,,,,,,,,,,,,,,,,,,,,,,,,,,,,,,,,,,,,,,,,,,,,,,,,,,,,,,,,,,,,,,,,,
,,,,,274830,001,2024-05-21_14h20.14.035,AXB:2AFC Experiments (16.05.2024),2024.1.3,MacIntel,60.24096386,,,,,,,,,,,,,,,,,,,,232.4778,236.847,1,4.3582,,,,,,AXBstimuli/iyystimulus.wav,First,,,,,,,,,,,,,,,,,,0,0,0,1,1,,,,,,,,,,,,,,,,,,,,,,,,,,,,,,,,,,,,,,,,,,,,,,,,,,,,,,,,,,,,,,,,,,,,,,,,,,,,,,,,,,,,,,,,,,,,,,,,,,,,,,,,,,,,,,,,,,,,,,,,,,,,,,,
,,,,,274830,001,2024-05-21_14h20.14.035,AXB:2AFC Experiments (16.05.2024),2024.1.3,MacIntel,60.24096386,,,,,,,,,,,,,,,,,,,,236.8476,240.58,1,3.72,,,,,,AXBstimuli/yuustimulus.wav,First,,,,,,,,,,,,,,,,,,0,1,1,2,1,,,,,,,,,,,,,,,,,,,,,,,,,,,,,,,,,,,,,,,,,,,,,,,,,,,,,,,,,,,,,,,,,,,,,,,,,,,,,,,,,,,,,,,,,,,,,,,,,,,,,,,,,,,,,,,,,,,,,,,,,,,,,,,
,,,,,274830,001,2024-05-21_14h20.14.035,AXB:2AFC Experiments (16.05.2024),2024.1.3,MacIntel,60.24096386,,,,,,,,,,,,,,,,,,,,240.5802,243.7971,2,3.2049,,,,,,AXBstimuli/iiystimulus.wav,Last,,,,,,,,,,,,,,,,,,0,2,2,0,1,,,,,,,,,,,,,,,,,,,,,,,,,,,,,,,,,,,,,,,,,,,,,,,,,,,,,,,,,,,,,,,,,,,,,,,,,,,,,,,,,,,,,,,,,,,,,,,,,,,,,,,,,,,,,,,,,,,,,,,,,,,,,,,
,,,,,274830,001,2024-05-21_14h20.14.035,AXB:2AFC Experiments (16.05.2024),2024.1.3,MacIntel,60.24096386,,,,,,,,,,,,,,,,,,,,243.7975,248.3138,2,4.5035,,,,,,AXBstimuli/yyustimulus.wav,Last,,,,,,,,,,,,,,,,,,0,3,3,3,1,,,,,,,,,,,,,,,,,,,,,,,,,,,,,,,,,,,,,,,,,,,,,,,,,,,,,,,,,,,,,,,,,,,,,,,,,,,,,,,,,,,,,,,,,,,,,,,,,,,,,,,,,,,,,,,,,,,,,,,,,,,,,,,
,,,,,274830,001,2024-05-21_14h20.14.035,AXB:2AFC Experiments (16.05.2024),2024.1.3,MacIntel,60.24096386,,,,,,,,,,,,,,,,,,,,248.3142,252.5472,1,4.2267,,,,,,AXBstimuli/yuustimulus.wav,First,,,,,,,,,,,,,,,,,,1,0,4,2,1,,,,,,,,,,,,,,,,,,,,,,,,,,,,,,,,,,,,,,,,,,,,,,,,,,,,,,,,,,,,,,,,,,,,,,,,,,,,,,,,,,,,,,,,,,,,,,,,,,,,,,,,,,,,,,,,,,,,,,,,,,,,,,,
,,,,,274830,001,2024-05-21_14h20.14.035,AXB:2AFC Experiments (16.05.2024),2024.1.3,MacIntel,60.24096386,,,,,,,,,,,,,,,,,,,,252.5474,255.6454,1,3.0916,,,,,,AXBstimuli/iyystimulus.wav,First,,,,,,,,,,,,,,,,,,1,1,5,1,1,,,,,,,,,,,,,,,,,,,,,,,,,,,,,,,,,,,,,,,,,,,,,,,,,,,,,,,,,,,,,,,,,,,,,,,,,,,,,,,,,,,,,,,,,,,,,,,,,,,,,,,,,,,,,,,,,,,,,,,,,,,,,,,
,,,,,274830,001,2024-05-21_14h20.14.035,AXB:2AFC Experiments (16.05.2024),2024.1.3,MacIntel,60.24096386,,,,,,,,,,,,,,,,,,,,255.6456,258.8302,2,3.171,,,,,,AXBstimuli/iiystimulus.wav,Last,,,,,,,,,,,,,,,,,,1,2,6,0,1,,,,,,,,,,,,,,,,,,,,,,,,,,,,,,,,,,,,,,,,,,,,,,,,,,,,,,,,,,,,,,,,,,,,,,,,,,,,,,,,,,,,,,,,,,,,,,,,,,,,,,,,,,,,,,,,,,,,,,,,,,,,,,,
,,,,,274830,001,2024-05-21_14h20.14.035,AXB:2AFC Experiments (16.05.2024),2024.1.3,MacIntel,60.24096386,,,,,,,,,,,,,,,,,,,,258.8303,262.4102,2,3.5786,,,,,,AXBstimuli/yyustimulus.wav,Last,,,,,,,,,,,,,,,,,,1,3,7,3,1,,,,,,,,,,,,,,,,,,,,,,,,,,,,,,,,,,,,,,,,,,,,,,,,,,,,,,,,,,,,,,,,,,,,,,,,,,,,,,,,,,,,,,,,,,,,,,,,,,,,,,,,,,,,,,,,,,,,,,,,,,,,,,,
,,,,,274830,001,2024-05-21_14h20.14.035,AXB:2AFC Experiments (16.05.2024),2024.1.3,MacIntel,60.24096386,,,,,,,,,,,,,,,,,,,,,,,,,,,,,,,262.4115,283.0134,space,20.59,,,,,,,,,,,,,,,,,,,,,,,,,,,,,,,,,,,,,,,,,,,,,,,,,,,,,,,,,,,,,,,,,,,,,,,,,,,,,,,,,,,,,,,,,,,,,,,,,,,,,,,,,,,,,,,,,,,,,,,,,,,,,,,,,,,,,,,,,,,,,,,,,
,,,,,274830,001,2024-05-21_14h20.14.035,AXB:2AFC Experiments (16.05.2024),2024.1.3,MacIntel,60.24096386,,,,,,,,,,,,,,,,,,,,283.028,286.4782,1,3.445,,,,,,AXBstimuli/yuustimulus.wav,First,,,,,,,,,,,,,,,,,,,,,,,0,0,0,2,1,,,,,,,,,,,,,,,,,,,,,,,,,,,,,,,,,,,,,,,,,,,,,,,,,,,,,,,,,,,,,,,,,,,,,,,,,,,,,,,,,,,,,,,,,,,,,,,,,,,,,,,,,,,,,,,,,,,,,,,,,,
,,,,,274830,001,2024-05-21_14h20.14.035,AXB:2AFC Experiments (16.05.2024),2024.1.3,MacIntel,60.24096386,,,,,,,,,,,,,,,,,,,,286.4786,290.8282,1,4.3409,,,,,,AXBstimuli/iyystimulus.wav,First,,,,,,,,,,,,,,,,,,,,,,,0,1,1,1,1,,,,,,,,,,,,,,,,,,,,,,,,,,,,,,,,,,,,,,,,,,,,,,,,,,,,,,,,,,,,,,,,,,,,,,,,,,,,,,,,,,,,,,,,,,,,,,,,,,,,,,,,,,,,,,,,,,,,,,,,,,
,,,,,274830,001,2024-05-21_14h20.14.035,AXB:2AFC Experiments (16.05.2024),2024.1.3,MacIntel,60.24096386,,,,,,,,,,,,,,,,,,,,290.8286,294.4796,2,3.6389,,,,,,AXBstimuli/yyustimulus.wav,Last,,,,,,,,,,,,,,,,,,,,,,,0,2,2,3,1,,,,,,,,,,,,,,,,,,,,,,,,,,,,,,,,,,,,,,,,,,,,,,,,,,,,,,,,,,,,,,,,,,,,,,,,,,,,,,,,,,,,,,,,,,,,,,,,,,,,,,,,,,,,,,,,,,,,,,,,,,
,,,,,274830,001,2024-05-21_14h20.14.035,AXB:2AFC Experiments (16.05.2024),2024.1.3,MacIntel,60.24096386,,,,,,,,,,,,,,,,,,,,294.4798,299.995,2,5.504,,,,,,AXBstimuli/iiystimulus.wav,Last,,,,,,,,,,,,,,,,,,,,,,,0,3,3,0,1,,,,,,,,,,,,,,,,,,,,,,,,,,,,,,,,,,,,,,,,,,,,,,,,,,,,,,,,,,,,,,,,,,,,,,,,,,,,,,,,,,,,,,,,,,,,,,,,,,,,,,,,,,,,,,,,,,,,,,,,,,
,,,,,274830,001,2024-05-21_14h20.14.035,AXB:2AFC Experiments (16.05.2024),2024.1.3,MacIntel,60.24096386,,,,,,,,,,,,,,,,,,,,299.9953,304.0451,1,4.044,,,,,,AXBstimuli/iyystimulus.wav,First,,,,,,,,,,,,,,,,,,,,,,,1,0,4,1,1,,,,,,,,,,,,,,,,,,,,,,,,,,,,,,,,,,,,,,,,,,,,,,,,,,,,,,,,,,,,,,,,,,,,,,,,,,,,,,,,,,,,,,,,,,,,,,,,,,,,,,,,,,,,,,,,,,,,,,,,,,
,,,,,274830,001,2024-05-21_14h20.14.035,AXB:2AFC Experiments (16.05.2024),2024.1.3,MacIntel,60.24096386,,,,,,,,,,,,,,,,,,,,304.0453,308.3423,2,4.2892,,,,,,AXBstimuli/yyustimulus.wav,Last,,,,,,,,,,,,,,,,,,,,,,,1,1,5,3,1,,,,,,,,,,,,,,,,,,,,,,,,,,,,,,,,,,,,,,,,,,,,,,,,,,,,,,,,,,,,,,,,,,,,,,,,,,,,,,,,,,,,,,,,,,,,,,,,,,,,,,,,,,,,,,,,,,,,,,,,,,
,,,,,274830,001,2024-05-21_14h20.14.035,AXB:2AFC Experiments (16.05.2024),2024.1.3,MacIntel,60.24096386,,,,,,,,,,,,,,,,,,,,308.3426,312.9782,1,4.6214,,,,,,AXBstimuli/yuustimulus.wav,First,,,,,,,,,,,,,,,,,,,,,,,1,2,6,2,1,,,,,,,,,,,,,,,,,,,,,,,,,,,,,,,,,,,,,,,,,,,,,,,,,,,,,,,,,,,,,,,,,,,,,,,,,,,,,,,,,,,,,,,,,,,,,,,,,,,,,,,,,,,,,,,,,,,,,,,,,,
,,,,,274830,001,2024-05-21_14h20.14.035,AXB:2AFC Experiments (16.05.2024),2024.1.3,MacIntel,60.24096386,,,,,,,,,,,,,,,,,,,,312.9785,316.909,2,3.9218,,,,,,AXBstimuli/iiystimulus.wav,Last,,,,,,,,,,,,,,,,,,,,,,,1,3,7,0,1,,,,,,,,,,,,,,,,,,,,,,,,,,,,,,,,,,,,,,,,,,,,,,,,,,,,,,,,,,,,,,,,,,,,,,,,,,,,,,,,,,,,,,,,,,,,,,,,,,,,,,,,,,,,,,,,,,,,,,,,,,
,,,,,274830,001,2024-05-21_14h20.14.035,AXB:2AFC Experiments (16.05.2024),2024.1.3,MacIntel,60.24096386,,,,,,,,,,,,,,,,,,,,316.9092,320.3434,2,3.4241,,,,,,AXBstimuli/iiystimulus.wav,Last,,,,,,,,,,,,,,,,,,,,,,,2,0,8,0,1,,,,,,,,,,,,,,,,,,,,,,,,,,,,,,,,,,,,,,,,,,,,,,,,,,,,,,,,,,,,,,,,,,,,,,,,,,,,,,,,,,,,,,,,,,,,,,,,,,,,,,,,,,,,,,,,,,,,,,,,,,
,,,,,274830,001,2024-05-21_14h20.14.035,AXB:2AFC Experiments (16.05.2024),2024.1.3,MacIntel,60.24096386,,,,,,,,,,,,,,,,,,,,320.3436,323.8605,1,3.5118,,,,,,AXBstimuli/yuustimulus.wav,First,,,,,,,,,,,,,,,,,,,,,,,2,1,9,2,1,,,,,,,,,,,,,,,,,,,,,,,,,,,,,,,,,,,,,,,,,,,,,,,,,,,,,,,,,,,,,,,,,,,,,,,,,,,,,,,,,,,,,,,,,,,,,,,,,,,,,,,,,,,,,,,,,,,,,,,,,,
,,,,,274830,001,2024-05-21_14h20.14.035,AXB:2AFC Experiments (16.05.2024),2024.1.3,MacIntel,60.24096386,,,,,,,,,,,,,,,,,,,,323.8608,327.3449,2,3.4721,,,,,,AXBstimuli/yyustimulus.wav,Last,,,,,,,,,,,,,,,,,,,,,,,2,2,10,3,1,,,,,,,,,,,,,,,,,,,,,,,,,,,,,,,,,,,,,,,,,,,,,,,,,,,,,,,,,,,,,,,,,,,,,,,,,,,,,,,,,,,,,,,,,,,,,,,,,,,,,,,,,,,,,,,,,,,,,,,,,,
,,,,,274830,001,2024-05-21_14h20.14.035,AXB:2AFC Experiments (16.05.2024),2024.1.3,MacIntel,60.24096386,,,,,,,,,,,,,,,,,,,,327.3452,330.6442,1,3.2862,,,,,,AXBstimuli/iyystimulus.wav,First,,,,,,,,,,,,,,,,,,,,,,,2,3,11,1,1,,,,,,,,,,,,,,,,,,,,,,,,,,,,,,,,,,,,,,,,,,,,,,,,,,,,,,,,,,,,,,,,,,,,,,,,,,,,,,,,,,,,,,,,,,,,,,,,,,,,,,,,,,,,,,,,,,,,,,,,,,
,,,,,274830,001,2024-05-21_14h20.14.035,AXB:2AFC Experiments (16.05.2024),2024.1.3,MacIntel,60.24096386,,,,,,,,,,,,,,,,,,,,330.6444,335.8091,2,5.1544,,,,,,AXBstimuli/yyustimulus.wav,Last,,,,,,,,,,,,,,,,,,,,,,,3,0,12,3,1,,,,,,,,,,,,,,,,,,,,,,,,,,,,,,,,,,,,,,,,,,,,,,,,,,,,,,,,,,,,,,,,,,,,,,,,,,,,,,,,,,,,,,,,,,,,,,,,,,,,,,,,,,,,,,,,,,,,,,,,,,
,,,,,274830,001,2024-05-21_14h20.14.035,AXB:2AFC Experiments (16.05.2024),2024.1.3,MacIntel,60.24096386,,,,,,,,,,,,,,,,,,,,335.8093,339.6941,1,3.8809,,,,,,AXBstimuli/iyystimulus.wav,First,,,,,,,,,,,,,,,,,,,,,,,3,1,13,1,1,,,,,,,,,,,,,,,,,,,,,,,,,,,,,,,,,,,,,,,,,,,,,,,,,,,,,,,,,,,,,,,,,,,,,,,,,,,,,,,,,,,,,,,,,,,,,,,,,,,,,,,,,,,,,,,,,,,,,,,,,,
,,,,,274830,001,2024-05-21_14h20.14.035,AXB:2AFC Experiments (16.05.2024),2024.1.3,MacIntel,60.24096386,,,,,,,,,,,,,,,,,,,,339.6944,343.0595,2,3.3587,,,,,,AXBstimuli/iiystimulus.wav,Last,,,,,,,,,,,,,,,,,,,,,,,3,2,14,0,1,,,,,,,,,,,,,,,,,,,,,,,,,,,,,,,,,,,,,,,,,,,,,,,,,,,,,,,,,,,,,,,,,,,,,,,,,,,,,,,,,,,,,,,,,,,,,,,,,,,,,,,,,,,,,,,,,,,,,,,,,,
,,,,,274830,001,2024-05-21_14h20.14.035,AXB:2AFC Experiments (16.05.2024),2024.1.3,MacIntel,60.24096386,,,,,,,,,,,,,,,,,,,,343.0598,347.5765,1,4.5076,,,,,,AXBstimuli/yuustimulus.wav,First,,,,,,,,,,,,,,,,,,,,,,,3,3,15,2,1,,,,,,,,,,,,,,,,,,,,,,,,,,,,,,,,,,,,,,,,,,,,,,,,,,,,,,,,,,,,,,,,,,,,,,,,,,,,,,,,,,,,,,,,,,,,,,,,,,,,,,,,,,,,,,,,,,,,,,,,,,
,,,,,274830,001,2024-05-21_14h20.14.035,AXB:2AFC Experiments (16.05.2024),2024.1.3,MacIntel,60.24096386,,,,,,,,,,,,,,,,,,,,,,,,,,,,,,,,,,,,,,,,,,,,,,,,,,,,,,,,,,347.5771,352.5187,,0,[352.5385],[352.5385],,,,,,,,,,,,,,,,,,,,,,,,,,,,,,,,,,,,,,,,,,,,,,,,,,,,,,,,,,,,,,,,,,,,,,,,,,,,,,,,,,,,,,,,,,,,,,,,,,,,,,,,,,,,,,,,,,,,
,,,,,274830,001,2024-05-21_14h20.14.035,AXB:2AFC Experiments (16.05.2024),2024.1.3,MacIntel,60.24096386,,,,,,,,,,,,,,,,,,,,352.5218,356.3095,1,3.7777,,,,,,AXBstimuli/yuustimulus.wav,First,,,,,,,,,,,,,,,,,,,,,,,,,,,,,,,,,,0,0,0,2,1,,,,,,,,,,,,,,,,,,,,,,,,,,,,,,,,,,,,,,,,,,,,,,,,,,,,,,,,,,,,,,,,,,,,,,,,,,,,,,,,,,,,,,,,,,,,,,,,,,,,,,,,,,,,,,,
,,,,,274830,001,2024-05-21_14h20.14.035,AXB:2AFC Experiments (16.05.2024),2024.1.3,MacIntel,60.24096386,,,,,,,,,,,,,,,,,,,,356.31,360.7575,1,4.4372,,,,,,AXBstimuli/iyystimulus.wav,First,,,,,,,,,,,,,,,,,,,,,,,,,,,,,,,,,,0,1,1,1,1,,,,,,,,,,,,,,,,,,,,,,,,,,,,,,,,,,,,,,,,,,,,,,,,,,,,,,,,,,,,,,,,,,,,,,,,,,,,,,,,,,,,,,,,,,,,,,,,,,,,,,,,,,,,,,,
,,,,,274830,001,2024-05-21_14h20.14.035,AXB:2AFC Experiments (16.05.2024),2024.1.3,MacIntel,60.24096386,,,,,,,,,,,,,,,,,,,,360.7578,364.1759,2,3.415,,,,,,AXBstimuli/yyustimulus.wav,Last,,,,,,,,,,,,,,,,,,,,,,,,,,,,,,,,,,0,2,2,3,1,,,,,,,,,,,,,,,,,,,,,,,,,,,,,,,,,,,,,,,,,,,,,,,,,,,,,,,,,,,,,,,,,,,,,,,,,,,,,,,,,,,,,,,,,,,,,,,,,,,,,,,,,,,,,,,
,,,,,274830,001,2024-05-21_14h20.14.035,AXB:2AFC Experiments (16.05.2024),2024.1.3,MacIntel,60.24096386,,,,,,,,,,,,,,,,,,,,364.1762,369.0926,2,4.9053,,,,,,AXBstimuli/iiystimulus.wav,Last,,,,,,,,,,,,,,,,,,,,,,,,,,,,,,,,,,0,3,3,0,1,,,,,,,,,,,,,,,,,,,,,,,,,,,,,,,,,,,,,,,,,,,,,,,,,,,,,,,,,,,,,,,,,,,,,,,,,,,,,,,,,,,,,,,,,,,,,,,,,,,,,,,,,,,,,,,
,,,,,274830,001,2024-05-21_14h20.14.035,AXB:2AFC Experiments (16.05.2024),2024.1.3,MacIntel,60.24096386,,,,,,,,,,,,,,,,,,,,,,,,,,,,,,,369.0929,383.9227,space,14.8154,,,,,,,,,,,,,,,,,,,,,,,,,,,,,,,,,,,,,,,,,,,,,,,,,,,,,,,,,,,,,,,,,,,,,,,,,,,,,,,,,,,,,,,,,,,,,,,,,,,,,,,,,,,,,,,,,,,,,,,,,,,,,,,,,,,,,,,,,,,,,,,,,
,,,,,274830,001,2024-05-21_14h20.14.035,AXB:2AFC Experiments (16.05.2024),2024.1.3,MacIntel,60.24096386,,,,,,,,,,,,,,,,,,,,383.9346,387.0923,1,3.1495,,,,,,AXBstimuli/iyystimulus.wav,First,,,,,,,,,,,,,,,,,,,,,,,,,,,,,,,,,,,,,,,0,0,0,1,1,,,,,,,,,,,,,,,,,,,,,,,,,,,,,,,,,,,,,,,,,,,,,,,,,,,,,,,,,,,,,,,,,,,,,,,,,,,,,,,,,,,,,,,,,,,,,,,,,,,,,,,,,,
,,,,,274830,001,2024-05-21_14h20.14.035,AXB:2AFC Experiments (16.05.2024),2024.1.3,MacIntel,60.24096386,,,,,,,,,,,,,,,,,,,,387.0928,390.1256,2,3.0191,,,,,,AXBstimuli/iiystimulus.wav,Last,,,,,,,,,,,,,,,,,,,,,,,,,,,,,,,,,,,,,,,0,1,1,0,1,,,,,,,,,,,,,,,,,,,,,,,,,,,,,,,,,,,,,,,,,,,,,,,,,,,,,,,,,,,,,,,,,,,,,,,,,,,,,,,,,,,,,,,,,,,,,,,,,,,,,,,,,,
,,,,,274830,001,2024-05-21_14h20.14.035,AXB:2AFC Experiments (16.05.2024),2024.1.3,MacIntel,60.24096386,,,,,,,,,,,,,,,,,,,,390.1259,393.4576,2,3.3239,,,,,,AXBstimuli/yyustimulus.wav,Last,,,,,,,,,,,,,,,,,,,,,,,,,,,,,,,,,,,,,,,0,2,2,3,1,,,,,,,,,,,,,,,,,,,,,,,,,,,,,,,,,,,,,,,,,,,,,,,,,,,,,,,,,,,,,,,,,,,,,,,,,,,,,,,,,,,,,,,,,,,,,,,,,,,,,,,,,,
,,,,,274830,001,2024-05-21_14h20.14.035,AXB:2AFC Experiments (16.05.2024),2024.1.3,MacIntel,60.24096386,,,,,,,,,,,,,,,,,,,,393.4579,396.6575,1,3.1946,,,,,,AXBstimuli/yuustimulus.wav,First,,,,,,,,,,,,,,,,,,,,,,,,,,,,,,,,,,,,,,,0,3,3,2,1,,,,,,,,,,,,,,,,,,,,,,,,,,,,,,,,,,,,,,,,,,,,,,,,,,,,,,,,,,,,,,,,,,,,,,,,,,,,,,,,,,,,,,,,,,,,,,,,,,,,,,,,,,
,,,,,274830,001,2024-05-21_14h20.14.035,AXB:2AFC Experiments (16.05.2024),2024.1.3,MacIntel,60.24096386,,,,,,,,,,,,,,,,,,,,396.6576,399.6421,2,2.9791,,,,,,AXBstimuli/iiystimulus.wav,Last,,,,,,,,,,,,,,,,,,,,,,,,,,,,,,,,,,,,,,,1,0,4,0,1,,,,,,,,,,,,,,,,,,,,,,,,,,,,,,,,,,,,,,,,,,,,,,,,,,,,,,,,,,,,,,,,,,,,,,,,,,,,,,,,,,,,,,,,,,,,,,,,,,,,,,,,,,
,,,,,274830,001,2024-05-21_14h20.14.035,AXB:2AFC Experiments (16.05.2024),2024.1.3,MacIntel,60.24096386,,,,,,,,,,,,,,,,,,,,399.6423,403.1731,1,3.5269,,,,,,AXBstimuli/iyystimulus.wav,First,,,,,,,,,,,,,,,,,,,,,,,,,,,,,,,,,,,,,,,1,1,5,1,1,,,,,,,,,,,,,,,,,,,,,,,,,,,,,,,,,,,,,,,,,,,,,,,,,,,,,,,,,,,,,,,,,,,,,,,,,,,,,,,,,,,,,,,,,,,,,,,,,,,,,,,,,,
,,,,,274830,001,2024-05-21_14h20.14.035,AXB:2AFC Experiments (16.05.2024),2024.1.3,MacIntel,60.24096386,,,,,,,,,,,,,,,,,,,,403.1733,406.5242,1,3.3398,,,,,,AXBstimuli/yuustimulus.wav,First,,,,,,,,,,,,,,,,,,,,,,,,,,,,,,,,,,,,,,,1,2,6,2,1,,,,,,,,,,,,,,,,,,,,,,,,,,,,,,,,,,,,,,,,,,,,,,,,,,,,,,,,,,,,,,,,,,,,,,,,,,,,,,,,,,,,,,,,,,,,,,,,,,,,,,,,,,
,,,,,274830,001,2024-05-21_14h20.14.035,AXB:2AFC Experiments (16.05.2024),2024.1.3,MacIntel,60.24096386,,,,,,,,,,,,,,,,,,,,406.5245,409.7907,2,3.2632,,,,,,AXBstimuli/yyustimulus.wav,Last,,,,,,,,,,,,,,,,,,,,,,,,,,,,,,,,,,,,,,,1,3,7,3,1,,,,,,,,,,,,,,,,,,,,,,,,,,,,,,,,,,,,,,,,,,,,,,,,,,,,,,,,,,,,,,,,,,,,,,,,,,,,,,,,,,,,,,,,,,,,,,,,,,,,,,,,,,
,,,,,274830,001,2024-05-21_14h20.14.035,AXB:2AFC Experiments (16.05.2024),2024.1.3,MacIntel,60.24096386,,,,,,,,,,,,,,,,,,,,,,,,,,,,,,,,,,,,,,,,,,,,,,,,,,,,,,,,,,,,,,,,,,,,,,,,,,409.7912,427.8236,1,18.0241,,,,,,,,,,,,,,,,,,,,,,,,,,,,,,,,,,,,,,,,,,,,,,,,,,,,,,,,,,,,,,,,,,,,,,,,,,,,,,,,,,,,,,,,,,,,,,,,,,,,,,
,,,,,274830,001,2024-05-21_14h20.14.035,AXB:2AFC Experiments (16.05.2024),2024.1.3,MacIntel,60.24096386,,,,,,,,,,,,,,,,,,,,427.8268,436.021,1,8.1895,,,,,,AXBstimuli/iiystimulus.wav,Last,,,,,,,,,,,,,,,,,,,,,,,,,,,,,,,,,,,,,,,,,,,,,,,,0,0,0,0,1,,,,,,,,,,,,,,,,,,,,,,,,,,,,,,,,,,,,,,,,,,,,,,,,,,,,,,,,,,,,,,,,,,,,,,,,,,,,,,,,,,,,,,,,,,,,,,,,,
,,,,,274830,001,2024-05-21_14h20.14.035,AXB:2AFC Experiments (16.05.2024),2024.1.3,MacIntel,60.24096386,,,,,,,,,,,,,,,,,,,,436.0216,440.7898,2,4.7671,,,,,,AXBstimuli/yyustimulus.wav,Last,,,,,,,,,,,,,,,,,,,,,,,,,,,,,,,,,,,,,,,,,,,,,,,,0,1,1,3,1,,,,,,,,,,,,,,,,,,,,,,,,,,,,,,,,,,,,,,,,,,,,,,,,,,,,,,,,,,,,,,,,,,,,,,,,,,,,,,,,,,,,,,,,,,,,,,,,,
,,,,,274830,001,2024-05-21_14h20.14.035,AXB:2AFC Experiments (16.05.2024),2024.1.3,MacIntel,60.24096386,,,,,,,,,,,,,,,,,,,,440.79,444.2728,1,3.4686,,,,,,AXBstimuli/iyystimulus.wav,First,,,,,,,,,,,,,,,,,,,,,,,,,,,,,,,,,,,,,,,,,,,,,,,,0,2,2,1,1,,,,,,,,,,,,,,,,,,,,,,,,,,,,,,,,,,,,,,,,,,,,,,,,,,,,,,,,,,,,,,,,,,,,,,,,,,,,,,,,,,,,,,,,,,,,,,,,,
,,,,,274830,001,2024-05-21_14h20.14.035,AXB:2AFC Experiments (16.05.2024),2024.1.3,MacIntel,60.24096386,,,,,,,,,,,,,,,,,,,,444.273,447.5712,1,3.2949,,,,,,AXBstimuli/yuustimulus.wav,First,,,,,,,,,,,,,,,,,,,,,,,,,,,,,,,,,,,,,,,,,,,,,,,,0,3,3,2,1,,,,,,,,,,,,,,,,,,,,,,,,,,,,,,,,,,,,,,,,,,,,,,,,,,,,,,,,,,,,,,,,,,,,,,,,,,,,,,,,,,,,,,,,,,,,,,,,,
,,,,,274830,001,2024-05-21_14h20.14.035,AXB:2AFC Experiments (16.05.2024),2024.1.3,MacIntel,60.24096386,,,,,,,,,,,,,,,,,,,,447.5715,450.673,1,3.0879,,,,,,AXBstimuli/yuustimulus.wav,First,,,,,,,,,,,,,,,,,,,,,,,,,,,,,,,,,,,,,,,,,,,,,,,,1,0,4,2,1,,,,,,,,,,,,,,,,,,,,,,,,,,,,,,,,,,,,,,,,,,,,,,,,,,,,,,,,,,,,,,,,,,,,,,,,,,,,,,,,,,,,,,,,,,,,,,,,,
,,,,,274830,001,2024-05-21_14h20.14.035,AXB:2AFC Experiments (16.05.2024),2024.1.3,MacIntel,60.24096386,,,,,,,,,,,,,,,,,,,,450.6732,453.9209,2,3.2364,,,,,,AXBstimuli/iiystimulus.wav,Last,,,,,,,,,,,,,,,,,,,,,,,,,,,,,,,,,,,,,,,,,,,,,,,,1,1,5,0,1,,,,,,,,,,,,,,,,,,,,,,,,,,,,,,,,,,,,,,,,,,,,,,,,,,,,,,,,,,,,,,,,,,,,,,,,,,,,,,,,,,,,,,,,,,,,,,,,,
,,,,,274830,001,2024-05-21_14h20.14.035,AXB:2AFC Experiments (16.05.2024),2024.1.3,MacIntel,60.24096386,,,,,,,,,,,,,,,,,,,,453.9212,458.2227,1,4.2978,,,,,,AXBstimuli/yyustimulus.wav,Last,,,,,,,,,,,,,,,,,,,,,,,,,,,,,,,,,,,,,,,,,,,,,,,,1,2,6,3,1,,,,,,,,,,,,,,,,,,,,,,,,,,,,,,,,,,,,,,,,,,,,,,,,,,,,,,,,,,,,,,,,,,,,,,,,,,,,,,,,,,,,,,,,,,,,,,,,,
,,,,,274830,001,2024-05-21_14h20.14.035,AXB:2AFC Experiments (16.05.2024),2024.1.3,MacIntel,60.24096386,,,,,,,,,,,,,,,,,,,,458.2229,461.9723,1,3.737,,,,,,AXBstimuli/iyystimulus.wav,First,,,,,,,,,,,,,,,,,,,,,,,,,,,,,,,,,,,,,,,,,,,,,,,,1,3,7,1,1,,,,,,,,,,,,,,,,,,,,,,,,,,,,,,,,,,,,,,,,,,,,,,,,,,,,,,,,,,,,,,,,,,,,,,,,,,,,,,,,,,,,,,,,,,,,,,,,,
,,,,,274830,001,2024-05-21_14h20.14.035,AXB:2AFC Experiments (16.05.2024),2024.1.3,MacIntel,60.24096386,,,,,,,,,,,,,,,,,,,,461.9726,465.1561,2,3.1768,,,,,,AXBstimuli/yyustimulus.wav,Last,,,,,,,,,,,,,,,,,,,,,,,,,,,,,,,,,,,,,,,,,,,,,,,,2,0,8,3,1,,,,,,,,,,,,,,,,,,,,,,,,,,,,,,,,,,,,,,,,,,,,,,,,,,,,,,,,,,,,,,,,,,,,,,,,,,,,,,,,,,,,,,,,,,,,,,,,,
,,,,,274830,001,2024-05-21_14h20.14.035,AXB:2AFC Experiments (16.05.2024),2024.1.3,MacIntel,60.24096386,,,,,,,,,,,,,,,,,,,,465.1563,468.3523,1,3.1943,,,,,,AXBstimuli/iyystimulus.wav,First,,,,,,,,,,,,,,,,,,,,,,,,,,,,,,,,,,,,,,,,,,,,,,,,2,1,9,1,1,,,,,,,,,,,,,,,,,,,,,,,,,,,,,,,,,,,,,,,,,,,,,,,,,,,,,,,,,,,,,,,,,,,,,,,,,,,,,,,,,,,,,,,,,,,,,,,,,
,,,,,274830,001,2024-05-21_14h20.14.035,AXB:2AFC Experiments (16.05.2024),2024.1.3,MacIntel,60.24096386,,,,,,,,,,,,,,,,,,,,468.3525,472.0366,1,3.6803,,,,,,AXBstimuli/yuustimulus.wav,First,,,,,,,,,,,,,,,,,,,,,,,,,,,,,,,,,,,,,,,,,,,,,,,,2,2,10,2,1,,,,,,,,,,,,,,,,,,,,,,,,,,,,,,,,,,,,,,,,,,,,,,,,,,,,,,,,,,,,,,,,,,,,,,,,,,,,,,,,,,,,,,,,,,,,,,,,,
,,,,,274830,001,2024-05-21_14h20.14.035,AXB:2AFC Experiments (16.05.2024),2024.1.3,MacIntel,60.24096386,,,,,,,,,,,,,,,,,,,,472.0368,475.6553,2,3.6129,,,,,,AXBstimuli/iiystimulus.wav,Last,,,,,,,,,,,,,,,,,,,,,,,,,,,,,,,,,,,,,,,,,,,,,,,,2,3,11,0,1,,,,,,,,,,,,,,,,,,,,,,,,,,,,,,,,,,,,,,,,,,,,,,,,,,,,,,,,,,,,,,,,,,,,,,,,,,,,,,,,,,,,,,,,,,,,,,,,,
,,,,,274830,001,2024-05-21_14h20.14.035,AXB:2AFC Experiments (16.05.2024),2024.1.3,MacIntel,60.24096386,,,,,,,,,,,,,,,,,,,,,,,,,,,,,,,,,,,,,,,,,,,,,,,,,,,,,,,,,,,,,,,,,,,,,,,,,,,,,,,,,,,475.6559,527.6716,space,51.993,,,,,,,,,,,,,,,,,,,,,,,,,,,,,,,,,,,,,,,,,,,,,,,,,,,,,,,,,,,,,,,,,,,,,,,,,,,,,,,,,,,,,,,,,,,,,
,,,,,274830,001,2024-05-21_14h20.14.035,AXB:2AFC Experiments (16.05.2024),2024.1.3,MacIntel,60.24096386,,,,,,,,,,,,,,,,,,,,,,,,,,,,,,,,,,,,,,,,,,,,,,,,,,,,,,,,,,,,,,,,,,,,,,,,,,,,,,,,,,,,,,,,527.6924,531.0348,1,3.3341,0,0,0,2,1,TAFCstimuli01/nimnym003.wav,,,,,,,,,,,,,,,,,,,,,,,,,,,,,,,,,,,,,,,,,,,,,,,,,,,,,,,,,,,,,,,,,,,,,,,,,,,,,,,,,,
,,,,,274830,001,2024-05-21_14h20.14.035,AXB:2AFC Experiments (16.05.2024),2024.1.3,MacIntel,60.24096386,,,,,,,,,,,,,,,,,,,,,,,,,,,,,,,,,,,,,,,,,,,,,,,,,,,,,,,,,,,,,,,,,,,,,,,,,,,,,,,,,,,,,,,,531.0352,532.87,1,1.8222,0,1,1,1,1,TAFCstimuli01/nimnym002.wav,,,,,,,,,,,,,,,,,,,,,,,,,,,,,,,,,,,,,,,,,,,,,,,,,,,,,,,,,,,,,,,,,,,,,,,,,,,,,,,,,,
,,,,,274830,001,2024-05-21_14h20.14.035,AXB:2AFC Experiments (16.05.2024),2024.1.3,MacIntel,60.24096386,,,,,,,,,,,,,,,,,,,,,,,,,,,,,,,,,,,,,,,,,,,,,,,,,,,,,,,,,,,,,,,,,,,,,,,,,,,,,,,,,,,,,,,,532.8704,534.5365,1,1.6566,0,2,2,0,1,TAFCstimuli01/nimnym001.wav,,,,,,,,,,,,,,,,,,,,,,,,,,,,,,,,,,,,,,,,,,,,,,,,,,,,,,,,,,,,,,,,,,,,,,,,,,,,,,,,,,
,,,,,274830,001,2024-05-21_14h20.14.035,AXB:2AFC Experiments (16.05.2024),2024.1.3,MacIntel,60.24096386,,,,,,,,,,,,,,,,,,,,,,,,,,,,,,,,,,,,,,,,,,,,,,,,,,,,,,,,,,,,,,,,,,,,,,,,,,,,,,,,,,,,,,,,534.5368,536.2179,1,1.6691,0,3,3,3,1,TAFCstimuli01/nimnym004.wav,,,,,,,,,,,,,,,,,,,,,,,,,,,,,,,,,,,,,,,,,,,,,,,,,,,,,,,,,,,,,,,,,,,,,,,,,,,,,,,,,,
,,,,,274830,001,2024-05-21_14h20.14.035,AXB:2AFC Experiments (16.05.2024),2024.1.3,MacIntel,60.24096386,,,,,,,,,,,,,,,,,,,,,,,,,,,,,,,,,,,,,,,,,,,,,,,,,,,,,,,,,,,,,,,,,,,,,,,,,,,,,,,,,,,,,,,,,,,,,,,,,,536.2185,538.1848,1,1.9652,,,,,,,,,,,,,,,,,,,,,,,,,,,,,,,,,,,,,,,,,,,,,,,,,,,,,,,,,,,,,,,,,,,,,,,,,,,,,,
,,,,,274830,001,2024-05-21_14h20.14.035,AXB:2AFC Experiments (16.05.2024),2024.1.3,MacIntel,60.24096386,,,,,,,,,,,,,,,,,,,,,,,,,,,,,,,,,,,,,,,,,,,,,,,,,,,,,,,,,,,,,,,,,,,,,,,,,,,,,,,,,,,,,,,,,,,,,,,,,,,,,,538.185,551.1859,space,12.9806,,,,,,,,,,,,,,,,,,,,,,,,,,,,,,,,,,,,,,,,,,,,,,,,,,,,,,,,,,,,,,,,,,,,,,,,,,
,,,,,274830,001,2024-05-21_14h20.14.035,AXB:2AFC Experiments (16.05.2024),2024.1.3,MacIntel,60.24096386,,,,,,,,,,,,,,,,,,,,,,,,,,,,,,nym,,,,,,,,,,,,,,,,,,,,,,,,,,,,,,,,,,,,,,,,,,,,,,,,,,,,,,,,,,,,,,,,,,,,,,,,,,,,,551.2,554.3693,2,3.1676,0,0,0,5,1,TAFCstimuli01/nimnym006.wav,,,,,,,,,,,,,,,,,,,,,,,,,,,,,,,,,,,,,,,,,,,,,,,,,,,,,,,,,,,,,,,
,,,,,274830,001,2024-05-21_14h20.14.035,AXB:2AFC Experiments (16.05.2024),2024.1.3,MacIntel,60.24096386,,,,,,,,,,,,,,,,,,,,,,,,,,,,,,nym,,,,,,,,,,,,,,,,,,,,,,,,,,,,,,,,,,,,,,,,,,,,,,,,,,,,,,,,,,,,,,,,,,,,,,,,,,,,,554.3696,557.6183,2,3.248,0,1,1,4,1,TAFCstimuli01/nimnym005.wav,,,,,,,,,,,,,,,,,,,,,,,,,,,,,,,,,,,,,,,,,,,,,,,,,,,,,,,,,,,,,,,
,,,,,274830,001,2024-05-21_14h20.14.035,AXB:2AFC Experiments (16.05.2024),2024.1.3,MacIntel,60.24096386,,,,,,,,,,,,,,,,,,,,,,,,,,,,,,/,,,,,,,,,,,,,,,,,,,,,,,,,,,,,,,,,,,,,,,,,,,,,,,,,,,,,,,,,,,,,,,,,,,,,,,,,,,,,557.6185,559.8357,2,2.2155,0,2,2,3,1,TAFCstimuli01/nimnym004.wav,,,,,,,,,,,,,,,,,,,,,,,,,,,,,,,,,,,,,,,,,,,,,,,,,,,,,,,,,,,,,,,
,,,,,274830,001,2024-05-21_14h20.14.035,AXB:2AFC Experiments (16.05.2024),2024.1.3,MacIntel,60.24096386,,,,,,,,,,,,,,,,,,,,,,,,,,,,,,nim,,,,,,,,,,,,,,,,,,,,,,,,,,,,,,,,,,,,,,,,,,,,,,,,,,,,,,,,,,,,,,,,,,,,,,,,,,,,,559.836,562.8526,1,3.0011,0,3,3,1,1,TAFCstimuli01/nimnym002.wav,,,,,,,,,,,,,,,,,,,,,,,,,,,,,,,,,,,,,,,,,,,,,,,,,,,,,,,,,,,,,,,
,,,,,274830,001,2024-05-21_14h20.14.035,AXB:2AFC Experiments (16.05.2024),2024.1.3,MacIntel,60.24096386,,,,,,,,,,,,,,,,,,,,,,,,,,,,,,nim,,,,,,,,,,,,,,,,,,,,,,,,,,,,,,,,,,,,,,,,,,,,,,,,,,,,,,,,,,,,,,,,,,,,,,,,,,,,,562.8528,564.5859,1,1.7217,0,4,4,2,1,TAFCstimuli01/nimnym003.wav,,,,,,,,,,,,,,,,,,,,,,,,,,,,,,,,,,,,,,,,,,,,,,,,,,,,,,,,,,,,,,,
,,,,,274830,001,2024-05-21_14h20.14.035,AXB:2AFC Experiments (16.05.2024),2024.1.3,MacIntel,60.24096386,,,,,,,,,,,,,,,,,,,,,,,,,,,,,,nim,,,,,,,,,,,,,,,,,,,,,,,,,,,,,,,,,,,,,,,,,,,,,,,,,,,,,,,,,,,,,,,,,,,,,,,,,,,,,564.5862,566.7682,1,2.181,0,5,5,0,1,TAFCstimuli01/nimnym001.wav,,,,,,,,,,,,,,,,,,,,,,,,,,,,,,,,,,,,,,,,,,,,,,,,,,,,,,,,,,,,,,,
,,,,,274830,001,2024-05-21_14h20.14.035,AXB:2AFC Experiments (16.05.2024),2024.1.3,MacIntel,60.24096386,,,,,,,,,,,,,,,,,,,,,,,,,,,,,,nym,,,,,,,,,,,,,,,,,,,,,,,,,,,,,,,,,,,,,,,,,,,,,,,,,,,,,,,,,,,,,,,,,,,,,,,,,,,,,566.7684,569.0181,2,2.2487,0,6,6,6,1,TAFCstimuli01/nimnym007.wav,,,,,,,,,,,,,,,,,,,,,,,,,,,,,,,,,,,,,,,,,,,,,,,,,,,,,,,,,,,,,,,
,,,,,274830,001,2024-05-21_14h20.14.035,AXB:2AFC Experiments (16.05.2024),2024.1.3,MacIntel,60.24096386,,,,,,,,,,,,,,,,,,,,,,,,,,,,,,nym,,,,,,,,,,,,,,,,,,,,,,,,,,,,,,,,,,,,,,,,,,,,,,,,,,,,,,,,,,,,,,,,,,,,,,,,,,,,,569.0183,574.0191,2,4.9838,1,0,7,5,1,TAFCstimuli01/nimnym006.wav,,,,,,,,,,,,,,,,,,,,,,,,,,,,,,,,,,,,,,,,,,,,,,,,,,,,,,,,,,,,,,,
,,,,,274830,001,2024-05-21_14h20.14.035,AXB:2AFC Experiments (16.05.2024),2024.1.3,MacIntel,60.24096386,,,,,,,,,,,,,,,,,,,,,,,,,,,,,,nym,,,,,,,,,,,,,,,,,,,,,,,,,,,,,,,,,,,,,,,,,,,,,,,,,,,,,,,,,,,,,,,,,,,,,,,,,,,,,574.0193,575.702,2,1.6725,1,1,8,4,1,TAFCstimuli01/nimnym005.wav,,,,,,,,,,,,,,,,,,,,,,,,,,,,,,,,,,,,,,,,,,,,,,,,,,,,,,,,,,,,,,,
,,,,,274830,001,2024-05-21_14h20.14.035,AXB:2AFC Experiments (16.05.2024),2024.1.3,MacIntel,60.24096386,,,,,,,,,,,,,,,,,,,,,,,,,,,,,,nim,,,,,,,,,,,,,,,,,,,,,,,,,,,,,,,,,,,,,,,,,,,,,,,,,,,,,,,,,,,,,,,,,,,,,,,,,,,,,575.7023,578.1515,1,2.4339,1,2,9,1,1,TAFCstimuli01/nimnym002.wav,,,,,,,,,,,,,,,,,,,,,,,,,,,,,,,,,,,,,,,,,,,,,,,,,,,,,,,,,,,,,,,
,,,,,274830,001,2024-05-21_14h20.14.035,AXB:2AFC Experiments (16.05.2024),2024.1.3,MacIntel,60.24096386,,,,,,,,,,,,,,,,,,,,,,,,,,,,,,/,,,,,,,,,,,,,,,,,,,,,,,,,,,,,,,,,,,,,,,,,,,,,,,,,,,,,,,,,,,,,,,,,,,,,,,,,,,,,578.1518,580.4164,1,2.2584,1,3,10,3,1,TAFCstimuli01/nimnym004.wav,,,,,,,,,,,,,,,,,,,,,,,,,,,,,,,,,,,,,,,,,,,,,,,,,,,,,,,,,,,,,,,
,,,,,274830,001,2024-05-21_14h20.14.035,AXB:2AFC Experiments (16.05.2024),2024.1.3,MacIntel,60.24096386,,,,,,,,,,,,,,,,,,,,,,,,,,,,,,nim,,,,,,,,,,,,,,,,,,,,,,,,,,,,,,,,,,,,,,,,,,,,,,,,,,,,,,,,,,,,,,,,,,,,,,,,,,,,,580.4166,582.5007,1,2.0737,1,4,11,2,1,TAFCstimuli01/nimnym003.wav,,,,,,,,,,,,,,,,,,,,,,,,,,,,,,,,,,,,,,,,,,,,,,,,,,,,,,,,,,,,,,,
,,,,,274830,001,2024-05-21_14h20.14.035,AXB:2AFC Experiments (16.05.2024),2024.1.3,MacIntel,60.24096386,,,,,,,,,,,,,,,,,,,,,,,,,,,,,,nym,,,,,,,,,,,,,,,,,,,,,,,,,,,,,,,,,,,,,,,,,,,,,,,,,,,,,,,,,,,,,,,,,,,,,,,,,,,,,582.5009,585.5843,2,3.0678,1,5,12,6,1,TAFCstimuli01/nimnym007.wav,,,,,,,,,,,,,,,,,,,,,,,,,,,,,,,,,,,,,,,,,,,,,,,,,,,,,,,,,,,,,,,
,,,,,274830,001,2024-05-21_14h20.14.035,AXB:2AFC Experiments (16.05.2024),2024.1.3,MacIntel,60.24096386,,,,,,,,,,,,,,,,,,,,,,,,,,,,,,nim,,,,,,,,,,,,,,,,,,,,,,,,,,,,,,,,,,,,,,,,,,,,,,,,,,,,,,,,,,,,,,,,,,,,,,,,,,,,,585.5846,588.2508,1,2.6561,1,6,13,0,1,TAFCstimuli01/nimnym001.wav,,,,,,,,,,,,,,,,,,,,,,,,,,,,,,,,,,,,,,,,,,,,,,,,,,,,,,,,,,,,,,,
,,,,,274830,001,2024-05-21_14h20.14.035,AXB:2AFC Experiments (16.05.2024),2024.1.3,MacIntel,60.24096386,,,,,,,,,,,,,,,,,,,,,,,,,,,,,,,,,,,,,,,,,,,,,,,,,,,,,,,,,,,,,,,,,,,,,,,,,,,,,,,,,,,,,,,,,,,,,,,,,,,,,,,,,,,,,,,,,,,,,588.2514,593.018,2,4.7655,,,,,,,,,,,,,,,,,,,,,,,,,,,,,,,,,,,,,,,,,,,,,,,,,,,,,,,,,,,
,,,,,274830,001,2024-05-21_14h20.14.035,AXB:2AFC Experiments (16.05.2024),2024.1.3,MacIntel,60.24096386,,,,,,,,,,,,,,,,,,,,,,,,,,,,,,nim,,,,,,,,,,,,,,,,,,,,,,,,,,,,,,,,,,,,,,,,,,,,,,,,,,,,,,,,,,,,,,,,,,,,,,,,,,,,,593.0212,595.5012,1,2.4701,,,,,,TAFCstimuli01/nimnym003.wav,,,,,,0,0,0,2,1,,,,,,,,,,,,,,,,,,,,,,,,,,,,,,,,,,,,,,,,,,,,,,,,,,,,,
,,,,,274830,001,2024-05-21_14h20.14.035,AXB:2AFC Experiments (16.05.2024),2024.1.3,MacIntel,60.24096386,,,,,,,,,,,,,,,,,,,,,,,,,,,,,,/,,,,,,,,,,,,,,,,,,,,,,,,,,,,,,,,,,,,,,,,,,,,,,,,,,,,,,,,,,,,,,,,,,,,,,,,,,,,,595.5018,598.2503,1,2.7383,,,,,,TAFCstimuli01/nimnym004.wav,,,,,,0,1,1,3,1,,,,,,,,,,,,,,,,,,,,,,,,,,,,,,,,,,,,,,,,,,,,,,,,,,,,,
,,,,,274830,001,2024-05-21_14h20.14.035,AXB:2AFC Experiments (16.05.2024),2024.1.3,MacIntel,60.24096386,,,,,,,,,,,,,,,,,,,,,,,,,,,,,,nim,,,,,,,,,,,,,,,,,,,,,,,,,,,,,,,,,,,,,,,,,,,,,,,,,,,,,,,,,,,,,,,,,,,,,,,,,,,,,598.2505,599.668,1,1.4092,,,,,,TAFCstimuli01/nimnym001.wav,,,,,,0,2,2,0,1,,,,,,,,,,,,,,,,,,,,,,,,,,,,,,,,,,,,,,,,,,,,,,,,,,,,,
,,,,,274830,001,2024-05-21_14h20.14.035,AXB:2AFC Experiments (16.05.2024),2024.1.3,MacIntel,60.24096386,,,,,,,,,,,,,,,,,,,,,,,,,,,,,,nim,,,,,,,,,,,,,,,,,,,,,,,,,,,,,,,,,,,,,,,,,,,,,,,,,,,,,,,,,,,,,,,,,,,,,,,,,,,,,599.6682,601.0015,1,1.3323,,,,,,TAFCstimuli01/nimnym002.wav,,,,,,0,3,3,1,1,,,,,,,,,,,,,,,,,,,,,,,,,,,,,,,,,,,,,,,,,,,,,,,,,,,,,
,,,,,274830,001,2024-05-21_14h20.14.035,AXB:2AFC Experiments (16.05.2024),2024.1.3,MacIntel,60.24096386,,,,,,,,,,,,,,,,,,,,,,,,,,,,,,nym,,,,,,,,,,,,,,,,,,,,,,,,,,,,,,,,,,,,,,,,,,,,,,,,,,,,,,,,,,,,,,,,,,,,,,,,,,,,,601.0017,603.1331,2,2.1173,,,,,,TAFCstimuli01/nimnym005.wav,,,,,,0,4,4,4,1,,,,,,,,,,,,,,,,,,,,,,,,,,,,,,,,,,,,,,,,,,,,,,,,,,,,,
,,,,,274830,001,2024-05-21_14h20.14.035,AXB:2AFC Experiments (16.05.2024),2024.1.3,MacIntel,60.24096386,,,,,,,,,,,,,,,,,,,,,,,,,,,,,,nym,,,,,,,,,,,,,,,,,,,,,,,,,,,,,,,,,,,,,,,,,,,,,,,,,,,,,,,,,,,,,,,,,,,,,,,,,,,,,603.1333,605.9802,2,2.8401,,,,,,TAFCstimuli01/nimnym006.wav,,,,,,0,5,5,5,1,,,,,,,,,,,,,,,,,,,,,,,,,,,,,,,,,,,,,,,,,,,,,,,,,,,,,
,,,,,274830,001,2024-05-21_14h20.14.035,AXB:2AFC Experiments (16.05.2024),2024.1.3,MacIntel,60.24096386,,,,,,,,,,,,,,,,,,,,,,,,,,,,,,nym,,,,,,,,,,,,,,,,,,,,,,,,,,,,,,,,,,,,,,,,,,,,,,,,,,,,,,,,,,,,,,,,,,,,,,,,,,,,,605.9805,607.3313,2,1.3477,,,,,,TAFCstimuli01/nimnym007.wav,,,,,,0,6,6,6,1,,,,,,,,,,,,,,,,,,,,,,,,,,,,,,,,,,,,,,,,,,,,,,,,,,,,,
,,,,,274830,001,2024-05-21_14h20.14.035,AXB:2AFC Experiments (16.05.2024),2024.1.3,MacIntel,60.24096386,,,,,,,,,,,,,,,,,,,,,,,,,,,,,,nim,,,,,,,,,,,,,,,,,,,,,,,,,,,,,,,,,,,,,,,,,,,,,,,,,,,,,,,,,,,,,,,,,,,,,,,,,,,,,607.3316,609.4659,1,2.1213,,,,,,TAFCstimuli01/nimnym003.wav,,,,,,1,0,7,2,1,,,,,,,,,,,,,,,,,,,,,,,,,,,,,,,,,,,,,,,,,,,,,,,,,,,,,
,,,,,274830,001,2024-05-21_14h20.14.035,AXB:2AFC Experiments (16.05.2024),2024.1.3,MacIntel,60.24096386,,,,,,,,,,,,,,,,,,,,,,,,,,,,,,nym,,,,,,,,,,,,,,,,,,,,,,,,,,,,,,,,,,,,,,,,,,,,,,,,,,,,,,,,,,,,,,,,,,,,,,,,,,,,,609.4661,611.9176,1,2.4424,,,,,,TAFCstimuli01/nimnym005.wav,,,,,,1,1,8,4,1,,,,,,,,,,,,,,,,,,,,,,,,,,,,,,,,,,,,,,,,,,,,,,,,,,,,,
,,,,,274830,001,2024-05-21_14h20.14.035,AXB:2AFC Experiments (16.05.2024),2024.1.3,MacIntel,60.24096386,,,,,,,,,,,,,,,,,,,,,,,,,,,,,,/,,,,,,,,,,,,,,,,,,,,,,,,,,,,,,,,,,,,,,,,,,,,,,,,,,,,,,,,,,,,,,,,,,,,,,,,,,,,,611.9177,614.2811,1,2.3511,,,,,,TAFCstimuli01/nimnym004.wav,,,,,,1,2,9,3,1,,,,,,,,,,,,,,,,,,,,,,,,,,,,,,,,,,,,,,,,,,,,,,,,,,,,,
,,,,,274830,001,2024-05-21_14h20.14.035,AXB:2AFC Experiments (16.05.2024),2024.1.3,MacIntel,60.24096386,,,,,,,,,,,,,,,,,,,,,,,,,,,,,,nym,,,,,,,,,,,,,,,,,,,,,,,,,,,,,,,,,,,,,,,,,,,,,,,,,,,,,,,,,,,,,,,,,,,,,,,,,,,,,614.2814,616.4667,2,2.1754,,,,,,TAFCstimuli01/nimnym006.wav,,,,,,1,3,10,5,1,,,,,,,,,,,,,,,,,,,,,,,,,,,,,,,,,,,,,,,,,,,,,,,,,,,,,
,,,,,274830,001,2024-05-21_14h20.14.035,AXB:2AFC Experiments (16.05.2024),2024.1.3,MacIntel,60.24096386,,,,,,,,,,,,,,,,,,,,,,,,,,,,,,nim,,,,,,,,,,,,,,,,,,,,,,,,,,,,,,,,,,,,,,,,,,,,,,,,,,,,,,,,,,,,,,,,,,,,,,,,,,,,,616.4669,618.7336,1,2.2559,,,,,,TAFCstimuli01/nimnym001.wav,,,,,,1,4,11,0,1,,,,,,,,,,,,,,,,,,,,,,,,,,,,,,,,,,,,,,,,,,,,,,,,,,,,,
,,,,,274830,001,2024-05-21_14h20.14.035,AXB:2AFC Experiments (16.05.2024),2024.1.3,MacIntel,60.24096386,,,,,,,,,,,,,,,,,,,,,,,,,,,,,,nym,,,,,,,,,,,,,,,,,,,,,,,,,,,,,,,,,,,,,,,,,,,,,,,,,,,,,,,,,,,,,,,,,,,,,,,,,,,,,618.734,621.2637,2,2.5206,,,,,,TAFCstimuli01/nimnym007.wav,,,,,,1,5,12,6,1,,,,,,,,,,,,,,,,,,,,,,,,,,,,,,,,,,,,,,,,,,,,,,,,,,,,,
,,,,,274830,001,2024-05-21_14h20.14.035,AXB:2AFC Experiments (16.05.2024),2024.1.3,MacIntel,60.24096386,,,,,,,,,,,,,,,,,,,,,,,,,,,,,,nim,,,,,,,,,,,,,,,,,,,,,,,,,,,,,,,,,,,,,,,,,,,,,,,,,,,,,,,,,,,,,,,,,,,,,,,,,,,,,621.264,623.383,1,2.1123,,,,,,TAFCstimuli01/nimnym002.wav,,,,,,1,6,13,1,1,,,,,,,,,,,,,,,,,,,,,,,,,,,,,,,,,,,,,,,,,,,,,,,,,,,,,
,,,,,274830,001,2024-05-21_14h20.14.035,AXB:2AFC Experiments (16.05.2024),2024.1.3,MacIntel,60.24096386,,,,,,,,,,,,,,,,,,,,,,,,,,,,,,,623.3835,643.0815,space,19.6896,,,,,,,,,,,,,,,,,,,,,,,,,,,,,,,,,,,,,,,,,,,,,,,,,,,,,,,,,,,,,,,,,,,,,,,,,,,,,,,,,,,,,,,,,,,,,,,,,,,,,,,,,,,,,,,,,,,,,,,,,,,,,,,,,,,,,,,,,,,,,,,,,
,,,,,274830,001,2024-05-21_14h20.14.035,AXB:2AFC Experiments (16.05.2024),2024.1.3,MacIntel,60.24096386,,,,,,,,,,,,,,,,,,,,,,,,,,,,,,nym,,,,,,,,,,,,,,,,,,,,,,,,,,,,,,,,,,,,,,,,,,,,,,,,,,,,,,,,,,,,,,,,,,,,,,,,,,,,,643.0905,645.2991,2,2.2033,,,,,,TAFCstimuli01/nimnym007.wav,,,,,,,,,,,0,0,0,6,1,,,,,,,,,,,,,,,,,,,,,,,,,,,,,,,,,,,,,,,,,,,,,,,,
,,,,,274830,001,2024-05-21_14h20.14.035,AXB:2AFC Experiments (16.05.2024),2024.1.3,MacIntel,60.24096386,,,,,,,,,,,,,,,,,,,,,,,,,,,,,,/,,,,,,,,,,,,,,,,,,,,,,,,,,,,,,,,,,,,,,,,,,,,,,,,,,,,,,,,,,,,,,,,,,,,,,,,,,,,,645.2996,648.1649,1,2.8528,,,,,,TAFCstimuli01/nimnym004.wav,,,,,,,,,,,0,1,1,3,1,,,,,,,,,,,,,,,,,,,,,,,,,,,,,,,,,,,,,,,,,,,,,,,,
,,,,,274830,001,2024-05-21_14h20.14.035,AXB:2AFC Experiments (16.05.2024),2024.1.3,MacIntel,60.24096386,,,,,,,,,,,,,,,,,,,,,,,,,,,,,,nim,,,,,,,,,,,,,,,,,,,,,,,,,,,,,,,,,,,,,,,,,,,,,,,,,,,,,,,,,,,,,,,,,,,,,,,,,,,,,648.1652,650.4643,1,2.2869,,,,,,TAFCstimuli01/nimnym003.wav,,,,,,,,,,,0,2,2,2,1,,,,,,,,,,,,,,,,,,,,,,,,,,,,,,,,,,,,,,,,,,,,,,,,
,,,,,274830,001,2024-05-21_14h20.14.035,AXB:2AFC Experiments (16.05.2024),2024.1.3,MacIntel,60.24096386,,,,,,,,,,,,,,,,,,,,,,,,,,,,,,nym,,,,,,,,,,,,,,,,,,,,,,,,,,,,,,,,,,,,,,,,,,,,,,,,,,,,,,,,,,,,,,,,,,,,,,,,,,,,,650.4647,652.0808,1,1.6115,,,,,,TAFCstimuli01/nimnym005.wav,,,,,,,,,,,0,3,3,4,1,,,,,,,,,,,,,,,,,,,,,,,,,,,,,,,,,,,,,,,,,,,,,,,,
,,,,,274830,001,2024-05-21_14h20.14.035,AXB:2AFC Experiments (16.05.2024),2024.1.3,MacIntel,60.24096386,,,,,,,,,,,,,,,,,,,,,,,,,,,,,,nym,,,,,,,,,,,,,,,,,,,,,,,,,,,,,,,,,,,,,,,,,,,,,,,,,,,,,,,,,,,,,,,,,,,,,,,,,,,,,652.0811,655.0311,2,2.947,,,,,,TAFCstimuli01/nimnym006.wav,,,,,,,,,,,0,4,4,5,1,,,,,,,,,,,,,,,,,,,,,,,,,,,,,,,,,,,,,,,,,,,,,,,,
,,,,,274830,001,2024-05-21_14h20.14.035,AXB:2AFC Experiments (16.05.2024),2024.1.3,MacIntel,60.24096386,,,,,,,,,,,,,,,,,,,,,,,,,,,,,,nim,,,,,,,,,,,,,,,,,,,,,,,,,,,,,,,,,,,,,,,,,,,,,,,,,,,,,,,,,,,,,,,,,,,,,,,,,,,,,655.0313,657.1463,1,2.1044,,,,,,TAFCstimuli01/nimnym001.wav,,,,,,,,,,,0,5,5,0,1,,,,,,,,,,,,,,,,,,,,,,,,,,,,,,,,,,,,,,,,,,,,,,,,
,,,,,274830,001,2024-05-21_14h20.14.035,AXB:2AFC Experiments (16.05.2024),2024.1.3,MacIntel,60.24096386,,,,,,,,,,,,,,,,,,,,,,,,,,,,,,nim,,,,,,,,,,,,,,,,,,,,,,,,,,,,,,,,,,,,,,,,,,,,,,,,,,,,,,,,,,,,,,,,,,,,,,,,,,,,,657.1466,658.6814,1,1.5268,,,,,,TAFCstimuli01/nimnym002.wav,,,,,,,,,,,0,6,6,1,1,,,,,,,,,,,,,,,,,,,,,,,,,,,,,,,,,,,,,,,,,,,,,,,,
,,,,,274830,001,2024-05-21_14h20.14.035,AXB:2AFC Experiments (16.05.2024),2024.1.3,MacIntel,60.24096386,,,,,,,,,,,,,,,,,,,,,,,,,,,,,,nym,,,,,,,,,,,,,,,,,,,,,,,,,,,,,,,,,,,,,,,,,,,,,,,,,,,,,,,,,,,,,,,,,,,,,,,,,,,,,658.6817,660.7654,2,2.0802,,,,,,TAFCstimuli01/nimnym007.wav,,,,,,,,,,,1,0,7,6,1,,,,,,,,,,,,,,,,,,,,,,,,,,,,,,,,,,,,,,,,,,,,,,,,
,,,,,274830,001,2024-05-21_14h20.14.035,AXB:2AFC Experiments (16.05.2024),2024.1.3,MacIntel,60.24096386,,,,,,,,,,,,,,,,,,,,,,,,,,,,,,nym,,,,,,,,,,,,,,,,,,,,,,,,,,,,,,,,,,,,,,,,,,,,,,,,,,,,,,,,,,,,,,,,,,,,,,,,,,,,,660.7656,662.7813,2,2.0124,,,,,,TAFCstimuli01/nimnym005.wav,,,,,,,,,,,1,1,8,4,1,,,,,,,,,,,,,,,,,,,,,,,,,,,,,,,,,,,,,,,,,,,,,,,,
,,,,,274830,001,2024-05-21_14h20.14.035,AXB:2AFC Experiments (16.05.2024),2024.1.3,MacIntel,60.24096386,,,,,,,,,,,,,,,,,,,,,,,,,,,,,,nym,,,,,,,,,,,,,,,,,,,,,,,,,,,,,,,,,,,,,,,,,,,,,,,,,,,,,,,,,,,,,,,,,,,,,,,,,,,,,662.7815,664.3141,2,1.5209,,,,,,TAFCstimuli01/nimnym006.wav,,,,,,,,,,,1,2,9,5,1,,,,,,,,,,,,,,,,,,,,,,,,,,,,,,,,,,,,,,,,,,,,,,,,
,,,,,274830,001,2024-05-21_14h20.14.035,AXB:2AFC Experiments (16.05.2024),2024.1.3,MacIntel,60.24096386,,,,,,,,,,,,,,,,,,,,,,,,,,,,,,nim,,,,,,,,,,,,,,,,,,,,,,,,,,,,,,,,,,,,,,,,,,,,,,,,,,,,,,,,,,,,,,,,,,,,,,,,,,,,,664.3145,667.6797,1,3.3593,,,,,,TAFCstimuli01/nimnym002.wav,,,,,,,,,,,1,3,10,1,1,,,,,,,,,,,,,,,,,,,,,,,,,,,,,,,,,,,,,,,,,,,,,,,,
,,,,,274830,001,2024-05-21_14h20.14.035,AXB:2AFC Experiments (16.05.2024),2024.1.3,MacIntel,60.24096386,,,,,,,,,,,,,,,,,,,,,,,,,,,,,,/,,,,,,,,,,,,,,,,,,,,,,,,,,,,,,,,,,,,,,,,,,,,,,,,,,,,,,,,,,,,,,,,,,,,,,,,,,,,,667.6799,669.413,1,1.7266,,,,,,TAFCstimuli01/nimnym004.wav,,,,,,,,,,,1,4,11,3,1,,,,,,,,,,,,,,,,,,,,,,,,,,,,,,,,,,,,,,,,,,,,,,,,
,,,,,274830,001,2024-05-21_14h20.14.035,AXB:2AFC Experiments (16.05.2024),2024.1.3,MacIntel,60.24096386,,,,,,,,,,,,,,,,,,,,,,,,,,,,,,nim,,,,,,,,,,,,,,,,,,,,,,,,,,,,,,,,,,,,,,,,,,,,,,,,,,,,,,,,,,,,,,,,,,,,,,,,,,,,,669.4133,670.997,1,1.5736,,,,,,TAFCstimuli01/nimnym001.wav,,,,,,,,,,,1,5,12,0,1,,,,,,,,,,,,,,,,,,,,,,,,,,,,,,,,,,,,,,,,,,,,,,,,
,,,,,274830,001,2024-05-21_14h20.14.035,AXB:2AFC Experiments (16.05.2024),2024.1.3,MacIntel,60.24096386,,,,,,,,,,,,,,,,,,,,,,,,,,,,,,nim,,,,,,,,,,,,,,,,,,,,,,,,,,,,,,,,,,,,,,,,,,,,,,,,,,,,,,,,,,,,,,,,,,,,,,,,,,,,,670.9973,672.4142,1,1.41,,,,,,TAFCstimuli01/nimnym003.wav,,,,,,,,,,,1,6,13,2,1,,,,,,,,,,,,,,,,,,,,,,,,,,,,,,,,,,,,,,,,,,,,,,,,
,,,,,274830,001,2024-05-21_14h20.14.035,AXB:2AFC Experiments (16.05.2024),2024.1.3,MacIntel,60.24096386,,,,,,,,,,,,,,,,,,,,,,,,,,,,,,nim,,,,,,,,,,,,,,,,,,,,,,,,,,,,,,,,,,,,,,,,,,,,,,,,,,,,,,,,,,,,,,,,,,,,,,,,,,,,,672.4144,673.8812,1,1.454,,,,,,TAFCstimuli01/nimnym002.wav,,,,,,,,,,,2,0,14,1,1,,,,,,,,,,,,,,,,,,,,,,,,,,,,,,,,,,,,,,,,,,,,,,,,
,,,,,274830,001,2024-05-21_14h20.14.035,AXB:2AFC Experiments (16.05.2024),2024.1.3,MacIntel,60.24096386,,,,,,,,,,,,,,,,,,,,,,,,,,,,,,/,,,,,,,,,,,,,,,,,,,,,,,,,,,,,,,,,,,,,,,,,,,,,,,,,,,,,,,,,,,,,,,,,,,,,,,,,,,,,673.8814,675.378,1,1.4875,,,,,,TAFCstimuli01/nimnym004.wav,,,,,,,,,,,2,1,15,3,1,,,,,,,,,,,,,,,,,,,,,,,,,,,,,,,,,,,,,,,,,,,,,,,,
,,,,,274830,001,2024-05-21_14h20.14.035,AXB:2AFC Experiments (16.05.2024),2024.1.3,MacIntel,60.24096386,,,,,,,,,,,,,,,,,,,,,,,,,,,,,,nim,,,,,,,,,,,,,,,,,,,,,,,,,,,,,,,,,,,,,,,,,,,,,,,,,,,,,,,,,,,,,,,,,,,,,,,,,,,,,675.3783,676.831,1,1.44,,,,,,TAFCstimuli01/nimnym001.wav,,,,,,,,,,,2,2,16,0,1,,,,,,,,,,,,,,,,,,,,,,,,,,,,,,,,,,,,,,,,,,,,,,,,
,,,,,274830,001,2024-05-21_14h20.14.035,AXB:2AFC Experiments (16.05.2024),2024.1.3,MacIntel,60.24096386,,,,,,,,,,,,,,,,,,,,,,,,,,,,,,nym,,,,,,,,,,,,,,,,,,,,,,,,,,,,,,,,,,,,,,,,,,,,,,,,,,,,,,,,,,,,,,,,,,,,,,,,,,,,,676.8313,678.8295,2,1.9865,,,,,,TAFCstimuli01/nimnym006.wav,,,,,,,,,,,2,3,17,5,1,,,,,,,,,,,,,,,,,,,,,,,,,,,,,,,,,,,,,,,,,,,,,,,,
,,,,,274830,001,2024-05-21_14h20.14.035,AXB:2AFC Experiments (16.05.2024),2024.1.3,MacIntel,60.24096386,,,,,,,,,,,,,,,,,,,,,,,,,,,,,,nym,,,,,,,,,,,,,,,,,,,,,,,,,,,,,,,,,,,,,,,,,,,,,,,,,,,,,,,,,,,,,,,,,,,,,,,,,,,,,678.8299,680.2311,2,1.3912,,,,,,TAFCstimuli01/nimnym007.wav,,,,,,,,,,,2,4,18,6,1,,,,,,,,,,,,,,,,,,,,,,,,,,,,,,,,,,,,,,,,,,,,,,,,
,,,,,274830,001,2024-05-21_14h20.14.035,AXB:2AFC Experiments (16.05.2024),2024.1.3,MacIntel,60.24096386,,,,,,,,,,,,,,,,,,,,,,,,,,,,,,nim,,,,,,,,,,,,,,,,,,,,,,,,,,,,,,,,,,,,,,,,,,,,,,,,,,,,,,,,,,,,,,,,,,,,,,,,,,,,,680.2313,682.2466,1,2.0058,,,,,,TAFCstimuli01/nimnym003.wav,,,,,,,,,,,2,5,19,2,1,,,,,,,,,,,,,,,,,,,,,,,,,,,,,,,,,,,,,,,,,,,,,,,,
,,,,,274830,001,2024-05-21_14h20.14.035,AXB:2AFC Experiments (16.05.2024),2024.1.3,MacIntel,60.24096386,,,,,,,,,,,,,,,,,,,,,,,,,,,,,,nym,,,,,,,,,,,,,,,,,,,,,,,,,,,,,,,,,,,,,,,,,,,,,,,,,,,,,,,,,,,,,,,,,,,,,,,,,,,,,682.2468,684.4463,1,2.1864,,,,,,TAFCstimuli01/nimnym005.wav,,,,,,,,,,,2,6,20,4,1,,,,,,,,,,,,,,,,,,,,,,,,,,,,,,,,,,,,,,,,,,,,,,,,
,,,,,274830,001,2024-05-21_14h20.14.035,AXB:2AFC Experiments (16.05.2024),2024.1.3,MacIntel,60.24096386,,,,,,,,,,,,,,,,,,,,,,,,,,,,,,,,,,,,,,,,,,,,,,,,,,,,,,,,,,684.4467,685.1975,,0,"[352.5385,685.2174000000954]","[352.5385,685.2174000000954]",,,,,,,,,,,,,,,,,,,,,,,,,,,,,,,,,,,,,,,,,,,,,,,,,,,,,,,,,,,,,,,,,,,,,,,,,,,,,,,,,,,,,,,,,,,,,,,,,,,,,,,,,,,,,,,,,,,,
,,,,,274830,001,2024-05-21_14h20.14.035,AXB:2AFC Experiments (16.05.2024),2024.1.3,MacIntel,60.24096386,,,,,,,,,,,,,,,,,,,,,,,,,,,,,,nym,,,,,,,,,,,,,,,,,,,,,,,,,,,,,,,,,,,,,,,,,,,,,,,,,,,,,,,,,,,,,,,,,,,,,,,,,,,,,685.1998,688.5471,2,3.3435,,,,,,TAFCstimuli01/nimnym005.wav,,,,,,,,,,,,,,,,0,0,0,4,1,,,,,,,,,,,,,,,,,,,,,,,,,,,,,,,,,,,,,,,,,,,
,,,,,274830,001,2024-05-21_14h20.14.035,AXB:2AFC Experiments (16.05.2024),2024.1.3,MacIntel,60.24096386,,,,,,,,,,,,,,,,,,,,,,,,,,,,,,/,,,,,,,,,,,,,,,,,,,,,,,,,,,,,,,,,,,,,,,,,,,,,,,,,,,,,,,,,,,,,,,,,,,,,,,,,,,,,688.5477,690.1962,1,1.6376,,,,,,TAFCstimuli01/nimnym004.wav,,,,,,,,,,,,,,,,0,1,1,3,1,,,,,,,,,,,,,,,,,,,,,,,,,,,,,,,,,,,,,,,,,,,
,,,,,274830,001,2024-05-21_14h20.14.035,AXB:2AFC Experiments (16.05.2024),2024.1.3,MacIntel,60.24096386,,,,,,,,,,,,,,,,,,,,,,,,,,,,,,nym,,,,,,,,,,,,,,,,,,,,,,,,,,,,,,,,,,,,,,,,,,,,,,,,,,,,,,,,,,,,,,,,,,,,,,,,,,,,,690.1964,692.3801,2,2.1769,,,,,,TAFCstimuli01/nimnym006.wav,,,,,,,,,,,,,,,,0,2,2,5,1,,,,,,,,,,,,,,,,,,,,,,,,,,,,,,,,,,,,,,,,,,,
,,,,,274830,001,2024-05-21_14h20.14.035,AXB:2AFC Experiments (16.05.2024),2024.1.3,MacIntel,60.24096386,,,,,,,,,,,,,,,,,,,,,,,,,,,,,,nim,,,,,,,,,,,,,,,,,,,,,,,,,,,,,,,,,,,,,,,,,,,,,,,,,,,,,,,,,,,,,,,,,,,,,,,,,,,,,692.3804,694.6462,1,2.2545,,,,,,TAFCstimuli01/nimnym002.wav,,,,,,,,,,,,,,,,0,3,3,1,1,,,,,,,,,,,,,,,,,,,,,,,,,,,,,,,,,,,,,,,,,,,
,,,,,274830,001,2024-05-21_14h20.14.035,AXB:2AFC Experiments (16.05.2024),2024.1.3,MacIntel,60.24096386,,,,,,,,,,,,,,,,,,,,,,,,,,,,,,nym,,,,,,,,,,,,,,,,,,,,,,,,,,,,,,,,,,,,,,,,,,,,,,,,,,,,,,,,,,,,,,,,,,,,,,,,,,,,,694.6464,696.8131,2,2.1552,,,,,,TAFCstimuli01/nimnym007.wav,,,,,,,,,,,,,,,,0,4,4,6,1,,,,,,,,,,,,,,,,,,,,,,,,,,,,,,,,,,,,,,,,,,,
,,,,,274830,001,2024-05-21_14h20.14.035,AXB:2AFC Experiments (16.05.2024),2024.1.3,MacIntel,60.24096386,,,,,,,,,,,,,,,,,,,,,,,,,,,,,,nim,,,,,,,,,,,,,,,,,,,,,,,,,,,,,,,,,,,,,,,,,,,,,,,,,,,,,,,,,,,,,,,,,,,,,,,,,,,,,696.8134,698.3797,1,1.5524,,,,,,TAFCstimuli01/nimnym003.wav,,,,,,,,,,,,,,,,0,5,5,2,1,,,,,,,,,,,,,,,,,,,,,,,,,,,,,,,,,,,,,,,,,,,
,,,,,274830,001,2024-05-21_14h20.14.035,AXB:2AFC Experiments (16.05.2024),2024.1.3,MacIntel,60.24096386,,,,,,,,,,,,,,,,,,,,,,,,,,,,,,nim,,,,,,,,,,,,,,,,,,,,,,,,,,,,,,,,,,,,,,,,,,,,,,,,,,,,,,,,,,,,,,,,,,,,,,,,,,,,,698.38,700.9791,1,2.5978,,,,,,TAFCstimuli01/nimnym001.wav,,,,,,,,,,,,,,,,0,6,6,0,1,,,,,,,,,,,,,,,,,,,,,,,,,,,,,,,,,,,,,,,,,,,
,,,,,274830,001,2024-05-21_14h20.14.035,AXB:2AFC Experiments (16.05.2024),2024.1.3,MacIntel,60.24096386,,,,,,,,,,,,,,,,,,,,,,,,,,,,,,,700.9794,731.4118,space,30.4166,,,,,,,,,,,,,,,,,,,,,,,,,,,,,,,,,,,,,,,,,,,,,,,,,,,,,,,,,,,,,,,,,,,,,,,,,,,,,,,,,,,,,,,,,,,,,,,,,,,,,,,,,,,,,,,,,,,,,,,,,,,,,,,,,,,,,,,,,,,,,,,,,
,,,,,274830,001,2024-05-21_14h20.14.035,AXB:2AFC Experiments (16.05.2024),2024.1.3,MacIntel,60.24096386,,,,,,,,,,,,,,,,,,,,,,,,,,,,,,num,,,,,,,,,,,,,,,,,,,,,,,,,,,,,,,,,,,,,,,,,,,,,,,,,,,,,,,,,,,,,,,,,,,,,,,,,,,,,,,,,,,,,,,,,,,,,,,,,,,,,,,,,,,731.417,733.4121,2,1.9865,0,0,0,1,1,TAFCstimuli02/numnym002.wav,,,,,,,,,,,,,,,,,,,,,,,,,,,,,,,,,
,,,,,274830,001,2024-05-21_14h20.14.035,AXB:2AFC Experiments (16.05.2024),2024.1.3,MacIntel,60.24096386,,,,,,,,,,,,,,,,,,,,,,,,,,,,,,num,,,,,,,,,,,,,,,,,,,,,,,,,,,,,,,,,,,,,,,,,,,,,,,,,,,,,,,,,,,,,,,,,,,,,,,,,,,,,,,,,,,,,,,,,,,,,,,,,,,,,,,,,,,733.4124,735.311,2,1.8953,0,1,1,2,1,TAFCstimuli02/numnym003.wav,,,,,,,,,,,,,,,,,,,,,,,,,,,,,,,,,
,,,,,274830,001,2024-05-21_14h20.14.035,AXB:2AFC Experiments (16.05.2024),2024.1.3,MacIntel,60.24096386,,,,,,,,,,,,,,,,,,,,,,,,,,,,,,nym,,,,,,,,,,,,,,,,,,,,,,,,,,,,,,,,,,,,,,,,,,,,,,,,,,,,,,,,,,,,,,,,,,,,,,,,,,,,,,,,,,,,,,,,,,,,,,,,,,,,,,,,,,,735.3112,739.4629,2,4.1504,0,2,2,4,1,TAFCstimuli02/numnym005.wav,,,,,,,,,,,,,,,,,,,,,,,,,,,,,,,,,
,,,,,274830,001,2024-05-21_14h20.14.035,AXB:2AFC Experiments (16.05.2024),2024.1.3,MacIntel,60.24096386,,,,,,,,,,,,,,,,,,,,,,,,,,,,,,nym,,,,,,,,,,,,,,,,,,,,,,,,,,,,,,,,,,,,,,,,,,,,,,,,,,,,,,,,,,,,,,,,,,,,,,,,,,,,,,,,,,,,,,,,,,,,,,,,,,,,,,,,,,,739.4631,742.6942,2,3.2241,0,3,3,6,1,TAFCstimuli02/numnym007.wav,,,,,,,,,,,,,,,,,,,,,,,,,,,,,,,,,
,,,,,274830,001,2024-05-21_14h20.14.035,AXB:2AFC Experiments (16.05.2024),2024.1.3,MacIntel,60.24096386,,,,,,,,,,,,,,,,,,,,,,,,,,,,,,/,,,,,,,,,,,,,,,,,,,,,,,,,,,,,,,,,,,,,,,,,,,,,,,,,,,,,,,,,,,,,,,,,,,,,,,,,,,,,,,,,,,,,,,,,,,,,,,,,,,,,,,,,,,742.6944,744.5443,1,1.8486,0,4,4,3,1,TAFCstimuli02/numnym004.wav,,,,,,,,,,,,,,,,,,,,,,,,,,,,,,,,,
,,,,,274830,001,2024-05-21_14h20.14.035,AXB:2AFC Experiments (16.05.2024),2024.1.3,MacIntel,60.24096386,,,,,,,,,,,,,,,,,,,,,,,,,,,,,,num,,,,,,,,,,,,,,,,,,,,,,,,,,,,,,,,,,,,,,,,,,,,,,,,,,,,,,,,,,,,,,,,,,,,,,,,,,,,,,,,,,,,,,,,,,,,,,,,,,,,,,,,,,,744.5446,748.6775,1,4.1273,0,5,5,0,1,TAFCstimuli02/numnym001.wav,,,,,,,,,,,,,,,,,,,,,,,,,,,,,,,,,
,,,,,274830,001,2024-05-21_14h20.14.035,AXB:2AFC Experiments (16.05.2024),2024.1.3,MacIntel,60.24096386,,,,,,,,,,,,,,,,,,,,,,,,,,,,,,nym,,,,,,,,,,,,,,,,,,,,,,,,,,,,,,,,,,,,,,,,,,,,,,,,,,,,,,,,,,,,,,,,,,,,,,,,,,,,,,,,,,,,,,,,,,,,,,,,,,,,,,,,,,,748.6778,750.7784,2,2.0982,0,6,6,5,1,TAFCstimuli02/numnym006.wav,,,,,,,,,,,,,,,,,,,,,,,,,,,,,,,,,
,,,,,274830,001,2024-05-21_14h20.14.035,AXB:2AFC Experiments (16.05.2024),2024.1.3,MacIntel,60.24096386,,,,,,,,,,,,,,,,,,,,,,,,,,,,,,,,,,,,,,,,,,,,,,,,,,,,,,,,,,,,,,,,,,,,,,,,,,,,,,,,,,,,,,,,,,,,,,,,,,,,,,,,,,,,,,,,,,,,,,,,,,,,,,,,,,,,,,,,,,,,,,,,,,,750.7788,752.8751,space,2.085,,,,,,,,,,,,,,,,,,,,,,,,,,,,,
,,,,,274830,001,2024-05-21_14h20.14.035,AXB:2AFC Experiments (16.05.2024),2024.1.3,MacIntel,60.24096386,,,,,,,,,,,,,,,,,,,,,,,,,,,,,,/,,,,,,,,,,,,,,,,,,,,,,,,,,,,,,,,,,,,,,,,,,,,,,,,,,,,,,,,,,,,,,,,,,,,,,,,,,,,,,,,,,,,,,,,,,,,,,,,,,,,,,,,,,,752.88,756.0112,2,3.1275,,,,,,TAFCstimuli02/numnym004.wav,,,,,,,,0,0,0,3,1,,,,,,,,,,,,,,,,,,,,,
,,,,,274830,001,2024-05-21_14h20.14.035,AXB:2AFC Experiments (16.05.2024),2024.1.3,MacIntel,60.24096386,,,,,,,,,,,,,,,,,,,,,,,,,,,,,,nym,,,,,,,,,,,,,,,,,,,,,,,,,,,,,,,,,,,,,,,,,,,,,,,,,,,,,,,,,,,,,,,,,,,,,,,,,,,,,,,,,,,,,,,,,,,,,,,,,,,,,,,,,,,756.0118,757.5775,2,1.5612,,,,,,TAFCstimuli02/numnym005.wav,,,,,,,,0,1,1,4,1,,,,,,,,,,,,,,,,,,,,,
,,,,,274830,001,2024-05-21_14h20.14.035,AXB:2AFC Experiments (16.05.2024),2024.1.3,MacIntel,60.24096386,,,,,,,,,,,,,,,,,,,,,,,,,,,,,,num,,,,,,,,,,,,,,,,,,,,,,,,,,,,,,,,,,,,,,,,,,,,,,,,,,,,,,,,,,,,,,,,,,,,,,,,,,,,,,,,,,,,,,,,,,,,,,,,,,,,,,,,,,,757.5778,759.3443,1,1.761,,,,,,TAFCstimuli02/numnym001.wav,,,,,,,,0,2,2,0,1,,,,,,,,,,,,,,,,,,,,,
,,,,,274830,001,2024-05-21_14h20.14.035,AXB:2AFC Experiments (16.05.2024),2024.1.3,MacIntel,60.24096386,,,,,,,,,,,,,,,,,,,,,,,,,,,,,,nym,,,,,,,,,,,,,,,,,,,,,,,,,,,,,,,,,,,,,,,,,,,,,,,,,,,,,,,,,,,,,,,,,,,,,,,,,,,,,,,,,,,,,,,,,,,,,,,,,,,,,,,,,,,759.3445,761.3607,2,2.0026,,,,,,TAFCstimuli02/numnym006.wav,,,,,,,,0,3,3,5,1,,,,,,,,,,,,,,,,,,,,,
,,,,,274830,001,2024-05-21_14h20.14.035,AXB:2AFC Experiments (16.05.2024),2024.1.3,MacIntel,60.24096386,,,,,,,,,,,,,,,,,,,,,,,,,,,,,,num,,,,,,,,,,,,,,,,,,,,,,,,,,,,,,,,,,,,,,,,,,,,,,,,,,,,,,,,,,,,,,,,,,,,,,,,,,,,,,,,,,,,,,,,,,,,,,,,,,,,,,,,,,,761.361,765.3943,1,4.0196,,,,,,TAFCstimuli02/numnym003.wav,,,,,,,,0,4,4,2,1,,,,,,,,,,,,,,,,,,,,,
,,,,,274830,001,2024-05-21_14h20.14.035,AXB:2AFC Experiments (16.05.2024),2024.1.3,MacIntel,60.24096386,,,,,,,,,,,,,,,,,,,,,,,,,,,,,,nym,,,,,,,,,,,,,,,,,,,,,,,,,,,,,,,,,,,,,,,,,,,,,,,,,,,,,,,,,,,,,,,,,,,,,,,,,,,,,,,,,,,,,,,,,,,,,,,,,,,,,,,,,,,765.3945,767.0773,2,1.6785,,,,,,TAFCstimuli02/numnym007.wav,,,,,,,,0,5,5,6,1,,,,,,,,,,,,,,,,,,,,,
,,,,,274830,001,2024-05-21_14h20.14.035,AXB:2AFC Experiments (16.05.2024),2024.1.3,MacIntel,60.24096386,,,,,,,,,,,,,,,,,,,,,,,,,,,,,,num,,,,,,,,,,,,,,,,,,,,,,,,,,,,,,,,,,,,,,,,,,,,,,,,,,,,,,,,,,,,,,,,,,,,,,,,,,,,,,,,,,,,,,,,,,,,,,,,,,,,,,,,,,,767.0776,768.7607,1,1.6726,,,,,,TAFCstimuli02/numnym002.wav,,,,,,,,0,6,6,1,1,,,,,,,,,,,,,,,,,,,,,
,,,,,274830,001,2024-05-21_14h20.14.035,AXB:2AFC Experiments (16.05.2024),2024.1.3,MacIntel,60.24096386,,,,,,,,,,,,,,,,,,,,,,,,,,,,,,nym,,,,,,,,,,,,,,,,,,,,,,,,,,,,,,,,,,,,,,,,,,,,,,,,,,,,,,,,,,,,,,,,,,,,,,,,,,,,,,,,,,,,,,,,,,,,,,,,,,,,,,,,,,,768.7609,770.1915,2,1.4237,,,,,,TAFCstimuli02/numnym006.wav,,,,,,,,1,0,7,5,1,,,,,,,,,,,,,,,,,,,,,
,,,,,274830,001,2024-05-21_14h20.14.035,AXB:2AFC Experiments (16.05.2024),2024.1.3,MacIntel,60.24096386,,,,,,,,,,,,,,,,,,,,,,,,,,,,,,num,,,,,,,,,,,,,,,,,,,,,,,,,,,,,,,,,,,,,,,,,,,,,,,,,,,,,,,,,,,,,,,,,,,,,,,,,,,,,,,,,,,,,,,,,,,,,,,,,,,,,,,,,,,770.1917,772.0585,1,1.8594,,,,,,TAFCstimuli02/numnym003.wav,,,,,,,,1,1,8,2,1,,,,,,,,,,,,,,,,,,,,,
,,,,,274830,001,2024-05-21_14h20.14.035,AXB:2AFC Experiments (16.05.2024),2024.1.3,MacIntel,60.24096386,,,,,,,,,,,,,,,,,,,,,,,,,,,,,,nym,,,,,,,,,,,,,,,,,,,,,,,,,,,,,,,,,,,,,,,,,,,,,,,,,,,,,,,,,,,,,,,,,,,,,,,,,,,,,,,,,,,,,,,,,,,,,,,,,,,,,,,,,,,772.0587,773.3943,2,1.328,,,,,,TAFCstimuli02/numnym007.wav,,,,,,,,1,2,9,6,1,,,,,,,,,,,,,,,,,,,,,
,,,,,274830,001,2024-05-21_14h20.14.035,AXB:2AFC Experiments (16.05.2024),2024.1.3,MacIntel,60.24096386,,,,,,,,,,,,,,,,,,,,,,,,,,,,,,nym,,,,,,,,,,,,,,,,,,,,,,,,,,,,,,,,,,,,,,,,,,,,,,,,,,,,,,,,,,,,,,,,,,,,,,,,,,,,,,,,,,,,,,,,,,,,,,,,,,,,,,,,,,,773.3945,776.2082,2,2.8001,,,,,,TAFCstimuli02/numnym005.wav,,,,,,,,1,3,10,4,1,,,,,,,,,,,,,,,,,,,,,
,,,,,274830,001,2024-05-21_14h20.14.035,AXB:2AFC Experiments (16.05.2024),2024.1.3,MacIntel,60.24096386,,,,,,,,,,,,,,,,,,,,,,,,,,,,,,/,,,,,,,,,,,,,,,,,,,,,,,,,,,,,,,,,,,,,,,,,,,,,,,,,,,,,,,,,,,,,,,,,,,,,,,,,,,,,,,,,,,,,,,,,,,,,,,,,,,,,,,,,,,776.2084,777.7099,2,1.4866,,,,,,TAFCstimuli02/numnym004.wav,,,,,,,,1,4,11,3,1,,,,,,,,,,,,,,,,,,,,,
,,,,,274830,001,2024-05-21_14h20.14.035,AXB:2AFC Experiments (16.05.2024),2024.1.3,MacIntel,60.24096386,,,,,,,,,,,,,,,,,,,,,,,,,,,,,,num,,,,,,,,,,,,,,,,,,,,,,,,,,,,,,,,,,,,,,,,,,,,,,,,,,,,,,,,,,,,,,,,,,,,,,,,,,,,,,,,,,,,,,,,,,,,,,,,,,,,,,,,,,,777.7102,780.1438,1,2.4187,,,,,,TAFCstimuli02/numnym002.wav,,,,,,,,1,5,12,1,1,,,,,,,,,,,,,,,,,,,,,
,,,,,274830,001,2024-05-21_14h20.14.035,AXB:2AFC Experiments (16.05.2024),2024.1.3,MacIntel,60.24096386,,,,,,,,,,,,,,,,,,,,,,,,,,,,,,num,,,,,,,,,,,,,,,,,,,,,,,,,,,,,,,,,,,,,,,,,,,,,,,,,,,,,,,,,,,,,,,,,,,,,,,,,,,,,,,,,,,,,,,,,,,,,,,,,,,,,,,,,,,780.144,784.3414,1,4.1891,,,,,,TAFCstimuli02/numnym001.wav,,,,,,,,1,6,13,0,1,,,,,,,,,,,,,,,,,,,,,
,,,,,274830,001,2024-05-21_14h20.14.035,AXB:2AFC Experiments (16.05.2024),2024.1.3,MacIntel,60.24096386,,,,,,,,,,,,,,,,,,,,,,,,,,,,,,num,,,,,,,,,,,,,,,,,,,,,,,,,,,,,,,,,,,,,,,,,,,,,,,,,,,,,,,,,,,,,,,,,,,,,,,,,,,,,,,,,,,,,,,,,,,,,,,,,,,,,,,,,,,784.3417,785.977,1,1.6264,,,,,,TAFCstimuli02/numnym001.wav,,,,,,,,2,0,14,0,1,,,,,,,,,,,,,,,,,,,,,
,,,,,274830,001,2024-05-21_14h20.14.035,AXB:2AFC Experiments (16.05.2024),2024.1.3,MacIntel,60.24096386,,,,,,,,,,,,,,,,,,,,,,,,,,,,,,nym,,,,,,,,,,,,,,,,,,,,,,,,,,,,,,,,,,,,,,,,,,,,,,,,,,,,,,,,,,,,,,,,,,,,,,,,,,,,,,,,,,,,,,,,,,,,,,,,,,,,,,,,,,,785.9773,788.5751,2,2.5911,,,,,,TAFCstimuli02/numnym007.wav,,,,,,,,2,1,15,6,1,,,,,,,,,,,,,,,,,,,,,
,,,,,274830,001,2024-05-21_14h20.14.035,AXB:2AFC Experiments (16.05.2024),2024.1.3,MacIntel,60.24096386,,,,,,,,,,,,,,,,,,,,,,,,,,,,,,nym,,,,,,,,,,,,,,,,,,,,,,,,,,,,,,,,,,,,,,,,,,,,,,,,,,,,,,,,,,,,,,,,,,,,,,,,,,,,,,,,,,,,,,,,,,,,,,,,,,,,,,,,,,,788.5754,790.7092,2,2.124,,,,,,TAFCstimuli02/numnym005.wav,,,,,,,,2,2,16,4,1,,,,,,,,,,,,,,,,,,,,,
,,,,,274830,001,2024-05-21_14h20.14.035,AXB:2AFC Experiments (16.05.2024),2024.1.3,MacIntel,60.24096386,,,,,,,,,,,,,,,,,,,,,,,,,,,,,,/,,,,,,,,,,,,,,,,,,,,,,,,,,,,,,,,,,,,,,,,,,,,,,,,,,,,,,,,,,,,,,,,,,,,,,,,,,,,,,,,,,,,,,,,,,,,,,,,,,,,,,,,,,,790.7095,792.2587,2,1.5415,,,,,,TAFCstimuli02/numnym004.wav,,,,,,,,2,3,17,3,1,,,,,,,,,,,,,,,,,,,,,
,,,,,274830,001,2024-05-21_14h20.14.035,AXB:2AFC Experiments (16.05.2024),2024.1.3,MacIntel,60.24096386,,,,,,,,,,,,,,,,,,,,,,,,,,,,,,nym,,,,,,,,,,,,,,,,,,,,,,,,,,,,,,,,,,,,,,,,,,,,,,,,,,,,,,,,,,,,,,,,,,,,,,,,,,,,,,,,,,,,,,,,,,,,,,,,,,,,,,,,,,,792.259,793.6598,2,1.4002,,,,,,TAFCstimuli02/numnym006.wav,,,,,,,,2,4,18,5,1,,,,,,,,,,,,,,,,,,,,,
,,,,,274830,001,2024-05-21_14h20.14.035,AXB:2AFC Experiments (16.05.2024),2024.1.3,MacIntel,60.24096386,,,,,,,,,,,,,,,,,,,,,,,,,,,,,,num,,,,,,,,,,,,,,,,,,,,,,,,,,,,,,,,,,,,,,,,,,,,,,,,,,,,,,,,,,,,,,,,,,,,,,,,,,,,,,,,,,,,,,,,,,,,,,,,,,,,,,,,,,,793.66,796.0585,1,2.3856,,,,,,TAFCstimuli02/numnym002.wav,,,,,,,,2,5,19,1,1,,,,,,,,,,,,,,,,,,,,,
,,,,,274830,001,2024-05-21_14h20.14.035,AXB:2AFC Experiments (16.05.2024),2024.1.3,MacIntel,60.24096386,,,,,,,,,,,,,,,,,,,,,,,,,,,,,,num,,,,,,,,,,,,,,,,,,,,,,,,,,,,,,,,,,,,,,,,,,,,,,,,,,,,,,,,,,,,,,,,,,,,,,,,,,,,,,,,,,,,,,,,,,,,,,,,,,,,,,,,,,,796.0586,798.7096,1,2.6346,,,,,,TAFCstimuli02/numnym003.wav,,,,,,,,2,6,20,2,1,,,,,,,,,,,,,,,,,,,,,
,,,,,274830,001,2024-05-21_14h20.14.035,AXB:2AFC Experiments (16.05.2024),2024.1.3,MacIntel,60.24096386,,,,,,,,,,,,,,,,,,,,,,,,,,,,,,,798.7101,800.5946,space,1.88,,,,,,,,,,,,,,,,,,,,,,,,,,,,,,,,,,,,,,,,,,,,,,,,,,,,,,,,,,,,,,,,,,,,,,,,,,,,,,,,,,,,,,,,,,,,,,,,,,,,,,,,,,,,,,,,,,,,,,,,,,,,,,,,,,,,,,,,,,,,,,,,,
,,,,,274830,001,2024-05-21_14h20.14.035,AXB:2AFC Experiments (16.05.2024),2024.1.3,MacIntel,60.24096386,,,,,,,,,,,,,,,,,,,,,,,,,,,,,,num,,,,,,,,,,,,,,,,,,,,,,,,,,,,,,,,,,,,,,,,,,,,,,,,,,,,,,,,,,,,,,,,,,,,,,,,,,,,,,,,,,,,,,,,,,,,,,,,,,,,,,,,,,,800.5995,803.8077,1,3.2026,,,,,,TAFCstimuli02/numnym001.wav,,,,,,,,,,,,,0,0,0,0,1,,,,,,,,,,,,,,,,
,,,,,274830,001,2024-05-21_14h20.14.035,AXB:2AFC Experiments (16.05.2024),2024.1.3,MacIntel,60.24096386,,,,,,,,,,,,,,,,,,,,,,,,,,,,,,num,,,,,,,,,,,,,,,,,,,,,,,,,,,,,,,,,,,,,,,,,,,,,,,,,,,,,,,,,,,,,,,,,,,,,,,,,,,,,,,,,,,,,,,,,,,,,,,,,,,,,,,,,,,803.8081,806.0914,1,2.2707,,,,,,TAFCstimuli02/numnym002.wav,,,,,,,,,,,,,0,1,1,1,1,,,,,,,,,,,,,,,,
,,,,,274830,001,2024-05-21_14h20.14.035,AXB:2AFC Experiments (16.05.2024),2024.1.3,MacIntel,60.24096386,,,,,,,,,,,,,,,,,,,,,,,,,,,,,,/,,,,,,,,,,,,,,,,,,,,,,,,,,,,,,,,,,,,,,,,,,,,,,,,,,,,,,,,,,,,,,,,,,,,,,,,,,,,,,,,,,,,,,,,,,,,,,,,,,,,,,,,,,,806.0917,808.2746,1,2.1759,,,,,,TAFCstimuli02/numnym004.wav,,,,,,,,,,,,,0,2,2,3,1,,,,,,,,,,,,,,,,
,,,,,274830,001,2024-05-21_14h20.14.035,AXB:2AFC Experiments (16.05.2024),2024.1.3,MacIntel,60.24096386,,,,,,,,,,,,,,,,,,,,,,,,,,,,,,nym,,,,,,,,,,,,,,,,,,,,,,,,,,,,,,,,,,,,,,,,,,,,,,,,,,,,,,,,,,,,,,,,,,,,,,,,,,,,,,,,,,,,,,,,,,,,,,,,,,,,,,,,,,,808.2748,810.4427,2,2.1599,,,,,,TAFCstimuli02/numnym007.wav,,,,,,,,,,,,,0,3,3,6,1,,,,,,,,,,,,,,,,
,,,,,274830,001,2024-05-21_14h20.14.035,AXB:2AFC Experiments (16.05.2024),2024.1.3,MacIntel,60.24096386,,,,,,,,,,,,,,,,,,,,,,,,,,,,,,nym,,,,,,,,,,,,,,,,,,,,,,,,,,,,,,,,,,,,,,,,,,,,,,,,,,,,,,,,,,,,,,,,,,,,,,,,,,,,,,,,,,,,,,,,,,,,,,,,,,,,,,,,,,,810.4429,812.0251,2,1.5749,,,,,,TAFCstimuli02/numnym006.wav,,,,,,,,,,,,,0,4,4,5,1,,,,,,,,,,,,,,,,
,,,,,274830,001,2024-05-21_14h20.14.035,AXB:2AFC Experiments (16.05.2024),2024.1.3,MacIntel,60.24096386,,,,,,,,,,,,,,,,,,,,,,,,,,,,,,num,,,,,,,,,,,,,,,,,,,,,,,,,,,,,,,,,,,,,,,,,,,,,,,,,,,,,,,,,,,,,,,,,,,,,,,,,,,,,,,,,,,,,,,,,,,,,,,,,,,,,,,,,,,812.0254,817.8578,1,5.8283,,,,,,TAFCstimuli02/numnym003.wav,,,,,,,,,,,,,0,5,5,2,1,,,,,,,,,,,,,,,,
,,,,,274830,001,2024-05-21_14h20.14.035,AXB:2AFC Experiments (16.05.2024),2024.1.3,MacIntel,60.24096386,,,,,,,,,,,,,,,,,,,,,,,,,,,,,,nym,,,,,,,,,,,,,,,,,,,,,,,,,,,,,,,,,,,,,,,,,,,,,,,,,,,,,,,,,,,,,,,,,,,,,,,,,,,,,,,,,,,,,,,,,,,,,,,,,,,,,,,,,,,817.8581,818.2752,1,0.4077,,,,,,TAFCstimuli02/numnym005.wav,,,,,,,,,,,,,0,6,6,4,1,,,,,,,,,,,,,,,,
,,,,,274830,001,2024-05-21_14h20.14.035,AXB:2AFC Experiments (16.05.2024),2024.1.3,MacIntel,60.24096386,,,,,,,,,,,,,,,,,,,,,,,,,,,,,,nym,,,,,,,,,,,,,,,,,,,,,,,,,,,,,,,,,,,,,,,,,,,,,,,,,,,,,,,,,,,,,,,,,,,,,,,,,,,,,,,,,,,,,,,,,,,,,,,,,,,,,,,,,,,818.2754,821.5921,2,3.304,,,,,,TAFCstimuli02/numnym007.wav,,,,,,,,,,,,,1,0,7,6,1,,,,,,,,,,,,,,,,
,,,,,274830,001,2024-05-21_14h20.14.035,AXB:2AFC Experiments (16.05.2024),2024.1.3,MacIntel,60.24096386,,,,,,,,,,,,,,,,,,,,,,,,,,,,,,/,,,,,,,,,,,,,,,,,,,,,,,,,,,,,,,,,,,,,,,,,,,,,,,,,,,,,,,,,,,,,,,,,,,,,,,,,,,,,,,,,,,,,,,,,,,,,,,,,,,,,,,,,,,821.5925,823.3253,2,1.7288,,,,,,TAFCstimuli02/numnym004.wav,,,,,,,,,,,,,1,1,8,3,1,,,,,,,,,,,,,,,,
,,,,,274830,001,2024-05-21_14h20.14.035,AXB:2AFC Experiments (16.05.2024),2024.1.3,MacIntel,60.24096386,,,,,,,,,,,,,,,,,,,,,,,,,,,,,,nym,,,,,,,,,,,,,,,,,,,,,,,,,,,,,,,,,,,,,,,,,,,,,,,,,,,,,,,,,,,,,,,,,,,,,,,,,,,,,,,,,,,,,,,,,,,,,,,,,,,,,,,,,,,823.3256,824.858,2,1.52,,,,,,TAFCstimuli02/numnym005.wav,,,,,,,,,,,,,1,2,9,4,1,,,,,,,,,,,,,,,,
,,,,,274830,001,2024-05-21_14h20.14.035,AXB:2AFC Experiments (16.05.2024),2024.1.3,MacIntel,60.24096386,,,,,,,,,,,,,,,,,,,,,,,,,,,,,,nym,,,,,,,,,,,,,,,,,,,,,,,,,,,,,,,,,,,,,,,,,,,,,,,,,,,,,,,,,,,,,,,,,,,,,,,,,,,,,,,,,,,,,,,,,,,,,,,,,,,,,,,,,,,824.8583,826.3577,2,1.4866,,,,,,TAFCstimuli02/numnym006.wav,,,,,,,,,,,,,1,3,10,5,1,,,,,,,,,,,,,,,,
,,,,,274830,001,2024-05-21_14h20.14.035,AXB:2AFC Experiments (16.05.2024),2024.1.3,MacIntel,60.24096386,,,,,,,,,,,,,,,,,,,,,,,,,,,,,,num,,,,,,,,,,,,,,,,,,,,,,,,,,,,,,,,,,,,,,,,,,,,,,,,,,,,,,,,,,,,,,,,,,,,,,,,,,,,,,,,,,,,,,,,,,,,,,,,,,,,,,,,,,,826.3579,828.3578,1,1.9956,,,,,,TAFCstimuli02/numnym002.wav,,,,,,,,,,,,,1,4,11,1,1,,,,,,,,,,,,,,,,
,,,,,274830,001,2024-05-21_14h20.14.035,AXB:2AFC Experiments (16.05.2024),2024.1.3,MacIntel,60.24096386,,,,,,,,,,,,,,,,,,,,,,,,,,,,,,num,,,,,,,,,,,,,,,,,,,,,,,,,,,,,,,,,,,,,,,,,,,,,,,,,,,,,,,,,,,,,,,,,,,,,,,,,,,,,,,,,,,,,,,,,,,,,,,,,,,,,,,,,,,828.3581,829.973,1,1.6098,,,,,,TAFCstimuli02/numnym003.wav,,,,,,,,,,,,,1,5,12,2,1,,,,,,,,,,,,,,,,
,,,,,274830,001,2024-05-21_14h20.14.035,AXB:2AFC Experiments (16.05.2024),2024.1.3,MacIntel,60.24096386,,,,,,,,,,,,,,,,,,,,,,,,,,,,,,num,,,,,,,,,,,,,,,,,,,,,,,,,,,,,,,,,,,,,,,,,,,,,,,,,,,,,,,,,,,,,,,,,,,,,,,,,,,,,,,,,,,,,,,,,,,,,,,,,,,,,,,,,,,829.9731,831.3417,1,1.3635,,,,,,TAFCstimuli02/numnym001.wav,,,,,,,,,,,,,1,6,13,0,1,,,,,,,,,,,,,,,,
,,,,,274830,001,2024-05-21_14h20.14.035,AXB:2AFC Experiments (16.05.2024),2024.1.3,MacIntel,60.24096386,,,,,,,,,,,,,,,,,,,,,,,,,,,,,,,,,,,,,,,,,,,,,,,,,,,,,,,,,,,,,,,,,,,,,,,,,,,,,,,,,,,,,,,,,,,,,,,,,,,,,,,,,,,,,,,,,,,,,,,,,,,,,,,,,,,,,,,,,,,,,,,,,,,,,,,,,,,,,,,,,,,,831.3423,832.1414,0,[832.1416000001431],[832.1416000001431],,,,,,,,,,,
,,,,,274830,001,2024-05-21_14h20.14.035,AXB:2AFC Experiments (16.05.2024),2024.1.3,MacIntel,60.24096386,,,,,,,,,,,,,,,,,,,,,,,,,,,,,,nym,,,,,,,,,,,,,,,,,,,,,,,,,,,,,,,,,,,,,,,,,,,,,,,,,,,,,,,,,,,,,,,,,,,,,,,,,,,,,,,,,,,,,,,,,,,,,,,,,,,,,,,,,,,832.144,833.2249,2,1.0741,,,,,,TAFCstimuli02/numnym005.wav,,,,,,,,,,,,,,,,,,,,,,,,0,0,0,4,1,,,,,
,,,,,274830,001,2024-05-21_14h20.14.035,AXB:2AFC Experiments (16.05.2024),2024.1.3,MacIntel,60.24096386,,,,,,,,,,,,,,,,,,,,,,,,,,,,,,/,,,,,,,,,,,,,,,,,,,,,,,,,,,,,,,,,,,,,,,,,,,,,,,,,,,,,,,,,,,,,,,,,,,,,,,,,,,,,,,,,,,,,,,,,,,,,,,,,,,,,,,,,,,833.2252,835.4415,2,2.2103,,,,,,TAFCstimuli02/numnym004.wav,,,,,,,,,,,,,,,,,,,,,,,,0,1,1,3,1,,,,,
,,,,,274830,001,2024-05-21_14h20.14.035,AXB:2AFC Experiments (16.05.2024),2024.1.3,MacIntel,60.24096386,,,,,,,,,,,,,,,,,,,,,,,,,,,,,,num,,,,,,,,,,,,,,,,,,,,,,,,,,,,,,,,,,,,,,,,,,,,,,,,,,,,,,,,,,,,,,,,,,,,,,,,,,,,,,,,,,,,,,,,,,,,,,,,,,,,,,,,,,,835.4417,837.4576,1,2.0091,,,,,,TAFCstimuli02/numnym002.wav,,,,,,,,,,,,,,,,,,,,,,,,0,2,2,1,1,,,,,
,,,,,274830,001,2024-05-21_14h20.14.035,AXB:2AFC Experiments (16.05.2024),2024.1.3,MacIntel,60.24096386,,,,,,,,,,,,,,,,,,,,,,,,,,,,,,nym,,,,,,,,,,,,,,,,,,,,,,,,,,,,,,,,,,,,,,,,,,,,,,,,,,,,,,,,,,,,,,,,,,,,,,,,,,,,,,,,,,,,,,,,,,,,,,,,,,,,,,,,,,,837.4578,839.4906,2,2.0274,,,,,,TAFCstimuli02/numnym007.wav,,,,,,,,,,,,,,,,,,,,,,,,0,3,3,6,1,,,,,
,,,,,274830,001,2024-05-21_14h20.14.035,AXB:2AFC Experiments (16.05.2024),2024.1.3,MacIntel,60.24096386,,,,,,,,,,,,,,,,,,,,,,,,,,,,,,num,,,,,,,,,,,,,,,,,,,,,,,,,,,,,,,,,,,,,,,,,,,,,,,,,,,,,,,,,,,,,,,,,,,,,,,,,,,,,,,,,,,,,,,,,,,,,,,,,,,,,,,,,,,839.4908,841.0394,1,1.5448,,,,,,TAFCstimuli02/numnym001.wav,,,,,,,,,,,,,,,,,,,,,,,,0,4,4,0,1,,,,,
,,,,,274830,001,2024-05-21_14h20.14.035,AXB:2AFC Experiments (16.05.2024),2024.1.3,MacIntel,60.24096386,,,,,,,,,,,,,,,,,,,,,,,,,,,,,,num,,,,,,,,,,,,,,,,,,,,,,,,,,,,,,,,,,,,,,,,,,,,,,,,,,,,,,,,,,,,,,,,,,,,,,,,,,,,,,,,,,,,,,,,,,,,,,,,,,,,,,,,,,,841.0397,843.09,1,2.0379,,,,,,TAFCstimuli02/numnym003.wav,,,,,,,,,,,,,,,,,,,,,,,,0,5,5,2,1,,,,,
,,,,,274830,001,2024-05-21_14h20.14.035,AXB:2AFC Experiments (16.05.2024),2024.1.3,MacIntel,60.24096386,,,,,,,,,,,,,,,,,,,,,,,,,,,,,,nym,,,,,,,,,,,,,,,,,,,,,,,,,,,,,,,,,,,,,,,,,,,,,,,,,,,,,,,,,,,,,,,,,,,,,,,,,,,,,,,,,,,,,,,,,,,,,,,,,,,,,,,,,,,843.0902,845.0556,2,1.9642,,,,,,TAFCstimuli02/numnym006.wav,,,,,,,,,,,,,,,,,,,,,,,,0,6,6,5,1,,,,,
,,,,,274830,001,2024-05-21_14h20.14.035,AXB:2AFC Experiments (16.05.2024),2024.1.3,MacIntel,60.24096386,,,,,,,,,,,,,,,,,,,,,,,,,,,,,,num,,,,,,,,,,,,,,,,,,,,,,,,,,,,,,,,,,,,,,,,,,,,,,,,,,,,,,,,,,,,,,,,,,,,,,,,,,,,,,,,,,,,,,,,,,,,,,,,,,,,,,,,,,,845.0559,847.0247,1,1.9632,,,,,,TAFCstimuli02/numnym003.wav,,,,,,,,,,,,,,,,,,,,,,,,1,0,7,2,1,,,,,
,,,,,274830,001,2024-05-21_14h20.14.035,AXB:2AFC Experiments (16.05.2024),2024.1.3,MacIntel,60.24096386,,,,,,,,,,,,,,,,,,,,,,,,,,,,,,num,,,,,,,,,,,,,,,,,,,,,,,,,,,,,,,,,,,,,,,,,,,,,,,,,,,,,,,,,,,,,,,,,,,,,,,,,,,,,,,,,,,,,,,,,,,,,,,,,,,,,,,,,,,847.0249,848.6897,1,1.6594,,,,,,TAFCstimuli02/numnym002.wav,,,,,,,,,,,,,,,,,,,,,,,,1,1,8,1,1,,,,,
,,,,,274830,001,2024-05-21_14h20.14.035,AXB:2AFC Experiments (16.05.2024),2024.1.3,MacIntel,60.24096386,,,,,,,,,,,,,,,,,,,,,,,,,,,,,,/,,,,,,,,,,,,,,,,,,,,,,,,,,,,,,,,,,,,,,,,,,,,,,,,,,,,,,,,,,,,,,,,,,,,,,,,,,,,,,,,,,,,,,,,,,,,,,,,,,,,,,,,,,,848.69,850.0565,1,1.3645,,,,,,TAFCstimuli02/numnym004.wav,,,,,,,,,,,,,,,,,,,,,,,,1,2,9,3,1,,,,,
,,,,,274830,001,2024-05-21_14h20.14.035,AXB:2AFC Experiments (16.05.2024),2024.1.3,MacIntel,60.24096386,,,,,,,,,,,,,,,,,,,,,,,,,,,,,,nym,,,,,,,,,,,,,,,,,,,,,,,,,,,,,,,,,,,,,,,,,,,,,,,,,,,,,,,,,,,,,,,,,,,,,,,,,,,,,,,,,,,,,,,,,,,,,,,,,,,,,,,,,,,850.0567,851.887,2,1.8206,,,,,,TAFCstimuli02/numnym006.wav,,,,,,,,,,,,,,,,,,,,,,,,1,3,10,5,1,,,,,
,,,,,274830,001,2024-05-21_14h20.14.035,AXB:2AFC Experiments (16.05.2024),2024.1.3,MacIntel,60.24096386,,,,,,,,,,,,,,,,,,,,,,,,,,,,,,num,,,,,,,,,,,,,,,,,,,,,,,,,,,,,,,,,,,,,,,,,,,,,,,,,,,,,,,,,,,,,,,,,,,,,,,,,,,,,,,,,,,,,,,,,,,,,,,,,,,,,,,,,,,851.8873,853.8402,1,1.9494,,,,,,TAFCstimuli02/numnym001.wav,,,,,,,,,,,,,,,,,,,,,,,,1,4,11,0,1,,,,,
,,,,,274830,001,2024-05-21_14h20.14.035,AXB:2AFC Experiments (16.05.2024),2024.1.3,MacIntel,60.24096386,,,,,,,,,,,,,,,,,,,,,,,,,,,,,,nym,,,,,,,,,,,,,,,,,,,,,,,,,,,,,,,,,,,,,,,,,,,,,,,,,,,,,,,,,,,,,,,,,,,,,,,,,,,,,,,,,,,,,,,,,,,,,,,,,,,,,,,,,,,853.8404,855.3543,2,1.5044,,,,,,TAFCstimuli02/numnym005.wav,,,,,,,,,,,,,,,,,,,,,,,,1,5,12,4,1,,,,,
,,,,,274830,001,2024-05-21_14h20.14.035,AXB:2AFC Experiments (16.05.2024),2024.1.3,MacIntel,60.24096386,,,,,,,,,,,,,,,,,,,,,,,,,,,,,,nym,,,,,,,,,,,,,,,,,,,,,,,,,,,,,,,,,,,,,,,,,,,,,,,,,,,,,,,,,,,,,,,,,,,,,,,,,,,,,,,,,,,,,,,,,,,,,,,,,,,,,,,,,,,855.3546,857.6903,2,2.3211,,,,,,TAFCstimuli02/numnym007.wav,,,,,,,,,,,,,,,,,,,,,,,,1,6,13,6,1,,,,,
,,,,,274830,001,2024-05-21_14h20.14.035,AXB:2AFC Experiments (16.05.2024),2024.1.3,MacIntel,60.24096386,,,,,,,,,,,,,,,,,,,,,,,,,,,,,,,,,,,,,,,,,,,,,,,,,,,,,,,,,,,,,,,,,,,,,,,,,,,,,,,,,,,,,,,,,,,,,,,,,,,,,,,,,,,,,,,,,,,,,,,,,,,,,,,,,,,,,,,,,,,,,,,,,,,,,,,,,,,,,,,,,,,,,,,,,,,,,,,857.6908,902.9884,space,45.2786,
