﻿start.started,start.stopped,startkey_resp.keys,startkey_resp.rt,startkey_resp.duration,participant,session,date,expName,psychopyVersion,OS,frameRate,attention.started,attention.stopped,key_resp.keys,key_resp.rt,key_resp.duration,stimuliAXBmix.started,stimuliAXBmix.stopped,stimuliAXBkey_resp.keys,stimuliAXBkey_resp.rt,stimuliAXBkey_resp.duration,stimuliAXBtesttrials.thisRepN,stimuliAXBtesttrials.thisTrialN,stimuliAXBtesttrials.thisN,stimuliAXBtesttrials.thisIndex,stimuliAXBtesttrials.ran,stimuliAXBmix,Correct,attentionsecond.started,attentionsecond.stopped,attentionsecondkey_resp.keys,attentionsecondkey_resp.rt,attentionsecondkey_resp.duration,instAXBreal.started,instAXBreal.stopped,instAXBrealkey_resp.keys,instAXBrealkey_resp.rt,instAXBrealkey_resp.duration,stimuliAXBmixfirst.thisRepN,stimuliAXBmixfirst.thisTrialN,stimuliAXBmixfirst.thisN,stimuliAXBmixfirst.thisIndex,stimuliAXBmixfirst.ran,attentionfirst.started,attentionfirst.stopped,attentionfirstkey_resp.keys,attentionfirstkey_resp.rt,attentionfirstkey_resp.duration,stimuliAXbmixsec.thisRepN,stimuliAXbmixsec.thisTrialN,stimuliAXbmixsec.thisN,stimuliAXbmixsec.thisIndex,stimuliAXbmixsec.ran,kaffeepause.started,kaffeepause.stopped,kaffeepausekey_resp.keys,kaffeepausekey_resp.rt,kaffeepausekey_resp.duration,instTAFCtest.started,instTAFCtest.stopped,instTAFCtestkey_resp.keys,instTAFCtestkey_resp.rt,instTAFCtestkey_resp.duration,testTAFCmixfirst.started,testTAFCmixfirst.stopped,testTAFCmixfirstkey_resp.keys,testTAFCmixfirstkey_resp.rt,testTAFCmixfirstkey_resp.duration,testTAFCmixfirsttrials.thisRepN,testTAFCmixfirsttrials.thisTrialN,testTAFCmixfirsttrials.thisN,testTAFCmixfirsttrials.thisIndex,testTAFCmixfirsttrials.ran,testTAFCmixfirst,testTAFCmixsec.started,testTAFCmixsec.stopped,testTAFCmixseckey_resp.keys,testTAFCmixseckey_resp.rt,testTAFCmixseckey_resp.duration,testTAFCmixsectrials.thisRepN,testTAFCmixsectrials.thisTrialN,testTAFCmixsectrials.thisN,testTAFCmixsectrials.thisIndex,testTAFCmixsectrials.ran,testTAFCmixsec,instTAFCreal.started,instTAFCreal.stopped,instTAFCrealkey_resp.keys,instTAFCrealkey_resp.rt,instTAFCrealkey_resp.duration,stimuliTAFCfirst.started,stimuliTAFCfirst.stopped,stimuliTAFCfirstkey_resp.keys,stimuliTAFCfirstkey_resp.rt,stimuliTAFCfirstkey_resp.duration,stimuliTAFCfirsttrials.thisRepN,stimuliTAFCfirsttrials.thisTrialN,stimuliTAFCfirsttrials.thisN,stimuliTAFCfirsttrials.thisIndex,stimuliTAFCfirsttrials.ran,stimuliTAFCfirst,stimuliTAFCsec.started,stimuliTAFCsec.stopped,stimuliTAFCseckey_resp.keys,stimuliTAFCseckey_resp.rt,stimuliTAFCseckey_resp.duration,stimuliTAFCsectrials.thisRepN,stimuliTAFCsectrials.thisTrialN,stimuliTAFCsectrials.thisN,stimuliTAFCsectrials.thisIndex,stimuliTAFCsectrials.ran,stimuliTAFCsec,end.started,end.stopped
0,31.152,space,31.102,,813570,001,2024-05-24_14h41.53.102,mathesisv2,2024.1.3,Win32,60.0240096,,,,,,,,,,,,,,,,,,,,,,,,,,,,,,,,,,,,,,,,,,,,,,,,,,,,,,,,,,,,,,,,,,,,,,,,,,,,,,,,,,,,,,,,,,,,,,,,,,,,,,,
,,,,,813570,001,2024-05-24_14h41.53.102,mathesisv2,2024.1.3,Win32,60.0240096,31.152,40.902,space,9.714,,,,,,,,,,,,,,,,,,,,,,,,,,,,,,,,,,,,,,,,,,,,,,,,,,,,,,,,,,,,,,,,,,,,,,,,,,,,,,,,,,,,,,,,,,,,,,,,,,,
,,,,,813570,001,2024-05-24_14h41.53.102,mathesisv2,2024.1.3,Win32,60.0240096,,,,,,40.908,82.035,f,41.102,,0,0,0,0,1,stimuliAXBmix/iiystimulus.wav,l,,,,,,,,,,,,,,,,,,,,,,,,,,,,,,,,,,,,,,,,,,,,,,,,,,,,,,,,,,,,,,,,,,,,,,,,,,,,,,,,,,,,,,
,,,,,813570,001,2024-05-24_14h41.53.102,mathesisv2,2024.1.3,Win32,60.0240096,,,,,,82.036,92.286,f,10.234,,0,1,1,3,1,stimuliAXBmix/yyustimulus.wav,l,,,,,,,,,,,,,,,,,,,,,,,,,,,,,,,,,,,,,,,,,,,,,,,,,,,,,,,,,,,,,,,,,,,,,,,,,,,,,,,,,,,,,,
,,,,,813570,001,2024-05-24_14h41.53.102,mathesisv2,2024.1.3,Win32,60.0240096,,,,,,92.286,106.902,f,14.609,,0,2,2,1,1,stimuliAXBmix/iyystimulus.wav,f,,,,,,,,,,,,,,,,,,,,,,,,,,,,,,,,,,,,,,,,,,,,,,,,,,,,,,,,,,,,,,,,,,,,,,,,,,,,,,,,,,,,,,
,,,,,813570,001,2024-05-24_14h41.53.102,mathesisv2,2024.1.3,Win32,60.0240096,,,,,,106.903,112.168,f,5.26,,0,3,3,2,1,stimuliAXBmix/yuustimulus.wav,f,,,,,,,,,,,,,,,,,,,,,,,,,,,,,,,,,,,,,,,,,,,,,,,,,,,,,,,,,,,,,,,,,,,,,,,,,,,,,,,,,,,,,,
,,,,,813570,001,2024-05-24_14h41.53.102,mathesisv2,2024.1.3,Win32,60.0240096,,,,,,,,,,,,,,,,,,112.169,116.386,space,4.194,,,,,,,,,,,,,,,,,,,,,,,,,,,,,,,,,,,,,,,,,,,,,,,,,,,,,,,,,,,,,,,,,,,,,,,,,,,,,,,,,,
,,,,,813570,001,2024-05-24_14h41.53.102,mathesisv2,2024.1.3,Win32,60.0240096,,,,,,,,,,,,,,,,,,,,,,,116.386,130.036,space,13.616,,,,,,,,,,,,,,,,,,,,,,,,,,,,,,,,,,,,,,,,,,,,,,,,,,,,,,,,,,,,,,,,,,,,,,,,,,,,,
,,,,,813570,001,2024-05-24_14h41.53.102,mathesisv2,2024.1.3,Win32,60.0240096,,,,,,130.043,134.802,l,4.753,,,,,,,stimuliAXBmix/iiystimulus.wav,l,,,,,,,,,,,0,0,0,0,1,,,,,,,,,,,,,,,,,,,,,,,,,,,,,,,,,,,,,,,,,,,,,,,,,,,,,,,,,,,,,,,,,,,,,,,
,,,,,813570,001,2024-05-24_14h41.53.102,mathesisv2,2024.1.3,Win32,60.0240096,,,,,,134.803,140.186,f,5.368,,,,,,,stimuliAXBmix/yuustimulus.wav,f,,,,,,,,,,,0,1,1,2,1,,,,,,,,,,,,,,,,,,,,,,,,,,,,,,,,,,,,,,,,,,,,,,,,,,,,,,,,,,,,,,,,,,,,,,,
,,,,,813570,001,2024-05-24_14h41.53.102,mathesisv2,2024.1.3,Win32,60.0240096,,,,,,140.187,144.503,l,4.304,,,,,,,stimuliAXBmix/yyustimulus.wav,l,,,,,,,,,,,0,2,2,3,1,,,,,,,,,,,,,,,,,,,,,,,,,,,,,,,,,,,,,,,,,,,,,,,,,,,,,,,,,,,,,,,,,,,,,,,
,,,,,813570,001,2024-05-24_14h41.53.102,mathesisv2,2024.1.3,Win32,60.0240096,,,,,,144.503,148.736,f,4.219,,,,,,,stimuliAXBmix/iyystimulus.wav,f,,,,,,,,,,,0,3,3,1,1,,,,,,,,,,,,,,,,,,,,,,,,,,,,,,,,,,,,,,,,,,,,,,,,,,,,,,,,,,,,,,,,,,,,,,,
,,,,,813570,001,2024-05-24_14h41.53.102,mathesisv2,2024.1.3,Win32,60.0240096,,,,,,148.736,151.969,l,3.222,,,,,,,stimuliAXBmix/iiystimulus.wav,l,,,,,,,,,,,1,0,4,0,1,,,,,,,,,,,,,,,,,,,,,,,,,,,,,,,,,,,,,,,,,,,,,,,,,,,,,,,,,,,,,,,,,,,,,,,
,,,,,813570,001,2024-05-24_14h41.53.102,mathesisv2,2024.1.3,Win32,60.0240096,,,,,,151.97,156.802,f,4.827,,,,,,,stimuliAXBmix/yuustimulus.wav,f,,,,,,,,,,,1,1,5,2,1,,,,,,,,,,,,,,,,,,,,,,,,,,,,,,,,,,,,,,,,,,,,,,,,,,,,,,,,,,,,,,,,,,,,,,,
,,,,,813570,001,2024-05-24_14h41.53.102,mathesisv2,2024.1.3,Win32,60.0240096,,,,,,156.803,160.286,l,3.473,,,,,,,stimuliAXBmix/yyustimulus.wav,l,,,,,,,,,,,1,2,6,3,1,,,,,,,,,,,,,,,,,,,,,,,,,,,,,,,,,,,,,,,,,,,,,,,,,,,,,,,,,,,,,,,,,,,,,,,
,,,,,813570,001,2024-05-24_14h41.53.102,mathesisv2,2024.1.3,Win32,60.0240096,,,,,,160.286,164.203,f,3.907,,,,,,,stimuliAXBmix/iyystimulus.wav,f,,,,,,,,,,,1,3,7,1,1,,,,,,,,,,,,,,,,,,,,,,,,,,,,,,,,,,,,,,,,,,,,,,,,,,,,,,,,,,,,,,,,,,,,,,,
,,,,,813570,001,2024-05-24_14h41.53.102,mathesisv2,2024.1.3,Win32,60.0240096,,,,,,164.204,167.769,f,3.557,,,,,,,stimuliAXBmix/yuustimulus.wav,f,,,,,,,,,,,2,0,8,2,1,,,,,,,,,,,,,,,,,,,,,,,,,,,,,,,,,,,,,,,,,,,,,,,,,,,,,,,,,,,,,,,,,,,,,,,
,,,,,813570,001,2024-05-24_14h41.53.102,mathesisv2,2024.1.3,Win32,60.0240096,,,,,,167.77,172.386,f,4.601,,,,,,,stimuliAXBmix/iyystimulus.wav,f,,,,,,,,,,,2,1,9,1,1,,,,,,,,,,,,,,,,,,,,,,,,,,,,,,,,,,,,,,,,,,,,,,,,,,,,,,,,,,,,,,,,,,,,,,,
,,,,,813570,001,2024-05-24_14h41.53.102,mathesisv2,2024.1.3,Win32,60.0240096,,,,,,172.387,175.902,l,3.504,,,,,,,stimuliAXBmix/yyustimulus.wav,l,,,,,,,,,,,2,2,10,3,1,,,,,,,,,,,,,,,,,,,,,,,,,,,,,,,,,,,,,,,,,,,,,,,,,,,,,,,,,,,,,,,,,,,,,,,
,,,,,813570,001,2024-05-24_14h41.53.102,mathesisv2,2024.1.3,Win32,60.0240096,,,,,,175.903,178.736,l,2.817,,,,,,,stimuliAXBmix/iiystimulus.wav,l,,,,,,,,,,,2,3,11,0,1,,,,,,,,,,,,,,,,,,,,,,,,,,,,,,,,,,,,,,,,,,,,,,,,,,,,,,,,,,,,,,,,,,,,,,,
,,,,,813570,001,2024-05-24_14h41.53.102,mathesisv2,2024.1.3,Win32,60.0240096,,,,,,182.591,187.452,l,4.85,,,,,,,stimuliAXBmix/iiystimulus.wav,l,,,,,,,,,,,,,,,,178.737,182.586,return,3.828,,0,0,0,0,1,,,,,,,,,,,,,,,,,,,,,,,,,,,,,,,,,,,,,,,,,,,,,,,,,,,,,,,,,,,,,
,,,,,813570,001,2024-05-24_14h41.53.102,mathesisv2,2024.1.3,Win32,60.0240096,,,,,,187.453,191.019,f,3.551,,,,,,,stimuliAXBmix/iyystimulus.wav,f,,,,,,,,,,,,,,,,,,,,,0,1,1,1,1,,,,,,,,,,,,,,,,,,,,,,,,,,,,,,,,,,,,,,,,,,,,,,,,,,,,,,,,,,,,,
,,,,,813570,001,2024-05-24_14h41.53.102,mathesisv2,2024.1.3,Win32,60.0240096,,,,,,191.02,194.136,l,3.099,,,,,,,stimuliAXBmix/yyustimulus.wav,l,,,,,,,,,,,,,,,,,,,,,0,2,2,3,1,,,,,,,,,,,,,,,,,,,,,,,,,,,,,,,,,,,,,,,,,,,,,,,,,,,,,,,,,,,,,
,,,,,813570,001,2024-05-24_14h41.53.102,mathesisv2,2024.1.3,Win32,60.0240096,,,,,,194.136,197.403,f,3.256,,,,,,,stimuliAXBmix/yuustimulus.wav,f,,,,,,,,,,,,,,,,,,,,,0,3,3,2,1,,,,,,,,,,,,,,,,,,,,,,,,,,,,,,,,,,,,,,,,,,,,,,,,,,,,,,,,,,,,,
,,,,,813570,001,2024-05-24_14h41.53.102,mathesisv2,2024.1.3,Win32,60.0240096,,,,,,197.405,200.336,l,2.917,,,,,,,stimuliAXBmix/yyustimulus.wav,l,,,,,,,,,,,,,,,,,,,,,1,0,4,3,1,,,,,,,,,,,,,,,,,,,,,,,,,,,,,,,,,,,,,,,,,,,,,,,,,,,,,,,,,,,,,
,,,,,813570,001,2024-05-24_14h41.53.102,mathesisv2,2024.1.3,Win32,60.0240096,,,,,,200.336,203.853,f,3.502,,,,,,,stimuliAXBmix/yuustimulus.wav,f,,,,,,,,,,,,,,,,,,,,,1,1,5,2,1,,,,,,,,,,,,,,,,,,,,,,,,,,,,,,,,,,,,,,,,,,,,,,,,,,,,,,,,,,,,,
,,,,,813570,001,2024-05-24_14h41.53.102,mathesisv2,2024.1.3,Win32,60.0240096,,,,,,203.853,208.17,l,4.303,,,,,,,stimuliAXBmix/iiystimulus.wav,l,,,,,,,,,,,,,,,,,,,,,1,2,6,0,1,,,,,,,,,,,,,,,,,,,,,,,,,,,,,,,,,,,,,,,,,,,,,,,,,,,,,,,,,,,,,
,,,,,813570,001,2024-05-24_14h41.53.102,mathesisv2,2024.1.3,Win32,60.0240096,,,,,,208.171,211.986,f,3.8,,,,,,,stimuliAXBmix/iyystimulus.wav,f,,,,,,,,,,,,,,,,,,,,,1,3,7,1,1,,,,,,,,,,,,,,,,,,,,,,,,,,,,,,,,,,,,,,,,,,,,,,,,,,,,,,,,,,,,,
,,,,,813570,001,2024-05-24_14h41.53.102,mathesisv2,2024.1.3,Win32,60.0240096,,,,,,215.991,219.42,l,3.417,,,,,,,stimuliAXBmix/yyustimulus.wav,l,,,,,,,,,,,0,0,0,3,1,,,,,,,,,,,211.986,215.986,space,3.979,,,,,,,,,,,,,,,,,,,,,,,,,,,,,,,,,,,,,,,,,,,,,,,,,,,,,,,,,
,,,,,813570,001,2024-05-24_14h41.53.102,mathesisv2,2024.1.3,Win32,60.0240096,,,,,,219.421,224.837,f,5.407,,,,,,,stimuliAXBmix/iyystimulus.wav,f,,,,,,,,,,,0,1,1,1,1,,,,,,,,,,,,,,,,,,,,,,,,,,,,,,,,,,,,,,,,,,,,,,,,,,,,,,,,,,,,,,,,,,,,,,,
,,,,,813570,001,2024-05-24_14h41.53.102,mathesisv2,2024.1.3,Win32,60.0240096,,,,,,224.837,229.303,l,4.45,,,,,,,stimuliAXBmix/iiystimulus.wav,l,,,,,,,,,,,0,2,2,0,1,,,,,,,,,,,,,,,,,,,,,,,,,,,,,,,,,,,,,,,,,,,,,,,,,,,,,,,,,,,,,,,,,,,,,,,
,,,,,813570,001,2024-05-24_14h41.53.102,mathesisv2,2024.1.3,Win32,60.0240096,,,,,,229.304,232.47,f,3.161,,,,,,,stimuliAXBmix/yuustimulus.wav,f,,,,,,,,,,,0,3,3,2,1,,,,,,,,,,,,,,,,,,,,,,,,,,,,,,,,,,,,,,,,,,,,,,,,,,,,,,,,,,,,,,,,,,,,,,,
,,,,,813570,001,2024-05-24_14h41.53.102,mathesisv2,2024.1.3,Win32,60.0240096,,,,,,232.471,235.453,l,2.967,,,,,,,stimuliAXBmix/yyustimulus.wav,l,,,,,,,,,,,1,0,4,3,1,,,,,,,,,,,,,,,,,,,,,,,,,,,,,,,,,,,,,,,,,,,,,,,,,,,,,,,,,,,,,,,,,,,,,,,
,,,,,813570,001,2024-05-24_14h41.53.102,mathesisv2,2024.1.3,Win32,60.0240096,,,,,,235.453,238.537,f,3.07,,,,,,,stimuliAXBmix/iyystimulus.wav,f,,,,,,,,,,,1,1,5,1,1,,,,,,,,,,,,,,,,,,,,,,,,,,,,,,,,,,,,,,,,,,,,,,,,,,,,,,,,,,,,,,,,,,,,,,,
,,,,,813570,001,2024-05-24_14h41.53.102,mathesisv2,2024.1.3,Win32,60.0240096,,,,,,238.537,241.687,l,3.134,,,,,,,stimuliAXBmix/iiystimulus.wav,l,,,,,,,,,,,1,2,6,0,1,,,,,,,,,,,,,,,,,,,,,,,,,,,,,,,,,,,,,,,,,,,,,,,,,,,,,,,,,,,,,,,,,,,,,,,
,,,,,813570,001,2024-05-24_14h41.53.102,mathesisv2,2024.1.3,Win32,60.0240096,,,,,,241.687,244.77,f,3.067,,,,,,,stimuliAXBmix/yuustimulus.wav,f,,,,,,,,,,,1,3,7,2,1,,,,,,,,,,,,,,,,,,,,,,,,,,,,,,,,,,,,,,,,,,,,,,,,,,,,,,,,,,,,,,,,,,,,,,,
,,,,,813570,001,2024-05-24_14h41.53.102,mathesisv2,2024.1.3,Win32,60.0240096,,,,,,244.771,247.703,l,2.921,,,,,,,stimuliAXBmix/iiystimulus.wav,l,,,,,,,,,,,2,0,8,0,1,,,,,,,,,,,,,,,,,,,,,,,,,,,,,,,,,,,,,,,,,,,,,,,,,,,,,,,,,,,,,,,,,,,,,,,
,,,,,813570,001,2024-05-24_14h41.53.102,mathesisv2,2024.1.3,Win32,60.0240096,,,,,,247.703,250.62,f,2.911,,,,,,,stimuliAXBmix/yuustimulus.wav,f,,,,,,,,,,,2,1,9,2,1,,,,,,,,,,,,,,,,,,,,,,,,,,,,,,,,,,,,,,,,,,,,,,,,,,,,,,,,,,,,,,,,,,,,,,,
,,,,,813570,001,2024-05-24_14h41.53.102,mathesisv2,2024.1.3,Win32,60.0240096,,,,,,250.62,253.787,f,3.151,,,,,,,stimuliAXBmix/iyystimulus.wav,f,,,,,,,,,,,2,2,10,1,1,,,,,,,,,,,,,,,,,,,,,,,,,,,,,,,,,,,,,,,,,,,,,,,,,,,,,,,,,,,,,,,,,,,,,,,
,,,,,813570,001,2024-05-24_14h41.53.102,mathesisv2,2024.1.3,Win32,60.0240096,,,,,,253.787,256.62,l,2.818,,,,,,,stimuliAXBmix/yyustimulus.wav,l,,,,,,,,,,,2,3,11,3,1,,,,,,,,,,,,,,,,,,,,,,,,,,,,,,,,,,,,,,,,,,,,,,,,,,,,,,,,,,,,,,,,,,,,,,,
,,,,,813570,001,2024-05-24_14h41.53.102,mathesisv2,2024.1.3,Win32,60.0240096,,,,,,259.291,262.521,f,3.216,,,,,,,stimuliAXBmix/yuustimulus.wav,f,,,,,,,,,,,,,,,,256.62,259.287,return,2.648,,0,0,0,2,1,,,,,,,,,,,,,,,,,,,,,,,,,,,,,,,,,,,,,,,,,,,,,,,,,,,,,,,,,,,,,
,,,,,813570,001,2024-05-24_14h41.53.102,mathesisv2,2024.1.3,Win32,60.0240096,,,,,,262.521,265.437,l,2.901,,,,,,,stimuliAXBmix/iiystimulus.wav,l,,,,,,,,,,,,,,,,,,,,,0,1,1,0,1,,,,,,,,,,,,,,,,,,,,,,,,,,,,,,,,,,,,,,,,,,,,,,,,,,,,,,,,,,,,,
,,,,,813570,001,2024-05-24_14h41.53.102,mathesisv2,2024.1.3,Win32,60.0240096,,,,,,265.438,268.437,f,2.984,,,,,,,stimuliAXBmix/yyustimulus.wav,l,,,,,,,,,,,,,,,,,,,,,0,2,2,3,1,,,,,,,,,,,,,,,,,,,,,,,,,,,,,,,,,,,,,,,,,,,,,,,,,,,,,,,,,,,,,
,,,,,813570,001,2024-05-24_14h41.53.102,mathesisv2,2024.1.3,Win32,60.0240096,,,,,,268.438,272.037,f,3.583,,,,,,,stimuliAXBmix/iyystimulus.wav,f,,,,,,,,,,,,,,,,,,,,,0,3,3,1,1,,,,,,,,,,,,,,,,,,,,,,,,,,,,,,,,,,,,,,,,,,,,,,,,,,,,,,,,,,,,,
,,,,,813570,001,2024-05-24_14h41.53.102,mathesisv2,2024.1.3,Win32,60.0240096,,,,,,272.037,275.487,f,3.439,,,,,,,stimuliAXBmix/iyystimulus.wav,f,,,,,,,,,,,,,,,,,,,,,1,0,4,1,1,,,,,,,,,,,,,,,,,,,,,,,,,,,,,,,,,,,,,,,,,,,,,,,,,,,,,,,,,,,,,
,,,,,813570,001,2024-05-24_14h41.53.102,mathesisv2,2024.1.3,Win32,60.0240096,,,,,,275.488,278.537,l,3.033,,,,,,,stimuliAXBmix/iiystimulus.wav,l,,,,,,,,,,,,,,,,,,,,,1,1,5,0,1,,,,,,,,,,,,,,,,,,,,,,,,,,,,,,,,,,,,,,,,,,,,,,,,,,,,,,,,,,,,,
,,,,,813570,001,2024-05-24_14h41.53.102,mathesisv2,2024.1.3,Win32,60.0240096,,,,,,278.537,283.004,l,4.46,,,,,,,stimuliAXBmix/yyustimulus.wav,l,,,,,,,,,,,,,,,,,,,,,1,2,6,3,1,,,,,,,,,,,,,,,,,,,,,,,,,,,,,,,,,,,,,,,,,,,,,,,,,,,,,,,,,,,,,
,,,,,813570,001,2024-05-24_14h41.53.102,mathesisv2,2024.1.3,Win32,60.0240096,,,,,,283.004,287.971,f,4.953,,,,,,,stimuliAXBmix/yuustimulus.wav,f,,,,,,,,,,,,,,,,,,,,,1,3,7,2,1,,,,,,,,,,,,,,,,,,,,,,,,,,,,,,,,,,,,,,,,,,,,,,,,,,,,,,,,,,,,,
,,,,,813570,001,2024-05-24_14h41.53.102,mathesisv2,2024.1.3,Win32,60.0240096,,,,,,291.559,295.921,f,4.35,,,,,,,stimuliAXBmix/yuustimulus.wav,f,,,,,,,,,,,0,0,0,2,1,,,,,,,,,,,287.971,291.553,space,3.56,,,,,,,,,,,,,,,,,,,,,,,,,,,,,,,,,,,,,,,,,,,,,,,,,,,,,,,,,
,,,,,813570,001,2024-05-24_14h41.53.102,mathesisv2,2024.1.3,Win32,60.0240096,,,,,,295.921,299.054,l,3.122,,,,,,,stimuliAXBmix/iiystimulus.wav,l,,,,,,,,,,,0,1,1,0,1,,,,,,,,,,,,,,,,,,,,,,,,,,,,,,,,,,,,,,,,,,,,,,,,,,,,,,,,,,,,,,,,,,,,,,,
,,,,,813570,001,2024-05-24_14h41.53.102,mathesisv2,2024.1.3,Win32,60.0240096,,,,,,299.054,301.987,f,2.917,,,,,,,stimuliAXBmix/iyystimulus.wav,f,,,,,,,,,,,0,2,2,1,1,,,,,,,,,,,,,,,,,,,,,,,,,,,,,,,,,,,,,,,,,,,,,,,,,,,,,,,,,,,,,,,,,,,,,,,
,,,,,813570,001,2024-05-24_14h41.53.102,mathesisv2,2024.1.3,Win32,60.0240096,,,,,,301.988,304.837,l,2.84,,,,,,,stimuliAXBmix/yyustimulus.wav,l,,,,,,,,,,,0,3,3,3,1,,,,,,,,,,,,,,,,,,,,,,,,,,,,,,,,,,,,,,,,,,,,,,,,,,,,,,,,,,,,,,,,,,,,,,,
,,,,,813570,001,2024-05-24_14h41.53.102,mathesisv2,2024.1.3,Win32,60.0240096,,,,,,304.837,307.937,f,3.083,,,,,,,stimuliAXBmix/yuustimulus.wav,f,,,,,,,,,,,1,0,4,2,1,,,,,,,,,,,,,,,,,,,,,,,,,,,,,,,,,,,,,,,,,,,,,,,,,,,,,,,,,,,,,,,,,,,,,,,
,,,,,813570,001,2024-05-24_14h41.53.102,mathesisv2,2024.1.3,Win32,60.0240096,,,,,,307.937,311.371,l,3.423,,,,,,,stimuliAXBmix/iiystimulus.wav,l,,,,,,,,,,,1,1,5,0,1,,,,,,,,,,,,,,,,,,,,,,,,,,,,,,,,,,,,,,,,,,,,,,,,,,,,,,,,,,,,,,,,,,,,,,,
,,,,,813570,001,2024-05-24_14h41.53.102,mathesisv2,2024.1.3,Win32,60.0240096,,,,,,311.371,314.404,f,3.018,,,,,,,stimuliAXBmix/iyystimulus.wav,f,,,,,,,,,,,1,2,6,1,1,,,,,,,,,,,,,,,,,,,,,,,,,,,,,,,,,,,,,,,,,,,,,,,,,,,,,,,,,,,,,,,,,,,,,,,
,,,,,813570,001,2024-05-24_14h41.53.102,mathesisv2,2024.1.3,Win32,60.0240096,,,,,,314.404,318.737,l,4.323,,,,,,,stimuliAXBmix/yyustimulus.wav,l,,,,,,,,,,,1,3,7,3,1,,,,,,,,,,,,,,,,,,,,,,,,,,,,,,,,,,,,,,,,,,,,,,,,,,,,,,,,,,,,,,,,,,,,,,,
,,,,,813570,001,2024-05-24_14h41.53.102,mathesisv2,2024.1.3,Win32,60.0240096,,,,,,318.738,322.77,l,4.026,,,,,,,stimuliAXBmix/iiystimulus.wav,l,,,,,,,,,,,2,0,8,0,1,,,,,,,,,,,,,,,,,,,,,,,,,,,,,,,,,,,,,,,,,,,,,,,,,,,,,,,,,,,,,,,,,,,,,,,
,,,,,813570,001,2024-05-24_14h41.53.102,mathesisv2,2024.1.3,Win32,60.0240096,,,,,,322.771,326.671,f,3.889,,,,,,,stimuliAXBmix/yuustimulus.wav,f,,,,,,,,,,,2,1,9,2,1,,,,,,,,,,,,,,,,,,,,,,,,,,,,,,,,,,,,,,,,,,,,,,,,,,,,,,,,,,,,,,,,,,,,,,,
,,,,,813570,001,2024-05-24_14h41.53.102,mathesisv2,2024.1.3,Win32,60.0240096,,,,,,326.671,330.588,f,3.905,,,,,,,stimuliAXBmix/iyystimulus.wav,f,,,,,,,,,,,2,2,10,1,1,,,,,,,,,,,,,,,,,,,,,,,,,,,,,,,,,,,,,,,,,,,,,,,,,,,,,,,,,,,,,,,,,,,,,,,
,,,,,813570,001,2024-05-24_14h41.53.102,mathesisv2,2024.1.3,Win32,60.0240096,,,,,,330.589,334.27,l,3.667,,,,,,,stimuliAXBmix/yyustimulus.wav,l,,,,,,,,,,,2,3,11,3,1,,,,,,,,,,,,,,,,,,,,,,,,,,,,,,,,,,,,,,,,,,,,,,,,,,,,,,,,,,,,,,,,,,,,,,,
,,,,,813570,001,2024-05-24_14h41.53.102,mathesisv2,2024.1.3,Win32,60.0240096,,,,,,336.508,340.821,l,4.3,,,,,,,stimuliAXBmix/iiystimulus.wav,l,,,,,,,,,,,,,,,,334.271,336.504,return,2.21,,0,0,0,0,1,,,,,,,,,,,,,,,,,,,,,,,,,,,,,,,,,,,,,,,,,,,,,,,,,,,,,,,,,,,,,
,,,,,813570,001,2024-05-24_14h41.53.102,mathesisv2,2024.1.3,Win32,60.0240096,,,,,,340.821,345.321,f,4.484,,,,,,,stimuliAXBmix/iyystimulus.wav,f,,,,,,,,,,,,,,,,,,,,,0,1,1,1,1,,,,,,,,,,,,,,,,,,,,,,,,,,,,,,,,,,,,,,,,,,,,,,,,,,,,,,,,,,,,,
,,,,,813570,001,2024-05-24_14h41.53.102,mathesisv2,2024.1.3,Win32,60.0240096,,,,,,345.321,348.871,f,3.54,,,,,,,stimuliAXBmix/yuustimulus.wav,f,,,,,,,,,,,,,,,,,,,,,0,2,2,2,1,,,,,,,,,,,,,,,,,,,,,,,,,,,,,,,,,,,,,,,,,,,,,,,,,,,,,,,,,,,,,
,,,,,813570,001,2024-05-24_14h41.53.102,mathesisv2,2024.1.3,Win32,60.0240096,,,,,,348.871,358.387,l,9.501,,,,,,,stimuliAXBmix/yyustimulus.wav,l,,,,,,,,,,,,,,,,,,,,,0,3,3,3,1,,,,,,,,,,,,,,,,,,,,,,,,,,,,,,,,,,,,,,,,,,,,,,,,,,,,,,,,,,,,,
,,,,,813570,001,2024-05-24_14h41.53.102,mathesisv2,2024.1.3,Win32,60.0240096,,,,,,358.388,361.337,f,2.935,,,,,,,stimuliAXBmix/yuustimulus.wav,f,,,,,,,,,,,,,,,,,,,,,1,0,4,2,1,,,,,,,,,,,,,,,,,,,,,,,,,,,,,,,,,,,,,,,,,,,,,,,,,,,,,,,,,,,,,
,,,,,813570,001,2024-05-24_14h41.53.102,mathesisv2,2024.1.3,Win32,60.0240096,,,,,,361.338,364.787,l,3.433,,,,,,,stimuliAXBmix/iiystimulus.wav,l,,,,,,,,,,,,,,,,,,,,,1,1,5,0,1,,,,,,,,,,,,,,,,,,,,,,,,,,,,,,,,,,,,,,,,,,,,,,,,,,,,,,,,,,,,,
,,,,,813570,001,2024-05-24_14h41.53.102,mathesisv2,2024.1.3,Win32,60.0240096,,,,,,364.788,368.887,l,4.083,,,,,,,stimuliAXBmix/yyustimulus.wav,l,,,,,,,,,,,,,,,,,,,,,1,2,6,3,1,,,,,,,,,,,,,,,,,,,,,,,,,,,,,,,,,,,,,,,,,,,,,,,,,,,,,,,,,,,,,
,,,,,813570,001,2024-05-24_14h41.53.102,mathesisv2,2024.1.3,Win32,60.0240096,,,,,,368.888,372.888,f,3.992,,,,,,,stimuliAXBmix/iyystimulus.wav,f,,,,,,,,,,,,,,,,,,,,,1,3,7,1,1,,,,,,,,,,,,,,,,,,,,,,,,,,,,,,,,,,,,,,,,,,,,,,,,,,,,,,,,,,,,,
,,,,,813570,001,2024-05-24_14h41.53.102,mathesisv2,2024.1.3,Win32,60.0240096,,,,,,382.21,385.854,f,3.633,,,,,,,stimuliAXBmix/yuustimulus.wav,f,,,,,,,,,,,0,0,0,2,1,,,,,,,,,,,372.888,382.205,space,9.301,,,,,,,,,,,,,,,,,,,,,,,,,,,,,,,,,,,,,,,,,,,,,,,,,,,,,,,,,
,,,,,813570,001,2024-05-24_14h41.53.102,mathesisv2,2024.1.3,Win32,60.0240096,,,,,,385.855,389.621,f,3.751,,,,,,,stimuliAXBmix/iyystimulus.wav,f,,,,,,,,,,,0,1,1,1,1,,,,,,,,,,,,,,,,,,,,,,,,,,,,,,,,,,,,,,,,,,,,,,,,,,,,,,,,,,,,,,,,,,,,,,,
,,,,,813570,001,2024-05-24_14h41.53.102,mathesisv2,2024.1.3,Win32,60.0240096,,,,,,389.621,392.504,l,2.877,,,,,,,stimuliAXBmix/iiystimulus.wav,l,,,,,,,,,,,0,2,2,0,1,,,,,,,,,,,,,,,,,,,,,,,,,,,,,,,,,,,,,,,,,,,,,,,,,,,,,,,,,,,,,,,,,,,,,,,
,,,,,813570,001,2024-05-24_14h41.53.102,mathesisv2,2024.1.3,Win32,60.0240096,,,,,,392.504,395.322,l,2.803,,,,,,,stimuliAXBmix/yyustimulus.wav,l,,,,,,,,,,,0,3,3,3,1,,,,,,,,,,,,,,,,,,,,,,,,,,,,,,,,,,,,,,,,,,,,,,,,,,,,,,,,,,,,,,,,,,,,,,,
,,,,,813570,001,2024-05-24_14h41.53.102,mathesisv2,2024.1.3,Win32,60.0240096,,,,,,395.323,398.088,f,2.75,,,,,,,stimuliAXBmix/iyystimulus.wav,f,,,,,,,,,,,1,0,4,1,1,,,,,,,,,,,,,,,,,,,,,,,,,,,,,,,,,,,,,,,,,,,,,,,,,,,,,,,,,,,,,,,,,,,,,,,
,,,,,813570,001,2024-05-24_14h41.53.102,mathesisv2,2024.1.3,Win32,60.0240096,,,,,,398.088,400.788,l,2.692,,,,,,,stimuliAXBmix/yyustimulus.wav,l,,,,,,,,,,,1,1,5,3,1,,,,,,,,,,,,,,,,,,,,,,,,,,,,,,,,,,,,,,,,,,,,,,,,,,,,,,,,,,,,,,,,,,,,,,,
,,,,,813570,001,2024-05-24_14h41.53.102,mathesisv2,2024.1.3,Win32,60.0240096,,,,,,400.789,403.621,l,2.817,,,,,,,stimuliAXBmix/iiystimulus.wav,l,,,,,,,,,,,1,2,6,0,1,,,,,,,,,,,,,,,,,,,,,,,,,,,,,,,,,,,,,,,,,,,,,,,,,,,,,,,,,,,,,,,,,,,,,,,
,,,,,813570,001,2024-05-24_14h41.53.102,mathesisv2,2024.1.3,Win32,60.0240096,,,,,,403.622,406.454,f,2.822,,,,,,,stimuliAXBmix/yuustimulus.wav,f,,,,,,,,,,,1,3,7,2,1,,,,,,,,,,,,,,,,,,,,,,,,,,,,,,,,,,,,,,,,,,,,,,,,,,,,,,,,,,,,,,,,,,,,,,,
,,,,,813570,001,2024-05-24_14h41.53.102,mathesisv2,2024.1.3,Win32,60.0240096,,,,,,406.455,409.371,l,2.9,,,,,,,stimuliAXBmix/iiystimulus.wav,l,,,,,,,,,,,2,0,8,0,1,,,,,,,,,,,,,,,,,,,,,,,,,,,,,,,,,,,,,,,,,,,,,,,,,,,,,,,,,,,,,,,,,,,,,,,
,,,,,813570,001,2024-05-24_14h41.53.102,mathesisv2,2024.1.3,Win32,60.0240096,,,,,,409.372,412.838,f,3.458,,,,,,,stimuliAXBmix/yuustimulus.wav,f,,,,,,,,,,,2,1,9,2,1,,,,,,,,,,,,,,,,,,,,,,,,,,,,,,,,,,,,,,,,,,,,,,,,,,,,,,,,,,,,,,,,,,,,,,,
,,,,,813570,001,2024-05-24_14h41.53.102,mathesisv2,2024.1.3,Win32,60.0240096,,,,,,412.838,415.871,l,3.025,,,,,,,stimuliAXBmix/yyustimulus.wav,l,,,,,,,,,,,2,2,10,3,1,,,,,,,,,,,,,,,,,,,,,,,,,,,,,,,,,,,,,,,,,,,,,,,,,,,,,,,,,,,,,,,,,,,,,,,
,,,,,813570,001,2024-05-24_14h41.53.102,mathesisv2,2024.1.3,Win32,60.0240096,,,,,,415.871,418.704,f,2.826,,,,,,,stimuliAXBmix/iyystimulus.wav,f,,,,,,,,,,,2,3,11,1,1,,,,,,,,,,,,,,,,,,,,,,,,,,,,,,,,,,,,,,,,,,,,,,,,,,,,,,,,,,,,,,,,,,,,,,,
,,,,,813570,001,2024-05-24_14h41.53.102,mathesisv2,2024.1.3,Win32,60.0240096,,,,,,420.96,424.021,l,3.05,,,,,,,stimuliAXBmix/yyustimulus.wav,l,,,,,,,,,,,,,,,,418.704,420.955,return,2.226,,0,0,0,3,1,,,,,,,,,,,,,,,,,,,,,,,,,,,,,,,,,,,,,,,,,,,,,,,,,,,,,,,,,,,,,
,,,,,813570,001,2024-05-24_14h41.53.102,mathesisv2,2024.1.3,Win32,60.0240096,,,,,,424.021,428.038,l,4.008,,,,,,,stimuliAXBmix/iiystimulus.wav,l,,,,,,,,,,,,,,,,,,,,,0,1,1,0,1,,,,,,,,,,,,,,,,,,,,,,,,,,,,,,,,,,,,,,,,,,,,,,,,,,,,,,,,,,,,,
,,,,,813570,001,2024-05-24_14h41.53.102,mathesisv2,2024.1.3,Win32,60.0240096,,,,,,428.039,430.905,f,2.85,,,,,,,stimuliAXBmix/iyystimulus.wav,f,,,,,,,,,,,,,,,,,,,,,0,2,2,1,1,,,,,,,,,,,,,,,,,,,,,,,,,,,,,,,,,,,,,,,,,,,,,,,,,,,,,,,,,,,,,
,,,,,813570,001,2024-05-24_14h41.53.102,mathesisv2,2024.1.3,Win32,60.0240096,,,,,,430.905,434.022,f,3.109,,,,,,,stimuliAXBmix/yuustimulus.wav,f,,,,,,,,,,,,,,,,,,,,,0,3,3,2,1,,,,,,,,,,,,,,,,,,,,,,,,,,,,,,,,,,,,,,,,,,,,,,,,,,,,,,,,,,,,,
,,,,,813570,001,2024-05-24_14h41.53.102,mathesisv2,2024.1.3,Win32,60.0240096,,,,,,434.022,436.872,l,2.834,,,,,,,stimuliAXBmix/yyustimulus.wav,l,,,,,,,,,,,,,,,,,,,,,1,0,4,3,1,,,,,,,,,,,,,,,,,,,,,,,,,,,,,,,,,,,,,,,,,,,,,,,,,,,,,,,,,,,,,
,,,,,813570,001,2024-05-24_14h41.53.102,mathesisv2,2024.1.3,Win32,60.0240096,,,,,,436.872,448.755,l,11.876,,,,,,,stimuliAXBmix/iiystimulus.wav,l,,,,,,,,,,,,,,,,,,,,,1,1,5,0,1,,,,,,,,,,,,,,,,,,,,,,,,,,,,,,,,,,,,,,,,,,,,,,,,,,,,,,,,,,,,,
,,,,,813570,001,2024-05-24_14h41.53.102,mathesisv2,2024.1.3,Win32,60.0240096,,,,,,448.755,451.855,f,3.089,,,,,,,stimuliAXBmix/yuustimulus.wav,f,,,,,,,,,,,,,,,,,,,,,1,2,6,2,1,,,,,,,,,,,,,,,,,,,,,,,,,,,,,,,,,,,,,,,,,,,,,,,,,,,,,,,,,,,,,
,,,,,813570,001,2024-05-24_14h41.53.102,mathesisv2,2024.1.3,Win32,60.0240096,,,,,,451.855,455.171,f,3.308,,,,,,,stimuliAXBmix/iyystimulus.wav,f,,,,,,,,,,,,,,,,,,,,,1,3,7,1,1,,,,,,,,,,,,,,,,,,,,,,,,,,,,,,,,,,,,,,,,,,,,,,,,,,,,,,,,,,,,,
,,,,,813570,001,2024-05-24_14h41.53.102,mathesisv2,2024.1.3,Win32,60.0240096,,,,,,,,,,,,,,,,,,,,,,,,,,,,,,,,,,,,,,,,,,,455.172,473.372,space,18.178,,473.372,487.989,space,14.582,,,,,,,,,,,,,,,,,,,,,,,,,,,,,,,,,,,,,,,,,,,,,,,,,,,,
,,,,,813570,001,2024-05-24_14h41.53.102,mathesisv2,2024.1.3,Win32,60.0240096,,,,,,,,,,,,,,,,,,,,,,,,,,,,,,,,,,,,,,,,,,,,,,,,,,,,,487.996,495.272,e,7.262,,0,0,0,1,1,testTAFCmixfirst/nimnym002.wav,,,,,,,,,,,,,,,,,,,,,,,,,,,,,,,,,,,,,,,,
,,,,,813570,001,2024-05-24_14h41.53.102,mathesisv2,2024.1.3,Win32,60.0240096,,,,,,,,,,,,,,,,,,,,,,,,,,,,,,,,,,,,,,,,,,,,,,,,,,,,,495.273,498.588,y,3.304,,0,1,1,2,1,testTAFCmixfirst/nimnym006.wav,,,,,,,,,,,,,,,,,,,,,,,,,,,,,,,,,,,,,,,,
,,,,,813570,001,2024-05-24_14h41.53.102,mathesisv2,2024.1.3,Win32,60.0240096,,,,,,,,,,,,,,,,,,,,,,,,,,,,,,,,,,,,,,,,,,,,,,,,,,,,,498.589,500.656,e,2.06,,0,2,2,0,1,testTAFCmixfirst/nimnym001.wav,,,,,,,,,,,,,,,,,,,,,,,,,,,,,,,,,,,,,,,,
,,,,,813570,001,2024-05-24_14h41.53.102,mathesisv2,2024.1.3,Win32,60.0240096,,,,,,,,,,,,,,,,,,,,,,,,,,,,,,,,,,,,,,,,,,,,,,,,,,,,,,,,,,,,,,,,500.659,508.006,y,7.323,,0,0,0,1,1,testTAFCmixsec/numnym002.wav,,,,,,,,,,,,,,,,,,,,,,,,,,,,,
,,,,,813570,001,2024-05-24_14h41.53.102,mathesisv2,2024.1.3,Win32,60.0240096,,,,,,,,,,,,,,,,,,,,,,,,,,,,,,,,,,,,,,,,,,,,,,,,,,,,,,,,,,,,,,,,508.006,510.122,y,2.1,,0,1,1,2,1,testTAFCmixsec/numnym006.wav,,,,,,,,,,,,,,,,,,,,,,,,,,,,,
,,,,,813570,001,2024-05-24_14h41.53.102,mathesisv2,2024.1.3,Win32,60.0240096,,,,,,,,,,,,,,,,,,,,,,,,,,,,,,,,,,,,,,,,,,,,,,,,,,,,,,,,,,,,,,,,510.123,513.672,u,3.534,,0,2,2,0,1,testTAFCmixsec/numnym001.wav,,,,,,,,,,,,,,,,,,,,,,,,,,,,,
,,,,,813570,001,2024-05-24_14h41.53.102,mathesisv2,2024.1.3,Win32,60.0240096,,,,,,,,,,,,,,,,,,,,,,,,,,,,,,,,,,,,,,,,,,,,,,,,,,,,,,,,,,,,,,,,,,,,,,,,,,,513.672,525.322,space,11.618,,,,,,,,,,,,,,,,,,,,,,,,,
,,,,,813570,001,2024-05-24_14h41.53.102,mathesisv2,2024.1.3,Win32,60.0240096,,,,,,,,,,,,,,,,,y,,,,,,,,,,,,,,,,,,,,,,,,,,,,,,,,,,,,,,,,,,,,,,,,,,,,,,,,,,,,,,,525.326,533.089,y,7.743,,0,0,0,4,1,stimuliTAFCfirst/nimnym005.wav,,,,,,,,,,,,,
,,,,,813570,001,2024-05-24_14h41.53.102,mathesisv2,2024.1.3,Win32,60.0240096,,,,,,,,,,,,,,,,,e,,,,,,,,,,,,,,,,,,,,,,,,,,,,,,,,,,,,,,,,,,,,,,,,,,,,,,,,,,,,,,,533.091,535.739,e,2.64,,0,1,1,2,1,stimuliTAFCfirst/nimnym003.wav,,,,,,,,,,,,,
,,,,,813570,001,2024-05-24_14h41.53.102,mathesisv2,2024.1.3,Win32,60.0240096,,,,,,,,,,,,,,,,,e,,,,,,,,,,,,,,,,,,,,,,,,,,,,,,,,,,,,,,,,,,,,,,,,,,,,,,,,,,,,,,,535.739,537.072,e,1.324,,0,2,2,1,1,stimuliTAFCfirst/nimnym002.wav,,,,,,,,,,,,,
,,,,,813570,001,2024-05-24_14h41.53.102,mathesisv2,2024.1.3,Win32,60.0240096,,,,,,,,,,,,,,,,,x,,,,,,,,,,,,,,,,,,,,,,,,,,,,,,,,,,,,,,,,,,,,,,,,,,,,,,,,,,,,,,,537.072,538.206,e,1.125,,0,3,3,3,1,stimuliTAFCfirst/nimnym004.wav,,,,,,,,,,,,,
,,,,,813570,001,2024-05-24_14h41.53.102,mathesisv2,2024.1.3,Win32,60.0240096,,,,,,,,,,,,,,,,,e,,,,,,,,,,,,,,,,,,,,,,,,,,,,,,,,,,,,,,,,,,,,,,,,,,,,,,,,,,,,,,,538.206,539.356,e,1.137,,0,4,4,0,1,stimuliTAFCfirst/nimnym001.wav,,,,,,,,,,,,,
,,,,,813570,001,2024-05-24_14h41.53.102,mathesisv2,2024.1.3,Win32,60.0240096,,,,,,,,,,,,,,,,,y,,,,,,,,,,,,,,,,,,,,,,,,,,,,,,,,,,,,,,,,,,,,,,,,,,,,,,,,,,,,,,,539.356,540.672,y,1.3,,0,5,5,6,1,stimuliTAFCfirst/nimnym007.wav,,,,,,,,,,,,,
,,,,,813570,001,2024-05-24_14h41.53.102,mathesisv2,2024.1.3,Win32,60.0240096,,,,,,,,,,,,,,,,,y,,,,,,,,,,,,,,,,,,,,,,,,,,,,,,,,,,,,,,,,,,,,,,,,,,,,,,,,,,,,,,,540.672,541.855,y,1.167,,0,6,6,5,1,stimuliTAFCfirst/nimnym006.wav,,,,,,,,,,,,,
,,,,,813570,001,2024-05-24_14h41.53.102,mathesisv2,2024.1.3,Win32,60.0240096,,,,,,,,,,,,,,,,,y,,,,,,,,,,,,,,,,,,,,,,,,,,,,,,,,,,,,,,,,,,,,,,,,,,,,,,,,,,,,,,,541.856,543.023,y,1.151,,1,0,7,5,1,stimuliTAFCfirst/nimnym006.wav,,,,,,,,,,,,,
,,,,,813570,001,2024-05-24_14h41.53.102,mathesisv2,2024.1.3,Win32,60.0240096,,,,,,,,,,,,,,,,,y,,,,,,,,,,,,,,,,,,,,,,,,,,,,,,,,,,,,,,,,,,,,,,,,,,,,,,,,,,,,,,,543.023,544.289,y,1.257,,1,1,8,4,1,stimuliTAFCfirst/nimnym005.wav,,,,,,,,,,,,,
,,,,,813570,001,2024-05-24_14h41.53.102,mathesisv2,2024.1.3,Win32,60.0240096,,,,,,,,,,,,,,,,,e,,,,,,,,,,,,,,,,,,,,,,,,,,,,,,,,,,,,,,,,,,,,,,,,,,,,,,,,,,,,,,,544.289,545.506,e,1.201,,1,2,9,1,1,stimuliTAFCfirst/nimnym002.wav,,,,,,,,,,,,,
,,,,,813570,001,2024-05-24_14h41.53.102,mathesisv2,2024.1.3,Win32,60.0240096,,,,,,,,,,,,,,,,,x,,,,,,,,,,,,,,,,,,,,,,,,,,,,,,,,,,,,,,,,,,,,,,,,,,,,,,,,,,,,,,,545.506,546.589,e,1.068,,1,3,10,3,1,stimuliTAFCfirst/nimnym004.wav,,,,,,,,,,,,,
,,,,,813570,001,2024-05-24_14h41.53.102,mathesisv2,2024.1.3,Win32,60.0240096,,,,,,,,,,,,,,,,,e,,,,,,,,,,,,,,,,,,,,,,,,,,,,,,,,,,,,,,,,,,,,,,,,,,,,,,,,,,,,,,,546.589,547.589,e,0.987,,1,4,11,0,1,stimuliTAFCfirst/nimnym001.wav,,,,,,,,,,,,,
,,,,,813570,001,2024-05-24_14h41.53.102,mathesisv2,2024.1.3,Win32,60.0240096,,,,,,,,,,,,,,,,,y,,,,,,,,,,,,,,,,,,,,,,,,,,,,,,,,,,,,,,,,,,,,,,,,,,,,,,,,,,,,,,,547.589,548.755,y,1.154,,1,5,12,6,1,stimuliTAFCfirst/nimnym007.wav,,,,,,,,,,,,,
,,,,,813570,001,2024-05-24_14h41.53.102,mathesisv2,2024.1.3,Win32,60.0240096,,,,,,,,,,,,,,,,,e,,,,,,,,,,,,,,,,,,,,,,,,,,,,,,,,,,,,,,,,,,,,,,,,,,,,,,,,,,,,,,,548.756,550.139,e,1.366,,1,6,13,2,1,stimuliTAFCfirst/nimnym003.wav,,,,,,,,,,,,,
,,,,,813570,001,2024-05-24_14h41.53.102,mathesisv2,2024.1.3,Win32,60.0240096,,,,,,,,,,,,,,,,,y,550.139,553.106,space,2.947,,,,,,,,,,,,,,,,,,,,,,,,,,,,,,,,,,,,,,,,,,,,,,,,,,,,,,,,,,,,,,,,,,,,,,553.111,555.973,y,2.844,,0,0,0,5,1,stimuliTAFCsec/numnym006.wav,,
,,,,,813570,001,2024-05-24_14h41.53.102,mathesisv2,2024.1.3,Win32,60.0240096,,,,,,,,,,,,,,,,,y,,,,,,,,,,,,,,,,,,,,,,,,,,,,,,,,,,,,,,,,,,,,,,,,,,,,,,,,,,,,,,,,,,,,,,,,,,555.973,557.373,y,1.39,,0,1,1,4,1,stimuliTAFCsec/numnym005.wav,,
,,,,,813570,001,2024-05-24_14h41.53.102,mathesisv2,2024.1.3,Win32,60.0240096,,,,,,,,,,,,,,,,,y,,,,,,,,,,,,,,,,,,,,,,,,,,,,,,,,,,,,,,,,,,,,,,,,,,,,,,,,,,,,,,,,,,,,,,,,,,557.373,558.773,y,1.386,,0,2,2,6,1,stimuliTAFCsec/numnym007.wav,,
,,,,,813570,001,2024-05-24_14h41.53.102,mathesisv2,2024.1.3,Win32,60.0240096,,,,,,,,,,,,,,,,,u,,,,,,,,,,,,,,,,,,,,,,,,,,,,,,,,,,,,,,,,,,,,,,,,,,,,,,,,,,,,,,,,,,,,,,,,,,558.773,565.406,y,6.617,,0,3,3,2,1,stimuliTAFCsec/numnym003.wav,,
,,,,,813570,001,2024-05-24_14h41.53.102,mathesisv2,2024.1.3,Win32,60.0240096,,,,,,,,,,,,,,,,,x,,,,,,,,,,,,,,,,,,,,,,,,,,,,,,,,,,,,,,,,,,,,,,,,,,,,,,,,,,,,,,,,,,,,,,,,,,565.407,573.422,u,8.006,,0,4,4,3,1,stimuliTAFCsec/numnym004.wav,,
,,,,,813570,001,2024-05-24_14h41.53.102,mathesisv2,2024.1.3,Win32,60.0240096,,,,,,,,,,,,,,,,,u,,,,,,,,,,,,,,,,,,,,,,,,,,,,,,,,,,,,,,,,,,,,,,,,,,,,,,,,,,,,,,,,,,,,,,,,,,573.423,577.889,y,4.45,,0,5,5,1,1,stimuliTAFCsec/numnym002.wav,,
,,,,,813570,001,2024-05-24_14h41.53.102,mathesisv2,2024.1.3,Win32,60.0240096,,,,,,,,,,,,,,,,,u,,,,,,,,,,,,,,,,,,,,,,,,,,,,,,,,,,,,,,,,,,,,,,,,,,,,,,,,,,,,,,,,,,,,,,,,,,577.89,580.739,u,2.837,,0,6,6,0,1,stimuliTAFCsec/numnym001.wav,,
,,,,,813570,001,2024-05-24_14h41.53.102,mathesisv2,2024.1.3,Win32,60.0240096,,,,,,,,,,,,,,,,,y,,,,,,,,,,,,,,,,,,,,,,,,,,,,,,,,,,,,,,,,,,,,,,,,,,,,,,,,,,,,,,,,,,,,,,,,,,580.739,583.156,u,2.405,,1,0,7,6,1,stimuliTAFCsec/numnym007.wav,,
,,,,,813570,001,2024-05-24_14h41.53.102,mathesisv2,2024.1.3,Win32,60.0240096,,,,,,,,,,,,,,,,,x,,,,,,,,,,,,,,,,,,,,,,,,,,,,,,,,,,,,,,,,,,,,,,,,,,,,,,,,,,,,,,,,,,,,,,,,,,583.156,586.856,u,3.683,,1,1,8,3,1,stimuliTAFCsec/numnym004.wav,,
,,,,,813570,001,2024-05-24_14h41.53.102,mathesisv2,2024.1.3,Win32,60.0240096,,,,,,,,,,,,,,,,,y,,,,,,,,,,,,,,,,,,,,,,,,,,,,,,,,,,,,,,,,,,,,,,,,,,,,,,,,,,,,,,,,,,,,,,,,,,586.857,587.156,u,0.288,,1,2,9,5,1,stimuliTAFCsec/numnym006.wav,,
,,,,,813570,001,2024-05-24_14h41.53.102,mathesisv2,2024.1.3,Win32,60.0240096,,,,,,,,,,,,,,,,,u,,,,,,,,,,,,,,,,,,,,,,,,,,,,,,,,,,,,,,,,,,,,,,,,,,,,,,,,,,,,,,,,,,,,,,,,,,587.156,587.456,u,0.283,,1,3,10,2,1,stimuliTAFCsec/numnym003.wav,,
,,,,,813570,001,2024-05-24_14h41.53.102,mathesisv2,2024.1.3,Win32,60.0240096,,,,,,,,,,,,,,,,,u,,,,,,,,,,,,,,,,,,,,,,,,,,,,,,,,,,,,,,,,,,,,,,,,,,,,,,,,,,,,,,,,,,,,,,,,,,587.456,593.573,u,6.111,,1,4,11,1,1,stimuliTAFCsec/numnym002.wav,,
,,,,,813570,001,2024-05-24_14h41.53.102,mathesisv2,2024.1.3,Win32,60.0240096,,,,,,,,,,,,,,,,,u,,,,,,,,,,,,,,,,,,,,,,,,,,,,,,,,,,,,,,,,,,,,,,,,,,,,,,,,,,,,,,,,,,,,,,,,,,593.573,596.54,y,2.957,,1,5,12,0,1,stimuliTAFCsec/numnym001.wav,,
,,,,,813570,001,2024-05-24_14h41.53.102,mathesisv2,2024.1.3,Win32,60.0240096,,,,,,,,,,,,,,,,,y,,,,,,,,,,,,,,,,,,,,,,,,,,,,,,,,,,,,,,,,,,,,,,,,,,,,,,,,,,,,,,,,,,,,,,,,,,596.541,599.756,y,3.203,,1,6,13,4,1,stimuliTAFCsec/numnym005.wav,,
,,,,,813570,001,2024-05-24_14h41.53.102,mathesisv2,2024.1.3,Win32,60.0240096,,,,,,,,,,,,,,,,,e,,,,,,,,,,,,,,,,,,,,,,,,,,599.756,607.573,space,7.793,,,,,,,,,,,,,,,,,,,,,,,,,,,,,,,,,,607.578,613.789,e,6.209,,0,0,0,0,1,stimuliTAFCfirst/nimnym001.wav,,,,,,,,,,,,,
,,,,,813570,001,2024-05-24_14h41.53.102,mathesisv2,2024.1.3,Win32,60.0240096,,,,,,,,,,,,,,,,,y,,,,,,,,,,,,,,,,,,,,,,,,,,,,,,,,,,,,,,,,,,,,,,,,,,,,,,,,,,,,,,,613.79,616.256,y,2.452,,0,1,1,4,1,stimuliTAFCfirst/nimnym005.wav,,,,,,,,,,,,,
,,,,,813570,001,2024-05-24_14h41.53.102,mathesisv2,2024.1.3,Win32,60.0240096,,,,,,,,,,,,,,,,,e,,,,,,,,,,,,,,,,,,,,,,,,,,,,,,,,,,,,,,,,,,,,,,,,,,,,,,,,,,,,,,,616.256,618.023,e,1.762,,0,2,2,1,1,stimuliTAFCfirst/nimnym002.wav,,,,,,,,,,,,,
,,,,,813570,001,2024-05-24_14h41.53.102,mathesisv2,2024.1.3,Win32,60.0240096,,,,,,,,,,,,,,,,,e,,,,,,,,,,,,,,,,,,,,,,,,,,,,,,,,,,,,,,,,,,,,,,,,,,,,,,,,,,,,,,,618.023,619.739,e,1.708,,0,3,3,2,1,stimuliTAFCfirst/nimnym003.wav,,,,,,,,,,,,,
,,,,,813570,001,2024-05-24_14h41.53.102,mathesisv2,2024.1.3,Win32,60.0240096,,,,,,,,,,,,,,,,,y,,,,,,,,,,,,,,,,,,,,,,,,,,,,,,,,,,,,,,,,,,,,,,,,,,,,,,,,,,,,,,,619.74,621.306,y,1.551,,0,4,4,5,1,stimuliTAFCfirst/nimnym006.wav,,,,,,,,,,,,,
,,,,,813570,001,2024-05-24_14h41.53.102,mathesisv2,2024.1.3,Win32,60.0240096,,,,,,,,,,,,,,,,,y,,,,,,,,,,,,,,,,,,,,,,,,,,,,,,,,,,,,,,,,,,,,,,,,,,,,,,,,,,,,,,,621.306,622.873,y,1.551,,0,5,5,6,1,stimuliTAFCfirst/nimnym007.wav,,,,,,,,,,,,,
,,,,,813570,001,2024-05-24_14h41.53.102,mathesisv2,2024.1.3,Win32,60.0240096,,,,,,,,,,,,,,,,,x,,,,,,,,,,,,,,,,,,,,,,,,,,,,,,,,,,,,,,,,,,,,,,,,,,,,,,,,,,,,,,,622.873,624.906,y,2.017,,0,6,6,3,1,stimuliTAFCfirst/nimnym004.wav,,,,,,,,,,,,,
,,,,,813570,001,2024-05-24_14h41.53.102,mathesisv2,2024.1.3,Win32,60.0240096,,,,,,,,,,,,,,,,,e,,,,,,,,,,,,,,,,,,,,,,,,,,,,,,,,,,,,,,,,,,,,,,,,,,,,,,,,,,,,,,,624.907,626.273,e,1.36,,1,0,7,2,1,stimuliTAFCfirst/nimnym003.wav,,,,,,,,,,,,,
,,,,,813570,001,2024-05-24_14h41.53.102,mathesisv2,2024.1.3,Win32,60.0240096,,,,,,,,,,,,,,,,,y,,,,,,,,,,,,,,,,,,,,,,,,,,,,,,,,,,,,,,,,,,,,,,,,,,,,,,,,,,,,,,,626.273,627.673,y,1.385,,1,1,8,6,1,stimuliTAFCfirst/nimnym007.wav,,,,,,,,,,,,,
,,,,,813570,001,2024-05-24_14h41.53.102,mathesisv2,2024.1.3,Win32,60.0240096,,,,,,,,,,,,,,,,,e,,,,,,,,,,,,,,,,,,,,,,,,,,,,,,,,,,,,,,,,,,,,,,,,,,,,,,,,,,,,,,,627.674,628.989,e,1.309,,1,2,9,1,1,stimuliTAFCfirst/nimnym002.wav,,,,,,,,,,,,,
,,,,,813570,001,2024-05-24_14h41.53.102,mathesisv2,2024.1.3,Win32,60.0240096,,,,,,,,,,,,,,,,,y,,,,,,,,,,,,,,,,,,,,,,,,,,,,,,,,,,,,,,,,,,,,,,,,,,,,,,,,,,,,,,,628.99,630.39,y,1.384,,1,3,10,4,1,stimuliTAFCfirst/nimnym005.wav,,,,,,,,,,,,,
,,,,,813570,001,2024-05-24_14h41.53.102,mathesisv2,2024.1.3,Win32,60.0240096,,,,,,,,,,,,,,,,,x,,,,,,,,,,,,,,,,,,,,,,,,,,,,,,,,,,,,,,,,,,,,,,,,,,,,,,,,,,,,,,,630.39,631.857,y,1.451,,1,4,11,3,1,stimuliTAFCfirst/nimnym004.wav,,,,,,,,,,,,,
,,,,,813570,001,2024-05-24_14h41.53.102,mathesisv2,2024.1.3,Win32,60.0240096,,,,,,,,,,,,,,,,,e,,,,,,,,,,,,,,,,,,,,,,,,,,,,,,,,,,,,,,,,,,,,,,,,,,,,,,,,,,,,,,,631.857,633.206,e,1.341,,1,5,12,0,1,stimuliTAFCfirst/nimnym001.wav,,,,,,,,,,,,,
,,,,,813570,001,2024-05-24_14h41.53.102,mathesisv2,2024.1.3,Win32,60.0240096,,,,,,,,,,,,,,,,,y,,,,,,,,,,,,,,,,,,,,,,,,,,,,,,,,,,,,,,,,,,,,,,,,,,,,,,,,,,,,,,,633.206,634.456,y,1.241,,1,6,13,5,1,stimuliTAFCfirst/nimnym006.wav,,,,,,,,,,,,,
,,,,,813570,001,2024-05-24_14h41.53.102,mathesisv2,2024.1.3,Win32,60.0240096,,,,,,,,,,,,,,,,,x,634.456,636.306,space,1.834,,,,,,,,,,,,,,,,,,,,,,,,,,,,,,,,,,,,,,,,,,,,,,,,,,,,,,,,,,,,,,,,,,,,,,636.311,644.39,y,8.066,,0,0,0,3,1,stimuliTAFCsec/numnym004.wav,,
,,,,,813570,001,2024-05-24_14h41.53.102,mathesisv2,2024.1.3,Win32,60.0240096,,,,,,,,,,,,,,,,,u,,,,,,,,,,,,,,,,,,,,,,,,,,,,,,,,,,,,,,,,,,,,,,,,,,,,,,,,,,,,,,,,,,,,,,,,,,644.39,646.674,u,2.268,,0,1,1,2,1,stimuliTAFCsec/numnym003.wav,,
,,,,,813570,001,2024-05-24_14h41.53.102,mathesisv2,2024.1.3,Win32,60.0240096,,,,,,,,,,,,,,,,,u,,,,,,,,,,,,,,,,,,,,,,,,,,,,,,,,,,,,,,,,,,,,,,,,,,,,,,,,,,,,,,,,,,,,,,,,,,646.674,648.673,u,1.983,,0,2,2,1,1,stimuliTAFCsec/numnym002.wav,,
,,,,,813570,001,2024-05-24_14h41.53.102,mathesisv2,2024.1.3,Win32,60.0240096,,,,,,,,,,,,,,,,,y,,,,,,,,,,,,,,,,,,,,,,,,,,,,,,,,,,,,,,,,,,,,,,,,,,,,,,,,,,,,,,,,,,,,,,,,,,648.674,651.007,y,2.327,,0,3,3,6,1,stimuliTAFCsec/numnym007.wav,,
,,,,,813570,001,2024-05-24_14h41.53.102,mathesisv2,2024.1.3,Win32,60.0240096,,,,,,,,,,,,,,,,,u,,,,,,,,,,,,,,,,,,,,,,,,,,,,,,,,,,,,,,,,,,,,,,,,,,,,,,,,,,,,,,,,,,,,,,,,,,651.007,652.973,u,1.96,,0,4,4,0,1,stimuliTAFCsec/numnym001.wav,,
,,,,,813570,001,2024-05-24_14h41.53.102,mathesisv2,2024.1.3,Win32,60.0240096,,,,,,,,,,,,,,,,,y,,,,,,,,,,,,,,,,,,,,,,,,,,,,,,,,,,,,,,,,,,,,,,,,,,,,,,,,,,,,,,,,,,,,,,,,,,652.973,654.707,u,1.722,,0,5,5,5,1,stimuliTAFCsec/numnym006.wav,,
,,,,,813570,001,2024-05-24_14h41.53.102,mathesisv2,2024.1.3,Win32,60.0240096,,,,,,,,,,,,,,,,,y,,,,,,,,,,,,,,,,,,,,,,,,,,,,,,,,,,,,,,,,,,,,,,,,,,,,,,,,,,,,,,,,,,,,,,,,,,654.707,656.474,y,1.751,,0,6,6,4,1,stimuliTAFCsec/numnym005.wav,,
,,,,,813570,001,2024-05-24_14h41.53.102,mathesisv2,2024.1.3,Win32,60.0240096,,,,,,,,,,,,,,,,,x,,,,,,,,,,,,,,,,,,,,,,,,,,,,,,,,,,,,,,,,,,,,,,,,,,,,,,,,,,,,,,,,,,,,,,,,,,656.474,658.323,u,1.844,,1,0,7,3,1,stimuliTAFCsec/numnym004.wav,,
,,,,,813570,001,2024-05-24_14h41.53.102,mathesisv2,2024.1.3,Win32,60.0240096,,,,,,,,,,,,,,,,,u,,,,,,,,,,,,,,,,,,,,,,,,,,,,,,,,,,,,,,,,,,,,,,,,,,,,,,,,,,,,,,,,,,,,,,,,,,658.323,660.157,y,1.818,,1,1,8,2,1,stimuliTAFCsec/numnym003.wav,,
,,,,,813570,001,2024-05-24_14h41.53.102,mathesisv2,2024.1.3,Win32,60.0240096,,,,,,,,,,,,,,,,,u,,,,,,,,,,,,,,,,,,,,,,,,,,,,,,,,,,,,,,,,,,,,,,,,,,,,,,,,,,,,,,,,,,,,,,,,,,660.157,661.99,u,1.827,,1,2,9,1,1,stimuliTAFCsec/numnym002.wav,,
,,,,,813570,001,2024-05-24_14h41.53.102,mathesisv2,2024.1.3,Win32,60.0240096,,,,,,,,,,,,,,,,,y,,,,,,,,,,,,,,,,,,,,,,,,,,,,,,,,,,,,,,,,,,,,,,,,,,,,,,,,,,,,,,,,,,,,,,,,,,661.991,663.84,u,1.839,,1,3,10,6,1,stimuliTAFCsec/numnym007.wav,,
,,,,,813570,001,2024-05-24_14h41.53.102,mathesisv2,2024.1.3,Win32,60.0240096,,,,,,,,,,,,,,,,,u,,,,,,,,,,,,,,,,,,,,,,,,,,,,,,,,,,,,,,,,,,,,,,,,,,,,,,,,,,,,,,,,,,,,,,,,,,663.841,666.223,u,2.374,,1,4,11,0,1,stimuliTAFCsec/numnym001.wav,,
,,,,,813570,001,2024-05-24_14h41.53.102,mathesisv2,2024.1.3,Win32,60.0240096,,,,,,,,,,,,,,,,,y,,,,,,,,,,,,,,,,,,,,,,,,,,,,,,,,,,,,,,,,,,,,,,,,,,,,,,,,,,,,,,,,,,,,,,,,,,666.224,668.257,y,2.024,,1,5,12,4,1,stimuliTAFCsec/numnym005.wav,,
,,,,,813570,001,2024-05-24_14h41.53.102,mathesisv2,2024.1.3,Win32,60.0240096,,,,,,,,,,,,,,,,,y,,,,,,,,,,,,,,,,,,,,,,,,,,,,,,,,,,,,,,,,,,,,,,,,,,,,,,,,,,,,,,,,,,,,,,,,,,668.257,670.107,u,1.833,,1,6,13,5,1,stimuliTAFCsec/numnym006.wav,,
,,,,,813570,001,2024-05-24_14h41.53.102,mathesisv2,2024.1.3,Win32,60.0240096,,,,,,,,,,,,,,,,,y,,,,,,,,,,,,,,,,,,,,,,,,,,670.107,673.557,space,3.433,,,,,,,,,,,,,,,,,,,,,,,,,,,,,,,,,,673.562,676.34,y,2.769,,0,0,0,5,1,stimuliTAFCfirst/nimnym006.wav,,,,,,,,,,,,,
,,,,,813570,001,2024-05-24_14h41.53.102,mathesisv2,2024.1.3,Win32,60.0240096,,,,,,,,,,,,,,,,,x,,,,,,,,,,,,,,,,,,,,,,,,,,,,,,,,,,,,,,,,,,,,,,,,,,,,,,,,,,,,,,,676.34,680.457,y,4.099,,0,1,1,3,1,stimuliTAFCfirst/nimnym004.wav,,,,,,,,,,,,,
,,,,,813570,001,2024-05-24_14h41.53.102,mathesisv2,2024.1.3,Win32,60.0240096,,,,,,,,,,,,,,,,,y,,,,,,,,,,,,,,,,,,,,,,,,,,,,,,,,,,,,,,,,,,,,,,,,,,,,,,,,,,,,,,,680.457,681.824,y,1.351,,0,2,2,4,1,stimuliTAFCfirst/nimnym005.wav,,,,,,,,,,,,,
,,,,,813570,001,2024-05-24_14h41.53.102,mathesisv2,2024.1.3,Win32,60.0240096,,,,,,,,,,,,,,,,,e,,,,,,,,,,,,,,,,,,,,,,,,,,,,,,,,,,,,,,,,,,,,,,,,,,,,,,,,,,,,,,,681.824,683.474,e,1.634,,0,3,3,0,1,stimuliTAFCfirst/nimnym001.wav,,,,,,,,,,,,,
,,,,,813570,001,2024-05-24_14h41.53.102,mathesisv2,2024.1.3,Win32,60.0240096,,,,,,,,,,,,,,,,,e,,,,,,,,,,,,,,,,,,,,,,,,,,,,,,,,,,,,,,,,,,,,,,,,,,,,,,,,,,,,,,,683.474,684.891,e,1.4,,0,4,4,2,1,stimuliTAFCfirst/nimnym003.wav,,,,,,,,,,,,,
,,,,,813570,001,2024-05-24_14h41.53.102,mathesisv2,2024.1.3,Win32,60.0240096,,,,,,,,,,,,,,,,,e,,,,,,,,,,,,,,,,,,,,,,,,,,,,,,,,,,,,,,,,,,,,,,,,,,,,,,,,,,,,,,,684.891,686.04,e,1.141,,0,5,5,1,1,stimuliTAFCfirst/nimnym002.wav,,,,,,,,,,,,,
,,,,,813570,001,2024-05-24_14h41.53.102,mathesisv2,2024.1.3,Win32,60.0240096,,,,,,,,,,,,,,,,,y,,,,,,,,,,,,,,,,,,,,,,,,,,,,,,,,,,,,,,,,,,,,,,,,,,,,,,,,,,,,,,,686.04,687.54,y,1.484,,0,6,6,6,1,stimuliTAFCfirst/nimnym007.wav,,,,,,,,,,,,,
,,,,,813570,001,2024-05-24_14h41.53.102,mathesisv2,2024.1.3,Win32,60.0240096,,,,,,,,,,,,,,,,,y,,,,,,,,,,,,,,,,,,,,,,,,,,,,,,,,,,,,,,,,,,,,,,,,,,,,,,,,,,,,,,,687.541,688.957,y,1.401,,1,0,7,5,1,stimuliTAFCfirst/nimnym006.wav,,,,,,,,,,,,,
,,,,,813570,001,2024-05-24_14h41.53.102,mathesisv2,2024.1.3,Win32,60.0240096,,,,,,,,,,,,,,,,,y,,,,,,,,,,,,,,,,,,,,,,,,,,,,,,,,,,,,,,,,,,,,,,,,,,,,,,,,,,,,,,,688.957,690.323,y,1.352,,1,1,8,4,1,stimuliTAFCfirst/nimnym005.wav,,,,,,,,,,,,,
,,,,,813570,001,2024-05-24_14h41.53.102,mathesisv2,2024.1.3,Win32,60.0240096,,,,,,,,,,,,,,,,,x,,,,,,,,,,,,,,,,,,,,,,,,,,,,,,,,,,,,,,,,,,,,,,,,,,,,,,,,,,,,,,,690.324,691.657,y,1.318,,1,2,9,3,1,stimuliTAFCfirst/nimnym004.wav,,,,,,,,,,,,,
,,,,,813570,001,2024-05-24_14h41.53.102,mathesisv2,2024.1.3,Win32,60.0240096,,,,,,,,,,,,,,,,,e,,,,,,,,,,,,,,,,,,,,,,,,,,,,,,,,,,,,,,,,,,,,,,,,,,,,,,,,,,,,,,,691.657,693.341,e,1.675,,1,3,10,2,1,stimuliTAFCfirst/nimnym003.wav,,,,,,,,,,,,,
,,,,,813570,001,2024-05-24_14h41.53.102,mathesisv2,2024.1.3,Win32,60.0240096,,,,,,,,,,,,,,,,,e,,,,,,,,,,,,,,,,,,,,,,,,,,,,,,,,,,,,,,,,,,,,,,,,,,,,,,,,,,,,,,,693.341,694.59,e,1.24,,1,4,11,0,1,stimuliTAFCfirst/nimnym001.wav,,,,,,,,,,,,,
,,,,,813570,001,2024-05-24_14h41.53.102,mathesisv2,2024.1.3,Win32,60.0240096,,,,,,,,,,,,,,,,,y,,,,,,,,,,,,,,,,,,,,,,,,,,,,,,,,,,,,,,,,,,,,,,,,,,,,,,,,,,,,,,,694.591,695.957,y,1.359,,1,5,12,6,1,stimuliTAFCfirst/nimnym007.wav,,,,,,,,,,,,,
,,,,,813570,001,2024-05-24_14h41.53.102,mathesisv2,2024.1.3,Win32,60.0240096,,,,,,,,,,,,,,,,,e,,,,,,,,,,,,,,,,,,,,,,,,,,,,,,,,,,,,,,,,,,,,,,,,,,,,,,,,,,,,,,,695.957,697.324,e,1.351,,1,6,13,1,1,stimuliTAFCfirst/nimnym002.wav,,,,,,,,,,,,,
,,,,,813570,001,2024-05-24_14h41.53.102,mathesisv2,2024.1.3,Win32,60.0240096,,,,,,,,,,,,,,,,,y,697.324,699.34,space,2.001,,,,,,,,,,,,,,,,,,,,,,,,,,,,,,,,,,,,,,,,,,,,,,,,,,,,,,,,,,,,,,,,,,,,,,699.345,709.257,u,9.899,,0,0,0,5,1,stimuliTAFCsec/numnym006.wav,,
,,,,,813570,001,2024-05-24_14h41.53.102,mathesisv2,2024.1.3,Win32,60.0240096,,,,,,,,,,,,,,,,,y,,,,,,,,,,,,,,,,,,,,,,,,,,,,,,,,,,,,,,,,,,,,,,,,,,,,,,,,,,,,,,,,,,,,,,,,,,709.258,713.507,y,4.243,,0,1,1,6,1,stimuliTAFCsec/numnym007.wav,,
,,,,,813570,001,2024-05-24_14h41.53.102,mathesisv2,2024.1.3,Win32,60.0240096,,,,,,,,,,,,,,,,,u,,,,,,,,,,,,,,,,,,,,,,,,,,,,,,,,,,,,,,,,,,,,,,,,,,,,,,,,,,,,,,,,,,,,,,,,,,713.507,717.59,u,4.076,,0,2,2,2,1,stimuliTAFCsec/numnym003.wav,,
,,,,,813570,001,2024-05-24_14h41.53.102,mathesisv2,2024.1.3,Win32,60.0240096,,,,,,,,,,,,,,,,,y,,,,,,,,,,,,,,,,,,,,,,,,,,,,,,,,,,,,,,,,,,,,,,,,,,,,,,,,,,,,,,,,,,,,,,,,,,717.591,718.874,y,1.267,,0,3,3,4,1,stimuliTAFCsec/numnym005.wav,,
,,,,,813570,001,2024-05-24_14h41.53.102,mathesisv2,2024.1.3,Win32,60.0240096,,,,,,,,,,,,,,,,,x,,,,,,,,,,,,,,,,,,,,,,,,,,,,,,,,,,,,,,,,,,,,,,,,,,,,,,,,,,,,,,,,,,,,,,,,,,718.874,720.323,y,1.434,,0,4,4,3,1,stimuliTAFCsec/numnym004.wav,,
,,,,,813570,001,2024-05-24_14h41.53.102,mathesisv2,2024.1.3,Win32,60.0240096,,,,,,,,,,,,,,,,,u,,,,,,,,,,,,,,,,,,,,,,,,,,,,,,,,,,,,,,,,,,,,,,,,,,,,,,,,,,,,,,,,,,,,,,,,,,720.324,721.573,u,1.234,,0,5,5,1,1,stimuliTAFCsec/numnym002.wav,,
,,,,,813570,001,2024-05-24_14h41.53.102,mathesisv2,2024.1.3,Win32,60.0240096,,,,,,,,,,,,,,,,,u,,,,,,,,,,,,,,,,,,,,,,,,,,,,,,,,,,,,,,,,,,,,,,,,,,,,,,,,,,,,,,,,,,,,,,,,,,721.574,722.657,u,1.07,,0,6,6,0,1,stimuliTAFCsec/numnym001.wav,,
,,,,,813570,001,2024-05-24_14h41.53.102,mathesisv2,2024.1.3,Win32,60.0240096,,,,,,,,,,,,,,,,,x,,,,,,,,,,,,,,,,,,,,,,,,,,,,,,,,,,,,,,,,,,,,,,,,,,,,,,,,,,,,,,,,,,,,,,,,,,722.657,726.157,u,3.492,,1,0,7,3,1,stimuliTAFCsec/numnym004.wav,,
,,,,,813570,001,2024-05-24_14h41.53.102,mathesisv2,2024.1.3,Win32,60.0240096,,,,,,,,,,,,,,,,,y,,,,,,,,,,,,,,,,,,,,,,,,,,,,,,,,,,,,,,,,,,,,,,,,,,,,,,,,,,,,,,,,,,,,,,,,,,726.157,728.274,u,2.108,,1,1,8,4,1,stimuliTAFCsec/numnym005.wav,,
,,,,,813570,001,2024-05-24_14h41.53.102,mathesisv2,2024.1.3,Win32,60.0240096,,,,,,,,,,,,,,,,,y,,,,,,,,,,,,,,,,,,,,,,,,,,,,,,,,,,,,,,,,,,,,,,,,,,,,,,,,,,,,,,,,,,,,,,,,,,728.275,729.674,u,1.394,,1,2,9,5,1,stimuliTAFCsec/numnym006.wav,,
,,,,,813570,001,2024-05-24_14h41.53.102,mathesisv2,2024.1.3,Win32,60.0240096,,,,,,,,,,,,,,,,,u,,,,,,,,,,,,,,,,,,,,,,,,,,,,,,,,,,,,,,,,,,,,,,,,,,,,,,,,,,,,,,,,,,,,,,,,,,729.674,732.424,u,2.734,,1,3,10,1,1,stimuliTAFCsec/numnym002.wav,,
,,,,,813570,001,2024-05-24_14h41.53.102,mathesisv2,2024.1.3,Win32,60.0240096,,,,,,,,,,,,,,,,,u,,,,,,,,,,,,,,,,,,,,,,,,,,,,,,,,,,,,,,,,,,,,,,,,,,,,,,,,,,,,,,,,,,,,,,,,,,732.424,733.674,u,1.233,,1,4,11,0,1,stimuliTAFCsec/numnym001.wav,,
,,,,,813570,001,2024-05-24_14h41.53.102,mathesisv2,2024.1.3,Win32,60.0240096,,,,,,,,,,,,,,,,,y,,,,,,,,,,,,,,,,,,,,,,,,,,,,,,,,,,,,,,,,,,,,,,,,,,,,,,,,,,,,,,,,,,,,,,,,,,733.674,734.874,y,1.183,,1,5,12,6,1,stimuliTAFCsec/numnym007.wav,,
,,,,,813570,001,2024-05-24_14h41.53.102,mathesisv2,2024.1.3,Win32,60.0240096,,,,,,,,,,,,,,,,,u,,,,,,,,,,,,,,,,,,,,,,,,,,,,,,,,,,,,,,,,,,,,,,,,,,,,,,,,,,,,,,,,,,,,,,,,,,734.874,736.107,u,1.222,,1,6,13,2,1,stimuliTAFCsec/numnym003.wav,,
,,,,,813570,001,2024-05-24_14h41.53.102,mathesisv2,2024.1.3,Win32,60.0240096,,,,,,,,,,,,,,,,,y,,,,,,,,,,,,,,,,,,,,,,,,,,736.107,737.941,space,1.821,,,,,,,,,,,,,,,,,,,,,,,,,,,,,,,,,,737.946,741.34,y,3.389,,0,0,0,6,1,stimuliTAFCfirst/nimnym007.wav,,,,,,,,,,,,,
,,,,,813570,001,2024-05-24_14h41.53.102,mathesisv2,2024.1.3,Win32,60.0240096,,,,,,,,,,,,,,,,,y,,,,,,,,,,,,,,,,,,,,,,,,,,,,,,,,,,,,,,,,,,,,,,,,,,,,,,,,,,,,,,,741.341,743.041,y,1.686,,0,1,1,4,1,stimuliTAFCfirst/nimnym005.wav,,,,,,,,,,,,,
,,,,,813570,001,2024-05-24_14h41.53.102,mathesisv2,2024.1.3,Win32,60.0240096,,,,,,,,,,,,,,,,,x,,,,,,,,,,,,,,,,,,,,,,,,,,,,,,,,,,,,,,,,,,,,,,,,,,,,,,,,,,,,,,,743.041,744.474,y,1.427,,0,2,2,3,1,stimuliTAFCfirst/nimnym004.wav,,,,,,,,,,,,,
,,,,,813570,001,2024-05-24_14h41.53.102,mathesisv2,2024.1.3,Win32,60.0240096,,,,,,,,,,,,,,,,,e,,,,,,,,,,,,,,,,,,,,,,,,,,,,,,,,,,,,,,,,,,,,,,,,,,,,,,,,,,,,,,,744.474,745.658,e,1.177,,0,3,3,0,1,stimuliTAFCfirst/nimnym001.wav,,,,,,,,,,,,,
,,,,,813570,001,2024-05-24_14h41.53.102,mathesisv2,2024.1.3,Win32,60.0240096,,,,,,,,,,,,,,,,,e,,,,,,,,,,,,,,,,,,,,,,,,,,,,,,,,,,,,,,,,,,,,,,,,,,,,,,,,,,,,,,,745.658,746.907,e,1.237,,0,4,4,1,1,stimuliTAFCfirst/nimnym002.wav,,,,,,,,,,,,,
,,,,,813570,001,2024-05-24_14h41.53.102,mathesisv2,2024.1.3,Win32,60.0240096,,,,,,,,,,,,,,,,,y,,,,,,,,,,,,,,,,,,,,,,,,,,,,,,,,,,,,,,,,,,,,,,,,,,,,,,,,,,,,,,,746.907,748.491,y,1.573,,0,5,5,5,1,stimuliTAFCfirst/nimnym006.wav,,,,,,,,,,,,,
,,,,,813570,001,2024-05-24_14h41.53.102,mathesisv2,2024.1.3,Win32,60.0240096,,,,,,,,,,,,,,,,,e,,,,,,,,,,,,,,,,,,,,,,,,,,,,,,,,,,,,,,,,,,,,,,,,,,,,,,,,,,,,,,,748.491,749.957,e,1.453,,0,6,6,2,1,stimuliTAFCfirst/nimnym003.wav,,,,,,,,,,,,,
,,,,,813570,001,2024-05-24_14h41.53.102,mathesisv2,2024.1.3,Win32,60.0240096,,,,,,,,,,,,,,,,,x,,,,,,,,,,,,,,,,,,,,,,,,,,,,,,,,,,,,,,,,,,,,,,,,,,,,,,,,,,,,,,,749.957,751.141,e,1.168,,1,0,7,3,1,stimuliTAFCfirst/nimnym004.wav,,,,,,,,,,,,,
,,,,,813570,001,2024-05-24_14h41.53.102,mathesisv2,2024.1.3,Win32,60.0240096,,,,,,,,,,,,,,,,,y,,,,,,,,,,,,,,,,,,,,,,,,,,,,,,,,,,,,,,,,,,,,,,,,,,,,,,,,,,,,,,,751.141,752.407,y,1.251,,1,1,8,6,1,stimuliTAFCfirst/nimnym007.wav,,,,,,,,,,,,,
,,,,,813570,001,2024-05-24_14h41.53.102,mathesisv2,2024.1.3,Win32,60.0240096,,,,,,,,,,,,,,,,,y,,,,,,,,,,,,,,,,,,,,,,,,,,,,,,,,,,,,,,,,,,,,,,,,,,,,,,,,,,,,,,,752.408,753.724,y,1.31,,1,2,9,4,1,stimuliTAFCfirst/nimnym005.wav,,,,,,,,,,,,,
,,,,,813570,001,2024-05-24_14h41.53.102,mathesisv2,2024.1.3,Win32,60.0240096,,,,,,,,,,,,,,,,,e,,,,,,,,,,,,,,,,,,,,,,,,,,,,,,,,,,,,,,,,,,,,,,,,,,,,,,,,,,,,,,,753.725,754.891,e,1.15,,1,3,10,0,1,stimuliTAFCfirst/nimnym001.wav,,,,,,,,,,,,,
,,,,,813570,001,2024-05-24_14h41.53.102,mathesisv2,2024.1.3,Win32,60.0240096,,,,,,,,,,,,,,,,,y,,,,,,,,,,,,,,,,,,,,,,,,,,,,,,,,,,,,,,,,,,,,,,,,,,,,,,,,,,,,,,,754.891,756.124,y,1.217,,1,4,11,5,1,stimuliTAFCfirst/nimnym006.wav,,,,,,,,,,,,,
,,,,,813570,001,2024-05-24_14h41.53.102,mathesisv2,2024.1.3,Win32,60.0240096,,,,,,,,,,,,,,,,,e,,,,,,,,,,,,,,,,,,,,,,,,,,,,,,,,,,,,,,,,,,,,,,,,,,,,,,,,,,,,,,,756.124,757.874,e,1.733,,1,5,12,2,1,stimuliTAFCfirst/nimnym003.wav,,,,,,,,,,,,,
,,,,,813570,001,2024-05-24_14h41.53.102,mathesisv2,2024.1.3,Win32,60.0240096,,,,,,,,,,,,,,,,,e,,,,,,,,,,,,,,,,,,,,,,,,,,,,,,,,,,,,,,,,,,,,,,,,,,,,,,,,,,,,,,,757.874,759.108,e,1.219,,1,6,13,1,1,stimuliTAFCfirst/nimnym002.wav,,,,,,,,,,,,,
,,,,,813570,001,2024-05-24_14h41.53.102,mathesisv2,2024.1.3,Win32,60.0240096,,,,,,,,,,,,,,,,,u,759.108,760.708,space,1.591,,,,,,,,,,,,,,,,,,,,,,,,,,,,,,,,,,,,,,,,,,,,,,,,,,,,,,,,,,,,,,,,,,,,,,760.713,766.791,u,6.075,,0,0,0,2,1,stimuliTAFCsec/numnym003.wav,,
,,,,,813570,001,2024-05-24_14h41.53.102,mathesisv2,2024.1.3,Win32,60.0240096,,,,,,,,,,,,,,,,,y,,,,,,,,,,,,,,,,,,,,,,,,,,,,,,,,,,,,,,,,,,,,,,,,,,,,,,,,,,,,,,,,,,,,,,,,,,766.791,768.624,y,1.822,,0,1,1,6,1,stimuliTAFCsec/numnym007.wav,,
,,,,,813570,001,2024-05-24_14h41.53.102,mathesisv2,2024.1.3,Win32,60.0240096,,,,,,,,,,,,,,,,,u,,,,,,,,,,,,,,,,,,,,,,,,,,,,,,,,,,,,,,,,,,,,,,,,,,,,,,,,,,,,,,,,,,,,,,,,,,768.624,769.824,u,1.186,,0,2,2,0,1,stimuliTAFCsec/numnym001.wav,,
,,,,,813570,001,2024-05-24_14h41.53.102,mathesisv2,2024.1.3,Win32,60.0240096,,,,,,,,,,,,,,,,,y,,,,,,,,,,,,,,,,,,,,,,,,,,,,,,,,,,,,,,,,,,,,,,,,,,,,,,,,,,,,,,,,,,,,,,,,,,769.825,771.008,y,1.166,,0,3,3,5,1,stimuliTAFCsec/numnym006.wav,,
,,,,,813570,001,2024-05-24_14h41.53.102,mathesisv2,2024.1.3,Win32,60.0240096,,,,,,,,,,,,,,,,,x,,,,,,,,,,,,,,,,,,,,,,,,,,,,,,,,,,,,,,,,,,,,,,,,,,,,,,,,,,,,,,,,,,,,,,,,,,771.008,772.291,u,1.274,,0,4,4,3,1,stimuliTAFCsec/numnym004.wav,,
,,,,,813570,001,2024-05-24_14h41.53.102,mathesisv2,2024.1.3,Win32,60.0240096,,,,,,,,,,,,,,,,,u,,,,,,,,,,,,,,,,,,,,,,,,,,,,,,,,,,,,,,,,,,,,,,,,,,,,,,,,,,,,,,,,,,,,,,,,,,772.291,773.425,u,1.118,,0,5,5,1,1,stimuliTAFCsec/numnym002.wav,,
,,,,,813570,001,2024-05-24_14h41.53.102,mathesisv2,2024.1.3,Win32,60.0240096,,,,,,,,,,,,,,,,,y,,,,,,,,,,,,,,,,,,,,,,,,,,,,,,,,,,,,,,,,,,,,,,,,,,,,,,,,,,,,,,,,,,,,,,,,,,773.425,775.175,y,1.74,,0,6,6,4,1,stimuliTAFCsec/numnym005.wav,,
,,,,,813570,001,2024-05-24_14h41.53.102,mathesisv2,2024.1.3,Win32,60.0240096,,,,,,,,,,,,,,,,,x,,,,,,,,,,,,,,,,,,,,,,,,,,,,,,,,,,,,,,,,,,,,,,,,,,,,,,,,,,,,,,,,,,,,,,,,,,775.175,776.741,y,1.56,,1,0,7,3,1,stimuliTAFCsec/numnym004.wav,,
,,,,,813570,001,2024-05-24_14h41.53.102,mathesisv2,2024.1.3,Win32,60.0240096,,,,,,,,,,,,,,,,,u,,,,,,,,,,,,,,,,,,,,,,,,,,,,,,,,,,,,,,,,,,,,,,,,,,,,,,,,,,,,,,,,,,,,,,,,,,776.741,777.941,u,1.183,,1,1,8,1,1,stimuliTAFCsec/numnym002.wav,,
,,,,,813570,001,2024-05-24_14h41.53.102,mathesisv2,2024.1.3,Win32,60.0240096,,,,,,,,,,,,,,,,,u,,,,,,,,,,,,,,,,,,,,,,,,,,,,,,,,,,,,,,,,,,,,,,,,,,,,,,,,,,,,,,,,,,,,,,,,,,777.942,779.075,u,1.117,,1,2,9,0,1,stimuliTAFCsec/numnym001.wav,,
,,,,,813570,001,2024-05-24_14h41.53.102,mathesisv2,2024.1.3,Win32,60.0240096,,,,,,,,,,,,,,,,,u,,,,,,,,,,,,,,,,,,,,,,,,,,,,,,,,,,,,,,,,,,,,,,,,,,,,,,,,,,,,,,,,,,,,,,,,,,779.075,780.124,u,1.037,,1,3,10,2,1,stimuliTAFCsec/numnym003.wav,,
,,,,,813570,001,2024-05-24_14h41.53.102,mathesisv2,2024.1.3,Win32,60.0240096,,,,,,,,,,,,,,,,,y,,,,,,,,,,,,,,,,,,,,,,,,,,,,,,,,,,,,,,,,,,,,,,,,,,,,,,,,,,,,,,,,,,,,,,,,,,780.125,781.207,y,1.076,,1,4,11,5,1,stimuliTAFCsec/numnym006.wav,,
,,,,,813570,001,2024-05-24_14h41.53.102,mathesisv2,2024.1.3,Win32,60.0240096,,,,,,,,,,,,,,,,,y,,,,,,,,,,,,,,,,,,,,,,,,,,,,,,,,,,,,,,,,,,,,,,,,,,,,,,,,,,,,,,,,,,,,,,,,,,781.208,782.324,y,1.108,,1,5,12,6,1,stimuliTAFCsec/numnym007.wav,,
,,,,,813570,001,2024-05-24_14h41.53.102,mathesisv2,2024.1.3,Win32,60.0240096,,,,,,,,,,,,,,,,,y,,,,,,,,,,,,,,,,,,,,,,,,,,,,,,,,,,,,,,,,,,,,,,,,,,,,,,,,,,,,,,,,,,,,,,,,,,782.324,783.475,y,1.133,,1,6,13,4,1,stimuliTAFCsec/numnym005.wav,,
,,,,,813570,001,2024-05-24_14h41.53.102,mathesisv2,2024.1.3,Win32,60.0240096,,,,,,,,,,,,,,,,,,,,,,,,,,,,,,,,,,,,,,,,,,,783.475,785.425,space,1.934,,,,,,,,,,,,,,,,,,,,,,,,,,,,,,,,,,,,,,,,,,,,,,,,,,,,,,,,785.425,790.424
