﻿start.started,start.stopped,startkey_resp.keys,startkey_resp.rt,startkey_resp.duration,participant,session,date,expName,psychopyVersion,OS,frameRate,attention.started,attention.stopped,key_resp.keys,key_resp.rt,key_resp.duration,stimuliAXBmix.started,stimuliAXBmix.stopped,stimuliAXBkey_resp.keys,stimuliAXBkey_resp.rt,stimuliAXBkey_resp.duration,stimuliAXBtesttrials.thisRepN,stimuliAXBtesttrials.thisTrialN,stimuliAXBtesttrials.thisN,stimuliAXBtesttrials.thisIndex,stimuliAXBtesttrials.ran,stimuliAXBmix,Correct,attentionsecond.started,attentionsecond.stopped,attentionsecondkey_resp.keys,attentionsecondkey_resp.rt,attentionsecondkey_resp.duration,instAXBreal.started,instAXBreal.stopped,instAXBrealkey_resp.keys,instAXBrealkey_resp.rt,instAXBrealkey_resp.duration,stimuliAXBmixfirst.thisRepN,stimuliAXBmixfirst.thisTrialN,stimuliAXBmixfirst.thisN,stimuliAXBmixfirst.thisIndex,stimuliAXBmixfirst.ran,attentionfirst.started,attentionfirst.stopped,attentionfirstkey_resp.keys,attentionfirstkey_resp.rt,attentionfirstkey_resp.duration,stimuliAXbmixsec.thisRepN,stimuliAXbmixsec.thisTrialN,stimuliAXbmixsec.thisN,stimuliAXbmixsec.thisIndex,stimuliAXbmixsec.ran,kaffeepause.started,kaffeepause.stopped,kaffeepausekey_resp.keys,kaffeepausekey_resp.rt,kaffeepausekey_resp.duration,instTAFCtest.started,instTAFCtest.stopped,instTAFCtestkey_resp.keys,instTAFCtestkey_resp.rt,instTAFCtestkey_resp.duration,testTAFCmixfirst.started,testTAFCmixfirst.stopped,testTAFCmixfirstkey_resp.keys,testTAFCmixfirstkey_resp.rt,testTAFCmixfirstkey_resp.duration,testTAFCmixfirsttrials.thisRepN,testTAFCmixfirsttrials.thisTrialN,testTAFCmixfirsttrials.thisN,testTAFCmixfirsttrials.thisIndex,testTAFCmixfirsttrials.ran,testTAFCmixfirst,testTAFCmixsec.started,testTAFCmixsec.stopped,testTAFCmixseckey_resp.keys,testTAFCmixseckey_resp.rt,testTAFCmixseckey_resp.duration,testTAFCmixsectrials.thisRepN,testTAFCmixsectrials.thisTrialN,testTAFCmixsectrials.thisN,testTAFCmixsectrials.thisIndex,testTAFCmixsectrials.ran,testTAFCmixsec,instTAFCreal.started,instTAFCreal.stopped,instTAFCrealkey_resp.keys,instTAFCrealkey_resp.rt,instTAFCrealkey_resp.duration,stimuliTAFCfirst.started,stimuliTAFCfirst.stopped,stimuliTAFCfirstkey_resp.keys,stimuliTAFCfirstkey_resp.rt,stimuliTAFCfirstkey_resp.duration,stimuliTAFCfirsttrials.thisRepN,stimuliTAFCfirsttrials.thisTrialN,stimuliTAFCfirsttrials.thisN,stimuliTAFCfirsttrials.thisIndex,stimuliTAFCfirsttrials.ran,stimuliTAFCfirst,stimuliTAFCsec.started,stimuliTAFCsec.stopped,stimuliTAFCseckey_resp.keys,stimuliTAFCseckey_resp.rt,stimuliTAFCseckey_resp.duration,stimuliTAFCsectrials.thisRepN,stimuliTAFCsectrials.thisTrialN,stimuliTAFCsectrials.thisN,stimuliTAFCsectrials.thisIndex,stimuliTAFCsectrials.ran,stimuliTAFCsec,end.started,end.stopped
0.001,14.966,space,14.856,,749429,001,2024-05-23_16h36.32.570,mathesisv2,2024.1.3,MacIntel,52.63157895,,,,,,,,,,,,,,,,,,,,,,,,,,,,,,,,,,,,,,,,,,,,,,,,,,,,,,,,,,,,,,,,,,,,,,,,,,,,,,,,,,,,,,,,,,,,,,,,,,,,,,,
,,,,,749429,001,2024-05-23_16h36.32.570,mathesisv2,2024.1.3,MacIntel,52.63157895,14.966,22.498,space,7.434,,,,,,,,,,,,,,,,,,,,,,,,,,,,,,,,,,,,,,,,,,,,,,,,,,,,,,,,,,,,,,,,,,,,,,,,,,,,,,,,,,,,,,,,,,,,,,,,,,,
,,,,,749429,001,2024-05-23_16h36.32.570,mathesisv2,2024.1.3,MacIntel,52.63157895,,,,,,22.527,35.631,f,13.036,,0,0,0,1,1,stimuliAXBmix/iyystimulus.wav,f,,,,,,,,,,,,,,,,,,,,,,,,,,,,,,,,,,,,,,,,,,,,,,,,,,,,,,,,,,,,,,,,,,,,,,,,,,,,,,,,,,,,,,
,,,,,749429,001,2024-05-23_16h36.32.570,mathesisv2,2024.1.3,MacIntel,52.63157895,,,,,,35.635,42.764,l,7.09,,0,1,1,3,1,stimuliAXBmix/yyustimulus.wav,l,,,,,,,,,,,,,,,,,,,,,,,,,,,,,,,,,,,,,,,,,,,,,,,,,,,,,,,,,,,,,,,,,,,,,,,,,,,,,,,,,,,,,,
,,,,,749429,001,2024-05-23_16h36.32.570,mathesisv2,2024.1.3,MacIntel,52.63157895,,,,,,42.765,46.047,l,3.261,,0,2,2,0,1,stimuliAXBmix/iiystimulus.wav,l,,,,,,,,,,,,,,,,,,,,,,,,,,,,,,,,,,,,,,,,,,,,,,,,,,,,,,,,,,,,,,,,,,,,,,,,,,,,,,,,,,,,,,
,,,,,749429,001,2024-05-23_16h36.32.570,mathesisv2,2024.1.3,MacIntel,52.63157895,,,,,,46.047,50.098,f,4.027,,0,3,3,2,1,stimuliAXBmix/yuustimulus.wav,f,,,,,,,,,,,,,,,,,,,,,,,,,,,,,,,,,,,,,,,,,,,,,,,,,,,,,,,,,,,,,,,,,,,,,,,,,,,,,,,,,,,,,,
,,,,,749429,001,2024-05-23_16h36.32.570,mathesisv2,2024.1.3,MacIntel,52.63157895,,,,,,,,,,,,,,,,,,50.102,52.631,space,2.456,,,,,,,,,,,,,,,,,,,,,,,,,,,,,,,,,,,,,,,,,,,,,,,,,,,,,,,,,,,,,,,,,,,,,,,,,,,,,,,,,,
,,,,,749429,001,2024-05-23_16h36.32.570,mathesisv2,2024.1.3,MacIntel,52.63157895,,,,,,,,,,,,,,,,,,,,,,,52.631,59.465,space,6.755,,,,,,,,,,,,,,,,,,,,,,,,,,,,,,,,,,,,,,,,,,,,,,,,,,,,,,,,,,,,,,,,,,,,,,,,,,,,,
,,,,,749429,001,2024-05-23_16h36.32.570,mathesisv2,2024.1.3,MacIntel,52.63157895,,,,,,59.478,74.197,f,14.689,,,,,,,stimuliAXBmix/iiystimulus.wav,l,,,,,,,,,,,0,0,0,0,1,,,,,,,,,,,,,,,,,,,,,,,,,,,,,,,,,,,,,,,,,,,,,,,,,,,,,,,,,,,,,,,,,,,,,,,
,,,,,749429,001,2024-05-23_16h36.32.570,mathesisv2,2024.1.3,MacIntel,52.63157895,,,,,,74.198,79.93,f,5.708,,,,,,,stimuliAXBmix/yuustimulus.wav,f,,,,,,,,,,,0,1,1,2,1,,,,,,,,,,,,,,,,,,,,,,,,,,,,,,,,,,,,,,,,,,,,,,,,,,,,,,,,,,,,,,,,,,,,,,,
,,,,,749429,001,2024-05-23_16h36.32.570,mathesisv2,2024.1.3,MacIntel,52.63157895,,,,,,79.931,82.264,l,2.309,,,,,,,stimuliAXBmix/yyustimulus.wav,l,,,,,,,,,,,0,2,2,3,1,,,,,,,,,,,,,,,,,,,,,,,,,,,,,,,,,,,,,,,,,,,,,,,,,,,,,,,,,,,,,,,,,,,,,,,
,,,,,749429,001,2024-05-23_16h36.32.570,mathesisv2,2024.1.3,MacIntel,52.63157895,,,,,,82.264,109.864,l,27.573,,,,,,,stimuliAXBmix/iyystimulus.wav,f,,,,,,,,,,,0,3,3,1,1,,,,,,,,,,,,,,,,,,,,,,,,,,,,,,,,,,,,,,,,,,,,,,,,,,,,,,,,,,,,,,,,,,,,,,,
,,,,,749429,001,2024-05-23_16h36.32.570,mathesisv2,2024.1.3,MacIntel,52.63157895,,,,,,109.864,110.029,l,0.121,,,,,,,stimuliAXBmix/iyystimulus.wav,f,,,,,,,,,,,1,0,4,1,1,,,,,,,,,,,,,,,,,,,,,,,,,,,,,,,,,,,,,,,,,,,,,,,,,,,,,,,,,,,,,,,,,,,,,,,
,,,,,749429,001,2024-05-23_16h36.32.570,mathesisv2,2024.1.3,MacIntel,52.63157895,,,,,,110.03,110.696,f,0.635,,,,,,,stimuliAXBmix/yuustimulus.wav,f,,,,,,,,,,,1,1,5,2,1,,,,,,,,,,,,,,,,,,,,,,,,,,,,,,,,,,,,,,,,,,,,,,,,,,,,,,,,,,,,,,,,,,,,,,,
,,,,,749429,001,2024-05-23_16h36.32.570,mathesisv2,2024.1.3,MacIntel,52.63157895,,,,,,110.697,113.863,l,3.147,,,,,,,stimuliAXBmix/yyustimulus.wav,l,,,,,,,,,,,1,2,6,3,1,,,,,,,,,,,,,,,,,,,,,,,,,,,,,,,,,,,,,,,,,,,,,,,,,,,,,,,,,,,,,,,,,,,,,,,
,,,,,749429,001,2024-05-23_16h36.32.570,mathesisv2,2024.1.3,MacIntel,52.63157895,,,,,,113.864,117.362,l,3.464,,,,,,,stimuliAXBmix/iiystimulus.wav,l,,,,,,,,,,,1,3,7,0,1,,,,,,,,,,,,,,,,,,,,,,,,,,,,,,,,,,,,,,,,,,,,,,,,,,,,,,,,,,,,,,,,,,,,,,,
,,,,,749429,001,2024-05-23_16h36.32.570,mathesisv2,2024.1.3,MacIntel,52.63157895,,,,,,117.363,122.196,l,4.812,,,,,,,stimuliAXBmix/iyystimulus.wav,f,,,,,,,,,,,2,0,8,1,1,,,,,,,,,,,,,,,,,,,,,,,,,,,,,,,,,,,,,,,,,,,,,,,,,,,,,,,,,,,,,,,,,,,,,,,
,,,,,749429,001,2024-05-23_16h36.32.570,mathesisv2,2024.1.3,MacIntel,52.63157895,,,,,,122.196,125.229,l,3,,,,,,,stimuliAXBmix/iiystimulus.wav,l,,,,,,,,,,,2,1,9,0,1,,,,,,,,,,,,,,,,,,,,,,,,,,,,,,,,,,,,,,,,,,,,,,,,,,,,,,,,,,,,,,,,,,,,,,,
,,,,,749429,001,2024-05-23_16h36.32.570,mathesisv2,2024.1.3,MacIntel,52.63157895,,,,,,125.23,127.363,f,2.092,,,,,,,stimuliAXBmix/yuustimulus.wav,f,,,,,,,,,,,2,2,10,2,1,,,,,,,,,,,,,,,,,,,,,,,,,,,,,,,,,,,,,,,,,,,,,,,,,,,,,,,,,,,,,,,,,,,,,,,
,,,,,749429,001,2024-05-23_16h36.32.570,mathesisv2,2024.1.3,MacIntel,52.63157895,,,,,,127.363,130.695,l,3.299,,,,,,,stimuliAXBmix/yyustimulus.wav,l,,,,,,,,,,,2,3,11,3,1,,,,,,,,,,,,,,,,,,,,,,,,,,,,,,,,,,,,,,,,,,,,,,,,,,,,,,,,,,,,,,,,,,,,,,,
,,,,,749429,001,2024-05-23_16h36.32.570,mathesisv2,2024.1.3,MacIntel,52.63157895,,,,,,135.402,138.53,l,3.095,,,,,,,stimuliAXBmix/iiystimulus.wav,l,,,,,,,,,,,,,,,,130.696,135.396,return,4.627,,0,0,0,0,1,,,,,,,,,,,,,,,,,,,,,,,,,,,,,,,,,,,,,,,,,,,,,,,,,,,,,,,,,,,,,
,,,,,749429,001,2024-05-23_16h36.32.570,mathesisv2,2024.1.3,MacIntel,52.63157895,,,,,,138.53,141.562,f,3.007,,,,,,,stimuliAXBmix/yuustimulus.wav,f,,,,,,,,,,,,,,,,,,,,,0,1,1,2,1,,,,,,,,,,,,,,,,,,,,,,,,,,,,,,,,,,,,,,,,,,,,,,,,,,,,,,,,,,,,,
,,,,,749429,001,2024-05-23_16h36.32.570,mathesisv2,2024.1.3,MacIntel,52.63157895,,,,,,141.563,144.829,l,3.234,,,,,,,stimuliAXBmix/yyustimulus.wav,l,,,,,,,,,,,,,,,,,,,,,0,2,2,3,1,,,,,,,,,,,,,,,,,,,,,,,,,,,,,,,,,,,,,,,,,,,,,,,,,,,,,,,,,,,,,
,,,,,749429,001,2024-05-23_16h36.32.570,mathesisv2,2024.1.3,MacIntel,52.63157895,,,,,,144.83,148.928,f,4.068,,,,,,,stimuliAXBmix/iyystimulus.wav,f,,,,,,,,,,,,,,,,,,,,,0,3,3,1,1,,,,,,,,,,,,,,,,,,,,,,,,,,,,,,,,,,,,,,,,,,,,,,,,,,,,,,,,,,,,,
,,,,,749429,001,2024-05-23_16h36.32.570,mathesisv2,2024.1.3,MacIntel,52.63157895,,,,,,148.929,152.396,f,3.443,,,,,,,stimuliAXBmix/yuustimulus.wav,f,,,,,,,,,,,,,,,,,,,,,1,0,4,2,1,,,,,,,,,,,,,,,,,,,,,,,,,,,,,,,,,,,,,,,,,,,,,,,,,,,,,,,,,,,,,
,,,,,749429,001,2024-05-23_16h36.32.570,mathesisv2,2024.1.3,MacIntel,52.63157895,,,,,,152.396,155.361,l,2.937,,,,,,,stimuliAXBmix/iiystimulus.wav,l,,,,,,,,,,,,,,,,,,,,,1,1,5,0,1,,,,,,,,,,,,,,,,,,,,,,,,,,,,,,,,,,,,,,,,,,,,,,,,,,,,,,,,,,,,,
,,,,,749429,001,2024-05-23_16h36.32.570,mathesisv2,2024.1.3,MacIntel,52.63157895,,,,,,155.362,158.062,l,2.679,,,,,,,stimuliAXBmix/yyustimulus.wav,l,,,,,,,,,,,,,,,,,,,,,1,2,6,3,1,,,,,,,,,,,,,,,,,,,,,,,,,,,,,,,,,,,,,,,,,,,,,,,,,,,,,,,,,,,,,
,,,,,749429,001,2024-05-23_16h36.32.570,mathesisv2,2024.1.3,MacIntel,52.63157895,,,,,,158.063,161.095,f,2.996,,,,,,,stimuliAXBmix/iyystimulus.wav,f,,,,,,,,,,,,,,,,,,,,,1,3,7,1,1,,,,,,,,,,,,,,,,,,,,,,,,,,,,,,,,,,,,,,,,,,,,,,,,,,,,,,,,,,,,,
,,,,,749429,001,2024-05-23_16h36.32.570,mathesisv2,2024.1.3,MacIntel,52.63157895,,,,,,356.6,364.526,f,7.867,,,,,,,stimuliAXBmix/yuustimulus.wav,f,,,,,,,,,,,0,0,0,2,1,,,,,,,,,,,161.096,356.593,space,195.437,,,,,,,,,,,,,,,,,,,,,,,,,,,,,,,,,,,,,,,,,,,,,,,,,,,,,,,,,
,,,,,749429,001,2024-05-23_16h36.32.570,mathesisv2,2024.1.3,MacIntel,52.63157895,,,,,,364.526,368.994,l,4.433,,,,,,,stimuliAXBmix/yyustimulus.wav,l,,,,,,,,,,,0,1,1,3,1,,,,,,,,,,,,,,,,,,,,,,,,,,,,,,,,,,,,,,,,,,,,,,,,,,,,,,,,,,,,,,,,,,,,,,,
,,,,,749429,001,2024-05-23_16h36.32.570,mathesisv2,2024.1.3,MacIntel,52.63157895,,,,,,368.995,378.059,f,9.03,,,,,,,stimuliAXBmix/iyystimulus.wav,f,,,,,,,,,,,0,2,2,1,1,,,,,,,,,,,,,,,,,,,,,,,,,,,,,,,,,,,,,,,,,,,,,,,,,,,,,,,,,,,,,,,,,,,,,,,
,,,,,749429,001,2024-05-23_16h36.32.570,mathesisv2,2024.1.3,MacIntel,52.63157895,,,,,,378.059,378.192,f,0.104,,,,,,,stimuliAXBmix/iiystimulus.wav,l,,,,,,,,,,,0,3,3,0,1,,,,,,,,,,,,,,,,,,,,,,,,,,,,,,,,,,,,,,,,,,,,,,,,,,,,,,,,,,,,,,,,,,,,,,,
,,,,,749429,001,2024-05-23_16h36.32.570,mathesisv2,2024.1.3,MacIntel,52.63157895,,,,,,378.192,378.325,f,0.115,,,,,,,stimuliAXBmix/yyustimulus.wav,l,,,,,,,,,,,1,0,4,3,1,,,,,,,,,,,,,,,,,,,,,,,,,,,,,,,,,,,,,,,,,,,,,,,,,,,,,,,,,,,,,,,,,,,,,,,
,,,,,749429,001,2024-05-23_16h36.32.570,mathesisv2,2024.1.3,MacIntel,52.63157895,,,,,,378.326,379.459,l,1.101,,,,,,,stimuliAXBmix/iyystimulus.wav,f,,,,,,,,,,,1,1,5,1,1,,,,,,,,,,,,,,,,,,,,,,,,,,,,,,,,,,,,,,,,,,,,,,,,,,,,,,,,,,,,,,,,,,,,,,,
,,,,,749429,001,2024-05-23_16h36.32.570,mathesisv2,2024.1.3,MacIntel,52.63157895,,,,,,379.459,379.592,l,0.106,,,,,,,stimuliAXBmix/yuustimulus.wav,f,,,,,,,,,,,1,2,6,2,1,,,,,,,,,,,,,,,,,,,,,,,,,,,,,,,,,,,,,,,,,,,,,,,,,,,,,,,,,,,,,,,,,,,,,,,
,,,,,749429,001,2024-05-23_16h36.32.570,mathesisv2,2024.1.3,MacIntel,52.63157895,,,,,,379.592,391.626,l,12.015,,,,,,,stimuliAXBmix/iiystimulus.wav,l,,,,,,,,,,,1,3,7,0,1,,,,,,,,,,,,,,,,,,,,,,,,,,,,,,,,,,,,,,,,,,,,,,,,,,,,,,,,,,,,,,,,,,,,,,,
,,,,,749429,001,2024-05-23_16h36.32.570,mathesisv2,2024.1.3,MacIntel,52.63157895,,,,,,391.626,391.741,l,0.094,,,,,,,stimuliAXBmix/yyustimulus.wav,l,,,,,,,,,,,2,0,8,3,1,,,,,,,,,,,,,,,,,,,,,,,,,,,,,,,,,,,,,,,,,,,,,,,,,,,,,,,,,,,,,,,,,,,,,,,
,,,,,749429,001,2024-05-23_16h36.32.570,mathesisv2,2024.1.3,MacIntel,52.63157895,,,,,,391.742,400.191,f,8.43,,,,,,,stimuliAXBmix/iiystimulus.wav,l,,,,,,,,,,,2,1,9,0,1,,,,,,,,,,,,,,,,,,,,,,,,,,,,,,,,,,,,,,,,,,,,,,,,,,,,,,,,,,,,,,,,,,,,,,,
,,,,,749429,001,2024-05-23_16h36.32.570,mathesisv2,2024.1.3,MacIntel,52.63157895,,,,,,400.192,400.625,f,0.393,,,,,,,stimuliAXBmix/iyystimulus.wav,f,,,,,,,,,,,2,2,10,1,1,,,,,,,,,,,,,,,,,,,,,,,,,,,,,,,,,,,,,,,,,,,,,,,,,,,,,,,,,,,,,,,,,,,,,,,
,,,,,749429,001,2024-05-23_16h36.32.570,mathesisv2,2024.1.3,MacIntel,52.63157895,,,,,,400.625,400.958,f,0.306,,,,,,,stimuliAXBmix/yuustimulus.wav,f,,,,,,,,,,,2,3,11,2,1,,,,,,,,,,,,,,,,,,,,,,,,,,,,,,,,,,,,,,,,,,,,,,,,,,,,,,,,,,,,,,,,,,,,,,,
,,,,,749429,001,2024-05-23_16h36.32.570,mathesisv2,2024.1.3,MacIntel,52.63157895,,,,,,403.798,414.492,f,10.661,,,,,,,stimuliAXBmix/iyystimulus.wav,f,,,,,,,,,,,,,,,,400.958,403.792,return,2.799,,0,0,0,1,1,,,,,,,,,,,,,,,,,,,,,,,,,,,,,,,,,,,,,,,,,,,,,,,,,,,,,,,,,,,,,
,,,,,749429,001,2024-05-23_16h36.32.570,mathesisv2,2024.1.3,MacIntel,52.63157895,,,,,,414.492,418.325,l,3.808,,,,,,,stimuliAXBmix/yuustimulus.wav,f,,,,,,,,,,,,,,,,,,,,,0,1,1,2,1,,,,,,,,,,,,,,,,,,,,,,,,,,,,,,,,,,,,,,,,,,,,,,,,,,,,,,,,,,,,,
,,,,,749429,001,2024-05-23_16h36.32.570,mathesisv2,2024.1.3,MacIntel,52.63157895,,,,,,418.325,419.991,l,1.636,,,,,,,stimuliAXBmix/yyustimulus.wav,l,,,,,,,,,,,,,,,,,,,,,0,2,2,3,1,,,,,,,,,,,,,,,,,,,,,,,,,,,,,,,,,,,,,,,,,,,,,,,,,,,,,,,,,,,,,
,,,,,749429,001,2024-05-23_16h36.32.570,mathesisv2,2024.1.3,MacIntel,52.63157895,,,,,,419.992,424.791,f,4.774,,,,,,,stimuliAXBmix/iiystimulus.wav,l,,,,,,,,,,,,,,,,,,,,,0,3,3,0,1,,,,,,,,,,,,,,,,,,,,,,,,,,,,,,,,,,,,,,,,,,,,,,,,,,,,,,,,,,,,,
,,,,,749429,001,2024-05-23_16h36.32.570,mathesisv2,2024.1.3,MacIntel,52.63157895,,,,,,424.791,430.024,l,5.191,,,,,,,stimuliAXBmix/yyustimulus.wav,l,,,,,,,,,,,,,,,,,,,,,1,0,4,3,1,,,,,,,,,,,,,,,,,,,,,,,,,,,,,,,,,,,,,,,,,,,,,,,,,,,,,,,,,,,,,
,,,,,749429,001,2024-05-23_16h36.32.570,mathesisv2,2024.1.3,MacIntel,52.63157895,,,,,,430.025,441.891,l,11.843,,,,,,,stimuliAXBmix/yuustimulus.wav,f,,,,,,,,,,,,,,,,,,,,,1,1,5,2,1,,,,,,,,,,,,,,,,,,,,,,,,,,,,,,,,,,,,,,,,,,,,,,,,,,,,,,,,,,,,,
,,,,,749429,001,2024-05-23_16h36.32.570,mathesisv2,2024.1.3,MacIntel,52.63157895,,,,,,441.891,462.157,f,20.234,,,,,,,stimuliAXBmix/iiystimulus.wav,l,,,,,,,,,,,,,,,,,,,,,1,2,6,0,1,,,,,,,,,,,,,,,,,,,,,,,,,,,,,,,,,,,,,,,,,,,,,,,,,,,,,,,,,,,,,
,,,,,749429,001,2024-05-23_16h36.32.570,mathesisv2,2024.1.3,MacIntel,52.63157895,,,,,,462.157,466.157,f,3.96,,,,,,,stimuliAXBmix/iyystimulus.wav,f,,,,,,,,,,,,,,,,,,,,,1,3,7,1,1,,,,,,,,,,,,,,,,,,,,,,,,,,,,,,,,,,,,,,,,,,,,,,,,,,,,,,,,,,,,,
,,,,,749429,001,2024-05-23_16h36.32.570,mathesisv2,2024.1.3,MacIntel,52.63157895,,,,,,469.229,477.823,l,8.566,,,,,,,stimuliAXBmix/yyustimulus.wav,l,,,,,,,,,,,0,0,0,3,1,,,,,,,,,,,466.158,469.225,space,3.043,,,,,,,,,,,,,,,,,,,,,,,,,,,,,,,,,,,,,,,,,,,,,,,,,,,,,,,,,
,,,,,749429,001,2024-05-23_16h36.32.570,mathesisv2,2024.1.3,MacIntel,52.63157895,,,,,,477.824,477.99,l,0.134,,,,,,,stimuliAXBmix/yuustimulus.wav,f,,,,,,,,,,,0,1,1,2,1,,,,,,,,,,,,,,,,,,,,,,,,,,,,,,,,,,,,,,,,,,,,,,,,,,,,,,,,,,,,,,,,,,,,,,,
,,,,,749429,001,2024-05-23_16h36.32.570,mathesisv2,2024.1.3,MacIntel,52.63157895,,,,,,477.99,488.956,f,10.925,,,,,,,stimuliAXBmix/iyystimulus.wav,f,,,,,,,,,,,0,2,2,1,1,,,,,,,,,,,,,,,,,,,,,,,,,,,,,,,,,,,,,,,,,,,,,,,,,,,,,,,,,,,,,,,,,,,,,,,
,,,,,749429,001,2024-05-23_16h36.32.570,mathesisv2,2024.1.3,MacIntel,52.63157895,,,,,,488.956,495.823,l,6.824,,,,,,,stimuliAXBmix/iiystimulus.wav,l,,,,,,,,,,,0,3,3,0,1,,,,,,,,,,,,,,,,,,,,,,,,,,,,,,,,,,,,,,,,,,,,,,,,,,,,,,,,,,,,,,,,,,,,,,,
,,,,,749429,001,2024-05-23_16h36.32.570,mathesisv2,2024.1.3,MacIntel,52.63157895,,,,,,495.823,498.056,f,2.19,,,,,,,stimuliAXBmix/iiystimulus.wav,l,,,,,,,,,,,1,0,4,0,1,,,,,,,,,,,,,,,,,,,,,,,,,,,,,,,,,,,,,,,,,,,,,,,,,,,,,,,,,,,,,,,,,,,,,,,
,,,,,749429,001,2024-05-23_16h36.32.570,mathesisv2,2024.1.3,MacIntel,52.63157895,,,,,,498.056,503.022,f,4.933,,,,,,,stimuliAXBmix/iyystimulus.wav,f,,,,,,,,,,,1,1,5,1,1,,,,,,,,,,,,,,,,,,,,,,,,,,,,,,,,,,,,,,,,,,,,,,,,,,,,,,,,,,,,,,,,,,,,,,,
,,,,,749429,001,2024-05-23_16h36.32.570,mathesisv2,2024.1.3,MacIntel,52.63157895,,,,,,503.023,507.59,f,4.545,,,,,,,stimuliAXBmix/yuustimulus.wav,f,,,,,,,,,,,1,2,6,2,1,,,,,,,,,,,,,,,,,,,,,,,,,,,,,,,,,,,,,,,,,,,,,,,,,,,,,,,,,,,,,,,,,,,,,,,
,,,,,749429,001,2024-05-23_16h36.32.570,mathesisv2,2024.1.3,MacIntel,52.63157895,,,,,,507.59,511.956,f,4.346,,,,,,,stimuliAXBmix/yyustimulus.wav,l,,,,,,,,,,,1,3,7,3,1,,,,,,,,,,,,,,,,,,,,,,,,,,,,,,,,,,,,,,,,,,,,,,,,,,,,,,,,,,,,,,,,,,,,,,,
,,,,,749429,001,2024-05-23_16h36.32.570,mathesisv2,2024.1.3,MacIntel,52.63157895,,,,,,511.956,516.822,l,4.827,,,,,,,stimuliAXBmix/iiystimulus.wav,l,,,,,,,,,,,2,0,8,0,1,,,,,,,,,,,,,,,,,,,,,,,,,,,,,,,,,,,,,,,,,,,,,,,,,,,,,,,,,,,,,,,,,,,,,,,
,,,,,749429,001,2024-05-23_16h36.32.570,mathesisv2,2024.1.3,MacIntel,52.63157895,,,,,,516.823,521.122,f,4.272,,,,,,,stimuliAXBmix/yuustimulus.wav,f,,,,,,,,,,,2,1,9,2,1,,,,,,,,,,,,,,,,,,,,,,,,,,,,,,,,,,,,,,,,,,,,,,,,,,,,,,,,,,,,,,,,,,,,,,,
,,,,,749429,001,2024-05-23_16h36.32.570,mathesisv2,2024.1.3,MacIntel,52.63157895,,,,,,521.123,526.855,l,5.697,,,,,,,stimuliAXBmix/iyystimulus.wav,f,,,,,,,,,,,2,2,10,1,1,,,,,,,,,,,,,,,,,,,,,,,,,,,,,,,,,,,,,,,,,,,,,,,,,,,,,,,,,,,,,,,,,,,,,,,
,,,,,749429,001,2024-05-23_16h36.32.570,mathesisv2,2024.1.3,MacIntel,52.63157895,,,,,,526.856,530.989,l,4.101,,,,,,,stimuliAXBmix/yyustimulus.wav,l,,,,,,,,,,,2,3,11,3,1,,,,,,,,,,,,,,,,,,,,,,,,,,,,,,,,,,,,,,,,,,,,,,,,,,,,,,,,,,,,,,,,,,,,,,,
,,,,,749429,001,2024-05-23_16h36.32.570,mathesisv2,2024.1.3,MacIntel,52.63157895,,,,,,532.695,537.622,l,4.902,,,,,,,stimuliAXBmix/iiystimulus.wav,l,,,,,,,,,,,,,,,,530.99,532.689,return,1.667,,0,0,0,0,1,,,,,,,,,,,,,,,,,,,,,,,,,,,,,,,,,,,,,,,,,,,,,,,,,,,,,,,,,,,,,
,,,,,749429,001,2024-05-23_16h36.32.570,mathesisv2,2024.1.3,MacIntel,52.63157895,,,,,,537.622,541.456,f,3.808,,,,,,,stimuliAXBmix/yyustimulus.wav,l,,,,,,,,,,,,,,,,,,,,,0,1,1,3,1,,,,,,,,,,,,,,,,,,,,,,,,,,,,,,,,,,,,,,,,,,,,,,,,,,,,,,,,,,,,,
,,,,,749429,001,2024-05-23_16h36.32.570,mathesisv2,2024.1.3,MacIntel,52.63157895,,,,,,541.456,544.489,f,3.013,,,,,,,stimuliAXBmix/yuustimulus.wav,f,,,,,,,,,,,,,,,,,,,,,0,2,2,2,1,,,,,,,,,,,,,,,,,,,,,,,,,,,,,,,,,,,,,,,,,,,,,,,,,,,,,,,,,,,,,
,,,,,749429,001,2024-05-23_16h36.32.570,mathesisv2,2024.1.3,MacIntel,52.63157895,,,,,,544.489,547.789,f,3.257,,,,,,,stimuliAXBmix/iyystimulus.wav,f,,,,,,,,,,,,,,,,,,,,,0,3,3,1,1,,,,,,,,,,,,,,,,,,,,,,,,,,,,,,,,,,,,,,,,,,,,,,,,,,,,,,,,,,,,,
,,,,,749429,001,2024-05-23_16h36.32.570,mathesisv2,2024.1.3,MacIntel,52.63157895,,,,,,547.789,551.017,l,3.211,,,,,,,stimuliAXBmix/iiystimulus.wav,l,,,,,,,,,,,,,,,,,,,,,1,0,4,0,1,,,,,,,,,,,,,,,,,,,,,,,,,,,,,,,,,,,,,,,,,,,,,,,,,,,,,,,,,,,,,
,,,,,749429,001,2024-05-23_16h36.32.570,mathesisv2,2024.1.3,MacIntel,52.63157895,,,,,,551.017,555.022,f,3.988,,,,,,,stimuliAXBmix/yuustimulus.wav,f,,,,,,,,,,,,,,,,,,,,,1,1,5,2,1,,,,,,,,,,,,,,,,,,,,,,,,,,,,,,,,,,,,,,,,,,,,,,,,,,,,,,,,,,,,,
,,,,,749429,001,2024-05-23_16h36.32.570,mathesisv2,2024.1.3,MacIntel,52.63157895,,,,,,555.022,557.888,f,2.824,,,,,,,stimuliAXBmix/iyystimulus.wav,f,,,,,,,,,,,,,,,,,,,,,1,2,6,1,1,,,,,,,,,,,,,,,,,,,,,,,,,,,,,,,,,,,,,,,,,,,,,,,,,,,,,,,,,,,,,
,,,,,749429,001,2024-05-23_16h36.32.570,mathesisv2,2024.1.3,MacIntel,52.63157895,,,,,,557.889,560.821,l,2.89,,,,,,,stimuliAXBmix/yyustimulus.wav,l,,,,,,,,,,,,,,,,,,,,,1,3,7,3,1,,,,,,,,,,,,,,,,,,,,,,,,,,,,,,,,,,,,,,,,,,,,,,,,,,,,,,,,,,,,,
,,,,,749429,001,2024-05-23_16h36.32.570,mathesisv2,2024.1.3,MacIntel,52.63157895,,,,,,562.025,566.555,f,4.495,,,,,,,stimuliAXBmix/iyystimulus.wav,f,,,,,,,,,,,0,0,0,1,1,,,,,,,,,,,560.822,562.021,space,1.16,,,,,,,,,,,,,,,,,,,,,,,,,,,,,,,,,,,,,,,,,,,,,,,,,,,,,,,,,
,,,,,749429,001,2024-05-23_16h36.32.570,mathesisv2,2024.1.3,MacIntel,52.63157895,,,,,,566.555,569.221,f,2.641,,,,,,,stimuliAXBmix/yuustimulus.wav,f,,,,,,,,,,,0,1,1,2,1,,,,,,,,,,,,,,,,,,,,,,,,,,,,,,,,,,,,,,,,,,,,,,,,,,,,,,,,,,,,,,,,,,,,,,,
,,,,,749429,001,2024-05-23_16h36.32.570,mathesisv2,2024.1.3,MacIntel,52.63157895,,,,,,569.221,572.522,f,3.262,,,,,,,stimuliAXBmix/yyustimulus.wav,l,,,,,,,,,,,0,2,2,3,1,,,,,,,,,,,,,,,,,,,,,,,,,,,,,,,,,,,,,,,,,,,,,,,,,,,,,,,,,,,,,,,,,,,,,,,
,,,,,749429,001,2024-05-23_16h36.32.570,mathesisv2,2024.1.3,MacIntel,52.63157895,,,,,,572.522,575.854,l,3.317,,,,,,,stimuliAXBmix/iiystimulus.wav,l,,,,,,,,,,,0,3,3,0,1,,,,,,,,,,,,,,,,,,,,,,,,,,,,,,,,,,,,,,,,,,,,,,,,,,,,,,,,,,,,,,,,,,,,,,,
,,,,,749429,001,2024-05-23_16h36.32.570,mathesisv2,2024.1.3,MacIntel,52.63157895,,,,,,575.855,579.488,f,3.599,,,,,,,stimuliAXBmix/yuustimulus.wav,f,,,,,,,,,,,1,0,4,2,1,,,,,,,,,,,,,,,,,,,,,,,,,,,,,,,,,,,,,,,,,,,,,,,,,,,,,,,,,,,,,,,,,,,,,,,
,,,,,749429,001,2024-05-23_16h36.32.570,mathesisv2,2024.1.3,MacIntel,52.63157895,,,,,,579.488,582.354,l,2.834,,,,,,,stimuliAXBmix/yyustimulus.wav,l,,,,,,,,,,,1,1,5,3,1,,,,,,,,,,,,,,,,,,,,,,,,,,,,,,,,,,,,,,,,,,,,,,,,,,,,,,,,,,,,,,,,,,,,,,,
,,,,,749429,001,2024-05-23_16h36.32.570,mathesisv2,2024.1.3,MacIntel,52.63157895,,,,,,582.355,586.788,l,4.41,,,,,,,stimuliAXBmix/iyystimulus.wav,f,,,,,,,,,,,1,2,6,1,1,,,,,,,,,,,,,,,,,,,,,,,,,,,,,,,,,,,,,,,,,,,,,,,,,,,,,,,,,,,,,,,,,,,,,,,
,,,,,749429,001,2024-05-23_16h36.32.570,mathesisv2,2024.1.3,MacIntel,52.63157895,,,,,,586.788,589.387,l,2.576,,,,,,,stimuliAXBmix/iiystimulus.wav,l,,,,,,,,,,,1,3,7,0,1,,,,,,,,,,,,,,,,,,,,,,,,,,,,,,,,,,,,,,,,,,,,,,,,,,,,,,,,,,,,,,,,,,,,,,,
,,,,,749429,001,2024-05-23_16h36.32.570,mathesisv2,2024.1.3,MacIntel,52.63157895,,,,,,589.388,593.454,f,4.043,,,,,,,stimuliAXBmix/yuustimulus.wav,f,,,,,,,,,,,2,0,8,2,1,,,,,,,,,,,,,,,,,,,,,,,,,,,,,,,,,,,,,,,,,,,,,,,,,,,,,,,,,,,,,,,,,,,,,,,
,,,,,749429,001,2024-05-23_16h36.32.570,mathesisv2,2024.1.3,MacIntel,52.63157895,,,,,,593.454,596.054,l,2.559,,,,,,,stimuliAXBmix/iiystimulus.wav,l,,,,,,,,,,,2,1,9,0,1,,,,,,,,,,,,,,,,,,,,,,,,,,,,,,,,,,,,,,,,,,,,,,,,,,,,,,,,,,,,,,,,,,,,,,,
,,,,,749429,001,2024-05-23_16h36.32.570,mathesisv2,2024.1.3,MacIntel,52.63157895,,,,,,596.055,598.821,f,2.734,,,,,,,stimuliAXBmix/yyustimulus.wav,l,,,,,,,,,,,2,2,10,3,1,,,,,,,,,,,,,,,,,,,,,,,,,,,,,,,,,,,,,,,,,,,,,,,,,,,,,,,,,,,,,,,,,,,,,,,
,,,,,749429,001,2024-05-23_16h36.32.570,mathesisv2,2024.1.3,MacIntel,52.63157895,,,,,,598.821,603.154,l,4.301,,,,,,,stimuliAXBmix/iyystimulus.wav,f,,,,,,,,,,,2,3,11,1,1,,,,,,,,,,,,,,,,,,,,,,,,,,,,,,,,,,,,,,,,,,,,,,,,,,,,,,,,,,,,,,,,,,,,,,,
,,,,,749429,001,2024-05-23_16h36.32.570,mathesisv2,2024.1.3,MacIntel,52.63157895,,,,,,605.391,608.821,l,3.404,,,,,,,stimuliAXBmix/yyustimulus.wav,l,,,,,,,,,,,,,,,,603.154,605.387,return,2.191,,0,0,0,3,1,,,,,,,,,,,,,,,,,,,,,,,,,,,,,,,,,,,,,,,,,,,,,,,,,,,,,,,,,,,,,
,,,,,749429,001,2024-05-23_16h36.32.570,mathesisv2,2024.1.3,MacIntel,52.63157895,,,,,,608.822,611.554,f,2.71,,,,,,,stimuliAXBmix/iyystimulus.wav,f,,,,,,,,,,,,,,,,,,,,,0,1,1,1,1,,,,,,,,,,,,,,,,,,,,,,,,,,,,,,,,,,,,,,,,,,,,,,,,,,,,,,,,,,,,,
,,,,,749429,001,2024-05-23_16h36.32.570,mathesisv2,2024.1.3,MacIntel,52.63157895,,,,,,611.554,614.854,f,3.276,,,,,,,stimuliAXBmix/yuustimulus.wav,f,,,,,,,,,,,,,,,,,,,,,0,2,2,2,1,,,,,,,,,,,,,,,,,,,,,,,,,,,,,,,,,,,,,,,,,,,,,,,,,,,,,,,,,,,,,
,,,,,749429,001,2024-05-23_16h36.32.570,mathesisv2,2024.1.3,MacIntel,52.63157895,,,,,,614.854,617.521,l,2.635,,,,,,,stimuliAXBmix/iiystimulus.wav,l,,,,,,,,,,,,,,,,,,,,,0,3,3,0,1,,,,,,,,,,,,,,,,,,,,,,,,,,,,,,,,,,,,,,,,,,,,,,,,,,,,,,,,,,,,,
,,,,,749429,001,2024-05-23_16h36.32.570,mathesisv2,2024.1.3,MacIntel,52.63157895,,,,,,617.522,620.42,l,2.88,,,,,,,stimuliAXBmix/iiystimulus.wav,l,,,,,,,,,,,,,,,,,,,,,1,0,4,0,1,,,,,,,,,,,,,,,,,,,,,,,,,,,,,,,,,,,,,,,,,,,,,,,,,,,,,,,,,,,,,
,,,,,749429,001,2024-05-23_16h36.32.570,mathesisv2,2024.1.3,MacIntel,52.63157895,,,,,,620.421,623.387,f,2.939,,,,,,,stimuliAXBmix/iyystimulus.wav,f,,,,,,,,,,,,,,,,,,,,,1,1,5,1,1,,,,,,,,,,,,,,,,,,,,,,,,,,,,,,,,,,,,,,,,,,,,,,,,,,,,,,,,,,,,,
,,,,,749429,001,2024-05-23_16h36.32.570,mathesisv2,2024.1.3,MacIntel,52.63157895,,,,,,623.387,626.853,f,3.439,,,,,,,stimuliAXBmix/yuustimulus.wav,f,,,,,,,,,,,,,,,,,,,,,1,2,6,2,1,,,,,,,,,,,,,,,,,,,,,,,,,,,,,,,,,,,,,,,,,,,,,,,,,,,,,,,,,,,,,
,,,,,749429,001,2024-05-23_16h36.32.570,mathesisv2,2024.1.3,MacIntel,52.63157895,,,,,,626.854,629.887,l,3.01,,,,,,,stimuliAXBmix/yyustimulus.wav,l,,,,,,,,,,,,,,,,,,,,,1,3,7,3,1,,,,,,,,,,,,,,,,,,,,,,,,,,,,,,,,,,,,,,,,,,,,,,,,,,,,,,,,,,,,,
,,,,,749429,001,2024-05-23_16h36.32.570,mathesisv2,2024.1.3,MacIntel,52.63157895,,,,,,,,,,,,,,,,,,,,,,,,,,,,,,,,,,,,,,,,,,,629.887,631.354,space,1.444,,631.354,638.621,space,7.189,,,,,,,,,,,,,,,,,,,,,,,,,,,,,,,,,,,,,,,,,,,,,,,,,,,,
,,,,,749429,001,2024-05-23_16h36.32.570,mathesisv2,2024.1.3,MacIntel,52.63157895,,,,,,,,,,,,,,,,,,,,,,,,,,,,,,,,,,,,,,,,,,,,,,,,,,,,,638.631,645.387,e,6.68,,0,0,0,1,1,testTAFCmixfirst/nimnym002.wav,,,,,,,,,,,,,,,,,,,,,,,,,,,,,,,,,,,,,,,,
,,,,,749429,001,2024-05-23_16h36.32.570,mathesisv2,2024.1.3,MacIntel,52.63157895,,,,,,,,,,,,,,,,,,,,,,,,,,,,,,,,,,,,,,,,,,,,,,,,,,,,,645.388,647.587,e,2.168,,0,1,1,0,1,testTAFCmixfirst/nimnym001.wav,,,,,,,,,,,,,,,,,,,,,,,,,,,,,,,,,,,,,,,,
,,,,,749429,001,2024-05-23_16h36.32.570,mathesisv2,2024.1.3,MacIntel,52.63157895,,,,,,,,,,,,,,,,,,,,,,,,,,,,,,,,,,,,,,,,,,,,,,,,,,,,,647.587,650.953,y,3.348,,0,2,2,2,1,testTAFCmixfirst/nimnym006.wav,,,,,,,,,,,,,,,,,,,,,,,,,,,,,,,,,,,,,,,,
,,,,,749429,001,2024-05-23_16h36.32.570,mathesisv2,2024.1.3,MacIntel,52.63157895,,,,,,,,,,,,,,,,,,,,,,,,,,,,,,,,,,,,,,,,,,,,,,,,,,,,,,,,,,,,,,,,650.958,653.987,u,2.965,,0,0,0,1,1,testTAFCmixsec/numnym002.wav,,,,,,,,,,,,,,,,,,,,,,,,,,,,,
,,,,,749429,001,2024-05-23_16h36.32.570,mathesisv2,2024.1.3,MacIntel,52.63157895,,,,,,,,,,,,,,,,,,,,,,,,,,,,,,,,,,,,,,,,,,,,,,,,,,,,,,,,,,,,,,,,653.987,657.287,u,3.278,,0,1,1,0,1,testTAFCmixsec/numnym001.wav,,,,,,,,,,,,,,,,,,,,,,,,,,,,,
,,,,,749429,001,2024-05-23_16h36.32.570,mathesisv2,2024.1.3,MacIntel,52.63157895,,,,,,,,,,,,,,,,,,,,,,,,,,,,,,,,,,,,,,,,,,,,,,,,,,,,,,,,,,,,,,,,657.287,660.353,y,3.033,,0,2,2,2,1,testTAFCmixsec/numnym006.wav,,,,,,,,,,,,,,,,,,,,,,,,,,,,,
,,,,,749429,001,2024-05-23_16h36.32.570,mathesisv2,2024.1.3,MacIntel,52.63157895,,,,,,,,,,,,,,,,,,,,,,,,,,,,,,,,,,,,,,,,,,,,,,,,,,,,,,,,,,,,,,,,,,,,,,,,,,,660.354,666.854,space,6.417,,,,,,,,,,,,,,,,,,,,,,,,,
,,,,,749429,001,2024-05-23_16h36.32.570,mathesisv2,2024.1.3,MacIntel,52.63157895,,,,,,,,,,,,,,,,,e,,,,,,,,,,,,,,,,,,,,,,,,,,,,,,,,,,,,,,,,,,,,,,,,,,,,,,,,,,,,,,,666.865,669.954,e,3.024,,0,0,0,2,1,stimuliTAFCfirst/nimnym003.wav,,,,,,,,,,,,,
,,,,,749429,001,2024-05-23_16h36.32.570,mathesisv2,2024.1.3,MacIntel,52.63157895,,,,,,,,,,,,,,,,,y,,,,,,,,,,,,,,,,,,,,,,,,,,,,,,,,,,,,,,,,,,,,,,,,,,,,,,,,,,,,,,,669.954,674.055,y,4.067,,0,1,1,4,1,stimuliTAFCfirst/nimnym005.wav,,,,,,,,,,,,,
,,,,,749429,001,2024-05-23_16h36.32.570,mathesisv2,2024.1.3,MacIntel,52.63157895,,,,,,,,,,,,,,,,,y,,,,,,,,,,,,,,,,,,,,,,,,,,,,,,,,,,,,,,,,,,,,,,,,,,,,,,,,,,,,,,,674.056,675.92,y,1.834,,0,2,2,5,1,stimuliTAFCfirst/nimnym006.wav,,,,,,,,,,,,,
,,,,,749429,001,2024-05-23_16h36.32.570,mathesisv2,2024.1.3,MacIntel,52.63157895,,,,,,,,,,,,,,,,,x,,,,,,,,,,,,,,,,,,,,,,,,,,,,,,,,,,,,,,,,,,,,,,,,,,,,,,,,,,,,,,,675.92,677.72,y,1.784,,0,3,3,3,1,stimuliTAFCfirst/nimnym004.wav,,,,,,,,,,,,,
,,,,,749429,001,2024-05-23_16h36.32.570,mathesisv2,2024.1.3,MacIntel,52.63157895,,,,,,,,,,,,,,,,,y,,,,,,,,,,,,,,,,,,,,,,,,,,,,,,,,,,,,,,,,,,,,,,,,,,,,,,,,,,,,,,,677.72,679.12,y,1.363,,0,4,4,6,1,stimuliTAFCfirst/nimnym007.wav,,,,,,,,,,,,,
,,,,,749429,001,2024-05-23_16h36.32.570,mathesisv2,2024.1.3,MacIntel,52.63157895,,,,,,,,,,,,,,,,,e,,,,,,,,,,,,,,,,,,,,,,,,,,,,,,,,,,,,,,,,,,,,,,,,,,,,,,,,,,,,,,,679.121,681.42,e,2.277,,0,5,5,0,1,stimuliTAFCfirst/nimnym001.wav,,,,,,,,,,,,,
,,,,,749429,001,2024-05-23_16h36.32.570,mathesisv2,2024.1.3,MacIntel,52.63157895,,,,,,,,,,,,,,,,,e,,,,,,,,,,,,,,,,,,,,,,,,,,,,,,,,,,,,,,,,,,,,,,,,,,,,,,,,,,,,,,,681.42,683.087,e,1.635,,0,6,6,1,1,stimuliTAFCfirst/nimnym002.wav,,,,,,,,,,,,,
,,,,,749429,001,2024-05-23_16h36.32.570,mathesisv2,2024.1.3,MacIntel,52.63157895,,,,,,,,,,,,,,,,,e,,,,,,,,,,,,,,,,,,,,,,,,,,,,,,,,,,,,,,,,,,,,,,,,,,,,,,,,,,,,,,,683.087,684.487,e,1.371,,1,0,7,2,1,stimuliTAFCfirst/nimnym003.wav,,,,,,,,,,,,,
,,,,,749429,001,2024-05-23_16h36.32.570,mathesisv2,2024.1.3,MacIntel,52.63157895,,,,,,,,,,,,,,,,,y,,,,,,,,,,,,,,,,,,,,,,,,,,,,,,,,,,,,,,,,,,,,,,,,,,,,,,,,,,,,,,,684.487,686.119,y,1.601,,1,1,8,5,1,stimuliTAFCfirst/nimnym006.wav,,,,,,,,,,,,,
,,,,,749429,001,2024-05-23_16h36.32.570,mathesisv2,2024.1.3,MacIntel,52.63157895,,,,,,,,,,,,,,,,,y,,,,,,,,,,,,,,,,,,,,,,,,,,,,,,,,,,,,,,,,,,,,,,,,,,,,,,,,,,,,,,,686.119,687.786,y,1.647,,1,2,9,4,1,stimuliTAFCfirst/nimnym005.wav,,,,,,,,,,,,,
,,,,,749429,001,2024-05-23_16h36.32.570,mathesisv2,2024.1.3,MacIntel,52.63157895,,,,,,,,,,,,,,,,,e,,,,,,,,,,,,,,,,,,,,,,,,,,,,,,,,,,,,,,,,,,,,,,,,,,,,,,,,,,,,,,,687.786,689.187,e,1.366,,1,3,10,0,1,stimuliTAFCfirst/nimnym001.wav,,,,,,,,,,,,,
,,,,,749429,001,2024-05-23_16h36.32.570,mathesisv2,2024.1.3,MacIntel,52.63157895,,,,,,,,,,,,,,,,,e,,,,,,,,,,,,,,,,,,,,,,,,,,,,,,,,,,,,,,,,,,,,,,,,,,,,,,,,,,,,,,,689.187,690.553,e,1.333,,1,4,11,1,1,stimuliTAFCfirst/nimnym002.wav,,,,,,,,,,,,,
,,,,,749429,001,2024-05-23_16h36.32.570,mathesisv2,2024.1.3,MacIntel,52.63157895,,,,,,,,,,,,,,,,,x,,,,,,,,,,,,,,,,,,,,,,,,,,,,,,,,,,,,,,,,,,,,,,,,,,,,,,,,,,,,,,,690.553,691.853,e,1.279,,1,5,12,3,1,stimuliTAFCfirst/nimnym004.wav,,,,,,,,,,,,,
,,,,,749429,001,2024-05-23_16h36.32.570,mathesisv2,2024.1.3,MacIntel,52.63157895,,,,,,,,,,,,,,,,,y,,,,,,,,,,,,,,,,,,,,,,,,,,,,,,,,,,,,,,,,,,,,,,,,,,,,,,,,,,,,,,,691.853,692.986,y,1.104,,1,6,13,6,1,stimuliTAFCfirst/nimnym007.wav,,,,,,,,,,,,,
,,,,,749429,001,2024-05-23_16h36.32.570,mathesisv2,2024.1.3,MacIntel,52.63157895,,,,,,,,,,,,,,,,,u,692.986,695.186,space,2.161,,,,,,,,,,,,,,,,,,,,,,,,,,,,,,,,,,,,,,,,,,,,,,,,,,,,,,,,,,,,,,,,,,,,,,695.191,698.22,u,2.959,,0,0,0,2,1,stimuliTAFCsec/numnym003.wav,,
,,,,,749429,001,2024-05-23_16h36.32.570,mathesisv2,2024.1.3,MacIntel,52.63157895,,,,,,,,,,,,,,,,,y,,,,,,,,,,,,,,,,,,,,,,,,,,,,,,,,,,,,,,,,,,,,,,,,,,,,,,,,,,,,,,,,,,,,,,,,,,698.221,701.22,y,2.971,,0,1,1,4,1,stimuliTAFCsec/numnym005.wav,,
,,,,,749429,001,2024-05-23_16h36.32.570,mathesisv2,2024.1.3,MacIntel,52.63157895,,,,,,,,,,,,,,,,,u,,,,,,,,,,,,,,,,,,,,,,,,,,,,,,,,,,,,,,,,,,,,,,,,,,,,,,,,,,,,,,,,,,,,,,,,,,701.22,707.92,y,6.677,,0,2,2,0,1,stimuliTAFCsec/numnym001.wav,,
,,,,,749429,001,2024-05-23_16h36.32.570,mathesisv2,2024.1.3,MacIntel,52.63157895,,,,,,,,,,,,,,,,,x,,,,,,,,,,,,,,,,,,,,,,,,,,,,,,,,,,,,,,,,,,,,,,,,,,,,,,,,,,,,,,,,,,,,,,,,,,707.92,710.553,u,2.597,,0,3,3,3,1,stimuliTAFCsec/numnym004.wav,,
,,,,,749429,001,2024-05-23_16h36.32.570,mathesisv2,2024.1.3,MacIntel,52.63157895,,,,,,,,,,,,,,,,,y,,,,,,,,,,,,,,,,,,,,,,,,,,,,,,,,,,,,,,,,,,,,,,,,,,,,,,,,,,,,,,,,,,,,,,,,,,710.553,715.585,y,5.001,,0,4,4,6,1,stimuliTAFCsec/numnym007.wav,,
,,,,,749429,001,2024-05-23_16h36.32.570,mathesisv2,2024.1.3,MacIntel,52.63157895,,,,,,,,,,,,,,,,,u,,,,,,,,,,,,,,,,,,,,,,,,,,,,,,,,,,,,,,,,,,,,,,,,,,,,,,,,,,,,,,,,,,,,,,,,,,715.586,717.12,u,1.508,,0,5,5,1,1,stimuliTAFCsec/numnym002.wav,,
,,,,,749429,001,2024-05-23_16h36.32.570,mathesisv2,2024.1.3,MacIntel,52.63157895,,,,,,,,,,,,,,,,,y,,,,,,,,,,,,,,,,,,,,,,,,,,,,,,,,,,,,,,,,,,,,,,,,,,,,,,,,,,,,,,,,,,,,,,,,,,717.12,718.319,y,1.162,,0,6,6,5,1,stimuliTAFCsec/numnym006.wav,,
,,,,,749429,001,2024-05-23_16h36.32.570,mathesisv2,2024.1.3,MacIntel,52.63157895,,,,,,,,,,,,,,,,,y,,,,,,,,,,,,,,,,,,,,,,,,,,,,,,,,,,,,,,,,,,,,,,,,,,,,,,,,,,,,,,,,,,,,,,,,,,718.32,719.652,y,1.296,,1,0,7,5,1,stimuliTAFCsec/numnym006.wav,,
,,,,,749429,001,2024-05-23_16h36.32.570,mathesisv2,2024.1.3,MacIntel,52.63157895,,,,,,,,,,,,,,,,,u,,,,,,,,,,,,,,,,,,,,,,,,,,,,,,,,,,,,,,,,,,,,,,,,,,,,,,,,,,,,,,,,,,,,,,,,,,719.652,720.686,u,1.013,,1,1,8,2,1,stimuliTAFCsec/numnym003.wav,,
,,,,,749429,001,2024-05-23_16h36.32.570,mathesisv2,2024.1.3,MacIntel,52.63157895,,,,,,,,,,,,,,,,,x,,,,,,,,,,,,,,,,,,,,,,,,,,,,,,,,,,,,,,,,,,,,,,,,,,,,,,,,,,,,,,,,,,,,,,,,,,720.686,721.785,u,1.078,,1,2,9,3,1,stimuliTAFCsec/numnym004.wav,,
,,,,,749429,001,2024-05-23_16h36.32.570,mathesisv2,2024.1.3,MacIntel,52.63157895,,,,,,,,,,,,,,,,,u,,,,,,,,,,,,,,,,,,,,,,,,,,,,,,,,,,,,,,,,,,,,,,,,,,,,,,,,,,,,,,,,,,,,,,,,,,721.786,722.853,u,1.041,,1,3,10,0,1,stimuliTAFCsec/numnym001.wav,,
,,,,,749429,001,2024-05-23_16h36.32.570,mathesisv2,2024.1.3,MacIntel,52.63157895,,,,,,,,,,,,,,,,,y,,,,,,,,,,,,,,,,,,,,,,,,,,,,,,,,,,,,,,,,,,,,,,,,,,,,,,,,,,,,,,,,,,,,,,,,,,722.853,724.019,y,1.142,,1,4,11,4,1,stimuliTAFCsec/numnym005.wav,,
,,,,,749429,001,2024-05-23_16h36.32.570,mathesisv2,2024.1.3,MacIntel,52.63157895,,,,,,,,,,,,,,,,,y,,,,,,,,,,,,,,,,,,,,,,,,,,,,,,,,,,,,,,,,,,,,,,,,,,,,,,,,,,,,,,,,,,,,,,,,,,724.02,725.186,u,1.125,,1,5,12,6,1,stimuliTAFCsec/numnym007.wav,,
,,,,,749429,001,2024-05-23_16h36.32.570,mathesisv2,2024.1.3,MacIntel,52.63157895,,,,,,,,,,,,,,,,,u,,,,,,,,,,,,,,,,,,,,,,,,,,,,,,,,,,,,,,,,,,,,,,,,,,,,,,,,,,,,,,,,,,,,,,,,,,725.186,726.052,y,0.837,,1,6,13,1,1,stimuliTAFCsec/numnym002.wav,,
,,,,,749429,001,2024-05-23_16h36.32.570,mathesisv2,2024.1.3,MacIntel,52.63157895,,,,,,,,,,,,,,,,,y,,,,,,,,,,,,,,,,,,,,,,,,,,726.052,727.32,space,1.238,,,,,,,,,,,,,,,,,,,,,,,,,,,,,,,,,,727.323,732.053,y,4.702,,0,0,0,6,1,stimuliTAFCfirst/nimnym007.wav,,,,,,,,,,,,,
,,,,,749429,001,2024-05-23_16h36.32.570,mathesisv2,2024.1.3,MacIntel,52.63157895,,,,,,,,,,,,,,,,,e,,,,,,,,,,,,,,,,,,,,,,,,,,,,,,,,,,,,,,,,,,,,,,,,,,,,,,,,,,,,,,,732.053,733.718,e,1.639,,0,1,1,0,1,stimuliTAFCfirst/nimnym001.wav,,,,,,,,,,,,,
,,,,,749429,001,2024-05-23_16h36.32.570,mathesisv2,2024.1.3,MacIntel,52.63157895,,,,,,,,,,,,,,,,,e,,,,,,,,,,,,,,,,,,,,,,,,,,,,,,,,,,,,,,,,,,,,,,,,,,,,,,,,,,,,,,,733.719,734.952,e,1.208,,0,2,2,1,1,stimuliTAFCfirst/nimnym002.wav,,,,,,,,,,,,,
,,,,,749429,001,2024-05-23_16h36.32.570,mathesisv2,2024.1.3,MacIntel,52.63157895,,,,,,,,,,,,,,,,,y,,,,,,,,,,,,,,,,,,,,,,,,,,,,,,,,,,,,,,,,,,,,,,,,,,,,,,,,,,,,,,,734.952,736.286,y,1.3,,0,3,3,5,1,stimuliTAFCfirst/nimnym006.wav,,,,,,,,,,,,,
,,,,,749429,001,2024-05-23_16h36.32.570,mathesisv2,2024.1.3,MacIntel,52.63157895,,,,,,,,,,,,,,,,,x,,,,,,,,,,,,,,,,,,,,,,,,,,,,,,,,,,,,,,,,,,,,,,,,,,,,,,,,,,,,,,,736.286,739.952,y,3.639,,0,4,4,3,1,stimuliTAFCfirst/nimnym004.wav,,,,,,,,,,,,,
,,,,,749429,001,2024-05-23_16h36.32.570,mathesisv2,2024.1.3,MacIntel,52.63157895,,,,,,,,,,,,,,,,,e,,,,,,,,,,,,,,,,,,,,,,,,,,,,,,,,,,,,,,,,,,,,,,,,,,,,,,,,,,,,,,,739.952,741.719,e,1.733,,0,5,5,2,1,stimuliTAFCfirst/nimnym003.wav,,,,,,,,,,,,,
,,,,,749429,001,2024-05-23_16h36.32.570,mathesisv2,2024.1.3,MacIntel,52.63157895,,,,,,,,,,,,,,,,,y,,,,,,,,,,,,,,,,,,,,,,,,,,,,,,,,,,,,,,,,,,,,,,,,,,,,,,,,,,,,,,,741.719,743.385,y,1.639,,0,6,6,4,1,stimuliTAFCfirst/nimnym005.wav,,,,,,,,,,,,,
,,,,,749429,001,2024-05-23_16h36.32.570,mathesisv2,2024.1.3,MacIntel,52.63157895,,,,,,,,,,,,,,,,,y,,,,,,,,,,,,,,,,,,,,,,,,,,,,,,,,,,,,,,,,,,,,,,,,,,,,,,,,,,,,,,,743.385,745.452,y,2.033,,1,0,7,5,1,stimuliTAFCfirst/nimnym006.wav,,,,,,,,,,,,,
,,,,,749429,001,2024-05-23_16h36.32.570,mathesisv2,2024.1.3,MacIntel,52.63157895,,,,,,,,,,,,,,,,,y,,,,,,,,,,,,,,,,,,,,,,,,,,,,,,,,,,,,,,,,,,,,,,,,,,,,,,,,,,,,,,,745.453,746.786,y,1.3,,1,1,8,6,1,stimuliTAFCfirst/nimnym007.wav,,,,,,,,,,,,,
,,,,,749429,001,2024-05-23_16h36.32.570,mathesisv2,2024.1.3,MacIntel,52.63157895,,,,,,,,,,,,,,,,,e,,,,,,,,,,,,,,,,,,,,,,,,,,,,,,,,,,,,,,,,,,,,,,,,,,,,,,,,,,,,,,,746.787,747.986,e,1.168,,1,2,9,1,1,stimuliTAFCfirst/nimnym002.wav,,,,,,,,,,,,,
,,,,,749429,001,2024-05-23_16h36.32.570,mathesisv2,2024.1.3,MacIntel,52.63157895,,,,,,,,,,,,,,,,,e,,,,,,,,,,,,,,,,,,,,,,,,,,,,,,,,,,,,,,,,,,,,,,,,,,,,,,,,,,,,,,,747.986,749.319,e,1.298,,1,3,10,0,1,stimuliTAFCfirst/nimnym001.wav,,,,,,,,,,,,,
,,,,,749429,001,2024-05-23_16h36.32.570,mathesisv2,2024.1.3,MacIntel,52.63157895,,,,,,,,,,,,,,,,,x,,,,,,,,,,,,,,,,,,,,,,,,,,,,,,,,,,,,,,,,,,,,,,,,,,,,,,,,,,,,,,,749.319,750.451,y,1.111,,1,4,11,3,1,stimuliTAFCfirst/nimnym004.wav,,,,,,,,,,,,,
,,,,,749429,001,2024-05-23_16h36.32.570,mathesisv2,2024.1.3,MacIntel,52.63157895,,,,,,,,,,,,,,,,,y,,,,,,,,,,,,,,,,,,,,,,,,,,,,,,,,,,,,,,,,,,,,,,,,,,,,,,,,,,,,,,,750.452,751.553,y,1.071,,1,5,12,4,1,stimuliTAFCfirst/nimnym005.wav,,,,,,,,,,,,,
,,,,,749429,001,2024-05-23_16h36.32.570,mathesisv2,2024.1.3,MacIntel,52.63157895,,,,,,,,,,,,,,,,,e,,,,,,,,,,,,,,,,,,,,,,,,,,,,,,,,,,,,,,,,,,,,,,,,,,,,,,,,,,,,,,,751.553,752.786,y,1.205,,1,6,13,2,1,stimuliTAFCfirst/nimnym003.wav,,,,,,,,,,,,,
,,,,,749429,001,2024-05-23_16h36.32.570,mathesisv2,2024.1.3,MacIntel,52.63157895,,,,,,,,,,,,,,,,,u,752.786,754.486,space,1.667,,,,,,,,,,,,,,,,,,,,,,,,,,,,,,,,,,,,,,,,,,,,,,,,,,,,,,,,,,,,,,,,,,,,,,754.492,756.719,u,2.194,,0,0,0,2,1,stimuliTAFCsec/numnym003.wav,,
,,,,,749429,001,2024-05-23_16h36.32.570,mathesisv2,2024.1.3,MacIntel,52.63157895,,,,,,,,,,,,,,,,,u,,,,,,,,,,,,,,,,,,,,,,,,,,,,,,,,,,,,,,,,,,,,,,,,,,,,,,,,,,,,,,,,,,,,,,,,,,756.719,758.254,u,1.492,,0,1,1,0,1,stimuliTAFCsec/numnym001.wav,,
,,,,,749429,001,2024-05-23_16h36.32.570,mathesisv2,2024.1.3,MacIntel,52.63157895,,,,,,,,,,,,,,,,,u,,,,,,,,,,,,,,,,,,,,,,,,,,,,,,,,,,,,,,,,,,,,,,,,,,,,,,,,,,,,,,,,,,,,,,,,,,758.254,759.585,u,1.3,,0,2,2,1,1,stimuliTAFCsec/numnym002.wav,,
,,,,,749429,001,2024-05-23_16h36.32.570,mathesisv2,2024.1.3,MacIntel,52.63157895,,,,,,,,,,,,,,,,,x,,,,,,,,,,,,,,,,,,,,,,,,,,,,,,,,,,,,,,,,,,,,,,,,,,,,,,,,,,,,,,,,,,,,,,,,,,759.586,761.685,y,2.067,,0,3,3,3,1,stimuliTAFCsec/numnym004.wav,,
,,,,,749429,001,2024-05-23_16h36.32.570,mathesisv2,2024.1.3,MacIntel,52.63157895,,,,,,,,,,,,,,,,,y,,,,,,,,,,,,,,,,,,,,,,,,,,,,,,,,,,,,,,,,,,,,,,,,,,,,,,,,,,,,,,,,,,,,,,,,,,761.686,763.785,u,2.07,,0,4,4,4,1,stimuliTAFCsec/numnym005.wav,,
,,,,,749429,001,2024-05-23_16h36.32.570,mathesisv2,2024.1.3,MacIntel,52.63157895,,,,,,,,,,,,,,,,,y,,,,,,,,,,,,,,,,,,,,,,,,,,,,,,,,,,,,,,,,,,,,,,,,,,,,,,,,,,,,,,,,,,,,,,,,,,763.785,765.585,u,1.773,,0,5,5,5,1,stimuliTAFCsec/numnym006.wav,,
,,,,,749429,001,2024-05-23_16h36.32.570,mathesisv2,2024.1.3,MacIntel,52.63157895,,,,,,,,,,,,,,,,,y,,,,,,,,,,,,,,,,,,,,,,,,,,,,,,,,,,,,,,,,,,,,,,,,,,,,,,,,,,,,,,,,,,,,,,,,,,765.585,767.018,u,1.405,,0,6,6,6,1,stimuliTAFCsec/numnym007.wav,,
,,,,,749429,001,2024-05-23_16h36.32.570,mathesisv2,2024.1.3,MacIntel,52.63157895,,,,,,,,,,,,,,,,,u,,,,,,,,,,,,,,,,,,,,,,,,,,,,,,,,,,,,,,,,,,,,,,,,,,,,,,,,,,,,,,,,,,,,,,,,,,767.018,768.251,y,1.219,,1,0,7,1,1,stimuliTAFCsec/numnym002.wav,,
,,,,,749429,001,2024-05-23_16h36.32.570,mathesisv2,2024.1.3,MacIntel,52.63157895,,,,,,,,,,,,,,,,,y,,,,,,,,,,,,,,,,,,,,,,,,,,,,,,,,,,,,,,,,,,,,,,,,,,,,,,,,,,,,,,,,,,,,,,,,,,768.251,769.151,u,0.875,,1,1,8,5,1,stimuliTAFCsec/numnym006.wav,,
,,,,,749429,001,2024-05-23_16h36.32.570,mathesisv2,2024.1.3,MacIntel,52.63157895,,,,,,,,,,,,,,,,,x,,,,,,,,,,,,,,,,,,,,,,,,,,,,,,,,,,,,,,,,,,,,,,,,,,,,,,,,,,,,,,,,,,,,,,,,,,769.152,770.285,u,1.101,,1,2,9,3,1,stimuliTAFCsec/numnym004.wav,,
,,,,,749429,001,2024-05-23_16h36.32.570,mathesisv2,2024.1.3,MacIntel,52.63157895,,,,,,,,,,,,,,,,,u,,,,,,,,,,,,,,,,,,,,,,,,,,,,,,,,,,,,,,,,,,,,,,,,,,,,,,,,,,,,,,,,,,,,,,,,,,770.286,771.119,y,0.812,,1,3,10,0,1,stimuliTAFCsec/numnym001.wav,,
,,,,,749429,001,2024-05-23_16h36.32.570,mathesisv2,2024.1.3,MacIntel,52.63157895,,,,,,,,,,,,,,,,,y,,,,,,,,,,,,,,,,,,,,,,,,,,,,,,,,,,,,,,,,,,,,,,,,,,,,,,,,,,,,,,,,,,,,,,,,,,771.119,771.918,u,0.772,,1,4,11,4,1,stimuliTAFCsec/numnym005.wav,,
,,,,,749429,001,2024-05-23_16h36.32.570,mathesisv2,2024.1.3,MacIntel,52.63157895,,,,,,,,,,,,,,,,,u,,,,,,,,,,,,,,,,,,,,,,,,,,,,,,,,,,,,,,,,,,,,,,,,,,,,,,,,,,,,,,,,,,,,,,,,,,771.918,772.784,y,0.833,,1,5,12,2,1,stimuliTAFCsec/numnym003.wav,,
,,,,,749429,001,2024-05-23_16h36.32.570,mathesisv2,2024.1.3,MacIntel,52.63157895,,,,,,,,,,,,,,,,,y,,,,,,,,,,,,,,,,,,,,,,,,,,,,,,,,,,,,,,,,,,,,,,,,,,,,,,,,,,,,,,,,,,,,,,,,,,772.785,773.518,u,0.712,,1,6,13,6,1,stimuliTAFCsec/numnym007.wav,,
,,,,,749429,001,2024-05-23_16h36.32.570,mathesisv2,2024.1.3,MacIntel,52.63157895,,,,,,,,,,,,,,,,,y,,,,,,,,,,,,,,,,,,,,,,,,,,773.518,775.352,space,1.811,,,,,,,,,,,,,,,,,,,,,,,,,,,,,,,,,,775.356,778.018,y,2.63,,0,0,0,6,1,stimuliTAFCfirst/nimnym007.wav,,,,,,,,,,,,,
,,,,,749429,001,2024-05-23_16h36.32.570,mathesisv2,2024.1.3,MacIntel,52.63157895,,,,,,,,,,,,,,,,,e,,,,,,,,,,,,,,,,,,,,,,,,,,,,,,,,,,,,,,,,,,,,,,,,,,,,,,,,,,,,,,,778.019,781.152,e,3.112,,0,1,1,1,1,stimuliTAFCfirst/nimnym002.wav,,,,,,,,,,,,,
,,,,,749429,001,2024-05-23_16h36.32.570,mathesisv2,2024.1.3,MacIntel,52.63157895,,,,,,,,,,,,,,,,,e,,,,,,,,,,,,,,,,,,,,,,,,,,,,,,,,,,,,,,,,,,,,,,,,,,,,,,,,,,,,,,,781.152,782.717,e,1.532,,0,2,2,2,1,stimuliTAFCfirst/nimnym003.wav,,,,,,,,,,,,,
,,,,,749429,001,2024-05-23_16h36.32.570,mathesisv2,2024.1.3,MacIntel,52.63157895,,,,,,,,,,,,,,,,,y,,,,,,,,,,,,,,,,,,,,,,,,,,,,,,,,,,,,,,,,,,,,,,,,,,,,,,,,,,,,,,,782.718,784.618,y,1.862,,0,3,3,4,1,stimuliTAFCfirst/nimnym005.wav,,,,,,,,,,,,,
,,,,,749429,001,2024-05-23_16h36.32.570,mathesisv2,2024.1.3,MacIntel,52.63157895,,,,,,,,,,,,,,,,,y,,,,,,,,,,,,,,,,,,,,,,,,,,,,,,,,,,,,,,,,,,,,,,,,,,,,,,,,,,,,,,,784.618,785.451,e,0.808,,0,4,4,5,1,stimuliTAFCfirst/nimnym006.wav,,,,,,,,,,,,,
,,,,,749429,001,2024-05-23_16h36.32.570,mathesisv2,2024.1.3,MacIntel,52.63157895,,,,,,,,,,,,,,,,,x,,,,,,,,,,,,,,,,,,,,,,,,,,,,,,,,,,,,,,,,,,,,,,,,,,,,,,,,,,,,,,,785.451,787.584,y,2.099,,0,5,5,3,1,stimuliTAFCfirst/nimnym004.wav,,,,,,,,,,,,,
,,,,,749429,001,2024-05-23_16h36.32.570,mathesisv2,2024.1.3,MacIntel,52.63157895,,,,,,,,,,,,,,,,,e,,,,,,,,,,,,,,,,,,,,,,,,,,,,,,,,,,,,,,,,,,,,,,,,,,,,,,,,,,,,,,,787.585,788.918,e,1.3,,0,6,6,0,1,stimuliTAFCfirst/nimnym001.wav,,,,,,,,,,,,,
,,,,,749429,001,2024-05-23_16h36.32.570,mathesisv2,2024.1.3,MacIntel,52.63157895,,,,,,,,,,,,,,,,,x,,,,,,,,,,,,,,,,,,,,,,,,,,,,,,,,,,,,,,,,,,,,,,,,,,,,,,,,,,,,,,,788.919,790.252,y,1.304,,1,0,7,3,1,stimuliTAFCfirst/nimnym004.wav,,,,,,,,,,,,,
,,,,,749429,001,2024-05-23_16h36.32.570,mathesisv2,2024.1.3,MacIntel,52.63157895,,,,,,,,,,,,,,,,,e,,,,,,,,,,,,,,,,,,,,,,,,,,,,,,,,,,,,,,,,,,,,,,,,,,,,,,,,,,,,,,,790.252,791.218,e,0.938,,1,1,8,2,1,stimuliTAFCfirst/nimnym003.wav,,,,,,,,,,,,,
,,,,,749429,001,2024-05-23_16h36.32.570,mathesisv2,2024.1.3,MacIntel,52.63157895,,,,,,,,,,,,,,,,,y,,,,,,,,,,,,,,,,,,,,,,,,,,,,,,,,,,,,,,,,,,,,,,,,,,,,,,,,,,,,,,,791.219,792.351,y,1.097,,1,2,9,5,1,stimuliTAFCfirst/nimnym006.wav,,,,,,,,,,,,,
,,,,,749429,001,2024-05-23_16h36.32.570,mathesisv2,2024.1.3,MacIntel,52.63157895,,,,,,,,,,,,,,,,,y,,,,,,,,,,,,,,,,,,,,,,,,,,,,,,,,,,,,,,,,,,,,,,,,,,,,,,,,,,,,,,,792.351,793.851,y,1.47,,1,3,10,6,1,stimuliTAFCfirst/nimnym007.wav,,,,,,,,,,,,,
,,,,,749429,001,2024-05-23_16h36.32.570,mathesisv2,2024.1.3,MacIntel,52.63157895,,,,,,,,,,,,,,,,,y,,,,,,,,,,,,,,,,,,,,,,,,,,,,,,,,,,,,,,,,,,,,,,,,,,,,,,,,,,,,,,,793.852,795.313,y,1.45,,1,4,11,4,1,stimuliTAFCfirst/nimnym005.wav,,,,,,,,,,,,,
,,,,,749429,001,2024-05-23_16h36.32.570,mathesisv2,2024.1.3,MacIntel,52.63157895,,,,,,,,,,,,,,,,,e,,,,,,,,,,,,,,,,,,,,,,,,,,,,,,,,,,,,,,,,,,,,,,,,,,,,,,,,,,,,,,,795.314,798.618,y,3.271,,1,5,12,1,1,stimuliTAFCfirst/nimnym002.wav,,,,,,,,,,,,,
,,,,,749429,001,2024-05-23_16h36.32.570,mathesisv2,2024.1.3,MacIntel,52.63157895,,,,,,,,,,,,,,,,,e,,,,,,,,,,,,,,,,,,,,,,,,,,,,,,,,,,,,,,,,,,,,,,,,,,,,,,,,,,,,,,,798.618,808.385,y,9.728,,1,6,13,0,1,stimuliTAFCfirst/nimnym001.wav,,,,,,,,,,,,,
,,,,,749429,001,2024-05-23_16h36.32.570,mathesisv2,2024.1.3,MacIntel,52.63157895,,,,,,,,,,,,,,,,,y,808.385,809.817,space,1.397,,,,,,,,,,,,,,,,,,,,,,,,,,,,,,,,,,,,,,,,,,,,,,,,,,,,,,,,,,,,,,,,,,,,,,809.821,814.951,u,5.086,,0,0,0,4,1,stimuliTAFCsec/numnym005.wav,,
,,,,,749429,001,2024-05-23_16h36.32.570,mathesisv2,2024.1.3,MacIntel,52.63157895,,,,,,,,,,,,,,,,,x,,,,,,,,,,,,,,,,,,,,,,,,,,,,,,,,,,,,,,,,,,,,,,,,,,,,,,,,,,,,,,,,,,,,,,,,,,814.951,818.717,y,3.741,,0,1,1,3,1,stimuliTAFCsec/numnym004.wav,,
,,,,,749429,001,2024-05-23_16h36.32.570,mathesisv2,2024.1.3,MacIntel,52.63157895,,,,,,,,,,,,,,,,,y,,,,,,,,,,,,,,,,,,,,,,,,,,,,,,,,,,,,,,,,,,,,,,,,,,,,,,,,,,,,,,,,,,,,,,,,,,818.718,820.751,u,2.001,,0,2,2,5,1,stimuliTAFCsec/numnym006.wav,,
,,,,,749429,001,2024-05-23_16h36.32.570,mathesisv2,2024.1.3,MacIntel,52.63157895,,,,,,,,,,,,,,,,,y,,,,,,,,,,,,,,,,,,,,,,,,,,,,,,,,,,,,,,,,,,,,,,,,,,,,,,,,,,,,,,,,,,,,,,,,,,820.751,822.217,u,1.445,,0,3,3,6,1,stimuliTAFCsec/numnym007.wav,,
,,,,,749429,001,2024-05-23_16h36.32.570,mathesisv2,2024.1.3,MacIntel,52.63157895,,,,,,,,,,,,,,,,,u,,,,,,,,,,,,,,,,,,,,,,,,,,,,,,,,,,,,,,,,,,,,,,,,,,,,,,,,,,,,,,,,,,,,,,,,,,822.217,826.451,u,4.205,,0,4,4,2,1,stimuliTAFCsec/numnym003.wav,,
,,,,,749429,001,2024-05-23_16h36.32.570,mathesisv2,2024.1.3,MacIntel,52.63157895,,,,,,,,,,,,,,,,,u,,,,,,,,,,,,,,,,,,,,,,,,,,,,,,,,,,,,,,,,,,,,,,,,,,,,,,,,,,,,,,,,,,,,,,,,,,826.452,829.717,u,3.238,,0,5,5,0,1,stimuliTAFCsec/numnym001.wav,,
,,,,,749429,001,2024-05-23_16h36.32.570,mathesisv2,2024.1.3,MacIntel,52.63157895,,,,,,,,,,,,,,,,,u,,,,,,,,,,,,,,,,,,,,,,,,,,,,,,,,,,,,,,,,,,,,,,,,,,,,,,,,,,,,,,,,,,,,,,,,,,829.717,833.017,u,3.272,,0,6,6,1,1,stimuliTAFCsec/numnym002.wav,,
,,,,,749429,001,2024-05-23_16h36.32.570,mathesisv2,2024.1.3,MacIntel,52.63157895,,,,,,,,,,,,,,,,,u,,,,,,,,,,,,,,,,,,,,,,,,,,,,,,,,,,,,,,,,,,,,,,,,,,,,,,,,,,,,,,,,,,,,,,,,,,833.017,833.051,y,0.016,,1,0,7,1,1,stimuliTAFCsec/numnym002.wav,,
,,,,,749429,001,2024-05-23_16h36.32.570,mathesisv2,2024.1.3,MacIntel,52.63157895,,,,,,,,,,,,,,,,,u,,,,,,,,,,,,,,,,,,,,,,,,,,,,,,,,,,,,,,,,,,,,,,,,,,,,,,,,,,,,,,,,,,,,,,,,,,833.051,836.584,u,3.505,,1,1,8,0,1,stimuliTAFCsec/numnym001.wav,,
,,,,,749429,001,2024-05-23_16h36.32.570,mathesisv2,2024.1.3,MacIntel,52.63157895,,,,,,,,,,,,,,,,,y,,,,,,,,,,,,,,,,,,,,,,,,,,,,,,,,,,,,,,,,,,,,,,,,,,,,,,,,,,,,,,,,,,,,,,,,,,836.584,838.483,u,1.867,,1,2,9,5,1,stimuliTAFCsec/numnym006.wav,,
,,,,,749429,001,2024-05-23_16h36.32.570,mathesisv2,2024.1.3,MacIntel,52.63157895,,,,,,,,,,,,,,,,,y,,,,,,,,,,,,,,,,,,,,,,,,,,,,,,,,,,,,,,,,,,,,,,,,,,,,,,,,,,,,,,,,,,,,,,,,,,838.483,839.983,u,1.487,,1,3,10,4,1,stimuliTAFCsec/numnym005.wav,,
,,,,,749429,001,2024-05-23_16h36.32.570,mathesisv2,2024.1.3,MacIntel,52.63157895,,,,,,,,,,,,,,,,,x,,,,,,,,,,,,,,,,,,,,,,,,,,,,,,,,,,,,,,,,,,,,,,,,,,,,,,,,,,,,,,,,,,,,,,,,,,839.984,841.35,u,1.339,,1,4,11,3,1,stimuliTAFCsec/numnym004.wav,,
,,,,,749429,001,2024-05-23_16h36.32.570,mathesisv2,2024.1.3,MacIntel,52.63157895,,,,,,,,,,,,,,,,,y,,,,,,,,,,,,,,,,,,,,,,,,,,,,,,,,,,,,,,,,,,,,,,,,,,,,,,,,,,,,,,,,,,,,,,,,,,841.35,842.784,u,1.405,,1,5,12,6,1,stimuliTAFCsec/numnym007.wav,,
,,,,,749429,001,2024-05-23_16h36.32.570,mathesisv2,2024.1.3,MacIntel,52.63157895,,,,,,,,,,,,,,,,,u,,,,,,,,,,,,,,,,,,,,,,,,,,,,,,,,,,,,,,,,,,,,,,,,,,,,,,,,,,,,,,,,,,,,,,,,,,842.784,843.917,u,1.092,,1,6,13,2,1,stimuliTAFCsec/numnym003.wav,,
,,,,,749429,001,2024-05-23_16h36.32.570,mathesisv2,2024.1.3,MacIntel,52.63157895,,,,,,,,,,,,,,,,,y,,,,,,,,,,,,,,,,,,,,,,,,,,843.918,847.584,space,3.634,,,,,,,,,,,,,,,,,,,,,,,,,,,,,,,,,,847.587,851.117,e,3.499,,0,0,0,4,1,stimuliTAFCfirst/nimnym005.wav,,,,,,,,,,,,,
,,,,,749429,001,2024-05-23_16h36.32.570,mathesisv2,2024.1.3,MacIntel,52.63157895,,,,,,,,,,,,,,,,,y,,,,,,,,,,,,,,,,,,,,,,,,,,,,,,,,,,,,,,,,,,,,,,,,,,,,,,,,,,,,,,,851.117,852.85,y,1.701,,0,1,1,6,1,stimuliTAFCfirst/nimnym007.wav,,,,,,,,,,,,,
,,,,,749429,001,2024-05-23_16h36.32.570,mathesisv2,2024.1.3,MacIntel,52.63157895,,,,,,,,,,,,,,,,,e,,,,,,,,,,,,,,,,,,,,,,,,,,,,,,,,,,,,,,,,,,,,,,,,,,,,,,,,,,,,,,,852.85,856.717,e,3.846,,0,2,2,0,1,stimuliTAFCfirst/nimnym001.wav,,,,,,,,,,,,,
,,,,,749429,001,2024-05-23_16h36.32.570,mathesisv2,2024.1.3,MacIntel,52.63157895,,,,,,,,,,,,,,,,,y,,,,,,,,,,,,,,,,,,,,,,,,,,,,,,,,,,,,,,,,,,,,,,,,,,,,,,,,,,,,,,,856.717,858.917,y,2.168,,0,3,3,5,1,stimuliTAFCfirst/nimnym006.wav,,,,,,,,,,,,,
,,,,,749429,001,2024-05-23_16h36.32.570,mathesisv2,2024.1.3,MacIntel,52.63157895,,,,,,,,,,,,,,,,,e,,,,,,,,,,,,,,,,,,,,,,,,,,,,,,,,,,,,,,,,,,,,,,,,,,,,,,,,,,,,,,,858.917,860.85,y,1.898,,0,4,4,1,1,stimuliTAFCfirst/nimnym002.wav,,,,,,,,,,,,,
,,,,,749429,001,2024-05-23_16h36.32.570,mathesisv2,2024.1.3,MacIntel,52.63157895,,,,,,,,,,,,,,,,,x,,,,,,,,,,,,,,,,,,,,,,,,,,,,,,,,,,,,,,,,,,,,,,,,,,,,,,,,,,,,,,,860.851,863.184,y,2.3,,0,5,5,3,1,stimuliTAFCfirst/nimnym004.wav,,,,,,,,,,,,,
,,,,,749429,001,2024-05-23_16h36.32.570,mathesisv2,2024.1.3,MacIntel,52.63157895,,,,,,,,,,,,,,,,,e,,,,,,,,,,,,,,,,,,,,,,,,,,,,,,,,,,,,,,,,,,,,,,,,,,,,,,,,,,,,,,,863.184,864.95,y,1.748,,0,6,6,2,1,stimuliTAFCfirst/nimnym003.wav,,,,,,,,,,,,,
,,,,,749429,001,2024-05-23_16h36.32.570,mathesisv2,2024.1.3,MacIntel,52.63157895,,,,,,,,,,,,,,,,,y,,,,,,,,,,,,,,,,,,,,,,,,,,,,,,,,,,,,,,,,,,,,,,,,,,,,,,,,,,,,,,,864.95,868.184,y,3.2,,1,0,7,4,1,stimuliTAFCfirst/nimnym005.wav,,,,,,,,,,,,,
,,,,,749429,001,2024-05-23_16h36.32.570,mathesisv2,2024.1.3,MacIntel,52.63157895,,,,,,,,,,,,,,,,,x,,,,,,,,,,,,,,,,,,,,,,,,,,,,,,,,,,,,,,,,,,,,,,,,,,,,,,,,,,,,,,,868.184,868.349,y,0.125,,1,1,8,3,1,stimuliTAFCfirst/nimnym004.wav,,,,,,,,,,,,,
,,,,,749429,001,2024-05-23_16h36.32.570,mathesisv2,2024.1.3,MacIntel,52.63157895,,,,,,,,,,,,,,,,,e,,,,,,,,,,,,,,,,,,,,,,,,,,,,,,,,,,,,,,,,,,,,,,,,,,,,,,,,,,,,,,,868.35,877.117,e,8.739,,1,2,9,1,1,stimuliTAFCfirst/nimnym002.wav,,,,,,,,,,,,,
,,,,,749429,001,2024-05-23_16h36.32.570,mathesisv2,2024.1.3,MacIntel,52.63157895,,,,,,,,,,,,,,,,,y,,,,,,,,,,,,,,,,,,,,,,,,,,,,,,,,,,,,,,,,,,,,,,,,,,,,,,,,,,,,,,,877.117,879.483,y,2.34,,1,3,10,5,1,stimuliTAFCfirst/nimnym006.wav,,,,,,,,,,,,,
,,,,,749429,001,2024-05-23_16h36.32.570,mathesisv2,2024.1.3,MacIntel,52.63157895,,,,,,,,,,,,,,,,,y,,,,,,,,,,,,,,,,,,,,,,,,,,,,,,,,,,,,,,,,,,,,,,,,,,,,,,,,,,,,,,,879.483,881.717,y,2.196,,1,4,11,6,1,stimuliTAFCfirst/nimnym007.wav,,,,,,,,,,,,,
,,,,,749429,001,2024-05-23_16h36.32.570,mathesisv2,2024.1.3,MacIntel,52.63157895,,,,,,,,,,,,,,,,,e,,,,,,,,,,,,,,,,,,,,,,,,,,,,,,,,,,,,,,,,,,,,,,,,,,,,,,,,,,,,,,,881.717,883.783,y,2.042,,1,5,12,2,1,stimuliTAFCfirst/nimnym003.wav,,,,,,,,,,,,,
,,,,,749429,001,2024-05-23_16h36.32.570,mathesisv2,2024.1.3,MacIntel,52.63157895,,,,,,,,,,,,,,,,,e,,,,,,,,,,,,,,,,,,,,,,,,,,,,,,,,,,,,,,,,,,,,,,,,,,,,,,,,,,,,,,,883.784,886.85,e,3.039,,1,6,13,0,1,stimuliTAFCfirst/nimnym001.wav,,,,,,,,,,,,,
,,,,,749429,001,2024-05-23_16h36.32.570,mathesisv2,2024.1.3,MacIntel,52.63157895,,,,,,,,,,,,,,,,,y,886.85,888.75,space,1.871,,,,,,,,,,,,,,,,,,,,,,,,,,,,,,,,,,,,,,,,,,,,,,,,,,,,,,,,,,,,,,,,,,,,,,888.756,891.183,u,2.388,,0,0,0,5,1,stimuliTAFCsec/numnym006.wav,,
,,,,,749429,001,2024-05-23_16h36.32.570,mathesisv2,2024.1.3,MacIntel,52.63157895,,,,,,,,,,,,,,,,,x,,,,,,,,,,,,,,,,,,,,,,,,,,,,,,,,,,,,,,,,,,,,,,,,,,,,,,,,,,,,,,,,,,,,,,,,,,891.184,892.483,u,1.267,,0,1,1,3,1,stimuliTAFCsec/numnym004.wav,,
,,,,,749429,001,2024-05-23_16h36.32.570,mathesisv2,2024.1.3,MacIntel,52.63157895,,,,,,,,,,,,,,,,,u,,,,,,,,,,,,,,,,,,,,,,,,,,,,,,,,,,,,,,,,,,,,,,,,,,,,,,,,,,,,,,,,,,,,,,,,,,892.484,894.082,y,1.575,,0,2,2,2,1,stimuliTAFCsec/numnym003.wav,,
,,,,,749429,001,2024-05-23_16h36.32.570,mathesisv2,2024.1.3,MacIntel,52.63157895,,,,,,,,,,,,,,,,,y,,,,,,,,,,,,,,,,,,,,,,,,,,,,,,,,,,,,,,,,,,,,,,,,,,,,,,,,,,,,,,,,,,,,,,,,,,894.083,894.949,u,0.833,,0,3,3,6,1,stimuliTAFCsec/numnym007.wav,,
,,,,,749429,001,2024-05-23_16h36.32.570,mathesisv2,2024.1.3,MacIntel,52.63157895,,,,,,,,,,,,,,,,,u,,,,,,,,,,,,,,,,,,,,,,,,,,,,,,,,,,,,,,,,,,,,,,,,,,,,,,,,,,,,,,,,,,,,,,,,,,894.949,896.117,y,1.14,,0,4,4,1,1,stimuliTAFCsec/numnym002.wav,,
,,,,,749429,001,2024-05-23_16h36.32.570,mathesisv2,2024.1.3,MacIntel,52.63157895,,,,,,,,,,,,,,,,,y,,,,,,,,,,,,,,,,,,,,,,,,,,,,,,,,,,,,,,,,,,,,,,,,,,,,,,,,,,,,,,,,,,,,,,,,,,896.117,896.915,u,0.764,,0,5,5,4,1,stimuliTAFCsec/numnym005.wav,,
,,,,,749429,001,2024-05-23_16h36.32.570,mathesisv2,2024.1.3,MacIntel,52.63157895,,,,,,,,,,,,,,,,,u,,,,,,,,,,,,,,,,,,,,,,,,,,,,,,,,,,,,,,,,,,,,,,,,,,,,,,,,,,,,,,,,,,,,,,,,,,896.916,897.716,y,0.78,,0,6,6,0,1,stimuliTAFCsec/numnym001.wav,,
,,,,,749429,001,2024-05-23_16h36.32.570,mathesisv2,2024.1.3,MacIntel,52.63157895,,,,,,,,,,,,,,,,,x,,,,,,,,,,,,,,,,,,,,,,,,,,,,,,,,,,,,,,,,,,,,,,,,,,,,,,,,,,,,,,,,,,,,,,,,,,897.717,898.515,u,0.768,,1,0,7,3,1,stimuliTAFCsec/numnym004.wav,,
,,,,,749429,001,2024-05-23_16h36.32.570,mathesisv2,2024.1.3,MacIntel,52.63157895,,,,,,,,,,,,,,,,,y,,,,,,,,,,,,,,,,,,,,,,,,,,,,,,,,,,,,,,,,,,,,,,,,,,,,,,,,,,,,,,,,,,,,,,,,,,898.516,899.316,y,0.763,,1,1,8,5,1,stimuliTAFCsec/numnym006.wav,,
,,,,,749429,001,2024-05-23_16h36.32.570,mathesisv2,2024.1.3,MacIntel,52.63157895,,,,,,,,,,,,,,,,,u,,,,,,,,,,,,,,,,,,,,,,,,,,,,,,,,,,,,,,,,,,,,,,,,,,,,,,,,,,,,,,,,,,,,,,,,,,899.317,900.582,y,1.241,,1,2,9,2,1,stimuliTAFCsec/numnym003.wav,,
,,,,,749429,001,2024-05-23_16h36.32.570,mathesisv2,2024.1.3,MacIntel,52.63157895,,,,,,,,,,,,,,,,,u,,,,,,,,,,,,,,,,,,,,,,,,,,,,,,,,,,,,,,,,,,,,,,,,,,,,,,,,,,,,,,,,,,,,,,,,,,900.582,901.449,u,0.822,,1,3,10,0,1,stimuliTAFCsec/numnym001.wav,,
,,,,,749429,001,2024-05-23_16h36.32.570,mathesisv2,2024.1.3,MacIntel,52.63157895,,,,,,,,,,,,,,,,,u,,,,,,,,,,,,,,,,,,,,,,,,,,,,,,,,,,,,,,,,,,,,,,,,,,,,,,,,,,,,,,,,,,,,,,,,,,901.449,902.45,y,0.968,,1,4,11,1,1,stimuliTAFCsec/numnym002.wav,,
,,,,,749429,001,2024-05-23_16h36.32.570,mathesisv2,2024.1.3,MacIntel,52.63157895,,,,,,,,,,,,,,,,,y,,,,,,,,,,,,,,,,,,,,,,,,,,,,,,,,,,,,,,,,,,,,,,,,,,,,,,,,,,,,,,,,,,,,,,,,,,902.45,903.283,y,0.802,,1,5,12,4,1,stimuliTAFCsec/numnym005.wav,,
,,,,,749429,001,2024-05-23_16h36.32.570,mathesisv2,2024.1.3,MacIntel,52.63157895,,,,,,,,,,,,,,,,,y,,,,,,,,,,,,,,,,,,,,,,,,,,,,,,,,,,,,,,,,,,,,,,,,,,,,,,,,,,,,,,,,,,,,,,,,,,903.283,905.215,y,1.901,,1,6,13,6,1,stimuliTAFCsec/numnym007.wav,,
,,,,,749429,001,2024-05-23_16h36.32.570,mathesisv2,2024.1.3,MacIntel,52.63157895,,,,,,,,,,,,,,,,,,,,,,,,,,,,,,,,,,,,,,,,,,,905.215,907.116,space,1.876,,,,,,,,,,,,,,,,,,,,,,,,,,,,,,,,,,,,,,,,,,,,,,,,,,,,,,,,907.12,912.116
