﻿start.started,start.stopped,startkey_resp.keys,startkey_resp.rt,startkey_resp.duration,participant,session,date,expName,psychopyVersion,OS,frameRate,attention.started,attention.stopped,key_resp.keys,key_resp.rt,key_resp.duration,stimuliAXBmix.started,stimuliAXBmix.stopped,stimuliAXBkey_resp.keys,stimuliAXBkey_resp.rt,stimuliAXBkey_resp.duration,stimuliAXBtesttrials.thisRepN,stimuliAXBtesttrials.thisTrialN,stimuliAXBtesttrials.thisN,stimuliAXBtesttrials.thisIndex,stimuliAXBtesttrials.ran,stimuliAXBmix,Correct,attentionsecond.started,attentionsecond.stopped,attentionsecondkey_resp.keys,attentionsecondkey_resp.rt,attentionsecondkey_resp.duration,instAXBreal.started,instAXBreal.stopped,instAXBrealkey_resp.keys,instAXBrealkey_resp.rt,instAXBrealkey_resp.duration,stimuliAXBmixfirst.thisRepN,stimuliAXBmixfirst.thisTrialN,stimuliAXBmixfirst.thisN,stimuliAXBmixfirst.thisIndex,stimuliAXBmixfirst.ran,attentionfirst.started,attentionfirst.stopped,attentionfirstkey_resp.keys,attentionfirstkey_resp.rt,attentionfirstkey_resp.duration,stimuliAXbmixsec.thisRepN,stimuliAXbmixsec.thisTrialN,stimuliAXbmixsec.thisN,stimuliAXbmixsec.thisIndex,stimuliAXbmixsec.ran,kaffeepause.started,kaffeepause.stopped,kaffeepausekey_resp.keys,kaffeepausekey_resp.rt,kaffeepausekey_resp.duration,instTAFCtest.started,instTAFCtest.stopped,instTAFCtestkey_resp.keys,instTAFCtestkey_resp.rt,instTAFCtestkey_resp.duration,testTAFCmixfirst.started,testTAFCmixfirst.stopped,testTAFCmixfirstkey_resp.keys,testTAFCmixfirstkey_resp.rt,testTAFCmixfirstkey_resp.duration,testTAFCmixfirsttrials.thisRepN,testTAFCmixfirsttrials.thisTrialN,testTAFCmixfirsttrials.thisN,testTAFCmixfirsttrials.thisIndex,testTAFCmixfirsttrials.ran,testTAFCmixfirst,testTAFCmixsec.started,testTAFCmixsec.stopped,testTAFCmixseckey_resp.keys,testTAFCmixseckey_resp.rt,testTAFCmixseckey_resp.duration,testTAFCmixsectrials.thisRepN,testTAFCmixsectrials.thisTrialN,testTAFCmixsectrials.thisN,testTAFCmixsectrials.thisIndex,testTAFCmixsectrials.ran,testTAFCmixsec,instTAFCreal.started,instTAFCreal.stopped,instTAFCrealkey_resp.keys,instTAFCrealkey_resp.rt,instTAFCrealkey_resp.duration,stimuliTAFCfirst.started,stimuliTAFCfirst.stopped,stimuliTAFCfirstkey_resp.keys,stimuliTAFCfirstkey_resp.rt,stimuliTAFCfirstkey_resp.duration,stimuliTAFCfirsttrials.thisRepN,stimuliTAFCfirsttrials.thisTrialN,stimuliTAFCfirsttrials.thisN,stimuliTAFCfirsttrials.thisIndex,stimuliTAFCfirsttrials.ran,stimuliTAFCfirst,stimuliTAFCsec.started,stimuliTAFCsec.stopped,stimuliTAFCseckey_resp.keys,stimuliTAFCseckey_resp.rt,stimuliTAFCseckey_resp.duration,stimuliTAFCsectrials.thisRepN,stimuliTAFCsectrials.thisTrialN,stimuliTAFCsectrials.thisN,stimuliTAFCsectrials.thisIndex,stimuliTAFCsectrials.ran,stimuliTAFCsec,end.started,end.stopped
0.0002,6.5082,space,6.4829,,659aafe0ce23a5b8af24f9b1,001,2024-05-30_15h23.08.176,mathesisv2,2024.1.3,MacIntel,59.88023952,,,,,,,,,,,,,,,,,,,,,,,,,,,,,,,,,,,,,,,,,,,,,,,,,,,,,,,,,,,,,,,,,,,,,,,,,,,,,,,,,,,,,,,,,,,,,,,,,,,,,,,
,,,,,659aafe0ce23a5b8af24f9b1,001,2024-05-30_15h23.08.176,mathesisv2,2024.1.3,MacIntel,59.88023952,6.5086,13.5246,space,6.9874,,,,,,,,,,,,,,,,,,,,,,,,,,,,,,,,,,,,,,,,,,,,,,,,,,,,,,,,,,,,,,,,,,,,,,,,,,,,,,,,,,,,,,,,,,,,,,,,,,,
,,,,,659aafe0ce23a5b8af24f9b1,001,2024-05-30_15h23.08.176,mathesisv2,2024.1.3,MacIntel,59.88023952,,,,,,13.54,32.1583,l,18.5931,,0,0,0,3,1,stimuliAXBmix/yyustimulus.wav,l,,,,,,,,,,,,,,,,,,,,,,,,,,,,,,,,,,,,,,,,,,,,,,,,,,,,,,,,,,,,,,,,,,,,,,,,,,,,,,,,,,,,,,
,,,,,659aafe0ce23a5b8af24f9b1,001,2024-05-30_15h23.08.176,mathesisv2,2024.1.3,MacIntel,59.88023952,,,,,,32.1593,38.5913,f,6.4244,,0,1,1,1,1,stimuliAXBmix/iyystimulus.wav,f,,,,,,,,,,,,,,,,,,,,,,,,,,,,,,,,,,,,,,,,,,,,,,,,,,,,,,,,,,,,,,,,,,,,,,,,,,,,,,,,,,,,,,
,,,,,659aafe0ce23a5b8af24f9b1,001,2024-05-30_15h23.08.176,mathesisv2,2024.1.3,MacIntel,59.88023952,,,,,,38.592,42.2587,f,3.654,,0,2,2,2,1,stimuliAXBmix/yuustimulus.wav,f,,,,,,,,,,,,,,,,,,,,,,,,,,,,,,,,,,,,,,,,,,,,,,,,,,,,,,,,,,,,,,,,,,,,,,,,,,,,,,,,,,,,,,
,,,,,659aafe0ce23a5b8af24f9b1,001,2024-05-30_15h23.08.176,mathesisv2,2024.1.3,MacIntel,59.88023952,,,,,,42.2596,46.5587,l,4.2818,,0,3,3,0,1,stimuliAXBmix/iiystimulus.wav,l,,,,,,,,,,,,,,,,,,,,,,,,,,,,,,,,,,,,,,,,,,,,,,,,,,,,,,,,,,,,,,,,,,,,,,,,,,,,,,,,,,,,,,
,,,,,659aafe0ce23a5b8af24f9b1,001,2024-05-30_15h23.08.176,mathesisv2,2024.1.3,MacIntel,59.88023952,,,,,,,,,,,,,,,,,,46.5591,49.0924,space,2.5158,,,,,,,,,,,,,,,,,,,,,,,,,,,,,,,,,,,,,,,,,,,,,,,,,,,,,,,,,,,,,,,,,,,,,,,,,,,,,,,,,,
,,,,,659aafe0ce23a5b8af24f9b1,001,2024-05-30_15h23.08.176,mathesisv2,2024.1.3,MacIntel,59.88023952,,,,,,,,,,,,,,,,,,,,,,,49.0925,55.7931,space,6.686,,,,,,,,,,,,,,,,,,,,,,,,,,,,,,,,,,,,,,,,,,,,,,,,,,,,,,,,,,,,,,,,,,,,,,,,,,,,,
,,,,,659aafe0ce23a5b8af24f9b1,001,2024-05-30_15h23.08.176,mathesisv2,2024.1.3,MacIntel,59.88023952,,,,,,55.807,61.3585,l,5.5385,,,,,,,stimuliAXBmix/iiystimulus.wav,l,,,,,,,,,,,0,0,0,0,1,,,,,,,,,,,,,,,,,,,,,,,,,,,,,,,,,,,,,,,,,,,,,,,,,,,,,,,,,,,,,,,,,,,,,,,
,,,,,659aafe0ce23a5b8af24f9b1,001,2024-05-30_15h23.08.176,mathesisv2,2024.1.3,MacIntel,59.88023952,,,,,,61.3689,65.5926,f,4.21,,,,,,,stimuliAXBmix/yyustimulus.wav,l,,,,,,,,,,,0,1,1,3,1,,,,,,,,,,,,,,,,,,,,,,,,,,,,,,,,,,,,,,,,,,,,,,,,,,,,,,,,,,,,,,,,,,,,,,,
,,,,,659aafe0ce23a5b8af24f9b1,001,2024-05-30_15h23.08.176,mathesisv2,2024.1.3,MacIntel,59.88023952,,,,,,65.6016,69.2592,f,3.6394,,,,,,,stimuliAXBmix/iyystimulus.wav,f,,,,,,,,,,,0,2,2,1,1,,,,,,,,,,,,,,,,,,,,,,,,,,,,,,,,,,,,,,,,,,,,,,,,,,,,,,,,,,,,,,,,,,,,,,,
,,,,,659aafe0ce23a5b8af24f9b1,001,2024-05-30_15h23.08.176,mathesisv2,2024.1.3,MacIntel,59.88023952,,,,,,69.269,73.1092,f,3.8221,,,,,,,stimuliAXBmix/yuustimulus.wav,f,,,,,,,,,,,0,3,3,2,1,,,,,,,,,,,,,,,,,,,,,,,,,,,,,,,,,,,,,,,,,,,,,,,,,,,,,,,,,,,,,,,,,,,,,,,
,,,,,659aafe0ce23a5b8af24f9b1,001,2024-05-30_15h23.08.176,mathesisv2,2024.1.3,MacIntel,59.88023952,,,,,,73.1192,75.9093,f,2.7732,,,,,,,stimuliAXBmix/iyystimulus.wav,f,,,,,,,,,,,1,0,4,1,1,,,,,,,,,,,,,,,,,,,,,,,,,,,,,,,,,,,,,,,,,,,,,,,,,,,,,,,,,,,,,,,,,,,,,,,
,,,,,659aafe0ce23a5b8af24f9b1,001,2024-05-30_15h23.08.176,mathesisv2,2024.1.3,MacIntel,59.88023952,,,,,,75.9099,79.109,l,3.1911,,,,,,,stimuliAXBmix/iiystimulus.wav,l,,,,,,,,,,,1,1,5,0,1,,,,,,,,,,,,,,,,,,,,,,,,,,,,,,,,,,,,,,,,,,,,,,,,,,,,,,,,,,,,,,,,,,,,,,,
,,,,,659aafe0ce23a5b8af24f9b1,001,2024-05-30_15h23.08.176,mathesisv2,2024.1.3,MacIntel,59.88023952,,,,,,79.1167,82.5592,f,3.4229,,,,,,,stimuliAXBmix/yuustimulus.wav,f,,,,,,,,,,,1,2,6,2,1,,,,,,,,,,,,,,,,,,,,,,,,,,,,,,,,,,,,,,,,,,,,,,,,,,,,,,,,,,,,,,,,,,,,,,,
,,,,,659aafe0ce23a5b8af24f9b1,001,2024-05-30_15h23.08.176,mathesisv2,2024.1.3,MacIntel,59.88023952,,,,,,82.5597,85.726,l,3.15,,,,,,,stimuliAXBmix/yyustimulus.wav,l,,,,,,,,,,,1,3,7,3,1,,,,,,,,,,,,,,,,,,,,,,,,,,,,,,,,,,,,,,,,,,,,,,,,,,,,,,,,,,,,,,,,,,,,,,,
,,,,,659aafe0ce23a5b8af24f9b1,001,2024-05-30_15h23.08.176,mathesisv2,2024.1.3,MacIntel,59.88023952,,,,,,85.7361,88.6423,l,2.8892,,,,,,,stimuliAXBmix/iiystimulus.wav,l,,,,,,,,,,,2,0,8,0,1,,,,,,,,,,,,,,,,,,,,,,,,,,,,,,,,,,,,,,,,,,,,,,,,,,,,,,,,,,,,,,,,,,,,,,,
,,,,,659aafe0ce23a5b8af24f9b1,001,2024-05-30_15h23.08.176,mathesisv2,2024.1.3,MacIntel,59.88023952,,,,,,88.6426,92.1757,f,3.5251,,,,,,,stimuliAXBmix/iyystimulus.wav,f,,,,,,,,,,,2,1,9,1,1,,,,,,,,,,,,,,,,,,,,,,,,,,,,,,,,,,,,,,,,,,,,,,,,,,,,,,,,,,,,,,,,,,,,,,,
,,,,,659aafe0ce23a5b8af24f9b1,001,2024-05-30_15h23.08.176,mathesisv2,2024.1.3,MacIntel,59.88023952,,,,,,92.1833,96.4761,l,4.2891,,,,,,,stimuliAXBmix/yyustimulus.wav,l,,,,,,,,,,,2,2,10,3,1,,,,,,,,,,,,,,,,,,,,,,,,,,,,,,,,,,,,,,,,,,,,,,,,,,,,,,,,,,,,,,,,,,,,,,,
,,,,,659aafe0ce23a5b8af24f9b1,001,2024-05-30_15h23.08.176,mathesisv2,2024.1.3,MacIntel,59.88023952,,,,,,96.4851,99.8426,f,3.339,,,,,,,stimuliAXBmix/yuustimulus.wav,f,,,,,,,,,,,2,3,11,2,1,,,,,,,,,,,,,,,,,,,,,,,,,,,,,,,,,,,,,,,,,,,,,,,,,,,,,,,,,,,,,,,,,,,,,,,
,,,,,659aafe0ce23a5b8af24f9b1,001,2024-05-30_15h23.08.176,mathesisv2,2024.1.3,MacIntel,59.88023952,,,,,,101.2054,107.7592,f,6.5389,,,,,,,stimuliAXBmix/iyystimulus.wav,f,,,,,,,,,,,,,,,,99.8438,101.1933,space,1.3249,,0,0,0,1,1,,,,,,,,,,,,,,,,,,,,,,,,,,,,,,,,,,,,,,,,,,,,,,,,,,,,,,,,,,,,,
,,,,,659aafe0ce23a5b8af24f9b1,001,2024-05-30_15h23.08.176,mathesisv2,2024.1.3,MacIntel,59.88023952,,,,,,107.77,110.4098,l,2.6243,,,,,,,stimuliAXBmix/yyustimulus.wav,l,,,,,,,,,,,,,,,,,,,,,0,1,1,3,1,,,,,,,,,,,,,,,,,,,,,,,,,,,,,,,,,,,,,,,,,,,,,,,,,,,,,,,,,,,,,
,,,,,659aafe0ce23a5b8af24f9b1,001,2024-05-30_15h23.08.176,mathesisv2,2024.1.3,MacIntel,59.88023952,,,,,,110.4103,113.2266,f,2.8118,,,,,,,stimuliAXBmix/yuustimulus.wav,f,,,,,,,,,,,,,,,,,,,,,0,2,2,2,1,,,,,,,,,,,,,,,,,,,,,,,,,,,,,,,,,,,,,,,,,,,,,,,,,,,,,,,,,,,,,
,,,,,659aafe0ce23a5b8af24f9b1,001,2024-05-30_15h23.08.176,mathesisv2,2024.1.3,MacIntel,59.88023952,,,,,,113.2351,116.0595,l,2.8106,,,,,,,stimuliAXBmix/iiystimulus.wav,l,,,,,,,,,,,,,,,,,,,,,0,3,3,0,1,,,,,,,,,,,,,,,,,,,,,,,,,,,,,,,,,,,,,,,,,,,,,,,,,,,,,,,,,,,,,
,,,,,659aafe0ce23a5b8af24f9b1,001,2024-05-30_15h23.08.176,mathesisv2,2024.1.3,MacIntel,59.88023952,,,,,,116.0602,118.9933,l,2.9175,,,,,,,stimuliAXBmix/yyustimulus.wav,l,,,,,,,,,,,,,,,,,,,,,1,0,4,3,1,,,,,,,,,,,,,,,,,,,,,,,,,,,,,,,,,,,,,,,,,,,,,,,,,,,,,,,,,,,,,
,,,,,659aafe0ce23a5b8af24f9b1,001,2024-05-30_15h23.08.176,mathesisv2,2024.1.3,MacIntel,59.88023952,,,,,,119.0035,121.9766,l,2.9551,,,,,,,stimuliAXBmix/iiystimulus.wav,l,,,,,,,,,,,,,,,,,,,,,1,1,5,0,1,,,,,,,,,,,,,,,,,,,,,,,,,,,,,,,,,,,,,,,,,,,,,,,,,,,,,,,,,,,,,
,,,,,659aafe0ce23a5b8af24f9b1,001,2024-05-30_15h23.08.176,mathesisv2,2024.1.3,MacIntel,59.88023952,,,,,,121.9772,124.8265,f,2.833,,,,,,,stimuliAXBmix/yuustimulus.wav,f,,,,,,,,,,,,,,,,,,,,,1,2,6,2,1,,,,,,,,,,,,,,,,,,,,,,,,,,,,,,,,,,,,,,,,,,,,,,,,,,,,,,,,,,,,,
,,,,,659aafe0ce23a5b8af24f9b1,001,2024-05-30_15h23.08.176,mathesisv2,2024.1.3,MacIntel,59.88023952,,,,,,124.8368,127.7101,f,2.8556,,,,,,,stimuliAXBmix/iyystimulus.wav,f,,,,,,,,,,,,,,,,,,,,,1,3,7,1,1,,,,,,,,,,,,,,,,,,,,,,,,,,,,,,,,,,,,,,,,,,,,,,,,,,,,,,,,,,,,,
,,,,,659aafe0ce23a5b8af24f9b1,001,2024-05-30_15h23.08.176,mathesisv2,2024.1.3,MacIntel,59.88023952,,,,,,132.1552,136.0102,f,3.8388,,,,,,,stimuliAXBmix/yuustimulus.wav,f,,,,,,,,,,,0,0,0,2,1,,,,,,,,,,,127.7121,132.144,space,4.4157,,,,,,,,,,,,,,,,,,,,,,,,,,,,,,,,,,,,,,,,,,,,,,,,,,,,,,,,,
,,,,,659aafe0ce23a5b8af24f9b1,001,2024-05-30_15h23.08.176,mathesisv2,2024.1.3,MacIntel,59.88023952,,,,,,136.02,138.9436,f,2.9052,,,,,,,stimuliAXBmix/iyystimulus.wav,f,,,,,,,,,,,0,1,1,1,1,,,,,,,,,,,,,,,,,,,,,,,,,,,,,,,,,,,,,,,,,,,,,,,,,,,,,,,,,,,,,,,,,,,,,,,
,,,,,659aafe0ce23a5b8af24f9b1,001,2024-05-30_15h23.08.176,mathesisv2,2024.1.3,MacIntel,59.88023952,,,,,,138.954,141.7604,l,2.7885,,,,,,,stimuliAXBmix/iiystimulus.wav,l,,,,,,,,,,,0,2,2,0,1,,,,,,,,,,,,,,,,,,,,,,,,,,,,,,,,,,,,,,,,,,,,,,,,,,,,,,,,,,,,,,,,,,,,,,,
,,,,,659aafe0ce23a5b8af24f9b1,001,2024-05-30_15h23.08.176,mathesisv2,2024.1.3,MacIntel,59.88023952,,,,,,141.7609,144.5936,l,2.8172,,,,,,,stimuliAXBmix/yyustimulus.wav,l,,,,,,,,,,,0,3,3,3,1,,,,,,,,,,,,,,,,,,,,,,,,,,,,,,,,,,,,,,,,,,,,,,,,,,,,,,,,,,,,,,,,,,,,,,,
,,,,,659aafe0ce23a5b8af24f9b1,001,2024-05-30_15h23.08.176,mathesisv2,2024.1.3,MacIntel,59.88023952,,,,,,144.5941,147.3598,l,2.759,,,,,,,stimuliAXBmix/yyustimulus.wav,l,,,,,,,,,,,1,0,4,3,1,,,,,,,,,,,,,,,,,,,,,,,,,,,,,,,,,,,,,,,,,,,,,,,,,,,,,,,,,,,,,,,,,,,,,,,
,,,,,659aafe0ce23a5b8af24f9b1,001,2024-05-30_15h23.08.176,mathesisv2,2024.1.3,MacIntel,59.88023952,,,,,,147.3675,150.0271,f,2.645,,,,,,,stimuliAXBmix/iyystimulus.wav,f,,,,,,,,,,,1,1,5,1,1,,,,,,,,,,,,,,,,,,,,,,,,,,,,,,,,,,,,,,,,,,,,,,,,,,,,,,,,,,,,,,,,,,,,,,,
,,,,,659aafe0ce23a5b8af24f9b1,001,2024-05-30_15h23.08.176,mathesisv2,2024.1.3,MacIntel,59.88023952,,,,,,150.0282,152.477,l,2.4318,,,,,,,stimuliAXBmix/iiystimulus.wav,l,,,,,,,,,,,1,2,6,0,1,,,,,,,,,,,,,,,,,,,,,,,,,,,,,,,,,,,,,,,,,,,,,,,,,,,,,,,,,,,,,,,,,,,,,,,
,,,,,659aafe0ce23a5b8af24f9b1,001,2024-05-30_15h23.08.176,mathesisv2,2024.1.3,MacIntel,59.88023952,,,,,,152.4776,155.4771,f,2.9826,,,,,,,stimuliAXBmix/yuustimulus.wav,f,,,,,,,,,,,1,3,7,2,1,,,,,,,,,,,,,,,,,,,,,,,,,,,,,,,,,,,,,,,,,,,,,,,,,,,,,,,,,,,,,,,,,,,,,,,
,,,,,659aafe0ce23a5b8af24f9b1,001,2024-05-30_15h23.08.176,mathesisv2,2024.1.3,MacIntel,59.88023952,,,,,,155.4934,158.2108,l,2.7128,,,,,,,stimuliAXBmix/yuustimulus.wav,f,,,,,,,,,,,2,0,8,2,1,,,,,,,,,,,,,,,,,,,,,,,,,,,,,,,,,,,,,,,,,,,,,,,,,,,,,,,,,,,,,,,,,,,,,,,
,,,,,659aafe0ce23a5b8af24f9b1,001,2024-05-30_15h23.08.176,mathesisv2,2024.1.3,MacIntel,59.88023952,,,,,,158.2114,161.3106,l,3.0829,,,,,,,stimuliAXBmix/yyustimulus.wav,l,,,,,,,,,,,2,1,9,3,1,,,,,,,,,,,,,,,,,,,,,,,,,,,,,,,,,,,,,,,,,,,,,,,,,,,,,,,,,,,,,,,,,,,,,,,
,,,,,659aafe0ce23a5b8af24f9b1,001,2024-05-30_15h23.08.176,mathesisv2,2024.1.3,MacIntel,59.88023952,,,,,,161.3207,165.0106,l,3.6722,,,,,,,stimuliAXBmix/iiystimulus.wav,l,,,,,,,,,,,2,2,10,0,1,,,,,,,,,,,,,,,,,,,,,,,,,,,,,,,,,,,,,,,,,,,,,,,,,,,,,,,,,,,,,,,,,,,,,,,
,,,,,659aafe0ce23a5b8af24f9b1,001,2024-05-30_15h23.08.176,mathesisv2,2024.1.3,MacIntel,59.88023952,,,,,,165.0217,167.8271,f,2.7892,,,,,,,stimuliAXBmix/iyystimulus.wav,f,,,,,,,,,,,2,3,11,1,1,,,,,,,,,,,,,,,,,,,,,,,,,,,,,,,,,,,,,,,,,,,,,,,,,,,,,,,,,,,,,,,,,,,,,,,
,,,,,659aafe0ce23a5b8af24f9b1,001,2024-05-30_15h23.08.176,mathesisv2,2024.1.3,MacIntel,59.88023952,,,,,,169.4216,175.9275,l,6.4897,,,,,,,stimuliAXBmix/iiystimulus.wav,l,,,,,,,,,,,,,,,,167.8274,169.4109,space,1.5669,,0,0,0,0,1,,,,,,,,,,,,,,,,,,,,,,,,,,,,,,,,,,,,,,,,,,,,,,,,,,,,,,,,,,,,,
,,,,,659aafe0ce23a5b8af24f9b1,001,2024-05-30_15h23.08.176,mathesisv2,2024.1.3,MacIntel,59.88023952,,,,,,175.9388,179.2775,l,3.3197,,,,,,,stimuliAXBmix/yyustimulus.wav,l,,,,,,,,,,,,,,,,,,,,,0,1,1,3,1,,,,,,,,,,,,,,,,,,,,,,,,,,,,,,,,,,,,,,,,,,,,,,,,,,,,,,,,,,,,,
,,,,,659aafe0ce23a5b8af24f9b1,001,2024-05-30_15h23.08.176,mathesisv2,2024.1.3,MacIntel,59.88023952,,,,,,179.2875,181.9441,f,2.6393,,,,,,,stimuliAXBmix/iyystimulus.wav,f,,,,,,,,,,,,,,,,,,,,,0,2,2,1,1,,,,,,,,,,,,,,,,,,,,,,,,,,,,,,,,,,,,,,,,,,,,,,,,,,,,,,,,,,,,,
,,,,,659aafe0ce23a5b8af24f9b1,001,2024-05-30_15h23.08.176,mathesisv2,2024.1.3,MacIntel,59.88023952,,,,,,181.9446,184.6441,f,2.6824,,,,,,,stimuliAXBmix/yuustimulus.wav,f,,,,,,,,,,,,,,,,,,,,,0,3,3,2,1,,,,,,,,,,,,,,,,,,,,,,,,,,,,,,,,,,,,,,,,,,,,,,,,,,,,,,,,,,,,,
,,,,,659aafe0ce23a5b8af24f9b1,001,2024-05-30_15h23.08.176,mathesisv2,2024.1.3,MacIntel,59.88023952,,,,,,184.6447,187.1267,f,2.4689,,,,,,,stimuliAXBmix/iyystimulus.wav,f,,,,,,,,,,,,,,,,,,,,,1,0,4,1,1,,,,,,,,,,,,,,,,,,,,,,,,,,,,,,,,,,,,,,,,,,,,,,,,,,,,,,,,,,,,,
,,,,,659aafe0ce23a5b8af24f9b1,001,2024-05-30_15h23.08.176,mathesisv2,2024.1.3,MacIntel,59.88023952,,,,,,187.1376,190.2942,l,3.1383,,,,,,,stimuliAXBmix/yyustimulus.wav,l,,,,,,,,,,,,,,,,,,,,,1,1,5,3,1,,,,,,,,,,,,,,,,,,,,,,,,,,,,,,,,,,,,,,,,,,,,,,,,,,,,,,,,,,,,,
,,,,,659aafe0ce23a5b8af24f9b1,001,2024-05-30_15h23.08.176,mathesisv2,2024.1.3,MacIntel,59.88023952,,,,,,190.2948,192.9774,f,2.6659,,,,,,,stimuliAXBmix/yuustimulus.wav,f,,,,,,,,,,,,,,,,,,,,,1,2,6,2,1,,,,,,,,,,,,,,,,,,,,,,,,,,,,,,,,,,,,,,,,,,,,,,,,,,,,,,,,,,,,,
,,,,,659aafe0ce23a5b8af24f9b1,001,2024-05-30_15h23.08.176,mathesisv2,2024.1.3,MacIntel,59.88023952,,,,,,192.9868,196.5106,l,3.5081,,,,,,,stimuliAXBmix/iiystimulus.wav,l,,,,,,,,,,,,,,,,,,,,,1,3,7,0,1,,,,,,,,,,,,,,,,,,,,,,,,,,,,,,,,,,,,,,,,,,,,,,,,,,,,,,,,,,,,,
,,,,,659aafe0ce23a5b8af24f9b1,001,2024-05-30_15h23.08.176,mathesisv2,2024.1.3,MacIntel,59.88023952,,,,,,198.3391,203.4607,l,5.1152,,,,,,,stimuliAXBmix/iiystimulus.wav,l,,,,,,,,,,,0,0,0,0,1,,,,,,,,,,,196.5109,198.3269,space,1.7984,,,,,,,,,,,,,,,,,,,,,,,,,,,,,,,,,,,,,,,,,,,,,,,,,,,,,,,,,
,,,,,659aafe0ce23a5b8af24f9b1,001,2024-05-30_15h23.08.176,mathesisv2,2024.1.3,MacIntel,59.88023952,,,,,,203.4691,206.1112,f,2.6238,,,,,,,stimuliAXBmix/yuustimulus.wav,f,,,,,,,,,,,0,1,1,2,1,,,,,,,,,,,,,,,,,,,,,,,,,,,,,,,,,,,,,,,,,,,,,,,,,,,,,,,,,,,,,,,,,,,,,,,
,,,,,659aafe0ce23a5b8af24f9b1,001,2024-05-30_15h23.08.176,mathesisv2,2024.1.3,MacIntel,59.88023952,,,,,,206.112,208.211,l,2.0854,,,,,,,stimuliAXBmix/yyustimulus.wav,l,,,,,,,,,,,0,2,2,3,1,,,,,,,,,,,,,,,,,,,,,,,,,,,,,,,,,,,,,,,,,,,,,,,,,,,,,,,,,,,,,,,,,,,,,,,
,,,,,659aafe0ce23a5b8af24f9b1,001,2024-05-30_15h23.08.176,mathesisv2,2024.1.3,MacIntel,59.88023952,,,,,,208.2116,211.0445,f,2.8156,,,,,,,stimuliAXBmix/iyystimulus.wav,f,,,,,,,,,,,0,3,3,1,1,,,,,,,,,,,,,,,,,,,,,,,,,,,,,,,,,,,,,,,,,,,,,,,,,,,,,,,,,,,,,,,,,,,,,,,
,,,,,659aafe0ce23a5b8af24f9b1,001,2024-05-30_15h23.08.176,mathesisv2,2024.1.3,MacIntel,59.88023952,,,,,,211.055,214.0444,l,2.9718,,,,,,,stimuliAXBmix/yyustimulus.wav,l,,,,,,,,,,,1,0,4,3,1,,,,,,,,,,,,,,,,,,,,,,,,,,,,,,,,,,,,,,,,,,,,,,,,,,,,,,,,,,,,,,,,,,,,,,,
,,,,,659aafe0ce23a5b8af24f9b1,001,2024-05-30_15h23.08.176,mathesisv2,2024.1.3,MacIntel,59.88023952,,,,,,214.0448,217.1945,f,3.1452,,,,,,,stimuliAXBmix/yuustimulus.wav,f,,,,,,,,,,,1,1,5,2,1,,,,,,,,,,,,,,,,,,,,,,,,,,,,,,,,,,,,,,,,,,,,,,,,,,,,,,,,,,,,,,,,,,,,,,,
,,,,,659aafe0ce23a5b8af24f9b1,001,2024-05-30_15h23.08.176,mathesisv2,2024.1.3,MacIntel,59.88023952,,,,,,217.2044,220.7947,f,3.5727,,,,,,,stimuliAXBmix/iyystimulus.wav,f,,,,,,,,,,,1,2,6,1,1,,,,,,,,,,,,,,,,,,,,,,,,,,,,,,,,,,,,,,,,,,,,,,,,,,,,,,,,,,,,,,,,,,,,,,,
,,,,,659aafe0ce23a5b8af24f9b1,001,2024-05-30_15h23.08.176,mathesisv2,2024.1.3,MacIntel,59.88023952,,,,,,220.7953,223.5767,l,2.7645,,,,,,,stimuliAXBmix/iiystimulus.wav,l,,,,,,,,,,,1,3,7,0,1,,,,,,,,,,,,,,,,,,,,,,,,,,,,,,,,,,,,,,,,,,,,,,,,,,,,,,,,,,,,,,,,,,,,,,,
,,,,,659aafe0ce23a5b8af24f9b1,001,2024-05-30_15h23.08.176,mathesisv2,2024.1.3,MacIntel,59.88023952,,,,,,223.5843,226.8114,f,3.2108,,,,,,,stimuliAXBmix/yuustimulus.wav,f,,,,,,,,,,,2,0,8,2,1,,,,,,,,,,,,,,,,,,,,,,,,,,,,,,,,,,,,,,,,,,,,,,,,,,,,,,,,,,,,,,,,,,,,,,,
,,,,,659aafe0ce23a5b8af24f9b1,001,2024-05-30_15h23.08.176,mathesisv2,2024.1.3,MacIntel,59.88023952,,,,,,226.8119,230.1949,l,3.3663,,,,,,,stimuliAXBmix/iiystimulus.wav,l,,,,,,,,,,,2,1,9,0,1,,,,,,,,,,,,,,,,,,,,,,,,,,,,,,,,,,,,,,,,,,,,,,,,,,,,,,,,,,,,,,,,,,,,,,,
,,,,,659aafe0ce23a5b8af24f9b1,001,2024-05-30_15h23.08.176,mathesisv2,2024.1.3,MacIntel,59.88023952,,,,,,230.2054,232.6613,f,2.4374,,,,,,,stimuliAXBmix/iyystimulus.wav,f,,,,,,,,,,,2,2,10,1,1,,,,,,,,,,,,,,,,,,,,,,,,,,,,,,,,,,,,,,,,,,,,,,,,,,,,,,,,,,,,,,,,,,,,,,,
,,,,,659aafe0ce23a5b8af24f9b1,001,2024-05-30_15h23.08.176,mathesisv2,2024.1.3,MacIntel,59.88023952,,,,,,232.6618,235.2782,l,2.6001,,,,,,,stimuliAXBmix/yyustimulus.wav,l,,,,,,,,,,,2,3,11,3,1,,,,,,,,,,,,,,,,,,,,,,,,,,,,,,,,,,,,,,,,,,,,,,,,,,,,,,,,,,,,,,,,,,,,,,,
,,,,,659aafe0ce23a5b8af24f9b1,001,2024-05-30_15h23.08.176,mathesisv2,2024.1.3,MacIntel,59.88023952,,,,,,238.8419,243.8783,l,5.023,,,,,,,stimuliAXBmix/yyustimulus.wav,l,,,,,,,,,,,,,,,,235.2785,238.83,return,3.5425,,0,0,0,3,1,,,,,,,,,,,,,,,,,,,,,,,,,,,,,,,,,,,,,,,,,,,,,,,,,,,,,,,,,,,,,
,,,,,659aafe0ce23a5b8af24f9b1,001,2024-05-30_15h23.08.176,mathesisv2,2024.1.3,MacIntel,59.88023952,,,,,,243.8881,246.9283,l,3.024,,,,,,,stimuliAXBmix/iiystimulus.wav,l,,,,,,,,,,,,,,,,,,,,,0,1,1,0,1,,,,,,,,,,,,,,,,,,,,,,,,,,,,,,,,,,,,,,,,,,,,,,,,,,,,,,,,,,,,,
,,,,,659aafe0ce23a5b8af24f9b1,001,2024-05-30_15h23.08.176,mathesisv2,2024.1.3,MacIntel,59.88023952,,,,,,246.9378,249.3616,f,2.4056,,,,,,,stimuliAXBmix/iyystimulus.wav,f,,,,,,,,,,,,,,,,,,,,,0,2,2,1,1,,,,,,,,,,,,,,,,,,,,,,,,,,,,,,,,,,,,,,,,,,,,,,,,,,,,,,,,,,,,,
,,,,,659aafe0ce23a5b8af24f9b1,001,2024-05-30_15h23.08.176,mathesisv2,2024.1.3,MacIntel,59.88023952,,,,,,249.3623,252.3949,f,3.0164,,,,,,,stimuliAXBmix/yuustimulus.wav,f,,,,,,,,,,,,,,,,,,,,,0,3,3,2,1,,,,,,,,,,,,,,,,,,,,,,,,,,,,,,,,,,,,,,,,,,,,,,,,,,,,,,,,,,,,,
,,,,,659aafe0ce23a5b8af24f9b1,001,2024-05-30_15h23.08.176,mathesisv2,2024.1.3,MacIntel,59.88023952,,,,,,252.3953,254.6105,f,2.2074,,,,,,,stimuliAXBmix/yuustimulus.wav,f,,,,,,,,,,,,,,,,,,,,,1,0,4,2,1,,,,,,,,,,,,,,,,,,,,,,,,,,,,,,,,,,,,,,,,,,,,,,,,,,,,,,,,,,,,,
,,,,,659aafe0ce23a5b8af24f9b1,001,2024-05-30_15h23.08.176,mathesisv2,2024.1.3,MacIntel,59.88023952,,,,,,254.6107,257.3284,f,2.7021,,,,,,,stimuliAXBmix/iyystimulus.wav,f,,,,,,,,,,,,,,,,,,,,,1,1,5,1,1,,,,,,,,,,,,,,,,,,,,,,,,,,,,,,,,,,,,,,,,,,,,,,,,,,,,,,,,,,,,,
,,,,,659aafe0ce23a5b8af24f9b1,001,2024-05-30_15h23.08.176,mathesisv2,2024.1.3,MacIntel,59.88023952,,,,,,257.338,260.0285,l,2.6737,,,,,,,stimuliAXBmix/yyustimulus.wav,l,,,,,,,,,,,,,,,,,,,,,1,2,6,3,1,,,,,,,,,,,,,,,,,,,,,,,,,,,,,,,,,,,,,,,,,,,,,,,,,,,,,,,,,,,,,
,,,,,659aafe0ce23a5b8af24f9b1,001,2024-05-30_15h23.08.176,mathesisv2,2024.1.3,MacIntel,59.88023952,,,,,,260.0292,263.7775,l,3.7304,,,,,,,stimuliAXBmix/iiystimulus.wav,l,,,,,,,,,,,,,,,,,,,,,1,3,7,0,1,,,,,,,,,,,,,,,,,,,,,,,,,,,,,,,,,,,,,,,,,,,,,,,,,,,,,,,,,,,,,
,,,,,659aafe0ce23a5b8af24f9b1,001,2024-05-30_15h23.08.176,mathesisv2,2024.1.3,MacIntel,59.88023952,,,,,,267.5725,270.2114,f,2.6175,,,,,,,stimuliAXBmix/iyystimulus.wav,f,,,,,,,,,,,0,0,0,1,1,,,,,,,,,,,263.7777,267.5617,space,3.7754,,,,,,,,,,,,,,,,,,,,,,,,,,,,,,,,,,,,,,,,,,,,,,,,,,,,,,,,,
,,,,,659aafe0ce23a5b8af24f9b1,001,2024-05-30_15h23.08.176,mathesisv2,2024.1.3,MacIntel,59.88023952,,,,,,270.2117,272.7777,f,2.5531,,,,,,,stimuliAXBmix/yuustimulus.wav,f,,,,,,,,,,,0,1,1,2,1,,,,,,,,,,,,,,,,,,,,,,,,,,,,,,,,,,,,,,,,,,,,,,,,,,,,,,,,,,,,,,,,,,,,,,,
,,,,,659aafe0ce23a5b8af24f9b1,001,2024-05-30_15h23.08.176,mathesisv2,2024.1.3,MacIntel,59.88023952,,,,,,272.7784,275.2783,l,2.4938,,,,,,,stimuliAXBmix/iiystimulus.wav,l,,,,,,,,,,,0,2,2,0,1,,,,,,,,,,,,,,,,,,,,,,,,,,,,,,,,,,,,,,,,,,,,,,,,,,,,,,,,,,,,,,,,,,,,,,,
,,,,,659aafe0ce23a5b8af24f9b1,001,2024-05-30_15h23.08.176,mathesisv2,2024.1.3,MacIntel,59.88023952,,,,,,275.2864,278.8948,l,3.5884,,,,,,,stimuliAXBmix/yyustimulus.wav,l,,,,,,,,,,,0,3,3,3,1,,,,,,,,,,,,,,,,,,,,,,,,,,,,,,,,,,,,,,,,,,,,,,,,,,,,,,,,,,,,,,,,,,,,,,,
,,,,,659aafe0ce23a5b8af24f9b1,001,2024-05-30_15h23.08.176,mathesisv2,2024.1.3,MacIntel,59.88023952,,,,,,278.9003,282.0111,f,3.0968,,,,,,,stimuliAXBmix/iyystimulus.wav,f,,,,,,,,,,,1,0,4,1,1,,,,,,,,,,,,,,,,,,,,,,,,,,,,,,,,,,,,,,,,,,,,,,,,,,,,,,,,,,,,,,,,,,,,,,,
,,,,,659aafe0ce23a5b8af24f9b1,001,2024-05-30_15h23.08.176,mathesisv2,2024.1.3,MacIntel,59.88023952,,,,,,282.0117,285.2623,f,3.2459,,,,,,,stimuliAXBmix/yuustimulus.wav,f,,,,,,,,,,,1,1,5,2,1,,,,,,,,,,,,,,,,,,,,,,,,,,,,,,,,,,,,,,,,,,,,,,,,,,,,,,,,,,,,,,,,,,,,,,,
,,,,,659aafe0ce23a5b8af24f9b1,001,2024-05-30_15h23.08.176,mathesisv2,2024.1.3,MacIntel,59.88023952,,,,,,285.2711,288.2621,l,2.9719,,,,,,,stimuliAXBmix/yyustimulus.wav,l,,,,,,,,,,,1,2,6,3,1,,,,,,,,,,,,,,,,,,,,,,,,,,,,,,,,,,,,,,,,,,,,,,,,,,,,,,,,,,,,,,,,,,,,,,,
,,,,,659aafe0ce23a5b8af24f9b1,001,2024-05-30_15h23.08.176,mathesisv2,2024.1.3,MacIntel,59.88023952,,,,,,288.2625,290.9456,l,2.666,,,,,,,stimuliAXBmix/iiystimulus.wav,l,,,,,,,,,,,1,3,7,0,1,,,,,,,,,,,,,,,,,,,,,,,,,,,,,,,,,,,,,,,,,,,,,,,,,,,,,,,,,,,,,,,,,,,,,,,
,,,,,659aafe0ce23a5b8af24f9b1,001,2024-05-30_15h23.08.176,mathesisv2,2024.1.3,MacIntel,59.88023952,,,,,,290.9556,293.3621,l,2.387,,,,,,,stimuliAXBmix/yyustimulus.wav,l,,,,,,,,,,,2,0,8,3,1,,,,,,,,,,,,,,,,,,,,,,,,,,,,,,,,,,,,,,,,,,,,,,,,,,,,,,,,,,,,,,,,,,,,,,,
,,,,,659aafe0ce23a5b8af24f9b1,001,2024-05-30_15h23.08.176,mathesisv2,2024.1.3,MacIntel,59.88023952,,,,,,293.3627,296.3623,l,2.9858,,,,,,,stimuliAXBmix/iiystimulus.wav,l,,,,,,,,,,,2,1,9,0,1,,,,,,,,,,,,,,,,,,,,,,,,,,,,,,,,,,,,,,,,,,,,,,,,,,,,,,,,,,,,,,,,,,,,,,,
,,,,,659aafe0ce23a5b8af24f9b1,001,2024-05-30_15h23.08.176,mathesisv2,2024.1.3,MacIntel,59.88023952,,,,,,296.3628,298.929,f,2.5524,,,,,,,stimuliAXBmix/yuustimulus.wav,f,,,,,,,,,,,2,2,10,2,1,,,,,,,,,,,,,,,,,,,,,,,,,,,,,,,,,,,,,,,,,,,,,,,,,,,,,,,,,,,,,,,,,,,,,,,
,,,,,659aafe0ce23a5b8af24f9b1,001,2024-05-30_15h23.08.176,mathesisv2,2024.1.3,MacIntel,59.88023952,,,,,,298.9389,301.2457,f,2.2894,,,,,,,stimuliAXBmix/iyystimulus.wav,f,,,,,,,,,,,2,3,11,1,1,,,,,,,,,,,,,,,,,,,,,,,,,,,,,,,,,,,,,,,,,,,,,,,,,,,,,,,,,,,,,,,,,,,,,,,
,,,,,659aafe0ce23a5b8af24f9b1,001,2024-05-30_15h23.08.176,mathesisv2,2024.1.3,MacIntel,59.88023952,,,,,,303.8571,306.7792,l,2.9058,,,,,,,stimuliAXBmix/iiystimulus.wav,l,,,,,,,,,,,,,,,,301.246,303.845,return,2.5826,,0,0,0,0,1,,,,,,,,,,,,,,,,,,,,,,,,,,,,,,,,,,,,,,,,,,,,,,,,,,,,,,,,,,,,,
,,,,,659aafe0ce23a5b8af24f9b1,001,2024-05-30_15h23.08.176,mathesisv2,2024.1.3,MacIntel,59.88023952,,,,,,306.7798,309.2626,f,2.4676,,,,,,,stimuliAXBmix/yuustimulus.wav,f,,,,,,,,,,,,,,,,,,,,,0,1,1,2,1,,,,,,,,,,,,,,,,,,,,,,,,,,,,,,,,,,,,,,,,,,,,,,,,,,,,,,,,,,,,,
,,,,,659aafe0ce23a5b8af24f9b1,001,2024-05-30_15h23.08.176,mathesisv2,2024.1.3,MacIntel,59.88023952,,,,,,309.2712,311.1287,l,1.8419,,,,,,,stimuliAXBmix/iyystimulus.wav,f,,,,,,,,,,,,,,,,,,,,,0,2,2,1,1,,,,,,,,,,,,,,,,,,,,,,,,,,,,,,,,,,,,,,,,,,,,,,,,,,,,,,,,,,,,,
,,,,,659aafe0ce23a5b8af24f9b1,001,2024-05-30_15h23.08.176,mathesisv2,2024.1.3,MacIntel,59.88023952,,,,,,311.1289,314.7959,f,3.6633,,,,,,,stimuliAXBmix/yyustimulus.wav,l,,,,,,,,,,,,,,,,,,,,,0,3,3,3,1,,,,,,,,,,,,,,,,,,,,,,,,,,,,,,,,,,,,,,,,,,,,,,,,,,,,,,,,,,,,,
,,,,,659aafe0ce23a5b8af24f9b1,001,2024-05-30_15h23.08.176,mathesisv2,2024.1.3,MacIntel,59.88023952,,,,,,314.7964,317.4616,f,2.6503,,,,,,,stimuliAXBmix/iyystimulus.wav,f,,,,,,,,,,,,,,,,,,,,,1,0,4,1,1,,,,,,,,,,,,,,,,,,,,,,,,,,,,,,,,,,,,,,,,,,,,,,,,,,,,,,,,,,,,,
,,,,,659aafe0ce23a5b8af24f9b1,001,2024-05-30_15h23.08.176,mathesisv2,2024.1.3,MacIntel,59.88023952,,,,,,317.4721,319.9622,f,2.4836,,,,,,,stimuliAXBmix/yuustimulus.wav,f,,,,,,,,,,,,,,,,,,,,,1,1,5,2,1,,,,,,,,,,,,,,,,,,,,,,,,,,,,,,,,,,,,,,,,,,,,,,,,,,,,,,,,,,,,,
,,,,,659aafe0ce23a5b8af24f9b1,001,2024-05-30_15h23.08.176,mathesisv2,2024.1.3,MacIntel,59.88023952,,,,,,319.9628,322.496,l,2.5166,,,,,,,stimuliAXBmix/yyustimulus.wav,l,,,,,,,,,,,,,,,,,,,,,1,2,6,3,1,,,,,,,,,,,,,,,,,,,,,,,,,,,,,,,,,,,,,,,,,,,,,,,,,,,,,,,,,,,,,
,,,,,659aafe0ce23a5b8af24f9b1,001,2024-05-30_15h23.08.176,mathesisv2,2024.1.3,MacIntel,59.88023952,,,,,,322.4967,325.1959,l,2.6941,,,,,,,stimuliAXBmix/iiystimulus.wav,l,,,,,,,,,,,,,,,,,,,,,1,3,7,0,1,,,,,,,,,,,,,,,,,,,,,,,,,,,,,,,,,,,,,,,,,,,,,,,,,,,,,,,,,,,,,
,,,,,659aafe0ce23a5b8af24f9b1,001,2024-05-30_15h23.08.176,mathesisv2,2024.1.3,MacIntel,59.88023952,,,,,,,,,,,,,,,,,,,,,,,,,,,,,,,,,,,,,,,,,,,325.1961,326.9623,space,1.7575,,326.9626,336.4645,space,9.4817,,,,,,,,,,,,,,,,,,,,,,,,,,,,,,,,,,,,,,,,,,,,,,,,,,,,
,,,,,659aafe0ce23a5b8af24f9b1,001,2024-05-30_15h23.08.176,mathesisv2,2024.1.3,MacIntel,59.88023952,,,,,,,,,,,,,,,,,,,,,,,,,,,,,,,,,,,,,,,,,,,,,,,,,,,,,336.4792,341.0797,y,4.5809,,0,0,0,2,1,testTAFCmixfirst/nimnym006.wav,,,,,,,,,,,,,,,,,,,,,,,,,,,,,,,,,,,,,,,,
,,,,,659aafe0ce23a5b8af24f9b1,001,2024-05-30_15h23.08.176,mathesisv2,2024.1.3,MacIntel,59.88023952,,,,,,,,,,,,,,,,,,,,,,,,,,,,,,,,,,,,,,,,,,,,,,,,,,,,,341.0878,344.1962,e,3.1016,,0,1,1,1,1,testTAFCmixfirst/nimnym002.wav,,,,,,,,,,,,,,,,,,,,,,,,,,,,,,,,,,,,,,,,
,,,,,659aafe0ce23a5b8af24f9b1,001,2024-05-30_15h23.08.176,mathesisv2,2024.1.3,MacIntel,59.88023952,,,,,,,,,,,,,,,,,,,,,,,,,,,,,,,,,,,,,,,,,,,,,,,,,,,,,344.1968,345.4965,e,1.2844,,0,2,2,0,1,testTAFCmixfirst/nimnym001.wav,,,,,,,,,,,,,,,,,,,,,,,,,,,,,,,,,,,,,,,,
,,,,,659aafe0ce23a5b8af24f9b1,001,2024-05-30_15h23.08.176,mathesisv2,2024.1.3,MacIntel,59.88023952,,,,,,,,,,,,,,,,,,,,,,,,,,,,,,,,,,,,,,,,,,,,,,,,,,,,,,,,,,,,,,,,345.5034,349.4299,y,3.9002,,0,0,0,0,1,testTAFCmixsec/numnym001.wav,,,,,,,,,,,,,,,,,,,,,,,,,,,,,
,,,,,659aafe0ce23a5b8af24f9b1,001,2024-05-30_15h23.08.176,mathesisv2,2024.1.3,MacIntel,59.88023952,,,,,,,,,,,,,,,,,,,,,,,,,,,,,,,,,,,,,,,,,,,,,,,,,,,,,,,,,,,,,,,,349.4392,351.5968,y,2.1509,,0,1,1,1,1,testTAFCmixsec/numnym002.wav,,,,,,,,,,,,,,,,,,,,,,,,,,,,,
,,,,,659aafe0ce23a5b8af24f9b1,001,2024-05-30_15h23.08.176,mathesisv2,2024.1.3,MacIntel,59.88023952,,,,,,,,,,,,,,,,,,,,,,,,,,,,,,,,,,,,,,,,,,,,,,,,,,,,,,,,,,,,,,,,351.5975,354.7799,y,3.1681,,0,2,2,2,1,testTAFCmixsec/numnym006.wav,,,,,,,,,,,,,,,,,,,,,,,,,,,,,
,,,,,659aafe0ce23a5b8af24f9b1,001,2024-05-30_15h23.08.176,mathesisv2,2024.1.3,MacIntel,59.88023952,,,,,,,,,,,,,,,,,,,,,,,,,,,,,,,,,,,,,,,,,,,,,,,,,,,,,,,,,,,,,,,,,,,,,,,,,,,354.781,361.4803,space,6.6673,,,,,,,,,,,,,,,,,,,,,,,,,
,,,,,659aafe0ce23a5b8af24f9b1,001,2024-05-30_15h23.08.176,mathesisv2,2024.1.3,MacIntel,59.88023952,,,,,,,,,,,,,,,,,e,,,,,,,,,,,,,,,,,,,,,,,,,,,,,,,,,,,,,,,,,,,,,,,,,,,,,,,,,,,,,,,361.4949,364.9467,e,3.4293,,0,0,0,2,1,stimuliTAFCfirst/nimnym003.wav,,,,,,,,,,,,,
,,,,,659aafe0ce23a5b8af24f9b1,001,2024-05-30_15h23.08.176,mathesisv2,2024.1.3,MacIntel,59.88023952,,,,,,,,,,,,,,,,,y,,,,,,,,,,,,,,,,,,,,,,,,,,,,,,,,,,,,,,,,,,,,,,,,,,,,,,,,,,,,,,,364.947,366.9302,y,1.9676,,0,1,1,5,1,stimuliTAFCfirst/nimnym006.wav,,,,,,,,,,,,,
,,,,,659aafe0ce23a5b8af24f9b1,001,2024-05-30_15h23.08.176,mathesisv2,2024.1.3,MacIntel,59.88023952,,,,,,,,,,,,,,,,,e,,,,,,,,,,,,,,,,,,,,,,,,,,,,,,,,,,,,,,,,,,,,,,,,,,,,,,,,,,,,,,,366.9307,368.3456,e,1.4086,,0,2,2,1,1,stimuliTAFCfirst/nimnym002.wav,,,,,,,,,,,,,
,,,,,659aafe0ce23a5b8af24f9b1,001,2024-05-30_15h23.08.176,mathesisv2,2024.1.3,MacIntel,59.88023952,,,,,,,,,,,,,,,,,y,,,,,,,,,,,,,,,,,,,,,,,,,,,,,,,,,,,,,,,,,,,,,,,,,,,,,,,,,,,,,,,368.3459,369.8468,y,1.485,,0,3,3,4,1,stimuliTAFCfirst/nimnym005.wav,,,,,,,,,,,,,
,,,,,659aafe0ce23a5b8af24f9b1,001,2024-05-30_15h23.08.176,mathesisv2,2024.1.3,MacIntel,59.88023952,,,,,,,,,,,,,,,,,x,,,,,,,,,,,,,,,,,,,,,,,,,,,,,,,,,,,,,,,,,,,,,,,,,,,,,,,,,,,,,,,369.8474,371.0968,y,1.2327,,0,4,4,3,1,stimuliTAFCfirst/nimnym004.wav,,,,,,,,,,,,,
,,,,,659aafe0ce23a5b8af24f9b1,001,2024-05-30_15h23.08.176,mathesisv2,2024.1.3,MacIntel,59.88023952,,,,,,,,,,,,,,,,,y,,,,,,,,,,,,,,,,,,,,,,,,,,,,,,,,,,,,,,,,,,,,,,,,,,,,,,,,,,,,,,,371.0973,372.6468,y,1.5368,,0,5,5,6,1,stimuliTAFCfirst/nimnym007.wav,,,,,,,,,,,,,
,,,,,659aafe0ce23a5b8af24f9b1,001,2024-05-30_15h23.08.176,mathesisv2,2024.1.3,MacIntel,59.88023952,,,,,,,,,,,,,,,,,e,,,,,,,,,,,,,,,,,,,,,,,,,,,,,,,,,,,,,,,,,,,,,,,,,,,,,,,,,,,,,,,372.6473,373.6631,e,1.0086,,0,6,6,0,1,stimuliTAFCfirst/nimnym001.wav,,,,,,,,,,,,,
,,,,,659aafe0ce23a5b8af24f9b1,001,2024-05-30_15h23.08.176,mathesisv2,2024.1.3,MacIntel,59.88023952,,,,,,,,,,,,,,,,,y,,,,,,,,,,,,,,,,,,,,,,,,,,,,,,,,,,,,,,,,,,,,,,,,,,,,,,,,,,,,,,,373.6633,374.8627,y,1.1846,,1,0,7,5,1,stimuliTAFCfirst/nimnym006.wav,,,,,,,,,,,,,
,,,,,659aafe0ce23a5b8af24f9b1,001,2024-05-30_15h23.08.176,mathesisv2,2024.1.3,MacIntel,59.88023952,,,,,,,,,,,,,,,,,y,,,,,,,,,,,,,,,,,,,,,,,,,,,,,,,,,,,,,,,,,,,,,,,,,,,,,,,,,,,,,,,374.8633,375.9466,y,1.0666,,1,1,8,6,1,stimuliTAFCfirst/nimnym007.wav,,,,,,,,,,,,,
,,,,,659aafe0ce23a5b8af24f9b1,001,2024-05-30_15h23.08.176,mathesisv2,2024.1.3,MacIntel,59.88023952,,,,,,,,,,,,,,,,,e,,,,,,,,,,,,,,,,,,,,,,,,,,,,,,,,,,,,,,,,,,,,,,,,,,,,,,,,,,,,,,,375.9472,376.9965,e,1.0434,,1,2,9,2,1,stimuliTAFCfirst/nimnym003.wav,,,,,,,,,,,,,
,,,,,659aafe0ce23a5b8af24f9b1,001,2024-05-30_15h23.08.176,mathesisv2,2024.1.3,MacIntel,59.88023952,,,,,,,,,,,,,,,,,y,,,,,,,,,,,,,,,,,,,,,,,,,,,,,,,,,,,,,,,,,,,,,,,,,,,,,,,,,,,,,,,376.9969,378.0635,y,1.0522,,1,3,10,4,1,stimuliTAFCfirst/nimnym005.wav,,,,,,,,,,,,,
,,,,,659aafe0ce23a5b8af24f9b1,001,2024-05-30_15h23.08.176,mathesisv2,2024.1.3,MacIntel,59.88023952,,,,,,,,,,,,,,,,,e,,,,,,,,,,,,,,,,,,,,,,,,,,,,,,,,,,,,,,,,,,,,,,,,,,,,,,,,,,,,,,,378.0642,379.2472,e,1.1781,,1,4,11,1,1,stimuliTAFCfirst/nimnym002.wav,,,,,,,,,,,,,
,,,,,659aafe0ce23a5b8af24f9b1,001,2024-05-30_15h23.08.176,mathesisv2,2024.1.3,MacIntel,59.88023952,,,,,,,,,,,,,,,,,x,,,,,,,,,,,,,,,,,,,,,,,,,,,,,,,,,,,,,,,,,,,,,,,,,,,,,,,,,,,,,,,379.2478,380.2467,y,0.9852,,1,5,12,3,1,stimuliTAFCfirst/nimnym004.wav,,,,,,,,,,,,,
,,,,,659aafe0ce23a5b8af24f9b1,001,2024-05-30_15h23.08.176,mathesisv2,2024.1.3,MacIntel,59.88023952,,,,,,,,,,,,,,,,,e,,,,,,,,,,,,,,,,,,,,,,,,,,,,,,,,,,,,,,,,,,,,,,,,,,,,,,,,,,,,,,,380.2473,381.2468,e,0.984,,1,6,13,0,1,stimuliTAFCfirst/nimnym001.wav,,,,,,,,,,,,,
,,,,,659aafe0ce23a5b8af24f9b1,001,2024-05-30_15h23.08.176,mathesisv2,2024.1.3,MacIntel,59.88023952,,,,,,,,,,,,,,,,,x,381.2477,383.6292,space,2.3617,,,,,,,,,,,,,,,,,,,,,,,,,,,,,,,,,,,,,,,,,,,,,,,,,,,,,,,,,,,,,,,,,,,,,,383.6389,388.4138,u,4.7542,,0,0,0,3,1,stimuliTAFCsec/numnym004.wav,,
,,,,,659aafe0ce23a5b8af24f9b1,001,2024-05-30_15h23.08.176,mathesisv2,2024.1.3,MacIntel,59.88023952,,,,,,,,,,,,,,,,,u,,,,,,,,,,,,,,,,,,,,,,,,,,,,,,,,,,,,,,,,,,,,,,,,,,,,,,,,,,,,,,,,,,,,,,,,,,388.4217,390.3301,u,1.8996,,0,1,1,2,1,stimuliTAFCsec/numnym003.wav,,
,,,,,659aafe0ce23a5b8af24f9b1,001,2024-05-30_15h23.08.176,mathesisv2,2024.1.3,MacIntel,59.88023952,,,,,,,,,,,,,,,,,y,,,,,,,,,,,,,,,,,,,,,,,,,,,,,,,,,,,,,,,,,,,,,,,,,,,,,,,,,,,,,,,,,,,,,,,,,,390.3305,394.3973,y,4.0556,,0,2,2,6,1,stimuliTAFCsec/numnym007.wav,,
,,,,,659aafe0ce23a5b8af24f9b1,001,2024-05-30_15h23.08.176,mathesisv2,2024.1.3,MacIntel,59.88023952,,,,,,,,,,,,,,,,,y,,,,,,,,,,,,,,,,,,,,,,,,,,,,,,,,,,,,,,,,,,,,,,,,,,,,,,,,,,,,,,,,,,,,,,,,,,394.4069,396.847,y,2.4329,,0,3,3,5,1,stimuliTAFCsec/numnym006.wav,,
,,,,,659aafe0ce23a5b8af24f9b1,001,2024-05-30_15h23.08.176,mathesisv2,2024.1.3,MacIntel,59.88023952,,,,,,,,,,,,,,,,,u,,,,,,,,,,,,,,,,,,,,,,,,,,,,,,,,,,,,,,,,,,,,,,,,,,,,,,,,,,,,,,,,,,,,,,,,,,396.8475,398.0804,u,1.2192,,0,4,4,0,1,stimuliTAFCsec/numnym001.wav,,
,,,,,659aafe0ce23a5b8af24f9b1,001,2024-05-30_15h23.08.176,mathesisv2,2024.1.3,MacIntel,59.88023952,,,,,,,,,,,,,,,,,u,,,,,,,,,,,,,,,,,,,,,,,,,,,,,,,,,,,,,,,,,,,,,,,,,,,,,,,,,,,,,,,,,,,,,,,,,,398.0811,399.1304,u,1.0319,,0,5,5,1,1,stimuliTAFCsec/numnym002.wav,,
,,,,,659aafe0ce23a5b8af24f9b1,001,2024-05-30_15h23.08.176,mathesisv2,2024.1.3,MacIntel,59.88023952,,,,,,,,,,,,,,,,,y,,,,,,,,,,,,,,,,,,,,,,,,,,,,,,,,,,,,,,,,,,,,,,,,,,,,,,,,,,,,,,,,,,,,,,,,,,399.1308,400.1473,y,0.9993,,0,6,6,4,1,stimuliTAFCsec/numnym005.wav,,
,,,,,659aafe0ce23a5b8af24f9b1,001,2024-05-30_15h23.08.176,mathesisv2,2024.1.3,MacIntel,59.88023952,,,,,,,,,,,,,,,,,x,,,,,,,,,,,,,,,,,,,,,,,,,,,,,,,,,,,,,,,,,,,,,,,,,,,,,,,,,,,,,,,,,,,,,,,,,,400.148,401.4138,y,1.2508,,1,0,7,3,1,stimuliTAFCsec/numnym004.wav,,
,,,,,659aafe0ce23a5b8af24f9b1,001,2024-05-30_15h23.08.176,mathesisv2,2024.1.3,MacIntel,59.88023952,,,,,,,,,,,,,,,,,u,,,,,,,,,,,,,,,,,,,,,,,,,,,,,,,,,,,,,,,,,,,,,,,,,,,,,,,,,,,,,,,,,,,,,,,,,,401.4143,402.3963,u,0.9664,,1,1,8,0,1,stimuliTAFCsec/numnym001.wav,,
,,,,,659aafe0ce23a5b8af24f9b1,001,2024-05-30_15h23.08.176,mathesisv2,2024.1.3,MacIntel,59.88023952,,,,,,,,,,,,,,,,,y,,,,,,,,,,,,,,,,,,,,,,,,,,,,,,,,,,,,,,,,,,,,,,,,,,,,,,,,,,,,,,,,,,,,,,,,,,402.3969,403.5637,y,1.1507,,1,2,9,5,1,stimuliTAFCsec/numnym006.wav,,
,,,,,659aafe0ce23a5b8af24f9b1,001,2024-05-30_15h23.08.176,mathesisv2,2024.1.3,MacIntel,59.88023952,,,,,,,,,,,,,,,,,y,,,,,,,,,,,,,,,,,,,,,,,,,,,,,,,,,,,,,,,,,,,,,,,,,,,,,,,,,,,,,,,,,,,,,,,,,,403.5643,404.8138,y,1.235,,1,3,10,6,1,stimuliTAFCsec/numnym007.wav,,
,,,,,659aafe0ce23a5b8af24f9b1,001,2024-05-30_15h23.08.176,mathesisv2,2024.1.3,MacIntel,59.88023952,,,,,,,,,,,,,,,,,u,,,,,,,,,,,,,,,,,,,,,,,,,,,,,,,,,,,,,,,,,,,,,,,,,,,,,,,,,,,,,,,,,,,,,,,,,,404.8144,405.7129,u,0.8823,,1,4,11,2,1,stimuliTAFCsec/numnym003.wav,,
,,,,,659aafe0ce23a5b8af24f9b1,001,2024-05-30_15h23.08.176,mathesisv2,2024.1.3,MacIntel,59.88023952,,,,,,,,,,,,,,,,,y,,,,,,,,,,,,,,,,,,,,,,,,,,,,,,,,,,,,,,,,,,,,,,,,,,,,,,,,,,,,,,,,,,,,,,,,,,405.7135,406.7638,y,1.0341,,1,5,12,4,1,stimuliTAFCsec/numnym005.wav,,
,,,,,659aafe0ce23a5b8af24f9b1,001,2024-05-30_15h23.08.176,mathesisv2,2024.1.3,MacIntel,59.88023952,,,,,,,,,,,,,,,,,u,,,,,,,,,,,,,,,,,,,,,,,,,,,,,,,,,,,,,,,,,,,,,,,,,,,,,,,,,,,,,,,,,,,,,,,,,,406.7643,407.6799,u,0.9006,,1,6,13,1,1,stimuliTAFCsec/numnym002.wav,,
,,,,,659aafe0ce23a5b8af24f9b1,001,2024-05-30_15h23.08.176,mathesisv2,2024.1.3,MacIntel,59.88023952,,,,,,,,,,,,,,,,,y,,,,,,,,,,,,,,,,,,,,,,,,,,407.6807,408.7644,space,1.0663,,,,,,,,,,,,,,,,,,,,,,,,,,,,,,,,,,408.7699,412.7807,y,3.9941,,0,0,0,5,1,stimuliTAFCfirst/nimnym006.wav,,,,,,,,,,,,,
,,,,,659aafe0ce23a5b8af24f9b1,001,2024-05-30_15h23.08.176,mathesisv2,2024.1.3,MacIntel,59.88023952,,,,,,,,,,,,,,,,,e,,,,,,,,,,,,,,,,,,,,,,,,,,,,,,,,,,,,,,,,,,,,,,,,,,,,,,,,,,,,,,,412.7906,414.0464,e,1.2388,,0,1,1,2,1,stimuliTAFCfirst/nimnym003.wav,,,,,,,,,,,,,
,,,,,659aafe0ce23a5b8af24f9b1,001,2024-05-30_15h23.08.176,mathesisv2,2024.1.3,MacIntel,59.88023952,,,,,,,,,,,,,,,,,e,,,,,,,,,,,,,,,,,,,,,,,,,,,,,,,,,,,,,,,,,,,,,,,,,,,,,,,,,,,,,,,414.047,415.0473,e,0.9847,,0,2,2,1,1,stimuliTAFCfirst/nimnym002.wav,,,,,,,,,,,,,
,,,,,659aafe0ce23a5b8af24f9b1,001,2024-05-30_15h23.08.176,mathesisv2,2024.1.3,MacIntel,59.88023952,,,,,,,,,,,,,,,,,e,,,,,,,,,,,,,,,,,,,,,,,,,,,,,,,,,,,,,,,,,,,,,,,,,,,,,,,,,,,,,,,415.0479,416.2973,e,1.2325,,0,3,3,0,1,stimuliTAFCfirst/nimnym001.wav,,,,,,,,,,,,,
,,,,,659aafe0ce23a5b8af24f9b1,001,2024-05-30_15h23.08.176,mathesisv2,2024.1.3,MacIntel,59.88023952,,,,,,,,,,,,,,,,,x,,,,,,,,,,,,,,,,,,,,,,,,,,,,,,,,,,,,,,,,,,,,,,,,,,,,,,,,,,,,,,,416.2978,417.3958,e,1.0925,,0,4,4,3,1,stimuliTAFCfirst/nimnym004.wav,,,,,,,,,,,,,
,,,,,659aafe0ce23a5b8af24f9b1,001,2024-05-30_15h23.08.176,mathesisv2,2024.1.3,MacIntel,59.88023952,,,,,,,,,,,,,,,,,y,,,,,,,,,,,,,,,,,,,,,,,,,,,,,,,,,,,,,,,,,,,,,,,,,,,,,,,,,,,,,,,417.396,418.5307,y,1.1227,,0,5,5,4,1,stimuliTAFCfirst/nimnym005.wav,,,,,,,,,,,,,
,,,,,659aafe0ce23a5b8af24f9b1,001,2024-05-30_15h23.08.176,mathesisv2,2024.1.3,MacIntel,59.88023952,,,,,,,,,,,,,,,,,y,,,,,,,,,,,,,,,,,,,,,,,,,,,,,,,,,,,,,,,,,,,,,,,,,,,,,,,,,,,,,,,418.5312,419.5961,y,1.0487,,0,6,6,6,1,stimuliTAFCfirst/nimnym007.wav,,,,,,,,,,,,,
,,,,,659aafe0ce23a5b8af24f9b1,001,2024-05-30_15h23.08.176,mathesisv2,2024.1.3,MacIntel,59.88023952,,,,,,,,,,,,,,,,,y,,,,,,,,,,,,,,,,,,,,,,,,,,,,,,,,,,,,,,,,,,,,,,,,,,,,,,,,,,,,,,,419.5965,420.6298,y,1.0192,,1,0,7,4,1,stimuliTAFCfirst/nimnym005.wav,,,,,,,,,,,,,
,,,,,659aafe0ce23a5b8af24f9b1,001,2024-05-30_15h23.08.176,mathesisv2,2024.1.3,MacIntel,59.88023952,,,,,,,,,,,,,,,,,y,,,,,,,,,,,,,,,,,,,,,,,,,,,,,,,,,,,,,,,,,,,,,,,,,,,,,,,,,,,,,,,420.6303,421.6969,y,1.0548,,1,1,8,5,1,stimuliTAFCfirst/nimnym006.wav,,,,,,,,,,,,,
,,,,,659aafe0ce23a5b8af24f9b1,001,2024-05-30_15h23.08.176,mathesisv2,2024.1.3,MacIntel,59.88023952,,,,,,,,,,,,,,,,,e,,,,,,,,,,,,,,,,,,,,,,,,,,,,,,,,,,,,,,,,,,,,,,,,,,,,,,,,,,,,,,,421.6974,422.8806,e,1.1681,,1,2,9,1,1,stimuliTAFCfirst/nimnym002.wav,,,,,,,,,,,,,
,,,,,659aafe0ce23a5b8af24f9b1,001,2024-05-30_15h23.08.176,mathesisv2,2024.1.3,MacIntel,59.88023952,,,,,,,,,,,,,,,,,e,,,,,,,,,,,,,,,,,,,,,,,,,,,,,,,,,,,,,,,,,,,,,,,,,,,,,,,,,,,,,,,422.8812,424.2802,e,1.3923,,1,3,10,2,1,stimuliTAFCfirst/nimnym003.wav,,,,,,,,,,,,,
,,,,,659aafe0ce23a5b8af24f9b1,001,2024-05-30_15h23.08.176,mathesisv2,2024.1.3,MacIntel,59.88023952,,,,,,,,,,,,,,,,,x,,,,,,,,,,,,,,,,,,,,,,,,,,,,,,,,,,,,,,,,,,,,,,,,,,,,,,,,,,,,,,,424.2804,425.2969,e,1.0103,,1,4,11,3,1,stimuliTAFCfirst/nimnym004.wav,,,,,,,,,,,,,
,,,,,659aafe0ce23a5b8af24f9b1,001,2024-05-30_15h23.08.176,mathesisv2,2024.1.3,MacIntel,59.88023952,,,,,,,,,,,,,,,,,e,,,,,,,,,,,,,,,,,,,,,,,,,,,,,,,,,,,,,,,,,,,,,,,,,,,,,,,,,,,,,,,425.2971,426.6475,e,1.3364,,1,5,12,0,1,stimuliTAFCfirst/nimnym001.wav,,,,,,,,,,,,,
,,,,,659aafe0ce23a5b8af24f9b1,001,2024-05-30_15h23.08.176,mathesisv2,2024.1.3,MacIntel,59.88023952,,,,,,,,,,,,,,,,,y,,,,,,,,,,,,,,,,,,,,,,,,,,,,,,,,,,,,,,,,,,,,,,,,,,,,,,,,,,,,,,,426.6482,427.7141,y,1.049,,1,6,13,6,1,stimuliTAFCfirst/nimnym007.wav,,,,,,,,,,,,,
,,,,,659aafe0ce23a5b8af24f9b1,001,2024-05-30_15h23.08.176,mathesisv2,2024.1.3,MacIntel,59.88023952,,,,,,,,,,,,,,,,,x,427.7144,429.7465,space,2.0141,,,,,,,,,,,,,,,,,,,,,,,,,,,,,,,,,,,,,,,,,,,,,,,,,,,,,,,,,,,,,,,,,,,,,,429.7582,434.5641,y,4.799,,0,0,0,3,1,stimuliTAFCsec/numnym004.wav,,
,,,,,659aafe0ce23a5b8af24f9b1,001,2024-05-30_15h23.08.176,mathesisv2,2024.1.3,MacIntel,59.88023952,,,,,,,,,,,,,,,,,y,,,,,,,,,,,,,,,,,,,,,,,,,,,,,,,,,,,,,,,,,,,,,,,,,,,,,,,,,,,,,,,,,,,,,,,,,,434.5724,436.2976,y,1.7086,,0,1,1,4,1,stimuliTAFCsec/numnym005.wav,,
,,,,,659aafe0ce23a5b8af24f9b1,001,2024-05-30_15h23.08.176,mathesisv2,2024.1.3,MacIntel,59.88023952,,,,,,,,,,,,,,,,,u,,,,,,,,,,,,,,,,,,,,,,,,,,,,,,,,,,,,,,,,,,,,,,,,,,,,,,,,,,,,,,,,,,,,,,,,,,436.2982,437.6476,u,1.3329,,0,2,2,2,1,stimuliTAFCsec/numnym003.wav,,
,,,,,659aafe0ce23a5b8af24f9b1,001,2024-05-30_15h23.08.176,mathesisv2,2024.1.3,MacIntel,59.88023952,,,,,,,,,,,,,,,,,u,,,,,,,,,,,,,,,,,,,,,,,,,,,,,,,,,,,,,,,,,,,,,,,,,,,,,,,,,,,,,,,,,,,,,,,,,,437.6482,439.4476,u,1.7868,,0,3,3,1,1,stimuliTAFCsec/numnym002.wav,,
,,,,,659aafe0ce23a5b8af24f9b1,001,2024-05-30_15h23.08.176,mathesisv2,2024.1.3,MacIntel,59.88023952,,,,,,,,,,,,,,,,,y,,,,,,,,,,,,,,,,,,,,,,,,,,,,,,,,,,,,,,,,,,,,,,,,,,,,,,,,,,,,,,,,,,,,,,,,,,439.4483,441.1972,u,1.7442,,0,4,4,6,1,stimuliTAFCsec/numnym007.wav,,
,,,,,659aafe0ce23a5b8af24f9b1,001,2024-05-30_15h23.08.176,mathesisv2,2024.1.3,MacIntel,59.88023952,,,,,,,,,,,,,,,,,u,,,,,,,,,,,,,,,,,,,,,,,,,,,,,,,,,,,,,,,,,,,,,,,,,,,,,,,,,,,,,,,,,,,,,,,,,,441.1974,442.1143,y,0.9039,,0,5,5,0,1,stimuliTAFCsec/numnym001.wav,,
,,,,,659aafe0ce23a5b8af24f9b1,001,2024-05-30_15h23.08.176,mathesisv2,2024.1.3,MacIntel,59.88023952,,,,,,,,,,,,,,,,,y,,,,,,,,,,,,,,,,,,,,,,,,,,,,,,,,,,,,,,,,,,,,,,,,,,,,,,,,,,,,,,,,,,,,,,,,,,442.115,442.9144,u,0.7832,,0,6,6,5,1,stimuliTAFCsec/numnym006.wav,,
,,,,,659aafe0ce23a5b8af24f9b1,001,2024-05-30_15h23.08.176,mathesisv2,2024.1.3,MacIntel,59.88023952,,,,,,,,,,,,,,,,,x,,,,,,,,,,,,,,,,,,,,,,,,,,,,,,,,,,,,,,,,,,,,,,,,,,,,,,,,,,,,,,,,,,,,,,,,,,442.9151,443.6976,y,0.7771,,1,0,7,3,1,stimuliTAFCsec/numnym004.wav,,
,,,,,659aafe0ce23a5b8af24f9b1,001,2024-05-30_15h23.08.176,mathesisv2,2024.1.3,MacIntel,59.88023952,,,,,,,,,,,,,,,,,u,,,,,,,,,,,,,,,,,,,,,,,,,,,,,,,,,,,,,,,,,,,,,,,,,,,,,,,,,,,,,,,,,,,,,,,,,,443.698,444.9646,u,1.2503,,1,1,8,0,1,stimuliTAFCsec/numnym001.wav,,
,,,,,659aafe0ce23a5b8af24f9b1,001,2024-05-30_15h23.08.176,mathesisv2,2024.1.3,MacIntel,59.88023952,,,,,,,,,,,,,,,,,u,,,,,,,,,,,,,,,,,,,,,,,,,,,,,,,,,,,,,,,,,,,,,,,,,,,,,,,,,,,,,,,,,,,,,,,,,,444.9652,445.9967,u,1.0155,,1,2,9,1,1,stimuliTAFCsec/numnym002.wav,,
,,,,,659aafe0ce23a5b8af24f9b1,001,2024-05-30_15h23.08.176,mathesisv2,2024.1.3,MacIntel,59.88023952,,,,,,,,,,,,,,,,,y,,,,,,,,,,,,,,,,,,,,,,,,,,,,,,,,,,,,,,,,,,,,,,,,,,,,,,,,,,,,,,,,,,,,,,,,,,445.9973,447.0477,y,1.0338,,1,3,10,4,1,stimuliTAFCsec/numnym005.wav,,
,,,,,659aafe0ce23a5b8af24f9b1,001,2024-05-30_15h23.08.176,mathesisv2,2024.1.3,MacIntel,59.88023952,,,,,,,,,,,,,,,,,u,,,,,,,,,,,,,,,,,,,,,,,,,,,,,,,,,,,,,,,,,,,,,,,,,,,,,,,,,,,,,,,,,,,,,,,,,,447.0482,448.0976,u,1.0444,,1,4,11,2,1,stimuliTAFCsec/numnym003.wav,,
,,,,,659aafe0ce23a5b8af24f9b1,001,2024-05-30_15h23.08.176,mathesisv2,2024.1.3,MacIntel,59.88023952,,,,,,,,,,,,,,,,,y,,,,,,,,,,,,,,,,,,,,,,,,,,,,,,,,,,,,,,,,,,,,,,,,,,,,,,,,,,,,,,,,,,,,,,,,,,448.0984,449.5645,y,1.4495,,1,5,12,5,1,stimuliTAFCsec/numnym006.wav,,
,,,,,659aafe0ce23a5b8af24f9b1,001,2024-05-30_15h23.08.176,mathesisv2,2024.1.3,MacIntel,59.88023952,,,,,,,,,,,,,,,,,y,,,,,,,,,,,,,,,,,,,,,,,,,,,,,,,,,,,,,,,,,,,,,,,,,,,,,,,,,,,,,,,,,,,,,,,,,,449.5652,450.998,y,1.428,,1,6,13,6,1,stimuliTAFCsec/numnym007.wav,,
,,,,,659aafe0ce23a5b8af24f9b1,001,2024-05-30_15h23.08.176,mathesisv2,2024.1.3,MacIntel,59.88023952,,,,,,,,,,,,,,,,,y,,,,,,,,,,,,,,,,,,,,,,,,,,450.9981,452.9808,space,1.9758,,,,,,,,,,,,,,,,,,,,,,,,,,,,,,,,,,452.99,455.5813,y,2.5774,,0,0,0,6,1,stimuliTAFCfirst/nimnym007.wav,,,,,,,,,,,,,
,,,,,659aafe0ce23a5b8af24f9b1,001,2024-05-30_15h23.08.176,mathesisv2,2024.1.3,MacIntel,59.88023952,,,,,,,,,,,,,,,,,y,,,,,,,,,,,,,,,,,,,,,,,,,,,,,,,,,,,,,,,,,,,,,,,,,,,,,,,,,,,,,,,455.5915,458.2803,y,2.6752,,0,1,1,5,1,stimuliTAFCfirst/nimnym006.wav,,,,,,,,,,,,,
,,,,,659aafe0ce23a5b8af24f9b1,001,2024-05-30_15h23.08.176,mathesisv2,2024.1.3,MacIntel,59.88023952,,,,,,,,,,,,,,,,,e,,,,,,,,,,,,,,,,,,,,,,,,,,,,,,,,,,,,,,,,,,,,,,,,,,,,,,,,,,,,,,,458.2809,459.2645,e,0.9673,,0,2,2,0,1,stimuliTAFCfirst/nimnym001.wav,,,,,,,,,,,,,
,,,,,659aafe0ce23a5b8af24f9b1,001,2024-05-30_15h23.08.176,mathesisv2,2024.1.3,MacIntel,59.88023952,,,,,,,,,,,,,,,,,y,,,,,,,,,,,,,,,,,,,,,,,,,,,,,,,,,,,,,,,,,,,,,,,,,,,,,,,,,,,,,,,459.2651,460.2637,y,0.9833,,0,3,3,4,1,stimuliTAFCfirst/nimnym005.wav,,,,,,,,,,,,,
,,,,,659aafe0ce23a5b8af24f9b1,001,2024-05-30_15h23.08.176,mathesisv2,2024.1.3,MacIntel,59.88023952,,,,,,,,,,,,,,,,,x,,,,,,,,,,,,,,,,,,,,,,,,,,,,,,,,,,,,,,,,,,,,,,,,,,,,,,,,,,,,,,,460.2642,461.1978,y,0.9167,,0,4,4,3,1,stimuliTAFCfirst/nimnym004.wav,,,,,,,,,,,,,
,,,,,659aafe0ce23a5b8af24f9b1,001,2024-05-30_15h23.08.176,mathesisv2,2024.1.3,MacIntel,59.88023952,,,,,,,,,,,,,,,,,e,,,,,,,,,,,,,,,,,,,,,,,,,,,,,,,,,,,,,,,,,,,,,,,,,,,,,,,,,,,,,,,461.1984,462.247,e,1.0317,,0,5,5,2,1,stimuliTAFCfirst/nimnym003.wav,,,,,,,,,,,,,
,,,,,659aafe0ce23a5b8af24f9b1,001,2024-05-30_15h23.08.176,mathesisv2,2024.1.3,MacIntel,59.88023952,,,,,,,,,,,,,,,,,e,,,,,,,,,,,,,,,,,,,,,,,,,,,,,,,,,,,,,,,,,,,,,,,,,,,,,,,,,,,,,,,462.2475,463.2646,e,1.0019,,0,6,6,1,1,stimuliTAFCfirst/nimnym002.wav,,,,,,,,,,,,,
,,,,,659aafe0ce23a5b8af24f9b1,001,2024-05-30_15h23.08.176,mathesisv2,2024.1.3,MacIntel,59.88023952,,,,,,,,,,,,,,,,,x,,,,,,,,,,,,,,,,,,,,,,,,,,,,,,,,,,,,,,,,,,,,,,,,,,,,,,,,,,,,,,,463.2652,464.5646,e,1.2828,,1,0,7,3,1,stimuliTAFCfirst/nimnym004.wav,,,,,,,,,,,,,
,,,,,659aafe0ce23a5b8af24f9b1,001,2024-05-30_15h23.08.176,mathesisv2,2024.1.3,MacIntel,59.88023952,,,,,,,,,,,,,,,,,y,,,,,,,,,,,,,,,,,,,,,,,,,,,,,,,,,,,,,,,,,,,,,,,,,,,,,,,,,,,,,,,464.5652,465.8647,y,1.283,,1,1,8,6,1,stimuliTAFCfirst/nimnym007.wav,,,,,,,,,,,,,
,,,,,659aafe0ce23a5b8af24f9b1,001,2024-05-30_15h23.08.176,mathesisv2,2024.1.3,MacIntel,59.88023952,,,,,,,,,,,,,,,,,y,,,,,,,,,,,,,,,,,,,,,,,,,,,,,,,,,,,,,,,,,,,,,,,,,,,,,,,,,,,,,,,465.8652,466.9308,y,1.0512,,1,2,9,5,1,stimuliTAFCfirst/nimnym006.wav,,,,,,,,,,,,,
,,,,,659aafe0ce23a5b8af24f9b1,001,2024-05-30_15h23.08.176,mathesisv2,2024.1.3,MacIntel,59.88023952,,,,,,,,,,,,,,,,,y,,,,,,,,,,,,,,,,,,,,,,,,,,,,,,,,,,,,,,,,,,,,,,,,,,,,,,,,,,,,,,,466.9314,467.8981,y,0.9507,,1,3,10,4,1,stimuliTAFCfirst/nimnym005.wav,,,,,,,,,,,,,
,,,,,659aafe0ce23a5b8af24f9b1,001,2024-05-30_15h23.08.176,mathesisv2,2024.1.3,MacIntel,59.88023952,,,,,,,,,,,,,,,,,e,,,,,,,,,,,,,,,,,,,,,,,,,,,,,,,,,,,,,,,,,,,,,,,,,,,,,,,,,,,,,,,467.8986,468.8314,y,0.9161,,1,4,11,2,1,stimuliTAFCfirst/nimnym003.wav,,,,,,,,,,,,,
,,,,,659aafe0ce23a5b8af24f9b1,001,2024-05-30_15h23.08.176,mathesisv2,2024.1.3,MacIntel,59.88023952,,,,,,,,,,,,,,,,,e,,,,,,,,,,,,,,,,,,,,,,,,,,,,,,,,,,,,,,,,,,,,,,,,,,,,,,,,,,,,,,,468.8319,469.9146,e,1.0669,,1,5,12,1,1,stimuliTAFCfirst/nimnym002.wav,,,,,,,,,,,,,
,,,,,659aafe0ce23a5b8af24f9b1,001,2024-05-30_15h23.08.176,mathesisv2,2024.1.3,MacIntel,59.88023952,,,,,,,,,,,,,,,,,e,,,,,,,,,,,,,,,,,,,,,,,,,,,,,,,,,,,,,,,,,,,,,,,,,,,,,,,,,,,,,,,469.915,470.8813,e,0.961,,1,6,13,0,1,stimuliTAFCfirst/nimnym001.wav,,,,,,,,,,,,,
,,,,,659aafe0ce23a5b8af24f9b1,001,2024-05-30_15h23.08.176,mathesisv2,2024.1.3,MacIntel,59.88023952,,,,,,,,,,,,,,,,,u,470.8815,472.3981,space,1.5015,,,,,,,,,,,,,,,,,,,,,,,,,,,,,,,,,,,,,,,,,,,,,,,,,,,,,,,,,,,,,,,,,,,,,,472.4092,475.3482,u,2.9226,,0,0,0,0,1,stimuliTAFCsec/numnym001.wav,,
,,,,,659aafe0ce23a5b8af24f9b1,001,2024-05-30_15h23.08.176,mathesisv2,2024.1.3,MacIntel,59.88023952,,,,,,,,,,,,,,,,,u,,,,,,,,,,,,,,,,,,,,,,,,,,,,,,,,,,,,,,,,,,,,,,,,,,,,,,,,,,,,,,,,,,,,,,,,,,475.3584,476.4315,u,1.056,,0,1,1,1,1,stimuliTAFCsec/numnym002.wav,,
,,,,,659aafe0ce23a5b8af24f9b1,001,2024-05-30_15h23.08.176,mathesisv2,2024.1.3,MacIntel,59.88023952,,,,,,,,,,,,,,,,,y,,,,,,,,,,,,,,,,,,,,,,,,,,,,,,,,,,,,,,,,,,,,,,,,,,,,,,,,,,,,,,,,,,,,,,,,,,476.4322,477.5316,y,1.0856,,0,2,2,6,1,stimuliTAFCsec/numnym007.wav,,
,,,,,659aafe0ce23a5b8af24f9b1,001,2024-05-30_15h23.08.176,mathesisv2,2024.1.3,MacIntel,59.88023952,,,,,,,,,,,,,,,,,y,,,,,,,,,,,,,,,,,,,,,,,,,,,,,,,,,,,,,,,,,,,,,,,,,,,,,,,,,,,,,,,,,,,,,,,,,,477.5322,478.6983,y,1.1485,,0,3,3,5,1,stimuliTAFCsec/numnym006.wav,,
,,,,,659aafe0ce23a5b8af24f9b1,001,2024-05-30_15h23.08.176,mathesisv2,2024.1.3,MacIntel,59.88023952,,,,,,,,,,,,,,,,,u,,,,,,,,,,,,,,,,,,,,,,,,,,,,,,,,,,,,,,,,,,,,,,,,,,,,,,,,,,,,,,,,,,,,,,,,,,478.6988,479.748,u,1.0319,,0,4,4,2,1,stimuliTAFCsec/numnym003.wav,,
,,,,,659aafe0ce23a5b8af24f9b1,001,2024-05-30_15h23.08.176,mathesisv2,2024.1.3,MacIntel,59.88023952,,,,,,,,,,,,,,,,,x,,,,,,,,,,,,,,,,,,,,,,,,,,,,,,,,,,,,,,,,,,,,,,,,,,,,,,,,,,,,,,,,,,,,,,,,,,479.7484,480.7817,u,1.0166,,0,5,5,3,1,stimuliTAFCsec/numnym004.wav,,
,,,,,659aafe0ce23a5b8af24f9b1,001,2024-05-30_15h23.08.176,mathesisv2,2024.1.3,MacIntel,59.88023952,,,,,,,,,,,,,,,,,y,,,,,,,,,,,,,,,,,,,,,,,,,,,,,,,,,,,,,,,,,,,,,,,,,,,,,,,,,,,,,,,,,,,,,,,,,,480.7824,481.9135,y,1.119,,0,6,6,4,1,stimuliTAFCsec/numnym005.wav,,
,,,,,659aafe0ce23a5b8af24f9b1,001,2024-05-30_15h23.08.176,mathesisv2,2024.1.3,MacIntel,59.88023952,,,,,,,,,,,,,,,,,y,,,,,,,,,,,,,,,,,,,,,,,,,,,,,,,,,,,,,,,,,,,,,,,,,,,,,,,,,,,,,,,,,,,,,,,,,,481.9138,483.4314,y,1.5028,,1,0,7,4,1,stimuliTAFCsec/numnym005.wav,,
,,,,,659aafe0ce23a5b8af24f9b1,001,2024-05-30_15h23.08.176,mathesisv2,2024.1.3,MacIntel,59.88023952,,,,,,,,,,,,,,,,,y,,,,,,,,,,,,,,,,,,,,,,,,,,,,,,,,,,,,,,,,,,,,,,,,,,,,,,,,,,,,,,,,,,,,,,,,,,483.432,484.5485,y,1.1001,,1,1,8,5,1,stimuliTAFCsec/numnym006.wav,,
,,,,,659aafe0ce23a5b8af24f9b1,001,2024-05-30_15h23.08.176,mathesisv2,2024.1.3,MacIntel,59.88023952,,,,,,,,,,,,,,,,,u,,,,,,,,,,,,,,,,,,,,,,,,,,,,,,,,,,,,,,,,,,,,,,,,,,,,,,,,,,,,,,,,,,,,,,,,,,484.5492,485.5315,u,0.9674,,1,2,9,1,1,stimuliTAFCsec/numnym002.wav,,
,,,,,659aafe0ce23a5b8af24f9b1,001,2024-05-30_15h23.08.176,mathesisv2,2024.1.3,MacIntel,59.88023952,,,,,,,,,,,,,,,,,y,,,,,,,,,,,,,,,,,,,,,,,,,,,,,,,,,,,,,,,,,,,,,,,,,,,,,,,,,,,,,,,,,,,,,,,,,,485.532,486.615,y,1.0673,,1,3,10,6,1,stimuliTAFCsec/numnym007.wav,,
,,,,,659aafe0ce23a5b8af24f9b1,001,2024-05-30_15h23.08.176,mathesisv2,2024.1.3,MacIntel,59.88023952,,,,,,,,,,,,,,,,,u,,,,,,,,,,,,,,,,,,,,,,,,,,,,,,,,,,,,,,,,,,,,,,,,,,,,,,,,,,,,,,,,,,,,,,,,,,486.6155,487.5983,u,0.966,,1,4,11,2,1,stimuliTAFCsec/numnym003.wav,,
,,,,,659aafe0ce23a5b8af24f9b1,001,2024-05-30_15h23.08.176,mathesisv2,2024.1.3,MacIntel,59.88023952,,,,,,,,,,,,,,,,,x,,,,,,,,,,,,,,,,,,,,,,,,,,,,,,,,,,,,,,,,,,,,,,,,,,,,,,,,,,,,,,,,,,,,,,,,,,487.5989,488.615,u,0.9993,,1,5,12,3,1,stimuliTAFCsec/numnym004.wav,,
,,,,,659aafe0ce23a5b8af24f9b1,001,2024-05-30_15h23.08.176,mathesisv2,2024.1.3,MacIntel,59.88023952,,,,,,,,,,,,,,,,,u,,,,,,,,,,,,,,,,,,,,,,,,,,,,,,,,,,,,,,,,,,,,,,,,,,,,,,,,,,,,,,,,,,,,,,,,,,488.6157,489.8648,u,1.2437,,1,6,13,0,1,stimuliTAFCsec/numnym001.wav,,
,,,,,659aafe0ce23a5b8af24f9b1,001,2024-05-30_15h23.08.176,mathesisv2,2024.1.3,MacIntel,59.88023952,,,,,,,,,,,,,,,,,e,,,,,,,,,,,,,,,,,,,,,,,,,,489.8651,490.9153,space,1.032,,,,,,,,,,,,,,,,,,,,,,,,,,,,,,,,,,490.9213,493.665,e,2.729,,0,0,0,2,1,stimuliTAFCfirst/nimnym003.wav,,,,,,,,,,,,,
,,,,,659aafe0ce23a5b8af24f9b1,001,2024-05-30_15h23.08.176,mathesisv2,2024.1.3,MacIntel,59.88023952,,,,,,,,,,,,,,,,,y,,,,,,,,,,,,,,,,,,,,,,,,,,,,,,,,,,,,,,,,,,,,,,,,,,,,,,,,,,,,,,,493.676,494.7485,y,1.0547,,0,1,1,5,1,stimuliTAFCfirst/nimnym006.wav,,,,,,,,,,,,,
,,,,,659aafe0ce23a5b8af24f9b1,001,2024-05-30_15h23.08.176,mathesisv2,2024.1.3,MacIntel,59.88023952,,,,,,,,,,,,,,,,,e,,,,,,,,,,,,,,,,,,,,,,,,,,,,,,,,,,,,,,,,,,,,,,,,,,,,,,,,,,,,,,,494.7493,496.1318,e,1.366,,0,2,2,0,1,stimuliTAFCfirst/nimnym001.wav,,,,,,,,,,,,,
,,,,,659aafe0ce23a5b8af24f9b1,001,2024-05-30_15h23.08.176,mathesisv2,2024.1.3,MacIntel,59.88023952,,,,,,,,,,,,,,,,,y,,,,,,,,,,,,,,,,,,,,,,,,,,,,,,,,,,,,,,,,,,,,,,,,,,,,,,,,,,,,,,,496.1324,497.198,y,1.0499,,0,3,3,4,1,stimuliTAFCfirst/nimnym005.wav,,,,,,,,,,,,,
,,,,,659aafe0ce23a5b8af24f9b1,001,2024-05-30_15h23.08.176,mathesisv2,2024.1.3,MacIntel,59.88023952,,,,,,,,,,,,,,,,,e,,,,,,,,,,,,,,,,,,,,,,,,,,,,,,,,,,,,,,,,,,,,,,,,,,,,,,,,,,,,,,,497.1986,498.1651,y,0.9499,,0,4,4,1,1,stimuliTAFCfirst/nimnym002.wav,,,,,,,,,,,,,
,,,,,659aafe0ce23a5b8af24f9b1,001,2024-05-30_15h23.08.176,mathesisv2,2024.1.3,MacIntel,59.88023952,,,,,,,,,,,,,,,,,x,,,,,,,,,,,,,,,,,,,,,,,,,,,,,,,,,,,,,,,,,,,,,,,,,,,,,,,,,,,,,,,498.1658,499.7984,y,1.6277,,0,5,5,3,1,stimuliTAFCfirst/nimnym004.wav,,,,,,,,,,,,,
,,,,,659aafe0ce23a5b8af24f9b1,001,2024-05-30_15h23.08.176,mathesisv2,2024.1.3,MacIntel,59.88023952,,,,,,,,,,,,,,,,,y,,,,,,,,,,,,,,,,,,,,,,,,,,,,,,,,,,,,,,,,,,,,,,,,,,,,,,,,,,,,,,,499.7989,500.9484,y,1.1451,,0,6,6,6,1,stimuliTAFCfirst/nimnym007.wav,,,,,,,,,,,,,
,,,,,659aafe0ce23a5b8af24f9b1,001,2024-05-30_15h23.08.176,mathesisv2,2024.1.3,MacIntel,59.88023952,,,,,,,,,,,,,,,,,x,,,,,,,,,,,,,,,,,,,,,,,,,,,,,,,,,,,,,,,,,,,,,,,,,,,,,,,,,,,,,,,500.949,501.9319,y,0.9666,,1,0,7,3,1,stimuliTAFCfirst/nimnym004.wav,,,,,,,,,,,,,
,,,,,659aafe0ce23a5b8af24f9b1,001,2024-05-30_15h23.08.176,mathesisv2,2024.1.3,MacIntel,59.88023952,,,,,,,,,,,,,,,,,y,,,,,,,,,,,,,,,,,,,,,,,,,,,,,,,,,,,,,,,,,,,,,,,,,,,,,,,,,,,,,,,501.9325,502.8651,y,0.9165,,1,1,8,5,1,stimuliTAFCfirst/nimnym006.wav,,,,,,,,,,,,,
,,,,,659aafe0ce23a5b8af24f9b1,001,2024-05-30_15h23.08.176,mathesisv2,2024.1.3,MacIntel,59.88023952,,,,,,,,,,,,,,,,,e,,,,,,,,,,,,,,,,,,,,,,,,,,,,,,,,,,,,,,,,,,,,,,,,,,,,,,,,,,,,,,,502.8656,503.8478,e,0.9641,,1,2,9,1,1,stimuliTAFCfirst/nimnym002.wav,,,,,,,,,,,,,
,,,,,659aafe0ce23a5b8af24f9b1,001,2024-05-30_15h23.08.176,mathesisv2,2024.1.3,MacIntel,59.88023952,,,,,,,,,,,,,,,,,e,,,,,,,,,,,,,,,,,,,,,,,,,,,,,,,,,,,,,,,,,,,,,,,,,,,,,,,,,,,,,,,503.848,504.715,e,0.8627,,1,3,10,0,1,stimuliTAFCfirst/nimnym001.wav,,,,,,,,,,,,,
,,,,,659aafe0ce23a5b8af24f9b1,001,2024-05-30_15h23.08.176,mathesisv2,2024.1.3,MacIntel,59.88023952,,,,,,,,,,,,,,,,,e,,,,,,,,,,,,,,,,,,,,,,,,,,,,,,,,,,,,,,,,,,,,,,,,,,,,,,,,,,,,,,,504.7154,505.582,e,0.8505,,1,4,11,2,1,stimuliTAFCfirst/nimnym003.wav,,,,,,,,,,,,,
,,,,,659aafe0ce23a5b8af24f9b1,001,2024-05-30_15h23.08.176,mathesisv2,2024.1.3,MacIntel,59.88023952,,,,,,,,,,,,,,,,,y,,,,,,,,,,,,,,,,,,,,,,,,,,,,,,,,,,,,,,,,,,,,,,,,,,,,,,,,,,,,,,,505.5828,506.6818,y,1.0842,,1,5,12,4,1,stimuliTAFCfirst/nimnym005.wav,,,,,,,,,,,,,
,,,,,659aafe0ce23a5b8af24f9b1,001,2024-05-30_15h23.08.176,mathesisv2,2024.1.3,MacIntel,59.88023952,,,,,,,,,,,,,,,,,y,,,,,,,,,,,,,,,,,,,,,,,,,,,,,,,,,,,,,,,,,,,,,,,,,,,,,,,,,,,,,,,506.6824,507.6819,y,0.9831,,1,6,13,6,1,stimuliTAFCfirst/nimnym007.wav,,,,,,,,,,,,,
,,,,,659aafe0ce23a5b8af24f9b1,001,2024-05-30_15h23.08.176,mathesisv2,2024.1.3,MacIntel,59.88023952,,,,,,,,,,,,,,,,,u,507.6822,509.8488,space,2.1491,,,,,,,,,,,,,,,,,,,,,,,,,,,,,,,,,,,,,,,,,,,,,,,,,,,,,,,,,,,,,,,,,,,,,,509.8604,511.3821,u,1.505,,0,0,0,2,1,stimuliTAFCsec/numnym003.wav,,
,,,,,659aafe0ce23a5b8af24f9b1,001,2024-05-30_15h23.08.176,mathesisv2,2024.1.3,MacIntel,59.88023952,,,,,,,,,,,,,,,,,x,,,,,,,,,,,,,,,,,,,,,,,,,,,,,,,,,,,,,,,,,,,,,,,,,,,,,,,,,,,,,,,,,,,,,,,,,,511.3831,514.0651,y,2.6763,,0,1,1,3,1,stimuliTAFCsec/numnym004.wav,,
,,,,,659aafe0ce23a5b8af24f9b1,001,2024-05-30_15h23.08.176,mathesisv2,2024.1.3,MacIntel,59.88023952,,,,,,,,,,,,,,,,,u,,,,,,,,,,,,,,,,,,,,,,,,,,,,,,,,,,,,,,,,,,,,,,,,,,,,,,,,,,,,,,,,,,,,,,,,,,514.0655,516.2487,u,2.1667,,0,2,2,1,1,stimuliTAFCsec/numnym002.wav,,
,,,,,659aafe0ce23a5b8af24f9b1,001,2024-05-30_15h23.08.176,mathesisv2,2024.1.3,MacIntel,59.88023952,,,,,,,,,,,,,,,,,u,,,,,,,,,,,,,,,,,,,,,,,,,,,,,,,,,,,,,,,,,,,,,,,,,,,,,,,,,,,,,,,,,,,,,,,,,,516.2492,517.2487,u,0.9834,,0,3,3,0,1,stimuliTAFCsec/numnym001.wav,,
,,,,,659aafe0ce23a5b8af24f9b1,001,2024-05-30_15h23.08.176,mathesisv2,2024.1.3,MacIntel,59.88023952,,,,,,,,,,,,,,,,,y,,,,,,,,,,,,,,,,,,,,,,,,,,,,,,,,,,,,,,,,,,,,,,,,,,,,,,,,,,,,,,,,,,,,,,,,,,517.2495,518.3154,y,1.0477,,0,4,4,4,1,stimuliTAFCsec/numnym005.wav,,
,,,,,659aafe0ce23a5b8af24f9b1,001,2024-05-30_15h23.08.176,mathesisv2,2024.1.3,MacIntel,59.88023952,,,,,,,,,,,,,,,,,y,,,,,,,,,,,,,,,,,,,,,,,,,,,,,,,,,,,,,,,,,,,,,,,,,,,,,,,,,,,,,,,,,,,,,,,,,,518.3161,519.4153,y,1.0838,,0,5,5,6,1,stimuliTAFCsec/numnym007.wav,,
,,,,,659aafe0ce23a5b8af24f9b1,001,2024-05-30_15h23.08.176,mathesisv2,2024.1.3,MacIntel,59.88023952,,,,,,,,,,,,,,,,,y,,,,,,,,,,,,,,,,,,,,,,,,,,,,,,,,,,,,,,,,,,,,,,,,,,,,,,,,,,,,,,,,,,,,,,,,,,519.4159,520.3985,y,0.9762,,0,6,6,5,1,stimuliTAFCsec/numnym006.wav,,
,,,,,659aafe0ce23a5b8af24f9b1,001,2024-05-30_15h23.08.176,mathesisv2,2024.1.3,MacIntel,59.88023952,,,,,,,,,,,,,,,,,u,,,,,,,,,,,,,,,,,,,,,,,,,,,,,,,,,,,,,,,,,,,,,,,,,,,,,,,,,,,,,,,,,,,,,,,,,,520.3991,521.4316,u,1.0272,,1,0,7,2,1,stimuliTAFCsec/numnym003.wav,,
,,,,,659aafe0ce23a5b8af24f9b1,001,2024-05-30_15h23.08.176,mathesisv2,2024.1.3,MacIntel,59.88023952,,,,,,,,,,,,,,,,,u,,,,,,,,,,,,,,,,,,,,,,,,,,,,,,,,,,,,,,,,,,,,,,,,,,,,,,,,,,,,,,,,,,,,,,,,,,521.4321,522.8152,u,1.3654,,1,1,8,0,1,stimuliTAFCsec/numnym001.wav,,
,,,,,659aafe0ce23a5b8af24f9b1,001,2024-05-30_15h23.08.176,mathesisv2,2024.1.3,MacIntel,59.88023952,,,,,,,,,,,,,,,,,y,,,,,,,,,,,,,,,,,,,,,,,,,,,,,,,,,,,,,,,,,,,,,,,,,,,,,,,,,,,,,,,,,,,,,,,,,,522.8155,523.882,y,1.0619,,1,2,9,4,1,stimuliTAFCsec/numnym005.wav,,
,,,,,659aafe0ce23a5b8af24f9b1,001,2024-05-30_15h23.08.176,mathesisv2,2024.1.3,MacIntel,59.88023952,,,,,,,,,,,,,,,,,u,,,,,,,,,,,,,,,,,,,,,,,,,,,,,,,,,,,,,,,,,,,,,,,,,,,,,,,,,,,,,,,,,,,,,,,,,,523.8824,524.9979,u,1.0998,,1,3,10,1,1,stimuliTAFCsec/numnym002.wav,,
,,,,,659aafe0ce23a5b8af24f9b1,001,2024-05-30_15h23.08.176,mathesisv2,2024.1.3,MacIntel,59.88023952,,,,,,,,,,,,,,,,,x,,,,,,,,,,,,,,,,,,,,,,,,,,,,,,,,,,,,,,,,,,,,,,,,,,,,,,,,,,,,,,,,,,,,,,,,,,524.9983,526.1323,y,1.119,,1,4,11,3,1,stimuliTAFCsec/numnym004.wav,,
,,,,,659aafe0ce23a5b8af24f9b1,001,2024-05-30_15h23.08.176,mathesisv2,2024.1.3,MacIntel,59.88023952,,,,,,,,,,,,,,,,,y,,,,,,,,,,,,,,,,,,,,,,,,,,,,,,,,,,,,,,,,,,,,,,,,,,,,,,,,,,,,,,,,,,,,,,,,,,526.133,527.5146,y,1.3655,,1,5,12,5,1,stimuliTAFCsec/numnym006.wav,,
,,,,,659aafe0ce23a5b8af24f9b1,001,2024-05-30_15h23.08.176,mathesisv2,2024.1.3,MacIntel,59.88023952,,,,,,,,,,,,,,,,,y,,,,,,,,,,,,,,,,,,,,,,,,,,,,,,,,,,,,,,,,,,,,,,,,,,,,,,,,,,,,,,,,,,,,,,,,,,527.5152,528.5823,y,1.0505,,1,6,13,6,1,stimuliTAFCsec/numnym007.wav,,
,,,,,659aafe0ce23a5b8af24f9b1,001,2024-05-30_15h23.08.176,mathesisv2,2024.1.3,MacIntel,59.88023952,,,,,,,,,,,,,,,,,,,,,,,,,,,,,,,,,,,,,,,,,,,528.5825,529.616,space,1.0255,,,,,,,,,,,,,,,,,,,,,,,,,,,,,,,,,,,,,,,,,,,,,,,,,,,,,,,,529.6168,534.6162
