﻿start.started,start.stopped,startkey_resp.keys,startkey_resp.rt,startkey_resp.duration,participant,session,date,expName,psychopyVersion,OS,frameRate,attention.started,attention.stopped,key_resp.keys,key_resp.rt,key_resp.duration,stimuliAXBmix.started,stimuliAXBmix.stopped,stimuliAXBkey_resp.keys,stimuliAXBkey_resp.rt,stimuliAXBkey_resp.duration,stimuliAXBtesttrials.thisRepN,stimuliAXBtesttrials.thisTrialN,stimuliAXBtesttrials.thisN,stimuliAXBtesttrials.thisIndex,stimuliAXBtesttrials.ran,stimuliAXBmix,Correct,attentionsecond.started,attentionsecond.stopped,attentionsecondkey_resp.keys,attentionsecondkey_resp.rt,attentionsecondkey_resp.duration,instAXBreal.started,instAXBreal.stopped,instAXBrealkey_resp.keys,instAXBrealkey_resp.rt,instAXBrealkey_resp.duration,stimuliAXBmixfirst.thisRepN,stimuliAXBmixfirst.thisTrialN,stimuliAXBmixfirst.thisN,stimuliAXBmixfirst.thisIndex,stimuliAXBmixfirst.ran,attentionfirst.started,attentionfirst.stopped,attentionfirstkey_resp.keys,attentionfirstkey_resp.rt,attentionfirstkey_resp.duration,stimuliAXbmixsec.thisRepN,stimuliAXbmixsec.thisTrialN,stimuliAXbmixsec.thisN,stimuliAXbmixsec.thisIndex,stimuliAXbmixsec.ran,kaffeepause.started,kaffeepause.stopped,kaffeepausekey_resp.keys,kaffeepausekey_resp.rt,kaffeepausekey_resp.duration,instTAFCtest.started,instTAFCtest.stopped,instTAFCtestkey_resp.keys,instTAFCtestkey_resp.rt,instTAFCtestkey_resp.duration,testTAFCmixfirst.started,testTAFCmixfirst.stopped,testTAFCmixfirstkey_resp.keys,testTAFCmixfirstkey_resp.rt,testTAFCmixfirstkey_resp.duration,testTAFCmixfirsttrials.thisRepN,testTAFCmixfirsttrials.thisTrialN,testTAFCmixfirsttrials.thisN,testTAFCmixfirsttrials.thisIndex,testTAFCmixfirsttrials.ran,testTAFCmixfirst,testTAFCmixsec.started,testTAFCmixsec.stopped,testTAFCmixseckey_resp.keys,testTAFCmixseckey_resp.rt,testTAFCmixseckey_resp.duration,testTAFCmixsectrials.thisRepN,testTAFCmixsectrials.thisTrialN,testTAFCmixsectrials.thisN,testTAFCmixsectrials.thisIndex,testTAFCmixsectrials.ran,testTAFCmixsec,instTAFCreal.started,instTAFCreal.stopped,instTAFCrealkey_resp.keys,instTAFCrealkey_resp.rt,instTAFCrealkey_resp.duration,stimuliTAFCfirst.started,stimuliTAFCfirst.stopped,stimuliTAFCfirstkey_resp.keys,stimuliTAFCfirstkey_resp.rt,stimuliTAFCfirstkey_resp.duration,stimuliTAFCfirsttrials.thisRepN,stimuliTAFCfirsttrials.thisTrialN,stimuliTAFCfirsttrials.thisN,stimuliTAFCfirsttrials.thisIndex,stimuliTAFCfirsttrials.ran,stimuliTAFCfirst,stimuliTAFCsec.started,stimuliTAFCsec.stopped,stimuliTAFCseckey_resp.keys,stimuliTAFCseckey_resp.rt,stimuliTAFCseckey_resp.duration,stimuliTAFCsectrials.thisRepN,stimuliTAFCsectrials.thisTrialN,stimuliTAFCsectrials.thisN,stimuliTAFCsectrials.thisIndex,stimuliTAFCsectrials.ran,stimuliTAFCsec,end.started,end.stopped
0.0004,8.6277,space,8.5879,,600562,001,2024-05-24_09h43.19.348,mathesisv2,2024.1.3,Win32,59.88023952,,,,,,,,,,,,,,,,,,,,,,,,,,,,,,,,,,,,,,,,,,,,,,,,,,,,,,,,,,,,,,,,,,,,,,,,,,,,,,,,,,,,,,,,,,,,,,,,,,,,,,,
,,,,,600562,001,2024-05-24_09h43.19.348,mathesisv2,2024.1.3,Win32,59.88023952,8.6286,14.1725,space,5.5131,,,,,,,,,,,,,,,,,,,,,,,,,,,,,,,,,,,,,,,,,,,,,,,,,,,,,,,,,,,,,,,,,,,,,,,,,,,,,,,,,,,,,,,,,,,,,,,,,,,
,,,,,600562,001,2024-05-24_09h43.19.348,mathesisv2,2024.1.3,Win32,59.88023952,,,,,,14.1865,22.4984,l,8.2882,,0,0,0,0,1,stimuliAXBmix/iiystimulus.wav,l,,,,,,,,,,,,,,,,,,,,,,,,,,,,,,,,,,,,,,,,,,,,,,,,,,,,,,,,,,,,,,,,,,,,,,,,,,,,,,,,,,,,,,
,,,,,600562,001,2024-05-24_09h43.19.348,mathesisv2,2024.1.3,Win32,59.88023952,,,,,,22.4998,29.1427,f,6.6292,,0,1,1,1,1,stimuliAXBmix/iyystimulus.wav,f,,,,,,,,,,,,,,,,,,,,,,,,,,,,,,,,,,,,,,,,,,,,,,,,,,,,,,,,,,,,,,,,,,,,,,,,,,,,,,,,,,,,,,
,,,,,600562,001,2024-05-24_09h43.19.348,mathesisv2,2024.1.3,Win32,59.88023952,,,,,,29.143,34.1878,l,5.0346,,0,2,2,3,1,stimuliAXBmix/yyustimulus.wav,l,,,,,,,,,,,,,,,,,,,,,,,,,,,,,,,,,,,,,,,,,,,,,,,,,,,,,,,,,,,,,,,,,,,,,,,,,,,,,,,,,,,,,,
,,,,,600562,001,2024-05-24_09h43.19.348,mathesisv2,2024.1.3,Win32,59.88023952,,,,,,34.1882,38.6507,f,4.4544,,0,3,3,2,1,stimuliAXBmix/yuustimulus.wav,f,,,,,,,,,,,,,,,,,,,,,,,,,,,,,,,,,,,,,,,,,,,,,,,,,,,,,,,,,,,,,,,,,,,,,,,,,,,,,,,,,,,,,,
,,,,,600562,001,2024-05-24_09h43.19.348,mathesisv2,2024.1.3,Win32,59.88023952,,,,,,,,,,,,,,,,,,38.651,40.9485,space,2.2757,,,,,,,,,,,,,,,,,,,,,,,,,,,,,,,,,,,,,,,,,,,,,,,,,,,,,,,,,,,,,,,,,,,,,,,,,,,,,,,,,,
,,,,,600562,001,2024-05-24_09h43.19.348,mathesisv2,2024.1.3,Win32,59.88023952,,,,,,,,,,,,,,,,,,,,,,,40.9486,56.442,space,15.4817,,,,,,,,,,,,,,,,,,,,,,,,,,,,,,,,,,,,,,,,,,,,,,,,,,,,,,,,,,,,,,,,,,,,,,,,,,,,,
,,,,,600562,001,2024-05-24_09h43.19.348,mathesisv2,2024.1.3,Win32,59.88023952,,,,,,56.4622,61.2653,l,4.7818,,,,,,,stimuliAXBmix/iiystimulus.wav,l,,,,,,,,,,,0,0,0,0,1,,,,,,,,,,,,,,,,,,,,,,,,,,,,,,,,,,,,,,,,,,,,,,,,,,,,,,,,,,,,,,,,,,,,,,,
,,,,,600562,001,2024-05-24_09h43.19.348,mathesisv2,2024.1.3,Win32,59.88023952,,,,,,61.2853,65.5777,f,4.2772,,,,,,,stimuliAXBmix/iyystimulus.wav,f,,,,,,,,,,,0,1,1,1,1,,,,,,,,,,,,,,,,,,,,,,,,,,,,,,,,,,,,,,,,,,,,,,,,,,,,,,,,,,,,,,,,,,,,,,,
,,,,,600562,001,2024-05-24_09h43.19.348,mathesisv2,2024.1.3,Win32,59.88023952,,,,,,65.5879,69.8574,f,4.2551,,,,,,,stimuliAXBmix/yuustimulus.wav,f,,,,,,,,,,,0,2,2,2,1,,,,,,,,,,,,,,,,,,,,,,,,,,,,,,,,,,,,,,,,,,,,,,,,,,,,,,,,,,,,,,,,,,,,,,,
,,,,,600562,001,2024-05-24_09h43.19.348,mathesisv2,2024.1.3,Win32,59.88023952,,,,,,69.8773,73.4544,l,3.5633,,,,,,,stimuliAXBmix/yyustimulus.wav,l,,,,,,,,,,,0,3,3,3,1,,,,,,,,,,,,,,,,,,,,,,,,,,,,,,,,,,,,,,,,,,,,,,,,,,,,,,,,,,,,,,,,,,,,,,,
,,,,,600562,001,2024-05-24_09h43.19.348,mathesisv2,2024.1.3,Win32,59.88023952,,,,,,73.4769,78.5001,l,5.007,,,,,,,stimuliAXBmix/iiystimulus.wav,l,,,,,,,,,,,1,0,4,0,1,,,,,,,,,,,,,,,,,,,,,,,,,,,,,,,,,,,,,,,,,,,,,,,,,,,,,,,,,,,,,,,,,,,,,,,
,,,,,600562,001,2024-05-24_09h43.19.348,mathesisv2,2024.1.3,Win32,59.88023952,,,,,,78.5136,81.8303,f,3.2992,,,,,,,stimuliAXBmix/iyystimulus.wav,f,,,,,,,,,,,1,1,5,1,1,,,,,,,,,,,,,,,,,,,,,,,,,,,,,,,,,,,,,,,,,,,,,,,,,,,,,,,,,,,,,,,,,,,,,,,
,,,,,600562,001,2024-05-24_09h43.19.348,mathesisv2,2024.1.3,Win32,59.88023952,,,,,,81.8315,85.4602,l,3.5977,,,,,,,stimuliAXBmix/yyustimulus.wav,l,,,,,,,,,,,1,2,6,3,1,,,,,,,,,,,,,,,,,,,,,,,,,,,,,,,,,,,,,,,,,,,,,,,,,,,,,,,,,,,,,,,,,,,,,,,
,,,,,600562,001,2024-05-24_09h43.19.348,mathesisv2,2024.1.3,Win32,59.88023952,,,,,,85.4736,89.4069,f,3.9137,,,,,,,stimuliAXBmix/yuustimulus.wav,f,,,,,,,,,,,1,3,7,2,1,,,,,,,,,,,,,,,,,,,,,,,,,,,,,,,,,,,,,,,,,,,,,,,,,,,,,,,,,,,,,,,,,,,,,,,
,,,,,600562,001,2024-05-24_09h43.19.348,mathesisv2,2024.1.3,Win32,59.88023952,,,,,,89.4222,95.2514,f,5.8124,,,,,,,stimuliAXBmix/iyystimulus.wav,f,,,,,,,,,,,2,0,8,1,1,,,,,,,,,,,,,,,,,,,,,,,,,,,,,,,,,,,,,,,,,,,,,,,,,,,,,,,,,,,,,,,,,,,,,,,
,,,,,600562,001,2024-05-24_09h43.19.348,mathesisv2,2024.1.3,Win32,59.88023952,,,,,,95.2633,98.749,l,3.4655,,,,,,,stimuliAXBmix/yyustimulus.wav,l,,,,,,,,,,,2,1,9,3,1,,,,,,,,,,,,,,,,,,,,,,,,,,,,,,,,,,,,,,,,,,,,,,,,,,,,,,,,,,,,,,,,,,,,,,,
,,,,,600562,001,2024-05-24_09h43.19.348,mathesisv2,2024.1.3,Win32,59.88023952,,,,,,98.7699,101.8793,f,3.0989,,,,,,,stimuliAXBmix/yuustimulus.wav,f,,,,,,,,,,,2,2,10,2,1,,,,,,,,,,,,,,,,,,,,,,,,,,,,,,,,,,,,,,,,,,,,,,,,,,,,,,,,,,,,,,,,,,,,,,,
,,,,,600562,001,2024-05-24_09h43.19.348,mathesisv2,2024.1.3,Win32,59.88023952,,,,,,101.8808,106.1753,f,4.2673,,,,,,,stimuliAXBmix/iiystimulus.wav,l,,,,,,,,,,,2,3,11,0,1,,,,,,,,,,,,,,,,,,,,,,,,,,,,,,,,,,,,,,,,,,,,,,,,,,,,,,,,,,,,,,,,,,,,,,,
,,,,,600562,001,2024-05-24_09h43.19.348,mathesisv2,2024.1.3,Win32,59.88023952,,,,,,109.5573,113.4856,l,3.9104,,,,,,,stimuliAXBmix/yyustimulus.wav,l,,,,,,,,,,,,,,,,106.1783,109.5405,return,3.3348,,0,0,0,3,1,,,,,,,,,,,,,,,,,,,,,,,,,,,,,,,,,,,,,,,,,,,,,,,,,,,,,,,,,,,,,
,,,,,600562,001,2024-05-24_09h43.19.348,mathesisv2,2024.1.3,Win32,59.88023952,,,,,,113.5057,120.1049,f,6.5928,,,,,,,stimuliAXBmix/iyystimulus.wav,f,,,,,,,,,,,,,,,,,,,,,0,1,1,1,1,,,,,,,,,,,,,,,,,,,,,,,,,,,,,,,,,,,,,,,,,,,,,,,,,,,,,,,,,,,,,
,,,,,600562,001,2024-05-24_09h43.19.348,mathesisv2,2024.1.3,Win32,59.88023952,,,,,,120.1332,126.6571,l,6.5134,,,,,,,stimuliAXBmix/iiystimulus.wav,l,,,,,,,,,,,,,,,,,,,,,0,2,2,0,1,,,,,,,,,,,,,,,,,,,,,,,,,,,,,,,,,,,,,,,,,,,,,,,,,,,,,,,,,,,,,
,,,,,600562,001,2024-05-24_09h43.19.348,mathesisv2,2024.1.3,Win32,59.88023952,,,,,,126.6667,131.503,f,4.8241,,,,,,,stimuliAXBmix/yuustimulus.wav,f,,,,,,,,,,,,,,,,,,,,,0,3,3,2,1,,,,,,,,,,,,,,,,,,,,,,,,,,,,,,,,,,,,,,,,,,,,,,,,,,,,,,,,,,,,,
,,,,,600562,001,2024-05-24_09h43.19.348,mathesisv2,2024.1.3,Win32,59.88023952,,,,,,131.5135,135.383,f,3.8579,,,,,,,stimuliAXBmix/iyystimulus.wav,f,,,,,,,,,,,,,,,,,,,,,1,0,4,1,1,,,,,,,,,,,,,,,,,,,,,,,,,,,,,,,,,,,,,,,,,,,,,,,,,,,,,,,,,,,,,
,,,,,600562,001,2024-05-24_09h43.19.348,mathesisv2,2024.1.3,Win32,59.88023952,,,,,,135.3929,139.2297,f,3.8257,,,,,,,stimuliAXBmix/yuustimulus.wav,f,,,,,,,,,,,,,,,,,,,,,1,1,5,2,1,,,,,,,,,,,,,,,,,,,,,,,,,,,,,,,,,,,,,,,,,,,,,,,,,,,,,,,,,,,,,
,,,,,600562,001,2024-05-24_09h43.19.348,mathesisv2,2024.1.3,Win32,59.88023952,,,,,,139.239,142.9596,l,3.708,,,,,,,stimuliAXBmix/yyustimulus.wav,l,,,,,,,,,,,,,,,,,,,,,1,2,6,3,1,,,,,,,,,,,,,,,,,,,,,,,,,,,,,,,,,,,,,,,,,,,,,,,,,,,,,,,,,,,,,
,,,,,600562,001,2024-05-24_09h43.19.348,mathesisv2,2024.1.3,Win32,59.88023952,,,,,,142.9683,147.3559,f,4.377,,,,,,,stimuliAXBmix/iiystimulus.wav,l,,,,,,,,,,,,,,,,,,,,,1,3,7,0,1,,,,,,,,,,,,,,,,,,,,,,,,,,,,,,,,,,,,,,,,,,,,,,,,,,,,,,,,,,,,,
,,,,,600562,001,2024-05-24_09h43.19.348,mathesisv2,2024.1.3,Win32,59.88023952,,,,,,160.1967,163.9415,l,3.7321,,,,,,,stimuliAXBmix/yyustimulus.wav,l,,,,,,,,,,,0,0,0,3,1,,,,,,,,,,,147.3564,160.1788,space,12.8051,,,,,,,,,,,,,,,,,,,,,,,,,,,,,,,,,,,,,,,,,,,,,,,,,,,,,,,,,
,,,,,600562,001,2024-05-24_09h43.19.348,mathesisv2,2024.1.3,Win32,59.88023952,,,,,,163.942,169.0371,f,5.0811,,,,,,,stimuliAXBmix/iiystimulus.wav,l,,,,,,,,,,,0,1,1,0,1,,,,,,,,,,,,,,,,,,,,,,,,,,,,,,,,,,,,,,,,,,,,,,,,,,,,,,,,,,,,,,,,,,,,,,,
,,,,,600562,001,2024-05-24_09h43.19.348,mathesisv2,2024.1.3,Win32,59.88023952,,,,,,169.0465,173.6003,f,4.5305,,,,,,,stimuliAXBmix/yuustimulus.wav,f,,,,,,,,,,,0,2,2,2,1,,,,,,,,,,,,,,,,,,,,,,,,,,,,,,,,,,,,,,,,,,,,,,,,,,,,,,,,,,,,,,,,,,,,,,,
,,,,,600562,001,2024-05-24_09h43.19.348,mathesisv2,2024.1.3,Win32,59.88023952,,,,,,173.62,177.963,f,4.3285,,,,,,,stimuliAXBmix/iyystimulus.wav,f,,,,,,,,,,,0,3,3,1,1,,,,,,,,,,,,,,,,,,,,,,,,,,,,,,,,,,,,,,,,,,,,,,,,,,,,,,,,,,,,,,,,,,,,,,,
,,,,,600562,001,2024-05-24_09h43.19.348,mathesisv2,2024.1.3,Win32,59.88023952,,,,,,177.9751,181.7099,l,3.7175,,,,,,,stimuliAXBmix/yyustimulus.wav,l,,,,,,,,,,,1,0,4,3,1,,,,,,,,,,,,,,,,,,,,,,,,,,,,,,,,,,,,,,,,,,,,,,,,,,,,,,,,,,,,,,,,,,,,,,,
,,,,,600562,001,2024-05-24_09h43.19.348,mathesisv2,2024.1.3,Win32,59.88023952,,,,,,181.7206,185.4564,l,3.7151,,,,,,,stimuliAXBmix/iiystimulus.wav,l,,,,,,,,,,,1,1,5,0,1,,,,,,,,,,,,,,,,,,,,,,,,,,,,,,,,,,,,,,,,,,,,,,,,,,,,,,,,,,,,,,,,,,,,,,,
,,,,,600562,001,2024-05-24_09h43.19.348,mathesisv2,2024.1.3,Win32,59.88023952,,,,,,185.4679,189.0868,f,3.5997,,,,,,,stimuliAXBmix/yuustimulus.wav,f,,,,,,,,,,,1,2,6,2,1,,,,,,,,,,,,,,,,,,,,,,,,,,,,,,,,,,,,,,,,,,,,,,,,,,,,,,,,,,,,,,,,,,,,,,,
,,,,,600562,001,2024-05-24_09h43.19.348,mathesisv2,2024.1.3,Win32,59.88023952,,,,,,189.0982,193.5828,f,4.4658,,,,,,,stimuliAXBmix/iyystimulus.wav,f,,,,,,,,,,,1,3,7,1,1,,,,,,,,,,,,,,,,,,,,,,,,,,,,,,,,,,,,,,,,,,,,,,,,,,,,,,,,,,,,,,,,,,,,,,,
,,,,,600562,001,2024-05-24_09h43.19.348,mathesisv2,2024.1.3,Win32,59.88023952,,,,,,193.5954,197.2127,l,3.6052,,,,,,,stimuliAXBmix/yyustimulus.wav,l,,,,,,,,,,,2,0,8,3,1,,,,,,,,,,,,,,,,,,,,,,,,,,,,,,,,,,,,,,,,,,,,,,,,,,,,,,,,,,,,,,,,,,,,,,,
,,,,,600562,001,2024-05-24_09h43.19.348,mathesisv2,2024.1.3,Win32,59.88023952,,,,,,197.2245,202.8917,f,5.6463,,,,,,,stimuliAXBmix/iyystimulus.wav,f,,,,,,,,,,,2,1,9,1,1,,,,,,,,,,,,,,,,,,,,,,,,,,,,,,,,,,,,,,,,,,,,,,,,,,,,,,,,,,,,,,,,,,,,,,,
,,,,,600562,001,2024-05-24_09h43.19.348,mathesisv2,2024.1.3,Win32,59.88023952,,,,,,202.9124,205.9222,f,2.9944,,,,,,,stimuliAXBmix/yuustimulus.wav,f,,,,,,,,,,,2,2,10,2,1,,,,,,,,,,,,,,,,,,,,,,,,,,,,,,,,,,,,,,,,,,,,,,,,,,,,,,,,,,,,,,,,,,,,,,,
,,,,,600562,001,2024-05-24_09h43.19.348,mathesisv2,2024.1.3,Win32,59.88023952,,,,,,205.9236,209.8188,l,3.8655,,,,,,,stimuliAXBmix/iiystimulus.wav,l,,,,,,,,,,,2,3,11,0,1,,,,,,,,,,,,,,,,,,,,,,,,,,,,,,,,,,,,,,,,,,,,,,,,,,,,,,,,,,,,,,,,,,,,,,,
,,,,,600562,001,2024-05-24_09h43.19.348,mathesisv2,2024.1.3,Win32,59.88023952,,,,,,212.5204,217.1119,f,4.5816,,,,,,,stimuliAXBmix/iiystimulus.wav,l,,,,,,,,,,,,,,,,209.8195,212.4995,return,2.6506,,0,0,0,0,1,,,,,,,,,,,,,,,,,,,,,,,,,,,,,,,,,,,,,,,,,,,,,,,,,,,,,,,,,,,,,
,,,,,600562,001,2024-05-24_09h43.19.348,mathesisv2,2024.1.3,Win32,59.88023952,,,,,,217.1242,220.543,f,3.4007,,,,,,,stimuliAXBmix/yuustimulus.wav,f,,,,,,,,,,,,,,,,,,,,,0,1,1,2,1,,,,,,,,,,,,,,,,,,,,,,,,,,,,,,,,,,,,,,,,,,,,,,,,,,,,,,,,,,,,,
,,,,,600562,001,2024-05-24_09h43.19.348,mathesisv2,2024.1.3,Win32,59.88023952,,,,,,220.5556,224.3894,l,3.8162,,,,,,,stimuliAXBmix/yyustimulus.wav,l,,,,,,,,,,,,,,,,,,,,,0,2,2,3,1,,,,,,,,,,,,,,,,,,,,,,,,,,,,,,,,,,,,,,,,,,,,,,,,,,,,,,,,,,,,,
,,,,,600562,001,2024-05-24_09h43.19.348,mathesisv2,2024.1.3,Win32,59.88023952,,,,,,224.4046,228.3854,f,3.9627,,,,,,,stimuliAXBmix/iyystimulus.wav,f,,,,,,,,,,,,,,,,,,,,,0,3,3,1,1,,,,,,,,,,,,,,,,,,,,,,,,,,,,,,,,,,,,,,,,,,,,,,,,,,,,,,,,,,,,,
,,,,,600562,001,2024-05-24_09h43.19.348,mathesisv2,2024.1.3,Win32,59.88023952,,,,,,228.3953,232.9821,f,4.5639,,,,,,,stimuliAXBmix/iiystimulus.wav,l,,,,,,,,,,,,,,,,,,,,,1,0,4,0,1,,,,,,,,,,,,,,,,,,,,,,,,,,,,,,,,,,,,,,,,,,,,,,,,,,,,,,,,,,,,,
,,,,,600562,001,2024-05-24_09h43.19.348,mathesisv2,2024.1.3,Win32,59.88023952,,,,,,233.0031,236.5451,l,3.5303,,,,,,,stimuliAXBmix/yyustimulus.wav,l,,,,,,,,,,,,,,,,,,,,,1,1,5,3,1,,,,,,,,,,,,,,,,,,,,,,,,,,,,,,,,,,,,,,,,,,,,,,,,,,,,,,,,,,,,,
,,,,,600562,001,2024-05-24_09h43.19.348,mathesisv2,2024.1.3,Win32,59.88023952,,,,,,236.5577,240.0087,f,3.4348,,,,,,,stimuliAXBmix/iyystimulus.wav,f,,,,,,,,,,,,,,,,,,,,,1,2,6,1,1,,,,,,,,,,,,,,,,,,,,,,,,,,,,,,,,,,,,,,,,,,,,,,,,,,,,,,,,,,,,,
,,,,,600562,001,2024-05-24_09h43.19.348,mathesisv2,2024.1.3,Win32,59.88023952,,,,,,240.01,243.3894,f,3.3508,,,,,,,stimuliAXBmix/yuustimulus.wav,f,,,,,,,,,,,,,,,,,,,,,1,3,7,2,1,,,,,,,,,,,,,,,,,,,,,,,,,,,,,,,,,,,,,,,,,,,,,,,,,,,,,,,,,,,,,
,,,,,600562,001,2024-05-24_09h43.19.348,mathesisv2,2024.1.3,Win32,59.88023952,,,,,,254.0759,258.4096,f,4.3139,,,,,,,stimuliAXBmix/iiystimulus.wav,l,,,,,,,,,,,0,0,0,0,1,,,,,,,,,,,243.3899,254.0634,space,10.6445,,,,,,,,,,,,,,,,,,,,,,,,,,,,,,,,,,,,,,,,,,,,,,,,,,,,,,,,,
,,,,,600562,001,2024-05-24_09h43.19.348,mathesisv2,2024.1.3,Win32,59.88023952,,,,,,258.4192,262.872,f,4.4398,,,,,,,stimuliAXBmix/iyystimulus.wav,f,,,,,,,,,,,0,1,1,1,1,,,,,,,,,,,,,,,,,,,,,,,,,,,,,,,,,,,,,,,,,,,,,,,,,,,,,,,,,,,,,,,,,,,,,,,
,,,,,600562,001,2024-05-24_09h43.19.348,mathesisv2,2024.1.3,Win32,59.88023952,,,,,,262.8845,265.9197,f,3.0157,,,,,,,stimuliAXBmix/yuustimulus.wav,f,,,,,,,,,,,0,2,2,2,1,,,,,,,,,,,,,,,,,,,,,,,,,,,,,,,,,,,,,,,,,,,,,,,,,,,,,,,,,,,,,,,,,,,,,,,
,,,,,600562,001,2024-05-24_09h43.19.348,mathesisv2,2024.1.3,Win32,59.88023952,,,,,,265.9207,269.7997,l,3.8538,,,,,,,stimuliAXBmix/yyustimulus.wav,l,,,,,,,,,,,0,3,3,3,1,,,,,,,,,,,,,,,,,,,,,,,,,,,,,,,,,,,,,,,,,,,,,,,,,,,,,,,,,,,,,,,,,,,,,,,
,,,,,600562,001,2024-05-24_09h43.19.348,mathesisv2,2024.1.3,Win32,59.88023952,,,,,,269.8101,273.6302,f,3.7979,,,,,,,stimuliAXBmix/yuustimulus.wav,f,,,,,,,,,,,1,0,4,2,1,,,,,,,,,,,,,,,,,,,,,,,,,,,,,,,,,,,,,,,,,,,,,,,,,,,,,,,,,,,,,,,,,,,,,,,
,,,,,600562,001,2024-05-24_09h43.19.348,mathesisv2,2024.1.3,Win32,59.88023952,,,,,,273.6411,278.0591,l,4.405,,,,,,,stimuliAXBmix/iiystimulus.wav,l,,,,,,,,,,,1,1,5,0,1,,,,,,,,,,,,,,,,,,,,,,,,,,,,,,,,,,,,,,,,,,,,,,,,,,,,,,,,,,,,,,,,,,,,,,,
,,,,,600562,001,2024-05-24_09h43.19.348,mathesisv2,2024.1.3,Win32,59.88023952,,,,,,278.0702,282.1224,f,4.0348,,,,,,,stimuliAXBmix/iyystimulus.wav,f,,,,,,,,,,,1,2,6,1,1,,,,,,,,,,,,,,,,,,,,,,,,,,,,,,,,,,,,,,,,,,,,,,,,,,,,,,,,,,,,,,,,,,,,,,,
,,,,,600562,001,2024-05-24_09h43.19.348,mathesisv2,2024.1.3,Win32,59.88023952,,,,,,282.1324,285.7701,l,3.6252,,,,,,,stimuliAXBmix/yyustimulus.wav,l,,,,,,,,,,,1,3,7,3,1,,,,,,,,,,,,,,,,,,,,,,,,,,,,,,,,,,,,,,,,,,,,,,,,,,,,,,,,,,,,,,,,,,,,,,,
,,,,,600562,001,2024-05-24_09h43.19.348,mathesisv2,2024.1.3,Win32,59.88023952,,,,,,285.7711,289.4324,f,3.6304,,,,,,,stimuliAXBmix/iyystimulus.wav,f,,,,,,,,,,,2,0,8,1,1,,,,,,,,,,,,,,,,,,,,,,,,,,,,,,,,,,,,,,,,,,,,,,,,,,,,,,,,,,,,,,,,,,,,,,,
,,,,,600562,001,2024-05-24_09h43.19.348,mathesisv2,2024.1.3,Win32,59.88023952,,,,,,289.4462,292.5795,f,3.117,,,,,,,stimuliAXBmix/yuustimulus.wav,f,,,,,,,,,,,2,1,9,2,1,,,,,,,,,,,,,,,,,,,,,,,,,,,,,,,,,,,,,,,,,,,,,,,,,,,,,,,,,,,,,,,,,,,,,,,
,,,,,600562,001,2024-05-24_09h43.19.348,mathesisv2,2024.1.3,Win32,59.88023952,,,,,,292.5915,296.426,f,3.8149,,,,,,,stimuliAXBmix/iiystimulus.wav,l,,,,,,,,,,,2,2,10,0,1,,,,,,,,,,,,,,,,,,,,,,,,,,,,,,,,,,,,,,,,,,,,,,,,,,,,,,,,,,,,,,,,,,,,,,,
,,,,,600562,001,2024-05-24_09h43.19.348,mathesisv2,2024.1.3,Win32,59.88023952,,,,,,296.4353,300.1565,l,3.6982,,,,,,,stimuliAXBmix/yyustimulus.wav,l,,,,,,,,,,,2,3,11,3,1,,,,,,,,,,,,,,,,,,,,,,,,,,,,,,,,,,,,,,,,,,,,,,,,,,,,,,,,,,,,,,,,,,,,,,,
,,,,,600562,001,2024-05-24_09h43.19.348,mathesisv2,2024.1.3,Win32,59.88023952,,,,,,302.6248,305.9515,f,3.3174,,,,,,,stimuliAXBmix/yuustimulus.wav,f,,,,,,,,,,,,,,,,300.1571,302.6049,return,2.416,,0,0,0,2,1,,,,,,,,,,,,,,,,,,,,,,,,,,,,,,,,,,,,,,,,,,,,,,,,,,,,,,,,,,,,,
,,,,,600562,001,2024-05-24_09h43.19.348,mathesisv2,2024.1.3,Win32,59.88023952,,,,,,305.953,310.1307,l,4.1463,,,,,,,stimuliAXBmix/iiystimulus.wav,l,,,,,,,,,,,,,,,,,,,,,0,1,1,0,1,,,,,,,,,,,,,,,,,,,,,,,,,,,,,,,,,,,,,,,,,,,,,,,,,,,,,,,,,,,,,
,,,,,600562,001,2024-05-24_09h43.19.348,mathesisv2,2024.1.3,Win32,59.88023952,,,,,,310.1429,313.7449,f,3.5834,,,,,,,stimuliAXBmix/iyystimulus.wav,f,,,,,,,,,,,,,,,,,,,,,0,2,2,1,1,,,,,,,,,,,,,,,,,,,,,,,,,,,,,,,,,,,,,,,,,,,,,,,,,,,,,,,,,,,,,
,,,,,600562,001,2024-05-24_09h43.19.348,mathesisv2,2024.1.3,Win32,59.88023952,,,,,,313.7465,317.2588,l,3.4895,,,,,,,stimuliAXBmix/yyustimulus.wav,l,,,,,,,,,,,,,,,,,,,,,0,3,3,3,1,,,,,,,,,,,,,,,,,,,,,,,,,,,,,,,,,,,,,,,,,,,,,,,,,,,,,,,,,,,,,
,,,,,600562,001,2024-05-24_09h43.19.348,mathesisv2,2024.1.3,Win32,59.88023952,,,,,,317.2721,320.8721,f,3.5817,,,,,,,stimuliAXBmix/iyystimulus.wav,f,,,,,,,,,,,,,,,,,,,,,1,0,4,1,1,,,,,,,,,,,,,,,,,,,,,,,,,,,,,,,,,,,,,,,,,,,,,,,,,,,,,,,,,,,,,
,,,,,600562,001,2024-05-24_09h43.19.348,mathesisv2,2024.1.3,Win32,59.88023952,,,,,,320.885,324.9024,l,3.9991,,,,,,,stimuliAXBmix/yyustimulus.wav,l,,,,,,,,,,,,,,,,,,,,,1,1,5,3,1,,,,,,,,,,,,,,,,,,,,,,,,,,,,,,,,,,,,,,,,,,,,,,,,,,,,,,,,,,,,,
,,,,,600562,001,2024-05-24_09h43.19.348,mathesisv2,2024.1.3,Win32,59.88023952,,,,,,324.9245,328.4486,f,3.509,,,,,,,stimuliAXBmix/iiystimulus.wav,l,,,,,,,,,,,,,,,,,,,,,1,2,6,0,1,,,,,,,,,,,,,,,,,,,,,,,,,,,,,,,,,,,,,,,,,,,,,,,,,,,,,,,,,,,,,
,,,,,600562,001,2024-05-24_09h43.19.348,mathesisv2,2024.1.3,Win32,59.88023952,,,,,,328.4617,332.0455,l,3.5657,,,,,,,stimuliAXBmix/yuustimulus.wav,f,,,,,,,,,,,,,,,,,,,,,1,3,7,2,1,,,,,,,,,,,,,,,,,,,,,,,,,,,,,,,,,,,,,,,,,,,,,,,,,,,,,,,,,,,,,
,,,,,600562,001,2024-05-24_09h43.19.348,mathesisv2,2024.1.3,Win32,59.88023952,,,,,,339.6086,343.2689,f,3.6455,,,,,,,stimuliAXBmix/iyystimulus.wav,f,,,,,,,,,,,0,0,0,1,1,,,,,,,,,,,332.046,339.589,space,7.5118,,,,,,,,,,,,,,,,,,,,,,,,,,,,,,,,,,,,,,,,,,,,,,,,,,,,,,,,,
,,,,,600562,001,2024-05-24_09h43.19.348,mathesisv2,2024.1.3,Win32,59.88023952,,,,,,343.2703,346.2332,l,2.9373,,,,,,,stimuliAXBmix/yyustimulus.wav,l,,,,,,,,,,,0,1,1,3,1,,,,,,,,,,,,,,,,,,,,,,,,,,,,,,,,,,,,,,,,,,,,,,,,,,,,,,,,,,,,,,,,,,,,,,,
,,,,,600562,001,2024-05-24_09h43.19.348,mathesisv2,2024.1.3,Win32,59.88023952,,,,,,346.2442,349.2803,f,3.0159,,,,,,,stimuliAXBmix/yuustimulus.wav,f,,,,,,,,,,,0,2,2,2,1,,,,,,,,,,,,,,,,,,,,,,,,,,,,,,,,,,,,,,,,,,,,,,,,,,,,,,,,,,,,,,,,,,,,,,,
,,,,,600562,001,2024-05-24_09h43.19.348,mathesisv2,2024.1.3,Win32,59.88023952,,,,,,349.2815,352.7283,f,3.4199,,,,,,,stimuliAXBmix/iiystimulus.wav,l,,,,,,,,,,,0,3,3,0,1,,,,,,,,,,,,,,,,,,,,,,,,,,,,,,,,,,,,,,,,,,,,,,,,,,,,,,,,,,,,,,,,,,,,,,,
,,,,,600562,001,2024-05-24_09h43.19.348,mathesisv2,2024.1.3,Win32,59.88023952,,,,,,352.7511,357.9729,l,5.2138,,,,,,,stimuliAXBmix/iiystimulus.wav,l,,,,,,,,,,,1,0,4,0,1,,,,,,,,,,,,,,,,,,,,,,,,,,,,,,,,,,,,,,,,,,,,,,,,,,,,,,,,,,,,,,,,,,,,,,,
,,,,,600562,001,2024-05-24_09h43.19.348,mathesisv2,2024.1.3,Win32,59.88023952,,,,,,357.9855,361.7529,f,3.7476,,,,,,,stimuliAXBmix/iyystimulus.wav,f,,,,,,,,,,,1,1,5,1,1,,,,,,,,,,,,,,,,,,,,,,,,,,,,,,,,,,,,,,,,,,,,,,,,,,,,,,,,,,,,,,,,,,,,,,,
,,,,,600562,001,2024-05-24_09h43.19.348,mathesisv2,2024.1.3,Win32,59.88023952,,,,,,361.7736,364.9173,f,3.1278,,,,,,,stimuliAXBmix/yuustimulus.wav,f,,,,,,,,,,,1,2,6,2,1,,,,,,,,,,,,,,,,,,,,,,,,,,,,,,,,,,,,,,,,,,,,,,,,,,,,,,,,,,,,,,,,,,,,,,,
,,,,,600562,001,2024-05-24_09h43.19.348,mathesisv2,2024.1.3,Win32,59.88023952,,,,,,364.9187,368.697,l,3.7473,,,,,,,stimuliAXBmix/yyustimulus.wav,l,,,,,,,,,,,1,3,7,3,1,,,,,,,,,,,,,,,,,,,,,,,,,,,,,,,,,,,,,,,,,,,,,,,,,,,,,,,,,,,,,,,,,,,,,,,
,,,,,600562,001,2024-05-24_09h43.19.348,mathesisv2,2024.1.3,Win32,59.88023952,,,,,,368.7091,372.4603,f,3.739,,,,,,,stimuliAXBmix/iiystimulus.wav,l,,,,,,,,,,,2,0,8,0,1,,,,,,,,,,,,,,,,,,,,,,,,,,,,,,,,,,,,,,,,,,,,,,,,,,,,,,,,,,,,,,,,,,,,,,,
,,,,,600562,001,2024-05-24_09h43.19.348,mathesisv2,2024.1.3,Win32,59.88023952,,,,,,372.4709,376.3234,f,3.8343,,,,,,,stimuliAXBmix/iyystimulus.wav,f,,,,,,,,,,,2,1,9,1,1,,,,,,,,,,,,,,,,,,,,,,,,,,,,,,,,,,,,,,,,,,,,,,,,,,,,,,,,,,,,,,,,,,,,,,,
,,,,,600562,001,2024-05-24_09h43.19.348,mathesisv2,2024.1.3,Win32,59.88023952,,,,,,376.3371,379.487,f,3.1323,,,,,,,stimuliAXBmix/yuustimulus.wav,f,,,,,,,,,,,2,2,10,2,1,,,,,,,,,,,,,,,,,,,,,,,,,,,,,,,,,,,,,,,,,,,,,,,,,,,,,,,,,,,,,,,,,,,,,,,
,,,,,600562,001,2024-05-24_09h43.19.348,mathesisv2,2024.1.3,Win32,59.88023952,,,,,,379.488,383.0847,l,3.572,,,,,,,stimuliAXBmix/yyustimulus.wav,l,,,,,,,,,,,2,3,11,3,1,,,,,,,,,,,,,,,,,,,,,,,,,,,,,,,,,,,,,,,,,,,,,,,,,,,,,,,,,,,,,,,,,,,,,,,
,,,,,600562,001,2024-05-24_09h43.19.348,mathesisv2,2024.1.3,Win32,59.88023952,,,,,,385.6518,389.612,f,3.9521,,,,,,,stimuliAXBmix/iyystimulus.wav,f,,,,,,,,,,,,,,,,383.0853,385.6325,return,2.5145,,0,0,0,1,1,,,,,,,,,,,,,,,,,,,,,,,,,,,,,,,,,,,,,,,,,,,,,,,,,,,,,,,,,,,,,
,,,,,600562,001,2024-05-24_09h43.19.348,mathesisv2,2024.1.3,Win32,59.88023952,,,,,,389.6272,392.626,f,2.9817,,,,,,,stimuliAXBmix/yuustimulus.wav,f,,,,,,,,,,,,,,,,,,,,,0,1,1,2,1,,,,,,,,,,,,,,,,,,,,,,,,,,,,,,,,,,,,,,,,,,,,,,,,,,,,,,,,,,,,,
,,,,,600562,001,2024-05-24_09h43.19.348,mathesisv2,2024.1.3,Win32,59.88023952,,,,,,392.6375,396.3562,l,3.7038,,,,,,,stimuliAXBmix/yyustimulus.wav,l,,,,,,,,,,,,,,,,,,,,,0,2,2,3,1,,,,,,,,,,,,,,,,,,,,,,,,,,,,,,,,,,,,,,,,,,,,,,,,,,,,,,,,,,,,,
,,,,,600562,001,2024-05-24_09h43.19.348,mathesisv2,2024.1.3,Win32,59.88023952,,,,,,396.368,399.7863,f,3.398,,,,,,,stimuliAXBmix/iiystimulus.wav,l,,,,,,,,,,,,,,,,,,,,,0,3,3,0,1,,,,,,,,,,,,,,,,,,,,,,,,,,,,,,,,,,,,,,,,,,,,,,,,,,,,,,,,,,,,,
,,,,,600562,001,2024-05-24_09h43.19.348,mathesisv2,2024.1.3,Win32,59.88023952,,,,,,399.7994,404.3492,l,4.536,,,,,,,stimuliAXBmix/iiystimulus.wav,l,,,,,,,,,,,,,,,,,,,,,1,0,4,0,1,,,,,,,,,,,,,,,,,,,,,,,,,,,,,,,,,,,,,,,,,,,,,,,,,,,,,,,,,,,,,
,,,,,600562,001,2024-05-24_09h43.19.348,mathesisv2,2024.1.3,Win32,59.88023952,,,,,,404.3628,408.0125,l,3.6328,,,,,,,stimuliAXBmix/yyustimulus.wav,l,,,,,,,,,,,,,,,,,,,,,1,1,5,3,1,,,,,,,,,,,,,,,,,,,,,,,,,,,,,,,,,,,,,,,,,,,,,,,,,,,,,,,,,,,,,
,,,,,600562,001,2024-05-24_09h43.19.348,mathesisv2,2024.1.3,Win32,59.88023952,,,,,,408.0291,411.6592,f,3.6198,,,,,,,stimuliAXBmix/iyystimulus.wav,f,,,,,,,,,,,,,,,,,,,,,1,2,6,1,1,,,,,,,,,,,,,,,,,,,,,,,,,,,,,,,,,,,,,,,,,,,,,,,,,,,,,,,,,,,,,
,,,,,600562,001,2024-05-24_09h43.19.348,mathesisv2,2024.1.3,Win32,59.88023952,,,,,,411.6602,414.641,f,2.9496,,,,,,,stimuliAXBmix/yuustimulus.wav,f,,,,,,,,,,,,,,,,,,,,,1,3,7,2,1,,,,,,,,,,,,,,,,,,,,,,,,,,,,,,,,,,,,,,,,,,,,,,,,,,,,,,,,,,,,,
,,,,,600562,001,2024-05-24_09h43.19.348,mathesisv2,2024.1.3,Win32,59.88023952,,,,,,,,,,,,,,,,,,,,,,,,,,,,,,,,,,,,,,,,,,,414.6417,419.9197,space,5.2516,,419.9213,440.8366,space,20.881,,,,,,,,,,,,,,,,,,,,,,,,,,,,,,,,,,,,,,,,,,,,,,,,,,,,
,,,,,600562,001,2024-05-24_09h43.19.348,mathesisv2,2024.1.3,Win32,59.88023952,,,,,,,,,,,,,,,,,,,,,,,,,,,,,,,,,,,,,,,,,,,,,,,,,,,,,440.8528,446.5978,e,5.7248,,0,0,0,1,1,testTAFCmixfirst/nimnym002.wav,,,,,,,,,,,,,,,,,,,,,,,,,,,,,,,,,,,,,,,,
,,,,,600562,001,2024-05-24_09h43.19.348,mathesisv2,2024.1.3,Win32,59.88023952,,,,,,,,,,,,,,,,,,,,,,,,,,,,,,,,,,,,,,,,,,,,,,,,,,,,,446.6113,451.6413,e,5.0153,,0,1,1,0,1,testTAFCmixfirst/nimnym001.wav,,,,,,,,,,,,,,,,,,,,,,,,,,,,,,,,,,,,,,,,
,,,,,600562,001,2024-05-24_09h43.19.348,mathesisv2,2024.1.3,Win32,59.88023952,,,,,,,,,,,,,,,,,,,,,,,,,,,,,,,,,,,,,,,,,,,,,,,,,,,,,451.6513,453.8225,y,2.1544,,0,2,2,2,1,testTAFCmixfirst/nimnym006.wav,,,,,,,,,,,,,,,,,,,,,,,,,,,,,,,,,,,,,,,,
,,,,,600562,001,2024-05-24_09h43.19.348,mathesisv2,2024.1.3,Win32,59.88023952,,,,,,,,,,,,,,,,,,,,,,,,,,,,,,,,,,,,,,,,,,,,,,,,,,,,,,,,,,,,,,,,453.8286,455.8217,y,1.967,,0,0,0,2,1,testTAFCmixsec/numnym006.wav,,,,,,,,,,,,,,,,,,,,,,,,,,,,,
,,,,,600562,001,2024-05-24_09h43.19.348,mathesisv2,2024.1.3,Win32,59.88023952,,,,,,,,,,,,,,,,,,,,,,,,,,,,,,,,,,,,,,,,,,,,,,,,,,,,,,,,,,,,,,,,455.8233,461.0501,u,5.2009,,0,1,1,1,1,testTAFCmixsec/numnym002.wav,,,,,,,,,,,,,,,,,,,,,,,,,,,,,
,,,,,600562,001,2024-05-24_09h43.19.348,mathesisv2,2024.1.3,Win32,59.88023952,,,,,,,,,,,,,,,,,,,,,,,,,,,,,,,,,,,,,,,,,,,,,,,,,,,,,,,,,,,,,,,,461.0704,464.38,u,3.2948,,0,2,2,0,1,testTAFCmixsec/numnym001.wav,,,,,,,,,,,,,,,,,,,,,,,,,,,,,
,,,,,600562,001,2024-05-24_09h43.19.348,mathesisv2,2024.1.3,Win32,59.88023952,,,,,,,,,,,,,,,,,,,,,,,,,,,,,,,,,,,,,,,,,,,,,,,,,,,,,,,,,,,,,,,,,,,,,,,,,,,464.3828,476.9708,space,12.5556,,,,,,,,,,,,,,,,,,,,,,,,,
,,,,,600562,001,2024-05-24_09h43.19.348,mathesisv2,2024.1.3,Win32,59.88023952,,,,,,,,,,,,,,,,,y,,,,,,,,,,,,,,,,,,,,,,,,,,,,,,,,,,,,,,,,,,,,,,,,,,,,,,,,,,,,,,,476.9936,481.0668,y,4.0541,,0,0,0,6,1,stimuliTAFCfirst/nimnym007.wav,,,,,,,,,,,,,
,,,,,600562,001,2024-05-24_09h43.19.348,mathesisv2,2024.1.3,Win32,59.88023952,,,,,,,,,,,,,,,,,y,,,,,,,,,,,,,,,,,,,,,,,,,,,,,,,,,,,,,,,,,,,,,,,,,,,,,,,,,,,,,,,481.0752,484.5296,y,3.4316,,0,1,1,4,1,stimuliTAFCfirst/nimnym005.wav,,,,,,,,,,,,,
,,,,,600562,001,2024-05-24_09h43.19.348,mathesisv2,2024.1.3,Win32,59.88023952,,,,,,,,,,,,,,,,,y,,,,,,,,,,,,,,,,,,,,,,,,,,,,,,,,,,,,,,,,,,,,,,,,,,,,,,,,,,,,,,,484.5314,488.9258,y,4.3671,,0,2,2,5,1,stimuliTAFCfirst/nimnym006.wav,,,,,,,,,,,,,
,,,,,600562,001,2024-05-24_09h43.19.348,mathesisv2,2024.1.3,Win32,59.88023952,,,,,,,,,,,,,,,,,x,,,,,,,,,,,,,,,,,,,,,,,,,,,,,,,,,,,,,,,,,,,,,,,,,,,,,,,,,,,,,,,488.9485,493.8052,y,4.8408,,0,3,3,3,1,stimuliTAFCfirst/nimnym004.wav,,,,,,,,,,,,,
,,,,,600562,001,2024-05-24_09h43.19.348,mathesisv2,2024.1.3,Win32,59.88023952,,,,,,,,,,,,,,,,,e,,,,,,,,,,,,,,,,,,,,,,,,,,,,,,,,,,,,,,,,,,,,,,,,,,,,,,,,,,,,,,,493.8326,497.4174,e,3.5733,,0,4,4,1,1,stimuliTAFCfirst/nimnym002.wav,,,,,,,,,,,,,
,,,,,600562,001,2024-05-24_09h43.19.348,mathesisv2,2024.1.3,Win32,59.88023952,,,,,,,,,,,,,,,,,e,,,,,,,,,,,,,,,,,,,,,,,,,,,,,,,,,,,,,,,,,,,,,,,,,,,,,,,,,,,,,,,497.4286,500.149,e,2.7065,,0,5,5,0,1,stimuliTAFCfirst/nimnym001.wav,,,,,,,,,,,,,
,,,,,600562,001,2024-05-24_09h43.19.348,mathesisv2,2024.1.3,Win32,59.88023952,,,,,,,,,,,,,,,,,e,,,,,,,,,,,,,,,,,,,,,,,,,,,,,,,,,,,,,,,,,,,,,,,,,,,,,,,,,,,,,,,500.1499,503.4456,e,3.2769,,0,6,6,2,1,stimuliTAFCfirst/nimnym003.wav,,,,,,,,,,,,,
,,,,,600562,001,2024-05-24_09h43.19.348,mathesisv2,2024.1.3,Win32,59.88023952,,,,,,,,,,,,,,,,,y,,,,,,,,,,,,,,,,,,,,,,,,,,,,,,,,,,,,,,,,,,,,,,,,,,,,,,,,,,,,,,,503.4561,505.6288,y,2.158,,1,0,7,5,1,stimuliTAFCfirst/nimnym006.wav,,,,,,,,,,,,,
,,,,,600562,001,2024-05-24_09h43.19.348,mathesisv2,2024.1.3,Win32,59.88023952,,,,,,,,,,,,,,,,,y,,,,,,,,,,,,,,,,,,,,,,,,,,,,,,,,,,,,,,,,,,,,,,,,,,,,,,,,,,,,,,,505.6301,507.4092,y,1.7527,,1,1,8,4,1,stimuliTAFCfirst/nimnym005.wav,,,,,,,,,,,,,
,,,,,600562,001,2024-05-24_09h43.19.348,mathesisv2,2024.1.3,Win32,59.88023952,,,,,,,,,,,,,,,,,e,,,,,,,,,,,,,,,,,,,,,,,,,,,,,,,,,,,,,,,,,,,,,,,,,,,,,,,,,,,,,,,507.4103,509.7743,e,2.3364,,1,2,9,0,1,stimuliTAFCfirst/nimnym001.wav,,,,,,,,,,,,,
,,,,,600562,001,2024-05-24_09h43.19.348,mathesisv2,2024.1.3,Win32,59.88023952,,,,,,,,,,,,,,,,,y,,,,,,,,,,,,,,,,,,,,,,,,,,,,,,,,,,,,,,,,,,,,,,,,,,,,,,,,,,,,,,,509.776,511.9058,y,2.0988,,1,3,10,6,1,stimuliTAFCfirst/nimnym007.wav,,,,,,,,,,,,,
,,,,,600562,001,2024-05-24_09h43.19.348,mathesisv2,2024.1.3,Win32,59.88023952,,,,,,,,,,,,,,,,,x,,,,,,,,,,,,,,,,,,,,,,,,,,,,,,,,,,,,,,,,,,,,,,,,,,,,,,,,,,,,,,,511.9078,513.4873,y,1.5579,,1,4,11,3,1,stimuliTAFCfirst/nimnym004.wav,,,,,,,,,,,,,
,,,,,600562,001,2024-05-24_09h43.19.348,mathesisv2,2024.1.3,Win32,59.88023952,,,,,,,,,,,,,,,,,e,,,,,,,,,,,,,,,,,,,,,,,,,,,,,,,,,,,,,,,,,,,,,,,,,,,,,,,,,,,,,,,513.4886,515.286,e,1.7653,,1,5,12,1,1,stimuliTAFCfirst/nimnym002.wav,,,,,,,,,,,,,
,,,,,600562,001,2024-05-24_09h43.19.348,mathesisv2,2024.1.3,Win32,59.88023952,,,,,,,,,,,,,,,,,e,,,,,,,,,,,,,,,,,,,,,,,,,,,,,,,,,,,,,,,,,,,,,,,,,,,,,,,,,,,,,,,515.2872,516.8512,e,1.533,,1,6,13,2,1,stimuliTAFCfirst/nimnym003.wav,,,,,,,,,,,,,
,,,,,600562,001,2024-05-24_09h43.19.348,mathesisv2,2024.1.3,Win32,59.88023952,,,,,,,,,,,,,,,,,y,516.8535,518.5672,space,1.682,,,,,,,,,,,,,,,,,,,,,,,,,,,,,,,,,,,,,,,,,,,,,,,,,,,,,,,,,,,,,,,,,,,,,,518.572,522.5477,y,3.9438,,0,0,0,4,1,stimuliTAFCsec/numnym005.wav,,
,,,,,600562,001,2024-05-24_09h43.19.348,mathesisv2,2024.1.3,Win32,59.88023952,,,,,,,,,,,,,,,,,u,,,,,,,,,,,,,,,,,,,,,,,,,,,,,,,,,,,,,,,,,,,,,,,,,,,,,,,,,,,,,,,,,,,,,,,,,,522.5583,525.394,u,2.8159,,0,1,1,0,1,stimuliTAFCsec/numnym001.wav,,
,,,,,600562,001,2024-05-24_09h43.19.348,mathesisv2,2024.1.3,Win32,59.88023952,,,,,,,,,,,,,,,,,y,,,,,,,,,,,,,,,,,,,,,,,,,,,,,,,,,,,,,,,,,,,,,,,,,,,,,,,,,,,,,,,,,,,,,,,,,,525.4059,528.1913,y,2.7675,,0,2,2,5,1,stimuliTAFCsec/numnym006.wav,,
,,,,,600562,001,2024-05-24_09h43.19.348,mathesisv2,2024.1.3,Win32,59.88023952,,,,,,,,,,,,,,,,,u,,,,,,,,,,,,,,,,,,,,,,,,,,,,,,,,,,,,,,,,,,,,,,,,,,,,,,,,,,,,,,,,,,,,,,,,,,528.1927,530.0063,u,1.7845,,0,3,3,2,1,stimuliTAFCsec/numnym003.wav,,
,,,,,600562,001,2024-05-24_09h43.19.348,mathesisv2,2024.1.3,Win32,59.88023952,,,,,,,,,,,,,,,,,u,,,,,,,,,,,,,,,,,,,,,,,,,,,,,,,,,,,,,,,,,,,,,,,,,,,,,,,,,,,,,,,,,,,,,,,,,,530.0084,531.5049,u,1.4667,,0,4,4,1,1,stimuliTAFCsec/numnym002.wav,,
,,,,,600562,001,2024-05-24_09h43.19.348,mathesisv2,2024.1.3,Win32,59.88023952,,,,,,,,,,,,,,,,,y,,,,,,,,,,,,,,,,,,,,,,,,,,,,,,,,,,,,,,,,,,,,,,,,,,,,,,,,,,,,,,,,,,,,,,,,,,531.5063,533.153,y,1.6164,,0,5,5,6,1,stimuliTAFCsec/numnym007.wav,,
,,,,,600562,001,2024-05-24_09h43.19.348,mathesisv2,2024.1.3,Win32,59.88023952,,,,,,,,,,,,,,,,,x,,,,,,,,,,,,,,,,,,,,,,,,,,,,,,,,,,,,,,,,,,,,,,,,,,,,,,,,,,,,,,,,,,,,,,,,,,533.1541,536.5838,y,3.4037,,0,6,6,3,1,stimuliTAFCsec/numnym004.wav,,
,,,,,600562,001,2024-05-24_09h43.19.348,mathesisv2,2024.1.3,Win32,59.88023952,,,,,,,,,,,,,,,,,y,,,,,,,,,,,,,,,,,,,,,,,,,,,,,,,,,,,,,,,,,,,,,,,,,,,,,,,,,,,,,,,,,,,,,,,,,,536.5854,538.4659,y,1.8498,,1,0,7,5,1,stimuliTAFCsec/numnym006.wav,,
,,,,,600562,001,2024-05-24_09h43.19.348,mathesisv2,2024.1.3,Win32,59.88023952,,,,,,,,,,,,,,,,,u,,,,,,,,,,,,,,,,,,,,,,,,,,,,,,,,,,,,,,,,,,,,,,,,,,,,,,,,,,,,,,,,,,,,,,,,,,538.467,540.1475,u,1.6502,,1,1,8,1,1,stimuliTAFCsec/numnym002.wav,,
,,,,,600562,001,2024-05-24_09h43.19.348,mathesisv2,2024.1.3,Win32,59.88023952,,,,,,,,,,,,,,,,,y,,,,,,,,,,,,,,,,,,,,,,,,,,,,,,,,,,,,,,,,,,,,,,,,,,,,,,,,,,,,,,,,,,,,,,,,,,540.149,542.6285,y,2.4488,,1,2,9,6,1,stimuliTAFCsec/numnym007.wav,,
,,,,,600562,001,2024-05-24_09h43.19.348,mathesisv2,2024.1.3,Win32,59.88023952,,,,,,,,,,,,,,,,,y,,,,,,,,,,,,,,,,,,,,,,,,,,,,,,,,,,,,,,,,,,,,,,,,,,,,,,,,,,,,,,,,,,,,,,,,,,542.6295,544.8264,y,2.1679,,1,3,10,4,1,stimuliTAFCsec/numnym005.wav,,
,,,,,600562,001,2024-05-24_09h43.19.348,mathesisv2,2024.1.3,Win32,59.88023952,,,,,,,,,,,,,,,,,u,,,,,,,,,,,,,,,,,,,,,,,,,,,,,,,,,,,,,,,,,,,,,,,,,,,,,,,,,,,,,,,,,,,,,,,,,,544.8276,546.908,u,2.049,,1,4,11,0,1,stimuliTAFCsec/numnym001.wav,,
,,,,,600562,001,2024-05-24_09h43.19.348,mathesisv2,2024.1.3,Win32,59.88023952,,,,,,,,,,,,,,,,,u,,,,,,,,,,,,,,,,,,,,,,,,,,,,,,,,,,,,,,,,,,,,,,,,,,,,,,,,,,,,,,,,,,,,,,,,,,546.9099,548.5742,u,1.6419,,1,5,12,2,1,stimuliTAFCsec/numnym003.wav,,
,,,,,600562,001,2024-05-24_09h43.19.348,mathesisv2,2024.1.3,Win32,59.88023952,,,,,,,,,,,,,,,,,x,,,,,,,,,,,,,,,,,,,,,,,,,,,,,,,,,,,,,,,,,,,,,,,,,,,,,,,,,,,,,,,,,,,,,,,,,,548.5758,550.4882,y,1.8827,,1,6,13,3,1,stimuliTAFCsec/numnym004.wav,,
,,,,,600562,001,2024-05-24_09h43.19.348,mathesisv2,2024.1.3,Win32,59.88023952,,,,,,,,,,,,,,,,,y,,,,,,,,,,,,,,,,,,,,,,,,,,550.4904,559.3155,space,8.8011,,,,,,,,,,,,,,,,,,,,,,,,,,,,,,,,,,559.3263,564.5333,y,5.1969,,0,0,0,6,1,stimuliTAFCfirst/nimnym007.wav,,,,,,,,,,,,,
,,,,,600562,001,2024-05-24_09h43.19.348,mathesisv2,2024.1.3,Win32,59.88023952,,,,,,,,,,,,,,,,,e,,,,,,,,,,,,,,,,,,,,,,,,,,,,,,,,,,,,,,,,,,,,,,,,,,,,,,,,,,,,,,,564.5412,566.4145,e,1.8657,,0,1,1,1,1,stimuliTAFCfirst/nimnym002.wav,,,,,,,,,,,,,
,,,,,600562,001,2024-05-24_09h43.19.348,mathesisv2,2024.1.3,Win32,59.88023952,,,,,,,,,,,,,,,,,e,,,,,,,,,,,,,,,,,,,,,,,,,,,,,,,,,,,,,,,,,,,,,,,,,,,,,,,,,,,,,,,566.4148,568.1624,e,1.732,,0,2,2,2,1,stimuliTAFCfirst/nimnym003.wav,,,,,,,,,,,,,
,,,,,600562,001,2024-05-24_09h43.19.348,mathesisv2,2024.1.3,Win32,59.88023952,,,,,,,,,,,,,,,,,e,,,,,,,,,,,,,,,,,,,,,,,,,,,,,,,,,,,,,,,,,,,,,,,,,,,,,,,,,,,,,,,568.1626,569.9104,e,1.7321,,0,3,3,0,1,stimuliTAFCfirst/nimnym001.wav,,,,,,,,,,,,,
,,,,,600562,001,2024-05-24_09h43.19.348,mathesisv2,2024.1.3,Win32,59.88023952,,,,,,,,,,,,,,,,,x,,,,,,,,,,,,,,,,,,,,,,,,,,,,,,,,,,,,,,,,,,,,,,,,,,,,,,,,,,,,,,,569.9106,571.8751,y,1.9485,,0,4,4,3,1,stimuliTAFCfirst/nimnym004.wav,,,,,,,,,,,,,
,,,,,600562,001,2024-05-24_09h43.19.348,mathesisv2,2024.1.3,Win32,59.88023952,,,,,,,,,,,,,,,,,y,,,,,,,,,,,,,,,,,,,,,,,,,,,,,,,,,,,,,,,,,,,,,,,,,,,,,,,,,,,,,,,571.8755,573.7078,y,1.8155,,0,5,5,5,1,stimuliTAFCfirst/nimnym006.wav,,,,,,,,,,,,,
,,,,,600562,001,2024-05-24_09h43.19.348,mathesisv2,2024.1.3,Win32,59.88023952,,,,,,,,,,,,,,,,,y,,,,,,,,,,,,,,,,,,,,,,,,,,,,,,,,,,,,,,,,,,,,,,,,,,,,,,,,,,,,,,,573.7081,575.3893,y,1.6657,,0,6,6,4,1,stimuliTAFCfirst/nimnym005.wav,,,,,,,,,,,,,
,,,,,600562,001,2024-05-24_09h43.19.348,mathesisv2,2024.1.3,Win32,59.88023952,,,,,,,,,,,,,,,,,e,,,,,,,,,,,,,,,,,,,,,,,,,,,,,,,,,,,,,,,,,,,,,,,,,,,,,,,,,,,,,,,575.3896,577.6212,e,2.2159,,1,0,7,2,1,stimuliTAFCfirst/nimnym003.wav,,,,,,,,,,,,,
,,,,,600562,001,2024-05-24_09h43.19.348,mathesisv2,2024.1.3,Win32,59.88023952,,,,,,,,,,,,,,,,,x,,,,,,,,,,,,,,,,,,,,,,,,,,,,,,,,,,,,,,,,,,,,,,,,,,,,,,,,,,,,,,,577.6297,579.5192,y,1.8822,,1,1,8,3,1,stimuliTAFCfirst/nimnym004.wav,,,,,,,,,,,,,
,,,,,600562,001,2024-05-24_09h43.19.348,mathesisv2,2024.1.3,Win32,59.88023952,,,,,,,,,,,,,,,,,y,,,,,,,,,,,,,,,,,,,,,,,,,,,,,,,,,,,,,,,,,,,,,,,,,,,,,,,,,,,,,,,579.5194,581.3846,y,1.8497,,1,2,9,6,1,stimuliTAFCfirst/nimnym007.wav,,,,,,,,,,,,,
,,,,,600562,001,2024-05-24_09h43.19.348,mathesisv2,2024.1.3,Win32,59.88023952,,,,,,,,,,,,,,,,,y,,,,,,,,,,,,,,,,,,,,,,,,,,,,,,,,,,,,,,,,,,,,,,,,,,,,,,,,,,,,,,,581.3848,583.2325,y,1.8324,,1,3,10,4,1,stimuliTAFCfirst/nimnym005.wav,,,,,,,,,,,,,
,,,,,600562,001,2024-05-24_09h43.19.348,mathesisv2,2024.1.3,Win32,59.88023952,,,,,,,,,,,,,,,,,y,,,,,,,,,,,,,,,,,,,,,,,,,,,,,,,,,,,,,,,,,,,,,,,,,,,,,,,,,,,,,,,583.2328,584.9648,y,1.7164,,1,4,11,5,1,stimuliTAFCfirst/nimnym006.wav,,,,,,,,,,,,,
,,,,,600562,001,2024-05-24_09h43.19.348,mathesisv2,2024.1.3,Win32,59.88023952,,,,,,,,,,,,,,,,,e,,,,,,,,,,,,,,,,,,,,,,,,,,,,,,,,,,,,,,,,,,,,,,,,,,,,,,,,,,,,,,,584.9651,586.6628,e,1.6821,,1,5,12,1,1,stimuliTAFCfirst/nimnym002.wav,,,,,,,,,,,,,
,,,,,600562,001,2024-05-24_09h43.19.348,mathesisv2,2024.1.3,Win32,59.88023952,,,,,,,,,,,,,,,,,e,,,,,,,,,,,,,,,,,,,,,,,,,,,,,,,,,,,,,,,,,,,,,,,,,,,,,,,,,,,,,,,586.6631,588.2118,e,1.5331,,1,6,13,0,1,stimuliTAFCfirst/nimnym001.wav,,,,,,,,,,,,,
,,,,,600562,001,2024-05-24_09h43.19.348,mathesisv2,2024.1.3,Win32,59.88023952,,,,,,,,,,,,,,,,,u,588.2119,589.8767,space,1.6488,,,,,,,,,,,,,,,,,,,,,,,,,,,,,,,,,,,,,,,,,,,,,,,,,,,,,,,,,,,,,,,,,,,,,,589.8864,593.9187,u,3.9982,,0,0,0,0,1,stimuliTAFCsec/numnym001.wav,,
,,,,,600562,001,2024-05-24_09h43.19.348,mathesisv2,2024.1.3,Win32,59.88023952,,,,,,,,,,,,,,,,,u,,,,,,,,,,,,,,,,,,,,,,,,,,,,,,,,,,,,,,,,,,,,,,,,,,,,,,,,,,,,,,,,,,,,,,,,,,593.9512,595.6989,u,1.7346,,0,1,1,2,1,stimuliTAFCsec/numnym003.wav,,
,,,,,600562,001,2024-05-24_09h43.19.348,mathesisv2,2024.1.3,Win32,59.88023952,,,,,,,,,,,,,,,,,y,,,,,,,,,,,,,,,,,,,,,,,,,,,,,,,,,,,,,,,,,,,,,,,,,,,,,,,,,,,,,,,,,,,,,,,,,,595.7001,597.4308,y,1.6995,,0,2,2,5,1,stimuliTAFCsec/numnym006.wav,,
,,,,,600562,001,2024-05-24_09h43.19.348,mathesisv2,2024.1.3,Win32,59.88023952,,,,,,,,,,,,,,,,,x,,,,,,,,,,,,,,,,,,,,,,,,,,,,,,,,,,,,,,,,,,,,,,,,,,,,,,,,,,,,,,,,,,,,,,,,,,597.4319,599.3794,y,1.9162,,0,3,3,3,1,stimuliTAFCsec/numnym004.wav,,
,,,,,600562,001,2024-05-24_09h43.19.348,mathesisv2,2024.1.3,Win32,59.88023952,,,,,,,,,,,,,,,,,y,,,,,,,,,,,,,,,,,,,,,,,,,,,,,,,,,,,,,,,,,,,,,,,,,,,,,,,,,,,,,,,,,,,,,,,,,,599.3807,601.228,y,1.817,,0,4,4,6,1,stimuliTAFCsec/numnym007.wav,,
,,,,,600562,001,2024-05-24_09h43.19.348,mathesisv2,2024.1.3,Win32,59.88023952,,,,,,,,,,,,,,,,,y,,,,,,,,,,,,,,,,,,,,,,,,,,,,,,,,,,,,,,,,,,,,,,,,,,,,,,,,,,,,,,,,,,,,,,,,,,601.2294,602.9759,y,1.7164,,0,5,5,4,1,stimuliTAFCsec/numnym005.wav,,
,,,,,600562,001,2024-05-24_09h43.19.348,mathesisv2,2024.1.3,Win32,59.88023952,,,,,,,,,,,,,,,,,u,,,,,,,,,,,,,,,,,,,,,,,,,,,,,,,,,,,,,,,,,,,,,,,,,,,,,,,,,,,,,,,,,,,,,,,,,,602.9773,604.525,u,1.5184,,0,6,6,1,1,stimuliTAFCsec/numnym002.wav,,
,,,,,600562,001,2024-05-24_09h43.19.348,mathesisv2,2024.1.3,Win32,59.88023952,,,,,,,,,,,,,,,,,u,,,,,,,,,,,,,,,,,,,,,,,,,,,,,,,,,,,,,,,,,,,,,,,,,,,,,,,,,,,,,,,,,,,,,,,,,,604.5264,605.991,u,1.4418,,1,0,7,1,1,stimuliTAFCsec/numnym002.wav,,
,,,,,600562,001,2024-05-24_09h43.19.348,mathesisv2,2024.1.3,Win32,59.88023952,,,,,,,,,,,,,,,,,u,,,,,,,,,,,,,,,,,,,,,,,,,,,,,,,,,,,,,,,,,,,,,,,,,,,,,,,,,,,,,,,,,,,,,,,,,,605.9925,607.4386,u,1.4237,,1,1,8,2,1,stimuliTAFCsec/numnym003.wav,,
,,,,,600562,001,2024-05-24_09h43.19.348,mathesisv2,2024.1.3,Win32,59.88023952,,,,,,,,,,,,,,,,,y,,,,,,,,,,,,,,,,,,,,,,,,,,,,,,,,,,,,,,,,,,,,,,,,,,,,,,,,,,,,,,,,,,,,,,,,,,607.4399,609.1039,y,1.6328,,1,2,9,4,1,stimuliTAFCsec/numnym005.wav,,
,,,,,600562,001,2024-05-24_09h43.19.348,mathesisv2,2024.1.3,Win32,59.88023952,,,,,,,,,,,,,,,,,u,,,,,,,,,,,,,,,,,,,,,,,,,,,,,,,,,,,,,,,,,,,,,,,,,,,,,,,,,,,,,,,,,,,,,,,,,,609.1052,610.7862,u,1.6485,,1,3,10,0,1,stimuliTAFCsec/numnym001.wav,,
,,,,,600562,001,2024-05-24_09h43.19.348,mathesisv2,2024.1.3,Win32,59.88023952,,,,,,,,,,,,,,,,,y,,,,,,,,,,,,,,,,,,,,,,,,,,,,,,,,,,,,,,,,,,,,,,,,,,,,,,,,,,,,,,,,,,,,,,,,,,610.7883,612.3011,y,1.4863,,1,4,11,6,1,stimuliTAFCsec/numnym007.wav,,
,,,,,600562,001,2024-05-24_09h43.19.348,mathesisv2,2024.1.3,Win32,59.88023952,,,,,,,,,,,,,,,,,y,,,,,,,,,,,,,,,,,,,,,,,,,,,,,,,,,,,,,,,,,,,,,,,,,,,,,,,,,,,,,,,,,,,,,,,,,,612.3027,613.7829,y,1.4487,,1,5,12,5,1,stimuliTAFCsec/numnym006.wav,,
,,,,,600562,001,2024-05-24_09h43.19.348,mathesisv2,2024.1.3,Win32,59.88023952,,,,,,,,,,,,,,,,,x,,,,,,,,,,,,,,,,,,,,,,,,,,,,,,,,,,,,,,,,,,,,,,,,,,,,,,,,,,,,,,,,,,,,,,,,,,613.7841,615.9647,y,2.1483,,1,6,13,3,1,stimuliTAFCsec/numnym004.wav,,
,,,,,600562,001,2024-05-24_09h43.19.348,mathesisv2,2024.1.3,Win32,59.88023952,,,,,,,,,,,,,,,,,y,,,,,,,,,,,,,,,,,,,,,,,,,,615.9653,625.2404,space,9.2445,,,,,,,,,,,,,,,,,,,,,,,,,,,,,,,,,,625.2541,628.871,y,3.5989,,0,0,0,6,1,stimuliTAFCfirst/nimnym007.wav,,,,,,,,,,,,,
,,,,,600562,001,2024-05-24_09h43.19.348,mathesisv2,2024.1.3,Win32,59.88023952,,,,,,,,,,,,,,,,,y,,,,,,,,,,,,,,,,,,,,,,,,,,,,,,,,,,,,,,,,,,,,,,,,,,,,,,,,,,,,,,,628.8724,630.4691,y,1.5725,,0,1,1,5,1,stimuliTAFCfirst/nimnym006.wav,,,,,,,,,,,,,
,,,,,600562,001,2024-05-24_09h43.19.348,mathesisv2,2024.1.3,Win32,59.88023952,,,,,,,,,,,,,,,,,e,,,,,,,,,,,,,,,,,,,,,,,,,,,,,,,,,,,,,,,,,,,,,,,,,,,,,,,,,,,,,,,630.4704,632.0338,e,1.5348,,0,2,2,2,1,stimuliTAFCfirst/nimnym003.wav,,,,,,,,,,,,,
,,,,,600562,001,2024-05-24_09h43.19.348,mathesisv2,2024.1.3,Win32,59.88023952,,,,,,,,,,,,,,,,,x,,,,,,,,,,,,,,,,,,,,,,,,,,,,,,,,,,,,,,,,,,,,,,,,,,,,,,,,,,,,,,,632.035,633.6731,y,1.6159,,0,3,3,3,1,stimuliTAFCfirst/nimnym004.wav,,,,,,,,,,,,,
,,,,,600562,001,2024-05-24_09h43.19.348,mathesisv2,2024.1.3,Win32,59.88023952,,,,,,,,,,,,,,,,,y,,,,,,,,,,,,,,,,,,,,,,,,,,,,,,,,,,,,,,,,,,,,,,,,,,,,,,,,,,,,,,,633.6736,635.2219,y,1.5334,,0,4,4,4,1,stimuliTAFCfirst/nimnym005.wav,,,,,,,,,,,,,
,,,,,600562,001,2024-05-24_09h43.19.348,mathesisv2,2024.1.3,Win32,59.88023952,,,,,,,,,,,,,,,,,e,,,,,,,,,,,,,,,,,,,,,,,,,,,,,,,,,,,,,,,,,,,,,,,,,,,,,,,,,,,,,,,635.2225,636.7968,e,1.5532,,0,5,5,0,1,stimuliTAFCfirst/nimnym001.wav,,,,,,,,,,,,,
,,,,,600562,001,2024-05-24_09h43.19.348,mathesisv2,2024.1.3,Win32,59.88023952,,,,,,,,,,,,,,,,,e,,,,,,,,,,,,,,,,,,,,,,,,,,,,,,,,,,,,,,,,,,,,,,,,,,,,,,,,,,,,,,,636.798,638.1789,e,1.3497,,0,6,6,1,1,stimuliTAFCfirst/nimnym002.wav,,,,,,,,,,,,,
,,,,,600562,001,2024-05-24_09h43.19.348,mathesisv2,2024.1.3,Win32,59.88023952,,,,,,,,,,,,,,,,,e,,,,,,,,,,,,,,,,,,,,,,,,,,,,,,,,,,,,,,,,,,,,,,,,,,,,,,,,,,,,,,,638.1805,639.6277,e,1.4171,,1,0,7,0,1,stimuliTAFCfirst/nimnym001.wav,,,,,,,,,,,,,
,,,,,600562,001,2024-05-24_09h43.19.348,mathesisv2,2024.1.3,Win32,59.88023952,,,,,,,,,,,,,,,,,x,,,,,,,,,,,,,,,,,,,,,,,,,,,,,,,,,,,,,,,,,,,,,,,,,,,,,,,,,,,,,,,639.629,641.2104,y,1.5504,,1,1,8,3,1,stimuliTAFCfirst/nimnym004.wav,,,,,,,,,,,,,
,,,,,600562,001,2024-05-24_09h43.19.348,mathesisv2,2024.1.3,Win32,59.88023952,,,,,,,,,,,,,,,,,e,,,,,,,,,,,,,,,,,,,,,,,,,,,,,,,,,,,,,,,,,,,,,,,,,,,,,,,,,,,,,,,641.2118,643.2585,e,2.0206,,1,2,9,2,1,stimuliTAFCfirst/nimnym003.wav,,,,,,,,,,,,,
,,,,,600562,001,2024-05-24_09h43.19.348,mathesisv2,2024.1.3,Win32,59.88023952,,,,,,,,,,,,,,,,,y,,,,,,,,,,,,,,,,,,,,,,,,,,,,,,,,,,,,,,,,,,,,,,,,,,,,,,,,,,,,,,,643.2599,644.8232,y,1.5327,,1,3,10,4,1,stimuliTAFCfirst/nimnym005.wav,,,,,,,,,,,,,
,,,,,600562,001,2024-05-24_09h43.19.348,mathesisv2,2024.1.3,Win32,59.88023952,,,,,,,,,,,,,,,,,e,,,,,,,,,,,,,,,,,,,,,,,,,,,,,,,,,,,,,,,,,,,,,,,,,,,,,,,,,,,,,,,644.8251,646.5551,e,1.7026,,1,4,11,1,1,stimuliTAFCfirst/nimnym002.wav,,,,,,,,,,,,,
,,,,,600562,001,2024-05-24_09h43.19.348,mathesisv2,2024.1.3,Win32,59.88023952,,,,,,,,,,,,,,,,,y,,,,,,,,,,,,,,,,,,,,,,,,,,,,,,,,,,,,,,,,,,,,,,,,,,,,,,,,,,,,,,,646.5564,648.2365,y,1.6518,,1,5,12,6,1,stimuliTAFCfirst/nimnym007.wav,,,,,,,,,,,,,
,,,,,600562,001,2024-05-24_09h43.19.348,mathesisv2,2024.1.3,Win32,59.88023952,,,,,,,,,,,,,,,,,y,,,,,,,,,,,,,,,,,,,,,,,,,,,,,,,,,,,,,,,,,,,,,,,,,,,,,,,,,,,,,,,648.2374,649.6525,y,1.3909,,1,6,13,5,1,stimuliTAFCfirst/nimnym006.wav,,,,,,,,,,,,,
,,,,,600562,001,2024-05-24_09h43.19.348,mathesisv2,2024.1.3,Win32,59.88023952,,,,,,,,,,,,,,,,,x,649.6528,651.4509,space,1.771,,,,,,,,,,,,,,,,,,,,,,,,,,,,,,,,,,,,,,,,,,,,,,,,,,,,,,,,,,,,,,,,,,,,,,651.4666,655.1642,y,3.6819,,0,0,0,3,1,stimuliTAFCsec/numnym004.wav,,
,,,,,600562,001,2024-05-24_09h43.19.348,mathesisv2,2024.1.3,Win32,59.88023952,,,,,,,,,,,,,,,,,y,,,,,,,,,,,,,,,,,,,,,,,,,,,,,,,,,,,,,,,,,,,,,,,,,,,,,,,,,,,,,,,,,,,,,,,,,,655.1657,657.0294,y,1.8325,,0,1,1,5,1,stimuliTAFCsec/numnym006.wav,,
,,,,,600562,001,2024-05-24_09h43.19.348,mathesisv2,2024.1.3,Win32,59.88023952,,,,,,,,,,,,,,,,,u,,,,,,,,,,,,,,,,,,,,,,,,,,,,,,,,,,,,,,,,,,,,,,,,,,,,,,,,,,,,,,,,,,,,,,,,,,657.0313,658.5014,u,1.4491,,0,2,2,0,1,stimuliTAFCsec/numnym001.wav,,
,,,,,600562,001,2024-05-24_09h43.19.348,mathesisv2,2024.1.3,Win32,59.88023952,,,,,,,,,,,,,,,,,u,,,,,,,,,,,,,,,,,,,,,,,,,,,,,,,,,,,,,,,,,,,,,,,,,,,,,,,,,,,,,,,,,,,,,,,,,,658.5017,659.9767,u,1.4501,,0,3,3,2,1,stimuliTAFCsec/numnym003.wav,,
,,,,,600562,001,2024-05-24_09h43.19.348,mathesisv2,2024.1.3,Win32,59.88023952,,,,,,,,,,,,,,,,,y,,,,,,,,,,,,,,,,,,,,,,,,,,,,,,,,,,,,,,,,,,,,,,,,,,,,,,,,,,,,,,,,,,,,,,,,,,659.9781,661.4581,y,1.4539,,0,4,4,4,1,stimuliTAFCsec/numnym005.wav,,
,,,,,600562,001,2024-05-24_09h43.19.348,mathesisv2,2024.1.3,Win32,59.88023952,,,,,,,,,,,,,,,,,u,,,,,,,,,,,,,,,,,,,,,,,,,,,,,,,,,,,,,,,,,,,,,,,,,,,,,,,,,,,,,,,,,,,,,,,,,,661.4593,663.0233,u,1.5407,,0,5,5,1,1,stimuliTAFCsec/numnym002.wav,,
,,,,,600562,001,2024-05-24_09h43.19.348,mathesisv2,2024.1.3,Win32,59.88023952,,,,,,,,,,,,,,,,,y,,,,,,,,,,,,,,,,,,,,,,,,,,,,,,,,,,,,,,,,,,,,,,,,,,,,,,,,,,,,,,,,,,,,,,,,,,663.0246,664.4057,y,1.3532,,0,6,6,6,1,stimuliTAFCsec/numnym007.wav,,
,,,,,600562,001,2024-05-24_09h43.19.348,mathesisv2,2024.1.3,Win32,59.88023952,,,,,,,,,,,,,,,,,u,,,,,,,,,,,,,,,,,,,,,,,,,,,,,,,,,,,,,,,,,,,,,,,,,,,,,,,,,,,,,,,,,,,,,,,,,,664.4075,665.7877,u,1.3493,,1,0,7,2,1,stimuliTAFCsec/numnym003.wav,,
,,,,,600562,001,2024-05-24_09h43.19.348,mathesisv2,2024.1.3,Win32,59.88023952,,,,,,,,,,,,,,,,,u,,,,,,,,,,,,,,,,,,,,,,,,,,,,,,,,,,,,,,,,,,,,,,,,,,,,,,,,,,,,,,,,,,,,,,,,,,665.7889,667.0868,u,1.2658,,1,1,8,1,1,stimuliTAFCsec/numnym002.wav,,
,,,,,600562,001,2024-05-24_09h43.19.348,mathesisv2,2024.1.3,Win32,59.88023952,,,,,,,,,,,,,,,,,x,,,,,,,,,,,,,,,,,,,,,,,,,,,,,,,,,,,,,,,,,,,,,,,,,,,,,,,,,,,,,,,,,,,,,,,,,,667.0883,669.135,u,2.0222,,1,2,9,3,1,stimuliTAFCsec/numnym004.wav,,
,,,,,600562,001,2024-05-24_09h43.19.348,mathesisv2,2024.1.3,Win32,59.88023952,,,,,,,,,,,,,,,,,y,,,,,,,,,,,,,,,,,,,,,,,,,,,,,,,,,,,,,,,,,,,,,,,,,,,,,,,,,,,,,,,,,,,,,,,,,,669.1363,671.3332,y,2.1651,,1,3,10,4,1,stimuliTAFCsec/numnym005.wav,,
,,,,,600562,001,2024-05-24_09h43.19.348,mathesisv2,2024.1.3,Win32,59.88023952,,,,,,,,,,,,,,,,,y,,,,,,,,,,,,,,,,,,,,,,,,,,,,,,,,,,,,,,,,,,,,,,,,,,,,,,,,,,,,,,,,,,,,,,,,,,671.3467,672.9651,y,1.6055,,1,4,11,5,1,stimuliTAFCsec/numnym006.wav,,
,,,,,600562,001,2024-05-24_09h43.19.348,mathesisv2,2024.1.3,Win32,59.88023952,,,,,,,,,,,,,,,,,y,,,,,,,,,,,,,,,,,,,,,,,,,,,,,,,,,,,,,,,,,,,,,,,,,,,,,,,,,,,,,,,,,,,,,,,,,,672.9663,676.33,y,3.3411,,1,5,12,6,1,stimuliTAFCsec/numnym007.wav,,
,,,,,600562,001,2024-05-24_09h43.19.348,mathesisv2,2024.1.3,Win32,59.88023952,,,,,,,,,,,,,,,,,u,,,,,,,,,,,,,,,,,,,,,,,,,,,,,,,,,,,,,,,,,,,,,,,,,,,,,,,,,,,,,,,,,,,,,,,,,,676.3427,677.8947,u,1.5364,,1,6,13,0,1,stimuliTAFCsec/numnym001.wav,,
,,,,,600562,001,2024-05-24_09h43.19.348,mathesisv2,2024.1.3,Win32,59.88023952,,,,,,,,,,,,,,,,,e,,,,,,,,,,,,,,,,,,,,,,,,,,677.8952,681.7742,space,3.8469,,,,,,,,,,,,,,,,,,,,,,,,,,,,,,,,,,681.794,683.8891,e,2.0863,,0,0,0,1,1,stimuliTAFCfirst/nimnym002.wav,,,,,,,,,,,,,
,,,,,600562,001,2024-05-24_09h43.19.348,mathesisv2,2024.1.3,Win32,59.88023952,,,,,,,,,,,,,,,,,y,,,,,,,,,,,,,,,,,,,,,,,,,,,,,,,,,,,,,,,,,,,,,,,,,,,,,,,,,,,,,,,683.8904,686.4702,y,2.548,,0,1,1,4,1,stimuliTAFCfirst/nimnym005.wav,,,,,,,,,,,,,
,,,,,600562,001,2024-05-24_09h43.19.348,mathesisv2,2024.1.3,Win32,59.88023952,,,,,,,,,,,,,,,,,x,,,,,,,,,,,,,,,,,,,,,,,,,,,,,,,,,,,,,,,,,,,,,,,,,,,,,,,,,,,,,,,686.4712,689.1012,y,2.6065,,0,2,2,3,1,stimuliTAFCfirst/nimnym004.wav,,,,,,,,,,,,,
,,,,,600562,001,2024-05-24_09h43.19.348,mathesisv2,2024.1.3,Win32,59.88023952,,,,,,,,,,,,,,,,,e,,,,,,,,,,,,,,,,,,,,,,,,,,,,,,,,,,,,,,,,,,,,,,,,,,,,,,,,,,,,,,,689.1024,690.9159,e,1.789,,0,3,3,2,1,stimuliTAFCfirst/nimnym003.wav,,,,,,,,,,,,,
,,,,,600562,001,2024-05-24_09h43.19.348,mathesisv2,2024.1.3,Win32,59.88023952,,,,,,,,,,,,,,,,,y,,,,,,,,,,,,,,,,,,,,,,,,,,,,,,,,,,,,,,,,,,,,,,,,,,,,,,,,,,,,,,,690.917,692.4979,y,1.549,,0,4,4,5,1,stimuliTAFCfirst/nimnym006.wav,,,,,,,,,,,,,
,,,,,600562,001,2024-05-24_09h43.19.348,mathesisv2,2024.1.3,Win32,59.88023952,,,,,,,,,,,,,,,,,y,,,,,,,,,,,,,,,,,,,,,,,,,,,,,,,,,,,,,,,,,,,,,,,,,,,,,,,,,,,,,,,692.4994,694.2133,y,1.6821,,0,5,5,6,1,stimuliTAFCfirst/nimnym007.wav,,,,,,,,,,,,,
,,,,,600562,001,2024-05-24_09h43.19.348,mathesisv2,2024.1.3,Win32,59.88023952,,,,,,,,,,,,,,,,,e,,,,,,,,,,,,,,,,,,,,,,,,,,,,,,,,,,,,,,,,,,,,,,,,,,,,,,,,,,,,,,,694.2143,695.9615,e,1.716,,0,6,6,0,1,stimuliTAFCfirst/nimnym001.wav,,,,,,,,,,,,,
,,,,,600562,001,2024-05-24_09h43.19.348,mathesisv2,2024.1.3,Win32,59.88023952,,,,,,,,,,,,,,,,,e,,,,,,,,,,,,,,,,,,,,,,,,,,,,,,,,,,,,,,,,,,,,,,,,,,,,,,,,,,,,,,,695.9626,697.4604,e,1.4652,,1,0,7,0,1,stimuliTAFCfirst/nimnym001.wav,,,,,,,,,,,,,
,,,,,600562,001,2024-05-24_09h43.19.348,mathesisv2,2024.1.3,Win32,59.88023952,,,,,,,,,,,,,,,,,y,,,,,,,,,,,,,,,,,,,,,,,,,,,,,,,,,,,,,,,,,,,,,,,,,,,,,,,,,,,,,,,697.4616,699.0588,y,1.5652,,1,1,8,4,1,stimuliTAFCfirst/nimnym005.wav,,,,,,,,,,,,,
,,,,,600562,001,2024-05-24_09h43.19.348,mathesisv2,2024.1.3,Win32,59.88023952,,,,,,,,,,,,,,,,,e,,,,,,,,,,,,,,,,,,,,,,,,,,,,,,,,,,,,,,,,,,,,,,,,,,,,,,,,,,,,,,,699.0599,700.7742,e,1.6818,,1,2,9,2,1,stimuliTAFCfirst/nimnym003.wav,,,,,,,,,,,,,
,,,,,600562,001,2024-05-24_09h43.19.348,mathesisv2,2024.1.3,Win32,59.88023952,,,,,,,,,,,,,,,,,e,,,,,,,,,,,,,,,,,,,,,,,,,,,,,,,,,,,,,,,,,,,,,,,,,,,,,,,,,,,,,,,700.7754,702.1892,e,1.3821,,1,3,10,1,1,stimuliTAFCfirst/nimnym002.wav,,,,,,,,,,,,,
,,,,,600562,001,2024-05-24_09h43.19.348,mathesisv2,2024.1.3,Win32,59.88023952,,,,,,,,,,,,,,,,,y,,,,,,,,,,,,,,,,,,,,,,,,,,,,,,,,,,,,,,,,,,,,,,,,,,,,,,,,,,,,,,,702.1904,703.7719,y,1.5539,,1,4,11,6,1,stimuliTAFCfirst/nimnym007.wav,,,,,,,,,,,,,
,,,,,600562,001,2024-05-24_09h43.19.348,mathesisv2,2024.1.3,Win32,59.88023952,,,,,,,,,,,,,,,,,x,,,,,,,,,,,,,,,,,,,,,,,,,,,,,,,,,,,,,,,,,,,,,,,,,,,,,,,,,,,,,,,703.7734,705.7025,y,1.898,,1,5,12,3,1,stimuliTAFCfirst/nimnym004.wav,,,,,,,,,,,,,
,,,,,600562,001,2024-05-24_09h43.19.348,mathesisv2,2024.1.3,Win32,59.88023952,,,,,,,,,,,,,,,,,y,,,,,,,,,,,,,,,,,,,,,,,,,,,,,,,,,,,,,,,,,,,,,,,,,,,,,,,,,,,,,,,705.7036,707.3187,y,1.5837,,1,6,13,5,1,stimuliTAFCfirst/nimnym006.wav,,,,,,,,,,,,,
,,,,,600562,001,2024-05-24_09h43.19.348,mathesisv2,2024.1.3,Win32,59.88023952,,,,,,,,,,,,,,,,,y,707.3192,708.7513,space,1.399,,,,,,,,,,,,,,,,,,,,,,,,,,,,,,,,,,,,,,,,,,,,,,,,,,,,,,,,,,,,,,,,,,,,,,708.7546,712.5804,y,3.8034,,0,0,0,4,1,stimuliTAFCsec/numnym005.wav,,
,,,,,600562,001,2024-05-24_09h43.19.348,mathesisv2,2024.1.3,Win32,59.88023952,,,,,,,,,,,,,,,,,x,,,,,,,,,,,,,,,,,,,,,,,,,,,,,,,,,,,,,,,,,,,,,,,,,,,,,,,,,,,,,,,,,,,,,,,,,,712.594,715.2787,u,2.6663,,0,1,1,3,1,stimuliTAFCsec/numnym004.wav,,
,,,,,600562,001,2024-05-24_09h43.19.348,mathesisv2,2024.1.3,Win32,59.88023952,,,,,,,,,,,,,,,,,y,,,,,,,,,,,,,,,,,,,,,,,,,,,,,,,,,,,,,,,,,,,,,,,,,,,,,,,,,,,,,,,,,,,,,,,,,,715.2804,716.9105,y,1.6,,0,2,2,5,1,stimuliTAFCsec/numnym006.wav,,
,,,,,600562,001,2024-05-24_09h43.19.348,mathesisv2,2024.1.3,Win32,59.88023952,,,,,,,,,,,,,,,,,u,,,,,,,,,,,,,,,,,,,,,,,,,,,,,,,,,,,,,,,,,,,,,,,,,,,,,,,,,,,,,,,,,,,,,,,,,,716.9116,718.426,u,1.4828,,0,3,3,0,1,stimuliTAFCsec/numnym001.wav,,
,,,,,600562,001,2024-05-24_09h43.19.348,mathesisv2,2024.1.3,Win32,59.88023952,,,,,,,,,,,,,,,,,u,,,,,,,,,,,,,,,,,,,,,,,,,,,,,,,,,,,,,,,,,,,,,,,,,,,,,,,,,,,,,,,,,,,,,,,,,,718.4277,719.8908,u,1.4408,,0,4,4,2,1,stimuliTAFCsec/numnym003.wav,,
,,,,,600562,001,2024-05-24_09h43.19.348,mathesisv2,2024.1.3,Win32,59.88023952,,,,,,,,,,,,,,,,,u,,,,,,,,,,,,,,,,,,,,,,,,,,,,,,,,,,,,,,,,,,,,,,,,,,,,,,,,,,,,,,,,,,,,,,,,,,719.8925,721.3569,u,1.4327,,0,5,5,1,1,stimuliTAFCsec/numnym002.wav,,
,,,,,600562,001,2024-05-24_09h43.19.348,mathesisv2,2024.1.3,Win32,59.88023952,,,,,,,,,,,,,,,,,y,,,,,,,,,,,,,,,,,,,,,,,,,,,,,,,,,,,,,,,,,,,,,,,,,,,,,,,,,,,,,,,,,,,,,,,,,,721.3584,722.8548,y,1.4659,,0,6,6,6,1,stimuliTAFCsec/numnym007.wav,,
,,,,,600562,001,2024-05-24_09h43.19.348,mathesisv2,2024.1.3,Win32,59.88023952,,,,,,,,,,,,,,,,,y,,,,,,,,,,,,,,,,,,,,,,,,,,,,,,,,,,,,,,,,,,,,,,,,,,,,,,,,,,,,,,,,,,,,,,,,,,722.856,725.7689,y,2.8873,,1,0,7,4,1,stimuliTAFCsec/numnym005.wav,,
,,,,,600562,001,2024-05-24_09h43.19.348,mathesisv2,2024.1.3,Win32,59.88023952,,,,,,,,,,,,,,,,,y,,,,,,,,,,,,,,,,,,,,,,,,,,,,,,,,,,,,,,,,,,,,,,,,,,,,,,,,,,,,,,,,,,,,,,,,,,725.7815,728.0839,y,2.283,,1,1,8,5,1,stimuliTAFCsec/numnym006.wav,,
,,,,,600562,001,2024-05-24_09h43.19.348,mathesisv2,2024.1.3,Win32,59.88023952,,,,,,,,,,,,,,,,,u,,,,,,,,,,,,,,,,,,,,,,,,,,,,,,,,,,,,,,,,,,,,,,,,,,,,,,,,,,,,,,,,,,,,,,,,,,728.0853,729.532,u,1.4168,,1,2,9,0,1,stimuliTAFCsec/numnym001.wav,,
,,,,,600562,001,2024-05-24_09h43.19.348,mathesisv2,2024.1.3,Win32,59.88023952,,,,,,,,,,,,,,,,,y,,,,,,,,,,,,,,,,,,,,,,,,,,,,,,,,,,,,,,,,,,,,,,,,,,,,,,,,,,,,,,,,,,,,,,,,,,729.533,730.9808,y,1.4232,,1,3,10,6,1,stimuliTAFCsec/numnym007.wav,,
,,,,,600562,001,2024-05-24_09h43.19.348,mathesisv2,2024.1.3,Win32,59.88023952,,,,,,,,,,,,,,,,,u,,,,,,,,,,,,,,,,,,,,,,,,,,,,,,,,,,,,,,,,,,,,,,,,,,,,,,,,,,,,,,,,,,,,,,,,,,730.9821,733.529,u,2.5219,,1,4,11,1,1,stimuliTAFCsec/numnym002.wav,,
,,,,,600562,001,2024-05-24_09h43.19.348,mathesisv2,2024.1.3,Win32,59.88023952,,,,,,,,,,,,,,,,,x,,,,,,,,,,,,,,,,,,,,,,,,,,,,,,,,,,,,,,,,,,,,,,,,,,,,,,,,,,,,,,,,,,,,,,,,,,733.5417,738.0255,y,4.4644,,1,5,12,3,1,stimuliTAFCsec/numnym004.wav,,
,,,,,600562,001,2024-05-24_09h43.19.348,mathesisv2,2024.1.3,Win32,59.88023952,,,,,,,,,,,,,,,,,u,,,,,,,,,,,,,,,,,,,,,,,,,,,,,,,,,,,,,,,,,,,,,,,,,,,,,,,,,,,,,,,,,,,,,,,,,,738.0462,739.8237,u,1.7658,,1,6,13,2,1,stimuliTAFCsec/numnym003.wav,,
,,,,,600562,001,2024-05-24_09h43.19.348,mathesisv2,2024.1.3,Win32,59.88023952,,,,,,,,,,,,,,,,,,,,,,,,,,,,,,,,,,,,,,,,,,,739.8243,743.7868,space,3.9307,,,,,,,,,,,,,,,,,,,,,,,,,,,,,,,,,,,,,,,,,,,,,,,,,,,,,,,,743.7973,748.7843
