﻿inst_test.started,inst_test.stopped,key_resptest.keys,key_resptest.rt,key_resptest.duration,participant,session,date,expName,psychopyVersion,OS,frameRate,AXBteststimuli.started,AXBteststimuli.stopped,slider_7.response,slider_7.rt,trials.thisRepN,trials.thisTrialN,trials.thisN,trials.thisIndex,trials.ran,AXBtest,attentioncheck_test.started,attentioncheck_test.stopped,slider.response,slider.rt,inst01.started,inst01.stopped,key_respinst01.keys,key_respinst01.rt,key_respinst01.duration,AXBstimuli01.started,AXBstimuli01.stopped,slider_8.response,slider_8.rt,trials_2.thisRepN,trials_2.thisTrialN,trials_2.thisN,trials_2.thisIndex,trials_2.ran,AXBstimuli,Correct,pause01.started,pause01.stopped,key_resp.keys,key_resp.rt,key_resp.duration,trials_3.thisRepN,trials_3.thisTrialN,trials_3.thisN,trials_3.thisIndex,trials_3.ran,attentioncheck01.started,attentioncheck01.stopped,slider_2.response,slider_2.rt,key_resp_5.keys,trials_4.thisRepN,trials_4.thisTrialN,trials_4.thisN,trials_4.thisIndex,trials_4.ran,trials_5.thisRepN,trials_5.thisTrialN,trials_5.thisN,trials_5.thisIndex,trials_5.ran,attentioncheck02.started,attentioncheck02.stopped,key_resp_6.keys,key_resp_6.rt,key_resp_6.duration,button.numClicks,button.timesOn,button.timesOff,trials_6.thisRepN,trials_6.thisTrialN,trials_6.thisN,trials_6.thisIndex,trials_6.ran,trials_7.thisRepN,trials_7.thisTrialN,trials_7.thisN,trials_7.thisIndex,trials_7.ran,attentioncheck03.started,attentioncheck03.stopped,slider_3.response,slider_3.rt,trials_8.thisRepN,trials_8.thisTrialN,trials_8.thisN,trials_8.thisIndex,trials_8.ran,inst_test2.started,inst_test2.stopped,key_resp_2.keys,key_resp_2.rt,key_resp_2.duration,routine_2AFCteststimuli.started,routine_2AFCteststimuli.stopped,slider_9.response,slider_9.rt,trials_17.thisRepN,trials_17.thisTrialN,trials_17.thisN,trials_17.thisIndex,trials_17.ran,TAFCteststimuli,attentioncheck_test2.started,attentioncheck_test2.stopped,slider_4.response,slider_4.rt,inst02.started,inst02.stopped,key_resp_3.keys,key_resp_3.rt,key_resp_3.duration,routine_2AFCstimuli01.started,routine_2AFCstimuli01.stopped,slider_10.response,slider_10.rt,trials_9.thisRepN,trials_9.thisTrialN,trials_9.thisN,trials_9.thisIndex,trials_9.ran,TAFCstimuli01,attentioncheck04.started,attentioncheck04.stopped,slider_6.response,slider_6.rt,key_resp_9.keys,trials_10.thisRepN,trials_10.thisTrialN,trials_10.thisN,trials_10.thisIndex,trials_10.ran,trials_11.thisRepN,trials_11.thisTrialN,trials_11.thisN,trials_11.thisIndex,trials_11.ran,trials_12.thisRepN,trials_12.thisTrialN,trials_12.thisN,trials_12.thisIndex,trials_12.ran,routine_2AFCstimuli02.started,routine_2AFCstimuli02.stopped,slider_11.response,slider_11.rt,trials_13.thisRepN,trials_13.thisTrialN,trials_13.thisN,trials_13.thisIndex,trials_13.ran,TAFCstimuli02,attentioncheck05.started,attentioncheck05.stopped,key_resp_8.keys,slider_5.response,slider_5.rt,trials_14.thisRepN,trials_14.thisTrialN,trials_14.thisN,trials_14.thisIndex,trials_14.ran,trials_15.thisRepN,trials_15.thisTrialN,trials_15.thisN,trials_15.thisIndex,trials_15.ran,attentioncheck06.started,attentioncheck06.stopped,button_2.numClicks,button_2.timesOn,button_2.timesOff,key_resp_7.keys,key_resp_7.rt,key_resp_7.duration,trials_16.thisRepN,trials_16.thisTrialN,trials_16.thisN,trials_16.thisIndex,trials_16.ran,thankyou.started,thankyou.stopped,key_resp_4.keys,key_resp_4.rt,key_resp_4.duration
0.0005,8.1318,space,8.1121,,170569,001,2024-05-21_22h06.17.080,AXB:2AFC Experiments (16.05.2024),2024.1.3,MacIntel,60.24096386,,,,,,,,,,,,,,,,,,,,,,,,,,,,,,,,,,,,,,,,,,,,,,,,,,,,,,,,,,,,,,,,,,,,,,,,,,,,,,,,,,,,,,,,,,,,,,,,,,,,,,,,,,,,,,,,,,,,,,,,,,,,,,,,,,,,,,,,,,,,,,,,,,,,,,,,,,,,,,,,,,,,,,,,,,,,,,,,,,,
,,,,,170569,001,2024-05-21_22h06.17.080,AXB:2AFC Experiments (16.05.2024),2024.1.3,MacIntel,60.24096386,8.142,20.5328,1,12.3886,0,0,0,0,1,AXBstimuli/iiystimulus.wav,,,,,,,,,,,,,,,,,,,,,,,,,,,,,,,,,,,,,,,,,,,,,,,,,,,,,,,,,,,,,,,,,,,,,,,,,,,,,,,,,,,,,,,,,,,,,,,,,,,,,,,,,,,,,,,,,,,,,,,,,,,,,,,,,,,,,,,,,,,,,,,,,,,,,,,,,,,,,,,,,,,,,,,,,
,,,,,170569,001,2024-05-21_22h06.17.080,AXB:2AFC Experiments (16.05.2024),2024.1.3,MacIntel,60.24096386,20.5332,22.1661,1,1.6211,0,1,1,3,1,AXBstimuli/yyustimulus.wav,,,,,,,,,,,,,,,,,,,,,,,,,,,,,,,,,,,,,,,,,,,,,,,,,,,,,,,,,,,,,,,,,,,,,,,,,,,,,,,,,,,,,,,,,,,,,,,,,,,,,,,,,,,,,,,,,,,,,,,,,,,,,,,,,,,,,,,,,,,,,,,,,,,,,,,,,,,,,,,,,,,,,,,,,
,,,,,170569,001,2024-05-21_22h06.17.080,AXB:2AFC Experiments (16.05.2024),2024.1.3,MacIntel,60.24096386,22.1664,22.8328,1,0.6537,0,2,2,1,1,AXBstimuli/iyystimulus.wav,,,,,,,,,,,,,,,,,,,,,,,,,,,,,,,,,,,,,,,,,,,,,,,,,,,,,,,,,,,,,,,,,,,,,,,,,,,,,,,,,,,,,,,,,,,,,,,,,,,,,,,,,,,,,,,,,,,,,,,,,,,,,,,,,,,,,,,,,,,,,,,,,,,,,,,,,,,,,,,,,,,,,,,,,
,,,,,170569,001,2024-05-21_22h06.17.080,AXB:2AFC Experiments (16.05.2024),2024.1.3,MacIntel,60.24096386,22.8331,24.2995,2,1.4531,0,3,3,2,1,AXBstimuli/yuustimulus.wav,,,,,,,,,,,,,,,,,,,,,,,,,,,,,,,,,,,,,,,,,,,,,,,,,,,,,,,,,,,,,,,,,,,,,,,,,,,,,,,,,,,,,,,,,,,,,,,,,,,,,,,,,,,,,,,,,,,,,,,,,,,,,,,,,,,,,,,,,,,,,,,,,,,,,,,,,,,,,,,,,,,,,,,,,
,,,,,170569,001,2024-05-21_22h06.17.080,AXB:2AFC Experiments (16.05.2024),2024.1.3,MacIntel,60.24096386,,,,,,,,,,,24.2997,29.8168,2,5.5079,,,,,,,,,,,,,,,,,,,,,,,,,,,,,,,,,,,,,,,,,,,,,,,,,,,,,,,,,,,,,,,,,,,,,,,,,,,,,,,,,,,,,,,,,,,,,,,,,,,,,,,,,,,,,,,,,,,,,,,,,,,,,,,,,,,,,,,,,,,,,,,,,,,,,,,,,,,,,,,,,,,,,
,,,,,170569,001,2024-05-21_22h06.17.080,AXB:2AFC Experiments (16.05.2024),2024.1.3,MacIntel,60.24096386,,,,,,,,,,,,,,,29.8169,35.1672,space,5.3388,,,,,,,,,,,,,,,,,,,,,,,,,,,,,,,,,,,,,,,,,,,,,,,,,,,,,,,,,,,,,,,,,,,,,,,,,,,,,,,,,,,,,,,,,,,,,,,,,,,,,,,,,,,,,,,,,,,,,,,,,,,,,,,,,,,,,,,,,,,,,,,,,,,,,,,,,,,,,,,,,
,,,,,170569,001,2024-05-21_22h06.17.080,AXB:2AFC Experiments (16.05.2024),2024.1.3,MacIntel,60.24096386,,,,,,,,,,,,,,,,,,,,35.1718,46.3671,2,11.1849,0,0,0,1,1,AXBstimuli/iyystimulus.wav,First,,,,,,,,,,,,,,,,,,,,,,,,,,,,,,,,,,,,,,,,,,,,,,,,,,,,,,,,,,,,,,,,,,,,,,,,,,,,,,,,,,,,,,,,,,,,,,,,,,,,,,,,,,,,,,,,,,,,,,,,,,,,,,,,,,,,,,,,,,,,,,,,,,,,,
,,,,,170569,001,2024-05-21_22h06.17.080,AXB:2AFC Experiments (16.05.2024),2024.1.3,MacIntel,60.24096386,,,,,,,,,,,,,,,,,,,,46.3676,52.1177,2,5.7456,0,1,1,3,1,AXBstimuli/yyustimulus.wav,Last,,,,,,,,,,,,,,,,,,,,,,,,,,,,,,,,,,,,,,,,,,,,,,,,,,,,,,,,,,,,,,,,,,,,,,,,,,,,,,,,,,,,,,,,,,,,,,,,,,,,,,,,,,,,,,,,,,,,,,,,,,,,,,,,,,,,,,,,,,,,,,,,,,,,,
,,,,,170569,001,2024-05-21_22h06.17.080,AXB:2AFC Experiments (16.05.2024),2024.1.3,MacIntel,60.24096386,,,,,,,,,,,,,,,,,,,,52.1179,53.0345,2,0.9073,0,2,2,0,1,AXBstimuli/iiystimulus.wav,Last,,,,,,,,,,,,,,,,,,,,,,,,,,,,,,,,,,,,,,,,,,,,,,,,,,,,,,,,,,,,,,,,,,,,,,,,,,,,,,,,,,,,,,,,,,,,,,,,,,,,,,,,,,,,,,,,,,,,,,,,,,,,,,,,,,,,,,,,,,,,,,,,,,,,,
,,,,,170569,001,2024-05-21_22h06.17.080,AXB:2AFC Experiments (16.05.2024),2024.1.3,MacIntel,60.24096386,,,,,,,,,,,,,,,,,,,,53.0348,54.5012,2,1.4564,0,3,3,2,1,AXBstimuli/yuustimulus.wav,First,,,,,,,,,,,,,,,,,,,,,,,,,,,,,,,,,,,,,,,,,,,,,,,,,,,,,,,,,,,,,,,,,,,,,,,,,,,,,,,,,,,,,,,,,,,,,,,,,,,,,,,,,,,,,,,,,,,,,,,,,,,,,,,,,,,,,,,,,,,,,,,,,,,,,
,,,,,170569,001,2024-05-21_22h06.17.080,AXB:2AFC Experiments (16.05.2024),2024.1.3,MacIntel,60.24096386,,,,,,,,,,,,,,,,,,,,54.5015,59.368,1,4.8539,1,0,4,3,1,AXBstimuli/yyustimulus.wav,Last,,,,,,,,,,,,,,,,,,,,,,,,,,,,,,,,,,,,,,,,,,,,,,,,,,,,,,,,,,,,,,,,,,,,,,,,,,,,,,,,,,,,,,,,,,,,,,,,,,,,,,,,,,,,,,,,,,,,,,,,,,,,,,,,,,,,,,,,,,,,,,,,,,,,,
,,,,,170569,001,2024-05-21_22h06.17.080,AXB:2AFC Experiments (16.05.2024),2024.1.3,MacIntel,60.24096386,,,,,,,,,,,,,,,,,,,,59.3682,64.4683,1,5.0902,1,1,5,1,1,AXBstimuli/iyystimulus.wav,First,,,,,,,,,,,,,,,,,,,,,,,,,,,,,,,,,,,,,,,,,,,,,,,,,,,,,,,,,,,,,,,,,,,,,,,,,,,,,,,,,,,,,,,,,,,,,,,,,,,,,,,,,,,,,,,,,,,,,,,,,,,,,,,,,,,,,,,,,,,,,,,,,,,,,
,,,,,170569,001,2024-05-21_22h06.17.080,AXB:2AFC Experiments (16.05.2024),2024.1.3,MacIntel,60.24096386,,,,,,,,,,,,,,,,,,,,64.4686,66.0686,1,1.5968,1,2,6,2,1,AXBstimuli/yuustimulus.wav,First,,,,,,,,,,,,,,,,,,,,,,,,,,,,,,,,,,,,,,,,,,,,,,,,,,,,,,,,,,,,,,,,,,,,,,,,,,,,,,,,,,,,,,,,,,,,,,,,,,,,,,,,,,,,,,,,,,,,,,,,,,,,,,,,,,,,,,,,,,,,,,,,,,,,,
,,,,,170569,001,2024-05-21_22h06.17.080,AXB:2AFC Experiments (16.05.2024),2024.1.3,MacIntel,60.24096386,,,,,,,,,,,,,,,,,,,,66.0688,69.8188,1,3.7368,1,3,7,0,1,AXBstimuli/iiystimulus.wav,Last,,,,,,,,,,,,,,,,,,,,,,,,,,,,,,,,,,,,,,,,,,,,,,,,,,,,,,,,,,,,,,,,,,,,,,,,,,,,,,,,,,,,,,,,,,,,,,,,,,,,,,,,,,,,,,,,,,,,,,,,,,,,,,,,,,,,,,,,,,,,,,,,,,,,,
,,,,,170569,001,2024-05-21_22h06.17.080,AXB:2AFC Experiments (16.05.2024),2024.1.3,MacIntel,60.24096386,,,,,,,,,,,,,,,,,,,,69.819,76.1189,1,6.2921,2,0,8,2,1,AXBstimuli/yuustimulus.wav,First,,,,,,,,,,,,,,,,,,,,,,,,,,,,,,,,,,,,,,,,,,,,,,,,,,,,,,,,,,,,,,,,,,,,,,,,,,,,,,,,,,,,,,,,,,,,,,,,,,,,,,,,,,,,,,,,,,,,,,,,,,,,,,,,,,,,,,,,,,,,,,,,,,,,,
,,,,,170569,001,2024-05-21_22h06.17.080,AXB:2AFC Experiments (16.05.2024),2024.1.3,MacIntel,60.24096386,,,,,,,,,,,,,,,,,,,,76.1192,80.6026,1,4.4715,2,1,9,0,1,AXBstimuli/iiystimulus.wav,Last,,,,,,,,,,,,,,,,,,,,,,,,,,,,,,,,,,,,,,,,,,,,,,,,,,,,,,,,,,,,,,,,,,,,,,,,,,,,,,,,,,,,,,,,,,,,,,,,,,,,,,,,,,,,,,,,,,,,,,,,,,,,,,,,,,,,,,,,,,,,,,,,,,,,,
,,,,,170569,001,2024-05-21_22h06.17.080,AXB:2AFC Experiments (16.05.2024),2024.1.3,MacIntel,60.24096386,,,,,,,,,,,,,,,,,,,,80.6027,81.4859,1,0.8752,2,2,10,1,1,AXBstimuli/iyystimulus.wav,First,,,,,,,,,,,,,,,,,,,,,,,,,,,,,,,,,,,,,,,,,,,,,,,,,,,,,,,,,,,,,,,,,,,,,,,,,,,,,,,,,,,,,,,,,,,,,,,,,,,,,,,,,,,,,,,,,,,,,,,,,,,,,,,,,,,,,,,,,,,,,,,,,,,,,
,,,,,170569,001,2024-05-21_22h06.17.080,AXB:2AFC Experiments (16.05.2024),2024.1.3,MacIntel,60.24096386,,,,,,,,,,,,,,,,,,,,81.4862,81.8193,1,0.3239,2,3,11,3,1,AXBstimuli/yyustimulus.wav,Last,,,,,,,,,,,,,,,,,,,,,,,,,,,,,,,,,,,,,,,,,,,,,,,,,,,,,,,,,,,,,,,,,,,,,,,,,,,,,,,,,,,,,,,,,,,,,,,,,,,,,,,,,,,,,,,,,,,,,,,,,,,,,,,,,,,,,,,,,,,,,,,,,,,,,
,,,,,170569,001,2024-05-21_22h06.17.080,AXB:2AFC Experiments (16.05.2024),2024.1.3,MacIntel,60.24096386,,,,,,,,,,,,,,,,,,,,81.8195,82.0193,1,0.1925,3,0,12,0,1,AXBstimuli/iiystimulus.wav,Last,,,,,,,,,,,,,,,,,,,,,,,,,,,,,,,,,,,,,,,,,,,,,,,,,,,,,,,,,,,,,,,,,,,,,,,,,,,,,,,,,,,,,,,,,,,,,,,,,,,,,,,,,,,,,,,,,,,,,,,,,,,,,,,,,,,,,,,,,,,,,,,,,,,,,
,,,,,170569,001,2024-05-21_22h06.17.080,AXB:2AFC Experiments (16.05.2024),2024.1.3,MacIntel,60.24096386,,,,,,,,,,,,,,,,,,,,82.0196,82.1522,1,0.1251,3,1,13,2,1,AXBstimuli/yuustimulus.wav,First,,,,,,,,,,,,,,,,,,,,,,,,,,,,,,,,,,,,,,,,,,,,,,,,,,,,,,,,,,,,,,,,,,,,,,,,,,,,,,,,,,,,,,,,,,,,,,,,,,,,,,,,,,,,,,,,,,,,,,,,,,,,,,,,,,,,,,,,,,,,,,,,,,,,,
,,,,,170569,001,2024-05-21_22h06.17.080,AXB:2AFC Experiments (16.05.2024),2024.1.3,MacIntel,60.24096386,,,,,,,,,,,,,,,,,,,,82.1525,82.3194,1,0.1611,3,2,14,3,1,AXBstimuli/yyustimulus.wav,Last,,,,,,,,,,,,,,,,,,,,,,,,,,,,,,,,,,,,,,,,,,,,,,,,,,,,,,,,,,,,,,,,,,,,,,,,,,,,,,,,,,,,,,,,,,,,,,,,,,,,,,,,,,,,,,,,,,,,,,,,,,,,,,,,,,,,,,,,,,,,,,,,,,,,,
,,,,,170569,001,2024-05-21_22h06.17.080,AXB:2AFC Experiments (16.05.2024),2024.1.3,MacIntel,60.24096386,,,,,,,,,,,,,,,,,,,,82.3196,82.5026,1,0.1767,3,3,15,1,1,AXBstimuli/iyystimulus.wav,First,,,,,,,,,,,,,,,,,,,,,,,,,,,,,,,,,,,,,,,,,,,,,,,,,,,,,,,,,,,,,,,,,,,,,,,,,,,,,,,,,,,,,,,,,,,,,,,,,,,,,,,,,,,,,,,,,,,,,,,,,,,,,,,,,,,,,,,,,,,,,,,,,,,,,
,,,,,170569,001,2024-05-21_22h06.17.080,AXB:2AFC Experiments (16.05.2024),2024.1.3,MacIntel,60.24096386,,,,,,,,,,,,,,,,,,,,82.503,91.5698,2,9.0584,4,0,16,3,1,AXBstimuli/yyustimulus.wav,Last,,,,,,,,,,,,,,,,,,,,,,,,,,,,,,,,,,,,,,,,,,,,,,,,,,,,,,,,,,,,,,,,,,,,,,,,,,,,,,,,,,,,,,,,,,,,,,,,,,,,,,,,,,,,,,,,,,,,,,,,,,,,,,,,,,,,,,,,,,,,,,,,,,,,,
,,,,,170569,001,2024-05-21_22h06.17.080,AXB:2AFC Experiments (16.05.2024),2024.1.3,MacIntel,60.24096386,,,,,,,,,,,,,,,,,,,,91.57,95.9368,1,4.3561,4,1,17,1,1,AXBstimuli/iyystimulus.wav,First,,,,,,,,,,,,,,,,,,,,,,,,,,,,,,,,,,,,,,,,,,,,,,,,,,,,,,,,,,,,,,,,,,,,,,,,,,,,,,,,,,,,,,,,,,,,,,,,,,,,,,,,,,,,,,,,,,,,,,,,,,,,,,,,,,,,,,,,,,,,,,,,,,,,,
,,,,,170569,001,2024-05-21_22h06.17.080,AXB:2AFC Experiments (16.05.2024),2024.1.3,MacIntel,60.24096386,,,,,,,,,,,,,,,,,,,,95.9369,96.4869,1,0.5404,4,2,18,2,1,AXBstimuli/yuustimulus.wav,First,,,,,,,,,,,,,,,,,,,,,,,,,,,,,,,,,,,,,,,,,,,,,,,,,,,,,,,,,,,,,,,,,,,,,,,,,,,,,,,,,,,,,,,,,,,,,,,,,,,,,,,,,,,,,,,,,,,,,,,,,,,,,,,,,,,,,,,,,,,,,,,,,,,,,
,,,,,170569,001,2024-05-21_22h06.17.080,AXB:2AFC Experiments (16.05.2024),2024.1.3,MacIntel,60.24096386,,,,,,,,,,,,,,,,,,,,96.4871,97.2035,1,0.7142,4,3,19,0,1,AXBstimuli/iiystimulus.wav,Last,,,,,,,,,,,,,,,,,,,,,,,,,,,,,,,,,,,,,,,,,,,,,,,,,,,,,,,,,,,,,,,,,,,,,,,,,,,,,,,,,,,,,,,,,,,,,,,,,,,,,,,,,,,,,,,,,,,,,,,,,,,,,,,,,,,,,,,,,,,,,,,,,,,,,
,,,,,170569,001,2024-05-21_22h06.17.080,AXB:2AFC Experiments (16.05.2024),2024.1.3,MacIntel,60.24096386,,,,,,,,,,,,,,,,,,,,,,,,,,,,,,,97.2052,100.0705,space,2.8573,,,,,,,,,,,,,,,,,,,,,,,,,,,,,,,,,,,,,,,,,,,,,,,,,,,,,,,,,,,,,,,,,,,,,,,,,,,,,,,,,,,,,,,,,,,,,,,,,,,,,,,,,,,,,,,,,,,,,,,,,,,,,,,,,,,,,,,,,,,,,,,,,
,,,,,170569,001,2024-05-21_22h06.17.080,AXB:2AFC Experiments (16.05.2024),2024.1.3,MacIntel,60.24096386,,,,,,,,,,,,,,,,,,,,100.0759,103.4871,2,3.4075,,,,,,AXBstimuli/yyustimulus.wav,Last,,,,,,0,0,0,3,1,,,,,,,,,,,,,,,,,,,,,,,,,,,,,,,,,,,,,,,,,,,,,,,,,,,,,,,,,,,,,,,,,,,,,,,,,,,,,,,,,,,,,,,,,,,,,,,,,,,,,,,,,,,,,,,,,,,,,,,,,,,,,,,,,,,,,,,,,,,
,,,,,170569,001,2024-05-21_22h06.17.080,AXB:2AFC Experiments (16.05.2024),2024.1.3,MacIntel,60.24096386,,,,,,,,,,,,,,,,,,,,103.4876,107.2205,1,3.7199,,,,,,AXBstimuli/yuustimulus.wav,First,,,,,,0,1,1,2,1,,,,,,,,,,,,,,,,,,,,,,,,,,,,,,,,,,,,,,,,,,,,,,,,,,,,,,,,,,,,,,,,,,,,,,,,,,,,,,,,,,,,,,,,,,,,,,,,,,,,,,,,,,,,,,,,,,,,,,,,,,,,,,,,,,,,,,,,,,,
,,,,,170569,001,2024-05-21_22h06.17.080,AXB:2AFC Experiments (16.05.2024),2024.1.3,MacIntel,60.24096386,,,,,,,,,,,,,,,,,,,,107.2208,110.4702,1,3.2396,,,,,,AXBstimuli/iyystimulus.wav,First,,,,,,0,2,2,1,1,,,,,,,,,,,,,,,,,,,,,,,,,,,,,,,,,,,,,,,,,,,,,,,,,,,,,,,,,,,,,,,,,,,,,,,,,,,,,,,,,,,,,,,,,,,,,,,,,,,,,,,,,,,,,,,,,,,,,,,,,,,,,,,,,,,,,,,,,,,
,,,,,170569,001,2024-05-21_22h06.17.080,AXB:2AFC Experiments (16.05.2024),2024.1.3,MacIntel,60.24096386,,,,,,,,,,,,,,,,,,,,110.4705,113.5043,2,3.0323,,,,,,AXBstimuli/iiystimulus.wav,Last,,,,,,0,3,3,0,1,,,,,,,,,,,,,,,,,,,,,,,,,,,,,,,,,,,,,,,,,,,,,,,,,,,,,,,,,,,,,,,,,,,,,,,,,,,,,,,,,,,,,,,,,,,,,,,,,,,,,,,,,,,,,,,,,,,,,,,,,,,,,,,,,,,,,,,,,,,
,,,,,170569,001,2024-05-21_22h06.17.080,AXB:2AFC Experiments (16.05.2024),2024.1.3,MacIntel,60.24096386,,,,,,,,,,,,,,,,,,,,113.5045,117.0544,2,3.5375,,,,,,AXBstimuli/iiystimulus.wav,Last,,,,,,1,0,4,0,1,,,,,,,,,,,,,,,,,,,,,,,,,,,,,,,,,,,,,,,,,,,,,,,,,,,,,,,,,,,,,,,,,,,,,,,,,,,,,,,,,,,,,,,,,,,,,,,,,,,,,,,,,,,,,,,,,,,,,,,,,,,,,,,,,,,,,,,,,,,
,,,,,170569,001,2024-05-21_22h06.17.080,AXB:2AFC Experiments (16.05.2024),2024.1.3,MacIntel,60.24096386,,,,,,,,,,,,,,,,,,,,117.0546,120.2546,1,3.1865,,,,,,AXBstimuli/iyystimulus.wav,First,,,,,,1,1,5,1,1,,,,,,,,,,,,,,,,,,,,,,,,,,,,,,,,,,,,,,,,,,,,,,,,,,,,,,,,,,,,,,,,,,,,,,,,,,,,,,,,,,,,,,,,,,,,,,,,,,,,,,,,,,,,,,,,,,,,,,,,,,,,,,,,,,,,,,,,,,,
,,,,,170569,001,2024-05-21_22h06.17.080,AXB:2AFC Experiments (16.05.2024),2024.1.3,MacIntel,60.24096386,,,,,,,,,,,,,,,,,,,,120.2548,123.0381,2,2.7742,,,,,,AXBstimuli/yyustimulus.wav,Last,,,,,,1,2,6,3,1,,,,,,,,,,,,,,,,,,,,,,,,,,,,,,,,,,,,,,,,,,,,,,,,,,,,,,,,,,,,,,,,,,,,,,,,,,,,,,,,,,,,,,,,,,,,,,,,,,,,,,,,,,,,,,,,,,,,,,,,,,,,,,,,,,,,,,,,,,,
,,,,,170569,001,2024-05-21_22h06.17.080,AXB:2AFC Experiments (16.05.2024),2024.1.3,MacIntel,60.24096386,,,,,,,,,,,,,,,,,,,,123.0383,126.1882,1,3.1381,,,,,,AXBstimuli/yuustimulus.wav,First,,,,,,1,3,7,2,1,,,,,,,,,,,,,,,,,,,,,,,,,,,,,,,,,,,,,,,,,,,,,,,,,,,,,,,,,,,,,,,,,,,,,,,,,,,,,,,,,,,,,,,,,,,,,,,,,,,,,,,,,,,,,,,,,,,,,,,,,,,,,,,,,,,,,,,,,,,
,,,,,170569,001,2024-05-21_22h06.17.080,AXB:2AFC Experiments (16.05.2024),2024.1.3,MacIntel,60.24096386,,,,,,,,,,,,,,,,,,,,126.1884,128.9384,2,2.7392,,,,,,AXBstimuli/yyustimulus.wav,Last,,,,,,2,0,8,3,1,,,,,,,,,,,,,,,,,,,,,,,,,,,,,,,,,,,,,,,,,,,,,,,,,,,,,,,,,,,,,,,,,,,,,,,,,,,,,,,,,,,,,,,,,,,,,,,,,,,,,,,,,,,,,,,,,,,,,,,,,,,,,,,,,,,,,,,,,,,
,,,,,170569,001,2024-05-21_22h06.17.080,AXB:2AFC Experiments (16.05.2024),2024.1.3,MacIntel,60.24096386,,,,,,,,,,,,,,,,,,,,128.9387,131.7719,1,2.8214,,,,,,AXBstimuli/iyystimulus.wav,First,,,,,,2,1,9,1,1,,,,,,,,,,,,,,,,,,,,,,,,,,,,,,,,,,,,,,,,,,,,,,,,,,,,,,,,,,,,,,,,,,,,,,,,,,,,,,,,,,,,,,,,,,,,,,,,,,,,,,,,,,,,,,,,,,,,,,,,,,,,,,,,,,,,,,,,,,,
,,,,,170569,001,2024-05-21_22h06.17.080,AXB:2AFC Experiments (16.05.2024),2024.1.3,MacIntel,60.24096386,,,,,,,,,,,,,,,,,,,,131.7721,134.8721,1,3.0856,,,,,,AXBstimuli/yuustimulus.wav,First,,,,,,2,2,10,2,1,,,,,,,,,,,,,,,,,,,,,,,,,,,,,,,,,,,,,,,,,,,,,,,,,,,,,,,,,,,,,,,,,,,,,,,,,,,,,,,,,,,,,,,,,,,,,,,,,,,,,,,,,,,,,,,,,,,,,,,,,,,,,,,,,,,,,,,,,,,
,,,,,170569,001,2024-05-21_22h06.17.080,AXB:2AFC Experiments (16.05.2024),2024.1.3,MacIntel,60.24096386,,,,,,,,,,,,,,,,,,,,134.8724,138.0722,2,3.1959,,,,,,AXBstimuli/iiystimulus.wav,Last,,,,,,2,3,11,0,1,,,,,,,,,,,,,,,,,,,,,,,,,,,,,,,,,,,,,,,,,,,,,,,,,,,,,,,,,,,,,,,,,,,,,,,,,,,,,,,,,,,,,,,,,,,,,,,,,,,,,,,,,,,,,,,,,,,,,,,,,,,,,,,,,,,,,,,,,,,
,,,,,170569,001,2024-05-21_22h06.17.080,AXB:2AFC Experiments (16.05.2024),2024.1.3,MacIntel,60.24096386,,,,,,,,,,,,,,,,,,,,,,,,,,,,,,,,,,,,,,,,,138.0736,141.4227,2,3.3369,,,,,,,,,,,,,,,,,,,,,,,,,,,,,,,,,,,,,,,,,,,,,,,,,,,,,,,,,,,,,,,,,,,,,,,,,,,,,,,,,,,,,,,,,,,,,,,,,,,,,,,,,,,,,,,,,,,,,,,,,,,,,,,,,,,,,,,
,,,,,170569,001,2024-05-21_22h06.17.080,AXB:2AFC Experiments (16.05.2024),2024.1.3,MacIntel,60.24096386,,,,,,,,,,,,,,,,,,,,141.425,144.9726,2,3.5356,,,,,,AXBstimuli/iiystimulus.wav,Last,,,,,,,,,,,,,,,,0,0,0,0,1,,,,,,,,,,,,,,,,,,,,,,,,,,,,,,,,,,,,,,,,,,,,,,,,,,,,,,,,,,,,,,,,,,,,,,,,,,,,,,,,,,,,,,,,,,,,,,,,,,,,,,,,,,,,,,,,,,,,,,,,,,,,,,,,,
,,,,,170569,001,2024-05-21_22h06.17.080,AXB:2AFC Experiments (16.05.2024),2024.1.3,MacIntel,60.24096386,,,,,,,,,,,,,,,,,,,,144.9728,147.3728,1,2.3911,,,,,,AXBstimuli/iyystimulus.wav,First,,,,,,,,,,,,,,,,0,1,1,1,1,,,,,,,,,,,,,,,,,,,,,,,,,,,,,,,,,,,,,,,,,,,,,,,,,,,,,,,,,,,,,,,,,,,,,,,,,,,,,,,,,,,,,,,,,,,,,,,,,,,,,,,,,,,,,,,,,,,,,,,,,,,,,,,,,
,,,,,170569,001,2024-05-21_22h06.17.080,AXB:2AFC Experiments (16.05.2024),2024.1.3,MacIntel,60.24096386,,,,,,,,,,,,,,,,,,,,147.3729,153.2398,1,5.8624,,,,,,AXBstimuli/yuustimulus.wav,First,,,,,,,,,,,,,,,,0,2,2,2,1,,,,,,,,,,,,,,,,,,,,,,,,,,,,,,,,,,,,,,,,,,,,,,,,,,,,,,,,,,,,,,,,,,,,,,,,,,,,,,,,,,,,,,,,,,,,,,,,,,,,,,,,,,,,,,,,,,,,,,,,,,,,,,,,,
,,,,,170569,001,2024-05-21_22h06.17.080,AXB:2AFC Experiments (16.05.2024),2024.1.3,MacIntel,60.24096386,,,,,,,,,,,,,,,,,,,,153.24,156.0398,2,2.7876,,,,,,AXBstimuli/yyustimulus.wav,Last,,,,,,,,,,,,,,,,0,3,3,3,1,,,,,,,,,,,,,,,,,,,,,,,,,,,,,,,,,,,,,,,,,,,,,,,,,,,,,,,,,,,,,,,,,,,,,,,,,,,,,,,,,,,,,,,,,,,,,,,,,,,,,,,,,,,,,,,,,,,,,,,,,,,,,,,,,
,,,,,170569,001,2024-05-21_22h06.17.080,AXB:2AFC Experiments (16.05.2024),2024.1.3,MacIntel,60.24096386,,,,,,,,,,,,,,,,,,,,156.0401,159.69,1,3.6418,,,,,,AXBstimuli/iyystimulus.wav,First,,,,,,,,,,,,,,,,1,0,4,1,1,,,,,,,,,,,,,,,,,,,,,,,,,,,,,,,,,,,,,,,,,,,,,,,,,,,,,,,,,,,,,,,,,,,,,,,,,,,,,,,,,,,,,,,,,,,,,,,,,,,,,,,,,,,,,,,,,,,,,,,,,,,,,,,,,
,,,,,170569,001,2024-05-21_22h06.17.080,AXB:2AFC Experiments (16.05.2024),2024.1.3,MacIntel,60.24096386,,,,,,,,,,,,,,,,,,,,159.6902,162.8237,2,3.1224,,,,,,AXBstimuli/iiystimulus.wav,Last,,,,,,,,,,,,,,,,1,1,5,0,1,,,,,,,,,,,,,,,,,,,,,,,,,,,,,,,,,,,,,,,,,,,,,,,,,,,,,,,,,,,,,,,,,,,,,,,,,,,,,,,,,,,,,,,,,,,,,,,,,,,,,,,,,,,,,,,,,,,,,,,,,,,,,,,,,
,,,,,170569,001,2024-05-21_22h06.17.080,AXB:2AFC Experiments (16.05.2024),2024.1.3,MacIntel,60.24096386,,,,,,,,,,,,,,,,,,,,162.824,165.7904,1,2.9571,,,,,,AXBstimuli/yyustimulus.wav,Last,,,,,,,,,,,,,,,,1,2,6,3,1,,,,,,,,,,,,,,,,,,,,,,,,,,,,,,,,,,,,,,,,,,,,,,,,,,,,,,,,,,,,,,,,,,,,,,,,,,,,,,,,,,,,,,,,,,,,,,,,,,,,,,,,,,,,,,,,,,,,,,,,,,,,,,,,,
,,,,,170569,001,2024-05-21_22h06.17.080,AXB:2AFC Experiments (16.05.2024),2024.1.3,MacIntel,60.24096386,,,,,,,,,,,,,,,,,,,,165.7905,168.1238,1,2.3296,,,,,,AXBstimuli/yuustimulus.wav,First,,,,,,,,,,,,,,,,1,3,7,2,1,,,,,,,,,,,,,,,,,,,,,,,,,,,,,,,,,,,,,,,,,,,,,,,,,,,,,,,,,,,,,,,,,,,,,,,,,,,,,,,,,,,,,,,,,,,,,,,,,,,,,,,,,,,,,,,,,,,,,,,,,,,,,,,,,
,,,,,170569,001,2024-05-21_22h06.17.080,AXB:2AFC Experiments (16.05.2024),2024.1.3,MacIntel,60.24096386,,,,,,,,,,,,,,,,,,,,,,,,,,,,,,,168.125,263.2963,space,95.1641,,,,,,,,,,,,,,,,,,,,,,,,,,,,,,,,,,,,,,,,,,,,,,,,,,,,,,,,,,,,,,,,,,,,,,,,,,,,,,,,,,,,,,,,,,,,,,,,,,,,,,,,,,,,,,,,,,,,,,,,,,,,,,,,,,,,,,,,,,,,,,,,,
,,,,,170569,001,2024-05-21_22h06.17.080,AXB:2AFC Experiments (16.05.2024),2024.1.3,MacIntel,60.24096386,,,,,,,,,,,,,,,,,,,,263.3023,266.2125,2,2.8996,,,,,,AXBstimuli/iiystimulus.wav,Last,,,,,,,,,,,,,,,,,,,,,0,0,0,0,1,,,,,,,,,,,,,,,,,,,,,,,,,,,,,,,,,,,,,,,,,,,,,,,,,,,,,,,,,,,,,,,,,,,,,,,,,,,,,,,,,,,,,,,,,,,,,,,,,,,,,,,,,,,,,,,,,,,,,,,,,,,,
,,,,,170569,001,2024-05-21_22h06.17.080,AXB:2AFC Experiments (16.05.2024),2024.1.3,MacIntel,60.24096386,,,,,,,,,,,,,,,,,,,,266.2129,269.3793,2,3.1624,,,,,,AXBstimuli/yyustimulus.wav,Last,,,,,,,,,,,,,,,,,,,,,0,1,1,3,1,,,,,,,,,,,,,,,,,,,,,,,,,,,,,,,,,,,,,,,,,,,,,,,,,,,,,,,,,,,,,,,,,,,,,,,,,,,,,,,,,,,,,,,,,,,,,,,,,,,,,,,,,,,,,,,,,,,,,,,,,,,,
,,,,,170569,001,2024-05-21_22h06.17.080,AXB:2AFC Experiments (16.05.2024),2024.1.3,MacIntel,60.24096386,,,,,,,,,,,,,,,,,,,,269.3796,272.0296,1,2.6367,,,,,,AXBstimuli/yuustimulus.wav,First,,,,,,,,,,,,,,,,,,,,,0,2,2,2,1,,,,,,,,,,,,,,,,,,,,,,,,,,,,,,,,,,,,,,,,,,,,,,,,,,,,,,,,,,,,,,,,,,,,,,,,,,,,,,,,,,,,,,,,,,,,,,,,,,,,,,,,,,,,,,,,,,,,,,,,,,,,
,,,,,170569,001,2024-05-21_22h06.17.080,AXB:2AFC Experiments (16.05.2024),2024.1.3,MacIntel,60.24096386,,,,,,,,,,,,,,,,,,,,272.0299,274.8959,1,2.86,,,,,,AXBstimuli/iyystimulus.wav,First,,,,,,,,,,,,,,,,,,,,,0,3,3,1,1,,,,,,,,,,,,,,,,,,,,,,,,,,,,,,,,,,,,,,,,,,,,,,,,,,,,,,,,,,,,,,,,,,,,,,,,,,,,,,,,,,,,,,,,,,,,,,,,,,,,,,,,,,,,,,,,,,,,,,,,,,,,
,,,,,170569,001,2024-05-21_22h06.17.080,AXB:2AFC Experiments (16.05.2024),2024.1.3,MacIntel,60.24096386,,,,,,,,,,,,,,,,,,,,274.8963,277.6131,1,2.7142,,,,,,AXBstimuli/iyystimulus.wav,First,,,,,,,,,,,,,,,,,,,,,1,0,4,1,1,,,,,,,,,,,,,,,,,,,,,,,,,,,,,,,,,,,,,,,,,,,,,,,,,,,,,,,,,,,,,,,,,,,,,,,,,,,,,,,,,,,,,,,,,,,,,,,,,,,,,,,,,,,,,,,,,,,,,,,,,,,,
,,,,,170569,001,2024-05-21_22h06.17.080,AXB:2AFC Experiments (16.05.2024),2024.1.3,MacIntel,60.24096386,,,,,,,,,,,,,,,,,,,,277.6133,282.3124,1,4.6894,,,,,,AXBstimuli/yuustimulus.wav,First,,,,,,,,,,,,,,,,,,,,,1,1,5,2,1,,,,,,,,,,,,,,,,,,,,,,,,,,,,,,,,,,,,,,,,,,,,,,,,,,,,,,,,,,,,,,,,,,,,,,,,,,,,,,,,,,,,,,,,,,,,,,,,,,,,,,,,,,,,,,,,,,,,,,,,,,,,
,,,,,170569,001,2024-05-21_22h06.17.080,AXB:2AFC Experiments (16.05.2024),2024.1.3,MacIntel,60.24096386,,,,,,,,,,,,,,,,,,,,282.3127,285.1959,2,2.8813,,,,,,AXBstimuli/iiystimulus.wav,Last,,,,,,,,,,,,,,,,,,,,,1,2,6,0,1,,,,,,,,,,,,,,,,,,,,,,,,,,,,,,,,,,,,,,,,,,,,,,,,,,,,,,,,,,,,,,,,,,,,,,,,,,,,,,,,,,,,,,,,,,,,,,,,,,,,,,,,,,,,,,,,,,,,,,,,,,,,
,,,,,170569,001,2024-05-21_22h06.17.080,AXB:2AFC Experiments (16.05.2024),2024.1.3,MacIntel,60.24096386,,,,,,,,,,,,,,,,,,,,285.196,288.6796,2,3.4729,,,,,,AXBstimuli/yyustimulus.wav,Last,,,,,,,,,,,,,,,,,,,,,1,3,7,3,1,,,,,,,,,,,,,,,,,,,,,,,,,,,,,,,,,,,,,,,,,,,,,,,,,,,,,,,,,,,,,,,,,,,,,,,,,,,,,,,,,,,,,,,,,,,,,,,,,,,,,,,,,,,,,,,,,,,,,,,,,,,,
,,,,,170569,001,2024-05-21_22h06.17.080,AXB:2AFC Experiments (16.05.2024),2024.1.3,MacIntel,60.24096386,,,,,,,,,,,,,,,,,,,,288.6798,293.0972,2,4.4069,,,,,,AXBstimuli/yyustimulus.wav,Last,,,,,,,,,,,,,,,,,,,,,2,0,8,3,1,,,,,,,,,,,,,,,,,,,,,,,,,,,,,,,,,,,,,,,,,,,,,,,,,,,,,,,,,,,,,,,,,,,,,,,,,,,,,,,,,,,,,,,,,,,,,,,,,,,,,,,,,,,,,,,,,,,,,,,,,,,,
,,,,,170569,001,2024-05-21_22h06.17.080,AXB:2AFC Experiments (16.05.2024),2024.1.3,MacIntel,60.24096386,,,,,,,,,,,,,,,,,,,,293.0975,296.565,1,3.4651,,,,,,AXBstimuli/yuustimulus.wav,First,,,,,,,,,,,,,,,,,,,,,2,1,9,2,1,,,,,,,,,,,,,,,,,,,,,,,,,,,,,,,,,,,,,,,,,,,,,,,,,,,,,,,,,,,,,,,,,,,,,,,,,,,,,,,,,,,,,,,,,,,,,,,,,,,,,,,,,,,,,,,,,,,,,,,,,,,,
,,,,,170569,001,2024-05-21_22h06.17.080,AXB:2AFC Experiments (16.05.2024),2024.1.3,MacIntel,60.24096386,,,,,,,,,,,,,,,,,,,,296.5653,300.8478,1,4.2705,,,,,,AXBstimuli/iyystimulus.wav,First,,,,,,,,,,,,,,,,,,,,,2,2,10,1,1,,,,,,,,,,,,,,,,,,,,,,,,,,,,,,,,,,,,,,,,,,,,,,,,,,,,,,,,,,,,,,,,,,,,,,,,,,,,,,,,,,,,,,,,,,,,,,,,,,,,,,,,,,,,,,,,,,,,,,,,,,,,
,,,,,170569,001,2024-05-21_22h06.17.080,AXB:2AFC Experiments (16.05.2024),2024.1.3,MacIntel,60.24096386,,,,,,,,,,,,,,,,,,,,300.8479,304.6969,2,3.8425,,,,,,AXBstimuli/iiystimulus.wav,Last,,,,,,,,,,,,,,,,,,,,,2,3,11,0,1,,,,,,,,,,,,,,,,,,,,,,,,,,,,,,,,,,,,,,,,,,,,,,,,,,,,,,,,,,,,,,,,,,,,,,,,,,,,,,,,,,,,,,,,,,,,,,,,,,,,,,,,,,,,,,,,,,,,,,,,,,,,
,,,,,170569,001,2024-05-21_22h06.17.080,AXB:2AFC Experiments (16.05.2024),2024.1.3,MacIntel,60.24096386,,,,,,,,,,,,,,,,,,,,304.6971,307.4313,1,2.7329,,,,,,AXBstimuli/yuustimulus.wav,First,,,,,,,,,,,,,,,,,,,,,3,0,12,2,1,,,,,,,,,,,,,,,,,,,,,,,,,,,,,,,,,,,,,,,,,,,,,,,,,,,,,,,,,,,,,,,,,,,,,,,,,,,,,,,,,,,,,,,,,,,,,,,,,,,,,,,,,,,,,,,,,,,,,,,,,,,,
,,,,,170569,001,2024-05-21_22h06.17.080,AXB:2AFC Experiments (16.05.2024),2024.1.3,MacIntel,60.24096386,,,,,,,,,,,,,,,,,,,,307.4316,310.3312,2,2.8871,,,,,,AXBstimuli/yyustimulus.wav,Last,,,,,,,,,,,,,,,,,,,,,3,1,13,3,1,,,,,,,,,,,,,,,,,,,,,,,,,,,,,,,,,,,,,,,,,,,,,,,,,,,,,,,,,,,,,,,,,,,,,,,,,,,,,,,,,,,,,,,,,,,,,,,,,,,,,,,,,,,,,,,,,,,,,,,,,,,,
,,,,,170569,001,2024-05-21_22h06.17.080,AXB:2AFC Experiments (16.05.2024),2024.1.3,MacIntel,60.24096386,,,,,,,,,,,,,,,,,,,,310.3314,313.6652,2,3.3299,,,,,,AXBstimuli/iiystimulus.wav,Last,,,,,,,,,,,,,,,,,,,,,3,2,14,0,1,,,,,,,,,,,,,,,,,,,,,,,,,,,,,,,,,,,,,,,,,,,,,,,,,,,,,,,,,,,,,,,,,,,,,,,,,,,,,,,,,,,,,,,,,,,,,,,,,,,,,,,,,,,,,,,,,,,,,,,,,,,,
,,,,,170569,001,2024-05-21_22h06.17.080,AXB:2AFC Experiments (16.05.2024),2024.1.3,MacIntel,60.24096386,,,,,,,,,,,,,,,,,,,,313.6654,316.6661,1,2.9988,,,,,,AXBstimuli/iyystimulus.wav,First,,,,,,,,,,,,,,,,,,,,,3,3,15,1,1,,,,,,,,,,,,,,,,,,,,,,,,,,,,,,,,,,,,,,,,,,,,,,,,,,,,,,,,,,,,,,,,,,,,,,,,,,,,,,,,,,,,,,,,,,,,,,,,,,,,,,,,,,,,,,,,,,,,,,,,,,,,
,,,,,170569,001,2024-05-21_22h06.17.080,AXB:2AFC Experiments (16.05.2024),2024.1.3,MacIntel,60.24096386,,,,,,,,,,,,,,,,,,,,,,,,,,,,,,,,,,,,,,,,,,,,,,,,,,,,,,,,316.6695,320.5663,space,3.87,,0,[],[],,,,,,,,,,,,,,,,,,,,,,,,,,,,,,,,,,,,,,,,,,,,,,,,,,,,,,,,,,,,,,,,,,,,,,,,,,,,,,,,,,,,,,,,,,,,,,,,,,,,,,,,,,,,,,,,,,,,
,,,,,170569,001,2024-05-21_22h06.17.080,AXB:2AFC Experiments (16.05.2024),2024.1.3,MacIntel,60.24096386,,,,,,,,,,,,,,,,,,,,320.5782,323.4155,1,2.8255,,,,,,AXBstimuli/yuustimulus.wav,First,,,,,,,,,,,,,,,,,,,,,,,,,,,,,,,,,,0,0,0,2,1,,,,,,,,,,,,,,,,,,,,,,,,,,,,,,,,,,,,,,,,,,,,,,,,,,,,,,,,,,,,,,,,,,,,,,,,,,,,,,,,,,,,,,,,,,,,,,,,,,,,,,,,,,,,,,,
,,,,,170569,001,2024-05-21_22h06.17.080,AXB:2AFC Experiments (16.05.2024),2024.1.3,MacIntel,60.24096386,,,,,,,,,,,,,,,,,,,,323.4158,329.5309,2,6.1074,,,,,,AXBstimuli/yyustimulus.wav,Last,,,,,,,,,,,,,,,,,,,,,,,,,,,,,,,,,,0,1,1,3,1,,,,,,,,,,,,,,,,,,,,,,,,,,,,,,,,,,,,,,,,,,,,,,,,,,,,,,,,,,,,,,,,,,,,,,,,,,,,,,,,,,,,,,,,,,,,,,,,,,,,,,,,,,,,,,,
,,,,,170569,001,2024-05-21_22h06.17.080,AXB:2AFC Experiments (16.05.2024),2024.1.3,MacIntel,60.24096386,,,,,,,,,,,,,,,,,,,,329.5312,332.216,2,2.6734,,,,,,AXBstimuli/iiystimulus.wav,Last,,,,,,,,,,,,,,,,,,,,,,,,,,,,,,,,,,0,2,2,0,1,,,,,,,,,,,,,,,,,,,,,,,,,,,,,,,,,,,,,,,,,,,,,,,,,,,,,,,,,,,,,,,,,,,,,,,,,,,,,,,,,,,,,,,,,,,,,,,,,,,,,,,,,,,,,,,
,,,,,170569,001,2024-05-21_22h06.17.080,AXB:2AFC Experiments (16.05.2024),2024.1.3,MacIntel,60.24096386,,,,,,,,,,,,,,,,,,,,332.2162,335.2652,1,3.0385,,,,,,AXBstimuli/iyystimulus.wav,First,,,,,,,,,,,,,,,,,,,,,,,,,,,,,,,,,,0,3,3,1,1,,,,,,,,,,,,,,,,,,,,,,,,,,,,,,,,,,,,,,,,,,,,,,,,,,,,,,,,,,,,,,,,,,,,,,,,,,,,,,,,,,,,,,,,,,,,,,,,,,,,,,,,,,,,,,,
,,,,,170569,001,2024-05-21_22h06.17.080,AXB:2AFC Experiments (16.05.2024),2024.1.3,MacIntel,60.24096386,,,,,,,,,,,,,,,,,,,,,,,,,,,,,,,335.2665,336.8332,space,1.5517,,,,,,,,,,,,,,,,,,,,,,,,,,,,,,,,,,,,,,,,,,,,,,,,,,,,,,,,,,,,,,,,,,,,,,,,,,,,,,,,,,,,,,,,,,,,,,,,,,,,,,,,,,,,,,,,,,,,,,,,,,,,,,,,,,,,,,,,,,,,,,,,,
,,,,,170569,001,2024-05-21_22h06.17.080,AXB:2AFC Experiments (16.05.2024),2024.1.3,MacIntel,60.24096386,,,,,,,,,,,,,,,,,,,,336.8358,339.6665,2,2.8212,,,,,,AXBstimuli/yyustimulus.wav,Last,,,,,,,,,,,,,,,,,,,,,,,,,,,,,,,,,,,,,,,0,0,0,3,1,,,,,,,,,,,,,,,,,,,,,,,,,,,,,,,,,,,,,,,,,,,,,,,,,,,,,,,,,,,,,,,,,,,,,,,,,,,,,,,,,,,,,,,,,,,,,,,,,,,,,,,,,,
,,,,,170569,001,2024-05-21_22h06.17.080,AXB:2AFC Experiments (16.05.2024),2024.1.3,MacIntel,60.24096386,,,,,,,,,,,,,,,,,,,,339.6668,342.35,1,2.6817,,,,,,AXBstimuli/yuustimulus.wav,First,,,,,,,,,,,,,,,,,,,,,,,,,,,,,,,,,,,,,,,0,1,1,2,1,,,,,,,,,,,,,,,,,,,,,,,,,,,,,,,,,,,,,,,,,,,,,,,,,,,,,,,,,,,,,,,,,,,,,,,,,,,,,,,,,,,,,,,,,,,,,,,,,,,,,,,,,,
,,,,,170569,001,2024-05-21_22h06.17.080,AXB:2AFC Experiments (16.05.2024),2024.1.3,MacIntel,60.24096386,,,,,,,,,,,,,,,,,,,,342.3504,346.5325,1,4.1716,,,,,,AXBstimuli/iyystimulus.wav,First,,,,,,,,,,,,,,,,,,,,,,,,,,,,,,,,,,,,,,,0,2,2,1,1,,,,,,,,,,,,,,,,,,,,,,,,,,,,,,,,,,,,,,,,,,,,,,,,,,,,,,,,,,,,,,,,,,,,,,,,,,,,,,,,,,,,,,,,,,,,,,,,,,,,,,,,,,
,,,,,170569,001,2024-05-21_22h06.17.080,AXB:2AFC Experiments (16.05.2024),2024.1.3,MacIntel,60.24096386,,,,,,,,,,,,,,,,,,,,346.5328,349.5336,2,2.9966,,,,,,AXBstimuli/iiystimulus.wav,Last,,,,,,,,,,,,,,,,,,,,,,,,,,,,,,,,,,,,,,,0,3,3,0,1,,,,,,,,,,,,,,,,,,,,,,,,,,,,,,,,,,,,,,,,,,,,,,,,,,,,,,,,,,,,,,,,,,,,,,,,,,,,,,,,,,,,,,,,,,,,,,,,,,,,,,,,,,
,,,,,170569,001,2024-05-21_22h06.17.080,AXB:2AFC Experiments (16.05.2024),2024.1.3,MacIntel,60.24096386,,,,,,,,,,,,,,,,,,,,349.5338,352.883,2,3.3453,,,,,,AXBstimuli/iiystimulus.wav,Last,,,,,,,,,,,,,,,,,,,,,,,,,,,,,,,,,,,,,,,1,0,4,0,1,,,,,,,,,,,,,,,,,,,,,,,,,,,,,,,,,,,,,,,,,,,,,,,,,,,,,,,,,,,,,,,,,,,,,,,,,,,,,,,,,,,,,,,,,,,,,,,,,,,,,,,,,,
,,,,,170569,001,2024-05-21_22h06.17.080,AXB:2AFC Experiments (16.05.2024),2024.1.3,MacIntel,60.24096386,,,,,,,,,,,,,,,,,,,,352.8834,355.6499,1,2.76,,,,,,AXBstimuli/iyystimulus.wav,First,,,,,,,,,,,,,,,,,,,,,,,,,,,,,,,,,,,,,,,1,1,5,1,1,,,,,,,,,,,,,,,,,,,,,,,,,,,,,,,,,,,,,,,,,,,,,,,,,,,,,,,,,,,,,,,,,,,,,,,,,,,,,,,,,,,,,,,,,,,,,,,,,,,,,,,,,,
,,,,,170569,001,2024-05-21_22h06.17.080,AXB:2AFC Experiments (16.05.2024),2024.1.3,MacIntel,60.24096386,,,,,,,,,,,,,,,,,,,,355.6501,358.5508,1,2.8924,,,,,,AXBstimuli/yuustimulus.wav,First,,,,,,,,,,,,,,,,,,,,,,,,,,,,,,,,,,,,,,,1,2,6,2,1,,,,,,,,,,,,,,,,,,,,,,,,,,,,,,,,,,,,,,,,,,,,,,,,,,,,,,,,,,,,,,,,,,,,,,,,,,,,,,,,,,,,,,,,,,,,,,,,,,,,,,,,,,
,,,,,170569,001,2024-05-21_22h06.17.080,AXB:2AFC Experiments (16.05.2024),2024.1.3,MacIntel,60.24096386,,,,,,,,,,,,,,,,,,,,358.5511,361.3343,2,2.7756,,,,,,AXBstimuli/yyustimulus.wav,Last,,,,,,,,,,,,,,,,,,,,,,,,,,,,,,,,,,,,,,,1,3,7,3,1,,,,,,,,,,,,,,,,,,,,,,,,,,,,,,,,,,,,,,,,,,,,,,,,,,,,,,,,,,,,,,,,,,,,,,,,,,,,,,,,,,,,,,,,,,,,,,,,,,,,,,,,,,
,,,,,170569,001,2024-05-21_22h06.17.080,AXB:2AFC Experiments (16.05.2024),2024.1.3,MacIntel,60.24096386,,,,,,,,,,,,,,,,,,,,,,,,,,,,,,,,,,,,,,,,,,,,,,,,,,,,,,,,,,,,,,,,,,,,,,,,,,361.3357,371.5187,1,10.1722,,,,,,,,,,,,,,,,,,,,,,,,,,,,,,,,,,,,,,,,,,,,,,,,,,,,,,,,,,,,,,,,,,,,,,,,,,,,,,,,,,,,,,,,,,,,,,,,,,,,,,
,,,,,170569,001,2024-05-21_22h06.17.080,AXB:2AFC Experiments (16.05.2024),2024.1.3,MacIntel,60.24096386,,,,,,,,,,,,,,,,,,,,371.5209,376.7018,1,5.1673,,,,,,AXBstimuli/yuustimulus.wav,First,,,,,,,,,,,,,,,,,,,,,,,,,,,,,,,,,,,,,,,,,,,,,,,,0,0,0,2,1,,,,,,,,,,,,,,,,,,,,,,,,,,,,,,,,,,,,,,,,,,,,,,,,,,,,,,,,,,,,,,,,,,,,,,,,,,,,,,,,,,,,,,,,,,,,,,,,,
,,,,,170569,001,2024-05-21_22h06.17.080,AXB:2AFC Experiments (16.05.2024),2024.1.3,MacIntel,60.24096386,,,,,,,,,,,,,,,,,,,,376.7022,380.3522,2,3.6429,,,,,,AXBstimuli/yyustimulus.wav,Last,,,,,,,,,,,,,,,,,,,,,,,,,,,,,,,,,,,,,,,,,,,,,,,,0,1,1,3,1,,,,,,,,,,,,,,,,,,,,,,,,,,,,,,,,,,,,,,,,,,,,,,,,,,,,,,,,,,,,,,,,,,,,,,,,,,,,,,,,,,,,,,,,,,,,,,,,,
,,,,,170569,001,2024-05-21_22h06.17.080,AXB:2AFC Experiments (16.05.2024),2024.1.3,MacIntel,60.24096386,,,,,,,,,,,,,,,,,,,,380.3524,384.2346,2,3.8698,,,,,,AXBstimuli/iiystimulus.wav,Last,,,,,,,,,,,,,,,,,,,,,,,,,,,,,,,,,,,,,,,,,,,,,,,,0,2,2,0,1,,,,,,,,,,,,,,,,,,,,,,,,,,,,,,,,,,,,,,,,,,,,,,,,,,,,,,,,,,,,,,,,,,,,,,,,,,,,,,,,,,,,,,,,,,,,,,,,,
,,,,,170569,001,2024-05-21_22h06.17.080,AXB:2AFC Experiments (16.05.2024),2024.1.3,MacIntel,60.24096386,,,,,,,,,,,,,,,,,,,,384.2348,387.0691,1,2.8236,,,,,,AXBstimuli/iyystimulus.wav,First,,,,,,,,,,,,,,,,,,,,,,,,,,,,,,,,,,,,,,,,,,,,,,,,0,3,3,1,1,,,,,,,,,,,,,,,,,,,,,,,,,,,,,,,,,,,,,,,,,,,,,,,,,,,,,,,,,,,,,,,,,,,,,,,,,,,,,,,,,,,,,,,,,,,,,,,,,
,,,,,170569,001,2024-05-21_22h06.17.080,AXB:2AFC Experiments (16.05.2024),2024.1.3,MacIntel,60.24096386,,,,,,,,,,,,,,,,,,,,387.0693,389.8359,2,2.7581,,,,,,AXBstimuli/iiystimulus.wav,Last,,,,,,,,,,,,,,,,,,,,,,,,,,,,,,,,,,,,,,,,,,,,,,,,1,0,4,0,1,,,,,,,,,,,,,,,,,,,,,,,,,,,,,,,,,,,,,,,,,,,,,,,,,,,,,,,,,,,,,,,,,,,,,,,,,,,,,,,,,,,,,,,,,,,,,,,,,
,,,,,170569,001,2024-05-21_22h06.17.080,AXB:2AFC Experiments (16.05.2024),2024.1.3,MacIntel,60.24096386,,,,,,,,,,,,,,,,,,,,389.8361,394.2195,1,4.3816,,,,,,AXBstimuli/yuustimulus.wav,First,,,,,,,,,,,,,,,,,,,,,,,,,,,,,,,,,,,,,,,,,,,,,,,,1,1,5,2,1,,,,,,,,,,,,,,,,,,,,,,,,,,,,,,,,,,,,,,,,,,,,,,,,,,,,,,,,,,,,,,,,,,,,,,,,,,,,,,,,,,,,,,,,,,,,,,,,,
,,,,,170569,001,2024-05-21_22h06.17.080,AXB:2AFC Experiments (16.05.2024),2024.1.3,MacIntel,60.24096386,,,,,,,,,,,,,,,,,,,,394.2197,398.5864,1,4.3532,,,,,,AXBstimuli/iyystimulus.wav,First,,,,,,,,,,,,,,,,,,,,,,,,,,,,,,,,,,,,,,,,,,,,,,,,1,2,6,1,1,,,,,,,,,,,,,,,,,,,,,,,,,,,,,,,,,,,,,,,,,,,,,,,,,,,,,,,,,,,,,,,,,,,,,,,,,,,,,,,,,,,,,,,,,,,,,,,,,
,,,,,170569,001,2024-05-21_22h06.17.080,AXB:2AFC Experiments (16.05.2024),2024.1.3,MacIntel,60.24096386,,,,,,,,,,,,,,,,,,,,398.5866,401.3358,2,2.7404,,,,,,AXBstimuli/yyustimulus.wav,Last,,,,,,,,,,,,,,,,,,,,,,,,,,,,,,,,,,,,,,,,,,,,,,,,1,3,7,3,1,,,,,,,,,,,,,,,,,,,,,,,,,,,,,,,,,,,,,,,,,,,,,,,,,,,,,,,,,,,,,,,,,,,,,,,,,,,,,,,,,,,,,,,,,,,,,,,,,
,,,,,170569,001,2024-05-21_22h06.17.080,AXB:2AFC Experiments (16.05.2024),2024.1.3,MacIntel,60.24096386,,,,,,,,,,,,,,,,,,,,401.3365,404.8868,2,3.5433,,,,,,AXBstimuli/iiystimulus.wav,Last,,,,,,,,,,,,,,,,,,,,,,,,,,,,,,,,,,,,,,,,,,,,,,,,2,0,8,0,1,,,,,,,,,,,,,,,,,,,,,,,,,,,,,,,,,,,,,,,,,,,,,,,,,,,,,,,,,,,,,,,,,,,,,,,,,,,,,,,,,,,,,,,,,,,,,,,,,
,,,,,170569,001,2024-05-21_22h06.17.080,AXB:2AFC Experiments (16.05.2024),2024.1.3,MacIntel,60.24096386,,,,,,,,,,,,,,,,,,,,404.8871,407.7201,2,2.8269,,,,,,AXBstimuli/yyustimulus.wav,Last,,,,,,,,,,,,,,,,,,,,,,,,,,,,,,,,,,,,,,,,,,,,,,,,2,1,9,3,1,,,,,,,,,,,,,,,,,,,,,,,,,,,,,,,,,,,,,,,,,,,,,,,,,,,,,,,,,,,,,,,,,,,,,,,,,,,,,,,,,,,,,,,,,,,,,,,,,
,,,,,170569,001,2024-05-21_22h06.17.080,AXB:2AFC Experiments (16.05.2024),2024.1.3,MacIntel,60.24096386,,,,,,,,,,,,,,,,,,,,407.7204,412.0037,1,4.2697,,,,,,AXBstimuli/iyystimulus.wav,First,,,,,,,,,,,,,,,,,,,,,,,,,,,,,,,,,,,,,,,,,,,,,,,,2,2,10,1,1,,,,,,,,,,,,,,,,,,,,,,,,,,,,,,,,,,,,,,,,,,,,,,,,,,,,,,,,,,,,,,,,,,,,,,,,,,,,,,,,,,,,,,,,,,,,,,,,,
,,,,,170569,001,2024-05-21_22h06.17.080,AXB:2AFC Experiments (16.05.2024),2024.1.3,MacIntel,60.24096386,,,,,,,,,,,,,,,,,,,,412.0039,414.7196,1,2.7031,,,,,,AXBstimuli/yuustimulus.wav,First,,,,,,,,,,,,,,,,,,,,,,,,,,,,,,,,,,,,,,,,,,,,,,,,2,3,11,2,1,,,,,,,,,,,,,,,,,,,,,,,,,,,,,,,,,,,,,,,,,,,,,,,,,,,,,,,,,,,,,,,,,,,,,,,,,,,,,,,,,,,,,,,,,,,,,,,,,
,,,,,170569,001,2024-05-21_22h06.17.080,AXB:2AFC Experiments (16.05.2024),2024.1.3,MacIntel,60.24096386,,,,,,,,,,,,,,,,,,,,,,,,,,,,,,,,,,,,,,,,,,,,,,,,,,,,,,,,,,,,,,,,,,,,,,,,,,,,,,,,,,,414.7214,420.2038,space,5.4561,,,,,,,,,,,,,,,,,,,,,,,,,,,,,,,,,,,,,,,,,,,,,,,,,,,,,,,,,,,,,,,,,,,,,,,,,,,,,,,,,,,,,,,,,,,,,
,,,,,170569,001,2024-05-21_22h06.17.080,AXB:2AFC Experiments (16.05.2024),2024.1.3,MacIntel,60.24096386,,,,,,,,,,,,,,,,,,,,,,,,,,,,,,,,,,,,,,,,,,,,,,,,,,,,,,,,,,,,,,,,,,,,,,,,,,,,,,,,,,,,,,,,420.2075,426.3381,1,6.1228,0,0,0,3,1,TAFCstimuli01/nimnym004.wav,,,,,,,,,,,,,,,,,,,,,,,,,,,,,,,,,,,,,,,,,,,,,,,,,,,,,,,,,,,,,,,,,,,,,,,,,,,,,,,,,,
,,,,,170569,001,2024-05-21_22h06.17.080,AXB:2AFC Experiments (16.05.2024),2024.1.3,MacIntel,60.24096386,,,,,,,,,,,,,,,,,,,,,,,,,,,,,,,,,,,,,,,,,,,,,,,,,,,,,,,,,,,,,,,,,,,,,,,,,,,,,,,,,,,,,,,,426.3383,429.0205,1,2.6744,0,1,1,2,1,TAFCstimuli01/nimnym003.wav,,,,,,,,,,,,,,,,,,,,,,,,,,,,,,,,,,,,,,,,,,,,,,,,,,,,,,,,,,,,,,,,,,,,,,,,,,,,,,,,,,
,,,,,170569,001,2024-05-21_22h06.17.080,AXB:2AFC Experiments (16.05.2024),2024.1.3,MacIntel,60.24096386,,,,,,,,,,,,,,,,,,,,,,,,,,,,,,,,,,,,,,,,,,,,,,,,,,,,,,,,,,,,,,,,,,,,,,,,,,,,,,,,,,,,,,,,429.0207,430.5882,1,1.561,0,2,2,1,1,TAFCstimuli01/nimnym002.wav,,,,,,,,,,,,,,,,,,,,,,,,,,,,,,,,,,,,,,,,,,,,,,,,,,,,,,,,,,,,,,,,,,,,,,,,,,,,,,,,,,
,,,,,170569,001,2024-05-21_22h06.17.080,AXB:2AFC Experiments (16.05.2024),2024.1.3,MacIntel,60.24096386,,,,,,,,,,,,,,,,,,,,,,,,,,,,,,,,,,,,,,,,,,,,,,,,,,,,,,,,,,,,,,,,,,,,,,,,,,,,,,,,,,,,,,,,430.5885,431.7883,1,1.1916,0,3,3,0,1,TAFCstimuli01/nimnym001.wav,,,,,,,,,,,,,,,,,,,,,,,,,,,,,,,,,,,,,,,,,,,,,,,,,,,,,,,,,,,,,,,,,,,,,,,,,,,,,,,,,,
,,,,,170569,001,2024-05-21_22h06.17.080,AXB:2AFC Experiments (16.05.2024),2024.1.3,MacIntel,60.24096386,,,,,,,,,,,,,,,,,,,,,,,,,,,,,,,,,,,,,,,,,,,,,,,,,,,,,,,,,,,,,,,,,,,,,,,,,,,,,,,,,,,,,,,,,,,,,,,,,,431.7888,434.6054,2,2.8093,,,,,,,,,,,,,,,,,,,,,,,,,,,,,,,,,,,,,,,,,,,,,,,,,,,,,,,,,,,,,,,,,,,,,,,,,,,,,,
,,,,,170569,001,2024-05-21_22h06.17.080,AXB:2AFC Experiments (16.05.2024),2024.1.3,MacIntel,60.24096386,,,,,,,,,,,,,,,,,,,,,,,,,,,,,,,,,,,,,,,,,,,,,,,,,,,,,,,,,,,,,,,,,,,,,,,,,,,,,,,,,,,,,,,,,,,,,,,,,,,,,,434.6056,675.219,space,240.6003,,,,,,,,,,,,,,,,,,,,,,,,,,,,,,,,,,,,,,,,,,,,,,,,,,,,,,,,,,,,,,,,,,,,,,,,,,
,,,,,170569,001,2024-05-21_22h06.17.080,AXB:2AFC Experiments (16.05.2024),2024.1.3,MacIntel,60.24096386,,,,,,,,,,,,,,,,,,,,,,,,,,,,,,nim,,,,,,,,,,,,,,,,,,,,,,,,,,,,,,,,,,,,,,,,,,,,,,,,,,,,,,,,,,,,,,,,,,,,,,,,,,,,,675.2234,678.0351,1,2.8053,0,0,0,0,1,TAFCstimuli01/nimnym001.wav,,,,,,,,,,,,,,,,,,,,,,,,,,,,,,,,,,,,,,,,,,,,,,,,,,,,,,,,,,,,,,,
,,,,,170569,001,2024-05-21_22h06.17.080,AXB:2AFC Experiments (16.05.2024),2024.1.3,MacIntel,60.24096386,,,,,,,,,,,,,,,,,,,,,,,,,,,,,,nim,,,,,,,,,,,,,,,,,,,,,,,,,,,,,,,,,,,,,,,,,,,,,,,,,,,,,,,,,,,,,,,,,,,,,,,,,,,,,678.0354,682.9854,1,4.9367,0,1,1,1,1,TAFCstimuli01/nimnym002.wav,,,,,,,,,,,,,,,,,,,,,,,,,,,,,,,,,,,,,,,,,,,,,,,,,,,,,,,,,,,,,,,
,,,,,170569,001,2024-05-21_22h06.17.080,AXB:2AFC Experiments (16.05.2024),2024.1.3,MacIntel,60.24096386,,,,,,,,,,,,,,,,,,,,,,,,,,,,,,nym,,,,,,,,,,,,,,,,,,,,,,,,,,,,,,,,,,,,,,,,,,,,,,,,,,,,,,,,,,,,,,,,,,,,,,,,,,,,,682.9858,684.5688,2,1.5723,0,2,2,5,1,TAFCstimuli01/nimnym006.wav,,,,,,,,,,,,,,,,,,,,,,,,,,,,,,,,,,,,,,,,,,,,,,,,,,,,,,,,,,,,,,,
,,,,,170569,001,2024-05-21_22h06.17.080,AXB:2AFC Experiments (16.05.2024),2024.1.3,MacIntel,60.24096386,,,,,,,,,,,,,,,,,,,,,,,,,,,,,,nym,,,,,,,,,,,,,,,,,,,,,,,,,,,,,,,,,,,,,,,,,,,,,,,,,,,,,,,,,,,,,,,,,,,,,,,,,,,,,684.569,685.6179,2,1.0477,0,3,3,4,1,TAFCstimuli01/nimnym005.wav,,,,,,,,,,,,,,,,,,,,,,,,,,,,,,,,,,,,,,,,,,,,,,,,,,,,,,,,,,,,,,,
,,,,,170569,001,2024-05-21_22h06.17.080,AXB:2AFC Experiments (16.05.2024),2024.1.3,MacIntel,60.24096386,,,,,,,,,,,,,,,,,,,,,,,,,,,,,,/,,,,,,,,,,,,,,,,,,,,,,,,,,,,,,,,,,,,,,,,,,,,,,,,,,,,,,,,,,,,,,,,,,,,,,,,,,,,,685.6182,686.6521,2,1.0206,0,4,4,3,1,TAFCstimuli01/nimnym004.wav,,,,,,,,,,,,,,,,,,,,,,,,,,,,,,,,,,,,,,,,,,,,,,,,,,,,,,,,,,,,,,,
,,,,,170569,001,2024-05-21_22h06.17.080,AXB:2AFC Experiments (16.05.2024),2024.1.3,MacIntel,60.24096386,,,,,,,,,,,,,,,,,,,,,,,,,,,,,,nym,,,,,,,,,,,,,,,,,,,,,,,,,,,,,,,,,,,,,,,,,,,,,,,,,,,,,,,,,,,,,,,,,,,,,,,,,,,,,686.6523,687.7346,2,1.0797,0,5,5,6,1,TAFCstimuli01/nimnym007.wav,,,,,,,,,,,,,,,,,,,,,,,,,,,,,,,,,,,,,,,,,,,,,,,,,,,,,,,,,,,,,,,
,,,,,170569,001,2024-05-21_22h06.17.080,AXB:2AFC Experiments (16.05.2024),2024.1.3,MacIntel,60.24096386,,,,,,,,,,,,,,,,,,,,,,,,,,,,,,nim,,,,,,,,,,,,,,,,,,,,,,,,,,,,,,,,,,,,,,,,,,,,,,,,,,,,,,,,,,,,,,,,,,,,,,,,,,,,,687.735,689.3012,1,1.5578,0,6,6,2,1,TAFCstimuli01/nimnym003.wav,,,,,,,,,,,,,,,,,,,,,,,,,,,,,,,,,,,,,,,,,,,,,,,,,,,,,,,,,,,,,,,
,,,,,170569,001,2024-05-21_22h06.17.080,AXB:2AFC Experiments (16.05.2024),2024.1.3,MacIntel,60.24096386,,,,,,,,,,,,,,,,,,,,,,,,,,,,,,nim,,,,,,,,,,,,,,,,,,,,,,,,,,,,,,,,,,,,,,,,,,,,,,,,,,,,,,,,,,,,,,,,,,,,,,,,,,,,,689.3014,691.0347,1,1.7242,1,0,7,1,1,TAFCstimuli01/nimnym002.wav,,,,,,,,,,,,,,,,,,,,,,,,,,,,,,,,,,,,,,,,,,,,,,,,,,,,,,,,,,,,,,,
,,,,,170569,001,2024-05-21_22h06.17.080,AXB:2AFC Experiments (16.05.2024),2024.1.3,MacIntel,60.24096386,,,,,,,,,,,,,,,,,,,,,,,,,,,,,,/,,,,,,,,,,,,,,,,,,,,,,,,,,,,,,,,,,,,,,,,,,,,,,,,,,,,,,,,,,,,,,,,,,,,,,,,,,,,,691.0347,693.1858,2,2.1403,1,1,8,3,1,TAFCstimuli01/nimnym004.wav,,,,,,,,,,,,,,,,,,,,,,,,,,,,,,,,,,,,,,,,,,,,,,,,,,,,,,,,,,,,,,,
,,,,,170569,001,2024-05-21_22h06.17.080,AXB:2AFC Experiments (16.05.2024),2024.1.3,MacIntel,60.24096386,,,,,,,,,,,,,,,,,,,,,,,,,,,,,,nym,,,,,,,,,,,,,,,,,,,,,,,,,,,,,,,,,,,,,,,,,,,,,,,,,,,,,,,,,,,,,,,,,,,,,,,,,,,,,693.186,694.4017,2,1.2027,1,2,9,6,1,TAFCstimuli01/nimnym007.wav,,,,,,,,,,,,,,,,,,,,,,,,,,,,,,,,,,,,,,,,,,,,,,,,,,,,,,,,,,,,,,,
,,,,,170569,001,2024-05-21_22h06.17.080,AXB:2AFC Experiments (16.05.2024),2024.1.3,MacIntel,60.24096386,,,,,,,,,,,,,,,,,,,,,,,,,,,,,,nim,,,,,,,,,,,,,,,,,,,,,,,,,,,,,,,,,,,,,,,,,,,,,,,,,,,,,,,,,,,,,,,,,,,,,,,,,,,,,694.4019,695.8359,1,1.421,1,3,10,2,1,TAFCstimuli01/nimnym003.wav,,,,,,,,,,,,,,,,,,,,,,,,,,,,,,,,,,,,,,,,,,,,,,,,,,,,,,,,,,,,,,,
,,,,,170569,001,2024-05-21_22h06.17.080,AXB:2AFC Experiments (16.05.2024),2024.1.3,MacIntel,60.24096386,,,,,,,,,,,,,,,,,,,,,,,,,,,,,,nim,,,,,,,,,,,,,,,,,,,,,,,,,,,,,,,,,,,,,,,,,,,,,,,,,,,,,,,,,,,,,,,,,,,,,,,,,,,,,695.8361,697.3861,1,1.5474,1,4,11,0,1,TAFCstimuli01/nimnym001.wav,,,,,,,,,,,,,,,,,,,,,,,,,,,,,,,,,,,,,,,,,,,,,,,,,,,,,,,,,,,,,,,
,,,,,170569,001,2024-05-21_22h06.17.080,AXB:2AFC Experiments (16.05.2024),2024.1.3,MacIntel,60.24096386,,,,,,,,,,,,,,,,,,,,,,,,,,,,,,nym,,,,,,,,,,,,,,,,,,,,,,,,,,,,,,,,,,,,,,,,,,,,,,,,,,,,,,,,,,,,,,,,,,,,,,,,,,,,,697.3865,699.1184,2,1.719,1,5,12,5,1,TAFCstimuli01/nimnym006.wav,,,,,,,,,,,,,,,,,,,,,,,,,,,,,,,,,,,,,,,,,,,,,,,,,,,,,,,,,,,,,,,
,,,,,170569,001,2024-05-21_22h06.17.080,AXB:2AFC Experiments (16.05.2024),2024.1.3,MacIntel,60.24096386,,,,,,,,,,,,,,,,,,,,,,,,,,,,,,nym,,,,,,,,,,,,,,,,,,,,,,,,,,,,,,,,,,,,,,,,,,,,,,,,,,,,,,,,,,,,,,,,,,,,,,,,,,,,,699.1186,701.137,2,2.0128,1,6,13,4,1,TAFCstimuli01/nimnym005.wav,,,,,,,,,,,,,,,,,,,,,,,,,,,,,,,,,,,,,,,,,,,,,,,,,,,,,,,,,,,,,,,
,,,,,170569,001,2024-05-21_22h06.17.080,AXB:2AFC Experiments (16.05.2024),2024.1.3,MacIntel,60.24096386,,,,,,,,,,,,,,,,,,,,,,,,,,,,,,,,,,,,,,,,,,,,,,,,,,,,,,,,,,,,,,,,,,,,,,,,,,,,,,,,,,,,,,,,,,,,,,,,,,,,,,,,,,,,,,,,,,,,,701.1392,702.2865,2,1.1383,,,,,,,,,,,,,,,,,,,,,,,,,,,,,,,,,,,,,,,,,,,,,,,,,,,,,,,,,,,
,,,,,170569,001,2024-05-21_22h06.17.080,AXB:2AFC Experiments (16.05.2024),2024.1.3,MacIntel,60.24096386,,,,,,,,,,,,,,,,,,,,,,,,,,,,,,nym,,,,,,,,,,,,,,,,,,,,,,,,,,,,,,,,,,,,,,,,,,,,,,,,,,,,,,,,,,,,,,,,,,,,,,,,,,,,,702.2897,704.3364,2,2.033,,,,,,TAFCstimuli01/nimnym007.wav,,,,,,0,0,0,6,1,,,,,,,,,,,,,,,,,,,,,,,,,,,,,,,,,,,,,,,,,,,,,,,,,,,,,
,,,,,170569,001,2024-05-21_22h06.17.080,AXB:2AFC Experiments (16.05.2024),2024.1.3,MacIntel,60.24096386,,,,,,,,,,,,,,,,,,,,,,,,,,,,,,nim,,,,,,,,,,,,,,,,,,,,,,,,,,,,,,,,,,,,,,,,,,,,,,,,,,,,,,,,,,,,,,,,,,,,,,,,,,,,,704.3369,706.0865,1,1.742,,,,,,TAFCstimuli01/nimnym003.wav,,,,,,0,1,1,2,1,,,,,,,,,,,,,,,,,,,,,,,,,,,,,,,,,,,,,,,,,,,,,,,,,,,,,
,,,,,170569,001,2024-05-21_22h06.17.080,AXB:2AFC Experiments (16.05.2024),2024.1.3,MacIntel,60.24096386,,,,,,,,,,,,,,,,,,,,,,,,,,,,,,nym,,,,,,,,,,,,,,,,,,,,,,,,,,,,,,,,,,,,,,,,,,,,,,,,,,,,,,,,,,,,,,,,,,,,,,,,,,,,,706.0868,707.7356,2,1.6358,,,,,,TAFCstimuli01/nimnym005.wav,,,,,,0,2,2,4,1,,,,,,,,,,,,,,,,,,,,,,,,,,,,,,,,,,,,,,,,,,,,,,,,,,,,,
,,,,,170569,001,2024-05-21_22h06.17.080,AXB:2AFC Experiments (16.05.2024),2024.1.3,MacIntel,60.24096386,,,,,,,,,,,,,,,,,,,,,,,,,,,,,,nym,,,,,,,,,,,,,,,,,,,,,,,,,,,,,,,,,,,,,,,,,,,,,,,,,,,,,,,,,,,,,,,,,,,,,,,,,,,,,707.7358,708.8023,2,1.0585,,,,,,TAFCstimuli01/nimnym006.wav,,,,,,0,3,3,5,1,,,,,,,,,,,,,,,,,,,,,,,,,,,,,,,,,,,,,,,,,,,,,,,,,,,,,
,,,,,170569,001,2024-05-21_22h06.17.080,AXB:2AFC Experiments (16.05.2024),2024.1.3,MacIntel,60.24096386,,,,,,,,,,,,,,,,,,,,,,,,,,,,,,/,,,,,,,,,,,,,,,,,,,,,,,,,,,,,,,,,,,,,,,,,,,,,,,,,,,,,,,,,,,,,,,,,,,,,,,,,,,,,708.8025,709.8865,2,1.0817,,,,,,TAFCstimuli01/nimnym004.wav,,,,,,0,4,4,3,1,,,,,,,,,,,,,,,,,,,,,,,,,,,,,,,,,,,,,,,,,,,,,,,,,,,,,
,,,,,170569,001,2024-05-21_22h06.17.080,AXB:2AFC Experiments (16.05.2024),2024.1.3,MacIntel,60.24096386,,,,,,,,,,,,,,,,,,,,,,,,,,,,,,nim,,,,,,,,,,,,,,,,,,,,,,,,,,,,,,,,,,,,,,,,,,,,,,,,,,,,,,,,,,,,,,,,,,,,,,,,,,,,,709.8868,711.5191,1,1.6257,,,,,,TAFCstimuli01/nimnym002.wav,,,,,,0,5,5,1,1,,,,,,,,,,,,,,,,,,,,,,,,,,,,,,,,,,,,,,,,,,,,,,,,,,,,,
,,,,,170569,001,2024-05-21_22h06.17.080,AXB:2AFC Experiments (16.05.2024),2024.1.3,MacIntel,60.24096386,,,,,,,,,,,,,,,,,,,,,,,,,,,,,,nim,,,,,,,,,,,,,,,,,,,,,,,,,,,,,,,,,,,,,,,,,,,,,,,,,,,,,,,,,,,,,,,,,,,,,,,,,,,,,711.5193,712.9025,1,1.3702,,,,,,TAFCstimuli01/nimnym001.wav,,,,,,0,6,6,0,1,,,,,,,,,,,,,,,,,,,,,,,,,,,,,,,,,,,,,,,,,,,,,,,,,,,,,
,,,,,170569,001,2024-05-21_22h06.17.080,AXB:2AFC Experiments (16.05.2024),2024.1.3,MacIntel,60.24096386,,,,,,,,,,,,,,,,,,,,,,,,,,,,,,nym,,,,,,,,,,,,,,,,,,,,,,,,,,,,,,,,,,,,,,,,,,,,,,,,,,,,,,,,,,,,,,,,,,,,,,,,,,,,,712.9027,714.3867,2,1.4704,,,,,,TAFCstimuli01/nimnym005.wav,,,,,,1,0,7,4,1,,,,,,,,,,,,,,,,,,,,,,,,,,,,,,,,,,,,,,,,,,,,,,,,,,,,,
,,,,,170569,001,2024-05-21_22h06.17.080,AXB:2AFC Experiments (16.05.2024),2024.1.3,MacIntel,60.24096386,,,,,,,,,,,,,,,,,,,,,,,,,,,,,,nim,,,,,,,,,,,,,,,,,,,,,,,,,,,,,,,,,,,,,,,,,,,,,,,,,,,,,,,,,,,,,,,,,,,,,,,,,,,,,714.3869,716.1535,1,1.7602,,,,,,TAFCstimuli01/nimnym003.wav,,,,,,1,1,8,2,1,,,,,,,,,,,,,,,,,,,,,,,,,,,,,,,,,,,,,,,,,,,,,,,,,,,,,
,,,,,170569,001,2024-05-21_22h06.17.080,AXB:2AFC Experiments (16.05.2024),2024.1.3,MacIntel,60.24096386,,,,,,,,,,,,,,,,,,,,,,,,,,,,,,nym,,,,,,,,,,,,,,,,,,,,,,,,,,,,,,,,,,,,,,,,,,,,,,,,,,,,,,,,,,,,,,,,,,,,,,,,,,,,,716.1538,717.7536,2,1.585,,,,,,TAFCstimuli01/nimnym006.wav,,,,,,1,2,9,5,1,,,,,,,,,,,,,,,,,,,,,,,,,,,,,,,,,,,,,,,,,,,,,,,,,,,,,
,,,,,170569,001,2024-05-21_22h06.17.080,AXB:2AFC Experiments (16.05.2024),2024.1.3,MacIntel,60.24096386,,,,,,,,,,,,,,,,,,,,,,,,,,,,,,nym,,,,,,,,,,,,,,,,,,,,,,,,,,,,,,,,,,,,,,,,,,,,,,,,,,,,,,,,,,,,,,,,,,,,,,,,,,,,,717.7538,719.236,2,1.4691,,,,,,TAFCstimuli01/nimnym007.wav,,,,,,1,3,10,6,1,,,,,,,,,,,,,,,,,,,,,,,,,,,,,,,,,,,,,,,,,,,,,,,,,,,,,
,,,,,170569,001,2024-05-21_22h06.17.080,AXB:2AFC Experiments (16.05.2024),2024.1.3,MacIntel,60.24096386,,,,,,,,,,,,,,,,,,,,,,,,,,,,,,/,,,,,,,,,,,,,,,,,,,,,,,,,,,,,,,,,,,,,,,,,,,,,,,,,,,,,,,,,,,,,,,,,,,,,,,,,,,,,719.2363,720.5705,2,1.3235,,,,,,TAFCstimuli01/nimnym004.wav,,,,,,1,4,11,3,1,,,,,,,,,,,,,,,,,,,,,,,,,,,,,,,,,,,,,,,,,,,,,,,,,,,,,
,,,,,170569,001,2024-05-21_22h06.17.080,AXB:2AFC Experiments (16.05.2024),2024.1.3,MacIntel,60.24096386,,,,,,,,,,,,,,,,,,,,,,,,,,,,,,nim,,,,,,,,,,,,,,,,,,,,,,,,,,,,,,,,,,,,,,,,,,,,,,,,,,,,,,,,,,,,,,,,,,,,,,,,,,,,,720.5708,722.2029,1,1.6195,,,,,,TAFCstimuli01/nimnym002.wav,,,,,,1,5,12,1,1,,,,,,,,,,,,,,,,,,,,,,,,,,,,,,,,,,,,,,,,,,,,,,,,,,,,,
,,,,,170569,001,2024-05-21_22h06.17.080,AXB:2AFC Experiments (16.05.2024),2024.1.3,MacIntel,60.24096386,,,,,,,,,,,,,,,,,,,,,,,,,,,,,,nim,,,,,,,,,,,,,,,,,,,,,,,,,,,,,,,,,,,,,,,,,,,,,,,,,,,,,,,,,,,,,,,,,,,,,,,,,,,,,722.2031,723.4543,1,1.2479,,,,,,TAFCstimuli01/nimnym001.wav,,,,,,1,6,13,0,1,,,,,,,,,,,,,,,,,,,,,,,,,,,,,,,,,,,,,,,,,,,,,,,,,,,,,
,,,,,170569,001,2024-05-21_22h06.17.080,AXB:2AFC Experiments (16.05.2024),2024.1.3,MacIntel,60.24096386,,,,,,,,,,,,,,,,,,,,,,,,,,,,,,,723.4551,914.5299,space,191.0693,,,,,,,,,,,,,,,,,,,,,,,,,,,,,,,,,,,,,,,,,,,,,,,,,,,,,,,,,,,,,,,,,,,,,,,,,,,,,,,,,,,,,,,,,,,,,,,,,,,,,,,,,,,,,,,,,,,,,,,,,,,,,,,,,,,,,,,,,,,,,,,,,
,,,,,170569,001,2024-05-21_22h06.17.080,AXB:2AFC Experiments (16.05.2024),2024.1.3,MacIntel,60.24096386,,,,,,,,,,,,,,,,,,,,,,,,,,,,,,nym,,,,,,,,,,,,,,,,,,,,,,,,,,,,,,,,,,,,,,,,,,,,,,,,,,,,,,,,,,,,,,,,,,,,,,,,,,,,,914.5331,916.4797,2,1.9381,,,,,,TAFCstimuli01/nimnym006.wav,,,,,,,,,,,0,0,0,5,1,,,,,,,,,,,,,,,,,,,,,,,,,,,,,,,,,,,,,,,,,,,,,,,,
,,,,,170569,001,2024-05-21_22h06.17.080,AXB:2AFC Experiments (16.05.2024),2024.1.3,MacIntel,60.24096386,,,,,,,,,,,,,,,,,,,,,,,,,,,,,,nym,,,,,,,,,,,,,,,,,,,,,,,,,,,,,,,,,,,,,,,,,,,,,,,,,,,,,,,,,,,,,,,,,,,,,,,,,,,,,916.48,917.5965,2,1.1064,,,,,,TAFCstimuli01/nimnym007.wav,,,,,,,,,,,0,1,1,6,1,,,,,,,,,,,,,,,,,,,,,,,,,,,,,,,,,,,,,,,,,,,,,,,,
,,,,,170569,001,2024-05-21_22h06.17.080,AXB:2AFC Experiments (16.05.2024),2024.1.3,MacIntel,60.24096386,,,,,,,,,,,,,,,,,,,,,,,,,,,,,,nim,,,,,,,,,,,,,,,,,,,,,,,,,,,,,,,,,,,,,,,,,,,,,,,,,,,,,,,,,,,,,,,,,,,,,,,,,,,,,917.5967,919.2798,1,1.6694,,,,,,TAFCstimuli01/nimnym002.wav,,,,,,,,,,,0,2,2,1,1,,,,,,,,,,,,,,,,,,,,,,,,,,,,,,,,,,,,,,,,,,,,,,,,
,,,,,170569,001,2024-05-21_22h06.17.080,AXB:2AFC Experiments (16.05.2024),2024.1.3,MacIntel,60.24096386,,,,,,,,,,,,,,,,,,,,,,,,,,,,,,nim,,,,,,,,,,,,,,,,,,,,,,,,,,,,,,,,,,,,,,,,,,,,,,,,,,,,,,,,,,,,,,,,,,,,,,,,,,,,,919.28,920.9632,1,1.6698,,,,,,TAFCstimuli01/nimnym001.wav,,,,,,,,,,,0,3,3,0,1,,,,,,,,,,,,,,,,,,,,,,,,,,,,,,,,,,,,,,,,,,,,,,,,
,,,,,170569,001,2024-05-21_22h06.17.080,AXB:2AFC Experiments (16.05.2024),2024.1.3,MacIntel,60.24096386,,,,,,,,,,,,,,,,,,,,,,,,,,,,,,nym,,,,,,,,,,,,,,,,,,,,,,,,,,,,,,,,,,,,,,,,,,,,,,,,,,,,,,,,,,,,,,,,,,,,,,,,,,,,,920.9634,922.5301,2,1.5633,,,,,,TAFCstimuli01/nimnym005.wav,,,,,,,,,,,0,4,4,4,1,,,,,,,,,,,,,,,,,,,,,,,,,,,,,,,,,,,,,,,,,,,,,,,,
,,,,,170569,001,2024-05-21_22h06.17.080,AXB:2AFC Experiments (16.05.2024),2024.1.3,MacIntel,60.24096386,,,,,,,,,,,,,,,,,,,,,,,,,,,,,,/,,,,,,,,,,,,,,,,,,,,,,,,,,,,,,,,,,,,,,,,,,,,,,,,,,,,,,,,,,,,,,,,,,,,,,,,,,,,,922.5303,923.6635,2,1.1241,,,,,,TAFCstimuli01/nimnym004.wav,,,,,,,,,,,0,5,5,3,1,,,,,,,,,,,,,,,,,,,,,,,,,,,,,,,,,,,,,,,,,,,,,,,,
,,,,,170569,001,2024-05-21_22h06.17.080,AXB:2AFC Experiments (16.05.2024),2024.1.3,MacIntel,60.24096386,,,,,,,,,,,,,,,,,,,,,,,,,,,,,,nim,,,,,,,,,,,,,,,,,,,,,,,,,,,,,,,,,,,,,,,,,,,,,,,,,,,,,,,,,,,,,,,,,,,,,,,,,,,,,923.6638,924.7303,2,1.0588,,,,,,TAFCstimuli01/nimnym003.wav,,,,,,,,,,,0,6,6,2,1,,,,,,,,,,,,,,,,,,,,,,,,,,,,,,,,,,,,,,,,,,,,,,,,
,,,,,170569,001,2024-05-21_22h06.17.080,AXB:2AFC Experiments (16.05.2024),2024.1.3,MacIntel,60.24096386,,,,,,,,,,,,,,,,,,,,,,,,,,,,,,nym,,,,,,,,,,,,,,,,,,,,,,,,,,,,,,,,,,,,,,,,,,,,,,,,,,,,,,,,,,,,,,,,,,,,,,,,,,,,,924.7306,926.2969,2,1.5546,,,,,,TAFCstimuli01/nimnym007.wav,,,,,,,,,,,1,0,7,6,1,,,,,,,,,,,,,,,,,,,,,,,,,,,,,,,,,,,,,,,,,,,,,,,,
,,,,,170569,001,2024-05-21_22h06.17.080,AXB:2AFC Experiments (16.05.2024),2024.1.3,MacIntel,60.24096386,,,,,,,,,,,,,,,,,,,,,,,,,,,,,,nym,,,,,,,,,,,,,,,,,,,,,,,,,,,,,,,,,,,,,,,,,,,,,,,,,,,,,,,,,,,,,,,,,,,,,,,,,,,,,926.2971,927.6969,2,1.3861,,,,,,TAFCstimuli01/nimnym005.wav,,,,,,,,,,,1,1,8,4,1,,,,,,,,,,,,,,,,,,,,,,,,,,,,,,,,,,,,,,,,,,,,,,,,
,,,,,170569,001,2024-05-21_22h06.17.080,AXB:2AFC Experiments (16.05.2024),2024.1.3,MacIntel,60.24096386,,,,,,,,,,,,,,,,,,,,,,,,,,,,,,nim,,,,,,,,,,,,,,,,,,,,,,,,,,,,,,,,,,,,,,,,,,,,,,,,,,,,,,,,,,,,,,,,,,,,,,,,,,,,,927.6972,929.247,1,1.547,,,,,,TAFCstimuli01/nimnym002.wav,,,,,,,,,,,1,2,9,1,1,,,,,,,,,,,,,,,,,,,,,,,,,,,,,,,,,,,,,,,,,,,,,,,,
,,,,,170569,001,2024-05-21_22h06.17.080,AXB:2AFC Experiments (16.05.2024),2024.1.3,MacIntel,60.24096386,,,,,,,,,,,,,,,,,,,,,,,,,,,,,,/,,,,,,,,,,,,,,,,,,,,,,,,,,,,,,,,,,,,,,,,,,,,,,,,,,,,,,,,,,,,,,,,,,,,,,,,,,,,,929.2472,931.2138,2,1.9544,,,,,,TAFCstimuli01/nimnym004.wav,,,,,,,,,,,1,3,10,3,1,,,,,,,,,,,,,,,,,,,,,,,,,,,,,,,,,,,,,,,,,,,,,,,,
,,,,,170569,001,2024-05-21_22h06.17.080,AXB:2AFC Experiments (16.05.2024),2024.1.3,MacIntel,60.24096386,,,,,,,,,,,,,,,,,,,,,,,,,,,,,,nim,,,,,,,,,,,,,,,,,,,,,,,,,,,,,,,,,,,,,,,,,,,,,,,,,,,,,,,,,,,,,,,,,,,,,,,,,,,,,931.214,933.2139,1,1.991,,,,,,TAFCstimuli01/nimnym003.wav,,,,,,,,,,,1,4,11,2,1,,,,,,,,,,,,,,,,,,,,,,,,,,,,,,,,,,,,,,,,,,,,,,,,
,,,,,170569,001,2024-05-21_22h06.17.080,AXB:2AFC Experiments (16.05.2024),2024.1.3,MacIntel,60.24096386,,,,,,,,,,,,,,,,,,,,,,,,,,,,,,nym,,,,,,,,,,,,,,,,,,,,,,,,,,,,,,,,,,,,,,,,,,,,,,,,,,,,,,,,,,,,,,,,,,,,,,,,,,,,,933.2142,935.3474,2,2.1199,,,,,,TAFCstimuli01/nimnym006.wav,,,,,,,,,,,1,5,12,5,1,,,,,,,,,,,,,,,,,,,,,,,,,,,,,,,,,,,,,,,,,,,,,,,,
,,,,,170569,001,2024-05-21_22h06.17.080,AXB:2AFC Experiments (16.05.2024),2024.1.3,MacIntel,60.24096386,,,,,,,,,,,,,,,,,,,,,,,,,,,,,,nim,,,,,,,,,,,,,,,,,,,,,,,,,,,,,,,,,,,,,,,,,,,,,,,,,,,,,,,,,,,,,,,,,,,,,,,,,,,,,935.3476,936.7641,1,1.4115,,,,,,TAFCstimuli01/nimnym001.wav,,,,,,,,,,,1,6,13,0,1,,,,,,,,,,,,,,,,,,,,,,,,,,,,,,,,,,,,,,,,,,,,,,,,
,,,,,170569,001,2024-05-21_22h06.17.080,AXB:2AFC Experiments (16.05.2024),2024.1.3,MacIntel,60.24096386,,,,,,,,,,,,,,,,,,,,,,,,,,,,,,nym,,,,,,,,,,,,,,,,,,,,,,,,,,,,,,,,,,,,,,,,,,,,,,,,,,,,,,,,,,,,,,,,,,,,,,,,,,,,,936.7642,938.5143,2,1.7391,,,,,,TAFCstimuli01/nimnym007.wav,,,,,,,,,,,2,0,14,6,1,,,,,,,,,,,,,,,,,,,,,,,,,,,,,,,,,,,,,,,,,,,,,,,,
,,,,,170569,001,2024-05-21_22h06.17.080,AXB:2AFC Experiments (16.05.2024),2024.1.3,MacIntel,60.24096386,,,,,,,,,,,,,,,,,,,,,,,,,,,,,,/,,,,,,,,,,,,,,,,,,,,,,,,,,,,,,,,,,,,,,,,,,,,,,,,,,,,,,,,,,,,,,,,,,,,,,,,,,,,,938.5145,940.4642,2,1.9381,,,,,,TAFCstimuli01/nimnym004.wav,,,,,,,,,,,2,1,15,3,1,,,,,,,,,,,,,,,,,,,,,,,,,,,,,,,,,,,,,,,,,,,,,,,,
,,,,,170569,001,2024-05-21_22h06.17.080,AXB:2AFC Experiments (16.05.2024),2024.1.3,MacIntel,60.24096386,,,,,,,,,,,,,,,,,,,,,,,,,,,,,,nim,,,,,,,,,,,,,,,,,,,,,,,,,,,,,,,,,,,,,,,,,,,,,,,,,,,,,,,,,,,,,,,,,,,,,,,,,,,,,940.4645,941.8472,1,1.3788,,,,,,TAFCstimuli01/nimnym001.wav,,,,,,,,,,,2,2,16,0,1,,,,,,,,,,,,,,,,,,,,,,,,,,,,,,,,,,,,,,,,,,,,,,,,
,,,,,170569,001,2024-05-21_22h06.17.080,AXB:2AFC Experiments (16.05.2024),2024.1.3,MacIntel,60.24096386,,,,,,,,,,,,,,,,,,,,,,,,,,,,,,nim,,,,,,,,,,,,,,,,,,,,,,,,,,,,,,,,,,,,,,,,,,,,,,,,,,,,,,,,,,,,,,,,,,,,,,,,,,,,,941.8477,943.1479,1,1.2862,,,,,,TAFCstimuli01/nimnym003.wav,,,,,,,,,,,2,3,17,2,1,,,,,,,,,,,,,,,,,,,,,,,,,,,,,,,,,,,,,,,,,,,,,,,,
,,,,,170569,001,2024-05-21_22h06.17.080,AXB:2AFC Experiments (16.05.2024),2024.1.3,MacIntel,60.24096386,,,,,,,,,,,,,,,,,,,,,,,,,,,,,,nym,,,,,,,,,,,,,,,,,,,,,,,,,,,,,,,,,,,,,,,,,,,,,,,,,,,,,,,,,,,,,,,,,,,,,,,,,,,,,943.1481,945.1312,2,1.9761,,,,,,TAFCstimuli01/nimnym005.wav,,,,,,,,,,,2,4,18,4,1,,,,,,,,,,,,,,,,,,,,,,,,,,,,,,,,,,,,,,,,,,,,,,,,
,,,,,170569,001,2024-05-21_22h06.17.080,AXB:2AFC Experiments (16.05.2024),2024.1.3,MacIntel,60.24096386,,,,,,,,,,,,,,,,,,,,,,,,,,,,,,nym,,,,,,,,,,,,,,,,,,,,,,,,,,,,,,,,,,,,,,,,,,,,,,,,,,,,,,,,,,,,,,,,,,,,,,,,,,,,,945.1313,947.1645,2,2.0204,,,,,,TAFCstimuli01/nimnym006.wav,,,,,,,,,,,2,5,19,5,1,,,,,,,,,,,,,,,,,,,,,,,,,,,,,,,,,,,,,,,,,,,,,,,,
,,,,,170569,001,2024-05-21_22h06.17.080,AXB:2AFC Experiments (16.05.2024),2024.1.3,MacIntel,60.24096386,,,,,,,,,,,,,,,,,,,,,,,,,,,,,,nim,,,,,,,,,,,,,,,,,,,,,,,,,,,,,,,,,,,,,,,,,,,,,,,,,,,,,,,,,,,,,,,,,,,,,,,,,,,,,947.1648,948.748,1,1.5724,,,,,,TAFCstimuli01/nimnym002.wav,,,,,,,,,,,2,6,20,1,1,,,,,,,,,,,,,,,,,,,,,,,,,,,,,,,,,,,,,,,,,,,,,,,,
,,,,,170569,001,2024-05-21_22h06.17.080,AXB:2AFC Experiments (16.05.2024),2024.1.3,MacIntel,60.24096386,,,,,,,,,,,,,,,,,,,,,,,,,,,,,,,,,,,,,,,,,,,,,,,,,,,,,,,,948.7483,952.0482,space,3.283,,0,[],[],,,,,,,,,,,,,,,,,,,,,,,,,,,,,,,,,,,,,,,,,,,,,,,,,,,,,,,,,,,,,,,,,,,,,,,,,,,,,,,,,,,,,,,,,,,,,,,,,,,,,,,,,,,,,,,,,,,,
,,,,,170569,001,2024-05-21_22h06.17.080,AXB:2AFC Experiments (16.05.2024),2024.1.3,MacIntel,60.24096386,,,,,,,,,,,,,,,,,,,,,,,,,,,,,,nim,,,,,,,,,,,,,,,,,,,,,,,,,,,,,,,,,,,,,,,,,,,,,,,,,,,,,,,,,,,,,,,,,,,,,,,,,,,,,952.0561,954.1649,1,2.0961,,,,,,TAFCstimuli01/nimnym002.wav,,,,,,,,,,,,,,,,0,0,0,1,1,,,,,,,,,,,,,,,,,,,,,,,,,,,,,,,,,,,,,,,,,,,
,,,,,170569,001,2024-05-21_22h06.17.080,AXB:2AFC Experiments (16.05.2024),2024.1.3,MacIntel,60.24096386,,,,,,,,,,,,,,,,,,,,,,,,,,,,,,nym,,,,,,,,,,,,,,,,,,,,,,,,,,,,,,,,,,,,,,,,,,,,,,,,,,,,,,,,,,,,,,,,,,,,,,,,,,,,,954.1652,956.2317,2,2.0571,,,,,,TAFCstimuli01/nimnym006.wav,,,,,,,,,,,,,,,,0,1,1,5,1,,,,,,,,,,,,,,,,,,,,,,,,,,,,,,,,,,,,,,,,,,,
,,,,,170569,001,2024-05-21_22h06.17.080,AXB:2AFC Experiments (16.05.2024),2024.1.3,MacIntel,60.24096386,,,,,,,,,,,,,,,,,,,,,,,,,,,,,,/,,,,,,,,,,,,,,,,,,,,,,,,,,,,,,,,,,,,,,,,,,,,,,,,,,,,,,,,,,,,,,,,,,,,,,,,,,,,,956.2318,957.5152,2,1.2756,,,,,,TAFCstimuli01/nimnym004.wav,,,,,,,,,,,,,,,,0,2,2,3,1,,,,,,,,,,,,,,,,,,,,,,,,,,,,,,,,,,,,,,,,,,,
,,,,,170569,001,2024-05-21_22h06.17.080,AXB:2AFC Experiments (16.05.2024),2024.1.3,MacIntel,60.24096386,,,,,,,,,,,,,,,,,,,,,,,,,,,,,,nym,,,,,,,,,,,,,,,,,,,,,,,,,,,,,,,,,,,,,,,,,,,,,,,,,,,,,,,,,,,,,,,,,,,,,,,,,,,,,957.5157,958.8485,2,1.3264,,,,,,TAFCstimuli01/nimnym007.wav,,,,,,,,,,,,,,,,0,3,3,6,1,,,,,,,,,,,,,,,,,,,,,,,,,,,,,,,,,,,,,,,,,,,
,,,,,170569,001,2024-05-21_22h06.17.080,AXB:2AFC Experiments (16.05.2024),2024.1.3,MacIntel,60.24096386,,,,,,,,,,,,,,,,,,,,,,,,,,,,,,nim,,,,,,,,,,,,,,,,,,,,,,,,,,,,,,,,,,,,,,,,,,,,,,,,,,,,,,,,,,,,,,,,,,,,,,,,,,,,,958.8487,960.5153,1,1.6599,,,,,,TAFCstimuli01/nimnym003.wav,,,,,,,,,,,,,,,,0,4,4,2,1,,,,,,,,,,,,,,,,,,,,,,,,,,,,,,,,,,,,,,,,,,,
,,,,,170569,001,2024-05-21_22h06.17.080,AXB:2AFC Experiments (16.05.2024),2024.1.3,MacIntel,60.24096386,,,,,,,,,,,,,,,,,,,,,,,,,,,,,,nim,,,,,,,,,,,,,,,,,,,,,,,,,,,,,,,,,,,,,,,,,,,,,,,,,,,,,,,,,,,,,,,,,,,,,,,,,,,,,960.5156,962.3986,1,1.8736,,,,,,TAFCstimuli01/nimnym001.wav,,,,,,,,,,,,,,,,0,5,5,0,1,,,,,,,,,,,,,,,,,,,,,,,,,,,,,,,,,,,,,,,,,,,
,,,,,170569,001,2024-05-21_22h06.17.080,AXB:2AFC Experiments (16.05.2024),2024.1.3,MacIntel,60.24096386,,,,,,,,,,,,,,,,,,,,,,,,,,,,,,nym,,,,,,,,,,,,,,,,,,,,,,,,,,,,,,,,,,,,,,,,,,,,,,,,,,,,,,,,,,,,,,,,,,,,,,,,,,,,,962.3989,964.4487,2,2.0383,,,,,,TAFCstimuli01/nimnym005.wav,,,,,,,,,,,,,,,,0,6,6,4,1,,,,,,,,,,,,,,,,,,,,,,,,,,,,,,,,,,,,,,,,,,,
,,,,,170569,001,2024-05-21_22h06.17.080,AXB:2AFC Experiments (16.05.2024),2024.1.3,MacIntel,60.24096386,,,,,,,,,,,,,,,,,,,,,,,,,,,,,,,964.449,1786.1605,space,821.7026,,,,,,,,,,,,,,,,,,,,,,,,,,,,,,,,,,,,,,,,,,,,,,,,,,,,,,,,,,,,,,,,,,,,,,,,,,,,,,,,,,,,,,,,,,,,,,,,,,,,,,,,,,,,,,,,,,,,,,,,,,,,,,,,,,,,,,,,,,,,,,,,,
,,,,,170569,001,2024-05-21_22h06.17.080,AXB:2AFC Experiments (16.05.2024),2024.1.3,MacIntel,60.24096386,,,,,,,,,,,,,,,,,,,,,,,,,,,,,,num,,,,,,,,,,,,,,,,,,,,,,,,,,,,,,,,,,,,,,,,,,,,,,,,,,,,,,,,,,,,,,,,,,,,,,,,,,,,,,,,,,,,,,,,,,,,,,,,,,,,,,,,,,,1786.1673,1788.0767,1,1.9005,0,0,0,1,1,TAFCstimuli02/numnym002.wav,,,,,,,,,,,,,,,,,,,,,,,,,,,,,,,,,
,,,,,170569,001,2024-05-21_22h06.17.080,AXB:2AFC Experiments (16.05.2024),2024.1.3,MacIntel,60.24096386,,,,,,,,,,,,,,,,,,,,,,,,,,,,,,nym,,,,,,,,,,,,,,,,,,,,,,,,,,,,,,,,,,,,,,,,,,,,,,,,,,,,,,,,,,,,,,,,,,,,,,,,,,,,,,,,,,,,,,,,,,,,,,,,,,,,,,,,,,,1788.077,1789.7435,2,1.6589,0,1,1,6,1,TAFCstimuli02/numnym007.wav,,,,,,,,,,,,,,,,,,,,,,,,,,,,,,,,,
,,,,,170569,001,2024-05-21_22h06.17.080,AXB:2AFC Experiments (16.05.2024),2024.1.3,MacIntel,60.24096386,,,,,,,,,,,,,,,,,,,,,,,,,,,,,,nym,,,,,,,,,,,,,,,,,,,,,,,,,,,,,,,,,,,,,,,,,,,,,,,,,,,,,,,,,,,,,,,,,,,,,,,,,,,,,,,,,,,,,,,,,,,,,,,,,,,,,,,,,,,1789.7437,1790.7934,2,1.0365,0,2,2,4,1,TAFCstimuli02/numnym005.wav,,,,,,,,,,,,,,,,,,,,,,,,,,,,,,,,,
,,,,,170569,001,2024-05-21_22h06.17.080,AXB:2AFC Experiments (16.05.2024),2024.1.3,MacIntel,60.24096386,,,,,,,,,,,,,,,,,,,,,,,,,,,,,,num,,,,,,,,,,,,,,,,,,,,,,,,,,,,,,,,,,,,,,,,,,,,,,,,,,,,,,,,,,,,,,,,,,,,,,,,,,,,,,,,,,,,,,,,,,,,,,,,,,,,,,,,,,,1790.7935,1792.3935,1,1.5849,0,3,3,0,1,TAFCstimuli02/numnym001.wav,,,,,,,,,,,,,,,,,,,,,,,,,,,,,,,,,
,,,,,170569,001,2024-05-21_22h06.17.080,AXB:2AFC Experiments (16.05.2024),2024.1.3,MacIntel,60.24096386,,,,,,,,,,,,,,,,,,,,,,,,,,,,,,num,,,,,,,,,,,,,,,,,,,,,,,,,,,,,,,,,,,,,,,,,,,,,,,,,,,,,,,,,,,,,,,,,,,,,,,,,,,,,,,,,,,,,,,,,,,,,,,,,,,,,,,,,,,1792.3936,1793.9593,1,1.5619,0,4,4,2,1,TAFCstimuli02/numnym003.wav,,,,,,,,,,,,,,,,,,,,,,,,,,,,,,,,,
,,,,,170569,001,2024-05-21_22h06.17.080,AXB:2AFC Experiments (16.05.2024),2024.1.3,MacIntel,60.24096386,,,,,,,,,,,,,,,,,,,,,,,,,,,,,,/,,,,,,,,,,,,,,,,,,,,,,,,,,,,,,,,,,,,,,,,,,,,,,,,,,,,,,,,,,,,,,,,,,,,,,,,,,,,,,,,,,,,,,,,,,,,,,,,,,,,,,,,,,,1793.9594,1795.7597,1,1.7951,0,5,5,3,1,TAFCstimuli02/numnym004.wav,,,,,,,,,,,,,,,,,,,,,,,,,,,,,,,,,
,,,,,170569,001,2024-05-21_22h06.17.080,AXB:2AFC Experiments (16.05.2024),2024.1.3,MacIntel,60.24096386,,,,,,,,,,,,,,,,,,,,,,,,,,,,,,nym,,,,,,,,,,,,,,,,,,,,,,,,,,,,,,,,,,,,,,,,,,,,,,,,,,,,,,,,,,,,,,,,,,,,,,,,,,,,,,,,,,,,,,,,,,,,,,,,,,,,,,,,,,,1795.7599,1796.9104,2,1.1372,0,6,6,5,1,TAFCstimuli02/numnym006.wav,,,,,,,,,,,,,,,,,,,,,,,,,,,,,,,,,
,,,,,170569,001,2024-05-21_22h06.17.080,AXB:2AFC Experiments (16.05.2024),2024.1.3,MacIntel,60.24096386,,,,,,,,,,,,,,,,,,,,,,,,,,,,,,,,,,,,,,,,,,,,,,,,,,,,,,,,,,,,,,,,,,,,,,,,,,,,,,,,,,,,,,,,,,,,,,,,,,,,,,,,,,,,,,,,,,,,,,,,,,,,,,,,,,,,,,,,,,,,,,,,,,,1796.9108,1798.094,,2,1.1728,,,,,,,,,,,,,,,,,,,,,,,,,,,,
,,,,,170569,001,2024-05-21_22h06.17.080,AXB:2AFC Experiments (16.05.2024),2024.1.3,MacIntel,60.24096386,,,,,,,,,,,,,,,,,,,,,,,,,,,,,,num,,,,,,,,,,,,,,,,,,,,,,,,,,,,,,,,,,,,,,,,,,,,,,,,,,,,,,,,,,,,,,,,,,,,,,,,,,,,,,,,,,,,,,,,,,,,,,,,,,,,,,,,,,,1798.096,1800.0273,1,1.9174,,,,,,TAFCstimuli02/numnym003.wav,,,,,,0,0,0,2,1,,,,,,,,,,,,,,,,,,,,,,,
,,,,,170569,001,2024-05-21_22h06.17.080,AXB:2AFC Experiments (16.05.2024),2024.1.3,MacIntel,60.24096386,,,,,,,,,,,,,,,,,,,,,,,,,,,,,,num,,,,,,,,,,,,,,,,,,,,,,,,,,,,,,,,,,,,,,,,,,,,,,,,,,,,,,,,,,,,,,,,,,,,,,,,,,,,,,,,,,,,,,,,,,,,,,,,,,,,,,,,,,,1800.0276,1801.994,1,1.9543,,,,,,TAFCstimuli02/numnym001.wav,,,,,,0,1,1,0,1,,,,,,,,,,,,,,,,,,,,,,,
,,,,,170569,001,2024-05-21_22h06.17.080,AXB:2AFC Experiments (16.05.2024),2024.1.3,MacIntel,60.24096386,,,,,,,,,,,,,,,,,,,,,,,,,,,,,,nym,,,,,,,,,,,,,,,,,,,,,,,,,,,,,,,,,,,,,,,,,,,,,,,,,,,,,,,,,,,,,,,,,,,,,,,,,,,,,,,,,,,,,,,,,,,,,,,,,,,,,,,,,,,1801.9941,1803.3109,2,1.3078,,,,,,TAFCstimuli02/numnym007.wav,,,,,,0,2,2,6,1,,,,,,,,,,,,,,,,,,,,,,,
,,,,,170569,001,2024-05-21_22h06.17.080,AXB:2AFC Experiments (16.05.2024),2024.1.3,MacIntel,60.24096386,,,,,,,,,,,,,,,,,,,,,,,,,,,,,,/,,,,,,,,,,,,,,,,,,,,,,,,,,,,,,,,,,,,,,,,,,,,,,,,,,,,,,,,,,,,,,,,,,,,,,,,,,,,,,,,,,,,,,,,,,,,,,,,,,,,,,,,,,,1803.3111,1804.4932,2,1.1749,,,,,,TAFCstimuli02/numnym004.wav,,,,,,0,3,3,3,1,,,,,,,,,,,,,,,,,,,,,,,
,,,,,170569,001,2024-05-21_22h06.17.080,AXB:2AFC Experiments (16.05.2024),2024.1.3,MacIntel,60.24096386,,,,,,,,,,,,,,,,,,,,,,,,,,,,,,nym,,,,,,,,,,,,,,,,,,,,,,,,,,,,,,,,,,,,,,,,,,,,,,,,,,,,,,,,,,,,,,,,,,,,,,,,,,,,,,,,,,,,,,,,,,,,,,,,,,,,,,,,,,,1804.4934,1805.5609,2,1.058,,,,,,TAFCstimuli02/numnym005.wav,,,,,,0,4,4,4,1,,,,,,,,,,,,,,,,,,,,,,,
,,,,,170569,001,2024-05-21_22h06.17.080,AXB:2AFC Experiments (16.05.2024),2024.1.3,MacIntel,60.24096386,,,,,,,,,,,,,,,,,,,,,,,,,,,,,,num,,,,,,,,,,,,,,,,,,,,,,,,,,,,,,,,,,,,,,,,,,,,,,,,,,,,,,,,,,,,,,,,,,,,,,,,,,,,,,,,,,,,,,,,,,,,,,,,,,,,,,,,,,,1805.5612,1807.2267,1,1.6565,,,,,,TAFCstimuli02/numnym002.wav,,,,,,0,5,5,1,1,,,,,,,,,,,,,,,,,,,,,,,
,,,,,170569,001,2024-05-21_22h06.17.080,AXB:2AFC Experiments (16.05.2024),2024.1.3,MacIntel,60.24096386,,,,,,,,,,,,,,,,,,,,,,,,,,,,,,nym,,,,,,,,,,,,,,,,,,,,,,,,,,,,,,,,,,,,,,,,,,,,,,,,,,,,,,,,,,,,,,,,,,,,,,,,,,,,,,,,,,,,,,,,,,,,,,,,,,,,,,,,,,,1807.2269,1809.3944,2,2.1637,,,,,,TAFCstimuli02/numnym006.wav,,,,,,0,6,6,5,1,,,,,,,,,,,,,,,,,,,,,,,
,,,,,170569,001,2024-05-21_22h06.17.080,AXB:2AFC Experiments (16.05.2024),2024.1.3,MacIntel,60.24096386,,,,,,,,,,,,,,,,,,,,,,,,,,,,,,nym,,,,,,,,,,,,,,,,,,,,,,,,,,,,,,,,,,,,,,,,,,,,,,,,,,,,,,,,,,,,,,,,,,,,,,,,,,,,,,,,,,,,,,,,,,,,,,,,,,,,,,,,,,,1809.3946,1810.6112,2,1.2074,,,,,,TAFCstimuli02/numnym006.wav,,,,,,1,0,7,5,1,,,,,,,,,,,,,,,,,,,,,,,
,,,,,170569,001,2024-05-21_22h06.17.080,AXB:2AFC Experiments (16.05.2024),2024.1.3,MacIntel,60.24096386,,,,,,,,,,,,,,,,,,,,,,,,,,,,,,num,,,,,,,,,,,,,,,,,,,,,,,,,,,,,,,,,,,,,,,,,,,,,,,,,,,,,,,,,,,,,,,,,,,,,,,,,,,,,,,,,,,,,,,,,,,,,,,,,,,,,,,,,,,1810.6115,1812.477,1,1.8616,,,,,,TAFCstimuli02/numnym003.wav,,,,,,1,1,8,2,1,,,,,,,,,,,,,,,,,,,,,,,
,,,,,170569,001,2024-05-21_22h06.17.080,AXB:2AFC Experiments (16.05.2024),2024.1.3,MacIntel,60.24096386,,,,,,,,,,,,,,,,,,,,,,,,,,,,,,/,,,,,,,,,,,,,,,,,,,,,,,,,,,,,,,,,,,,,,,,,,,,,,,,,,,,,,,,,,,,,,,,,,,,,,,,,,,,,,,,,,,,,,,,,,,,,,,,,,,,,,,,,,,1812.4771,1813.8779,1,1.3909,,,,,,TAFCstimuli02/numnym004.wav,,,,,,1,2,9,3,1,,,,,,,,,,,,,,,,,,,,,,,
,,,,,170569,001,2024-05-21_22h06.17.080,AXB:2AFC Experiments (16.05.2024),2024.1.3,MacIntel,60.24096386,,,,,,,,,,,,,,,,,,,,,,,,,,,,,,num,,,,,,,,,,,,,,,,,,,,,,,,,,,,,,,,,,,,,,,,,,,,,,,,,,,,,,,,,,,,,,,,,,,,,,,,,,,,,,,,,,,,,,,,,,,,,,,,,,,,,,,,,,,1813.8781,1815.8606,1,1.972,,,,,,TAFCstimuli02/numnym002.wav,,,,,,1,3,10,1,1,,,,,,,,,,,,,,,,,,,,,,,
,,,,,170569,001,2024-05-21_22h06.17.080,AXB:2AFC Experiments (16.05.2024),2024.1.3,MacIntel,60.24096386,,,,,,,,,,,,,,,,,,,,,,,,,,,,,,nym,,,,,,,,,,,,,,,,,,,,,,,,,,,,,,,,,,,,,,,,,,,,,,,,,,,,,,,,,,,,,,,,,,,,,,,,,,,,,,,,,,,,,,,,,,,,,,,,,,,,,,,,,,,1815.8607,1816.9613,2,1.0893,,,,,,TAFCstimuli02/numnym005.wav,,,,,,1,4,11,4,1,,,,,,,,,,,,,,,,,,,,,,,
,,,,,170569,001,2024-05-21_22h06.17.080,AXB:2AFC Experiments (16.05.2024),2024.1.3,MacIntel,60.24096386,,,,,,,,,,,,,,,,,,,,,,,,,,,,,,nym,,,,,,,,,,,,,,,,,,,,,,,,,,,,,,,,,,,,,,,,,,,,,,,,,,,,,,,,,,,,,,,,,,,,,,,,,,,,,,,,,,,,,,,,,,,,,,,,,,,,,,,,,,,1816.9616,1818.1605,2,1.1864,,,,,,TAFCstimuli02/numnym007.wav,,,,,,1,5,12,6,1,,,,,,,,,,,,,,,,,,,,,,,
,,,,,170569,001,2024-05-21_22h06.17.080,AXB:2AFC Experiments (16.05.2024),2024.1.3,MacIntel,60.24096386,,,,,,,,,,,,,,,,,,,,,,,,,,,,,,num,,,,,,,,,,,,,,,,,,,,,,,,,,,,,,,,,,,,,,,,,,,,,,,,,,,,,,,,,,,,,,,,,,,,,,,,,,,,,,,,,,,,,,,,,,,,,,,,,,,,,,,,,,,1818.1607,1819.5784,1,1.4128,,,,,,TAFCstimuli02/numnym001.wav,,,,,,1,6,13,0,1,,,,,,,,,,,,,,,,,,,,,,,
,,,,,170569,001,2024-05-21_22h06.17.080,AXB:2AFC Experiments (16.05.2024),2024.1.3,MacIntel,60.24096386,,,,,,,,,,,,,,,,,,,,,,,,,,,,,,num,,,,,,,,,,,,,,,,,,,,,,,,,,,,,,,,,,,,,,,,,,,,,,,,,,,,,,,,,,,,,,,,,,,,,,,,,,,,,,,,,,,,,,,,,,,,,,,,,,,,,,,,,,,1819.5786,1821.1616,1,1.571,,,,,,TAFCstimuli02/numnym003.wav,,,,,,2,0,14,2,1,,,,,,,,,,,,,,,,,,,,,,,
,,,,,170569,001,2024-05-21_22h06.17.080,AXB:2AFC Experiments (16.05.2024),2024.1.3,MacIntel,60.24096386,,,,,,,,,,,,,,,,,,,,,,,,,,,,,,num,,,,,,,,,,,,,,,,,,,,,,,,,,,,,,,,,,,,,,,,,,,,,,,,,,,,,,,,,,,,,,,,,,,,,,,,,,,,,,,,,,,,,,,,,,,,,,,,,,,,,,,,,,,1821.1618,1822.8107,1,1.6392,,,,,,TAFCstimuli02/numnym002.wav,,,,,,2,1,15,1,1,,,,,,,,,,,,,,,,,,,,,,,
,,,,,170569,001,2024-05-21_22h06.17.080,AXB:2AFC Experiments (16.05.2024),2024.1.3,MacIntel,60.24096386,,,,,,,,,,,,,,,,,,,,,,,,,,,,,,nym,,,,,,,,,,,,,,,,,,,,,,,,,,,,,,,,,,,,,,,,,,,,,,,,,,,,,,,,,,,,,,,,,,,,,,,,,,,,,,,,,,,,,,,,,,,,,,,,,,,,,,,,,,,1822.8108,1824.0118,2,1.1964,,,,,,TAFCstimuli02/numnym006.wav,,,,,,2,2,16,5,1,,,,,,,,,,,,,,,,,,,,,,,
,,,,,170569,001,2024-05-21_22h06.17.080,AXB:2AFC Experiments (16.05.2024),2024.1.3,MacIntel,60.24096386,,,,,,,,,,,,,,,,,,,,,,,,,,,,,,num,,,,,,,,,,,,,,,,,,,,,,,,,,,,,,,,,,,,,,,,,,,,,,,,,,,,,,,,,,,,,,,,,,,,,,,,,,,,,,,,,,,,,,,,,,,,,,,,,,,,,,,,,,,1824.0119,1825.6452,1,1.6296,,,,,,TAFCstimuli02/numnym001.wav,,,,,,2,3,17,0,1,,,,,,,,,,,,,,,,,,,,,,,
,,,,,170569,001,2024-05-21_22h06.17.080,AXB:2AFC Experiments (16.05.2024),2024.1.3,MacIntel,60.24096386,,,,,,,,,,,,,,,,,,,,,,,,,,,,,,/,,,,,,,,,,,,,,,,,,,,,,,,,,,,,,,,,,,,,,,,,,,,,,,,,,,,,,,,,,,,,,,,,,,,,,,,,,,,,,,,,,,,,,,,,,,,,,,,,,,,,,,,,,,1825.6454,1828.9455,2,3.2993,,,,,,TAFCstimuli02/numnym004.wav,,,,,,2,4,18,3,1,,,,,,,,,,,,,,,,,,,,,,,
,,,,,170569,001,2024-05-21_22h06.17.080,AXB:2AFC Experiments (16.05.2024),2024.1.3,MacIntel,60.24096386,,,,,,,,,,,,,,,,,,,,,,,,,,,,,,nym,,,,,,,,,,,,,,,,,,,,,,,,,,,,,,,,,,,,,,,,,,,,,,,,,,,,,,,,,,,,,,,,,,,,,,,,,,,,,,,,,,,,,,,,,,,,,,,,,,,,,,,,,,,1828.9457,1830.8955,2,1.9445,,,,,,TAFCstimuli02/numnym007.wav,,,,,,2,5,19,6,1,,,,,,,,,,,,,,,,,,,,,,,
,,,,,170569,001,2024-05-21_22h06.17.080,AXB:2AFC Experiments (16.05.2024),2024.1.3,MacIntel,60.24096386,,,,,,,,,,,,,,,,,,,,,,,,,,,,,,nym,,,,,,,,,,,,,,,,,,,,,,,,,,,,,,,,,,,,,,,,,,,,,,,,,,,,,,,,,,,,,,,,,,,,,,,,,,,,,,,,,,,,,,,,,,,,,,,,,,,,,,,,,,,1830.8957,1832.1781,2,1.277,,,,,,TAFCstimuli02/numnym005.wav,,,,,,2,6,20,4,1,,,,,,,,,,,,,,,,,,,,,,,
,,,,,170569,001,2024-05-21_22h06.17.080,AXB:2AFC Experiments (16.05.2024),2024.1.3,MacIntel,60.24096386,,,,,,,,,,,,,,,,,,,,,,,,,,,,,,,1832.1785,1833.4785,space,1.2839,,,,,,,,,,,,,,,,,,,,,,,,,,,,,,,,,,,,,,,,,,,,,,,,,,,,,,,,,,,,,,,,,,,,,,,,,,,,,,,,,,,,,,,,,,,,,,,,,,,,,,,,,,,,,,,,,,,,,,,,,,,,,,,,,,,,,,,,,,,,,,,,,
,,,,,170569,001,2024-05-21_22h06.17.080,AXB:2AFC Experiments (16.05.2024),2024.1.3,MacIntel,60.24096386,,,,,,,,,,,,,,,,,,,,,,,,,,,,,,num,,,,,,,,,,,,,,,,,,,,,,,,,,,,,,,,,,,,,,,,,,,,,,,,,,,,,,,,,,,,,,,,,,,,,,,,,,,,,,,,,,,,,,,,,,,,,,,,,,,,,,,,,,,1833.4817,1835.5458,1,2.0559,,,,,,TAFCstimuli02/numnym002.wav,,,,,,,,,,,0,0,0,1,1,,,,,,,,,,,,,,,,,,
,,,,,170569,001,2024-05-21_22h06.17.080,AXB:2AFC Experiments (16.05.2024),2024.1.3,MacIntel,60.24096386,,,,,,,,,,,,,,,,,,,,,,,,,,,,,,num,,,,,,,,,,,,,,,,,,,,,,,,,,,,,,,,,,,,,,,,,,,,,,,,,,,,,,,,,,,,,,,,,,,,,,,,,,,,,,,,,,,,,,,,,,,,,,,,,,,,,,,,,,,1835.5461,1838.0458,1,2.4917,,,,,,TAFCstimuli02/numnym001.wav,,,,,,,,,,,0,1,1,0,1,,,,,,,,,,,,,,,,,,
,,,,,170569,001,2024-05-21_22h06.17.080,AXB:2AFC Experiments (16.05.2024),2024.1.3,MacIntel,60.24096386,,,,,,,,,,,,,,,,,,,,,,,,,,,,,,nym,,,,,,,,,,,,,,,,,,,,,,,,,,,,,,,,,,,,,,,,,,,,,,,,,,,,,,,,,,,,,,,,,,,,,,,,,,,,,,,,,,,,,,,,,,,,,,,,,,,,,,,,,,,1838.0461,1838.8625,1,0.8101,,,,,,TAFCstimuli02/numnym007.wav,,,,,,,,,,,0,2,2,6,1,,,,,,,,,,,,,,,,,,
,,,,,170569,001,2024-05-21_22h06.17.080,AXB:2AFC Experiments (16.05.2024),2024.1.3,MacIntel,60.24096386,,,,,,,,,,,,,,,,,,,,,,,,,,,,,,nym,,,,,,,,,,,,,,,,,,,,,,,,,,,,,,,,,,,,,,,,,,,,,,,,,,,,,,,,,,,,,,,,,,,,,,,,,,,,,,,,,,,,,,,,,,,,,,,,,,,,,,,,,,,1838.8628,1840.0293,2,1.1552,,,,,,TAFCstimuli02/numnym006.wav,,,,,,,,,,,0,3,3,5,1,,,,,,,,,,,,,,,,,,
,,,,,170569,001,2024-05-21_22h06.17.080,AXB:2AFC Experiments (16.05.2024),2024.1.3,MacIntel,60.24096386,,,,,,,,,,,,,,,,,,,,,,,,,,,,,,num,,,,,,,,,,,,,,,,,,,,,,,,,,,,,,,,,,,,,,,,,,,,,,,,,,,,,,,,,,,,,,,,,,,,,,,,,,,,,,,,,,,,,,,,,,,,,,,,,,,,,,,,,,,1840.0295,1841.7798,1,1.7393,,,,,,TAFCstimuli02/numnym003.wav,,,,,,,,,,,0,4,4,2,1,,,,,,,,,,,,,,,,,,
,,,,,170569,001,2024-05-21_22h06.17.080,AXB:2AFC Experiments (16.05.2024),2024.1.3,MacIntel,60.24096386,,,,,,,,,,,,,,,,,,,,,,,,,,,,,,/,,,,,,,,,,,,,,,,,,,,,,,,,,,,,,,,,,,,,,,,,,,,,,,,,,,,,,,,,,,,,,,,,,,,,,,,,,,,,,,,,,,,,,,,,,,,,,,,,,,,,,,,,,,1841.7806,1843.4461,1,1.6565,,,,,,TAFCstimuli02/numnym004.wav,,,,,,,,,,,0,5,5,3,1,,,,,,,,,,,,,,,,,,
,,,,,170569,001,2024-05-21_22h06.17.080,AXB:2AFC Experiments (16.05.2024),2024.1.3,MacIntel,60.24096386,,,,,,,,,,,,,,,,,,,,,,,,,,,,,,nym,,,,,,,,,,,,,,,,,,,,,,,,,,,,,,,,,,,,,,,,,,,,,,,,,,,,,,,,,,,,,,,,,,,,,,,,,,,,,,,,,,,,,,,,,,,,,,,,,,,,,,,,,,,1843.4463,1844.7129,2,1.2538,,,,,,TAFCstimuli02/numnym005.wav,,,,,,,,,,,0,6,6,4,1,,,,,,,,,,,,,,,,,,
,,,,,170569,001,2024-05-21_22h06.17.080,AXB:2AFC Experiments (16.05.2024),2024.1.3,MacIntel,60.24096386,,,,,,,,,,,,,,,,,,,,,,,,,,,,,,/,,,,,,,,,,,,,,,,,,,,,,,,,,,,,,,,,,,,,,,,,,,,,,,,,,,,,,,,,,,,,,,,,,,,,,,,,,,,,,,,,,,,,,,,,,,,,,,,,,,,,,,,,,,1844.7132,1845.7297,2,1.0095,,,,,,TAFCstimuli02/numnym004.wav,,,,,,,,,,,1,0,7,3,1,,,,,,,,,,,,,,,,,,
,,,,,170569,001,2024-05-21_22h06.17.080,AXB:2AFC Experiments (16.05.2024),2024.1.3,MacIntel,60.24096386,,,,,,,,,,,,,,,,,,,,,,,,,,,,,,num,,,,,,,,,,,,,,,,,,,,,,,,,,,,,,,,,,,,,,,,,,,,,,,,,,,,,,,,,,,,,,,,,,,,,,,,,,,,,,,,,,,,,,,,,,,,,,,,,,,,,,,,,,,1845.73,1847.6797,1,1.9467,,,,,,TAFCstimuli02/numnym002.wav,,,,,,,,,,,1,1,8,1,1,,,,,,,,,,,,,,,,,,
,,,,,170569,001,2024-05-21_22h06.17.080,AXB:2AFC Experiments (16.05.2024),2024.1.3,MacIntel,60.24096386,,,,,,,,,,,,,,,,,,,,,,,,,,,,,,nym,,,,,,,,,,,,,,,,,,,,,,,,,,,,,,,,,,,,,,,,,,,,,,,,,,,,,,,,,,,,,,,,,,,,,,,,,,,,,,,,,,,,,,,,,,,,,,,,,,,,,,,,,,,1847.6799,1849.3966,2,1.7064,,,,,,TAFCstimuli02/numnym005.wav,,,,,,,,,,,1,2,9,4,1,,,,,,,,,,,,,,,,,,
,,,,,170569,001,2024-05-21_22h06.17.080,AXB:2AFC Experiments (16.05.2024),2024.1.3,MacIntel,60.24096386,,,,,,,,,,,,,,,,,,,,,,,,,,,,,,num,,,,,,,,,,,,,,,,,,,,,,,,,,,,,,,,,,,,,,,,,,,,,,,,,,,,,,,,,,,,,,,,,,,,,,,,,,,,,,,,,,,,,,,,,,,,,,,,,,,,,,,,,,,1849.3969,1851.1965,1,1.7902,,,,,,TAFCstimuli02/numnym001.wav,,,,,,,,,,,1,3,10,0,1,,,,,,,,,,,,,,,,,,
,,,,,170569,001,2024-05-21_22h06.17.080,AXB:2AFC Experiments (16.05.2024),2024.1.3,MacIntel,60.24096386,,,,,,,,,,,,,,,,,,,,,,,,,,,,,,num,,,,,,,,,,,,,,,,,,,,,,,,,,,,,,,,,,,,,,,,,,,,,,,,,,,,,,,,,,,,,,,,,,,,,,,,,,,,,,,,,,,,,,,,,,,,,,,,,,,,,,,,,,,1851.1967,1852.8968,1,1.6887,,,,,,TAFCstimuli02/numnym003.wav,,,,,,,,,,,1,4,11,2,1,,,,,,,,,,,,,,,,,,
,,,,,170569,001,2024-05-21_22h06.17.080,AXB:2AFC Experiments (16.05.2024),2024.1.3,MacIntel,60.24096386,,,,,,,,,,,,,,,,,,,,,,,,,,,,,,nym,,,,,,,,,,,,,,,,,,,,,,,,,,,,,,,,,,,,,,,,,,,,,,,,,,,,,,,,,,,,,,,,,,,,,,,,,,,,,,,,,,,,,,,,,,,,,,,,,,,,,,,,,,,1852.897,1853.9968,2,1.0895,,,,,,TAFCstimuli02/numnym007.wav,,,,,,,,,,,1,5,12,6,1,,,,,,,,,,,,,,,,,,
,,,,,170569,001,2024-05-21_22h06.17.080,AXB:2AFC Experiments (16.05.2024),2024.1.3,MacIntel,60.24096386,,,,,,,,,,,,,,,,,,,,,,,,,,,,,,nym,,,,,,,,,,,,,,,,,,,,,,,,,,,,,,,,,,,,,,,,,,,,,,,,,,,,,,,,,,,,,,,,,,,,,,,,,,,,,,,,,,,,,,,,,,,,,,,,,,,,,,,,,,,1853.997,1855.1135,2,1.106,,,,,,TAFCstimuli02/numnym006.wav,,,,,,,,,,,1,6,13,5,1,,,,,,,,,,,,,,,,,,
,,,,,170569,001,2024-05-21_22h06.17.080,AXB:2AFC Experiments (16.05.2024),2024.1.3,MacIntel,60.24096386,,,,,,,,,,,,,,,,,,,,,,,,,,,,,,,,,,,,,,,,,,,,,,,,,,,,,,,,,,,,,,,,,,,,,,,,,,,,,,,,,,,,,,,,,,,,,,,,,,,,,,,,,,,,,,,,,,,,,,,,,,,,,,,,,,,,,,,,,,,,,,,,,,,,,,,,,,,,,,,,,,1855.1139,1858.316,0,[],[],space,3.1736,,,,,,,,,,,
,,,,,170569,001,2024-05-21_22h06.17.080,AXB:2AFC Experiments (16.05.2024),2024.1.3,MacIntel,60.24096386,,,,,,,,,,,,,,,,,,,,,,,,,,,,,,/,,,,,,,,,,,,,,,,,,,,,,,,,,,,,,,,,,,,,,,,,,,,,,,,,,,,,,,,,,,,,,,,,,,,,,,,,,,,,,,,,,,,,,,,,,,,,,,,,,,,,,,,,,,1858.3203,1860.9137,1,2.5882,,,,,,TAFCstimuli02/numnym004.wav,,,,,,,,,,,,,,,,,,,,,,,,0,0,0,3,1,,,,,
,,,,,170569,001,2024-05-21_22h06.17.080,AXB:2AFC Experiments (16.05.2024),2024.1.3,MacIntel,60.24096386,,,,,,,,,,,,,,,,,,,,,,,,,,,,,,num,,,,,,,,,,,,,,,,,,,,,,,,,,,,,,,,,,,,,,,,,,,,,,,,,,,,,,,,,,,,,,,,,,,,,,,,,,,,,,,,,,,,,,,,,,,,,,,,,,,,,,,,,,,1860.9143,1862.6471,1,1.7318,,,,,,TAFCstimuli02/numnym002.wav,,,,,,,,,,,,,,,,,,,,,,,,0,1,1,1,1,,,,,
,,,,,170569,001,2024-05-21_22h06.17.080,AXB:2AFC Experiments (16.05.2024),2024.1.3,MacIntel,60.24096386,,,,,,,,,,,,,,,,,,,,,,,,,,,,,,nym,,,,,,,,,,,,,,,,,,,,,,,,,,,,,,,,,,,,,,,,,,,,,,,,,,,,,,,,,,,,,,,,,,,,,,,,,,,,,,,,,,,,,,,,,,,,,,,,,,,,,,,,,,,1862.6473,1864.1971,2,1.536,,,,,,TAFCstimuli02/numnym007.wav,,,,,,,,,,,,,,,,,,,,,,,,0,2,2,6,1,,,,,
,,,,,170569,001,2024-05-21_22h06.17.080,AXB:2AFC Experiments (16.05.2024),2024.1.3,MacIntel,60.24096386,,,,,,,,,,,,,,,,,,,,,,,,,,,,,,num,,,,,,,,,,,,,,,,,,,,,,,,,,,,,,,,,,,,,,,,,,,,,,,,,,,,,,,,,,,,,,,,,,,,,,,,,,,,,,,,,,,,,,,,,,,,,,,,,,,,,,,,,,,1864.1973,1865.7475,1,1.5401,,,,,,TAFCstimuli02/numnym001.wav,,,,,,,,,,,,,,,,,,,,,,,,0,3,3,0,1,,,,,
,,,,,170569,001,2024-05-21_22h06.17.080,AXB:2AFC Experiments (16.05.2024),2024.1.3,MacIntel,60.24096386,,,,,,,,,,,,,,,,,,,,,,,,,,,,,,num,,,,,,,,,,,,,,,,,,,,,,,,,,,,,,,,,,,,,,,,,,,,,,,,,,,,,,,,,,,,,,,,,,,,,,,,,,,,,,,,,,,,,,,,,,,,,,,,,,,,,,,,,,,1865.7476,1867.5473,1,1.786,,,,,,TAFCstimuli02/numnym003.wav,,,,,,,,,,,,,,,,,,,,,,,,0,4,4,2,1,,,,,
,,,,,170569,001,2024-05-21_22h06.17.080,AXB:2AFC Experiments (16.05.2024),2024.1.3,MacIntel,60.24096386,,,,,,,,,,,,,,,,,,,,,,,,,,,,,,nym,,,,,,,,,,,,,,,,,,,,,,,,,,,,,,,,,,,,,,,,,,,,,,,,,,,,,,,,,,,,,,,,,,,,,,,,,,,,,,,,,,,,,,,,,,,,,,,,,,,,,,,,,,,1867.5475,1868.5807,2,1.0219,,,,,,TAFCstimuli02/numnym006.wav,,,,,,,,,,,,,,,,,,,,,,,,0,5,5,5,1,,,,,
,,,,,170569,001,2024-05-21_22h06.17.080,AXB:2AFC Experiments (16.05.2024),2024.1.3,MacIntel,60.24096386,,,,,,,,,,,,,,,,,,,,,,,,,,,,,,nym,,,,,,,,,,,,,,,,,,,,,,,,,,,,,,,,,,,,,,,,,,,,,,,,,,,,,,,,,,,,,,,,,,,,,,,,,,,,,,,,,,,,,,,,,,,,,,,,,,,,,,,,,,,1868.581,1869.8642,2,1.2735,,,,,,TAFCstimuli02/numnym005.wav,,,,,,,,,,,,,,,,,,,,,,,,0,6,6,4,1,,,,,
,,,,,170569,001,2024-05-21_22h06.17.080,AXB:2AFC Experiments (16.05.2024),2024.1.3,MacIntel,60.24096386,,,,,,,,,,,,,,,,,,,,,,,,,,,,,,num,,,,,,,,,,,,,,,,,,,,,,,,,,,,,,,,,,,,,,,,,,,,,,,,,,,,,,,,,,,,,,,,,,,,,,,,,,,,,,,,,,,,,,,,,,,,,,,,,,,,,,,,,,,1869.8645,1871.4305,1,1.5625,,,,,,TAFCstimuli02/numnym002.wav,,,,,,,,,,,,,,,,,,,,,,,,1,0,7,1,1,,,,,
,,,,,170569,001,2024-05-21_22h06.17.080,AXB:2AFC Experiments (16.05.2024),2024.1.3,MacIntel,60.24096386,,,,,,,,,,,,,,,,,,,,,,,,,,,,,,nym,,,,,,,,,,,,,,,,,,,,,,,,,,,,,,,,,,,,,,,,,,,,,,,,,,,,,,,,,,,,,,,,,,,,,,,,,,,,,,,,,,,,,,,,,,,,,,,,,,,,,,,,,,,1871.4308,1872.5977,2,1.1582,,,,,,TAFCstimuli02/numnym007.wav,,,,,,,,,,,,,,,,,,,,,,,,1,1,8,6,1,,,,,
,,,,,170569,001,2024-05-21_22h06.17.080,AXB:2AFC Experiments (16.05.2024),2024.1.3,MacIntel,60.24096386,,,,,,,,,,,,,,,,,,,,,,,,,,,,,,nym,,,,,,,,,,,,,,,,,,,,,,,,,,,,,,,,,,,,,,,,,,,,,,,,,,,,,,,,,,,,,,,,,,,,,,,,,,,,,,,,,,,,,,,,,,,,,,,,,,,,,,,,,,,1872.5979,1873.6811,2,1.0774,,,,,,TAFCstimuli02/numnym006.wav,,,,,,,,,,,,,,,,,,,,,,,,1,2,9,5,1,,,,,
,,,,,170569,001,2024-05-21_22h06.17.080,AXB:2AFC Experiments (16.05.2024),2024.1.3,MacIntel,60.24096386,,,,,,,,,,,,,,,,,,,,,,,,,,,,,,num,,,,,,,,,,,,,,,,,,,,,,,,,,,,,,,,,,,,,,,,,,,,,,,,,,,,,,,,,,,,,,,,,,,,,,,,,,,,,,,,,,,,,,,,,,,,,,,,,,,,,,,,,,,1873.6814,1875.1978,1,1.513,,,,,,TAFCstimuli02/numnym001.wav,,,,,,,,,,,,,,,,,,,,,,,,1,3,10,0,1,,,,,
,,,,,170569,001,2024-05-21_22h06.17.080,AXB:2AFC Experiments (16.05.2024),2024.1.3,MacIntel,60.24096386,,,,,,,,,,,,,,,,,,,,,,,,,,,,,,num,,,,,,,,,,,,,,,,,,,,,,,,,,,,,,,,,,,,,,,,,,,,,,,,,,,,,,,,,,,,,,,,,,,,,,,,,,,,,,,,,,,,,,,,,,,,,,,,,,,,,,,,,,,1875.198,1877.3813,1,2.1794,,,,,,TAFCstimuli02/numnym003.wav,,,,,,,,,,,,,,,,,,,,,,,,1,4,11,2,1,,,,,
,,,,,170569,001,2024-05-21_22h06.17.080,AXB:2AFC Experiments (16.05.2024),2024.1.3,MacIntel,60.24096386,,,,,,,,,,,,,,,,,,,,,,,,,,,,,,/,,,,,,,,,,,,,,,,,,,,,,,,,,,,,,,,,,,,,,,,,,,,,,,,,,,,,,,,,,,,,,,,,,,,,,,,,,,,,,,,,,,,,,,,,,,,,,,,,,,,,,,,,,,1877.3815,1879.0147,1,1.6212,,,,,,TAFCstimuli02/numnym004.wav,,,,,,,,,,,,,,,,,,,,,,,,1,5,12,3,1,,,,,
,,,,,170569,001,2024-05-21_22h06.17.080,AXB:2AFC Experiments (16.05.2024),2024.1.3,MacIntel,60.24096386,,,,,,,,,,,,,,,,,,,,,,,,,,,,,,nym,,,,,,,,,,,,,,,,,,,,,,,,,,,,,,,,,,,,,,,,,,,,,,,,,,,,,,,,,,,,,,,,,,,,,,,,,,,,,,,,,,,,,,,,,,,,,,,,,,,,,,,,,,,1879.0148,1880.0813,2,1.0539,,,,,,TAFCstimuli02/numnym005.wav,,,,,,,,,,,,,,,,,,,,,,,,1,6,13,4,1,,,,,
,,,,,170569,001,2024-05-21_22h06.17.080,AXB:2AFC Experiments (16.05.2024),2024.1.3,MacIntel,60.24096386,,,,,,,,,,,,,,,,,,,,,,,,,,,,,,,,,,,,,,,,,,,,,,,,,,,,,,,,,,,,,,,,,,,,,,,,,,,,,,,,,,,,,,,,,,,,,,,,,,,,,,,,,,,,,,,,,,,,,,,,,,,,,,,,,,,,,,,,,,,,,,,,,,,,,,,,,,,,,,,,,,,,,,,,,,,,,,,1880.0819,1883.9652,space,3.8608,
