﻿start.started,start.stopped,startkey_resp.keys,startkey_resp.rt,startkey_resp.duration,participant,session,date,expName,psychopyVersion,OS,frameRate,attention.started,attention.stopped,key_resp.keys,key_resp.rt,key_resp.duration,stimuliAXBmix.started,stimuliAXBmix.stopped,stimuliAXBkey_resp.keys,stimuliAXBkey_resp.rt,stimuliAXBkey_resp.duration,stimuliAXBtesttrials.thisRepN,stimuliAXBtesttrials.thisTrialN,stimuliAXBtesttrials.thisN,stimuliAXBtesttrials.thisIndex,stimuliAXBtesttrials.ran,stimuliAXBmix,Correct,attentionsecond.started,attentionsecond.stopped,attentionsecondkey_resp.keys,attentionsecondkey_resp.rt,attentionsecondkey_resp.duration,instAXBreal.started,instAXBreal.stopped,instAXBrealkey_resp.keys,instAXBrealkey_resp.rt,instAXBrealkey_resp.duration,stimuliAXBmixfirst.thisRepN,stimuliAXBmixfirst.thisTrialN,stimuliAXBmixfirst.thisN,stimuliAXBmixfirst.thisIndex,stimuliAXBmixfirst.ran,attentionfirst.started,attentionfirst.stopped,attentionfirstkey_resp.keys,attentionfirstkey_resp.rt,attentionfirstkey_resp.duration,stimuliAXbmixsec.thisRepN,stimuliAXbmixsec.thisTrialN,stimuliAXbmixsec.thisN,stimuliAXbmixsec.thisIndex,stimuliAXbmixsec.ran,kaffeepause.started,kaffeepause.stopped,kaffeepausekey_resp.keys,kaffeepausekey_resp.rt,kaffeepausekey_resp.duration,instTAFCtest.started,instTAFCtest.stopped,instTAFCtestkey_resp.keys,instTAFCtestkey_resp.rt,instTAFCtestkey_resp.duration,testTAFCmixfirst.started,testTAFCmixfirst.stopped,testTAFCmixfirstkey_resp.keys,testTAFCmixfirstkey_resp.rt,testTAFCmixfirstkey_resp.duration,testTAFCmixfirsttrials.thisRepN,testTAFCmixfirsttrials.thisTrialN,testTAFCmixfirsttrials.thisN,testTAFCmixfirsttrials.thisIndex,testTAFCmixfirsttrials.ran,testTAFCmixfirst,testTAFCmixsec.started,testTAFCmixsec.stopped,testTAFCmixseckey_resp.keys,testTAFCmixseckey_resp.rt,testTAFCmixseckey_resp.duration,testTAFCmixsectrials.thisRepN,testTAFCmixsectrials.thisTrialN,testTAFCmixsectrials.thisN,testTAFCmixsectrials.thisIndex,testTAFCmixsectrials.ran,testTAFCmixsec,instTAFCreal.started,instTAFCreal.stopped,instTAFCrealkey_resp.keys,instTAFCrealkey_resp.rt,instTAFCrealkey_resp.duration,stimuliTAFCfirst.started,stimuliTAFCfirst.stopped,stimuliTAFCfirstkey_resp.keys,stimuliTAFCfirstkey_resp.rt,stimuliTAFCfirstkey_resp.duration,stimuliTAFCfirsttrials.thisRepN,stimuliTAFCfirsttrials.thisTrialN,stimuliTAFCfirsttrials.thisN,stimuliTAFCfirsttrials.thisIndex,stimuliTAFCfirsttrials.ran,stimuliTAFCfirst,stimuliTAFCsec.started,stimuliTAFCsec.stopped,stimuliTAFCseckey_resp.keys,stimuliTAFCseckey_resp.rt,stimuliTAFCseckey_resp.duration,stimuliTAFCsectrials.thisRepN,stimuliTAFCsectrials.thisTrialN,stimuliTAFCsectrials.thisN,stimuliTAFCsectrials.thisIndex,stimuliTAFCsectrials.ran,stimuliTAFCsec,end.started,end.stopped
0.0003,9.6044,space,9.5757,,520221,001,2024-05-23_15h34.34.540,mathesisv2,2024.1.3,Win32,59.88023952,,,,,,,,,,,,,,,,,,,,,,,,,,,,,,,,,,,,,,,,,,,,,,,,,,,,,,,,,,,,,,,,,,,,,,,,,,,,,,,,,,,,,,,,,,,,,,,,,,,,,,,
,,,,,520221,001,2024-05-23_15h34.34.540,mathesisv2,2024.1.3,Win32,59.88023952,9.6045,10.8708,space,1.2382,,,,,,,,,,,,,,,,,,,,,,,,,,,,,,,,,,,,,,,,,,,,,,,,,,,,,,,,,,,,,,,,,,,,,,,,,,,,,,,,,,,,,,,,,,,,,,,,,,,
,,,,,520221,001,2024-05-23_15h34.34.540,mathesisv2,2024.1.3,Win32,59.88023952,,,,,,10.8773,15.0876,f,4.1922,,0,0,0,2,1,stimuliAXBmix/yuustimulus.wav,f,,,,,,,,,,,,,,,,,,,,,,,,,,,,,,,,,,,,,,,,,,,,,,,,,,,,,,,,,,,,,,,,,,,,,,,,,,,,,,,,,,,,,,
,,,,,520221,001,2024-05-23_15h34.34.540,mathesisv2,2024.1.3,Win32,59.88023952,,,,,,15.0969,17.9877,l,2.884,,0,1,1,0,1,stimuliAXBmix/iiystimulus.wav,l,,,,,,,,,,,,,,,,,,,,,,,,,,,,,,,,,,,,,,,,,,,,,,,,,,,,,,,,,,,,,,,,,,,,,,,,,,,,,,,,,,,,,,
,,,,,520221,001,2024-05-23_15h34.34.540,mathesisv2,2024.1.3,Win32,59.88023952,,,,,,17.9966,20.8547,f,2.8564,,0,2,2,3,1,stimuliAXBmix/yyustimulus.wav,l,,,,,,,,,,,,,,,,,,,,,,,,,,,,,,,,,,,,,,,,,,,,,,,,,,,,,,,,,,,,,,,,,,,,,,,,,,,,,,,,,,,,,,
,,,,,520221,001,2024-05-23_15h34.34.540,mathesisv2,2024.1.3,Win32,59.88023952,,,,,,20.8549,24.5382,f,3.6667,,0,3,3,1,1,stimuliAXBmix/iyystimulus.wav,f,,,,,,,,,,,,,,,,,,,,,,,,,,,,,,,,,,,,,,,,,,,,,,,,,,,,,,,,,,,,,,,,,,,,,,,,,,,,,,,,,,,,,,
,,,,,520221,001,2024-05-23_15h34.34.540,mathesisv2,2024.1.3,Win32,59.88023952,,,,,,,,,,,,,,,,,,24.5387,26.0052,space,1.4579,,,,,,,,,,,,,,,,,,,,,,,,,,,,,,,,,,,,,,,,,,,,,,,,,,,,,,,,,,,,,,,,,,,,,,,,,,,,,,,,,,
,,,,,520221,001,2024-05-23_15h34.34.540,mathesisv2,2024.1.3,Win32,59.88023952,,,,,,,,,,,,,,,,,,,,,,,26.0054,27.7221,space,1.7012,,,,,,,,,,,,,,,,,,,,,,,,,,,,,,,,,,,,,,,,,,,,,,,,,,,,,,,,,,,,,,,,,,,,,,,,,,,,,
,,,,,520221,001,2024-05-23_15h34.34.540,mathesisv2,2024.1.3,Win32,59.88023952,,,,,,27.7373,30.5221,f,2.7754,,,,,,,stimuliAXBmix/iyystimulus.wav,f,,,,,,,,,,,0,0,0,1,1,,,,,,,,,,,,,,,,,,,,,,,,,,,,,,,,,,,,,,,,,,,,,,,,,,,,,,,,,,,,,,,,,,,,,,,
,,,,,520221,001,2024-05-23_15h34.34.540,mathesisv2,2024.1.3,Win32,59.88023952,,,,,,30.5226,33.5055,f,2.9703,,,,,,,stimuliAXBmix/yuustimulus.wav,f,,,,,,,,,,,0,1,1,2,1,,,,,,,,,,,,,,,,,,,,,,,,,,,,,,,,,,,,,,,,,,,,,,,,,,,,,,,,,,,,,,,,,,,,,,,
,,,,,520221,001,2024-05-23_15h34.34.540,mathesisv2,2024.1.3,Win32,59.88023952,,,,,,33.5057,36.189,l,2.6717,,,,,,,stimuliAXBmix/iiystimulus.wav,l,,,,,,,,,,,0,2,2,0,1,,,,,,,,,,,,,,,,,,,,,,,,,,,,,,,,,,,,,,,,,,,,,,,,,,,,,,,,,,,,,,,,,,,,,,,
,,,,,520221,001,2024-05-23_15h34.34.540,mathesisv2,2024.1.3,Win32,59.88023952,,,,,,36.1978,38.9559,l,2.7479,,,,,,,stimuliAXBmix/yyustimulus.wav,l,,,,,,,,,,,0,3,3,3,1,,,,,,,,,,,,,,,,,,,,,,,,,,,,,,,,,,,,,,,,,,,,,,,,,,,,,,,,,,,,,,,,,,,,,,,
,,,,,520221,001,2024-05-23_15h34.34.540,mathesisv2,2024.1.3,Win32,59.88023952,,,,,,38.9563,41.5894,l,2.6212,,,,,,,stimuliAXBmix/iiystimulus.wav,l,,,,,,,,,,,1,0,4,0,1,,,,,,,,,,,,,,,,,,,,,,,,,,,,,,,,,,,,,,,,,,,,,,,,,,,,,,,,,,,,,,,,,,,,,,,
,,,,,520221,001,2024-05-23_15h34.34.540,mathesisv2,2024.1.3,Win32,59.88023952,,,,,,41.5985,44.323,f,2.7203,,,,,,,stimuliAXBmix/iyystimulus.wav,f,,,,,,,,,,,1,1,5,1,1,,,,,,,,,,,,,,,,,,,,,,,,,,,,,,,,,,,,,,,,,,,,,,,,,,,,,,,,,,,,,,,,,,,,,,,
,,,,,520221,001,2024-05-23_15h34.34.540,mathesisv2,2024.1.3,Win32,59.88023952,,,,,,44.3232,46.9732,f,2.6335,,,,,,,stimuliAXBmix/yuustimulus.wav,f,,,,,,,,,,,1,2,6,2,1,,,,,,,,,,,,,,,,,,,,,,,,,,,,,,,,,,,,,,,,,,,,,,,,,,,,,,,,,,,,,,,,,,,,,,,
,,,,,520221,001,2024-05-23_15h34.34.540,mathesisv2,2024.1.3,Win32,59.88023952,,,,,,46.9734,50.0567,l,3.0703,,,,,,,stimuliAXBmix/yyustimulus.wav,l,,,,,,,,,,,1,3,7,3,1,,,,,,,,,,,,,,,,,,,,,,,,,,,,,,,,,,,,,,,,,,,,,,,,,,,,,,,,,,,,,,,,,,,,,,,
,,,,,520221,001,2024-05-23_15h34.34.540,mathesisv2,2024.1.3,Win32,59.88023952,,,,,,50.0658,52.7903,f,2.7199,,,,,,,stimuliAXBmix/yuustimulus.wav,f,,,,,,,,,,,2,0,8,2,1,,,,,,,,,,,,,,,,,,,,,,,,,,,,,,,,,,,,,,,,,,,,,,,,,,,,,,,,,,,,,,,,,,,,,,,
,,,,,520221,001,2024-05-23_15h34.34.540,mathesisv2,2024.1.3,Win32,59.88023952,,,,,,52.7905,55.457,f,2.6555,,,,,,,stimuliAXBmix/iyystimulus.wav,f,,,,,,,,,,,2,1,9,1,1,,,,,,,,,,,,,,,,,,,,,,,,,,,,,,,,,,,,,,,,,,,,,,,,,,,,,,,,,,,,,,,,,,,,,,,
,,,,,520221,001,2024-05-23_15h34.34.540,mathesisv2,2024.1.3,Win32,59.88023952,,,,,,55.4573,58.2238,l,2.7603,,,,,,,stimuliAXBmix/iiystimulus.wav,l,,,,,,,,,,,2,2,10,0,1,,,,,,,,,,,,,,,,,,,,,,,,,,,,,,,,,,,,,,,,,,,,,,,,,,,,,,,,,,,,,,,,,,,,,,,
,,,,,520221,001,2024-05-23_15h34.34.540,mathesisv2,2024.1.3,Win32,59.88023952,,,,,,58.2327,61.1408,l,2.892,,,,,,,stimuliAXBmix/yyustimulus.wav,l,,,,,,,,,,,2,3,11,3,1,,,,,,,,,,,,,,,,,,,,,,,,,,,,,,,,,,,,,,,,,,,,,,,,,,,,,,,,,,,,,,,,,,,,,,,
,,,,,520221,001,2024-05-23_15h34.34.540,mathesisv2,2024.1.3,Win32,59.88023952,,,,,,63.1355,66.2745,f,3.1278,,,,,,,stimuliAXBmix/yuustimulus.wav,f,,,,,,,,,,,,,,,,61.1414,63.1244,return,1.9772,,0,0,0,2,1,,,,,,,,,,,,,,,,,,,,,,,,,,,,,,,,,,,,,,,,,,,,,,,,,,,,,,,,,,,,,
,,,,,520221,001,2024-05-23_15h34.34.540,mathesisv2,2024.1.3,Win32,59.88023952,,,,,,66.2835,69.0415,l,2.7486,,,,,,,stimuliAXBmix/iiystimulus.wav,l,,,,,,,,,,,,,,,,,,,,,0,1,1,0,1,,,,,,,,,,,,,,,,,,,,,,,,,,,,,,,,,,,,,,,,,,,,,,,,,,,,,,,,,,,,,
,,,,,520221,001,2024-05-23_15h34.34.540,mathesisv2,2024.1.3,Win32,59.88023952,,,,,,69.0418,71.8082,f,2.7619,,,,,,,stimuliAXBmix/iyystimulus.wav,f,,,,,,,,,,,,,,,,,,,,,0,2,2,1,1,,,,,,,,,,,,,,,,,,,,,,,,,,,,,,,,,,,,,,,,,,,,,,,,,,,,,,,,,,,,,
,,,,,520221,001,2024-05-23_15h34.34.540,mathesisv2,2024.1.3,Win32,59.88023952,,,,,,71.817,74.7418,l,2.9158,,,,,,,stimuliAXBmix/yyustimulus.wav,l,,,,,,,,,,,,,,,,,,,,,0,3,3,3,1,,,,,,,,,,,,,,,,,,,,,,,,,,,,,,,,,,,,,,,,,,,,,,,,,,,,,,,,,,,,,
,,,,,520221,001,2024-05-23_15h34.34.540,mathesisv2,2024.1.3,Win32,59.88023952,,,,,,74.7421,77.442,f,2.6928,,,,,,,stimuliAXBmix/yuustimulus.wav,f,,,,,,,,,,,,,,,,,,,,,1,0,4,2,1,,,,,,,,,,,,,,,,,,,,,,,,,,,,,,,,,,,,,,,,,,,,,,,,,,,,,,,,,,,,,
,,,,,520221,001,2024-05-23_15h34.34.540,mathesisv2,2024.1.3,Win32,59.88023952,,,,,,77.4422,80.1755,l,2.7253,,,,,,,stimuliAXBmix/yyustimulus.wav,l,,,,,,,,,,,,,,,,,,,,,1,1,5,3,1,,,,,,,,,,,,,,,,,,,,,,,,,,,,,,,,,,,,,,,,,,,,,,,,,,,,,,,,,,,,,
,,,,,520221,001,2024-05-23_15h34.34.540,mathesisv2,2024.1.3,Win32,59.88023952,,,,,,80.1844,82.9761,f,2.7902,,,,,,,stimuliAXBmix/iyystimulus.wav,f,,,,,,,,,,,,,,,,,,,,,1,2,6,1,1,,,,,,,,,,,,,,,,,,,,,,,,,,,,,,,,,,,,,,,,,,,,,,,,,,,,,,,,,,,,,
,,,,,520221,001,2024-05-23_15h34.34.540,mathesisv2,2024.1.3,Win32,59.88023952,,,,,,82.9766,85.6592,l,2.6664,,,,,,,stimuliAXBmix/iiystimulus.wav,l,,,,,,,,,,,,,,,,,,,,,1,3,7,0,1,,,,,,,,,,,,,,,,,,,,,,,,,,,,,,,,,,,,,,,,,,,,,,,,,,,,,,,,,,,,,
,,,,,520221,001,2024-05-23_15h34.34.540,mathesisv2,2024.1.3,Win32,59.88023952,,,,,,87.1206,89.9761,f,2.8536,,,,,,,stimuliAXBmix/iyystimulus.wav,f,,,,,,,,,,,0,0,0,1,1,,,,,,,,,,,85.6597,87.1097,space,1.4298,,,,,,,,,,,,,,,,,,,,,,,,,,,,,,,,,,,,,,,,,,,,,,,,,,,,,,,,,
,,,,,520221,001,2024-05-23_15h34.34.540,mathesisv2,2024.1.3,Win32,59.88023952,,,,,,89.9851,92.8598,l,2.8708,,,,,,,stimuliAXBmix/yyustimulus.wav,l,,,,,,,,,,,0,1,1,3,1,,,,,,,,,,,,,,,,,,,,,,,,,,,,,,,,,,,,,,,,,,,,,,,,,,,,,,,,,,,,,,,,,,,,,,,
,,,,,520221,001,2024-05-23_15h34.34.540,mathesisv2,2024.1.3,Win32,59.88023952,,,,,,92.8601,95.6766,f,2.8138,,,,,,,stimuliAXBmix/iiystimulus.wav,l,,,,,,,,,,,0,2,2,0,1,,,,,,,,,,,,,,,,,,,,,,,,,,,,,,,,,,,,,,,,,,,,,,,,,,,,,,,,,,,,,,,,,,,,,,,
,,,,,520221,001,2024-05-23_15h34.34.540,mathesisv2,2024.1.3,Win32,59.88023952,,,,,,95.6853,98.4268,f,2.7346,,,,,,,stimuliAXBmix/yuustimulus.wav,f,,,,,,,,,,,0,3,3,2,1,,,,,,,,,,,,,,,,,,,,,,,,,,,,,,,,,,,,,,,,,,,,,,,,,,,,,,,,,,,,,,,,,,,,,,,
,,,,,520221,001,2024-05-23_15h34.34.540,mathesisv2,2024.1.3,Win32,59.88023952,,,,,,98.427,101.1936,f,2.7534,,,,,,,stimuliAXBmix/iyystimulus.wav,f,,,,,,,,,,,1,0,4,1,1,,,,,,,,,,,,,,,,,,,,,,,,,,,,,,,,,,,,,,,,,,,,,,,,,,,,,,,,,,,,,,,,,,,,,,,
,,,,,520221,001,2024-05-23_15h34.34.540,mathesisv2,2024.1.3,Win32,59.88023952,,,,,,101.1939,103.9439,l,2.7453,,,,,,,stimuliAXBmix/yyustimulus.wav,l,,,,,,,,,,,1,1,5,3,1,,,,,,,,,,,,,,,,,,,,,,,,,,,,,,,,,,,,,,,,,,,,,,,,,,,,,,,,,,,,,,,,,,,,,,,
,,,,,520221,001,2024-05-23_15h34.34.540,mathesisv2,2024.1.3,Win32,59.88023952,,,,,,103.9527,106.6774,l,2.7132,,,,,,,stimuliAXBmix/iiystimulus.wav,l,,,,,,,,,,,1,2,6,0,1,,,,,,,,,,,,,,,,,,,,,,,,,,,,,,,,,,,,,,,,,,,,,,,,,,,,,,,,,,,,,,,,,,,,,,,
,,,,,520221,001,2024-05-23_15h34.34.540,mathesisv2,2024.1.3,Win32,59.88023952,,,,,,106.6776,109.6942,f,3.009,,,,,,,stimuliAXBmix/yuustimulus.wav,f,,,,,,,,,,,1,3,7,2,1,,,,,,,,,,,,,,,,,,,,,,,,,,,,,,,,,,,,,,,,,,,,,,,,,,,,,,,,,,,,,,,,,,,,,,,
,,,,,520221,001,2024-05-23_15h34.34.540,mathesisv2,2024.1.3,Win32,59.88023952,,,,,,109.7031,112.8945,f,3.1879,,,,,,,stimuliAXBmix/iyystimulus.wav,f,,,,,,,,,,,2,0,8,1,1,,,,,,,,,,,,,,,,,,,,,,,,,,,,,,,,,,,,,,,,,,,,,,,,,,,,,,,,,,,,,,,,,,,,,,,
,,,,,520221,001,2024-05-23_15h34.34.540,mathesisv2,2024.1.3,Win32,59.88023952,,,,,,112.8947,115.678,l,2.7729,,,,,,,stimuliAXBmix/yyustimulus.wav,l,,,,,,,,,,,2,1,9,3,1,,,,,,,,,,,,,,,,,,,,,,,,,,,,,,,,,,,,,,,,,,,,,,,,,,,,,,,,,,,,,,,,,,,,,,,
,,,,,520221,001,2024-05-23_15h34.34.540,mathesisv2,2024.1.3,Win32,59.88023952,,,,,,115.6869,118.5449,f,2.8422,,,,,,,stimuliAXBmix/yuustimulus.wav,f,,,,,,,,,,,2,2,10,2,1,,,,,,,,,,,,,,,,,,,,,,,,,,,,,,,,,,,,,,,,,,,,,,,,,,,,,,,,,,,,,,,,,,,,,,,
,,,,,520221,001,2024-05-23_15h34.34.540,mathesisv2,2024.1.3,Win32,59.88023952,,,,,,118.5452,121.412,l,2.8516,,,,,,,stimuliAXBmix/iiystimulus.wav,l,,,,,,,,,,,2,3,11,0,1,,,,,,,,,,,,,,,,,,,,,,,,,,,,,,,,,,,,,,,,,,,,,,,,,,,,,,,,,,,,,,,,,,,,,,,
,,,,,520221,001,2024-05-23_15h34.34.540,mathesisv2,2024.1.3,Win32,59.88023952,,,,,,122.7057,125.5787,f,2.8636,,,,,,,stimuliAXBmix/yuustimulus.wav,f,,,,,,,,,,,,,,,,121.4122,122.6952,return,1.2739,,0,0,0,2,1,,,,,,,,,,,,,,,,,,,,,,,,,,,,,,,,,,,,,,,,,,,,,,,,,,,,,,,,,,,,,
,,,,,520221,001,2024-05-23_15h34.34.540,mathesisv2,2024.1.3,Win32,59.88023952,,,,,,125.579,128.3289,l,2.7439,,,,,,,stimuliAXBmix/iiystimulus.wav,l,,,,,,,,,,,,,,,,,,,,,0,1,1,0,1,,,,,,,,,,,,,,,,,,,,,,,,,,,,,,,,,,,,,,,,,,,,,,,,,,,,,,,,,,,,,
,,,,,520221,001,2024-05-23_15h34.34.540,mathesisv2,2024.1.3,Win32,59.88023952,,,,,,128.3377,131.2292,f,2.8848,,,,,,,stimuliAXBmix/iyystimulus.wav,f,,,,,,,,,,,,,,,,,,,,,0,2,2,1,1,,,,,,,,,,,,,,,,,,,,,,,,,,,,,,,,,,,,,,,,,,,,,,,,,,,,,,,,,,,,,
,,,,,520221,001,2024-05-23_15h34.34.540,mathesisv2,2024.1.3,Win32,59.88023952,,,,,,131.2294,134.0627,l,2.8186,,,,,,,stimuliAXBmix/yyustimulus.wav,l,,,,,,,,,,,,,,,,,,,,,0,3,3,3,1,,,,,,,,,,,,,,,,,,,,,,,,,,,,,,,,,,,,,,,,,,,,,,,,,,,,,,,,,,,,,
,,,,,520221,001,2024-05-23_15h34.34.540,mathesisv2,2024.1.3,Win32,59.88023952,,,,,,134.0715,136.8462,f,2.7655,,,,,,,stimuliAXBmix/yuustimulus.wav,f,,,,,,,,,,,,,,,,,,,,,1,0,4,2,1,,,,,,,,,,,,,,,,,,,,,,,,,,,,,,,,,,,,,,,,,,,,,,,,,,,,,,,,,,,,,
,,,,,520221,001,2024-05-23_15h34.34.540,mathesisv2,2024.1.3,Win32,59.88023952,,,,,,136.8465,139.6633,l,2.8143,,,,,,,stimuliAXBmix/yyustimulus.wav,l,,,,,,,,,,,,,,,,,,,,,1,1,5,3,1,,,,,,,,,,,,,,,,,,,,,,,,,,,,,,,,,,,,,,,,,,,,,,,,,,,,,,,,,,,,,
,,,,,520221,001,2024-05-23_15h34.34.540,mathesisv2,2024.1.3,Win32,59.88023952,,,,,,139.6725,142.5299,f,2.8524,,,,,,,stimuliAXBmix/iyystimulus.wav,f,,,,,,,,,,,,,,,,,,,,,1,2,6,1,1,,,,,,,,,,,,,,,,,,,,,,,,,,,,,,,,,,,,,,,,,,,,,,,,,,,,,,,,,,,,,
,,,,,520221,001,2024-05-23_15h34.34.540,mathesisv2,2024.1.3,Win32,59.88023952,,,,,,142.5303,145.397,l,2.8578,,,,,,,stimuliAXBmix/iiystimulus.wav,l,,,,,,,,,,,,,,,,,,,,,1,3,7,0,1,,,,,,,,,,,,,,,,,,,,,,,,,,,,,,,,,,,,,,,,,,,,,,,,,,,,,,,,,,,,,
,,,,,520221,001,2024-05-23_15h34.34.540,mathesisv2,2024.1.3,Win32,59.88023952,,,,,,148.1918,151.1306,f,2.9301,,,,,,,stimuliAXBmix/iyystimulus.wav,f,,,,,,,,,,,0,0,0,1,1,,,,,,,,,,,145.397,148.1807,space,2.7818,,,,,,,,,,,,,,,,,,,,,,,,,,,,,,,,,,,,,,,,,,,,,,,,,,,,,,,,,
,,,,,520221,001,2024-05-23_15h34.34.540,mathesisv2,2024.1.3,Win32,59.88023952,,,,,,151.1309,153.8473,f,2.7098,,,,,,,stimuliAXBmix/yuustimulus.wav,f,,,,,,,,,,,0,1,1,2,1,,,,,,,,,,,,,,,,,,,,,,,,,,,,,,,,,,,,,,,,,,,,,,,,,,,,,,,,,,,,,,,,,,,,,,,
,,,,,520221,001,2024-05-23_15h34.34.540,mathesisv2,2024.1.3,Win32,59.88023952,,,,,,153.8562,158.0644,l,4.1929,,,,,,,stimuliAXBmix/iiystimulus.wav,l,,,,,,,,,,,0,2,2,0,1,,,,,,,,,,,,,,,,,,,,,,,,,,,,,,,,,,,,,,,,,,,,,,,,,,,,,,,,,,,,,,,,,,,,,,,
,,,,,520221,001,2024-05-23_15h34.34.540,mathesisv2,2024.1.3,Win32,59.88023952,,,,,,158.0734,161.1148,l,3.0401,,,,,,,stimuliAXBmix/yyustimulus.wav,l,,,,,,,,,,,0,3,3,3,1,,,,,,,,,,,,,,,,,,,,,,,,,,,,,,,,,,,,,,,,,,,,,,,,,,,,,,,,,,,,,,,,,,,,,,,
,,,,,520221,001,2024-05-23_15h34.34.540,mathesisv2,2024.1.3,Win32,59.88023952,,,,,,161.115,163.9481,l,2.831,,,,,,,stimuliAXBmix/yyustimulus.wav,l,,,,,,,,,,,1,0,4,3,1,,,,,,,,,,,,,,,,,,,,,,,,,,,,,,,,,,,,,,,,,,,,,,,,,,,,,,,,,,,,,,,,,,,,,,,
,,,,,520221,001,2024-05-23_15h34.34.540,mathesisv2,2024.1.3,Win32,59.88023952,,,,,,163.9569,166.765,f,2.7954,,,,,,,stimuliAXBmix/yuustimulus.wav,f,,,,,,,,,,,1,1,5,2,1,,,,,,,,,,,,,,,,,,,,,,,,,,,,,,,,,,,,,,,,,,,,,,,,,,,,,,,,,,,,,,,,,,,,,,,
,,,,,520221,001,2024-05-23_15h34.34.540,mathesisv2,2024.1.3,Win32,59.88023952,,,,,,166.7653,169.5152,l,2.7465,,,,,,,stimuliAXBmix/iiystimulus.wav,l,,,,,,,,,,,1,2,6,0,1,,,,,,,,,,,,,,,,,,,,,,,,,,,,,,,,,,,,,,,,,,,,,,,,,,,,,,,,,,,,,,,,,,,,,,,
,,,,,520221,001,2024-05-23_15h34.34.540,mathesisv2,2024.1.3,Win32,59.88023952,,,,,,169.5154,172.5654,f,3.0415,,,,,,,stimuliAXBmix/iyystimulus.wav,f,,,,,,,,,,,1,3,7,1,1,,,,,,,,,,,,,,,,,,,,,,,,,,,,,,,,,,,,,,,,,,,,,,,,,,,,,,,,,,,,,,,,,,,,,,,
,,,,,520221,001,2024-05-23_15h34.34.540,mathesisv2,2024.1.3,Win32,59.88023952,,,,,,172.5742,175.5325,f,2.9434,,,,,,,stimuliAXBmix/yuustimulus.wav,f,,,,,,,,,,,2,0,8,2,1,,,,,,,,,,,,,,,,,,,,,,,,,,,,,,,,,,,,,,,,,,,,,,,,,,,,,,,,,,,,,,,,,,,,,,,
,,,,,520221,001,2024-05-23_15h34.34.540,mathesisv2,2024.1.3,Win32,59.88023952,,,,,,175.5328,178.3492,l,2.8119,,,,,,,stimuliAXBmix/yyustimulus.wav,l,,,,,,,,,,,2,1,9,3,1,,,,,,,,,,,,,,,,,,,,,,,,,,,,,,,,,,,,,,,,,,,,,,,,,,,,,,,,,,,,,,,,,,,,,,,
,,,,,520221,001,2024-05-23_15h34.34.540,mathesisv2,2024.1.3,Win32,59.88023952,,,,,,178.3579,181.316,l,2.9521,,,,,,,stimuliAXBmix/iiystimulus.wav,l,,,,,,,,,,,2,2,10,0,1,,,,,,,,,,,,,,,,,,,,,,,,,,,,,,,,,,,,,,,,,,,,,,,,,,,,,,,,,,,,,,,,,,,,,,,
,,,,,520221,001,2024-05-23_15h34.34.540,mathesisv2,2024.1.3,Win32,59.88023952,,,,,,181.3163,184.7996,f,3.4674,,,,,,,stimuliAXBmix/iyystimulus.wav,f,,,,,,,,,,,2,3,11,1,1,,,,,,,,,,,,,,,,,,,,,,,,,,,,,,,,,,,,,,,,,,,,,,,,,,,,,,,,,,,,,,,,,,,,,,,
,,,,,520221,001,2024-05-23_15h34.34.540,mathesisv2,2024.1.3,Win32,59.88023952,,,,,,186.1269,188.9666,l,2.8233,,,,,,,stimuliAXBmix/yyustimulus.wav,l,,,,,,,,,,,,,,,,184.7998,186.1164,return,1.3003,,0,0,0,3,1,,,,,,,,,,,,,,,,,,,,,,,,,,,,,,,,,,,,,,,,,,,,,,,,,,,,,,,,,,,,,
,,,,,520221,001,2024-05-23_15h34.34.540,mathesisv2,2024.1.3,Win32,59.88023952,,,,,,188.9669,191.8668,f,2.8882,,,,,,,stimuliAXBmix/iyystimulus.wav,f,,,,,,,,,,,,,,,,,,,,,0,1,1,1,1,,,,,,,,,,,,,,,,,,,,,,,,,,,,,,,,,,,,,,,,,,,,,,,,,,,,,,,,,,,,,
,,,,,520221,001,2024-05-23_15h34.34.540,mathesisv2,2024.1.3,Win32,59.88023952,,,,,,191.8758,194.5837,f,2.6954,,,,,,,stimuliAXBmix/yuustimulus.wav,f,,,,,,,,,,,,,,,,,,,,,0,2,2,2,1,,,,,,,,,,,,,,,,,,,,,,,,,,,,,,,,,,,,,,,,,,,,,,,,,,,,,,,,,,,,,
,,,,,520221,001,2024-05-23_15h34.34.540,mathesisv2,2024.1.3,Win32,59.88023952,,,,,,194.5841,197.9172,l,3.3211,,,,,,,stimuliAXBmix/iiystimulus.wav,l,,,,,,,,,,,,,,,,,,,,,0,3,3,0,1,,,,,,,,,,,,,,,,,,,,,,,,,,,,,,,,,,,,,,,,,,,,,,,,,,,,,,,,,,,,,
,,,,,520221,001,2024-05-23_15h34.34.540,mathesisv2,2024.1.3,Win32,59.88023952,,,,,,197.9259,200.7508,f,2.8152,,,,,,,stimuliAXBmix/yuustimulus.wav,f,,,,,,,,,,,,,,,,,,,,,1,0,4,2,1,,,,,,,,,,,,,,,,,,,,,,,,,,,,,,,,,,,,,,,,,,,,,,,,,,,,,,,,,,,,,
,,,,,520221,001,2024-05-23_15h34.34.540,mathesisv2,2024.1.3,Win32,59.88023952,,,,,,200.7512,203.7509,f,2.9841,,,,,,,stimuliAXBmix/iyystimulus.wav,f,,,,,,,,,,,,,,,,,,,,,1,1,5,1,1,,,,,,,,,,,,,,,,,,,,,,,,,,,,,,,,,,,,,,,,,,,,,,,,,,,,,,,,,,,,,
,,,,,520221,001,2024-05-23_15h34.34.540,mathesisv2,2024.1.3,Win32,59.88023952,,,,,,203.7599,206.6012,l,2.8388,,,,,,,stimuliAXBmix/iiystimulus.wav,l,,,,,,,,,,,,,,,,,,,,,1,2,6,0,1,,,,,,,,,,,,,,,,,,,,,,,,,,,,,,,,,,,,,,,,,,,,,,,,,,,,,,,,,,,,,
,,,,,520221,001,2024-05-23_15h34.34.540,mathesisv2,2024.1.3,Win32,59.88023952,,,,,,206.6014,209.568,l,2.9593,,,,,,,stimuliAXBmix/yyustimulus.wav,l,,,,,,,,,,,,,,,,,,,,,1,3,7,3,1,,,,,,,,,,,,,,,,,,,,,,,,,,,,,,,,,,,,,,,,,,,,,,,,,,,,,,,,,,,,,
,,,,,520221,001,2024-05-23_15h34.34.540,mathesisv2,2024.1.3,Win32,59.88023952,,,,,,211.3955,214.1017,f,2.6955,,,,,,,stimuliAXBmix/yuustimulus.wav,f,,,,,,,,,,,0,0,0,2,1,,,,,,,,,,,209.5681,211.3849,space,1.8138,,,,,,,,,,,,,,,,,,,,,,,,,,,,,,,,,,,,,,,,,,,,,,,,,,,,,,,,,
,,,,,520221,001,2024-05-23_15h34.34.540,mathesisv2,2024.1.3,Win32,59.88023952,,,,,,214.1104,216.8353,f,2.7234,,,,,,,stimuliAXBmix/iyystimulus.wav,f,,,,,,,,,,,0,1,1,1,1,,,,,,,,,,,,,,,,,,,,,,,,,,,,,,,,,,,,,,,,,,,,,,,,,,,,,,,,,,,,,,,,,,,,,,,
,,,,,520221,001,2024-05-23_15h34.34.540,mathesisv2,2024.1.3,Win32,59.88023952,,,,,,216.8356,219.6187,l,2.7789,,,,,,,stimuliAXBmix/yyustimulus.wav,l,,,,,,,,,,,0,2,2,3,1,,,,,,,,,,,,,,,,,,,,,,,,,,,,,,,,,,,,,,,,,,,,,,,,,,,,,,,,,,,,,,,,,,,,,,,
,,,,,520221,001,2024-05-23_15h34.34.540,mathesisv2,2024.1.3,Win32,59.88023952,,,,,,219.619,222.3856,l,2.7509,,,,,,,stimuliAXBmix/iiystimulus.wav,l,,,,,,,,,,,0,3,3,0,1,,,,,,,,,,,,,,,,,,,,,,,,,,,,,,,,,,,,,,,,,,,,,,,,,,,,,,,,,,,,,,,,,,,,,,,
,,,,,520221,001,2024-05-23_15h34.34.540,mathesisv2,2024.1.3,Win32,59.88023952,,,,,,222.3949,225.2192,f,2.808,,,,,,,stimuliAXBmix/yuustimulus.wav,f,,,,,,,,,,,1,0,4,2,1,,,,,,,,,,,,,,,,,,,,,,,,,,,,,,,,,,,,,,,,,,,,,,,,,,,,,,,,,,,,,,,,,,,,,,,
,,,,,520221,001,2024-05-23_15h34.34.540,mathesisv2,2024.1.3,Win32,59.88023952,,,,,,225.2194,228.036,l,2.8084,,,,,,,stimuliAXBmix/iiystimulus.wav,l,,,,,,,,,,,1,1,5,0,1,,,,,,,,,,,,,,,,,,,,,,,,,,,,,,,,,,,,,,,,,,,,,,,,,,,,,,,,,,,,,,,,,,,,,,,
,,,,,520221,001,2024-05-23_15h34.34.540,mathesisv2,2024.1.3,Win32,59.88023952,,,,,,228.045,230.8529,l,2.7954,,,,,,,stimuliAXBmix/yyustimulus.wav,l,,,,,,,,,,,1,2,6,3,1,,,,,,,,,,,,,,,,,,,,,,,,,,,,,,,,,,,,,,,,,,,,,,,,,,,,,,,,,,,,,,,,,,,,,,,
,,,,,520221,001,2024-05-23_15h34.34.540,mathesisv2,2024.1.3,Win32,59.88023952,,,,,,230.8532,233.6865,f,2.8227,,,,,,,stimuliAXBmix/iyystimulus.wav,f,,,,,,,,,,,1,3,7,1,1,,,,,,,,,,,,,,,,,,,,,,,,,,,,,,,,,,,,,,,,,,,,,,,,,,,,,,,,,,,,,,,,,,,,,,,
,,,,,520221,001,2024-05-23_15h34.34.540,mathesisv2,2024.1.3,Win32,59.88023952,,,,,,233.6955,236.4533,f,2.7428,,,,,,,stimuliAXBmix/yuustimulus.wav,f,,,,,,,,,,,2,0,8,2,1,,,,,,,,,,,,,,,,,,,,,,,,,,,,,,,,,,,,,,,,,,,,,,,,,,,,,,,,,,,,,,,,,,,,,,,
,,,,,520221,001,2024-05-23_15h34.34.540,mathesisv2,2024.1.3,Win32,59.88023952,,,,,,236.4536,239.3037,f,2.8484,,,,,,,stimuliAXBmix/iyystimulus.wav,f,,,,,,,,,,,2,1,9,1,1,,,,,,,,,,,,,,,,,,,,,,,,,,,,,,,,,,,,,,,,,,,,,,,,,,,,,,,,,,,,,,,,,,,,,,,
,,,,,520221,001,2024-05-23_15h34.34.540,mathesisv2,2024.1.3,Win32,59.88023952,,,,,,239.3041,242.0871,l,2.7703,,,,,,,stimuliAXBmix/yyustimulus.wav,l,,,,,,,,,,,2,2,10,3,1,,,,,,,,,,,,,,,,,,,,,,,,,,,,,,,,,,,,,,,,,,,,,,,,,,,,,,,,,,,,,,,,,,,,,,,
,,,,,520221,001,2024-05-23_15h34.34.540,mathesisv2,2024.1.3,Win32,59.88023952,,,,,,242.0961,245.0372,l,2.9252,,,,,,,stimuliAXBmix/iiystimulus.wav,l,,,,,,,,,,,2,3,11,0,1,,,,,,,,,,,,,,,,,,,,,,,,,,,,,,,,,,,,,,,,,,,,,,,,,,,,,,,,,,,,,,,,,,,,,,,
,,,,,520221,001,2024-05-23_15h34.34.540,mathesisv2,2024.1.3,Win32,59.88023952,,,,,,247.5645,250.421,l,2.8432,,,,,,,stimuliAXBmix/iiystimulus.wav,l,,,,,,,,,,,,,,,,245.0373,247.5542,return,2.5142,,0,0,0,0,1,,,,,,,,,,,,,,,,,,,,,,,,,,,,,,,,,,,,,,,,,,,,,,,,,,,,,,,,,,,,,
,,,,,520221,001,2024-05-23_15h34.34.540,mathesisv2,2024.1.3,Win32,59.88023952,,,,,,250.4299,253.4545,l,3.0106,,,,,,,stimuliAXBmix/yyustimulus.wav,l,,,,,,,,,,,,,,,,,,,,,0,1,1,3,1,,,,,,,,,,,,,,,,,,,,,,,,,,,,,,,,,,,,,,,,,,,,,,,,,,,,,,,,,,,,,
,,,,,520221,001,2024-05-23_15h34.34.540,mathesisv2,2024.1.3,Win32,59.88023952,,,,,,253.4547,256.3381,f,2.8737,,,,,,,stimuliAXBmix/iyystimulus.wav,f,,,,,,,,,,,,,,,,,,,,,0,2,2,1,1,,,,,,,,,,,,,,,,,,,,,,,,,,,,,,,,,,,,,,,,,,,,,,,,,,,,,,,,,,,,,
,,,,,520221,001,2024-05-23_15h34.34.540,mathesisv2,2024.1.3,Win32,59.88023952,,,,,,256.3469,259.1216,f,2.7586,,,,,,,stimuliAXBmix/yuustimulus.wav,f,,,,,,,,,,,,,,,,,,,,,0,3,3,2,1,,,,,,,,,,,,,,,,,,,,,,,,,,,,,,,,,,,,,,,,,,,,,,,,,,,,,,,,,,,,,
,,,,,520221,001,2024-05-23_15h34.34.540,mathesisv2,2024.1.3,Win32,59.88023952,,,,,,259.1219,261.8718,l,2.7343,,,,,,,stimuliAXBmix/yyustimulus.wav,l,,,,,,,,,,,,,,,,,,,,,1,0,4,3,1,,,,,,,,,,,,,,,,,,,,,,,,,,,,,,,,,,,,,,,,,,,,,,,,,,,,,,,,,,,,,
,,,,,520221,001,2024-05-23_15h34.34.540,mathesisv2,2024.1.3,Win32,59.88023952,,,,,,261.8806,264.5719,f,2.6898,,,,,,,stimuliAXBmix/yuustimulus.wav,f,,,,,,,,,,,,,,,,,,,,,1,1,5,2,1,,,,,,,,,,,,,,,,,,,,,,,,,,,,,,,,,,,,,,,,,,,,,,,,,,,,,,,,,,,,,
,,,,,520221,001,2024-05-23_15h34.34.540,mathesisv2,2024.1.3,Win32,59.88023952,,,,,,264.5721,267.3888,l,2.8107,,,,,,,stimuliAXBmix/iiystimulus.wav,l,,,,,,,,,,,,,,,,,,,,,1,2,6,0,1,,,,,,,,,,,,,,,,,,,,,,,,,,,,,,,,,,,,,,,,,,,,,,,,,,,,,,,,,,,,,
,,,,,520221,001,2024-05-23_15h34.34.540,mathesisv2,2024.1.3,Win32,59.88023952,,,,,,267.3891,270.2057,f,2.8089,,,,,,,stimuliAXBmix/iyystimulus.wav,f,,,,,,,,,,,,,,,,,,,,,1,3,7,1,1,,,,,,,,,,,,,,,,,,,,,,,,,,,,,,,,,,,,,,,,,,,,,,,,,,,,,,,,,,,,,
,,,,,520221,001,2024-05-23_15h34.34.540,mathesisv2,2024.1.3,Win32,59.88023952,,,,,,,,,,,,,,,,,,,,,,,,,,,,,,,,,,,,,,,,,,,270.2058,272.3226,space,2.0999,,272.3231,275.8565,space,3.5221,,,,,,,,,,,,,,,,,,,,,,,,,,,,,,,,,,,,,,,,,,,,,,,,,,,,
,,,,,520221,001,2024-05-23_15h34.34.540,mathesisv2,2024.1.3,Win32,59.88023952,,,,,,,,,,,,,,,,,,,,,,,,,,,,,,,,,,,,,,,,,,,,,,,,,,,,,275.8695,279.6732,e,3.7848,,0,0,0,1,1,testTAFCmixfirst/nimnym002.wav,,,,,,,,,,,,,,,,,,,,,,,,,,,,,,,,,,,,,,,,
,,,,,520221,001,2024-05-23_15h34.34.540,mathesisv2,2024.1.3,Win32,59.88023952,,,,,,,,,,,,,,,,,,,,,,,,,,,,,,,,,,,,,,,,,,,,,,,,,,,,,279.6735,280.9898,y,1.3019,,0,1,1,2,1,testTAFCmixfirst/nimnym006.wav,,,,,,,,,,,,,,,,,,,,,,,,,,,,,,,,,,,,,,,,
,,,,,520221,001,2024-05-23_15h34.34.540,mathesisv2,2024.1.3,Win32,59.88023952,,,,,,,,,,,,,,,,,,,,,,,,,,,,,,,,,,,,,,,,,,,,,,,,,,,,,280.9901,282.34,e,1.3343,,0,2,2,0,1,testTAFCmixfirst/nimnym001.wav,,,,,,,,,,,,,,,,,,,,,,,,,,,,,,,,,,,,,,,,
,,,,,520221,001,2024-05-23_15h34.34.540,mathesisv2,2024.1.3,Win32,59.88023952,,,,,,,,,,,,,,,,,,,,,,,,,,,,,,,,,,,,,,,,,,,,,,,,,,,,,,,,,,,,,,,,282.3426,283.6068,y,1.2539,,0,0,0,2,1,testTAFCmixsec/numnym006.wav,,,,,,,,,,,,,,,,,,,,,,,,,,,,,
,,,,,520221,001,2024-05-23_15h34.34.540,mathesisv2,2024.1.3,Win32,59.88023952,,,,,,,,,,,,,,,,,,,,,,,,,,,,,,,,,,,,,,,,,,,,,,,,,,,,,,,,,,,,,,,,283.6074,287.0902,u,3.4739,,0,1,1,0,1,testTAFCmixsec/numnym001.wav,,,,,,,,,,,,,,,,,,,,,,,,,,,,,
,,,,,520221,001,2024-05-23_15h34.34.540,mathesisv2,2024.1.3,Win32,59.88023952,,,,,,,,,,,,,,,,,,,,,,,,,,,,,,,,,,,,,,,,,,,,,,,,,,,,,,,,,,,,,,,,287.0992,288.407,u,1.303,,0,2,2,1,1,testTAFCmixsec/numnym002.wav,,,,,,,,,,,,,,,,,,,,,,,,,,,,,
,,,,,520221,001,2024-05-23_15h34.34.540,mathesisv2,2024.1.3,Win32,59.88023952,,,,,,,,,,,,,,,,,,,,,,,,,,,,,,,,,,,,,,,,,,,,,,,,,,,,,,,,,,,,,,,,,,,,,,,,,,,288.4074,290.3241,space,1.9008,,,,,,,,,,,,,,,,,,,,,,,,,
,,,,,520221,001,2024-05-23_15h34.34.540,mathesisv2,2024.1.3,Win32,59.88023952,,,,,,,,,,,,,,,,,e,,,,,,,,,,,,,,,,,,,,,,,,,,,,,,,,,,,,,,,,,,,,,,,,,,,,,,,,,,,,,,,290.3371,292.3907,e,2.0395,,0,0,0,1,1,stimuliTAFCfirst/nimnym002.wav,,,,,,,,,,,,,
,,,,,520221,001,2024-05-23_15h34.34.540,mathesisv2,2024.1.3,Win32,59.88023952,,,,,,,,,,,,,,,,,y,,,,,,,,,,,,,,,,,,,,,,,,,,,,,,,,,,,,,,,,,,,,,,,,,,,,,,,,,,,,,,,292.3909,293.874,y,1.4791,,0,1,1,4,1,stimuliTAFCfirst/nimnym005.wav,,,,,,,,,,,,,
,,,,,520221,001,2024-05-23_15h34.34.540,mathesisv2,2024.1.3,Win32,59.88023952,,,,,,,,,,,,,,,,,y,,,,,,,,,,,,,,,,,,,,,,,,,,,,,,,,,,,,,,,,,,,,,,,,,,,,,,,,,,,,,,,293.8743,295.2741,y,1.385,,0,2,2,5,1,stimuliTAFCfirst/nimnym006.wav,,,,,,,,,,,,,
,,,,,520221,001,2024-05-23_15h34.34.540,mathesisv2,2024.1.3,Win32,59.88023952,,,,,,,,,,,,,,,,,x,,,,,,,,,,,,,,,,,,,,,,,,,,,,,,,,,,,,,,,,,,,,,,,,,,,,,,,,,,,,,,,295.2744,297.141,y,1.8537,,0,3,3,3,1,stimuliTAFCfirst/nimnym004.wav,,,,,,,,,,,,,
,,,,,520221,001,2024-05-23_15h34.34.540,mathesisv2,2024.1.3,Win32,59.88023952,,,,,,,,,,,,,,,,,y,,,,,,,,,,,,,,,,,,,,,,,,,,,,,,,,,,,,,,,,,,,,,,,,,,,,,,,,,,,,,,,297.1414,298.5244,y,1.3776,,0,4,4,6,1,stimuliTAFCfirst/nimnym007.wav,,,,,,,,,,,,,
,,,,,520221,001,2024-05-23_15h34.34.540,mathesisv2,2024.1.3,Win32,59.88023952,,,,,,,,,,,,,,,,,e,,,,,,,,,,,,,,,,,,,,,,,,,,,,,,,,,,,,,,,,,,,,,,,,,,,,,,,,,,,,,,,298.5246,299.8578,e,1.3272,,0,5,5,2,1,stimuliTAFCfirst/nimnym003.wav,,,,,,,,,,,,,
,,,,,520221,001,2024-05-23_15h34.34.540,mathesisv2,2024.1.3,Win32,59.88023952,,,,,,,,,,,,,,,,,e,,,,,,,,,,,,,,,,,,,,,,,,,,,,,,,,,,,,,,,,,,,,,,,,,,,,,,,,,,,,,,,299.8581,301.1578,e,1.295,,0,6,6,0,1,stimuliTAFCfirst/nimnym001.wav,,,,,,,,,,,,,
,,,,,520221,001,2024-05-23_15h34.34.540,mathesisv2,2024.1.3,Win32,59.88023952,,,,,,,,,,,,,,,,,y,,,,,,,,,,,,,,,,,,,,,,,,,,,,,,,,,,,,,,,,,,,,,,,,,,,,,,,,,,,,,,,301.1581,302.808,e,1.636,,1,0,7,4,1,stimuliTAFCfirst/nimnym005.wav,,,,,,,,,,,,,
,,,,,520221,001,2024-05-23_15h34.34.540,mathesisv2,2024.1.3,Win32,59.88023952,,,,,,,,,,,,,,,,,e,,,,,,,,,,,,,,,,,,,,,,,,,,,,,,,,,,,,,,,,,,,,,,,,,,,,,,,,,,,,,,,302.8082,304.0081,e,1.1891,,1,1,8,2,1,stimuliTAFCfirst/nimnym003.wav,,,,,,,,,,,,,
,,,,,520221,001,2024-05-23_15h34.34.540,mathesisv2,2024.1.3,Win32,59.88023952,,,,,,,,,,,,,,,,,x,,,,,,,,,,,,,,,,,,,,,,,,,,,,,,,,,,,,,,,,,,,,,,,,,,,,,,,,,,,,,,,304.0084,305.3415,y,1.3285,,1,2,9,3,1,stimuliTAFCfirst/nimnym004.wav,,,,,,,,,,,,,
,,,,,520221,001,2024-05-23_15h34.34.540,mathesisv2,2024.1.3,Win32,59.88023952,,,,,,,,,,,,,,,,,e,,,,,,,,,,,,,,,,,,,,,,,,,,,,,,,,,,,,,,,,,,,,,,,,,,,,,,,,,,,,,,,305.3418,306.5583,e,1.214,,1,3,10,0,1,stimuliTAFCfirst/nimnym001.wav,,,,,,,,,,,,,
,,,,,520221,001,2024-05-23_15h34.34.540,mathesisv2,2024.1.3,Win32,59.88023952,,,,,,,,,,,,,,,,,e,,,,,,,,,,,,,,,,,,,,,,,,,,,,,,,,,,,,,,,,,,,,,,,,,,,,,,,,,,,,,,,306.5585,307.8916,e,1.322,,1,4,11,1,1,stimuliTAFCfirst/nimnym002.wav,,,,,,,,,,,,,
,,,,,520221,001,2024-05-23_15h34.34.540,mathesisv2,2024.1.3,Win32,59.88023952,,,,,,,,,,,,,,,,,y,,,,,,,,,,,,,,,,,,,,,,,,,,,,,,,,,,,,,,,,,,,,,,,,,,,,,,,,,,,,,,,307.8919,309.2418,y,1.3412,,1,5,12,6,1,stimuliTAFCfirst/nimnym007.wav,,,,,,,,,,,,,
,,,,,520221,001,2024-05-23_15h34.34.540,mathesisv2,2024.1.3,Win32,59.88023952,,,,,,,,,,,,,,,,,y,,,,,,,,,,,,,,,,,,,,,,,,,,,,,,,,,,,,,,,,,,,,,,,,,,,,,,,,,,,,,,,309.2421,310.692,y,1.447,,1,6,13,5,1,stimuliTAFCfirst/nimnym006.wav,,,,,,,,,,,,,
,,,,,520221,001,2024-05-23_15h34.34.540,mathesisv2,2024.1.3,Win32,59.88023952,,,,,,,,,,,,,,,,,u,310.6924,312.6922,space,1.9877,,,,,,,,,,,,,,,,,,,,,,,,,,,,,,,,,,,,,,,,,,,,,,,,,,,,,,,,,,,,,,,,,,,,,,312.7033,316.1758,u,3.4613,,0,0,0,0,1,stimuliTAFCsec/numnym001.wav,,
,,,,,520221,001,2024-05-23_15h34.34.540,mathesisv2,2024.1.3,Win32,59.88023952,,,,,,,,,,,,,,,,,x,,,,,,,,,,,,,,,,,,,,,,,,,,,,,,,,,,,,,,,,,,,,,,,,,,,,,,,,,,,,,,,,,,,,,,,,,,316.1854,317.559,y,1.3657,,0,1,1,3,1,stimuliTAFCsec/numnym004.wav,,
,,,,,520221,001,2024-05-23_15h34.34.540,mathesisv2,2024.1.3,Win32,59.88023952,,,,,,,,,,,,,,,,,y,,,,,,,,,,,,,,,,,,,,,,,,,,,,,,,,,,,,,,,,,,,,,,,,,,,,,,,,,,,,,,,,,,,,,,,,,,317.5593,319.4926,y,1.919,,0,2,2,5,1,stimuliTAFCsec/numnym006.wav,,
,,,,,520221,001,2024-05-23_15h34.34.540,mathesisv2,2024.1.3,Win32,59.88023952,,,,,,,,,,,,,,,,,y,,,,,,,,,,,,,,,,,,,,,,,,,,,,,,,,,,,,,,,,,,,,,,,,,,,,,,,,,,,,,,,,,,,,,,,,,,319.4928,320.7593,y,1.2531,,0,3,3,4,1,stimuliTAFCsec/numnym005.wav,,
,,,,,520221,001,2024-05-23_15h34.34.540,mathesisv2,2024.1.3,Win32,59.88023952,,,,,,,,,,,,,,,,,y,,,,,,,,,,,,,,,,,,,,,,,,,,,,,,,,,,,,,,,,,,,,,,,,,,,,,,,,,,,,,,,,,,,,,,,,,,320.7595,322.1761,y,1.4019,,0,4,4,6,1,stimuliTAFCsec/numnym007.wav,,
,,,,,520221,001,2024-05-23_15h34.34.540,mathesisv2,2024.1.3,Win32,59.88023952,,,,,,,,,,,,,,,,,u,,,,,,,,,,,,,,,,,,,,,,,,,,,,,,,,,,,,,,,,,,,,,,,,,,,,,,,,,,,,,,,,,,,,,,,,,,322.1763,323.3096,u,1.1266,,0,5,5,1,1,stimuliTAFCsec/numnym002.wav,,
,,,,,520221,001,2024-05-23_15h34.34.540,mathesisv2,2024.1.3,Win32,59.88023952,,,,,,,,,,,,,,,,,u,,,,,,,,,,,,,,,,,,,,,,,,,,,,,,,,,,,,,,,,,,,,,,,,,,,,,,,,,,,,,,,,,,,,,,,,,,323.3099,324.5429,u,1.2202,,0,6,6,2,1,stimuliTAFCsec/numnym003.wav,,
,,,,,520221,001,2024-05-23_15h34.34.540,mathesisv2,2024.1.3,Win32,59.88023952,,,,,,,,,,,,,,,,,u,,,,,,,,,,,,,,,,,,,,,,,,,,,,,,,,,,,,,,,,,,,,,,,,,,,,,,,,,,,,,,,,,,,,,,,,,,324.5431,325.8098,u,1.2589,,1,0,7,2,1,stimuliTAFCsec/numnym003.wav,,
,,,,,520221,001,2024-05-23_15h34.34.540,mathesisv2,2024.1.3,Win32,59.88023952,,,,,,,,,,,,,,,,,y,,,,,,,,,,,,,,,,,,,,,,,,,,,,,,,,,,,,,,,,,,,,,,,,,,,,,,,,,,,,,,,,,,,,,,,,,,325.8101,327.1097,y,1.2861,,1,1,8,4,1,stimuliTAFCsec/numnym005.wav,,
,,,,,520221,001,2024-05-23_15h34.34.540,mathesisv2,2024.1.3,Win32,59.88023952,,,,,,,,,,,,,,,,,x,,,,,,,,,,,,,,,,,,,,,,,,,,,,,,,,,,,,,,,,,,,,,,,,,,,,,,,,,,,,,,,,,,,,,,,,,,327.11,328.4098,u,1.2978,,1,2,9,3,1,stimuliTAFCsec/numnym004.wav,,
,,,,,520221,001,2024-05-23_15h34.34.540,mathesisv2,2024.1.3,Win32,59.88023952,,,,,,,,,,,,,,,,,y,,,,,,,,,,,,,,,,,,,,,,,,,,,,,,,,,,,,,,,,,,,,,,,,,,,,,,,,,,,,,,,,,,,,,,,,,,328.4101,329.8599,y,1.4332,,1,3,10,6,1,stimuliTAFCsec/numnym007.wav,,
,,,,,520221,001,2024-05-23_15h34.34.540,mathesisv2,2024.1.3,Win32,59.88023952,,,,,,,,,,,,,,,,,y,,,,,,,,,,,,,,,,,,,,,,,,,,,,,,,,,,,,,,,,,,,,,,,,,,,,,,,,,,,,,,,,,,,,,,,,,,329.8604,331.0934,y,1.2265,,1,4,11,5,1,stimuliTAFCsec/numnym006.wav,,
,,,,,520221,001,2024-05-23_15h34.34.540,mathesisv2,2024.1.3,Win32,59.88023952,,,,,,,,,,,,,,,,,u,,,,,,,,,,,,,,,,,,,,,,,,,,,,,,,,,,,,,,,,,,,,,,,,,,,,,,,,,,,,,,,,,,,,,,,,,,331.0936,332.2602,u,1.1629,,1,5,12,1,1,stimuliTAFCsec/numnym002.wav,,
,,,,,520221,001,2024-05-23_15h34.34.540,mathesisv2,2024.1.3,Win32,59.88023952,,,,,,,,,,,,,,,,,u,,,,,,,,,,,,,,,,,,,,,,,,,,,,,,,,,,,,,,,,,,,,,,,,,,,,,,,,,,,,,,,,,,,,,,,,,,332.2605,333.6103,u,1.3424,,1,6,13,0,1,stimuliTAFCsec/numnym001.wav,,
,,,,,520221,001,2024-05-23_15h34.34.540,mathesisv2,2024.1.3,Win32,59.88023952,,,,,,,,,,,,,,,,,y,,,,,,,,,,,,,,,,,,,,,,,,,,333.6109,335.0772,space,1.4598,,,,,,,,,,,,,,,,,,,,,,,,,,,,,,,,,,335.0798,336.7105,y,1.6261,,0,0,0,4,1,stimuliTAFCfirst/nimnym005.wav,,,,,,,,,,,,,
,,,,,520221,001,2024-05-23_15h34.34.540,mathesisv2,2024.1.3,Win32,59.88023952,,,,,,,,,,,,,,,,,e,,,,,,,,,,,,,,,,,,,,,,,,,,,,,,,,,,,,,,,,,,,,,,,,,,,,,,,,,,,,,,,336.7108,338.0438,e,1.3221,,0,1,1,1,1,stimuliTAFCfirst/nimnym002.wav,,,,,,,,,,,,,
,,,,,520221,001,2024-05-23_15h34.34.540,mathesisv2,2024.1.3,Win32,59.88023952,,,,,,,,,,,,,,,,,y,,,,,,,,,,,,,,,,,,,,,,,,,,,,,,,,,,,,,,,,,,,,,,,,,,,,,,,,,,,,,,,338.0442,339.2607,y,1.2041,,0,2,2,6,1,stimuliTAFCfirst/nimnym007.wav,,,,,,,,,,,,,
,,,,,520221,001,2024-05-23_15h34.34.540,mathesisv2,2024.1.3,Win32,59.88023952,,,,,,,,,,,,,,,,,x,,,,,,,,,,,,,,,,,,,,,,,,,,,,,,,,,,,,,,,,,,,,,,,,,,,,,,,,,,,,,,,339.2609,340.9941,e,1.7283,,0,3,3,3,1,stimuliTAFCfirst/nimnym004.wav,,,,,,,,,,,,,
,,,,,520221,001,2024-05-23_15h34.34.540,mathesisv2,2024.1.3,Win32,59.88023952,,,,,,,,,,,,,,,,,e,,,,,,,,,,,,,,,,,,,,,,,,,,,,,,,,,,,,,,,,,,,,,,,,,,,,,,,,,,,,,,,340.9944,342.4275,e,1.4311,,0,4,4,2,1,stimuliTAFCfirst/nimnym003.wav,,,,,,,,,,,,,
,,,,,520221,001,2024-05-23_15h34.34.540,mathesisv2,2024.1.3,Win32,59.88023952,,,,,,,,,,,,,,,,,e,,,,,,,,,,,,,,,,,,,,,,,,,,,,,,,,,,,,,,,,,,,,,,,,,,,,,,,,,,,,,,,342.4277,343.8443,e,1.4019,,0,5,5,0,1,stimuliTAFCfirst/nimnym001.wav,,,,,,,,,,,,,
,,,,,520221,001,2024-05-23_15h34.34.540,mathesisv2,2024.1.3,Win32,59.88023952,,,,,,,,,,,,,,,,,y,,,,,,,,,,,,,,,,,,,,,,,,,,,,,,,,,,,,,,,,,,,,,,,,,,,,,,,,,,,,,,,343.8446,345.1777,y,1.3234,,0,6,6,5,1,stimuliTAFCfirst/nimnym006.wav,,,,,,,,,,,,,
,,,,,520221,001,2024-05-23_15h34.34.540,mathesisv2,2024.1.3,Win32,59.88023952,,,,,,,,,,,,,,,,,y,,,,,,,,,,,,,,,,,,,,,,,,,,,,,,,,,,,,,,,,,,,,,,,,,,,,,,,,,,,,,,,345.1779,346.5279,y,1.3423,,1,0,7,4,1,stimuliTAFCfirst/nimnym005.wav,,,,,,,,,,,,,
,,,,,520221,001,2024-05-23_15h34.34.540,mathesisv2,2024.1.3,Win32,59.88023952,,,,,,,,,,,,,,,,,e,,,,,,,,,,,,,,,,,,,,,,,,,,,,,,,,,,,,,,,,,,,,,,,,,,,,,,,,,,,,,,,346.5282,347.8278,e,1.2949,,1,1,8,1,1,stimuliTAFCfirst/nimnym002.wav,,,,,,,,,,,,,
,,,,,520221,001,2024-05-23_15h34.34.540,mathesisv2,2024.1.3,Win32,59.88023952,,,,,,,,,,,,,,,,,y,,,,,,,,,,,,,,,,,,,,,,,,,,,,,,,,,,,,,,,,,,,,,,,,,,,,,,,,,,,,,,,347.8281,349.0446,y,1.2101,,1,2,9,6,1,stimuliTAFCfirst/nimnym007.wav,,,,,,,,,,,,,
,,,,,520221,001,2024-05-23_15h34.34.540,mathesisv2,2024.1.3,Win32,59.88023952,,,,,,,,,,,,,,,,,e,,,,,,,,,,,,,,,,,,,,,,,,,,,,,,,,,,,,,,,,,,,,,,,,,,,,,,,,,,,,,,,349.0449,350.328,e,1.2741,,1,3,10,0,1,stimuliTAFCfirst/nimnym001.wav,,,,,,,,,,,,,
,,,,,520221,001,2024-05-23_15h34.34.540,mathesisv2,2024.1.3,Win32,59.88023952,,,,,,,,,,,,,,,,,e,,,,,,,,,,,,,,,,,,,,,,,,,,,,,,,,,,,,,,,,,,,,,,,,,,,,,,,,,,,,,,,350.3283,351.8115,e,1.4729,,1,4,11,2,1,stimuliTAFCfirst/nimnym003.wav,,,,,,,,,,,,,
,,,,,520221,001,2024-05-23_15h34.34.540,mathesisv2,2024.1.3,Win32,59.88023952,,,,,,,,,,,,,,,,,x,,,,,,,,,,,,,,,,,,,,,,,,,,,,,,,,,,,,,,,,,,,,,,,,,,,,,,,,,,,,,,,351.8118,353.1115,y,1.2963,,1,5,12,3,1,stimuliTAFCfirst/nimnym004.wav,,,,,,,,,,,,,
,,,,,520221,001,2024-05-23_15h34.34.540,mathesisv2,2024.1.3,Win32,59.88023952,,,,,,,,,,,,,,,,,y,,,,,,,,,,,,,,,,,,,,,,,,,,,,,,,,,,,,,,,,,,,,,,,,,,,,,,,,,,,,,,,353.1118,354.6451,y,1.5166,,1,6,13,5,1,stimuliTAFCfirst/nimnym006.wav,,,,,,,,,,,,,
,,,,,520221,001,2024-05-23_15h34.34.540,mathesisv2,2024.1.3,Win32,59.88023952,,,,,,,,,,,,,,,,,u,354.6451,356.2619,space,1.5998,,,,,,,,,,,,,,,,,,,,,,,,,,,,,,,,,,,,,,,,,,,,,,,,,,,,,,,,,,,,,,,,,,,,,,356.2727,358.4619,u,2.1795,,0,0,0,0,1,stimuliTAFCsec/numnym001.wav,,
,,,,,520221,001,2024-05-23_15h34.34.540,mathesisv2,2024.1.3,Win32,59.88023952,,,,,,,,,,,,,,,,,u,,,,,,,,,,,,,,,,,,,,,,,,,,,,,,,,,,,,,,,,,,,,,,,,,,,,,,,,,,,,,,,,,,,,,,,,,,358.4623,360.1121,u,1.6338,,0,1,1,2,1,stimuliTAFCsec/numnym003.wav,,
,,,,,520221,001,2024-05-23_15h34.34.540,mathesisv2,2024.1.3,Win32,59.88023952,,,,,,,,,,,,,,,,,y,,,,,,,,,,,,,,,,,,,,,,,,,,,,,,,,,,,,,,,,,,,,,,,,,,,,,,,,,,,,,,,,,,,,,,,,,,360.1124,361.4122,y,1.2951,,0,2,2,4,1,stimuliTAFCsec/numnym005.wav,,
,,,,,520221,001,2024-05-23_15h34.34.540,mathesisv2,2024.1.3,Win32,59.88023952,,,,,,,,,,,,,,,,,y,,,,,,,,,,,,,,,,,,,,,,,,,,,,,,,,,,,,,,,,,,,,,,,,,,,,,,,,,,,,,,,,,,,,,,,,,,361.4124,362.8623,y,1.437,,0,3,3,5,1,stimuliTAFCsec/numnym006.wav,,
,,,,,520221,001,2024-05-23_15h34.34.540,mathesisv2,2024.1.3,Win32,59.88023952,,,,,,,,,,,,,,,,,x,,,,,,,,,,,,,,,,,,,,,,,,,,,,,,,,,,,,,,,,,,,,,,,,,,,,,,,,,,,,,,,,,,,,,,,,,,362.8626,364.3291,u,1.4554,,0,4,4,3,1,stimuliTAFCsec/numnym004.wav,,
,,,,,520221,001,2024-05-23_15h34.34.540,mathesisv2,2024.1.3,Win32,59.88023952,,,,,,,,,,,,,,,,,y,,,,,,,,,,,,,,,,,,,,,,,,,,,,,,,,,,,,,,,,,,,,,,,,,,,,,,,,,,,,,,,,,,,,,,,,,,364.3293,365.8624,u,1.5268,,0,5,5,6,1,stimuliTAFCsec/numnym007.wav,,
,,,,,520221,001,2024-05-23_15h34.34.540,mathesisv2,2024.1.3,Win32,59.88023952,,,,,,,,,,,,,,,,,u,,,,,,,,,,,,,,,,,,,,,,,,,,,,,,,,,,,,,,,,,,,,,,,,,,,,,,,,,,,,,,,,,,,,,,,,,,365.8627,367.346,y,1.4725,,0,6,6,1,1,stimuliTAFCsec/numnym002.wav,,
,,,,,520221,001,2024-05-23_15h34.34.540,mathesisv2,2024.1.3,Win32,59.88023952,,,,,,,,,,,,,,,,,u,,,,,,,,,,,,,,,,,,,,,,,,,,,,,,,,,,,,,,,,,,,,,,,,,,,,,,,,,,,,,,,,,,,,,,,,,,367.3463,368.8294,y,1.4808,,1,0,7,1,1,stimuliTAFCsec/numnym002.wav,,
,,,,,520221,001,2024-05-23_15h34.34.540,mathesisv2,2024.1.3,Win32,59.88023952,,,,,,,,,,,,,,,,,u,,,,,,,,,,,,,,,,,,,,,,,,,,,,,,,,,,,,,,,,,,,,,,,,,,,,,,,,,,,,,,,,,,,,,,,,,,368.8296,370.2461,y,1.4126,,1,1,8,2,1,stimuliTAFCsec/numnym003.wav,,
,,,,,520221,001,2024-05-23_15h34.34.540,mathesisv2,2024.1.3,Win32,59.88023952,,,,,,,,,,,,,,,,,y,,,,,,,,,,,,,,,,,,,,,,,,,,,,,,,,,,,,,,,,,,,,,,,,,,,,,,,,,,,,,,,,,,,,,,,,,,370.2464,371.6796,u,1.426,,1,2,9,5,1,stimuliTAFCsec/numnym006.wav,,
,,,,,520221,001,2024-05-23_15h34.34.540,mathesisv2,2024.1.3,Win32,59.88023952,,,,,,,,,,,,,,,,,u,,,,,,,,,,,,,,,,,,,,,,,,,,,,,,,,,,,,,,,,,,,,,,,,,,,,,,,,,,,,,,,,,,,,,,,,,,371.6798,373.0797,y,1.3882,,1,3,10,0,1,stimuliTAFCsec/numnym001.wav,,
,,,,,520221,001,2024-05-23_15h34.34.540,mathesisv2,2024.1.3,Win32,59.88023952,,,,,,,,,,,,,,,,,y,,,,,,,,,,,,,,,,,,,,,,,,,,,,,,,,,,,,,,,,,,,,,,,,,,,,,,,,,,,,,,,,,,,,,,,,,,373.0799,374.4798,u,1.3908,,1,4,11,4,1,stimuliTAFCsec/numnym005.wav,,
,,,,,520221,001,2024-05-23_15h34.34.540,mathesisv2,2024.1.3,Win32,59.88023952,,,,,,,,,,,,,,,,,x,,,,,,,,,,,,,,,,,,,,,,,,,,,,,,,,,,,,,,,,,,,,,,,,,,,,,,,,,,,,,,,,,,,,,,,,,,374.4801,375.9633,u,1.4683,,1,5,12,3,1,stimuliTAFCsec/numnym004.wav,,
,,,,,520221,001,2024-05-23_15h34.34.540,mathesisv2,2024.1.3,Win32,59.88023952,,,,,,,,,,,,,,,,,y,,,,,,,,,,,,,,,,,,,,,,,,,,,,,,,,,,,,,,,,,,,,,,,,,,,,,,,,,,,,,,,,,,,,,,,,,,375.9635,377.3633,u,1.3929,,1,6,13,6,1,stimuliTAFCsec/numnym007.wav,,
,,,,,520221,001,2024-05-23_15h34.34.540,mathesisv2,2024.1.3,Win32,59.88023952,,,,,,,,,,,,,,,,,x,,,,,,,,,,,,,,,,,,,,,,,,,,377.3634,380.047,space,2.6768,,,,,,,,,,,,,,,,,,,,,,,,,,,,,,,,,,380.0578,381.4637,e,1.3933,,0,0,0,3,1,stimuliTAFCfirst/nimnym004.wav,,,,,,,,,,,,,
,,,,,520221,001,2024-05-23_15h34.34.540,mathesisv2,2024.1.3,Win32,59.88023952,,,,,,,,,,,,,,,,,y,,,,,,,,,,,,,,,,,,,,,,,,,,,,,,,,,,,,,,,,,,,,,,,,,,,,,,,,,,,,,,,381.4639,383.0804,e,1.6046,,0,1,1,4,1,stimuliTAFCfirst/nimnym005.wav,,,,,,,,,,,,,
,,,,,520221,001,2024-05-23_15h34.34.540,mathesisv2,2024.1.3,Win32,59.88023952,,,,,,,,,,,,,,,,,e,,,,,,,,,,,,,,,,,,,,,,,,,,,,,,,,,,,,,,,,,,,,,,,,,,,,,,,,,,,,,,,383.0806,384.8305,e,1.7376,,0,2,2,0,1,stimuliTAFCfirst/nimnym001.wav,,,,,,,,,,,,,
,,,,,520221,001,2024-05-23_15h34.34.540,mathesisv2,2024.1.3,Win32,59.88023952,,,,,,,,,,,,,,,,,y,,,,,,,,,,,,,,,,,,,,,,,,,,,,,,,,,,,,,,,,,,,,,,,,,,,,,,,,,,,,,,,384.8308,387.0641,y,2.2284,,0,3,3,5,1,stimuliTAFCfirst/nimnym006.wav,,,,,,,,,,,,,
,,,,,520221,001,2024-05-23_15h34.34.540,mathesisv2,2024.1.3,Win32,59.88023952,,,,,,,,,,,,,,,,,e,,,,,,,,,,,,,,,,,,,,,,,,,,,,,,,,,,,,,,,,,,,,,,,,,,,,,,,,,,,,,,,387.0643,388.6475,e,1.5667,,0,4,4,2,1,stimuliTAFCfirst/nimnym003.wav,,,,,,,,,,,,,
,,,,,520221,001,2024-05-23_15h34.34.540,mathesisv2,2024.1.3,Win32,59.88023952,,,,,,,,,,,,,,,,,y,,,,,,,,,,,,,,,,,,,,,,,,,,,,,,,,,,,,,,,,,,,,,,,,,,,,,,,,,,,,,,,388.6478,390.081,y,1.4212,,0,5,5,6,1,stimuliTAFCfirst/nimnym007.wav,,,,,,,,,,,,,
,,,,,520221,001,2024-05-23_15h34.34.540,mathesisv2,2024.1.3,Win32,59.88023952,,,,,,,,,,,,,,,,,e,,,,,,,,,,,,,,,,,,,,,,,,,,,,,,,,,,,,,,,,,,,,,,,,,,,,,,,,,,,,,,,390.0813,391.531,e,1.445,,0,6,6,1,1,stimuliTAFCfirst/nimnym002.wav,,,,,,,,,,,,,
,,,,,520221,001,2024-05-23_15h34.34.540,mathesisv2,2024.1.3,Win32,59.88023952,,,,,,,,,,,,,,,,,e,,,,,,,,,,,,,,,,,,,,,,,,,,,,,,,,,,,,,,,,,,,,,,,,,,,,,,,,,,,,,,,391.5313,392.9644,e,1.4181,,1,0,7,1,1,stimuliTAFCfirst/nimnym002.wav,,,,,,,,,,,,,
,,,,,520221,001,2024-05-23_15h34.34.540,mathesisv2,2024.1.3,Win32,59.88023952,,,,,,,,,,,,,,,,,y,,,,,,,,,,,,,,,,,,,,,,,,,,,,,,,,,,,,,,,,,,,,,,,,,,,,,,,,,,,,,,,392.9646,394.3481,y,1.3786,,1,1,8,5,1,stimuliTAFCfirst/nimnym006.wav,,,,,,,,,,,,,
,,,,,520221,001,2024-05-23_15h34.34.540,mathesisv2,2024.1.3,Win32,59.88023952,,,,,,,,,,,,,,,,,x,,,,,,,,,,,,,,,,,,,,,,,,,,,,,,,,,,,,,,,,,,,,,,,,,,,,,,,,,,,,,,,394.3484,396.1979,e,1.8369,,1,2,9,3,1,stimuliTAFCfirst/nimnym004.wav,,,,,,,,,,,,,
,,,,,520221,001,2024-05-23_15h34.34.540,mathesisv2,2024.1.3,Win32,59.88023952,,,,,,,,,,,,,,,,,e,,,,,,,,,,,,,,,,,,,,,,,,,,,,,,,,,,,,,,,,,,,,,,,,,,,,,,,,,,,,,,,396.1982,397.7481,e,1.5428,,1,3,10,0,1,stimuliTAFCfirst/nimnym001.wav,,,,,,,,,,,,,
,,,,,520221,001,2024-05-23_15h34.34.540,mathesisv2,2024.1.3,Win32,59.88023952,,,,,,,,,,,,,,,,,y,,,,,,,,,,,,,,,,,,,,,,,,,,,,,,,,,,,,,,,,,,,,,,,,,,,,,,,,,,,,,,,397.7483,399.2649,y,1.5011,,1,4,11,4,1,stimuliTAFCfirst/nimnym005.wav,,,,,,,,,,,,,
,,,,,520221,001,2024-05-23_15h34.34.540,mathesisv2,2024.1.3,Win32,59.88023952,,,,,,,,,,,,,,,,,y,,,,,,,,,,,,,,,,,,,,,,,,,,,,,,,,,,,,,,,,,,,,,,,,,,,,,,,,,,,,,,,399.2652,400.765,y,1.496,,1,5,12,6,1,stimuliTAFCfirst/nimnym007.wav,,,,,,,,,,,,,
,,,,,520221,001,2024-05-23_15h34.34.540,mathesisv2,2024.1.3,Win32,59.88023952,,,,,,,,,,,,,,,,,e,,,,,,,,,,,,,,,,,,,,,,,,,,,,,,,,,,,,,,,,,,,,,,,,,,,,,,,,,,,,,,,400.7652,402.1318,e,1.3589,,1,6,13,2,1,stimuliTAFCfirst/nimnym003.wav,,,,,,,,,,,,,
,,,,,520221,001,2024-05-23_15h34.34.540,mathesisv2,2024.1.3,Win32,59.88023952,,,,,,,,,,,,,,,,,y,402.1318,403.6987,space,1.5582,,,,,,,,,,,,,,,,,,,,,,,,,,,,,,,,,,,,,,,,,,,,,,,,,,,,,,,,,,,,,,,,,,,,,,403.7008,405.4154,u,1.7087,,0,0,0,5,1,stimuliTAFCsec/numnym006.wav,,
,,,,,520221,001,2024-05-23_15h34.34.540,mathesisv2,2024.1.3,Win32,59.88023952,,,,,,,,,,,,,,,,,u,,,,,,,,,,,,,,,,,,,,,,,,,,,,,,,,,,,,,,,,,,,,,,,,,,,,,,,,,,,,,,,,,,,,,,,,,,405.4156,406.9322,u,1.5,,0,1,1,2,1,stimuliTAFCsec/numnym003.wav,,
,,,,,520221,001,2024-05-23_15h34.34.540,mathesisv2,2024.1.3,Win32,59.88023952,,,,,,,,,,,,,,,,,x,,,,,,,,,,,,,,,,,,,,,,,,,,,,,,,,,,,,,,,,,,,,,,,,,,,,,,,,,,,,,,,,,,,,,,,,,,406.9326,409.0155,u,2.0776,,0,2,2,3,1,stimuliTAFCsec/numnym004.wav,,
,,,,,520221,001,2024-05-23_15h34.34.540,mathesisv2,2024.1.3,Win32,59.88023952,,,,,,,,,,,,,,,,,u,,,,,,,,,,,,,,,,,,,,,,,,,,,,,,,,,,,,,,,,,,,,,,,,,,,,,,,,,,,,,,,,,,,,,,,,,,409.0158,410.8324,y,1.8035,,0,3,3,0,1,stimuliTAFCsec/numnym001.wav,,
,,,,,520221,001,2024-05-23_15h34.34.540,mathesisv2,2024.1.3,Win32,59.88023952,,,,,,,,,,,,,,,,,y,,,,,,,,,,,,,,,,,,,,,,,,,,,,,,,,,,,,,,,,,,,,,,,,,,,,,,,,,,,,,,,,,,,,,,,,,,410.8326,412.5658,y,1.7197,,0,4,4,6,1,stimuliTAFCsec/numnym007.wav,,
,,,,,520221,001,2024-05-23_15h34.34.540,mathesisv2,2024.1.3,Win32,59.88023952,,,,,,,,,,,,,,,,,u,,,,,,,,,,,,,,,,,,,,,,,,,,,,,,,,,,,,,,,,,,,,,,,,,,,,,,,,,,,,,,,,,,,,,,,,,,412.5661,414.0159,u,1.4335,,0,5,5,1,1,stimuliTAFCsec/numnym002.wav,,
,,,,,520221,001,2024-05-23_15h34.34.540,mathesisv2,2024.1.3,Win32,59.88023952,,,,,,,,,,,,,,,,,y,,,,,,,,,,,,,,,,,,,,,,,,,,,,,,,,,,,,,,,,,,,,,,,,,,,,,,,,,,,,,,,,,,,,,,,,,,414.0162,415.466,y,1.4411,,0,6,6,4,1,stimuliTAFCsec/numnym005.wav,,
,,,,,520221,001,2024-05-23_15h34.34.540,mathesisv2,2024.1.3,Win32,59.88023952,,,,,,,,,,,,,,,,,y,,,,,,,,,,,,,,,,,,,,,,,,,,,,,,,,,,,,,,,,,,,,,,,,,,,,,,,,,,,,,,,,,,,,,,,,,,415.4664,416.8828,y,1.4127,,1,0,7,5,1,stimuliTAFCsec/numnym006.wav,,
,,,,,520221,001,2024-05-23_15h34.34.540,mathesisv2,2024.1.3,Win32,59.88023952,,,,,,,,,,,,,,,,,u,,,,,,,,,,,,,,,,,,,,,,,,,,,,,,,,,,,,,,,,,,,,,,,,,,,,,,,,,,,,,,,,,,,,,,,,,,416.883,418.1996,u,1.3024,,1,1,8,2,1,stimuliTAFCsec/numnym003.wav,,
,,,,,520221,001,2024-05-23_15h34.34.540,mathesisv2,2024.1.3,Win32,59.88023952,,,,,,,,,,,,,,,,,x,,,,,,,,,,,,,,,,,,,,,,,,,,,,,,,,,,,,,,,,,,,,,,,,,,,,,,,,,,,,,,,,,,,,,,,,,,418.1999,419.583,u,1.3718,,1,2,9,3,1,stimuliTAFCsec/numnym004.wav,,
,,,,,520221,001,2024-05-23_15h34.34.540,mathesisv2,2024.1.3,Win32,59.88023952,,,,,,,,,,,,,,,,,u,,,,,,,,,,,,,,,,,,,,,,,,,,,,,,,,,,,,,,,,,,,,,,,,,,,,,,,,,,,,,,,,,,,,,,,,,,419.5833,420.9498,u,1.3565,,1,3,10,1,1,stimuliTAFCsec/numnym002.wav,,
,,,,,520221,001,2024-05-23_15h34.34.540,mathesisv2,2024.1.3,Win32,59.88023952,,,,,,,,,,,,,,,,,y,,,,,,,,,,,,,,,,,,,,,,,,,,,,,,,,,,,,,,,,,,,,,,,,,,,,,,,,,,,,,,,,,,,,,,,,,,420.9501,422.1998,y,1.2391,,1,4,11,6,1,stimuliTAFCsec/numnym007.wav,,
,,,,,520221,001,2024-05-23_15h34.34.540,mathesisv2,2024.1.3,Win32,59.88023952,,,,,,,,,,,,,,,,,y,,,,,,,,,,,,,,,,,,,,,,,,,,,,,,,,,,,,,,,,,,,,,,,,,,,,,,,,,,,,,,,,,,,,,,,,,,422.2001,423.7833,y,1.5704,,1,5,12,4,1,stimuliTAFCsec/numnym005.wav,,
,,,,,520221,001,2024-05-23_15h34.34.540,mathesisv2,2024.1.3,Win32,59.88023952,,,,,,,,,,,,,,,,,u,,,,,,,,,,,,,,,,,,,,,,,,,,,,,,,,,,,,,,,,,,,,,,,,,,,,,,,,,,,,,,,,,,,,,,,,,,423.7835,425.25,u,1.4575,,1,6,13,0,1,stimuliTAFCsec/numnym001.wav,,
,,,,,520221,001,2024-05-23_15h34.34.540,mathesisv2,2024.1.3,Win32,59.88023952,,,,,,,,,,,,,,,,,x,,,,,,,,,,,,,,,,,,,,,,,,,,425.2501,427.5338,space,2.2794,,,,,,,,,,,,,,,,,,,,,,,,,,,,,,,,,,427.5362,429.1837,e,1.6319,,0,0,0,3,1,stimuliTAFCfirst/nimnym004.wav,,,,,,,,,,,,,
,,,,,520221,001,2024-05-23_15h34.34.540,mathesisv2,2024.1.3,Win32,59.88023952,,,,,,,,,,,,,,,,,y,,,,,,,,,,,,,,,,,,,,,,,,,,,,,,,,,,,,,,,,,,,,,,,,,,,,,,,,,,,,,,,429.184,430.7338,e,1.5357,,0,1,1,4,1,stimuliTAFCfirst/nimnym005.wav,,,,,,,,,,,,,
,,,,,520221,001,2024-05-23_15h34.34.540,mathesisv2,2024.1.3,Win32,59.88023952,,,,,,,,,,,,,,,,,e,,,,,,,,,,,,,,,,,,,,,,,,,,,,,,,,,,,,,,,,,,,,,,,,,,,,,,,,,,,,,,,430.7341,432.3173,e,1.5807,,0,2,2,0,1,stimuliTAFCfirst/nimnym001.wav,,,,,,,,,,,,,
,,,,,520221,001,2024-05-23_15h34.34.540,mathesisv2,2024.1.3,Win32,59.88023952,,,,,,,,,,,,,,,,,e,,,,,,,,,,,,,,,,,,,,,,,,,,,,,,,,,,,,,,,,,,,,,,,,,,,,,,,,,,,,,,,432.3175,433.8673,e,1.5434,,0,3,3,2,1,stimuliTAFCfirst/nimnym003.wav,,,,,,,,,,,,,
,,,,,520221,001,2024-05-23_15h34.34.540,mathesisv2,2024.1.3,Win32,59.88023952,,,,,,,,,,,,,,,,,y,,,,,,,,,,,,,,,,,,,,,,,,,,,,,,,,,,,,,,,,,,,,,,,,,,,,,,,,,,,,,,,433.8676,435.3174,y,1.4397,,0,4,4,5,1,stimuliTAFCfirst/nimnym006.wav,,,,,,,,,,,,,
,,,,,520221,001,2024-05-23_15h34.34.540,mathesisv2,2024.1.3,Win32,59.88023952,,,,,,,,,,,,,,,,,y,,,,,,,,,,,,,,,,,,,,,,,,,,,,,,,,,,,,,,,,,,,,,,,,,,,,,,,,,,,,,,,435.3177,436.7842,y,1.4608,,0,5,5,6,1,stimuliTAFCfirst/nimnym007.wav,,,,,,,,,,,,,
,,,,,520221,001,2024-05-23_15h34.34.540,mathesisv2,2024.1.3,Win32,59.88023952,,,,,,,,,,,,,,,,,e,,,,,,,,,,,,,,,,,,,,,,,,,,,,,,,,,,,,,,,,,,,,,,,,,,,,,,,,,,,,,,,436.7845,438.2344,e,1.4439,,0,6,6,1,1,stimuliTAFCfirst/nimnym002.wav,,,,,,,,,,,,,
,,,,,520221,001,2024-05-23_15h34.34.540,mathesisv2,2024.1.3,Win32,59.88023952,,,,,,,,,,,,,,,,,y,,,,,,,,,,,,,,,,,,,,,,,,,,,,,,,,,,,,,,,,,,,,,,,,,,,,,,,,,,,,,,,438.2347,439.6511,y,1.4009,,1,0,7,4,1,stimuliTAFCfirst/nimnym005.wav,,,,,,,,,,,,,
,,,,,520221,001,2024-05-23_15h34.34.540,mathesisv2,2024.1.3,Win32,59.88023952,,,,,,,,,,,,,,,,,y,,,,,,,,,,,,,,,,,,,,,,,,,,,,,,,,,,,,,,,,,,,,,,,,,,,,,,,,,,,,,,,439.6513,441.4845,y,1.8249,,1,1,8,6,1,stimuliTAFCfirst/nimnym007.wav,,,,,,,,,,,,,
,,,,,520221,001,2024-05-23_15h34.34.540,mathesisv2,2024.1.3,Win32,59.88023952,,,,,,,,,,,,,,,,,e,,,,,,,,,,,,,,,,,,,,,,,,,,,,,,,,,,,,,,,,,,,,,,,,,,,,,,,,,,,,,,,441.4849,443.0347,e,1.5411,,1,2,9,0,1,stimuliTAFCfirst/nimnym001.wav,,,,,,,,,,,,,
,,,,,520221,001,2024-05-23_15h34.34.540,mathesisv2,2024.1.3,Win32,59.88023952,,,,,,,,,,,,,,,,,y,,,,,,,,,,,,,,,,,,,,,,,,,,,,,,,,,,,,,,,,,,,,,,,,,,,,,,,,,,,,,,,443.0349,444.4514,y,1.4041,,1,3,10,5,1,stimuliTAFCfirst/nimnym006.wav,,,,,,,,,,,,,
,,,,,520221,001,2024-05-23_15h34.34.540,mathesisv2,2024.1.3,Win32,59.88023952,,,,,,,,,,,,,,,,,x,,,,,,,,,,,,,,,,,,,,,,,,,,,,,,,,,,,,,,,,,,,,,,,,,,,,,,,,,,,,,,,444.4517,446.2849,e,1.8166,,1,4,11,3,1,stimuliTAFCfirst/nimnym004.wav,,,,,,,,,,,,,
,,,,,520221,001,2024-05-23_15h34.34.540,mathesisv2,2024.1.3,Win32,59.88023952,,,,,,,,,,,,,,,,,e,,,,,,,,,,,,,,,,,,,,,,,,,,,,,,,,,,,,,,,,,,,,,,,,,,,,,,,,,,,,,,,446.2851,447.8351,e,1.5466,,1,5,12,1,1,stimuliTAFCfirst/nimnym002.wav,,,,,,,,,,,,,
,,,,,520221,001,2024-05-23_15h34.34.540,mathesisv2,2024.1.3,Win32,59.88023952,,,,,,,,,,,,,,,,,e,,,,,,,,,,,,,,,,,,,,,,,,,,,,,,,,,,,,,,,,,,,,,,,,,,,,,,,,,,,,,,,447.8355,449.3018,e,1.4619,,1,6,13,2,1,stimuliTAFCfirst/nimnym003.wav,,,,,,,,,,,,,
,,,,,520221,001,2024-05-23_15h34.34.540,mathesisv2,2024.1.3,Win32,59.88023952,,,,,,,,,,,,,,,,,u,449.3018,451.102,space,1.7833,,,,,,,,,,,,,,,,,,,,,,,,,,,,,,,,,,,,,,,,,,,,,,,,,,,,,,,,,,,,,,,,,,,,,,451.1039,453.302,u,2.193,,0,0,0,2,1,stimuliTAFCsec/numnym003.wav,,
,,,,,520221,001,2024-05-23_15h34.34.540,mathesisv2,2024.1.3,Win32,59.88023952,,,,,,,,,,,,,,,,,u,,,,,,,,,,,,,,,,,,,,,,,,,,,,,,,,,,,,,,,,,,,,,,,,,,,,,,,,,,,,,,,,,,,,,,,,,,453.3024,454.9522,u,1.6459,,0,1,1,1,1,stimuliTAFCsec/numnym002.wav,,
,,,,,520221,001,2024-05-23_15h34.34.540,mathesisv2,2024.1.3,Win32,59.88023952,,,,,,,,,,,,,,,,,x,,,,,,,,,,,,,,,,,,,,,,,,,,,,,,,,,,,,,,,,,,,,,,,,,,,,,,,,,,,,,,,,,,,,,,,,,,454.9524,456.6024,y,1.6456,,0,2,2,3,1,stimuliTAFCsec/numnym004.wav,,
,,,,,520221,001,2024-05-23_15h34.34.540,mathesisv2,2024.1.3,Win32,59.88023952,,,,,,,,,,,,,,,,,y,,,,,,,,,,,,,,,,,,,,,,,,,,,,,,,,,,,,,,,,,,,,,,,,,,,,,,,,,,,,,,,,,,,,,,,,,,456.6026,458.1357,y,1.5269,,0,3,3,5,1,stimuliTAFCsec/numnym006.wav,,
,,,,,520221,001,2024-05-23_15h34.34.540,mathesisv2,2024.1.3,Win32,59.88023952,,,,,,,,,,,,,,,,,y,,,,,,,,,,,,,,,,,,,,,,,,,,,,,,,,,,,,,,,,,,,,,,,,,,,,,,,,,,,,,,,,,,,,,,,,,,458.136,459.6525,y,1.5066,,0,4,4,6,1,stimuliTAFCsec/numnym007.wav,,
,,,,,520221,001,2024-05-23_15h34.34.540,mathesisv2,2024.1.3,Win32,59.88023952,,,,,,,,,,,,,,,,,u,,,,,,,,,,,,,,,,,,,,,,,,,,,,,,,,,,,,,,,,,,,,,,,,,,,,,,,,,,,,,,,,,,,,,,,,,,459.6527,461.1193,u,1.4582,,0,5,5,0,1,stimuliTAFCsec/numnym001.wav,,
,,,,,520221,001,2024-05-23_15h34.34.540,mathesisv2,2024.1.3,Win32,59.88023952,,,,,,,,,,,,,,,,,y,,,,,,,,,,,,,,,,,,,,,,,,,,,,,,,,,,,,,,,,,,,,,,,,,,,,,,,,,,,,,,,,,,,,,,,,,,461.1196,462.5027,y,1.3687,,0,6,6,4,1,stimuliTAFCsec/numnym005.wav,,
,,,,,520221,001,2024-05-23_15h34.34.540,mathesisv2,2024.1.3,Win32,59.88023952,,,,,,,,,,,,,,,,,u,,,,,,,,,,,,,,,,,,,,,,,,,,,,,,,,,,,,,,,,,,,,,,,,,,,,,,,,,,,,,,,,,,,,,,,,,,462.5031,464.003,u,1.4848,,1,0,7,1,1,stimuliTAFCsec/numnym002.wav,,
,,,,,520221,001,2024-05-23_15h34.34.540,mathesisv2,2024.1.3,Win32,59.88023952,,,,,,,,,,,,,,,,,y,,,,,,,,,,,,,,,,,,,,,,,,,,,,,,,,,,,,,,,,,,,,,,,,,,,,,,,,,,,,,,,,,,,,,,,,,,464.0033,465.3863,y,1.3673,,1,1,8,4,1,stimuliTAFCsec/numnym005.wav,,
,,,,,520221,001,2024-05-23_15h34.34.540,mathesisv2,2024.1.3,Win32,59.88023952,,,,,,,,,,,,,,,,,x,,,,,,,,,,,,,,,,,,,,,,,,,,,,,,,,,,,,,,,,,,,,,,,,,,,,,,,,,,,,,,,,,,,,,,,,,,465.3865,466.7364,u,1.3426,,1,2,9,3,1,stimuliTAFCsec/numnym004.wav,,
,,,,,520221,001,2024-05-23_15h34.34.540,mathesisv2,2024.1.3,Win32,59.88023952,,,,,,,,,,,,,,,,,y,,,,,,,,,,,,,,,,,,,,,,,,,,,,,,,,,,,,,,,,,,,,,,,,,,,,,,,,,,,,,,,,,,,,,,,,,,466.7366,468.1032,y,1.3521,,1,3,10,6,1,stimuliTAFCsec/numnym007.wav,,
,,,,,520221,001,2024-05-23_15h34.34.540,mathesisv2,2024.1.3,Win32,59.88023952,,,,,,,,,,,,,,,,,y,,,,,,,,,,,,,,,,,,,,,,,,,,,,,,,,,,,,,,,,,,,,,,,,,,,,,,,,,,,,,,,,,,,,,,,,,,468.1034,469.5532,y,1.4446,,1,4,11,5,1,stimuliTAFCsec/numnym006.wav,,
,,,,,520221,001,2024-05-23_15h34.34.540,mathesisv2,2024.1.3,Win32,59.88023952,,,,,,,,,,,,,,,,,u,,,,,,,,,,,,,,,,,,,,,,,,,,,,,,,,,,,,,,,,,,,,,,,,,,,,,,,,,,,,,,,,,,,,,,,,,,469.5535,470.8532,u,1.2928,,1,5,12,0,1,stimuliTAFCsec/numnym001.wav,,
,,,,,520221,001,2024-05-23_15h34.34.540,mathesisv2,2024.1.3,Win32,59.88023952,,,,,,,,,,,,,,,,,u,,,,,,,,,,,,,,,,,,,,,,,,,,,,,,,,,,,,,,,,,,,,,,,,,,,,,,,,,,,,,,,,,,,,,,,,,,470.8536,472.4868,u,1.6268,,1,6,13,2,1,stimuliTAFCsec/numnym003.wav,,
,,,,,520221,001,2024-05-23_15h34.34.540,mathesisv2,2024.1.3,Win32,59.88023952,,,,,,,,,,,,,,,,,,,,,,,,,,,,,,,,,,,,,,,,,,,472.4869,474.0537,space,1.5524,,,,,,,,,,,,,,,,,,,,,,,,,,,,,,,,,,,,,,,,,,,,,,,,,,,,,,,,474.0629,479.0543
