﻿inst_test.started,inst_test.stopped,key_resptest.keys,key_resptest.rt,key_resptest.duration,participant,session,date,expName,psychopyVersion,OS,frameRate,AXBteststimuli.started,AXBteststimuli.stopped,slider_7.response,slider_7.rt,trials.thisRepN,trials.thisTrialN,trials.thisN,trials.thisIndex,trials.ran,AXBtest,attentioncheck_test.started,attentioncheck_test.stopped,slider.response,slider.rt,inst01.started,inst01.stopped,key_respinst01.keys,key_respinst01.rt,key_respinst01.duration,AXBstimuli01.started,AXBstimuli01.stopped,slider_8.response,slider_8.rt,trials_2.thisRepN,trials_2.thisTrialN,trials_2.thisN,trials_2.thisIndex,trials_2.ran,AXBstimuli,Correct,pause01.started,pause01.stopped,key_resp.keys,key_resp.rt,key_resp.duration,trials_3.thisRepN,trials_3.thisTrialN,trials_3.thisN,trials_3.thisIndex,trials_3.ran,attentioncheck01.started,attentioncheck01.stopped,slider_2.response,slider_2.rt,key_resp_5.keys,key_resp_5.rt,key_resp_5.duration,trials_4.thisRepN,trials_4.thisTrialN,trials_4.thisN,trials_4.thisIndex,trials_4.ran,trials_5.thisRepN,trials_5.thisTrialN,trials_5.thisN,trials_5.thisIndex,trials_5.ran,attentioncheck02.started,attentioncheck02.stopped,key_resp_6.keys,key_resp_6.rt,key_resp_6.duration,button.numClicks,button.timesOn,button.timesOff,trials_6.thisRepN,trials_6.thisTrialN,trials_6.thisN,trials_6.thisIndex,trials_6.ran,trials_7.thisRepN,trials_7.thisTrialN,trials_7.thisN,trials_7.thisIndex,trials_7.ran,attentioncheck03.started,attentioncheck03.stopped,slider_3.response,slider_3.rt,trials_8.thisRepN,trials_8.thisTrialN,trials_8.thisN,trials_8.thisIndex,trials_8.ran,inst_test2.started,inst_test2.stopped,key_resp_2.keys,key_resp_2.rt,key_resp_2.duration,routine_2AFCteststimuli.started,routine_2AFCteststimuli.stopped,slider_9.response,slider_9.rt,trials_17.thisRepN,trials_17.thisTrialN,trials_17.thisN,trials_17.thisIndex,trials_17.ran,TAFCteststimuli,attentioncheck_test2.started,attentioncheck_test2.stopped,slider_4.response,slider_4.rt,inst02.started,inst02.stopped,key_resp_3.keys,key_resp_3.rt,key_resp_3.duration,routine_2AFCstimuli01.started,routine_2AFCstimuli01.stopped,slider_10.response,slider_10.rt,trials_9.thisRepN,trials_9.thisTrialN,trials_9.thisN,trials_9.thisIndex,trials_9.ran,TAFCstimuli01,attentioncheck04.started,attentioncheck04.stopped,slider_6.response,slider_6.rt,key_resp_9.keys,trials_10.thisRepN,trials_10.thisTrialN,trials_10.thisN,trials_10.thisIndex,trials_10.ran,trials_11.thisRepN,trials_11.thisTrialN,trials_11.thisN,trials_11.thisIndex,trials_11.ran,trials_12.thisRepN,trials_12.thisTrialN,trials_12.thisN,trials_12.thisIndex,trials_12.ran,routine_2AFCstimuli02.started,routine_2AFCstimuli02.stopped,slider_11.response,slider_11.rt,trials_13.thisRepN,trials_13.thisTrialN,trials_13.thisN,trials_13.thisIndex,trials_13.ran,TAFCstimuli02,attentioncheck05.started,attentioncheck05.stopped,key_resp_8.keys,key_resp_8.rt,key_resp_8.duration,slider_5.response,slider_5.rt,trials_14.thisRepN,trials_14.thisTrialN,trials_14.thisN,trials_14.thisIndex,trials_14.ran,trials_15.thisRepN,trials_15.thisTrialN,trials_15.thisN,trials_15.thisIndex,trials_15.ran,attentioncheck06.started,attentioncheck06.stopped,button_2.numClicks,button_2.timesOn,button_2.timesOff,key_resp_7.keys,trials_16.thisRepN,trials_16.thisTrialN,trials_16.thisN,trials_16.thisIndex,trials_16.ran,thankyou.started,thankyou.stopped,key_resp_4.keys,key_resp_4.rt,key_resp_4.duration
0.0001,1.7152,space,1.7008,,31,001,2024-05-21_19h46.42.787,AXB:2AFC Experiments (16.05.2024),2024.1.3,MacIntel,128.2051282,,,,,,,,,,,,,,,,,,,,,,,,,,,,,,,,,,,,,,,,,,,,,,,,,,,,,,,,,,,,,,,,,,,,,,,,,,,,,,,,,,,,,,,,,,,,,,,,,,,,,,,,,,,,,,,,,,,,,,,,,,,,,,,,,,,,,,,,,,,,,,,,,,,,,,,,,,,,,,,,,,,,,,,,,,,,,,,,,,,,,
,,,,,31,001,2024-05-21_19h46.42.787,AXB:2AFC Experiments (16.05.2024),2024.1.3,MacIntel,128.2051282,1.7323,28.7654,2,27.0315,0,0,0,3,1,AXBstimuli/yyustimulus.wav,,,,,,,,,,,,,,,,,,,,,,,,,,,,,,,,,,,,,,,,,,,,,,,,,,,,,,,,,,,,,,,,,,,,,,,,,,,,,,,,,,,,,,,,,,,,,,,,,,,,,,,,,,,,,,,,,,,,,,,,,,,,,,,,,,,,,,,,,,,,,,,,,,,,,,,,,,,,,,,,,,,,,,,,,,,
,,,,,31,001,2024-05-21_19h46.42.787,AXB:2AFC Experiments (16.05.2024),2024.1.3,MacIntel,128.2051282,28.7658,33.874,2,5.1033,0,1,1,0,1,AXBstimuli/iiystimulus.wav,,,,,,,,,,,,,,,,,,,,,,,,,,,,,,,,,,,,,,,,,,,,,,,,,,,,,,,,,,,,,,,,,,,,,,,,,,,,,,,,,,,,,,,,,,,,,,,,,,,,,,,,,,,,,,,,,,,,,,,,,,,,,,,,,,,,,,,,,,,,,,,,,,,,,,,,,,,,,,,,,,,,,,,,,,,
,,,,,31,001,2024-05-21_19h46.42.787,AXB:2AFC Experiments (16.05.2024),2024.1.3,MacIntel,128.2051282,33.8744,38.8822,1,5.0071,0,2,2,2,1,AXBstimuli/yuustimulus.wav,,,,,,,,,,,,,,,,,,,,,,,,,,,,,,,,,,,,,,,,,,,,,,,,,,,,,,,,,,,,,,,,,,,,,,,,,,,,,,,,,,,,,,,,,,,,,,,,,,,,,,,,,,,,,,,,,,,,,,,,,,,,,,,,,,,,,,,,,,,,,,,,,,,,,,,,,,,,,,,,,,,,,,,,,,,
,,,,,31,001,2024-05-21_19h46.42.787,AXB:2AFC Experiments (16.05.2024),2024.1.3,MacIntel,128.2051282,38.8825,43.2071,1,4.324,0,3,3,1,1,AXBstimuli/iyystimulus.wav,,,,,,,,,,,,,,,,,,,,,,,,,,,,,,,,,,,,,,,,,,,,,,,,,,,,,,,,,,,,,,,,,,,,,,,,,,,,,,,,,,,,,,,,,,,,,,,,,,,,,,,,,,,,,,,,,,,,,,,,,,,,,,,,,,,,,,,,,,,,,,,,,,,,,,,,,,,,,,,,,,,,,,,,,,,
,,,,,31,001,2024-05-21_19h46.42.787,AXB:2AFC Experiments (16.05.2024),2024.1.3,MacIntel,128.2051282,,,,,,,,,,,43.2077,46.9577,2,3.7457,,,,,,,,,,,,,,,,,,,,,,,,,,,,,,,,,,,,,,,,,,,,,,,,,,,,,,,,,,,,,,,,,,,,,,,,,,,,,,,,,,,,,,,,,,,,,,,,,,,,,,,,,,,,,,,,,,,,,,,,,,,,,,,,,,,,,,,,,,,,,,,,,,,,,,,,,,,,,,,,,,,,,,,
,,,,,31,001,2024-05-21_19h46.42.787,AXB:2AFC Experiments (16.05.2024),2024.1.3,MacIntel,128.2051282,,,,,,,,,,,,,,,46.9579,53.5413,space,6.5642,,,,,,,,,,,,,,,,,,,,,,,,,,,,,,,,,,,,,,,,,,,,,,,,,,,,,,,,,,,,,,,,,,,,,,,,,,,,,,,,,,,,,,,,,,,,,,,,,,,,,,,,,,,,,,,,,,,,,,,,,,,,,,,,,,,,,,,,,,,,,,,,,,,,,,,,,,,,,,,,,,,
,,,,,31,001,2024-05-21_19h46.42.787,AXB:2AFC Experiments (16.05.2024),2024.1.3,MacIntel,128.2051282,,,,,,,,,,,,,,,,,,,,53.5549,58.3909,1,4.8324,0,0,0,1,1,AXBstimuli/iyystimulus.wav,First,,,,,,,,,,,,,,,,,,,,,,,,,,,,,,,,,,,,,,,,,,,,,,,,,,,,,,,,,,,,,,,,,,,,,,,,,,,,,,,,,,,,,,,,,,,,,,,,,,,,,,,,,,,,,,,,,,,,,,,,,,,,,,,,,,,,,,,,,,,,,,,,,,,,,,,
,,,,,31,001,2024-05-21_19h46.42.787,AXB:2AFC Experiments (16.05.2024),2024.1.3,MacIntel,128.2051282,,,,,,,,,,,,,,,,,,,,58.3912,64.0322,2,5.6362,0,1,1,0,1,AXBstimuli/iiystimulus.wav,Last,,,,,,,,,,,,,,,,,,,,,,,,,,,,,,,,,,,,,,,,,,,,,,,,,,,,,,,,,,,,,,,,,,,,,,,,,,,,,,,,,,,,,,,,,,,,,,,,,,,,,,,,,,,,,,,,,,,,,,,,,,,,,,,,,,,,,,,,,,,,,,,,,,,,,,,
,,,,,31,001,2024-05-21_19h46.42.787,AXB:2AFC Experiments (16.05.2024),2024.1.3,MacIntel,128.2051282,,,,,,,,,,,,,,,,,,,,64.0324,69.2654,1,5.2314,0,2,2,2,1,AXBstimuli/yuustimulus.wav,First,,,,,,,,,,,,,,,,,,,,,,,,,,,,,,,,,,,,,,,,,,,,,,,,,,,,,,,,,,,,,,,,,,,,,,,,,,,,,,,,,,,,,,,,,,,,,,,,,,,,,,,,,,,,,,,,,,,,,,,,,,,,,,,,,,,,,,,,,,,,,,,,,,,,,,,
,,,,,31,001,2024-05-21_19h46.42.787,AXB:2AFC Experiments (16.05.2024),2024.1.3,MacIntel,128.2051282,,,,,,,,,,,,,,,,,,,,69.2657,75.0988,2,5.8292,0,3,3,3,1,AXBstimuli/yyustimulus.wav,Last,,,,,,,,,,,,,,,,,,,,,,,,,,,,,,,,,,,,,,,,,,,,,,,,,,,,,,,,,,,,,,,,,,,,,,,,,,,,,,,,,,,,,,,,,,,,,,,,,,,,,,,,,,,,,,,,,,,,,,,,,,,,,,,,,,,,,,,,,,,,,,,,,,,,,,,
,,,,,31,001,2024-05-21_19h46.42.787,AXB:2AFC Experiments (16.05.2024),2024.1.3,MacIntel,128.2051282,,,,,,,,,,,,,,,,,,,,75.099,80.0655,1,4.9639,1,0,4,1,1,AXBstimuli/iyystimulus.wav,First,,,,,,,,,,,,,,,,,,,,,,,,,,,,,,,,,,,,,,,,,,,,,,,,,,,,,,,,,,,,,,,,,,,,,,,,,,,,,,,,,,,,,,,,,,,,,,,,,,,,,,,,,,,,,,,,,,,,,,,,,,,,,,,,,,,,,,,,,,,,,,,,,,,,,,,
,,,,,31,001,2024-05-21_19h46.42.787,AXB:2AFC Experiments (16.05.2024),2024.1.3,MacIntel,128.2051282,,,,,,,,,,,,,,,,,,,,80.0656,85.2157,2,5.1493,1,1,5,0,1,AXBstimuli/iiystimulus.wav,Last,,,,,,,,,,,,,,,,,,,,,,,,,,,,,,,,,,,,,,,,,,,,,,,,,,,,,,,,,,,,,,,,,,,,,,,,,,,,,,,,,,,,,,,,,,,,,,,,,,,,,,,,,,,,,,,,,,,,,,,,,,,,,,,,,,,,,,,,,,,,,,,,,,,,,,,
,,,,,31,001,2024-05-21_19h46.42.787,AXB:2AFC Experiments (16.05.2024),2024.1.3,MacIntel,128.2051282,,,,,,,,,,,,,,,,,,,,85.216,90.6574,1,5.4369,1,2,6,2,1,AXBstimuli/yuustimulus.wav,First,,,,,,,,,,,,,,,,,,,,,,,,,,,,,,,,,,,,,,,,,,,,,,,,,,,,,,,,,,,,,,,,,,,,,,,,,,,,,,,,,,,,,,,,,,,,,,,,,,,,,,,,,,,,,,,,,,,,,,,,,,,,,,,,,,,,,,,,,,,,,,,,,,,,,,,
,,,,,31,001,2024-05-21_19h46.42.787,AXB:2AFC Experiments (16.05.2024),2024.1.3,MacIntel,128.2051282,,,,,,,,,,,,,,,,,,,,90.6578,95.682,2,5.019,1,3,7,3,1,AXBstimuli/yyustimulus.wav,Last,,,,,,,,,,,,,,,,,,,,,,,,,,,,,,,,,,,,,,,,,,,,,,,,,,,,,,,,,,,,,,,,,,,,,,,,,,,,,,,,,,,,,,,,,,,,,,,,,,,,,,,,,,,,,,,,,,,,,,,,,,,,,,,,,,,,,,,,,,,,,,,,,,,,,,,
,,,,,31,001,2024-05-21_19h46.42.787,AXB:2AFC Experiments (16.05.2024),2024.1.3,MacIntel,128.2051282,,,,,,,,,,,,,,,,,,,,95.6824,100.8485,1,5.1657,2,0,8,2,1,AXBstimuli/yuustimulus.wav,First,,,,,,,,,,,,,,,,,,,,,,,,,,,,,,,,,,,,,,,,,,,,,,,,,,,,,,,,,,,,,,,,,,,,,,,,,,,,,,,,,,,,,,,,,,,,,,,,,,,,,,,,,,,,,,,,,,,,,,,,,,,,,,,,,,,,,,,,,,,,,,,,,,,,,,,
,,,,,31,001,2024-05-21_19h46.42.787,AXB:2AFC Experiments (16.05.2024),2024.1.3,MacIntel,128.2051282,,,,,,,,,,,,,,,,,,,,100.8487,106.0237,2,5.1711,2,1,9,3,1,AXBstimuli/yyustimulus.wav,Last,,,,,,,,,,,,,,,,,,,,,,,,,,,,,,,,,,,,,,,,,,,,,,,,,,,,,,,,,,,,,,,,,,,,,,,,,,,,,,,,,,,,,,,,,,,,,,,,,,,,,,,,,,,,,,,,,,,,,,,,,,,,,,,,,,,,,,,,,,,,,,,,,,,,,,,
,,,,,31,001,2024-05-21_19h46.42.787,AXB:2AFC Experiments (16.05.2024),2024.1.3,MacIntel,128.2051282,,,,,,,,,,,,,,,,,,,,106.024,111.7903,2,5.762,2,2,10,0,1,AXBstimuli/iiystimulus.wav,Last,,,,,,,,,,,,,,,,,,,,,,,,,,,,,,,,,,,,,,,,,,,,,,,,,,,,,,,,,,,,,,,,,,,,,,,,,,,,,,,,,,,,,,,,,,,,,,,,,,,,,,,,,,,,,,,,,,,,,,,,,,,,,,,,,,,,,,,,,,,,,,,,,,,,,,,
,,,,,31,001,2024-05-21_19h46.42.787,AXB:2AFC Experiments (16.05.2024),2024.1.3,MacIntel,128.2051282,,,,,,,,,,,,,,,,,,,,111.7907,116.3992,1,4.6077,2,3,11,1,1,AXBstimuli/iyystimulus.wav,First,,,,,,,,,,,,,,,,,,,,,,,,,,,,,,,,,,,,,,,,,,,,,,,,,,,,,,,,,,,,,,,,,,,,,,,,,,,,,,,,,,,,,,,,,,,,,,,,,,,,,,,,,,,,,,,,,,,,,,,,,,,,,,,,,,,,,,,,,,,,,,,,,,,,,,,
,,,,,31,001,2024-05-21_19h46.42.787,AXB:2AFC Experiments (16.05.2024),2024.1.3,MacIntel,128.2051282,,,,,,,,,,,,,,,,,,,,116.3995,121.8823,1,5.4823,3,0,12,1,1,AXBstimuli/iyystimulus.wav,First,,,,,,,,,,,,,,,,,,,,,,,,,,,,,,,,,,,,,,,,,,,,,,,,,,,,,,,,,,,,,,,,,,,,,,,,,,,,,,,,,,,,,,,,,,,,,,,,,,,,,,,,,,,,,,,,,,,,,,,,,,,,,,,,,,,,,,,,,,,,,,,,,,,,,,,
,,,,,31,001,2024-05-21_19h46.42.787,AXB:2AFC Experiments (16.05.2024),2024.1.3,MacIntel,128.2051282,,,,,,,,,,,,,,,,,,,,121.8825,126.6156,1,4.7325,3,1,13,2,1,AXBstimuli/yuustimulus.wav,First,,,,,,,,,,,,,,,,,,,,,,,,,,,,,,,,,,,,,,,,,,,,,,,,,,,,,,,,,,,,,,,,,,,,,,,,,,,,,,,,,,,,,,,,,,,,,,,,,,,,,,,,,,,,,,,,,,,,,,,,,,,,,,,,,,,,,,,,,,,,,,,,,,,,,,,
,,,,,31,001,2024-05-21_19h46.42.787,AXB:2AFC Experiments (16.05.2024),2024.1.3,MacIntel,128.2051282,,,,,,,,,,,,,,,,,,,,126.6159,131.5656,2,4.9491,3,2,14,3,1,AXBstimuli/yyustimulus.wav,Last,,,,,,,,,,,,,,,,,,,,,,,,,,,,,,,,,,,,,,,,,,,,,,,,,,,,,,,,,,,,,,,,,,,,,,,,,,,,,,,,,,,,,,,,,,,,,,,,,,,,,,,,,,,,,,,,,,,,,,,,,,,,,,,,,,,,,,,,,,,,,,,,,,,,,,,
,,,,,31,001,2024-05-21_19h46.42.787,AXB:2AFC Experiments (16.05.2024),2024.1.3,MacIntel,128.2051282,,,,,,,,,,,,,,,,,,,,131.5657,136.5487,2,4.9823,3,3,15,0,1,AXBstimuli/iiystimulus.wav,Last,,,,,,,,,,,,,,,,,,,,,,,,,,,,,,,,,,,,,,,,,,,,,,,,,,,,,,,,,,,,,,,,,,,,,,,,,,,,,,,,,,,,,,,,,,,,,,,,,,,,,,,,,,,,,,,,,,,,,,,,,,,,,,,,,,,,,,,,,,,,,,,,,,,,,,,
,,,,,31,001,2024-05-21_19h46.42.787,AXB:2AFC Experiments (16.05.2024),2024.1.3,MacIntel,128.2051282,,,,,,,,,,,,,,,,,,,,136.5488,141.9822,2,5.4326,4,0,16,3,1,AXBstimuli/yyustimulus.wav,Last,,,,,,,,,,,,,,,,,,,,,,,,,,,,,,,,,,,,,,,,,,,,,,,,,,,,,,,,,,,,,,,,,,,,,,,,,,,,,,,,,,,,,,,,,,,,,,,,,,,,,,,,,,,,,,,,,,,,,,,,,,,,,,,,,,,,,,,,,,,,,,,,,,,,,,,
,,,,,31,001,2024-05-21_19h46.42.787,AXB:2AFC Experiments (16.05.2024),2024.1.3,MacIntel,128.2051282,,,,,,,,,,,,,,,,,,,,141.9825,147.3316,2,5.3441,4,1,17,0,1,AXBstimuli/iiystimulus.wav,Last,,,,,,,,,,,,,,,,,,,,,,,,,,,,,,,,,,,,,,,,,,,,,,,,,,,,,,,,,,,,,,,,,,,,,,,,,,,,,,,,,,,,,,,,,,,,,,,,,,,,,,,,,,,,,,,,,,,,,,,,,,,,,,,,,,,,,,,,,,,,,,,,,,,,,,,
,,,,,31,001,2024-05-21_19h46.42.787,AXB:2AFC Experiments (16.05.2024),2024.1.3,MacIntel,128.2051282,,,,,,,,,,,,,,,,,,,,147.3317,152.9069,1,5.5689,4,2,18,2,1,AXBstimuli/yuustimulus.wav,First,,,,,,,,,,,,,,,,,,,,,,,,,,,,,,,,,,,,,,,,,,,,,,,,,,,,,,,,,,,,,,,,,,,,,,,,,,,,,,,,,,,,,,,,,,,,,,,,,,,,,,,,,,,,,,,,,,,,,,,,,,,,,,,,,,,,,,,,,,,,,,,,,,,,,,,
,,,,,31,001,2024-05-21_19h46.42.787,AXB:2AFC Experiments (16.05.2024),2024.1.3,MacIntel,128.2051282,,,,,,,,,,,,,,,,,,,,152.9073,157.9653,1,5.0575,4,3,19,1,1,AXBstimuli/iyystimulus.wav,First,,,,,,,,,,,,,,,,,,,,,,,,,,,,,,,,,,,,,,,,,,,,,,,,,,,,,,,,,,,,,,,,,,,,,,,,,,,,,,,,,,,,,,,,,,,,,,,,,,,,,,,,,,,,,,,,,,,,,,,,,,,,,,,,,,,,,,,,,,,,,,,,,,,,,,,
,,,,,31,001,2024-05-21_19h46.42.787,AXB:2AFC Experiments (16.05.2024),2024.1.3,MacIntel,128.2051282,,,,,,,,,,,,,,,,,,,,,,,,,,,,,,,157.9658,168.0248,space,10.0438,,,,,,,,,,,,,,,,,,,,,,,,,,,,,,,,,,,,,,,,,,,,,,,,,,,,,,,,,,,,,,,,,,,,,,,,,,,,,,,,,,,,,,,,,,,,,,,,,,,,,,,,,,,,,,,,,,,,,,,,,,,,,,,,,,,,,,,,,,,,,,,,,,,
,,,,,31,001,2024-05-21_19h46.42.787,AXB:2AFC Experiments (16.05.2024),2024.1.3,MacIntel,128.2051282,,,,,,,,,,,,,,,,,,,,168.0387,173.8323,1,5.793,,,,,,AXBstimuli/yuustimulus.wav,First,,,,,,0,0,0,2,1,,,,,,,,,,,,,,,,,,,,,,,,,,,,,,,,,,,,,,,,,,,,,,,,,,,,,,,,,,,,,,,,,,,,,,,,,,,,,,,,,,,,,,,,,,,,,,,,,,,,,,,,,,,,,,,,,,,,,,,,,,,,,,,,,,,,,,,,,,,,,
,,,,,31,001,2024-05-21_19h46.42.787,AXB:2AFC Experiments (16.05.2024),2024.1.3,MacIntel,128.2051282,,,,,,,,,,,,,,,,,,,,173.8329,179.9901,2,6.1524,,,,,,AXBstimuli/iiystimulus.wav,Last,,,,,,0,1,1,0,1,,,,,,,,,,,,,,,,,,,,,,,,,,,,,,,,,,,,,,,,,,,,,,,,,,,,,,,,,,,,,,,,,,,,,,,,,,,,,,,,,,,,,,,,,,,,,,,,,,,,,,,,,,,,,,,,,,,,,,,,,,,,,,,,,,,,,,,,,,,,,
,,,,,31,001,2024-05-21_19h46.42.787,AXB:2AFC Experiments (16.05.2024),2024.1.3,MacIntel,128.2051282,,,,,,,,,,,,,,,,,,,,179.9903,184.8568,2,4.8657,,,,,,AXBstimuli/yyustimulus.wav,Last,,,,,,0,2,2,3,1,,,,,,,,,,,,,,,,,,,,,,,,,,,,,,,,,,,,,,,,,,,,,,,,,,,,,,,,,,,,,,,,,,,,,,,,,,,,,,,,,,,,,,,,,,,,,,,,,,,,,,,,,,,,,,,,,,,,,,,,,,,,,,,,,,,,,,,,,,,,,
,,,,,31,001,2024-05-21_19h46.42.787,AXB:2AFC Experiments (16.05.2024),2024.1.3,MacIntel,128.2051282,,,,,,,,,,,,,,,,,,,,184.8571,189.4155,1,4.5577,,,,,,AXBstimuli/iyystimulus.wav,First,,,,,,0,3,3,1,1,,,,,,,,,,,,,,,,,,,,,,,,,,,,,,,,,,,,,,,,,,,,,,,,,,,,,,,,,,,,,,,,,,,,,,,,,,,,,,,,,,,,,,,,,,,,,,,,,,,,,,,,,,,,,,,,,,,,,,,,,,,,,,,,,,,,,,,,,,,,,
,,,,,31,001,2024-05-21_19h46.42.787,AXB:2AFC Experiments (16.05.2024),2024.1.3,MacIntel,128.2051282,,,,,,,,,,,,,,,,,,,,189.4156,194.565,1,5.1444,,,,,,AXBstimuli/yuustimulus.wav,First,,,,,,1,0,4,2,1,,,,,,,,,,,,,,,,,,,,,,,,,,,,,,,,,,,,,,,,,,,,,,,,,,,,,,,,,,,,,,,,,,,,,,,,,,,,,,,,,,,,,,,,,,,,,,,,,,,,,,,,,,,,,,,,,,,,,,,,,,,,,,,,,,,,,,,,,,,,,
,,,,,31,001,2024-05-21_19h46.42.787,AXB:2AFC Experiments (16.05.2024),2024.1.3,MacIntel,128.2051282,,,,,,,,,,,,,,,,,,,,194.5653,200.2066,2,5.6399,,,,,,AXBstimuli/iiystimulus.wav,Last,,,,,,1,1,5,0,1,,,,,,,,,,,,,,,,,,,,,,,,,,,,,,,,,,,,,,,,,,,,,,,,,,,,,,,,,,,,,,,,,,,,,,,,,,,,,,,,,,,,,,,,,,,,,,,,,,,,,,,,,,,,,,,,,,,,,,,,,,,,,,,,,,,,,,,,,,,,,
,,,,,31,001,2024-05-21_19h46.42.787,AXB:2AFC Experiments (16.05.2024),2024.1.3,MacIntel,128.2051282,,,,,,,,,,,,,,,,,,,,200.2068,205.2392,2,5.0274,,,,,,AXBstimuli/yyustimulus.wav,Last,,,,,,1,2,6,3,1,,,,,,,,,,,,,,,,,,,,,,,,,,,,,,,,,,,,,,,,,,,,,,,,,,,,,,,,,,,,,,,,,,,,,,,,,,,,,,,,,,,,,,,,,,,,,,,,,,,,,,,,,,,,,,,,,,,,,,,,,,,,,,,,,,,,,,,,,,,,,
,,,,,31,001,2024-05-21_19h46.42.787,AXB:2AFC Experiments (16.05.2024),2024.1.3,MacIntel,128.2051282,,,,,,,,,,,,,,,,,,,,205.2394,213.1653,1,7.9255,,,,,,AXBstimuli/iyystimulus.wav,First,,,,,,1,3,7,1,1,,,,,,,,,,,,,,,,,,,,,,,,,,,,,,,,,,,,,,,,,,,,,,,,,,,,,,,,,,,,,,,,,,,,,,,,,,,,,,,,,,,,,,,,,,,,,,,,,,,,,,,,,,,,,,,,,,,,,,,,,,,,,,,,,,,,,,,,,,,,,
,,,,,31,001,2024-05-21_19h46.42.787,AXB:2AFC Experiments (16.05.2024),2024.1.3,MacIntel,128.2051282,,,,,,,,,,,,,,,,,,,,213.1655,218.3742,1,5.2079,,,,,,AXBstimuli/iyystimulus.wav,First,,,,,,2,0,8,1,1,,,,,,,,,,,,,,,,,,,,,,,,,,,,,,,,,,,,,,,,,,,,,,,,,,,,,,,,,,,,,,,,,,,,,,,,,,,,,,,,,,,,,,,,,,,,,,,,,,,,,,,,,,,,,,,,,,,,,,,,,,,,,,,,,,,,,,,,,,,,,
,,,,,31,001,2024-05-21_19h46.42.787,AXB:2AFC Experiments (16.05.2024),2024.1.3,MacIntel,128.2051282,,,,,,,,,,,,,,,,,,,,218.3745,223.9906,1,5.6156,,,,,,AXBstimuli/yuustimulus.wav,First,,,,,,2,1,9,2,1,,,,,,,,,,,,,,,,,,,,,,,,,,,,,,,,,,,,,,,,,,,,,,,,,,,,,,,,,,,,,,,,,,,,,,,,,,,,,,,,,,,,,,,,,,,,,,,,,,,,,,,,,,,,,,,,,,,,,,,,,,,,,,,,,,,,,,,,,,,,,
,,,,,31,001,2024-05-21_19h46.42.787,AXB:2AFC Experiments (16.05.2024),2024.1.3,MacIntel,128.2051282,,,,,,,,,,,,,,,,,,,,223.9908,230.715,2,6.7193,,,,,,AXBstimuli/iiystimulus.wav,Last,,,,,,2,2,10,0,1,,,,,,,,,,,,,,,,,,,,,,,,,,,,,,,,,,,,,,,,,,,,,,,,,,,,,,,,,,,,,,,,,,,,,,,,,,,,,,,,,,,,,,,,,,,,,,,,,,,,,,,,,,,,,,,,,,,,,,,,,,,,,,,,,,,,,,,,,,,,,
,,,,,31,001,2024-05-21_19h46.42.787,AXB:2AFC Experiments (16.05.2024),2024.1.3,MacIntel,128.2051282,,,,,,,,,,,,,,,,,,,,230.7153,236.0897,2,5.3737,,,,,,AXBstimuli/yyustimulus.wav,Last,,,,,,2,3,11,3,1,,,,,,,,,,,,,,,,,,,,,,,,,,,,,,,,,,,,,,,,,,,,,,,,,,,,,,,,,,,,,,,,,,,,,,,,,,,,,,,,,,,,,,,,,,,,,,,,,,,,,,,,,,,,,,,,,,,,,,,,,,,,,,,,,,,,,,,,,,,,,
,,,,,31,001,2024-05-21_19h46.42.787,AXB:2AFC Experiments (16.05.2024),2024.1.3,MacIntel,128.2051282,,,,,,,,,,,,,,,,,,,,,,,,,,,,,,,,,,,,,,,,,236.0903,246.4822,,,space,10.3773,,,,,,,,,,,,,,,,,,,,,,,,,,,,,,,,,,,,,,,,,,,,,,,,,,,,,,,,,,,,,,,,,,,,,,,,,,,,,,,,,,,,,,,,,,,,,,,,,,,,,,,,,,,,,,,,,,,,,,,,,,,,,,,,,,,,,,,
,,,,,31,001,2024-05-21_19h46.42.787,AXB:2AFC Experiments (16.05.2024),2024.1.3,MacIntel,128.2051282,,,,,,,,,,,,,,,,,,,,246.493,255.3649,1,8.8679,,,,,,AXBstimuli/yuustimulus.wav,First,,,,,,,,,,,,,,,,,,0,0,0,2,1,,,,,,,,,,,,,,,,,,,,,,,,,,,,,,,,,,,,,,,,,,,,,,,,,,,,,,,,,,,,,,,,,,,,,,,,,,,,,,,,,,,,,,,,,,,,,,,,,,,,,,,,,,,,,,,,,,,,,,,,,,,,,,,,,
,,,,,31,001,2024-05-21_19h46.42.787,AXB:2AFC Experiments (16.05.2024),2024.1.3,MacIntel,128.2051282,,,,,,,,,,,,,,,,,,,,255.3655,260.523,2,5.1527,,,,,,AXBstimuli/iiystimulus.wav,Last,,,,,,,,,,,,,,,,,,0,1,1,0,1,,,,,,,,,,,,,,,,,,,,,,,,,,,,,,,,,,,,,,,,,,,,,,,,,,,,,,,,,,,,,,,,,,,,,,,,,,,,,,,,,,,,,,,,,,,,,,,,,,,,,,,,,,,,,,,,,,,,,,,,,,,,,,,,,
,,,,,31,001,2024-05-21_19h46.42.787,AXB:2AFC Experiments (16.05.2024),2024.1.3,MacIntel,128.2051282,,,,,,,,,,,,,,,,,,,,260.5233,266.3055,2,5.7801,,,,,,AXBstimuli/yyustimulus.wav,Last,,,,,,,,,,,,,,,,,,0,2,2,3,1,,,,,,,,,,,,,,,,,,,,,,,,,,,,,,,,,,,,,,,,,,,,,,,,,,,,,,,,,,,,,,,,,,,,,,,,,,,,,,,,,,,,,,,,,,,,,,,,,,,,,,,,,,,,,,,,,,,,,,,,,,,,,,,,,
,,,,,31,001,2024-05-21_19h46.42.787,AXB:2AFC Experiments (16.05.2024),2024.1.3,MacIntel,128.2051282,,,,,,,,,,,,,,,,,,,,266.3058,271.8064,1,5.4951,,,,,,AXBstimuli/iyystimulus.wav,First,,,,,,,,,,,,,,,,,,0,3,3,1,1,,,,,,,,,,,,,,,,,,,,,,,,,,,,,,,,,,,,,,,,,,,,,,,,,,,,,,,,,,,,,,,,,,,,,,,,,,,,,,,,,,,,,,,,,,,,,,,,,,,,,,,,,,,,,,,,,,,,,,,,,,,,,,,,,
,,,,,31,001,2024-05-21_19h46.42.787,AXB:2AFC Experiments (16.05.2024),2024.1.3,MacIntel,128.2051282,,,,,,,,,,,,,,,,,,,,271.8066,276.7222,2,4.9132,,,,,,AXBstimuli/iiystimulus.wav,Last,,,,,,,,,,,,,,,,,,1,0,4,0,1,,,,,,,,,,,,,,,,,,,,,,,,,,,,,,,,,,,,,,,,,,,,,,,,,,,,,,,,,,,,,,,,,,,,,,,,,,,,,,,,,,,,,,,,,,,,,,,,,,,,,,,,,,,,,,,,,,,,,,,,,,,,,,,,,
,,,,,31,001,2024-05-21_19h46.42.787,AXB:2AFC Experiments (16.05.2024),2024.1.3,MacIntel,128.2051282,,,,,,,,,,,,,,,,,,,,276.7225,282.3388,1,5.6106,,,,,,AXBstimuli/yuustimulus.wav,First,,,,,,,,,,,,,,,,,,1,1,5,2,1,,,,,,,,,,,,,,,,,,,,,,,,,,,,,,,,,,,,,,,,,,,,,,,,,,,,,,,,,,,,,,,,,,,,,,,,,,,,,,,,,,,,,,,,,,,,,,,,,,,,,,,,,,,,,,,,,,,,,,,,,,,,,,,,,
,,,,,31,001,2024-05-21_19h46.42.787,AXB:2AFC Experiments (16.05.2024),2024.1.3,MacIntel,128.2051282,,,,,,,,,,,,,,,,,,,,282.339,288.3648,1,6.0218,,,,,,AXBstimuli/iyystimulus.wav,First,,,,,,,,,,,,,,,,,,1,2,6,1,1,,,,,,,,,,,,,,,,,,,,,,,,,,,,,,,,,,,,,,,,,,,,,,,,,,,,,,,,,,,,,,,,,,,,,,,,,,,,,,,,,,,,,,,,,,,,,,,,,,,,,,,,,,,,,,,,,,,,,,,,,,,,,,,,,
,,,,,31,001,2024-05-21_19h46.42.787,AXB:2AFC Experiments (16.05.2024),2024.1.3,MacIntel,128.2051282,,,,,,,,,,,,,,,,,,,,288.3652,293.9647,2,5.593,,,,,,AXBstimuli/yyustimulus.wav,Last,,,,,,,,,,,,,,,,,,1,3,7,3,1,,,,,,,,,,,,,,,,,,,,,,,,,,,,,,,,,,,,,,,,,,,,,,,,,,,,,,,,,,,,,,,,,,,,,,,,,,,,,,,,,,,,,,,,,,,,,,,,,,,,,,,,,,,,,,,,,,,,,,,,,,,,,,,,,
,,,,,31,001,2024-05-21_19h46.42.787,AXB:2AFC Experiments (16.05.2024),2024.1.3,MacIntel,128.2051282,,,,,,,,,,,,,,,,,,,,,,,,,,,,,,,293.9651,359.6816,space,65.7076,,,,,,,,,,,,,,,,,,,,,,,,,,,,,,,,,,,,,,,,,,,,,,,,,,,,,,,,,,,,,,,,,,,,,,,,,,,,,,,,,,,,,,,,,,,,,,,,,,,,,,,,,,,,,,,,,,,,,,,,,,,,,,,,,,,,,,,,,,,,,,,,,,,
,,,,,31,001,2024-05-21_19h46.42.787,AXB:2AFC Experiments (16.05.2024),2024.1.3,MacIntel,128.2051282,,,,,,,,,,,,,,,,,,,,359.6923,365.5228,2,5.8262,,,,,,AXBstimuli/yyustimulus.wav,Last,,,,,,,,,,,,,,,,,,,,,,,0,0,0,3,1,,,,,,,,,,,,,,,,,,,,,,,,,,,,,,,,,,,,,,,,,,,,,,,,,,,,,,,,,,,,,,,,,,,,,,,,,,,,,,,,,,,,,,,,,,,,,,,,,,,,,,,,,,,,,,,,,,,,,,,,,,,,
,,,,,31,001,2024-05-21_19h46.42.787,AXB:2AFC Experiments (16.05.2024),2024.1.3,MacIntel,128.2051282,,,,,,,,,,,,,,,,,,,,365.5235,371.1227,1,5.5935,,,,,,AXBstimuli/yuustimulus.wav,First,,,,,,,,,,,,,,,,,,,,,,,0,1,1,2,1,,,,,,,,,,,,,,,,,,,,,,,,,,,,,,,,,,,,,,,,,,,,,,,,,,,,,,,,,,,,,,,,,,,,,,,,,,,,,,,,,,,,,,,,,,,,,,,,,,,,,,,,,,,,,,,,,,,,,,,,,,,,
,,,,,31,001,2024-05-21_19h46.42.787,AXB:2AFC Experiments (16.05.2024),2024.1.3,MacIntel,128.2051282,,,,,,,,,,,,,,,,,,,,371.123,376.7893,1,5.6639,,,,,,AXBstimuli/iyystimulus.wav,First,,,,,,,,,,,,,,,,,,,,,,,0,2,2,1,1,,,,,,,,,,,,,,,,,,,,,,,,,,,,,,,,,,,,,,,,,,,,,,,,,,,,,,,,,,,,,,,,,,,,,,,,,,,,,,,,,,,,,,,,,,,,,,,,,,,,,,,,,,,,,,,,,,,,,,,,,,,,
,,,,,31,001,2024-05-21_19h46.42.787,AXB:2AFC Experiments (16.05.2024),2024.1.3,MacIntel,128.2051282,,,,,,,,,,,,,,,,,,,,376.7895,382.181,2,5.3879,,,,,,AXBstimuli/iiystimulus.wav,Last,,,,,,,,,,,,,,,,,,,,,,,0,3,3,0,1,,,,,,,,,,,,,,,,,,,,,,,,,,,,,,,,,,,,,,,,,,,,,,,,,,,,,,,,,,,,,,,,,,,,,,,,,,,,,,,,,,,,,,,,,,,,,,,,,,,,,,,,,,,,,,,,,,,,,,,,,,,,
,,,,,31,001,2024-05-21_19h46.42.787,AXB:2AFC Experiments (16.05.2024),2024.1.3,MacIntel,128.2051282,,,,,,,,,,,,,,,,,,,,382.1813,388.031,1,5.8442,,,,,,AXBstimuli/iyystimulus.wav,First,,,,,,,,,,,,,,,,,,,,,,,1,0,4,1,1,,,,,,,,,,,,,,,,,,,,,,,,,,,,,,,,,,,,,,,,,,,,,,,,,,,,,,,,,,,,,,,,,,,,,,,,,,,,,,,,,,,,,,,,,,,,,,,,,,,,,,,,,,,,,,,,,,,,,,,,,,,,
,,,,,31,001,2024-05-21_19h46.42.787,AXB:2AFC Experiments (16.05.2024),2024.1.3,MacIntel,128.2051282,,,,,,,,,,,,,,,,,,,,388.0312,392.9727,2,4.9404,,,,,,AXBstimuli/iiystimulus.wav,Last,,,,,,,,,,,,,,,,,,,,,,,1,1,5,0,1,,,,,,,,,,,,,,,,,,,,,,,,,,,,,,,,,,,,,,,,,,,,,,,,,,,,,,,,,,,,,,,,,,,,,,,,,,,,,,,,,,,,,,,,,,,,,,,,,,,,,,,,,,,,,,,,,,,,,,,,,,,,
,,,,,31,001,2024-05-21_19h46.42.787,AXB:2AFC Experiments (16.05.2024),2024.1.3,MacIntel,128.2051282,,,,,,,,,,,,,,,,,,,,392.973,399.3726,1,6.3987,,,,,,AXBstimuli/yuustimulus.wav,First,,,,,,,,,,,,,,,,,,,,,,,1,2,6,2,1,,,,,,,,,,,,,,,,,,,,,,,,,,,,,,,,,,,,,,,,,,,,,,,,,,,,,,,,,,,,,,,,,,,,,,,,,,,,,,,,,,,,,,,,,,,,,,,,,,,,,,,,,,,,,,,,,,,,,,,,,,,,
,,,,,31,001,2024-05-21_19h46.42.787,AXB:2AFC Experiments (16.05.2024),2024.1.3,MacIntel,128.2051282,,,,,,,,,,,,,,,,,,,,399.3729,405.081,2,5.7023,,,,,,AXBstimuli/yyustimulus.wav,Last,,,,,,,,,,,,,,,,,,,,,,,1,3,7,3,1,,,,,,,,,,,,,,,,,,,,,,,,,,,,,,,,,,,,,,,,,,,,,,,,,,,,,,,,,,,,,,,,,,,,,,,,,,,,,,,,,,,,,,,,,,,,,,,,,,,,,,,,,,,,,,,,,,,,,,,,,,,,
,,,,,31,001,2024-05-21_19h46.42.787,AXB:2AFC Experiments (16.05.2024),2024.1.3,MacIntel,128.2051282,,,,,,,,,,,,,,,,,,,,405.0812,409.9559,2,4.8703,,,,,,AXBstimuli/yyustimulus.wav,Last,,,,,,,,,,,,,,,,,,,,,,,2,0,8,3,1,,,,,,,,,,,,,,,,,,,,,,,,,,,,,,,,,,,,,,,,,,,,,,,,,,,,,,,,,,,,,,,,,,,,,,,,,,,,,,,,,,,,,,,,,,,,,,,,,,,,,,,,,,,,,,,,,,,,,,,,,,,,
,,,,,31,001,2024-05-21_19h46.42.787,AXB:2AFC Experiments (16.05.2024),2024.1.3,MacIntel,128.2051282,,,,,,,,,,,,,,,,,,,,409.9563,415.3725,1,5.4153,,,,,,AXBstimuli/yuustimulus.wav,First,,,,,,,,,,,,,,,,,,,,,,,2,1,9,2,1,,,,,,,,,,,,,,,,,,,,,,,,,,,,,,,,,,,,,,,,,,,,,,,,,,,,,,,,,,,,,,,,,,,,,,,,,,,,,,,,,,,,,,,,,,,,,,,,,,,,,,,,,,,,,,,,,,,,,,,,,,,,
,,,,,31,001,2024-05-21_19h46.42.787,AXB:2AFC Experiments (16.05.2024),2024.1.3,MacIntel,128.2051282,,,,,,,,,,,,,,,,,,,,415.3727,419.7476,1,4.3743,,,,,,AXBstimuli/iyystimulus.wav,First,,,,,,,,,,,,,,,,,,,,,,,2,2,10,1,1,,,,,,,,,,,,,,,,,,,,,,,,,,,,,,,,,,,,,,,,,,,,,,,,,,,,,,,,,,,,,,,,,,,,,,,,,,,,,,,,,,,,,,,,,,,,,,,,,,,,,,,,,,,,,,,,,,,,,,,,,,,,
,,,,,31,001,2024-05-21_19h46.42.787,AXB:2AFC Experiments (16.05.2024),2024.1.3,MacIntel,128.2051282,,,,,,,,,,,,,,,,,,,,419.7478,424.7229,2,4.9745,,,,,,AXBstimuli/iiystimulus.wav,Last,,,,,,,,,,,,,,,,,,,,,,,2,3,11,0,1,,,,,,,,,,,,,,,,,,,,,,,,,,,,,,,,,,,,,,,,,,,,,,,,,,,,,,,,,,,,,,,,,,,,,,,,,,,,,,,,,,,,,,,,,,,,,,,,,,,,,,,,,,,,,,,,,,,,,,,,,,,,
,,,,,31,001,2024-05-21_19h46.42.787,AXB:2AFC Experiments (16.05.2024),2024.1.3,MacIntel,128.2051282,,,,,,,,,,,,,,,,,,,,424.7231,429.6976,1,4.9738,,,,,,AXBstimuli/iyystimulus.wav,First,,,,,,,,,,,,,,,,,,,,,,,3,0,12,1,1,,,,,,,,,,,,,,,,,,,,,,,,,,,,,,,,,,,,,,,,,,,,,,,,,,,,,,,,,,,,,,,,,,,,,,,,,,,,,,,,,,,,,,,,,,,,,,,,,,,,,,,,,,,,,,,,,,,,,,,,,,,,
,,,,,31,001,2024-05-21_19h46.42.787,AXB:2AFC Experiments (16.05.2024),2024.1.3,MacIntel,128.2051282,,,,,,,,,,,,,,,,,,,,429.6978,434.7391,2,5.0377,,,,,,AXBstimuli/iiystimulus.wav,Last,,,,,,,,,,,,,,,,,,,,,,,3,1,13,0,1,,,,,,,,,,,,,,,,,,,,,,,,,,,,,,,,,,,,,,,,,,,,,,,,,,,,,,,,,,,,,,,,,,,,,,,,,,,,,,,,,,,,,,,,,,,,,,,,,,,,,,,,,,,,,,,,,,,,,,,,,,,,
,,,,,31,001,2024-05-21_19h46.42.787,AXB:2AFC Experiments (16.05.2024),2024.1.3,MacIntel,128.2051282,,,,,,,,,,,,,,,,,,,,434.7392,439.5724,2,4.8311,,,,,,AXBstimuli/yyustimulus.wav,Last,,,,,,,,,,,,,,,,,,,,,,,3,2,14,3,1,,,,,,,,,,,,,,,,,,,,,,,,,,,,,,,,,,,,,,,,,,,,,,,,,,,,,,,,,,,,,,,,,,,,,,,,,,,,,,,,,,,,,,,,,,,,,,,,,,,,,,,,,,,,,,,,,,,,,,,,,,,,
,,,,,31,001,2024-05-21_19h46.42.787,AXB:2AFC Experiments (16.05.2024),2024.1.3,MacIntel,128.2051282,,,,,,,,,,,,,,,,,,,,439.5726,444.3799,1,4.8066,,,,,,AXBstimuli/yuustimulus.wav,First,,,,,,,,,,,,,,,,,,,,,,,3,3,15,2,1,,,,,,,,,,,,,,,,,,,,,,,,,,,,,,,,,,,,,,,,,,,,,,,,,,,,,,,,,,,,,,,,,,,,,,,,,,,,,,,,,,,,,,,,,,,,,,,,,,,,,,,,,,,,,,,,,,,,,,,,,,,,
,,,,,31,001,2024-05-21_19h46.42.787,AXB:2AFC Experiments (16.05.2024),2024.1.3,MacIntel,128.2051282,,,,,,,,,,,,,,,,,,,,,,,,,,,,,,,,,,,,,,,,,,,,,,,,,,,,,,,,,,444.3803,451.7314,space,7.3332,,0,[],[],,,,,,,,,,,,,,,,,,,,,,,,,,,,,,,,,,,,,,,,,,,,,,,,,,,,,,,,,,,,,,,,,,,,,,,,,,,,,,,,,,,,,,,,,,,,,,,,,,,,,,,,,,,,,,,,,,,,
,,,,,31,001,2024-05-21_19h46.42.787,AXB:2AFC Experiments (16.05.2024),2024.1.3,MacIntel,128.2051282,,,,,,,,,,,,,,,,,,,,451.742,458.2557,2,6.5085,,,,,,AXBstimuli/iiystimulus.wav,Last,,,,,,,,,,,,,,,,,,,,,,,,,,,,,,,,,,,,0,0,0,0,1,,,,,,,,,,,,,,,,,,,,,,,,,,,,,,,,,,,,,,,,,,,,,,,,,,,,,,,,,,,,,,,,,,,,,,,,,,,,,,,,,,,,,,,,,,,,,,,,,,,,,,,,,,,,,,,
,,,,,31,001,2024-05-21_19h46.42.787,AXB:2AFC Experiments (16.05.2024),2024.1.3,MacIntel,128.2051282,,,,,,,,,,,,,,,,,,,,458.2565,463.2973,2,5.0353,,,,,,AXBstimuli/yyustimulus.wav,Last,,,,,,,,,,,,,,,,,,,,,,,,,,,,,,,,,,,,0,1,1,3,1,,,,,,,,,,,,,,,,,,,,,,,,,,,,,,,,,,,,,,,,,,,,,,,,,,,,,,,,,,,,,,,,,,,,,,,,,,,,,,,,,,,,,,,,,,,,,,,,,,,,,,,,,,,,,,,
,,,,,31,001,2024-05-21_19h46.42.787,AXB:2AFC Experiments (16.05.2024),2024.1.3,MacIntel,128.2051282,,,,,,,,,,,,,,,,,,,,463.2976,471.1973,1,7.8948,,,,,,AXBstimuli/iyystimulus.wav,First,,,,,,,,,,,,,,,,,,,,,,,,,,,,,,,,,,,,0,2,2,1,1,,,,,,,,,,,,,,,,,,,,,,,,,,,,,,,,,,,,,,,,,,,,,,,,,,,,,,,,,,,,,,,,,,,,,,,,,,,,,,,,,,,,,,,,,,,,,,,,,,,,,,,,,,,,,,,
,,,,,31,001,2024-05-21_19h46.42.787,AXB:2AFC Experiments (16.05.2024),2024.1.3,MacIntel,128.2051282,,,,,,,,,,,,,,,,,,,,471.1976,475.8392,1,4.6381,,,,,,AXBstimuli/yuustimulus.wav,First,,,,,,,,,,,,,,,,,,,,,,,,,,,,,,,,,,,,0,3,3,2,1,,,,,,,,,,,,,,,,,,,,,,,,,,,,,,,,,,,,,,,,,,,,,,,,,,,,,,,,,,,,,,,,,,,,,,,,,,,,,,,,,,,,,,,,,,,,,,,,,,,,,,,,,,,,,,,
,,,,,31,001,2024-05-21_19h46.42.787,AXB:2AFC Experiments (16.05.2024),2024.1.3,MacIntel,128.2051282,,,,,,,,,,,,,,,,,,,,,,,,,,,,,,,475.8397,498.0643,space,22.2127,,,,,,,,,,,,,,,,,,,,,,,,,,,,,,,,,,,,,,,,,,,,,,,,,,,,,,,,,,,,,,,,,,,,,,,,,,,,,,,,,,,,,,,,,,,,,,,,,,,,,,,,,,,,,,,,,,,,,,,,,,,,,,,,,,,,,,,,,,,,,,,,,,,
,,,,,31,001,2024-05-21_19h46.42.787,AXB:2AFC Experiments (16.05.2024),2024.1.3,MacIntel,128.2051282,,,,,,,,,,,,,,,,,,,,498.0752,502.6389,1,4.5626,,,,,,AXBstimuli/iyystimulus.wav,First,,,,,,,,,,,,,,,,,,,,,,,,,,,,,,,,,,,,,,,,,0,0,0,1,1,,,,,,,,,,,,,,,,,,,,,,,,,,,,,,,,,,,,,,,,,,,,,,,,,,,,,,,,,,,,,,,,,,,,,,,,,,,,,,,,,,,,,,,,,,,,,,,,,,,,,,,,,,
,,,,,31,001,2024-05-21_19h46.42.787,AXB:2AFC Experiments (16.05.2024),2024.1.3,MacIntel,128.2051282,,,,,,,,,,,,,,,,,,,,502.6395,508.1055,2,5.4652,,,,,,AXBstimuli/iiystimulus.wav,Last,,,,,,,,,,,,,,,,,,,,,,,,,,,,,,,,,,,,,,,,,0,1,1,0,1,,,,,,,,,,,,,,,,,,,,,,,,,,,,,,,,,,,,,,,,,,,,,,,,,,,,,,,,,,,,,,,,,,,,,,,,,,,,,,,,,,,,,,,,,,,,,,,,,,,,,,,,,,
,,,,,31,001,2024-05-21_19h46.42.787,AXB:2AFC Experiments (16.05.2024),2024.1.3,MacIntel,128.2051282,,,,,,,,,,,,,,,,,,,,508.1058,513.6557,2,5.5488,,,,,,AXBstimuli/yyustimulus.wav,Last,,,,,,,,,,,,,,,,,,,,,,,,,,,,,,,,,,,,,,,,,0,2,2,3,1,,,,,,,,,,,,,,,,,,,,,,,,,,,,,,,,,,,,,,,,,,,,,,,,,,,,,,,,,,,,,,,,,,,,,,,,,,,,,,,,,,,,,,,,,,,,,,,,,,,,,,,,,,
,,,,,31,001,2024-05-21_19h46.42.787,AXB:2AFC Experiments (16.05.2024),2024.1.3,MacIntel,128.2051282,,,,,,,,,,,,,,,,,,,,513.656,519.0047,1,5.3441,,,,,,AXBstimuli/yuustimulus.wav,First,,,,,,,,,,,,,,,,,,,,,,,,,,,,,,,,,,,,,,,,,0,3,3,2,1,,,,,,,,,,,,,,,,,,,,,,,,,,,,,,,,,,,,,,,,,,,,,,,,,,,,,,,,,,,,,,,,,,,,,,,,,,,,,,,,,,,,,,,,,,,,,,,,,,,,,,,,,,
,,,,,31,001,2024-05-21_19h46.42.787,AXB:2AFC Experiments (16.05.2024),2024.1.3,MacIntel,128.2051282,,,,,,,,,,,,,,,,,,,,519.005,524.3962,1,5.3874,,,,,,AXBstimuli/yuustimulus.wav,First,,,,,,,,,,,,,,,,,,,,,,,,,,,,,,,,,,,,,,,,,1,0,4,2,1,,,,,,,,,,,,,,,,,,,,,,,,,,,,,,,,,,,,,,,,,,,,,,,,,,,,,,,,,,,,,,,,,,,,,,,,,,,,,,,,,,,,,,,,,,,,,,,,,,,,,,,,,,
,,,,,31,001,2024-05-21_19h46.42.787,AXB:2AFC Experiments (16.05.2024),2024.1.3,MacIntel,128.2051282,,,,,,,,,,,,,,,,,,,,524.3964,529.8971,2,5.4968,,,,,,AXBstimuli/iiystimulus.wav,Last,,,,,,,,,,,,,,,,,,,,,,,,,,,,,,,,,,,,,,,,,1,1,5,0,1,,,,,,,,,,,,,,,,,,,,,,,,,,,,,,,,,,,,,,,,,,,,,,,,,,,,,,,,,,,,,,,,,,,,,,,,,,,,,,,,,,,,,,,,,,,,,,,,,,,,,,,,,,
,,,,,31,001,2024-05-21_19h46.42.787,AXB:2AFC Experiments (16.05.2024),2024.1.3,MacIntel,128.2051282,,,,,,,,,,,,,,,,,,,,529.8974,534.9472,2,5.0482,,,,,,AXBstimuli/yyustimulus.wav,Last,,,,,,,,,,,,,,,,,,,,,,,,,,,,,,,,,,,,,,,,,1,2,6,3,1,,,,,,,,,,,,,,,,,,,,,,,,,,,,,,,,,,,,,,,,,,,,,,,,,,,,,,,,,,,,,,,,,,,,,,,,,,,,,,,,,,,,,,,,,,,,,,,,,,,,,,,,,,
,,,,,31,001,2024-05-21_19h46.42.787,AXB:2AFC Experiments (16.05.2024),2024.1.3,MacIntel,128.2051282,,,,,,,,,,,,,,,,,,,,534.9475,540.2721,1,5.3241,,,,,,AXBstimuli/iyystimulus.wav,First,,,,,,,,,,,,,,,,,,,,,,,,,,,,,,,,,,,,,,,,,1,3,7,1,1,,,,,,,,,,,,,,,,,,,,,,,,,,,,,,,,,,,,,,,,,,,,,,,,,,,,,,,,,,,,,,,,,,,,,,,,,,,,,,,,,,,,,,,,,,,,,,,,,,,,,,,,,,
,,,,,31,001,2024-05-21_19h46.42.787,AXB:2AFC Experiments (16.05.2024),2024.1.3,MacIntel,128.2051282,,,,,,,,,,,,,,,,,,,,,,,,,,,,,,,,,,,,,,,,,,,,,,,,,,,,,,,,,,,,,,,,,,,,,,,,,,,,540.2726,556.3969,1,16.1194,,,,,,,,,,,,,,,,,,,,,,,,,,,,,,,,,,,,,,,,,,,,,,,,,,,,,,,,,,,,,,,,,,,,,,,,,,,,,,,,,,,,,,,,,,,,,,,,,,,,,,
,,,,,31,001,2024-05-21_19h46.42.787,AXB:2AFC Experiments (16.05.2024),2024.1.3,MacIntel,128.2051282,,,,,,,,,,,,,,,,,,,,556.401,562.0138,2,5.6063,,,,,,AXBstimuli/iiystimulus.wav,Last,,,,,,,,,,,,,,,,,,,,,,,,,,,,,,,,,,,,,,,,,,,,,,,,,,0,0,0,0,1,,,,,,,,,,,,,,,,,,,,,,,,,,,,,,,,,,,,,,,,,,,,,,,,,,,,,,,,,,,,,,,,,,,,,,,,,,,,,,,,,,,,,,,,,,,,,,,,,
,,,,,31,001,2024-05-21_19h46.42.787,AXB:2AFC Experiments (16.05.2024),2024.1.3,MacIntel,128.2051282,,,,,,,,,,,,,,,,,,,,562.0144,567.2221,1,5.2039,,,,,,AXBstimuli/iyystimulus.wav,First,,,,,,,,,,,,,,,,,,,,,,,,,,,,,,,,,,,,,,,,,,,,,,,,,,0,1,1,1,1,,,,,,,,,,,,,,,,,,,,,,,,,,,,,,,,,,,,,,,,,,,,,,,,,,,,,,,,,,,,,,,,,,,,,,,,,,,,,,,,,,,,,,,,,,,,,,,,,
,,,,,31,001,2024-05-21_19h46.42.787,AXB:2AFC Experiments (16.05.2024),2024.1.3,MacIntel,128.2051282,,,,,,,,,,,,,,,,,,,,567.2224,572.1543,1,4.9294,,,,,,AXBstimuli/yuustimulus.wav,First,,,,,,,,,,,,,,,,,,,,,,,,,,,,,,,,,,,,,,,,,,,,,,,,,,0,2,2,2,1,,,,,,,,,,,,,,,,,,,,,,,,,,,,,,,,,,,,,,,,,,,,,,,,,,,,,,,,,,,,,,,,,,,,,,,,,,,,,,,,,,,,,,,,,,,,,,,,,
,,,,,31,001,2024-05-21_19h46.42.787,AXB:2AFC Experiments (16.05.2024),2024.1.3,MacIntel,128.2051282,,,,,,,,,,,,,,,,,,,,572.1546,577.3886,2,5.2319,,,,,,AXBstimuli/yyustimulus.wav,Last,,,,,,,,,,,,,,,,,,,,,,,,,,,,,,,,,,,,,,,,,,,,,,,,,,0,3,3,3,1,,,,,,,,,,,,,,,,,,,,,,,,,,,,,,,,,,,,,,,,,,,,,,,,,,,,,,,,,,,,,,,,,,,,,,,,,,,,,,,,,,,,,,,,,,,,,,,,,
,,,,,31,001,2024-05-21_19h46.42.787,AXB:2AFC Experiments (16.05.2024),2024.1.3,MacIntel,128.2051282,,,,,,,,,,,,,,,,,,,,577.3889,582.5553,1,5.1624,,,,,,AXBstimuli/iyystimulus.wav,First,,,,,,,,,,,,,,,,,,,,,,,,,,,,,,,,,,,,,,,,,,,,,,,,,,1,0,4,1,1,,,,,,,,,,,,,,,,,,,,,,,,,,,,,,,,,,,,,,,,,,,,,,,,,,,,,,,,,,,,,,,,,,,,,,,,,,,,,,,,,,,,,,,,,,,,,,,,,
,,,,,31,001,2024-05-21_19h46.42.787,AXB:2AFC Experiments (16.05.2024),2024.1.3,MacIntel,128.2051282,,,,,,,,,,,,,,,,,,,,582.5556,587.7886,2,5.2307,,,,,,AXBstimuli/iiystimulus.wav,Last,,,,,,,,,,,,,,,,,,,,,,,,,,,,,,,,,,,,,,,,,,,,,,,,,,1,1,5,0,1,,,,,,,,,,,,,,,,,,,,,,,,,,,,,,,,,,,,,,,,,,,,,,,,,,,,,,,,,,,,,,,,,,,,,,,,,,,,,,,,,,,,,,,,,,,,,,,,,
,,,,,31,001,2024-05-21_19h46.42.787,AXB:2AFC Experiments (16.05.2024),2024.1.3,MacIntel,128.2051282,,,,,,,,,,,,,,,,,,,,587.7888,593.5886,2,5.7943,,,,,,AXBstimuli/yyustimulus.wav,Last,,,,,,,,,,,,,,,,,,,,,,,,,,,,,,,,,,,,,,,,,,,,,,,,,,1,2,6,3,1,,,,,,,,,,,,,,,,,,,,,,,,,,,,,,,,,,,,,,,,,,,,,,,,,,,,,,,,,,,,,,,,,,,,,,,,,,,,,,,,,,,,,,,,,,,,,,,,,
,,,,,31,001,2024-05-21_19h46.42.787,AXB:2AFC Experiments (16.05.2024),2024.1.3,MacIntel,128.2051282,,,,,,,,,,,,,,,,,,,,593.5889,598.9636,1,5.3699,,,,,,AXBstimuli/yuustimulus.wav,First,,,,,,,,,,,,,,,,,,,,,,,,,,,,,,,,,,,,,,,,,,,,,,,,,,1,3,7,2,1,,,,,,,,,,,,,,,,,,,,,,,,,,,,,,,,,,,,,,,,,,,,,,,,,,,,,,,,,,,,,,,,,,,,,,,,,,,,,,,,,,,,,,,,,,,,,,,,,
,,,,,31,001,2024-05-21_19h46.42.787,AXB:2AFC Experiments (16.05.2024),2024.1.3,MacIntel,128.2051282,,,,,,,,,,,,,,,,,,,,598.9639,604.4219,2,5.4574,,,,,,AXBstimuli/iiystimulus.wav,Last,,,,,,,,,,,,,,,,,,,,,,,,,,,,,,,,,,,,,,,,,,,,,,,,,,2,0,8,0,1,,,,,,,,,,,,,,,,,,,,,,,,,,,,,,,,,,,,,,,,,,,,,,,,,,,,,,,,,,,,,,,,,,,,,,,,,,,,,,,,,,,,,,,,,,,,,,,,,
,,,,,31,001,2024-05-21_19h46.42.787,AXB:2AFC Experiments (16.05.2024),2024.1.3,MacIntel,128.2051282,,,,,,,,,,,,,,,,,,,,604.4223,610.2552,2,5.8272,,,,,,AXBstimuli/yyustimulus.wav,Last,,,,,,,,,,,,,,,,,,,,,,,,,,,,,,,,,,,,,,,,,,,,,,,,,,2,1,9,3,1,,,,,,,,,,,,,,,,,,,,,,,,,,,,,,,,,,,,,,,,,,,,,,,,,,,,,,,,,,,,,,,,,,,,,,,,,,,,,,,,,,,,,,,,,,,,,,,,,
,,,,,31,001,2024-05-21_19h46.42.787,AXB:2AFC Experiments (16.05.2024),2024.1.3,MacIntel,128.2051282,,,,,,,,,,,,,,,,,,,,610.2555,615.6719,1,5.4113,,,,,,AXBstimuli/yuustimulus.wav,First,,,,,,,,,,,,,,,,,,,,,,,,,,,,,,,,,,,,,,,,,,,,,,,,,,2,2,10,2,1,,,,,,,,,,,,,,,,,,,,,,,,,,,,,,,,,,,,,,,,,,,,,,,,,,,,,,,,,,,,,,,,,,,,,,,,,,,,,,,,,,,,,,,,,,,,,,,,,
,,,,,31,001,2024-05-21_19h46.42.787,AXB:2AFC Experiments (16.05.2024),2024.1.3,MacIntel,128.2051282,,,,,,,,,,,,,,,,,,,,615.6722,621.6714,1,5.9941,,,,,,AXBstimuli/iyystimulus.wav,First,,,,,,,,,,,,,,,,,,,,,,,,,,,,,,,,,,,,,,,,,,,,,,,,,,2,3,11,1,1,,,,,,,,,,,,,,,,,,,,,,,,,,,,,,,,,,,,,,,,,,,,,,,,,,,,,,,,,,,,,,,,,,,,,,,,,,,,,,,,,,,,,,,,,,,,,,,,,
,,,,,31,001,2024-05-21_19h46.42.787,AXB:2AFC Experiments (16.05.2024),2024.1.3,MacIntel,128.2051282,,,,,,,,,,,,,,,,,,,,,,,,,,,,,,,,,,,,,,,,,,,,,,,,,,,,,,,,,,,,,,,,,,,,,,,,,,,,,,,,,,,,,621.6719,652.7225,space,31.0344,,,,,,,,,,,,,,,,,,,,,,,,,,,,,,,,,,,,,,,,,,,,,,,,,,,,,,,,,,,,,,,,,,,,,,,,,,,,,,,,,,,,,,,,,,,,,
,,,,,31,001,2024-05-21_19h46.42.787,AXB:2AFC Experiments (16.05.2024),2024.1.3,MacIntel,128.2051282,,,,,,,,,,,,,,,,,,,,,,,,,,,,,,,,,,,,,,,,,,,,,,,,,,,,,,,,,,,,,,,,,,,,,,,,,,,,,,,,,,,,,,,,,,652.7269,696.5304,2,43.8013,0,0,0,3,1,TAFCstimuli01/nimnym004.wav,,,,,,,,,,,,,,,,,,,,,,,,,,,,,,,,,,,,,,,,,,,,,,,,,,,,,,,,,,,,,,,,,,,,,,,,,,,,,,,,,,
,,,,,31,001,2024-05-21_19h46.42.787,AXB:2AFC Experiments (16.05.2024),2024.1.3,MacIntel,128.2051282,,,,,,,,,,,,,,,,,,,,,,,,,,,,,,,,,,,,,,,,,,,,,,,,,,,,,,,,,,,,,,,,,,,,,,,,,,,,,,,,,,,,,,,,,,696.5308,702.4793,1,5.9453,0,1,1,2,1,TAFCstimuli01/nimnym003.wav,,,,,,,,,,,,,,,,,,,,,,,,,,,,,,,,,,,,,,,,,,,,,,,,,,,,,,,,,,,,,,,,,,,,,,,,,,,,,,,,,,
,,,,,31,001,2024-05-21_19h46.42.787,AXB:2AFC Experiments (16.05.2024),2024.1.3,MacIntel,128.2051282,,,,,,,,,,,,,,,,,,,,,,,,,,,,,,,,,,,,,,,,,,,,,,,,,,,,,,,,,,,,,,,,,,,,,,,,,,,,,,,,,,,,,,,,,,702.4795,707.3715,1,4.888,0,2,2,1,1,TAFCstimuli01/nimnym002.wav,,,,,,,,,,,,,,,,,,,,,,,,,,,,,,,,,,,,,,,,,,,,,,,,,,,,,,,,,,,,,,,,,,,,,,,,,,,,,,,,,,
,,,,,31,001,2024-05-21_19h46.42.787,AXB:2AFC Experiments (16.05.2024),2024.1.3,MacIntel,128.2051282,,,,,,,,,,,,,,,,,,,,,,,,,,,,,,,,,,,,,,,,,,,,,,,,,,,,,,,,,,,,,,,,,,,,,,,,,,,,,,,,,,,,,,,,,,707.3719,711.9215,1,4.5458,0,3,3,0,1,TAFCstimuli01/nimnym001.wav,,,,,,,,,,,,,,,,,,,,,,,,,,,,,,,,,,,,,,,,,,,,,,,,,,,,,,,,,,,,,,,,,,,,,,,,,,,,,,,,,,
,,,,,31,001,2024-05-21_19h46.42.787,AXB:2AFC Experiments (16.05.2024),2024.1.3,MacIntel,128.2051282,,,,,,,,,,,,,,,,,,,,,,,,,,,,,,,,,,,,,,,,,,,,,,,,,,,,,,,,,,,,,,,,,,,,,,,,,,,,,,,,,,,,,,,,,,,,,,,,,,,,711.922,716.6301,2,4.7062,,,,,,,,,,,,,,,,,,,,,,,,,,,,,,,,,,,,,,,,,,,,,,,,,,,,,,,,,,,,,,,,,,,,,,,,,,,,,,
,,,,,31,001,2024-05-21_19h46.42.787,AXB:2AFC Experiments (16.05.2024),2024.1.3,MacIntel,128.2051282,,,,,,,,,,,,,,,,,,,,,,,,,,,,,,,,,,,,,,,,,,,,,,,,,,,,,,,,,,,,,,,,,,,,,,,,,,,,,,,,,,,,,,,,,,,,,,,,,,,,,,,,716.6302,749.3804,space,32.7349,,,,,,,,,,,,,,,,,,,,,,,,,,,,,,,,,,,,,,,,,,,,,,,,,,,,,,,,,,,,,,,,,,,,,,,,,,
,,,,,31,001,2024-05-21_19h46.42.787,AXB:2AFC Experiments (16.05.2024),2024.1.3,MacIntel,128.2051282,,,,,,,,,,,,,,,,,,,,,,,,,,,,,,nym,,,,,,,,,,,,,,,,,,,,,,,,,,,,,,,,,,,,,,,,,,,,,,,,,,,,,,,,,,,,,,,,,,,,,,,,,,,,,,,749.395,754.4551,2,5.0556,0,0,0,6,1,TAFCstimuli01/nimnym007.wav,,,,,,,,,,,,,,,,,,,,,,,,,,,,,,,,,,,,,,,,,,,,,,,,,,,,,,,,,,,,,,,
,,,,,31,001,2024-05-21_19h46.42.787,AXB:2AFC Experiments (16.05.2024),2024.1.3,MacIntel,128.2051282,,,,,,,,,,,,,,,,,,,,,,,,,,,,,,nym,,,,,,,,,,,,,,,,,,,,,,,,,,,,,,,,,,,,,,,,,,,,,,,,,,,,,,,,,,,,,,,,,,,,,,,,,,,,,,,754.4554,758.5213,2,4.0605,0,1,1,4,1,TAFCstimuli01/nimnym005.wav,,,,,,,,,,,,,,,,,,,,,,,,,,,,,,,,,,,,,,,,,,,,,,,,,,,,,,,,,,,,,,,
,,,,,31,001,2024-05-21_19h46.42.787,AXB:2AFC Experiments (16.05.2024),2024.1.3,MacIntel,128.2051282,,,,,,,,,,,,,,,,,,,,,,,,,,,,,,nym,,,,,,,,,,,,,,,,,,,,,,,,,,,,,,,,,,,,,,,,,,,,,,,,,,,,,,,,,,,,,,,,,,,,,,,,,,,,,,,758.5217,762.1885,2,3.6661,0,2,2,5,1,TAFCstimuli01/nimnym006.wav,,,,,,,,,,,,,,,,,,,,,,,,,,,,,,,,,,,,,,,,,,,,,,,,,,,,,,,,,,,,,,,
,,,,,31,001,2024-05-21_19h46.42.787,AXB:2AFC Experiments (16.05.2024),2024.1.3,MacIntel,128.2051282,,,,,,,,,,,,,,,,,,,,,,,,,,,,,,/,,,,,,,,,,,,,,,,,,,,,,,,,,,,,,,,,,,,,,,,,,,,,,,,,,,,,,,,,,,,,,,,,,,,,,,,,,,,,,,762.1887,767.5048,1,5.3151,0,3,3,3,1,TAFCstimuli01/nimnym004.wav,,,,,,,,,,,,,,,,,,,,,,,,,,,,,,,,,,,,,,,,,,,,,,,,,,,,,,,,,,,,,,,
,,,,,31,001,2024-05-21_19h46.42.787,AXB:2AFC Experiments (16.05.2024),2024.1.3,MacIntel,128.2051282,,,,,,,,,,,,,,,,,,,,,,,,,,,,,,nim,,,,,,,,,,,,,,,,,,,,,,,,,,,,,,,,,,,,,,,,,,,,,,,,,,,,,,,,,,,,,,,,,,,,,,,,,,,,,,,767.5052,770.7879,1,3.2787,0,4,4,2,1,TAFCstimuli01/nimnym003.wav,,,,,,,,,,,,,,,,,,,,,,,,,,,,,,,,,,,,,,,,,,,,,,,,,,,,,,,,,,,,,,,
,,,,,31,001,2024-05-21_19h46.42.787,AXB:2AFC Experiments (16.05.2024),2024.1.3,MacIntel,128.2051282,,,,,,,,,,,,,,,,,,,,,,,,,,,,,,nim,,,,,,,,,,,,,,,,,,,,,,,,,,,,,,,,,,,,,,,,,,,,,,,,,,,,,,,,,,,,,,,,,,,,,,,,,,,,,,,770.7883,774.212,1,3.4201,0,5,5,0,1,TAFCstimuli01/nimnym001.wav,,,,,,,,,,,,,,,,,,,,,,,,,,,,,,,,,,,,,,,,,,,,,,,,,,,,,,,,,,,,,,,
,,,,,31,001,2024-05-21_19h46.42.787,AXB:2AFC Experiments (16.05.2024),2024.1.3,MacIntel,128.2051282,,,,,,,,,,,,,,,,,,,,,,,,,,,,,,nim,,,,,,,,,,,,,,,,,,,,,,,,,,,,,,,,,,,,,,,,,,,,,,,,,,,,,,,,,,,,,,,,,,,,,,,,,,,,,,,774.2123,777.362,1,3.1446,0,6,6,1,1,TAFCstimuli01/nimnym002.wav,,,,,,,,,,,,,,,,,,,,,,,,,,,,,,,,,,,,,,,,,,,,,,,,,,,,,,,,,,,,,,,
,,,,,31,001,2024-05-21_19h46.42.787,AXB:2AFC Experiments (16.05.2024),2024.1.3,MacIntel,128.2051282,,,,,,,,,,,,,,,,,,,,,,,,,,,,,,nim,,,,,,,,,,,,,,,,,,,,,,,,,,,,,,,,,,,,,,,,,,,,,,,,,,,,,,,,,,,,,,,,,,,,,,,,,,,,,,,777.3622,781.3386,1,3.9758,1,0,7,2,1,TAFCstimuli01/nimnym003.wav,,,,,,,,,,,,,,,,,,,,,,,,,,,,,,,,,,,,,,,,,,,,,,,,,,,,,,,,,,,,,,,
,,,,,31,001,2024-05-21_19h46.42.787,AXB:2AFC Experiments (16.05.2024),2024.1.3,MacIntel,128.2051282,,,,,,,,,,,,,,,,,,,,,,,,,,,,,,nym,,,,,,,,,,,,,,,,,,,,,,,,,,,,,,,,,,,,,,,,,,,,,,,,,,,,,,,,,,,,,,,,,,,,,,,,,,,,,,,781.3389,784.8545,2,3.511,1,1,8,6,1,TAFCstimuli01/nimnym007.wav,,,,,,,,,,,,,,,,,,,,,,,,,,,,,,,,,,,,,,,,,,,,,,,,,,,,,,,,,,,,,,,
,,,,,31,001,2024-05-21_19h46.42.787,AXB:2AFC Experiments (16.05.2024),2024.1.3,MacIntel,128.2051282,,,,,,,,,,,,,,,,,,,,,,,,,,,,,,/,,,,,,,,,,,,,,,,,,,,,,,,,,,,,,,,,,,,,,,,,,,,,,,,,,,,,,,,,,,,,,,,,,,,,,,,,,,,,,,784.8549,788.5213,2,3.661,1,2,9,3,1,TAFCstimuli01/nimnym004.wav,,,,,,,,,,,,,,,,,,,,,,,,,,,,,,,,,,,,,,,,,,,,,,,,,,,,,,,,,,,,,,,
,,,,,31,001,2024-05-21_19h46.42.787,AXB:2AFC Experiments (16.05.2024),2024.1.3,MacIntel,128.2051282,,,,,,,,,,,,,,,,,,,,,,,,,,,,,,nim,,,,,,,,,,,,,,,,,,,,,,,,,,,,,,,,,,,,,,,,,,,,,,,,,,,,,,,,,,,,,,,,,,,,,,,,,,,,,,,788.5215,793.0047,1,4.4773,1,3,10,1,1,TAFCstimuli01/nimnym002.wav,,,,,,,,,,,,,,,,,,,,,,,,,,,,,,,,,,,,,,,,,,,,,,,,,,,,,,,,,,,,,,,
,,,,,31,001,2024-05-21_19h46.42.787,AXB:2AFC Experiments (16.05.2024),2024.1.3,MacIntel,128.2051282,,,,,,,,,,,,,,,,,,,,,,,,,,,,,,nym,,,,,,,,,,,,,,,,,,,,,,,,,,,,,,,,,,,,,,,,,,,,,,,,,,,,,,,,,,,,,,,,,,,,,,,,,,,,,,,793.0051,796.6046,2,3.5937,1,4,11,5,1,TAFCstimuli01/nimnym006.wav,,,,,,,,,,,,,,,,,,,,,,,,,,,,,,,,,,,,,,,,,,,,,,,,,,,,,,,,,,,,,,,
,,,,,31,001,2024-05-21_19h46.42.787,AXB:2AFC Experiments (16.05.2024),2024.1.3,MacIntel,128.2051282,,,,,,,,,,,,,,,,,,,,,,,,,,,,,,nim,,,,,,,,,,,,,,,,,,,,,,,,,,,,,,,,,,,,,,,,,,,,,,,,,,,,,,,,,,,,,,,,,,,,,,,,,,,,,,,796.6048,799.8965,1,3.2873,1,5,12,0,1,TAFCstimuli01/nimnym001.wav,,,,,,,,,,,,,,,,,,,,,,,,,,,,,,,,,,,,,,,,,,,,,,,,,,,,,,,,,,,,,,,
,,,,,31,001,2024-05-21_19h46.42.787,AXB:2AFC Experiments (16.05.2024),2024.1.3,MacIntel,128.2051282,,,,,,,,,,,,,,,,,,,,,,,,,,,,,,nym,,,,,,,,,,,,,,,,,,,,,,,,,,,,,,,,,,,,,,,,,,,,,,,,,,,,,,,,,,,,,,,,,,,,,,,,,,,,,,,799.8968,803.4878,2,3.5844,1,6,13,4,1,TAFCstimuli01/nimnym005.wav,,,,,,,,,,,,,,,,,,,,,,,,,,,,,,,,,,,,,,,,,,,,,,,,,,,,,,,,,,,,,,,
,,,,,31,001,2024-05-21_19h46.42.787,AXB:2AFC Experiments (16.05.2024),2024.1.3,MacIntel,128.2051282,,,,,,,,,,,,,,,,,,,,,,,,,,,,,,,,,,,,,,,,,,,,,,,,,,,,,,,,,,,,,,,,,,,,,,,,,,,,,,,,,,,,,,,,,,,,,,,,,,,,,,,,,,,,,,,,,,,,,,,803.4884,810.455,2,6.9645,,,,,,,,,,,,,,,,,,,,,,,,,,,,,,,,,,,,,,,,,,,,,,,,,,,,,,,,,,,
,,,,,31,001,2024-05-21_19h46.42.787,AXB:2AFC Experiments (16.05.2024),2024.1.3,MacIntel,128.2051282,,,,,,,,,,,,,,,,,,,,,,,,,,,,,,nim,,,,,,,,,,,,,,,,,,,,,,,,,,,,,,,,,,,,,,,,,,,,,,,,,,,,,,,,,,,,,,,,,,,,,,,,,,,,,,,810.4582,815.8789,1,5.4199,,,,,,TAFCstimuli01/nimnym001.wav,,,,,,0,0,0,0,1,,,,,,,,,,,,,,,,,,,,,,,,,,,,,,,,,,,,,,,,,,,,,,,,,,,,,
,,,,,31,001,2024-05-21_19h46.42.787,AXB:2AFC Experiments (16.05.2024),2024.1.3,MacIntel,128.2051282,,,,,,,,,,,,,,,,,,,,,,,,,,,,,,nim,,,,,,,,,,,,,,,,,,,,,,,,,,,,,,,,,,,,,,,,,,,,,,,,,,,,,,,,,,,,,,,,,,,,,,,,,,,,,,,815.8795,819.5545,1,3.6693,,,,,,TAFCstimuli01/nimnym003.wav,,,,,,0,1,1,2,1,,,,,,,,,,,,,,,,,,,,,,,,,,,,,,,,,,,,,,,,,,,,,,,,,,,,,
,,,,,31,001,2024-05-21_19h46.42.787,AXB:2AFC Experiments (16.05.2024),2024.1.3,MacIntel,128.2051282,,,,,,,,,,,,,,,,,,,,,,,,,,,,,,nim,,,,,,,,,,,,,,,,,,,,,,,,,,,,,,,,,,,,,,,,,,,,,,,,,,,,,,,,,,,,,,,,,,,,,,,,,,,,,,,819.555,822.6878,1,3.1298,,,,,,TAFCstimuli01/nimnym002.wav,,,,,,0,2,2,1,1,,,,,,,,,,,,,,,,,,,,,,,,,,,,,,,,,,,,,,,,,,,,,,,,,,,,,
,,,,,31,001,2024-05-21_19h46.42.787,AXB:2AFC Experiments (16.05.2024),2024.1.3,MacIntel,128.2051282,,,,,,,,,,,,,,,,,,,,,,,,,,,,,,nym,,,,,,,,,,,,,,,,,,,,,,,,,,,,,,,,,,,,,,,,,,,,,,,,,,,,,,,,,,,,,,,,,,,,,,,,,,,,,,,822.688,826.0711,2,3.3826,,,,,,TAFCstimuli01/nimnym007.wav,,,,,,0,3,3,6,1,,,,,,,,,,,,,,,,,,,,,,,,,,,,,,,,,,,,,,,,,,,,,,,,,,,,,
,,,,,31,001,2024-05-21_19h46.42.787,AXB:2AFC Experiments (16.05.2024),2024.1.3,MacIntel,128.2051282,,,,,,,,,,,,,,,,,,,,,,,,,,,,,,nym,,,,,,,,,,,,,,,,,,,,,,,,,,,,,,,,,,,,,,,,,,,,,,,,,,,,,,,,,,,,,,,,,,,,,,,,,,,,,,,826.0714,829.7544,2,3.6824,,,,,,TAFCstimuli01/nimnym006.wav,,,,,,0,4,4,5,1,,,,,,,,,,,,,,,,,,,,,,,,,,,,,,,,,,,,,,,,,,,,,,,,,,,,,
,,,,,31,001,2024-05-21_19h46.42.787,AXB:2AFC Experiments (16.05.2024),2024.1.3,MacIntel,128.2051282,,,,,,,,,,,,,,,,,,,,,,,,,,,,,,/,,,,,,,,,,,,,,,,,,,,,,,,,,,,,,,,,,,,,,,,,,,,,,,,,,,,,,,,,,,,,,,,,,,,,,,,,,,,,,,829.7546,833.6044,2,3.8442,,,,,,TAFCstimuli01/nimnym004.wav,,,,,,0,5,5,3,1,,,,,,,,,,,,,,,,,,,,,,,,,,,,,,,,,,,,,,,,,,,,,,,,,,,,,
,,,,,31,001,2024-05-21_19h46.42.787,AXB:2AFC Experiments (16.05.2024),2024.1.3,MacIntel,128.2051282,,,,,,,,,,,,,,,,,,,,,,,,,,,,,,nym,,,,,,,,,,,,,,,,,,,,,,,,,,,,,,,,,,,,,,,,,,,,,,,,,,,,,,,,,,,,,,,,,,,,,,,,,,,,,,,833.6046,837.5378,2,3.9273,,,,,,TAFCstimuli01/nimnym005.wav,,,,,,0,6,6,4,1,,,,,,,,,,,,,,,,,,,,,,,,,,,,,,,,,,,,,,,,,,,,,,,,,,,,,
,,,,,31,001,2024-05-21_19h46.42.787,AXB:2AFC Experiments (16.05.2024),2024.1.3,MacIntel,128.2051282,,,,,,,,,,,,,,,,,,,,,,,,,,,,,,nym,,,,,,,,,,,,,,,,,,,,,,,,,,,,,,,,,,,,,,,,,,,,,,,,,,,,,,,,,,,,,,,,,,,,,,,,,,,,,,,837.5381,840.7878,2,3.2441,,,,,,TAFCstimuli01/nimnym007.wav,,,,,,1,0,7,6,1,,,,,,,,,,,,,,,,,,,,,,,,,,,,,,,,,,,,,,,,,,,,,,,,,,,,,
,,,,,31,001,2024-05-21_19h46.42.787,AXB:2AFC Experiments (16.05.2024),2024.1.3,MacIntel,128.2051282,,,,,,,,,,,,,,,,,,,,,,,,,,,,,,nim,,,,,,,,,,,,,,,,,,,,,,,,,,,,,,,,,,,,,,,,,,,,,,,,,,,,,,,,,,,,,,,,,,,,,,,,,,,,,,,840.788,843.8285,1,3.0395,,,,,,TAFCstimuli01/nimnym002.wav,,,,,,1,1,8,1,1,,,,,,,,,,,,,,,,,,,,,,,,,,,,,,,,,,,,,,,,,,,,,,,,,,,,,
,,,,,31,001,2024-05-21_19h46.42.787,AXB:2AFC Experiments (16.05.2024),2024.1.3,MacIntel,128.2051282,,,,,,,,,,,,,,,,,,,,,,,,,,,,,,nim,,,,,,,,,,,,,,,,,,,,,,,,,,,,,,,,,,,,,,,,,,,,,,,,,,,,,,,,,,,,,,,,,,,,,,,,,,,,,,,843.8287,846.7627,1,2.9307,,,,,,TAFCstimuli01/nimnym001.wav,,,,,,1,2,9,0,1,,,,,,,,,,,,,,,,,,,,,,,,,,,,,,,,,,,,,,,,,,,,,,,,,,,,,
,,,,,31,001,2024-05-21_19h46.42.787,AXB:2AFC Experiments (16.05.2024),2024.1.3,MacIntel,128.2051282,,,,,,,,,,,,,,,,,,,,,,,,,,,,,,nym,,,,,,,,,,,,,,,,,,,,,,,,,,,,,,,,,,,,,,,,,,,,,,,,,,,,,,,,,,,,,,,,,,,,,,,,,,,,,,,846.763,849.7712,2,3.0041,,,,,,TAFCstimuli01/nimnym006.wav,,,,,,1,3,10,5,1,,,,,,,,,,,,,,,,,,,,,,,,,,,,,,,,,,,,,,,,,,,,,,,,,,,,,
,,,,,31,001,2024-05-21_19h46.42.787,AXB:2AFC Experiments (16.05.2024),2024.1.3,MacIntel,128.2051282,,,,,,,,,,,,,,,,,,,,,,,,,,,,,,nim,,,,,,,,,,,,,,,,,,,,,,,,,,,,,,,,,,,,,,,,,,,,,,,,,,,,,,,,,,,,,,,,,,,,,,,,,,,,,,,849.7715,853.7545,1,3.9775,,,,,,TAFCstimuli01/nimnym003.wav,,,,,,1,4,11,2,1,,,,,,,,,,,,,,,,,,,,,,,,,,,,,,,,,,,,,,,,,,,,,,,,,,,,,
,,,,,31,001,2024-05-21_19h46.42.787,AXB:2AFC Experiments (16.05.2024),2024.1.3,MacIntel,128.2051282,,,,,,,,,,,,,,,,,,,,,,,,,,,,,,/,,,,,,,,,,,,,,,,,,,,,,,,,,,,,,,,,,,,,,,,,,,,,,,,,,,,,,,,,,,,,,,,,,,,,,,,,,,,,,,853.7548,857.7297,2,3.9737,,,,,,TAFCstimuli01/nimnym004.wav,,,,,,1,5,12,3,1,,,,,,,,,,,,,,,,,,,,,,,,,,,,,,,,,,,,,,,,,,,,,,,,,,,,,
,,,,,31,001,2024-05-21_19h46.42.787,AXB:2AFC Experiments (16.05.2024),2024.1.3,MacIntel,128.2051282,,,,,,,,,,,,,,,,,,,,,,,,,,,,,,nym,,,,,,,,,,,,,,,,,,,,,,,,,,,,,,,,,,,,,,,,,,,,,,,,,,,,,,,,,,,,,,,,,,,,,,,,,,,,,,,857.7299,861.7461,2,4.0149,,,,,,TAFCstimuli01/nimnym005.wav,,,,,,1,6,13,4,1,,,,,,,,,,,,,,,,,,,,,,,,,,,,,,,,,,,,,,,,,,,,,,,,,,,,,
,,,,,31,001,2024-05-21_19h46.42.787,AXB:2AFC Experiments (16.05.2024),2024.1.3,MacIntel,128.2051282,,,,,,,,,,,,,,,,,,,,,,,,,,,,,,,861.7466,872.504,space,10.7452,,,,,,,,,,,,,,,,,,,,,,,,,,,,,,,,,,,,,,,,,,,,,,,,,,,,,,,,,,,,,,,,,,,,,,,,,,,,,,,,,,,,,,,,,,,,,,,,,,,,,,,,,,,,,,,,,,,,,,,,,,,,,,,,,,,,,,,,,,,,,,,,,,,
,,,,,31,001,2024-05-21_19h46.42.787,AXB:2AFC Experiments (16.05.2024),2024.1.3,MacIntel,128.2051282,,,,,,,,,,,,,,,,,,,,,,,,,,,,,,/,,,,,,,,,,,,,,,,,,,,,,,,,,,,,,,,,,,,,,,,,,,,,,,,,,,,,,,,,,,,,,,,,,,,,,,,,,,,,,,872.5151,877.296,2,4.776,,,,,,TAFCstimuli01/nimnym004.wav,,,,,,,,,,,0,0,0,3,1,,,,,,,,,,,,,,,,,,,,,,,,,,,,,,,,,,,,,,,,,,,,,,,,
,,,,,31,001,2024-05-21_19h46.42.787,AXB:2AFC Experiments (16.05.2024),2024.1.3,MacIntel,128.2051282,,,,,,,,,,,,,,,,,,,,,,,,,,,,,,nym,,,,,,,,,,,,,,,,,,,,,,,,,,,,,,,,,,,,,,,,,,,,,,,,,,,,,,,,,,,,,,,,,,,,,,,,,,,,,,,877.2967,880.4626,2,3.1647,,,,,,TAFCstimuli01/nimnym006.wav,,,,,,,,,,,0,1,1,5,1,,,,,,,,,,,,,,,,,,,,,,,,,,,,,,,,,,,,,,,,,,,,,,,,
,,,,,31,001,2024-05-21_19h46.42.787,AXB:2AFC Experiments (16.05.2024),2024.1.3,MacIntel,128.2051282,,,,,,,,,,,,,,,,,,,,,,,,,,,,,,nim,,,,,,,,,,,,,,,,,,,,,,,,,,,,,,,,,,,,,,,,,,,,,,,,,,,,,,,,,,,,,,,,,,,,,,,,,,,,,,,880.4629,883.9042,1,3.4398,,,,,,TAFCstimuli01/nimnym001.wav,,,,,,,,,,,0,2,2,0,1,,,,,,,,,,,,,,,,,,,,,,,,,,,,,,,,,,,,,,,,,,,,,,,,
,,,,,31,001,2024-05-21_19h46.42.787,AXB:2AFC Experiments (16.05.2024),2024.1.3,MacIntel,128.2051282,,,,,,,,,,,,,,,,,,,,,,,,,,,,,,nim,,,,,,,,,,,,,,,,,,,,,,,,,,,,,,,,,,,,,,,,,,,,,,,,,,,,,,,,,,,,,,,,,,,,,,,,,,,,,,,883.9044,887.2299,1,3.3247,,,,,,TAFCstimuli01/nimnym002.wav,,,,,,,,,,,0,3,3,1,1,,,,,,,,,,,,,,,,,,,,,,,,,,,,,,,,,,,,,,,,,,,,,,,,
,,,,,31,001,2024-05-21_19h46.42.787,AXB:2AFC Experiments (16.05.2024),2024.1.3,MacIntel,128.2051282,,,,,,,,,,,,,,,,,,,,,,,,,,,,,,nym,,,,,,,,,,,,,,,,,,,,,,,,,,,,,,,,,,,,,,,,,,,,,,,,,,,,,,,,,,,,,,,,,,,,,,,,,,,,,,,887.2301,890.5708,2,3.3349,,,,,,TAFCstimuli01/nimnym007.wav,,,,,,,,,,,0,4,4,6,1,,,,,,,,,,,,,,,,,,,,,,,,,,,,,,,,,,,,,,,,,,,,,,,,
,,,,,31,001,2024-05-21_19h46.42.787,AXB:2AFC Experiments (16.05.2024),2024.1.3,MacIntel,128.2051282,,,,,,,,,,,,,,,,,,,,,,,,,,,,,,nim,,,,,,,,,,,,,,,,,,,,,,,,,,,,,,,,,,,,,,,,,,,,,,,,,,,,,,,,,,,,,,,,,,,,,,,,,,,,,,,890.5711,895.0545,1,4.4829,,,,,,TAFCstimuli01/nimnym003.wav,,,,,,,,,,,0,5,5,2,1,,,,,,,,,,,,,,,,,,,,,,,,,,,,,,,,,,,,,,,,,,,,,,,,
,,,,,31,001,2024-05-21_19h46.42.787,AXB:2AFC Experiments (16.05.2024),2024.1.3,MacIntel,128.2051282,,,,,,,,,,,,,,,,,,,,,,,,,,,,,,nym,,,,,,,,,,,,,,,,,,,,,,,,,,,,,,,,,,,,,,,,,,,,,,,,,,,,,,,,,,,,,,,,,,,,,,,,,,,,,,,895.0548,899.0215,2,3.9655,,,,,,TAFCstimuli01/nimnym005.wav,,,,,,,,,,,0,6,6,4,1,,,,,,,,,,,,,,,,,,,,,,,,,,,,,,,,,,,,,,,,,,,,,,,,
,,,,,31,001,2024-05-21_19h46.42.787,AXB:2AFC Experiments (16.05.2024),2024.1.3,MacIntel,128.2051282,,,,,,,,,,,,,,,,,,,,,,,,,,,,,,/,,,,,,,,,,,,,,,,,,,,,,,,,,,,,,,,,,,,,,,,,,,,,,,,,,,,,,,,,,,,,,,,,,,,,,,,,,,,,,,899.0218,903.145,2,4.1184,,,,,,TAFCstimuli01/nimnym004.wav,,,,,,,,,,,1,0,7,3,1,,,,,,,,,,,,,,,,,,,,,,,,,,,,,,,,,,,,,,,,,,,,,,,,
,,,,,31,001,2024-05-21_19h46.42.787,AXB:2AFC Experiments (16.05.2024),2024.1.3,MacIntel,128.2051282,,,,,,,,,,,,,,,,,,,,,,,,,,,,,,nim,,,,,,,,,,,,,,,,,,,,,,,,,,,,,,,,,,,,,,,,,,,,,,,,,,,,,,,,,,,,,,,,,,,,,,,,,,,,,,,903.1453,906.5208,1,3.3695,,,,,,TAFCstimuli01/nimnym001.wav,,,,,,,,,,,1,1,8,0,1,,,,,,,,,,,,,,,,,,,,,,,,,,,,,,,,,,,,,,,,,,,,,,,,
,,,,,31,001,2024-05-21_19h46.42.787,AXB:2AFC Experiments (16.05.2024),2024.1.3,MacIntel,128.2051282,,,,,,,,,,,,,,,,,,,,,,,,,,,,,,nim,,,,,,,,,,,,,,,,,,,,,,,,,,,,,,,,,,,,,,,,,,,,,,,,,,,,,,,,,,,,,,,,,,,,,,,,,,,,,,,906.5211,909.7208,1,3.1955,,,,,,TAFCstimuli01/nimnym003.wav,,,,,,,,,,,1,2,9,2,1,,,,,,,,,,,,,,,,,,,,,,,,,,,,,,,,,,,,,,,,,,,,,,,,
,,,,,31,001,2024-05-21_19h46.42.787,AXB:2AFC Experiments (16.05.2024),2024.1.3,MacIntel,128.2051282,,,,,,,,,,,,,,,,,,,,,,,,,,,,,,nym,,,,,,,,,,,,,,,,,,,,,,,,,,,,,,,,,,,,,,,,,,,,,,,,,,,,,,,,,,,,,,,,,,,,,,,,,,,,,,,909.721,913.6958,2,3.9694,,,,,,TAFCstimuli01/nimnym005.wav,,,,,,,,,,,1,3,10,4,1,,,,,,,,,,,,,,,,,,,,,,,,,,,,,,,,,,,,,,,,,,,,,,,,
,,,,,31,001,2024-05-21_19h46.42.787,AXB:2AFC Experiments (16.05.2024),2024.1.3,MacIntel,128.2051282,,,,,,,,,,,,,,,,,,,,,,,,,,,,,,nym,,,,,,,,,,,,,,,,,,,,,,,,,,,,,,,,,,,,,,,,,,,,,,,,,,,,,,,,,,,,,,,,,,,,,,,,,,,,,,,913.6961,917.2208,2,3.5188,,,,,,TAFCstimuli01/nimnym007.wav,,,,,,,,,,,1,4,11,6,1,,,,,,,,,,,,,,,,,,,,,,,,,,,,,,,,,,,,,,,,,,,,,,,,
,,,,,31,001,2024-05-21_19h46.42.787,AXB:2AFC Experiments (16.05.2024),2024.1.3,MacIntel,128.2051282,,,,,,,,,,,,,,,,,,,,,,,,,,,,,,nim,,,,,,,,,,,,,,,,,,,,,,,,,,,,,,,,,,,,,,,,,,,,,,,,,,,,,,,,,,,,,,,,,,,,,,,,,,,,,,,917.2211,920.4208,1,3.1955,,,,,,TAFCstimuli01/nimnym002.wav,,,,,,,,,,,1,5,12,1,1,,,,,,,,,,,,,,,,,,,,,,,,,,,,,,,,,,,,,,,,,,,,,,,,
,,,,,31,001,2024-05-21_19h46.42.787,AXB:2AFC Experiments (16.05.2024),2024.1.3,MacIntel,128.2051282,,,,,,,,,,,,,,,,,,,,,,,,,,,,,,nym,,,,,,,,,,,,,,,,,,,,,,,,,,,,,,,,,,,,,,,,,,,,,,,,,,,,,,,,,,,,,,,,,,,,,,,,,,,,,,,920.4211,923.8377,2,3.4118,,,,,,TAFCstimuli01/nimnym006.wav,,,,,,,,,,,1,6,13,5,1,,,,,,,,,,,,,,,,,,,,,,,,,,,,,,,,,,,,,,,,,,,,,,,,
,,,,,31,001,2024-05-21_19h46.42.787,AXB:2AFC Experiments (16.05.2024),2024.1.3,MacIntel,128.2051282,,,,,,,,,,,,,,,,,,,,,,,,,,,,,,nim,,,,,,,,,,,,,,,,,,,,,,,,,,,,,,,,,,,,,,,,,,,,,,,,,,,,,,,,,,,,,,,,,,,,,,,,,,,,,,,923.8381,927.3124,1,3.4697,,,,,,TAFCstimuli01/nimnym001.wav,,,,,,,,,,,2,0,14,0,1,,,,,,,,,,,,,,,,,,,,,,,,,,,,,,,,,,,,,,,,,,,,,,,,
,,,,,31,001,2024-05-21_19h46.42.787,AXB:2AFC Experiments (16.05.2024),2024.1.3,MacIntel,128.2051282,,,,,,,,,,,,,,,,,,,,,,,,,,,,,,nym,,,,,,,,,,,,,,,,,,,,,,,,,,,,,,,,,,,,,,,,,,,,,,,,,,,,,,,,,,,,,,,,,,,,,,,,,,,,,,,927.3128,930.5782,2,3.2606,,,,,,TAFCstimuli01/nimnym005.wav,,,,,,,,,,,2,1,15,4,1,,,,,,,,,,,,,,,,,,,,,,,,,,,,,,,,,,,,,,,,,,,,,,,,
,,,,,31,001,2024-05-21_19h46.42.787,AXB:2AFC Experiments (16.05.2024),2024.1.3,MacIntel,128.2051282,,,,,,,,,,,,,,,,,,,,,,,,,,,,,,nim,,,,,,,,,,,,,,,,,,,,,,,,,,,,,,,,,,,,,,,,,,,,,,,,,,,,,,,,,,,,,,,,,,,,,,,,,,,,,,,930.5785,934.7957,1,4.2102,,,,,,TAFCstimuli01/nimnym002.wav,,,,,,,,,,,2,2,16,1,1,,,,,,,,,,,,,,,,,,,,,,,,,,,,,,,,,,,,,,,,,,,,,,,,
,,,,,31,001,2024-05-21_19h46.42.787,AXB:2AFC Experiments (16.05.2024),2024.1.3,MacIntel,128.2051282,,,,,,,,,,,,,,,,,,,,,,,,,,,,,,nim,,,,,,,,,,,,,,,,,,,,,,,,,,,,,,,,,,,,,,,,,,,,,,,,,,,,,,,,,,,,,,,,,,,,,,,,,,,,,,,934.796,942.2457,1,7.4454,,,,,,TAFCstimuli01/nimnym003.wav,,,,,,,,,,,2,3,17,2,1,,,,,,,,,,,,,,,,,,,,,,,,,,,,,,,,,,,,,,,,,,,,,,,,
,,,,,31,001,2024-05-21_19h46.42.787,AXB:2AFC Experiments (16.05.2024),2024.1.3,MacIntel,128.2051282,,,,,,,,,,,,,,,,,,,,,,,,,,,,,,nym,,,,,,,,,,,,,,,,,,,,,,,,,,,,,,,,,,,,,,,,,,,,,,,,,,,,,,,,,,,,,,,,,,,,,,,,,,,,,,,942.246,945.3373,2,3.0905,,,,,,TAFCstimuli01/nimnym006.wav,,,,,,,,,,,2,4,18,5,1,,,,,,,,,,,,,,,,,,,,,,,,,,,,,,,,,,,,,,,,,,,,,,,,
,,,,,31,001,2024-05-21_19h46.42.787,AXB:2AFC Experiments (16.05.2024),2024.1.3,MacIntel,128.2051282,,,,,,,,,,,,,,,,,,,,,,,,,,,,,,/,,,,,,,,,,,,,,,,,,,,,,,,,,,,,,,,,,,,,,,,,,,,,,,,,,,,,,,,,,,,,,,,,,,,,,,,,,,,,,,945.3374,948.9123,2,3.5728,,,,,,TAFCstimuli01/nimnym004.wav,,,,,,,,,,,2,5,19,3,1,,,,,,,,,,,,,,,,,,,,,,,,,,,,,,,,,,,,,,,,,,,,,,,,
,,,,,31,001,2024-05-21_19h46.42.787,AXB:2AFC Experiments (16.05.2024),2024.1.3,MacIntel,128.2051282,,,,,,,,,,,,,,,,,,,,,,,,,,,,,,nym,,,,,,,,,,,,,,,,,,,,,,,,,,,,,,,,,,,,,,,,,,,,,,,,,,,,,,,,,,,,,,,,,,,,,,,,,,,,,,,948.9125,952.2123,2,3.2954,,,,,,TAFCstimuli01/nimnym007.wav,,,,,,,,,,,2,6,20,6,1,,,,,,,,,,,,,,,,,,,,,,,,,,,,,,,,,,,,,,,,,,,,,,,,
,,,,,31,001,2024-05-21_19h46.42.787,AXB:2AFC Experiments (16.05.2024),2024.1.3,MacIntel,128.2051282,,,,,,,,,,,,,,,,,,,,,,,,,,,,,,,,,,,,,,,,,,,,,,,,,,,,,,,,,,952.2128,956.0541,space,3.8297,,0,[],[],,,,,,,,,,,,,,,,,,,,,,,,,,,,,,,,,,,,,,,,,,,,,,,,,,,,,,,,,,,,,,,,,,,,,,,,,,,,,,,,,,,,,,,,,,,,,,,,,,,,,,,,,,,,,,,,,,,,
,,,,,31,001,2024-05-21_19h46.42.787,AXB:2AFC Experiments (16.05.2024),2024.1.3,MacIntel,128.2051282,,,,,,,,,,,,,,,,,,,,,,,,,,,,,,nim,,,,,,,,,,,,,,,,,,,,,,,,,,,,,,,,,,,,,,,,,,,,,,,,,,,,,,,,,,,,,,,,,,,,,,,,,,,,,,,956.0651,960.0289,1,3.9623,,,,,,TAFCstimuli01/nimnym001.wav,,,,,,,,,,,,,,,,0,0,0,0,1,,,,,,,,,,,,,,,,,,,,,,,,,,,,,,,,,,,,,,,,,,,
,,,,,31,001,2024-05-21_19h46.42.787,AXB:2AFC Experiments (16.05.2024),2024.1.3,MacIntel,128.2051282,,,,,,,,,,,,,,,,,,,,,,,,,,,,,,nym,,,,,,,,,,,,,,,,,,,,,,,,,,,,,,,,,,,,,,,,,,,,,,,,,,,,,,,,,,,,,,,,,,,,,,,,,,,,,,,960.0296,963.512,2,3.4766,,,,,,TAFCstimuli01/nimnym006.wav,,,,,,,,,,,,,,,,0,1,1,5,1,,,,,,,,,,,,,,,,,,,,,,,,,,,,,,,,,,,,,,,,,,,
,,,,,31,001,2024-05-21_19h46.42.787,AXB:2AFC Experiments (16.05.2024),2024.1.3,MacIntel,128.2051282,,,,,,,,,,,,,,,,,,,,,,,,,,,,,,nym,,,,,,,,,,,,,,,,,,,,,,,,,,,,,,,,,,,,,,,,,,,,,,,,,,,,,,,,,,,,,,,,,,,,,,,,,,,,,,,963.5123,967.2286,2,3.7155,,,,,,TAFCstimuli01/nimnym005.wav,,,,,,,,,,,,,,,,0,2,2,4,1,,,,,,,,,,,,,,,,,,,,,,,,,,,,,,,,,,,,,,,,,,,
,,,,,31,001,2024-05-21_19h46.42.787,AXB:2AFC Experiments (16.05.2024),2024.1.3,MacIntel,128.2051282,,,,,,,,,,,,,,,,,,,,,,,,,,,,,,/,,,,,,,,,,,,,,,,,,,,,,,,,,,,,,,,,,,,,,,,,,,,,,,,,,,,,,,,,,,,,,,,,,,,,,,,,,,,,,,967.229,971.3706,2,4.1408,,,,,,TAFCstimuli01/nimnym004.wav,,,,,,,,,,,,,,,,0,3,3,3,1,,,,,,,,,,,,,,,,,,,,,,,,,,,,,,,,,,,,,,,,,,,
,,,,,31,001,2024-05-21_19h46.42.787,AXB:2AFC Experiments (16.05.2024),2024.1.3,MacIntel,128.2051282,,,,,,,,,,,,,,,,,,,,,,,,,,,,,,nym,,,,,,,,,,,,,,,,,,,,,,,,,,,,,,,,,,,,,,,,,,,,,,,,,,,,,,,,,,,,,,,,,,,,,,,,,,,,,,,971.3708,974.7455,2,3.3742,,,,,,TAFCstimuli01/nimnym007.wav,,,,,,,,,,,,,,,,0,4,4,6,1,,,,,,,,,,,,,,,,,,,,,,,,,,,,,,,,,,,,,,,,,,,
,,,,,31,001,2024-05-21_19h46.42.787,AXB:2AFC Experiments (16.05.2024),2024.1.3,MacIntel,128.2051282,,,,,,,,,,,,,,,,,,,,,,,,,,,,,,nim,,,,,,,,,,,,,,,,,,,,,,,,,,,,,,,,,,,,,,,,,,,,,,,,,,,,,,,,,,,,,,,,,,,,,,,,,,,,,,,974.7457,978.8789,1,4.1283,,,,,,TAFCstimuli01/nimnym003.wav,,,,,,,,,,,,,,,,0,5,5,2,1,,,,,,,,,,,,,,,,,,,,,,,,,,,,,,,,,,,,,,,,,,,
,,,,,31,001,2024-05-21_19h46.42.787,AXB:2AFC Experiments (16.05.2024),2024.1.3,MacIntel,128.2051282,,,,,,,,,,,,,,,,,,,,,,,,,,,,,,nim,,,,,,,,,,,,,,,,,,,,,,,,,,,,,,,,,,,,,,,,,,,,,,,,,,,,,,,,,,,,,,,,,,,,,,,,,,,,,,,978.8792,982.3956,1,3.5105,,,,,,TAFCstimuli01/nimnym002.wav,,,,,,,,,,,,,,,,0,6,6,1,1,,,,,,,,,,,,,,,,,,,,,,,,,,,,,,,,,,,,,,,,,,,
,,,,,31,001,2024-05-21_19h46.42.787,AXB:2AFC Experiments (16.05.2024),2024.1.3,MacIntel,128.2051282,,,,,,,,,,,,,,,,,,,,,,,,,,,,,,,982.3962,997.8457,space,15.4351,,,,,,,,,,,,,,,,,,,,,,,,,,,,,,,,,,,,,,,,,,,,,,,,,,,,,,,,,,,,,,,,,,,,,,,,,,,,,,,,,,,,,,,,,,,,,,,,,,,,,,,,,,,,,,,,,,,,,,,,,,,,,,,,,,,,,,,,,,,,,,,,,,,
,,,,,31,001,2024-05-21_19h46.42.787,AXB:2AFC Experiments (16.05.2024),2024.1.3,MacIntel,128.2051282,,,,,,,,,,,,,,,,,,,,,,,,,,,,,,nym,,,,,,,,,,,,,,,,,,,,,,,,,,,,,,,,,,,,,,,,,,,,,,,,,,,,,,,,,,,,,,,,,,,,,,,,,,,,,,,,,,,,,,,,,,,,,,,,,,,,,,,,,,,,,997.8566,1003.9709,1,6.1082,0,0,0,6,1,TAFCstimuli02/numnym007.wav,,,,,,,,,,,,,,,,,,,,,,,,,,,,,,,,,
,,,,,31,001,2024-05-21_19h46.42.787,AXB:2AFC Experiments (16.05.2024),2024.1.3,MacIntel,128.2051282,,,,,,,,,,,,,,,,,,,,,,,,,,,,,,nym,,,,,,,,,,,,,,,,,,,,,,,,,,,,,,,,,,,,,,,,,,,,,,,,,,,,,,,,,,,,,,,,,,,,,,,,,,,,,,,,,,,,,,,,,,,,,,,,,,,,,,,,,,,,,1003.9712,1007.5538,1,3.5816,0,1,1,5,1,TAFCstimuli02/numnym006.wav,,,,,,,,,,,,,,,,,,,,,,,,,,,,,,,,,
,,,,,31,001,2024-05-21_19h46.42.787,AXB:2AFC Experiments (16.05.2024),2024.1.3,MacIntel,128.2051282,,,,,,,,,,,,,,,,,,,,,,,,,,,,,,/,,,,,,,,,,,,,,,,,,,,,,,,,,,,,,,,,,,,,,,,,,,,,,,,,,,,,,,,,,,,,,,,,,,,,,,,,,,,,,,,,,,,,,,,,,,,,,,,,,,,,,,,,,,,,1007.554,1015.1622,1,7.6078,0,2,2,3,1,TAFCstimuli02/numnym004.wav,,,,,,,,,,,,,,,,,,,,,,,,,,,,,,,,,
,,,,,31,001,2024-05-21_19h46.42.787,AXB:2AFC Experiments (16.05.2024),2024.1.3,MacIntel,128.2051282,,,,,,,,,,,,,,,,,,,,,,,,,,,,,,num,,,,,,,,,,,,,,,,,,,,,,,,,,,,,,,,,,,,,,,,,,,,,,,,,,,,,,,,,,,,,,,,,,,,,,,,,,,,,,,,,,,,,,,,,,,,,,,,,,,,,,,,,,,,,1015.1625,1021.4953,1,6.3319,0,3,3,1,1,TAFCstimuli02/numnym002.wav,,,,,,,,,,,,,,,,,,,,,,,,,,,,,,,,,
,,,,,31,001,2024-05-21_19h46.42.787,AXB:2AFC Experiments (16.05.2024),2024.1.3,MacIntel,128.2051282,,,,,,,,,,,,,,,,,,,,,,,,,,,,,,nym,,,,,,,,,,,,,,,,,,,,,,,,,,,,,,,,,,,,,,,,,,,,,,,,,,,,,,,,,,,,,,,,,,,,,,,,,,,,,,,,,,,,,,,,,,,,,,,,,,,,,,,,,,,,,1021.4955,1029.1374,1,7.6413,0,4,4,4,1,TAFCstimuli02/numnym005.wav,,,,,,,,,,,,,,,,,,,,,,,,,,,,,,,,,
,,,,,31,001,2024-05-21_19h46.42.787,AXB:2AFC Experiments (16.05.2024),2024.1.3,MacIntel,128.2051282,,,,,,,,,,,,,,,,,,,,,,,,,,,,,,num,,,,,,,,,,,,,,,,,,,,,,,,,,,,,,,,,,,,,,,,,,,,,,,,,,,,,,,,,,,,,,,,,,,,,,,,,,,,,,,,,,,,,,,,,,,,,,,,,,,,,,,,,,,,,1029.1376,1033.6954,1,4.5516,0,5,5,2,1,TAFCstimuli02/numnym003.wav,,,,,,,,,,,,,,,,,,,,,,,,,,,,,,,,,
,,,,,31,001,2024-05-21_19h46.42.787,AXB:2AFC Experiments (16.05.2024),2024.1.3,MacIntel,128.2051282,,,,,,,,,,,,,,,,,,,,,,,,,,,,,,num,,,,,,,,,,,,,,,,,,,,,,,,,,,,,,,,,,,,,,,,,,,,,,,,,,,,,,,,,,,,,,,,,,,,,,,,,,,,,,,,,,,,,,,,,,,,,,,,,,,,,,,,,,,,,1033.6958,1037.0704,1,3.373,0,6,6,0,1,TAFCstimuli02/numnym001.wav,,,,,,,,,,,,,,,,,,,,,,,,,,,,,,,,,
,,,,,31,001,2024-05-21_19h46.42.787,AXB:2AFC Experiments (16.05.2024),2024.1.3,MacIntel,128.2051282,,,,,,,,,,,,,,,,,,,,,,,,,,,,,,,,,,,,,,,,,,,,,,,,,,,,,,,,,,,,,,,,,,,,,,,,,,,,,,,,,,,,,,,,,,,,,,,,,,,,,,,,,,,,,,,,,,,,,,,,,,,,,,,,,,,,,,,,,,,,,,,,,,,,,1037.0709,1052.0294,space,14.9385,,,,,,,,,,,,,,,,,,,,,,,,,,,,,
,,,,,31,001,2024-05-21_19h46.42.787,AXB:2AFC Experiments (16.05.2024),2024.1.3,MacIntel,128.2051282,,,,,,,,,,,,,,,,,,,,,,,,,,,,,,/,,,,,,,,,,,,,,,,,,,,,,,,,,,,,,,,,,,,,,,,,,,,,,,,,,,,,,,,,,,,,,,,,,,,,,,,,,,,,,,,,,,,,,,,,,,,,,,,,,,,,,,,,,,,,1052.0418,1056.7537,1,4.7049,,,,,,TAFCstimuli02/numnym004.wav,,,,,,,,0,0,0,3,1,,,,,,,,,,,,,,,,,,,,,
,,,,,31,001,2024-05-21_19h46.42.787,AXB:2AFC Experiments (16.05.2024),2024.1.3,MacIntel,128.2051282,,,,,,,,,,,,,,,,,,,,,,,,,,,,,,num,,,,,,,,,,,,,,,,,,,,,,,,,,,,,,,,,,,,,,,,,,,,,,,,,,,,,,,,,,,,,,,,,,,,,,,,,,,,,,,,,,,,,,,,,,,,,,,,,,,,,,,,,,,,,1056.7543,1060.3035,1,3.5484,,,,,,TAFCstimuli02/numnym003.wav,,,,,,,,0,1,1,2,1,,,,,,,,,,,,,,,,,,,,,
,,,,,31,001,2024-05-21_19h46.42.787,AXB:2AFC Experiments (16.05.2024),2024.1.3,MacIntel,128.2051282,,,,,,,,,,,,,,,,,,,,,,,,,,,,,,num,,,,,,,,,,,,,,,,,,,,,,,,,,,,,,,,,,,,,,,,,,,,,,,,,,,,,,,,,,,,,,,,,,,,,,,,,,,,,,,,,,,,,,,,,,,,,,,,,,,,,,,,,,,,,1060.3038,1063.5786,1,3.274,,,,,,TAFCstimuli02/numnym002.wav,,,,,,,,0,2,2,1,1,,,,,,,,,,,,,,,,,,,,,
,,,,,31,001,2024-05-21_19h46.42.787,AXB:2AFC Experiments (16.05.2024),2024.1.3,MacIntel,128.2051282,,,,,,,,,,,,,,,,,,,,,,,,,,,,,,num,,,,,,,,,,,,,,,,,,,,,,,,,,,,,,,,,,,,,,,,,,,,,,,,,,,,,,,,,,,,,,,,,,,,,,,,,,,,,,,,,,,,,,,,,,,,,,,,,,,,,,,,,,,,,1063.5789,1066.8451,1,3.2641,,,,,,TAFCstimuli02/numnym001.wav,,,,,,,,0,3,3,0,1,,,,,,,,,,,,,,,,,,,,,
,,,,,31,001,2024-05-21_19h46.42.787,AXB:2AFC Experiments (16.05.2024),2024.1.3,MacIntel,128.2051282,,,,,,,,,,,,,,,,,,,,,,,,,,,,,,nym,,,,,,,,,,,,,,,,,,,,,,,,,,,,,,,,,,,,,,,,,,,,,,,,,,,,,,,,,,,,,,,,,,,,,,,,,,,,,,,,,,,,,,,,,,,,,,,,,,,,,,,,,,,,,1066.8454,1071.671,2,4.8249,,,,,,TAFCstimuli02/numnym005.wav,,,,,,,,0,4,4,4,1,,,,,,,,,,,,,,,,,,,,,
,,,,,31,001,2024-05-21_19h46.42.787,AXB:2AFC Experiments (16.05.2024),2024.1.3,MacIntel,128.2051282,,,,,,,,,,,,,,,,,,,,,,,,,,,,,,nym,,,,,,,,,,,,,,,,,,,,,,,,,,,,,,,,,,,,,,,,,,,,,,,,,,,,,,,,,,,,,,,,,,,,,,,,,,,,,,,,,,,,,,,,,,,,,,,,,,,,,,,,,,,,,1071.6713,1075.2292,2,3.5573,,,,,,TAFCstimuli02/numnym007.wav,,,,,,,,0,5,5,6,1,,,,,,,,,,,,,,,,,,,,,
,,,,,31,001,2024-05-21_19h46.42.787,AXB:2AFC Experiments (16.05.2024),2024.1.3,MacIntel,128.2051282,,,,,,,,,,,,,,,,,,,,,,,,,,,,,,nym,,,,,,,,,,,,,,,,,,,,,,,,,,,,,,,,,,,,,,,,,,,,,,,,,,,,,,,,,,,,,,,,,,,,,,,,,,,,,,,,,,,,,,,,,,,,,,,,,,,,,,,,,,,,,1075.2295,1080.5369,2,5.3029,,,,,,TAFCstimuli02/numnym006.wav,,,,,,,,0,6,6,5,1,,,,,,,,,,,,,,,,,,,,,
,,,,,31,001,2024-05-21_19h46.42.787,AXB:2AFC Experiments (16.05.2024),2024.1.3,MacIntel,128.2051282,,,,,,,,,,,,,,,,,,,,,,,,,,,,,,num,,,,,,,,,,,,,,,,,,,,,,,,,,,,,,,,,,,,,,,,,,,,,,,,,,,,,,,,,,,,,,,,,,,,,,,,,,,,,,,,,,,,,,,,,,,,,,,,,,,,,,,,,,,,,1080.5372,1083.5536,1,3.0153,,,,,,TAFCstimuli02/numnym001.wav,,,,,,,,1,0,7,0,1,,,,,,,,,,,,,,,,,,,,,
,,,,,31,001,2024-05-21_19h46.42.787,AXB:2AFC Experiments (16.05.2024),2024.1.3,MacIntel,128.2051282,,,,,,,,,,,,,,,,,,,,,,,,,,,,,,nym,,,,,,,,,,,,,,,,,,,,,,,,,,,,,,,,,,,,,,,,,,,,,,,,,,,,,,,,,,,,,,,,,,,,,,,,,,,,,,,,,,,,,,,,,,,,,,,,,,,,,,,,,,,,,1083.5539,1087.5618,2,4.0016,,,,,,TAFCstimuli02/numnym005.wav,,,,,,,,1,1,8,4,1,,,,,,,,,,,,,,,,,,,,,
,,,,,31,001,2024-05-21_19h46.42.787,AXB:2AFC Experiments (16.05.2024),2024.1.3,MacIntel,128.2051282,,,,,,,,,,,,,,,,,,,,,,,,,,,,,,num,,,,,,,,,,,,,,,,,,,,,,,,,,,,,,,,,,,,,,,,,,,,,,,,,,,,,,,,,,,,,,,,,,,,,,,,,,,,,,,,,,,,,,,,,,,,,,,,,,,,,,,,,,,,,1087.5621,1091.4119,1,3.8438,,,,,,TAFCstimuli02/numnym002.wav,,,,,,,,1,2,9,1,1,,,,,,,,,,,,,,,,,,,,,
,,,,,31,001,2024-05-21_19h46.42.787,AXB:2AFC Experiments (16.05.2024),2024.1.3,MacIntel,128.2051282,,,,,,,,,,,,,,,,,,,,,,,,,,,,,,nym,,,,,,,,,,,,,,,,,,,,,,,,,,,,,,,,,,,,,,,,,,,,,,,,,,,,,,,,,,,,,,,,,,,,,,,,,,,,,,,,,,,,,,,,,,,,,,,,,,,,,,,,,,,,,1091.4122,1095.8618,2,4.4455,,,,,,TAFCstimuli02/numnym007.wav,,,,,,,,1,3,10,6,1,,,,,,,,,,,,,,,,,,,,,
,,,,,31,001,2024-05-21_19h46.42.787,AXB:2AFC Experiments (16.05.2024),2024.1.3,MacIntel,128.2051282,,,,,,,,,,,,,,,,,,,,,,,,,,,,,,num,,,,,,,,,,,,,,,,,,,,,,,,,,,,,,,,,,,,,,,,,,,,,,,,,,,,,,,,,,,,,,,,,,,,,,,,,,,,,,,,,,,,,,,,,,,,,,,,,,,,,,,,,,,,,1095.8621,1099.1534,1,3.2908,,,,,,TAFCstimuli02/numnym003.wav,,,,,,,,1,4,11,2,1,,,,,,,,,,,,,,,,,,,,,
,,,,,31,001,2024-05-21_19h46.42.787,AXB:2AFC Experiments (16.05.2024),2024.1.3,MacIntel,128.2051282,,,,,,,,,,,,,,,,,,,,,,,,,,,,,,/,,,,,,,,,,,,,,,,,,,,,,,,,,,,,,,,,,,,,,,,,,,,,,,,,,,,,,,,,,,,,,,,,,,,,,,,,,,,,,,,,,,,,,,,,,,,,,,,,,,,,,,,,,,,,1099.1537,1102.9866,1,3.8314,,,,,,TAFCstimuli02/numnym004.wav,,,,,,,,1,5,12,3,1,,,,,,,,,,,,,,,,,,,,,
,,,,,31,001,2024-05-21_19h46.42.787,AXB:2AFC Experiments (16.05.2024),2024.1.3,MacIntel,128.2051282,,,,,,,,,,,,,,,,,,,,,,,,,,,,,,nym,,,,,,,,,,,,,,,,,,,,,,,,,,,,,,,,,,,,,,,,,,,,,,,,,,,,,,,,,,,,,,,,,,,,,,,,,,,,,,,,,,,,,,,,,,,,,,,,,,,,,,,,,,,,,1102.9868,1108.8201,1,5.8325,,,,,,TAFCstimuli02/numnym006.wav,,,,,,,,1,6,13,5,1,,,,,,,,,,,,,,,,,,,,,
,,,,,31,001,2024-05-21_19h46.42.787,AXB:2AFC Experiments (16.05.2024),2024.1.3,MacIntel,128.2051282,,,,,,,,,,,,,,,,,,,,,,,,,,,,,,num,,,,,,,,,,,,,,,,,,,,,,,,,,,,,,,,,,,,,,,,,,,,,,,,,,,,,,,,,,,,,,,,,,,,,,,,,,,,,,,,,,,,,,,,,,,,,,,,,,,,,,,,,,,,,1108.8204,1115.3283,1,6.5072,,,,,,TAFCstimuli02/numnym002.wav,,,,,,,,2,0,14,1,1,,,,,,,,,,,,,,,,,,,,,
,,,,,31,001,2024-05-21_19h46.42.787,AXB:2AFC Experiments (16.05.2024),2024.1.3,MacIntel,128.2051282,,,,,,,,,,,,,,,,,,,,,,,,,,,,,,nym,,,,,,,,,,,,,,,,,,,,,,,,,,,,,,,,,,,,,,,,,,,,,,,,,,,,,,,,,,,,,,,,,,,,,,,,,,,,,,,,,,,,,,,,,,,,,,,,,,,,,,,,,,,,,1115.3285,1119.8284,1,4.4957,,,,,,TAFCstimuli02/numnym006.wav,,,,,,,,2,1,15,5,1,,,,,,,,,,,,,,,,,,,,,
,,,,,31,001,2024-05-21_19h46.42.787,AXB:2AFC Experiments (16.05.2024),2024.1.3,MacIntel,128.2051282,,,,,,,,,,,,,,,,,,,,,,,,,,,,,,/,,,,,,,,,,,,,,,,,,,,,,,,,,,,,,,,,,,,,,,,,,,,,,,,,,,,,,,,,,,,,,,,,,,,,,,,,,,,,,,,,,,,,,,,,,,,,,,,,,,,,,,,,,,,,1119.8287,1125.32,1,5.4868,,,,,,TAFCstimuli02/numnym004.wav,,,,,,,,2,2,16,3,1,,,,,,,,,,,,,,,,,,,,,
,,,,,31,001,2024-05-21_19h46.42.787,AXB:2AFC Experiments (16.05.2024),2024.1.3,MacIntel,128.2051282,,,,,,,,,,,,,,,,,,,,,,,,,,,,,,num,,,,,,,,,,,,,,,,,,,,,,,,,,,,,,,,,,,,,,,,,,,,,,,,,,,,,,,,,,,,,,,,,,,,,,,,,,,,,,,,,,,,,,,,,,,,,,,,,,,,,,,,,,,,,1125.3203,1129.3539,1,4.0326,,,,,,TAFCstimuli02/numnym003.wav,,,,,,,,2,3,17,2,1,,,,,,,,,,,,,,,,,,,,,
,,,,,31,001,2024-05-21_19h46.42.787,AXB:2AFC Experiments (16.05.2024),2024.1.3,MacIntel,128.2051282,,,,,,,,,,,,,,,,,,,,,,,,,,,,,,nym,,,,,,,,,,,,,,,,,,,,,,,,,,,,,,,,,,,,,,,,,,,,,,,,,,,,,,,,,,,,,,,,,,,,,,,,,,,,,,,,,,,,,,,,,,,,,,,,,,,,,,,,,,,,,1129.3543,1133.7026,2,4.3441,,,,,,TAFCstimuli02/numnym007.wav,,,,,,,,2,4,18,6,1,,,,,,,,,,,,,,,,,,,,,
,,,,,31,001,2024-05-21_19h46.42.787,AXB:2AFC Experiments (16.05.2024),2024.1.3,MacIntel,128.2051282,,,,,,,,,,,,,,,,,,,,,,,,,,,,,,nym,,,,,,,,,,,,,,,,,,,,,,,,,,,,,,,,,,,,,,,,,,,,,,,,,,,,,,,,,,,,,,,,,,,,,,,,,,,,,,,,,,,,,,,,,,,,,,,,,,,,,,,,,,,,,1133.7028,1137.5282,2,3.8249,,,,,,TAFCstimuli02/numnym005.wav,,,,,,,,2,5,19,4,1,,,,,,,,,,,,,,,,,,,,,
,,,,,31,001,2024-05-21_19h46.42.787,AXB:2AFC Experiments (16.05.2024),2024.1.3,MacIntel,128.2051282,,,,,,,,,,,,,,,,,,,,,,,,,,,,,,num,,,,,,,,,,,,,,,,,,,,,,,,,,,,,,,,,,,,,,,,,,,,,,,,,,,,,,,,,,,,,,,,,,,,,,,,,,,,,,,,,,,,,,,,,,,,,,,,,,,,,,,,,,,,,1137.5284,1140.9526,1,3.4226,,,,,,TAFCstimuli02/numnym001.wav,,,,,,,,2,6,20,0,1,,,,,,,,,,,,,,,,,,,,,
,,,,,31,001,2024-05-21_19h46.42.787,AXB:2AFC Experiments (16.05.2024),2024.1.3,MacIntel,128.2051282,,,,,,,,,,,,,,,,,,,,,,,,,,,,,,,1140.953,1159.4868,space,18.5194,,,,,,,,,,,,,,,,,,,,,,,,,,,,,,,,,,,,,,,,,,,,,,,,,,,,,,,,,,,,,,,,,,,,,,,,,,,,,,,,,,,,,,,,,,,,,,,,,,,,,,,,,,,,,,,,,,,,,,,,,,,,,,,,,,,,,,,,,,,,,,,,,,,
,,,,,31,001,2024-05-21_19h46.42.787,AXB:2AFC Experiments (16.05.2024),2024.1.3,MacIntel,128.2051282,,,,,,,,,,,,,,,,,,,,,,,,,,,,,,num,,,,,,,,,,,,,,,,,,,,,,,,,,,,,,,,,,,,,,,,,,,,,,,,,,,,,,,,,,,,,,,,,,,,,,,,,,,,,,,,,,,,,,,,,,,,,,,,,,,,,,,,,,,,,1159.4969,1162.9782,1,3.48,,,,,,TAFCstimuli02/numnym002.wav,,,,,,,,,,,,,0,0,0,1,1,,,,,,,,,,,,,,,,
,,,,,31,001,2024-05-21_19h46.42.787,AXB:2AFC Experiments (16.05.2024),2024.1.3,MacIntel,128.2051282,,,,,,,,,,,,,,,,,,,,,,,,,,,,,,num,,,,,,,,,,,,,,,,,,,,,,,,,,,,,,,,,,,,,,,,,,,,,,,,,,,,,,,,,,,,,,,,,,,,,,,,,,,,,,,,,,,,,,,,,,,,,,,,,,,,,,,,,,,,,1162.9787,1168.045,1,5.0614,,,,,,TAFCstimuli02/numnym001.wav,,,,,,,,,,,,,0,1,1,0,1,,,,,,,,,,,,,,,,
,,,,,31,001,2024-05-21_19h46.42.787,AXB:2AFC Experiments (16.05.2024),2024.1.3,MacIntel,128.2051282,,,,,,,,,,,,,,,,,,,,,,,,,,,,,,nym,,,,,,,,,,,,,,,,,,,,,,,,,,,,,,,,,,,,,,,,,,,,,,,,,,,,,,,,,,,,,,,,,,,,,,,,,,,,,,,,,,,,,,,,,,,,,,,,,,,,,,,,,,,,,1168.0452,1173.3198,1,5.2703,,,,,,TAFCstimuli02/numnym005.wav,,,,,,,,,,,,,0,2,2,4,1,,,,,,,,,,,,,,,,
,,,,,31,001,2024-05-21_19h46.42.787,AXB:2AFC Experiments (16.05.2024),2024.1.3,MacIntel,128.2051282,,,,,,,,,,,,,,,,,,,,,,,,,,,,,,nym,,,,,,,,,,,,,,,,,,,,,,,,,,,,,,,,,,,,,,,,,,,,,,,,,,,,,,,,,,,,,,,,,,,,,,,,,,,,,,,,,,,,,,,,,,,,,,,,,,,,,,,,,,,,,1173.3201,1178.0534,1,4.727,,,,,,TAFCstimuli02/numnym006.wav,,,,,,,,,,,,,0,3,3,5,1,,,,,,,,,,,,,,,,
,,,,,31,001,2024-05-21_19h46.42.787,AXB:2AFC Experiments (16.05.2024),2024.1.3,MacIntel,128.2051282,,,,,,,,,,,,,,,,,,,,,,,,,,,,,,/,,,,,,,,,,,,,,,,,,,,,,,,,,,,,,,,,,,,,,,,,,,,,,,,,,,,,,,,,,,,,,,,,,,,,,,,,,,,,,,,,,,,,,,,,,,,,,,,,,,,,,,,,,,,,1178.0538,1181.794,1,3.7353,,,,,,TAFCstimuli02/numnym004.wav,,,,,,,,,,,,,0,4,4,3,1,,,,,,,,,,,,,,,,
,,,,,31,001,2024-05-21_19h46.42.787,AXB:2AFC Experiments (16.05.2024),2024.1.3,MacIntel,128.2051282,,,,,,,,,,,,,,,,,,,,,,,,,,,,,,num,,,,,,,,,,,,,,,,,,,,,,,,,,,,,,,,,,,,,,,,,,,,,,,,,,,,,,,,,,,,,,,,,,,,,,,,,,,,,,,,,,,,,,,,,,,,,,,,,,,,,,,,,,,,,1181.7944,1185.2282,1,3.4332,,,,,,TAFCstimuli02/numnym003.wav,,,,,,,,,,,,,0,5,5,2,1,,,,,,,,,,,,,,,,
,,,,,31,001,2024-05-21_19h46.42.787,AXB:2AFC Experiments (16.05.2024),2024.1.3,MacIntel,128.2051282,,,,,,,,,,,,,,,,,,,,,,,,,,,,,,nym,,,,,,,,,,,,,,,,,,,,,,,,,,,,,,,,,,,,,,,,,,,,,,,,,,,,,,,,,,,,,,,,,,,,,,,,,,,,,,,,,,,,,,,,,,,,,,,,,,,,,,,,,,,,,1185.2283,1190.1031,2,4.8706,,,,,,TAFCstimuli02/numnym007.wav,,,,,,,,,,,,,0,6,6,6,1,,,,,,,,,,,,,,,,
,,,,,31,001,2024-05-21_19h46.42.787,AXB:2AFC Experiments (16.05.2024),2024.1.3,MacIntel,128.2051282,,,,,,,,,,,,,,,,,,,,,,,,,,,,,,nym,,,,,,,,,,,,,,,,,,,,,,,,,,,,,,,,,,,,,,,,,,,,,,,,,,,,,,,,,,,,,,,,,,,,,,,,,,,,,,,,,,,,,,,,,,,,,,,,,,,,,,,,,,,,,1190.1034,1193.8034,1,3.6994,,,,,,TAFCstimuli02/numnym005.wav,,,,,,,,,,,,,1,0,7,4,1,,,,,,,,,,,,,,,,
,,,,,31,001,2024-05-21_19h46.42.787,AXB:2AFC Experiments (16.05.2024),2024.1.3,MacIntel,128.2051282,,,,,,,,,,,,,,,,,,,,,,,,,,,,,,nym,,,,,,,,,,,,,,,,,,,,,,,,,,,,,,,,,,,,,,,,,,,,,,,,,,,,,,,,,,,,,,,,,,,,,,,,,,,,,,,,,,,,,,,,,,,,,,,,,,,,,,,,,,,,,1193.8036,1197.5194,2,3.7103,,,,,,TAFCstimuli02/numnym007.wav,,,,,,,,,,,,,1,1,8,6,1,,,,,,,,,,,,,,,,
,,,,,31,001,2024-05-21_19h46.42.787,AXB:2AFC Experiments (16.05.2024),2024.1.3,MacIntel,128.2051282,,,,,,,,,,,,,,,,,,,,,,,,,,,,,,num,,,,,,,,,,,,,,,,,,,,,,,,,,,,,,,,,,,,,,,,,,,,,,,,,,,,,,,,,,,,,,,,,,,,,,,,,,,,,,,,,,,,,,,,,,,,,,,,,,,,,,,,,,,,,1197.5197,1200.728,1,3.2061,,,,,,TAFCstimuli02/numnym003.wav,,,,,,,,,,,,,1,2,9,2,1,,,,,,,,,,,,,,,,
,,,,,31,001,2024-05-21_19h46.42.787,AXB:2AFC Experiments (16.05.2024),2024.1.3,MacIntel,128.2051282,,,,,,,,,,,,,,,,,,,,,,,,,,,,,,/,,,,,,,,,,,,,,,,,,,,,,,,,,,,,,,,,,,,,,,,,,,,,,,,,,,,,,,,,,,,,,,,,,,,,,,,,,,,,,,,,,,,,,,,,,,,,,,,,,,,,,,,,,,,,1200.7282,1204.0701,1,3.3368,,,,,,TAFCstimuli02/numnym004.wav,,,,,,,,,,,,,1,3,10,3,1,,,,,,,,,,,,,,,,
,,,,,31,001,2024-05-21_19h46.42.787,AXB:2AFC Experiments (16.05.2024),2024.1.3,MacIntel,128.2051282,,,,,,,,,,,,,,,,,,,,,,,,,,,,,,nym,,,,,,,,,,,,,,,,,,,,,,,,,,,,,,,,,,,,,,,,,,,,,,,,,,,,,,,,,,,,,,,,,,,,,,,,,,,,,,,,,,,,,,,,,,,,,,,,,,,,,,,,,,,,,1204.0705,1209.4117,2,5.3406,,,,,,TAFCstimuli02/numnym006.wav,,,,,,,,,,,,,1,4,11,5,1,,,,,,,,,,,,,,,,
,,,,,31,001,2024-05-21_19h46.42.787,AXB:2AFC Experiments (16.05.2024),2024.1.3,MacIntel,128.2051282,,,,,,,,,,,,,,,,,,,,,,,,,,,,,,num,,,,,,,,,,,,,,,,,,,,,,,,,,,,,,,,,,,,,,,,,,,,,,,,,,,,,,,,,,,,,,,,,,,,,,,,,,,,,,,,,,,,,,,,,,,,,,,,,,,,,,,,,,,,,1209.4119,1212.7038,1,3.2913,,,,,,TAFCstimuli02/numnym001.wav,,,,,,,,,,,,,1,5,12,0,1,,,,,,,,,,,,,,,,
,,,,,31,001,2024-05-21_19h46.42.787,AXB:2AFC Experiments (16.05.2024),2024.1.3,MacIntel,128.2051282,,,,,,,,,,,,,,,,,,,,,,,,,,,,,,num,,,,,,,,,,,,,,,,,,,,,,,,,,,,,,,,,,,,,,,,,,,,,,,,,,,,,,,,,,,,,,,,,,,,,,,,,,,,,,,,,,,,,,,,,,,,,,,,,,,,,,,,,,,,,1212.704,1215.9938,1,3.2843,,,,,,TAFCstimuli02/numnym002.wav,,,,,,,,,,,,,1,6,13,1,1,,,,,,,,,,,,,,,,
,,,,,31,001,2024-05-21_19h46.42.787,AXB:2AFC Experiments (16.05.2024),2024.1.3,MacIntel,128.2051282,,,,,,,,,,,,,,,,,,,,,,,,,,,,,,,,,,,,,,,,,,,,,,,,,,,,,,,,,,,,,,,,,,,,,,,,,,,,,,,,,,,,,,,,,,,,,,,,,,,,,,,,,,,,,,,,,,,,,,,,,,,,,,,,,,,,,,,,,,,,,,,,,,,,,,,,,,,,,,,,,,,,,,1215.9943,1219.2702,0,[1219.2704999999999],[1219.2704999999999],,,,,,,,,,,
,,,,,31,001,2024-05-21_19h46.42.787,AXB:2AFC Experiments (16.05.2024),2024.1.3,MacIntel,128.2051282,,,,,,,,,,,,,,,,,,,,,,,,,,,,,,num,,,,,,,,,,,,,,,,,,,,,,,,,,,,,,,,,,,,,,,,,,,,,,,,,,,,,,,,,,,,,,,,,,,,,,,,,,,,,,,,,,,,,,,,,,,,,,,,,,,,,,,,,,,,,1219.2735,1222.428,1,3.151,,,,,,TAFCstimuli02/numnym002.wav,,,,,,,,,,,,,,,,,,,,,,,,0,0,0,1,1,,,,,
,,,,,31,001,2024-05-21_19h46.42.787,AXB:2AFC Experiments (16.05.2024),2024.1.3,MacIntel,128.2051282,,,,,,,,,,,,,,,,,,,,,,,,,,,,,,num,,,,,,,,,,,,,,,,,,,,,,,,,,,,,,,,,,,,,,,,,,,,,,,,,,,,,,,,,,,,,,,,,,,,,,,,,,,,,,,,,,,,,,,,,,,,,,,,,,,,,,,,,,,,,1222.4285,1225.3446,1,2.9121,,,,,,TAFCstimuli02/numnym003.wav,,,,,,,,,,,,,,,,,,,,,,,,0,1,1,2,1,,,,,
,,,,,31,001,2024-05-21_19h46.42.787,AXB:2AFC Experiments (16.05.2024),2024.1.3,MacIntel,128.2051282,,,,,,,,,,,,,,,,,,,,,,,,,,,,,,/,,,,,,,,,,,,,,,,,,,,,,,,,,,,,,,,,,,,,,,,,,,,,,,,,,,,,,,,,,,,,,,,,,,,,,,,,,,,,,,,,,,,,,,,,,,,,,,,,,,,,,,,,,,,,1225.3449,1228.6444,1,3.2946,,,,,,TAFCstimuli02/numnym004.wav,,,,,,,,,,,,,,,,,,,,,,,,0,2,2,3,1,,,,,
,,,,,31,001,2024-05-21_19h46.42.787,AXB:2AFC Experiments (16.05.2024),2024.1.3,MacIntel,128.2051282,,,,,,,,,,,,,,,,,,,,,,,,,,,,,,num,,,,,,,,,,,,,,,,,,,,,,,,,,,,,,,,,,,,,,,,,,,,,,,,,,,,,,,,,,,,,,,,,,,,,,,,,,,,,,,,,,,,,,,,,,,,,,,,,,,,,,,,,,,,,1228.6447,1231.6029,1,2.953,,,,,,TAFCstimuli02/numnym001.wav,,,,,,,,,,,,,,,,,,,,,,,,0,3,3,0,1,,,,,
,,,,,31,001,2024-05-21_19h46.42.787,AXB:2AFC Experiments (16.05.2024),2024.1.3,MacIntel,128.2051282,,,,,,,,,,,,,,,,,,,,,,,,,,,,,,nym,,,,,,,,,,,,,,,,,,,,,,,,,,,,,,,,,,,,,,,,,,,,,,,,,,,,,,,,,,,,,,,,,,,,,,,,,,,,,,,,,,,,,,,,,,,,,,,,,,,,,,,,,,,,,1231.6031,1235.1029,2,3.4936,,,,,,TAFCstimuli02/numnym006.wav,,,,,,,,,,,,,,,,,,,,,,,,0,4,4,5,1,,,,,
,,,,,31,001,2024-05-21_19h46.42.787,AXB:2AFC Experiments (16.05.2024),2024.1.3,MacIntel,128.2051282,,,,,,,,,,,,,,,,,,,,,,,,,,,,,,nym,,,,,,,,,,,,,,,,,,,,,,,,,,,,,,,,,,,,,,,,,,,,,,,,,,,,,,,,,,,,,,,,,,,,,,,,,,,,,,,,,,,,,,,,,,,,,,,,,,,,,,,,,,,,,1235.1031,1239.9529,2,4.8427,,,,,,TAFCstimuli02/numnym005.wav,,,,,,,,,,,,,,,,,,,,,,,,0,5,5,4,1,,,,,
,,,,,31,001,2024-05-21_19h46.42.787,AXB:2AFC Experiments (16.05.2024),2024.1.3,MacIntel,128.2051282,,,,,,,,,,,,,,,,,,,,,,,,,,,,,,nym,,,,,,,,,,,,,,,,,,,,,,,,,,,,,,,,,,,,,,,,,,,,,,,,,,,,,,,,,,,,,,,,,,,,,,,,,,,,,,,,,,,,,,,,,,,,,,,,,,,,,,,,,,,,,1239.9533,1244.8028,2,4.8444,,,,,,TAFCstimuli02/numnym007.wav,,,,,,,,,,,,,,,,,,,,,,,,0,6,6,6,1,,,,,
,,,,,31,001,2024-05-21_19h46.42.787,AXB:2AFC Experiments (16.05.2024),2024.1.3,MacIntel,128.2051282,,,,,,,,,,,,,,,,,,,,,,,,,,,,,,num,,,,,,,,,,,,,,,,,,,,,,,,,,,,,,,,,,,,,,,,,,,,,,,,,,,,,,,,,,,,,,,,,,,,,,,,,,,,,,,,,,,,,,,,,,,,,,,,,,,,,,,,,,,,,1244.8031,1248.7196,1,3.9109,,,,,,TAFCstimuli02/numnym003.wav,,,,,,,,,,,,,,,,,,,,,,,,1,0,7,2,1,,,,,
,,,,,31,001,2024-05-21_19h46.42.787,AXB:2AFC Experiments (16.05.2024),2024.1.3,MacIntel,128.2051282,,,,,,,,,,,,,,,,,,,,,,,,,,,,,,nym,,,,,,,,,,,,,,,,,,,,,,,,,,,,,,,,,,,,,,,,,,,,,,,,,,,,,,,,,,,,,,,,,,,,,,,,,,,,,,,,,,,,,,,,,,,,,,,,,,,,,,,,,,,,,1248.7198,1252.153,2,3.4283,,,,,,TAFCstimuli02/numnym007.wav,,,,,,,,,,,,,,,,,,,,,,,,1,1,8,6,1,,,,,
,,,,,31,001,2024-05-21_19h46.42.787,AXB:2AFC Experiments (16.05.2024),2024.1.3,MacIntel,128.2051282,,,,,,,,,,,,,,,,,,,,,,,,,,,,,,/,,,,,,,,,,,,,,,,,,,,,,,,,,,,,,,,,,,,,,,,,,,,,,,,,,,,,,,,,,,,,,,,,,,,,,,,,,,,,,,,,,,,,,,,,,,,,,,,,,,,,,,,,,,,,1252.1533,1256.6948,1,4.541,,,,,,TAFCstimuli02/numnym004.wav,,,,,,,,,,,,,,,,,,,,,,,,1,2,9,3,1,,,,,
,,,,,31,001,2024-05-21_19h46.42.787,AXB:2AFC Experiments (16.05.2024),2024.1.3,MacIntel,128.2051282,,,,,,,,,,,,,,,,,,,,,,,,,,,,,,num,,,,,,,,,,,,,,,,,,,,,,,,,,,,,,,,,,,,,,,,,,,,,,,,,,,,,,,,,,,,,,,,,,,,,,,,,,,,,,,,,,,,,,,,,,,,,,,,,,,,,,,,,,,,,1256.695,1259.9195,1,3.2232,,,,,,TAFCstimuli02/numnym001.wav,,,,,,,,,,,,,,,,,,,,,,,,1,3,10,0,1,,,,,
,,,,,31,001,2024-05-21_19h46.42.787,AXB:2AFC Experiments (16.05.2024),2024.1.3,MacIntel,128.2051282,,,,,,,,,,,,,,,,,,,,,,,,,,,,,,nym,,,,,,,,,,,,,,,,,,,,,,,,,,,,,,,,,,,,,,,,,,,,,,,,,,,,,,,,,,,,,,,,,,,,,,,,,,,,,,,,,,,,,,,,,,,,,,,,,,,,,,,,,,,,,1259.9197,1265.1778,2,5.2524,,,,,,TAFCstimuli02/numnym006.wav,,,,,,,,,,,,,,,,,,,,,,,,1,4,11,5,1,,,,,
,,,,,31,001,2024-05-21_19h46.42.787,AXB:2AFC Experiments (16.05.2024),2024.1.3,MacIntel,128.2051282,,,,,,,,,,,,,,,,,,,,,,,,,,,,,,nym,,,,,,,,,,,,,,,,,,,,,,,,,,,,,,,,,,,,,,,,,,,,,,,,,,,,,,,,,,,,,,,,,,,,,,,,,,,,,,,,,,,,,,,,,,,,,,,,,,,,,,,,,,,,,1265.1781,1269.4027,1,4.2233,,,,,,TAFCstimuli02/numnym005.wav,,,,,,,,,,,,,,,,,,,,,,,,1,5,12,4,1,,,,,
,,,,,31,001,2024-05-21_19h46.42.787,AXB:2AFC Experiments (16.05.2024),2024.1.3,MacIntel,128.2051282,,,,,,,,,,,,,,,,,,,,,,,,,,,,,,num,,,,,,,,,,,,,,,,,,,,,,,,,,,,,,,,,,,,,,,,,,,,,,,,,,,,,,,,,,,,,,,,,,,,,,,,,,,,,,,,,,,,,,,,,,,,,,,,,,,,,,,,,,,,,1269.403,1272.5028,1,3.0953,,,,,,TAFCstimuli02/numnym002.wav,,,,,,,,,,,,,,,,,,,,,,,,1,6,13,1,1,,,,,
,,,,,31,001,2024-05-21_19h46.42.787,AXB:2AFC Experiments (16.05.2024),2024.1.3,MacIntel,128.2051282,,,,,,,,,,,,,,,,,,,,,,,,,,,,,,,,,,,,,,,,,,,,,,,,,,,,,,,,,,,,,,,,,,,,,,,,,,,,,,,,,,,,,,,,,,,,,,,,,,,,,,,,,,,,,,,,,,,,,,,,,,,,,,,,,,,,,,,,,,,,,,,,,,,,,,,,,,,,,,,,,,,,,,,,,,,,,,,,,1272.5034,1278.4109,space,5.8879,
