﻿start.started,start.stopped,startkey_resp.keys,startkey_resp.rt,startkey_resp.duration,participant,session,date,expName,psychopyVersion,OS,frameRate,attention.started,attention.stopped,key_resp.keys,key_resp.rt,key_resp.duration,stimuliAXBmix.started,stimuliAXBmix.stopped,stimuliAXBkey_resp.keys,stimuliAXBkey_resp.rt,stimuliAXBkey_resp.duration,stimuliAXBtesttrials.thisRepN,stimuliAXBtesttrials.thisTrialN,stimuliAXBtesttrials.thisN,stimuliAXBtesttrials.thisIndex,stimuliAXBtesttrials.ran,stimuliAXBmix,Correct,attentionsecond.started,attentionsecond.stopped,attentionsecondkey_resp.keys,attentionsecondkey_resp.rt,attentionsecondkey_resp.duration,instAXBreal.started,instAXBreal.stopped,instAXBrealkey_resp.keys,instAXBrealkey_resp.rt,instAXBrealkey_resp.duration,stimuliAXBmixfirst.thisRepN,stimuliAXBmixfirst.thisTrialN,stimuliAXBmixfirst.thisN,stimuliAXBmixfirst.thisIndex,stimuliAXBmixfirst.ran,attentionfirst.started,attentionfirst.stopped,attentionfirstkey_resp.keys,attentionfirstkey_resp.rt,attentionfirstkey_resp.duration,stimuliAXbmixsec.thisRepN,stimuliAXbmixsec.thisTrialN,stimuliAXbmixsec.thisN,stimuliAXbmixsec.thisIndex,stimuliAXbmixsec.ran,kaffeepause.started,kaffeepause.stopped,kaffeepausekey_resp.keys,kaffeepausekey_resp.rt,kaffeepausekey_resp.duration,instTAFCtest.started,instTAFCtest.stopped,instTAFCtestkey_resp.keys,instTAFCtestkey_resp.rt,instTAFCtestkey_resp.duration,testTAFCmixfirst.started,testTAFCmixfirst.stopped,testTAFCmixfirstkey_resp.keys,testTAFCmixfirstkey_resp.rt,testTAFCmixfirstkey_resp.duration,testTAFCmixfirsttrials.thisRepN,testTAFCmixfirsttrials.thisTrialN,testTAFCmixfirsttrials.thisN,testTAFCmixfirsttrials.thisIndex,testTAFCmixfirsttrials.ran,testTAFCmixfirst,testTAFCmixsec.started,testTAFCmixsec.stopped,testTAFCmixseckey_resp.keys,testTAFCmixseckey_resp.rt,testTAFCmixseckey_resp.duration,testTAFCmixsectrials.thisRepN,testTAFCmixsectrials.thisTrialN,testTAFCmixsectrials.thisN,testTAFCmixsectrials.thisIndex,testTAFCmixsectrials.ran,testTAFCmixsec,instTAFCreal.started,instTAFCreal.stopped,instTAFCrealkey_resp.keys,instTAFCrealkey_resp.rt,instTAFCrealkey_resp.duration,stimuliTAFCfirst.started,stimuliTAFCfirst.stopped,stimuliTAFCfirstkey_resp.keys,stimuliTAFCfirstkey_resp.rt,stimuliTAFCfirstkey_resp.duration,stimuliTAFCfirsttrials.thisRepN,stimuliTAFCfirsttrials.thisTrialN,stimuliTAFCfirsttrials.thisN,stimuliTAFCfirsttrials.thisIndex,stimuliTAFCfirsttrials.ran,stimuliTAFCfirst,stimuliTAFCsec.started,stimuliTAFCsec.stopped,stimuliTAFCseckey_resp.keys,stimuliTAFCseckey_resp.rt,stimuliTAFCseckey_resp.duration,stimuliTAFCsectrials.thisRepN,stimuliTAFCsectrials.thisTrialN,stimuliTAFCsectrials.thisN,stimuliTAFCsectrials.thisIndex,stimuliTAFCsectrials.ran,stimuliTAFCsec,end.started,end.stopped
0.0003,9.2321,space,9.2181,,997239,001,2024-05-27_15h42.16.757,mathesisv2,2024.1.3,Win32,60.60606061,,,,,,,,,,,,,,,,,,,,,,,,,,,,,,,,,,,,,,,,,,,,,,,,,,,,,,,,,,,,,,,,,,,,,,,,,,,,,,,,,,,,,,,,,,,,,,,,,,,,,,,
,,,,,997239,001,2024-05-27_15h42.16.757,mathesisv2,2024.1.3,Win32,60.60606061,9.2323,15.5985,space,6.3286,,,,,,,,,,,,,,,,,,,,,,,,,,,,,,,,,,,,,,,,,,,,,,,,,,,,,,,,,,,,,,,,,,,,,,,,,,,,,,,,,,,,,,,,,,,,,,,,,,,
,,,,,997239,001,2024-05-27_15h42.16.757,mathesisv2,2024.1.3,Win32,60.60606061,,,,,,15.6082,22.2154,l,6.5916,,0,0,0,3,1,stimuliAXBmix/yyustimulus.wav,l,,,,,,,,,,,,,,,,,,,,,,,,,,,,,,,,,,,,,,,,,,,,,,,,,,,,,,,,,,,,,,,,,,,,,,,,,,,,,,,,,,,,,,
,,,,,997239,001,2024-05-27_15h42.16.757,mathesisv2,2024.1.3,Win32,60.60606061,,,,,,22.2161,29.8981,f,7.6555,,0,1,1,0,1,stimuliAXBmix/iiystimulus.wav,l,,,,,,,,,,,,,,,,,,,,,,,,,,,,,,,,,,,,,,,,,,,,,,,,,,,,,,,,,,,,,,,,,,,,,,,,,,,,,,,,,,,,,,
,,,,,997239,001,2024-05-27_15h42.16.757,mathesisv2,2024.1.3,Win32,60.60606061,,,,,,29.8985,30.4999,f,0.5841,,0,2,2,2,1,stimuliAXBmix/yuustimulus.wav,f,,,,,,,,,,,,,,,,,,,,,,,,,,,,,,,,,,,,,,,,,,,,,,,,,,,,,,,,,,,,,,,,,,,,,,,,,,,,,,,,,,,,,,
,,,,,997239,001,2024-05-27_15h42.16.757,mathesisv2,2024.1.3,Win32,60.60606061,,,,,,30.5001,34.3315,f,3.8036,,0,3,3,1,1,stimuliAXBmix/iyystimulus.wav,f,,,,,,,,,,,,,,,,,,,,,,,,,,,,,,,,,,,,,,,,,,,,,,,,,,,,,,,,,,,,,,,,,,,,,,,,,,,,,,,,,,,,,,
,,,,,997239,001,2024-05-27_15h42.16.757,mathesisv2,2024.1.3,Win32,60.60606061,,,,,,,,,,,,,,,,,,34.3319,36.5197,space,2.1695,,,,,,,,,,,,,,,,,,,,,,,,,,,,,,,,,,,,,,,,,,,,,,,,,,,,,,,,,,,,,,,,,,,,,,,,,,,,,,,,,,
,,,,,997239,001,2024-05-27_15h42.16.757,mathesisv2,2024.1.3,Win32,60.60606061,,,,,,,,,,,,,,,,,,,,,,,36.5198,43.9147,space,7.3765,,,,,,,,,,,,,,,,,,,,,,,,,,,,,,,,,,,,,,,,,,,,,,,,,,,,,,,,,,,,,,,,,,,,,,,,,,,,,
,,,,,997239,001,2024-05-27_15h42.16.757,mathesisv2,2024.1.3,Win32,60.60606061,,,,,,43.9191,47.2812,f,3.3475,,,,,,,stimuliAXBmix/iyystimulus.wav,f,,,,,,,,,,,0,0,0,1,1,,,,,,,,,,,,,,,,,,,,,,,,,,,,,,,,,,,,,,,,,,,,,,,,,,,,,,,,,,,,,,,,,,,,,,,
,,,,,997239,001,2024-05-27_15h42.16.757,mathesisv2,2024.1.3,Win32,60.60606061,,,,,,47.2815,52.0644,l,4.7645,,,,,,,stimuliAXBmix/iiystimulus.wav,l,,,,,,,,,,,0,1,1,0,1,,,,,,,,,,,,,,,,,,,,,,,,,,,,,,,,,,,,,,,,,,,,,,,,,,,,,,,,,,,,,,,,,,,,,,,
,,,,,997239,001,2024-05-27_15h42.16.757,mathesisv2,2024.1.3,Win32,60.60606061,,,,,,52.0648,55.5159,f,3.4341,,,,,,,stimuliAXBmix/yuustimulus.wav,f,,,,,,,,,,,0,2,2,2,1,,,,,,,,,,,,,,,,,,,,,,,,,,,,,,,,,,,,,,,,,,,,,,,,,,,,,,,,,,,,,,,,,,,,,,,
,,,,,997239,001,2024-05-27_15h42.16.757,mathesisv2,2024.1.3,Win32,60.60606061,,,,,,55.5162,58.9317,l,3.387,,,,,,,stimuliAXBmix/yyustimulus.wav,l,,,,,,,,,,,0,3,3,3,1,,,,,,,,,,,,,,,,,,,,,,,,,,,,,,,,,,,,,,,,,,,,,,,,,,,,,,,,,,,,,,,,,,,,,,,
,,,,,997239,001,2024-05-27_15h42.16.757,mathesisv2,2024.1.3,Win32,60.60606061,,,,,,58.9372,62.081,f,3.1235,,,,,,,stimuliAXBmix/yuustimulus.wav,f,,,,,,,,,,,1,0,4,2,1,,,,,,,,,,,,,,,,,,,,,,,,,,,,,,,,,,,,,,,,,,,,,,,,,,,,,,,,,,,,,,,,,,,,,,,
,,,,,997239,001,2024-05-27_15h42.16.757,mathesisv2,2024.1.3,Win32,60.60606061,,,,,,62.0813,64.9645,l,2.8527,,,,,,,stimuliAXBmix/yyustimulus.wav,l,,,,,,,,,,,1,1,5,3,1,,,,,,,,,,,,,,,,,,,,,,,,,,,,,,,,,,,,,,,,,,,,,,,,,,,,,,,,,,,,,,,,,,,,,,,
,,,,,997239,001,2024-05-27_15h42.16.757,mathesisv2,2024.1.3,Win32,60.60606061,,,,,,64.9697,68.3815,f,3.3857,,,,,,,stimuliAXBmix/iyystimulus.wav,f,,,,,,,,,,,1,2,6,1,1,,,,,,,,,,,,,,,,,,,,,,,,,,,,,,,,,,,,,,,,,,,,,,,,,,,,,,,,,,,,,,,,,,,,,,,
,,,,,997239,001,2024-05-27_15h42.16.757,mathesisv2,2024.1.3,Win32,60.60606061,,,,,,68.3867,71.1309,l,2.7211,,,,,,,stimuliAXBmix/iiystimulus.wav,l,,,,,,,,,,,1,3,7,0,1,,,,,,,,,,,,,,,,,,,,,,,,,,,,,,,,,,,,,,,,,,,,,,,,,,,,,,,,,,,,,,,,,,,,,,,
,,,,,997239,001,2024-05-27_15h42.16.757,mathesisv2,2024.1.3,Win32,60.60606061,,,,,,71.1312,71.1808,l,0.0271,,,,,,,stimuliAXBmix/iyystimulus.wav,f,,,,,,,,,,,2,0,8,1,1,,,,,,,,,,,,,,,,,,,,,,,,,,,,,,,,,,,,,,,,,,,,,,,,,,,,,,,,,,,,,,,,,,,,,,,
,,,,,997239,001,2024-05-27_15h42.16.757,mathesisv2,2024.1.3,Win32,60.60606061,,,,,,71.1811,74.2643,l,3.0512,,,,,,,stimuliAXBmix/iiystimulus.wav,l,,,,,,,,,,,2,1,9,0,1,,,,,,,,,,,,,,,,,,,,,,,,,,,,,,,,,,,,,,,,,,,,,,,,,,,,,,,,,,,,,,,,,,,,,,,
,,,,,997239,001,2024-05-27_15h42.16.757,mathesisv2,2024.1.3,Win32,60.60606061,,,,,,74.2647,77.9807,f,3.6939,,,,,,,stimuliAXBmix/yuustimulus.wav,f,,,,,,,,,,,2,2,10,2,1,,,,,,,,,,,,,,,,,,,,,,,,,,,,,,,,,,,,,,,,,,,,,,,,,,,,,,,,,,,,,,,,,,,,,,,
,,,,,997239,001,2024-05-27_15h42.16.757,mathesisv2,2024.1.3,Win32,60.60606061,,,,,,77.9859,80.7141,l,2.7135,,,,,,,stimuliAXBmix/yyustimulus.wav,l,,,,,,,,,,,2,3,11,3,1,,,,,,,,,,,,,,,,,,,,,,,,,,,,,,,,,,,,,,,,,,,,,,,,,,,,,,,,,,,,,,,,,,,,,,,
,,,,,997239,001,2024-05-27_15h42.16.757,mathesisv2,2024.1.3,Win32,60.60606061,,,,,,81.688,84.6142,f,2.9027,,,,,,,stimuliAXBmix/yuustimulus.wav,f,,,,,,,,,,,,,,,,80.7145,81.681,space,0.9397,,0,0,0,2,1,,,,,,,,,,,,,,,,,,,,,,,,,,,,,,,,,,,,,,,,,,,,,,,,,,,,,,,,,,,,,
,,,,,997239,001,2024-05-27_15h42.16.757,mathesisv2,2024.1.3,Win32,60.60606061,,,,,,84.6197,87.6807,l,3.0457,,,,,,,stimuliAXBmix/yyustimulus.wav,l,,,,,,,,,,,,,,,,,,,,,0,1,1,3,1,,,,,,,,,,,,,,,,,,,,,,,,,,,,,,,,,,,,,,,,,,,,,,,,,,,,,,,,,,,,,
,,,,,997239,001,2024-05-27_15h42.16.757,mathesisv2,2024.1.3,Win32,60.60606061,,,,,,87.6809,91.7978,f,4.0863,,,,,,,stimuliAXBmix/iyystimulus.wav,f,,,,,,,,,,,,,,,,,,,,,0,2,2,1,1,,,,,,,,,,,,,,,,,,,,,,,,,,,,,,,,,,,,,,,,,,,,,,,,,,,,,,,,,,,,,
,,,,,997239,001,2024-05-27_15h42.16.757,mathesisv2,2024.1.3,Win32,60.60606061,,,,,,91.803,94.6474,l,2.8197,,,,,,,stimuliAXBmix/iiystimulus.wav,l,,,,,,,,,,,,,,,,,,,,,0,3,3,0,1,,,,,,,,,,,,,,,,,,,,,,,,,,,,,,,,,,,,,,,,,,,,,,,,,,,,,,,,,,,,,
,,,,,997239,001,2024-05-27_15h42.16.757,mathesisv2,2024.1.3,Win32,60.60606061,,,,,,94.6526,97.8307,l,3.152,,,,,,,stimuliAXBmix/yyustimulus.wav,l,,,,,,,,,,,,,,,,,,,,,1,0,4,3,1,,,,,,,,,,,,,,,,,,,,,,,,,,,,,,,,,,,,,,,,,,,,,,,,,,,,,,,,,,,,,
,,,,,997239,001,2024-05-27_15h42.16.757,mathesisv2,2024.1.3,Win32,60.60606061,,,,,,97.8309,100.4971,f,2.6471,,,,,,,stimuliAXBmix/iyystimulus.wav,f,,,,,,,,,,,,,,,,,,,,,1,1,5,1,1,,,,,,,,,,,,,,,,,,,,,,,,,,,,,,,,,,,,,,,,,,,,,,,,,,,,,,,,,,,,,
,,,,,997239,001,2024-05-27_15h42.16.757,mathesisv2,2024.1.3,Win32,60.60606061,,,,,,100.5023,104.2475,l,3.7173,,,,,,,stimuliAXBmix/iiystimulus.wav,l,,,,,,,,,,,,,,,,,,,,,1,2,6,0,1,,,,,,,,,,,,,,,,,,,,,,,,,,,,,,,,,,,,,,,,,,,,,,,,,,,,,,,,,,,,,
,,,,,997239,001,2024-05-27_15h42.16.757,mathesisv2,2024.1.3,Win32,60.60606061,,,,,,104.2479,108.2805,f,4.0147,,,,,,,stimuliAXBmix/yuustimulus.wav,f,,,,,,,,,,,,,,,,,,,,,1,3,7,2,1,,,,,,,,,,,,,,,,,,,,,,,,,,,,,,,,,,,,,,,,,,,,,,,,,,,,,,,,,,,,,
,,,,,997239,001,2024-05-27_15h42.16.757,mathesisv2,2024.1.3,Win32,60.60606061,,,,,,109.7053,112.7806,l,3.0532,,,,,,,stimuliAXBmix/yyustimulus.wav,l,,,,,,,,,,,0,0,0,3,1,,,,,,,,,,,108.2809,109.6981,space,1.3997,,,,,,,,,,,,,,,,,,,,,,,,,,,,,,,,,,,,,,,,,,,,,,,,,,,,,,,,,
,,,,,997239,001,2024-05-27_15h42.16.757,mathesisv2,2024.1.3,Win32,60.60606061,,,,,,112.7858,116.4637,f,3.6579,,,,,,,stimuliAXBmix/iyystimulus.wav,f,,,,,,,,,,,0,1,1,1,1,,,,,,,,,,,,,,,,,,,,,,,,,,,,,,,,,,,,,,,,,,,,,,,,,,,,,,,,,,,,,,,,,,,,,,,
,,,,,997239,001,2024-05-27_15h42.16.757,mathesisv2,2024.1.3,Win32,60.60606061,,,,,,116.4689,119.4637,l,2.9743,,,,,,,stimuliAXBmix/iiystimulus.wav,l,,,,,,,,,,,0,2,2,0,1,,,,,,,,,,,,,,,,,,,,,,,,,,,,,,,,,,,,,,,,,,,,,,,,,,,,,,,,,,,,,,,,,,,,,,,
,,,,,997239,001,2024-05-27_15h42.16.757,mathesisv2,2024.1.3,Win32,60.60606061,,,,,,119.464,123.847,f,4.352,,,,,,,stimuliAXBmix/yuustimulus.wav,f,,,,,,,,,,,0,3,3,2,1,,,,,,,,,,,,,,,,,,,,,,,,,,,,,,,,,,,,,,,,,,,,,,,,,,,,,,,,,,,,,,,,,,,,,,,
,,,,,997239,001,2024-05-27_15h42.16.757,mathesisv2,2024.1.3,Win32,60.60606061,,,,,,123.8522,126.7136,l,2.8391,,,,,,,stimuliAXBmix/iiystimulus.wav,l,,,,,,,,,,,1,0,4,0,1,,,,,,,,,,,,,,,,,,,,,,,,,,,,,,,,,,,,,,,,,,,,,,,,,,,,,,,,,,,,,,,,,,,,,,,
,,,,,997239,001,2024-05-27_15h42.16.757,mathesisv2,2024.1.3,Win32,60.60606061,,,,,,126.7189,129.6301,f,2.8927,,,,,,,stimuliAXBmix/yuustimulus.wav,f,,,,,,,,,,,1,1,5,2,1,,,,,,,,,,,,,,,,,,,,,,,,,,,,,,,,,,,,,,,,,,,,,,,,,,,,,,,,,,,,,,,,,,,,,,,
,,,,,997239,001,2024-05-27_15h42.16.757,mathesisv2,2024.1.3,Win32,60.60606061,,,,,,129.6305,132.7469,f,3.0882,,,,,,,stimuliAXBmix/iyystimulus.wav,f,,,,,,,,,,,1,2,6,1,1,,,,,,,,,,,,,,,,,,,,,,,,,,,,,,,,,,,,,,,,,,,,,,,,,,,,,,,,,,,,,,,,,,,,,,,
,,,,,997239,001,2024-05-27_15h42.16.757,mathesisv2,2024.1.3,Win32,60.60606061,,,,,,132.7521,135.6301,l,2.8588,,,,,,,stimuliAXBmix/yyustimulus.wav,l,,,,,,,,,,,1,3,7,3,1,,,,,,,,,,,,,,,,,,,,,,,,,,,,,,,,,,,,,,,,,,,,,,,,,,,,,,,,,,,,,,,,,,,,,,,
,,,,,997239,001,2024-05-27_15h42.16.757,mathesisv2,2024.1.3,Win32,60.60606061,,,,,,135.6304,138.5969,f,2.9414,,,,,,,stimuliAXBmix/yuustimulus.wav,f,,,,,,,,,,,2,0,8,2,1,,,,,,,,,,,,,,,,,,,,,,,,,,,,,,,,,,,,,,,,,,,,,,,,,,,,,,,,,,,,,,,,,,,,,,,
,,,,,997239,001,2024-05-27_15h42.16.757,mathesisv2,2024.1.3,Win32,60.60606061,,,,,,138.6021,141.33,l,2.7113,,,,,,,stimuliAXBmix/yyustimulus.wav,l,,,,,,,,,,,2,1,9,3,1,,,,,,,,,,,,,,,,,,,,,,,,,,,,,,,,,,,,,,,,,,,,,,,,,,,,,,,,,,,,,,,,,,,,,,,
,,,,,997239,001,2024-05-27_15h42.16.757,mathesisv2,2024.1.3,Win32,60.60606061,,,,,,141.3303,146.3966,l,5.0405,,,,,,,stimuliAXBmix/iiystimulus.wav,l,,,,,,,,,,,2,2,10,0,1,,,,,,,,,,,,,,,,,,,,,,,,,,,,,,,,,,,,,,,,,,,,,,,,,,,,,,,,,,,,,,,,,,,,,,,
,,,,,997239,001,2024-05-27_15h42.16.757,mathesisv2,2024.1.3,Win32,60.60606061,,,,,,146.4017,149.1803,f,2.7464,,,,,,,stimuliAXBmix/iyystimulus.wav,f,,,,,,,,,,,2,3,11,1,1,,,,,,,,,,,,,,,,,,,,,,,,,,,,,,,,,,,,,,,,,,,,,,,,,,,,,,,,,,,,,,,,,,,,,,,
,,,,,997239,001,2024-05-27_15h42.16.757,mathesisv2,2024.1.3,Win32,60.60606061,,,,,,151.9366,156.6133,l,4.6571,,,,,,,stimuliAXBmix/iiystimulus.wav,l,,,,,,,,,,,,,,,,149.1805,151.93,space,2.7155,,0,0,0,0,1,,,,,,,,,,,,,,,,,,,,,,,,,,,,,,,,,,,,,,,,,,,,,,,,,,,,,,,,,,,,,
,,,,,997239,001,2024-05-27_15h42.16.757,mathesisv2,2024.1.3,Win32,60.60606061,,,,,,156.6187,159.7798,f,3.1422,,,,,,,stimuliAXBmix/iyystimulus.wav,f,,,,,,,,,,,,,,,,,,,,,0,1,1,1,1,,,,,,,,,,,,,,,,,,,,,,,,,,,,,,,,,,,,,,,,,,,,,,,,,,,,,,,,,,,,,
,,,,,997239,001,2024-05-27_15h42.16.757,mathesisv2,2024.1.3,Win32,60.60606061,,,,,,159.7802,162.7467,f,2.9359,,,,,,,stimuliAXBmix/yuustimulus.wav,f,,,,,,,,,,,,,,,,,,,,,0,2,2,2,1,,,,,,,,,,,,,,,,,,,,,,,,,,,,,,,,,,,,,,,,,,,,,,,,,,,,,,,,,,,,,
,,,,,997239,001,2024-05-27_15h42.16.757,mathesisv2,2024.1.3,Win32,60.60606061,,,,,,162.7519,165.9637,l,3.1833,,,,,,,stimuliAXBmix/yyustimulus.wav,l,,,,,,,,,,,,,,,,,,,,,0,3,3,3,1,,,,,,,,,,,,,,,,,,,,,,,,,,,,,,,,,,,,,,,,,,,,,,,,,,,,,,,,,,,,,
,,,,,997239,001,2024-05-27_15h42.16.757,mathesisv2,2024.1.3,Win32,60.60606061,,,,,,165.9643,169.3798,f,3.3907,,,,,,,stimuliAXBmix/yuustimulus.wav,f,,,,,,,,,,,,,,,,,,,,,1,0,4,2,1,,,,,,,,,,,,,,,,,,,,,,,,,,,,,,,,,,,,,,,,,,,,,,,,,,,,,,,,,,,,,
,,,,,997239,001,2024-05-27_15h42.16.757,mathesisv2,2024.1.3,Win32,60.60606061,,,,,,169.3853,171.9131,l,2.5106,,,,,,,stimuliAXBmix/yyustimulus.wav,l,,,,,,,,,,,,,,,,,,,,,1,1,5,3,1,,,,,,,,,,,,,,,,,,,,,,,,,,,,,,,,,,,,,,,,,,,,,,,,,,,,,,,,,,,,,
,,,,,997239,001,2024-05-27_15h42.16.757,mathesisv2,2024.1.3,Win32,60.60606061,,,,,,171.9133,174.88,l,2.9318,,,,,,,stimuliAXBmix/iiystimulus.wav,l,,,,,,,,,,,,,,,,,,,,,1,2,6,0,1,,,,,,,,,,,,,,,,,,,,,,,,,,,,,,,,,,,,,,,,,,,,,,,,,,,,,,,,,,,,,
,,,,,997239,001,2024-05-27_15h42.16.757,mathesisv2,2024.1.3,Win32,60.60606061,,,,,,174.8853,177.3131,f,2.3998,,,,,,,stimuliAXBmix/iyystimulus.wav,f,,,,,,,,,,,,,,,,,,,,,1,3,7,1,1,,,,,,,,,,,,,,,,,,,,,,,,,,,,,,,,,,,,,,,,,,,,,,,,,,,,,,,,,,,,,
,,,,,997239,001,2024-05-27_15h42.16.757,mathesisv2,2024.1.3,Win32,60.60606061,,,,,,179.1563,183.8129,f,4.6408,,,,,,,stimuliAXBmix/iyystimulus.wav,f,,,,,,,,,,,0,0,0,1,1,,,,,,,,,,,177.3133,179.15,space,1.8166,,,,,,,,,,,,,,,,,,,,,,,,,,,,,,,,,,,,,,,,,,,,,,,,,,,,,,,,,
,,,,,997239,001,2024-05-27_15h42.16.757,mathesisv2,2024.1.3,Win32,60.60606061,,,,,,183.8183,186.7464,f,2.8984,,,,,,,stimuliAXBmix/yuustimulus.wav,f,,,,,,,,,,,0,1,1,2,1,,,,,,,,,,,,,,,,,,,,,,,,,,,,,,,,,,,,,,,,,,,,,,,,,,,,,,,,,,,,,,,,,,,,,,,
,,,,,997239,001,2024-05-27_15h42.16.757,mathesisv2,2024.1.3,Win32,60.60606061,,,,,,186.7519,189.4134,l,2.6336,,,,,,,stimuliAXBmix/iiystimulus.wav,l,,,,,,,,,,,0,2,2,0,1,,,,,,,,,,,,,,,,,,,,,,,,,,,,,,,,,,,,,,,,,,,,,,,,,,,,,,,,,,,,,,,,,,,,,,,
,,,,,997239,001,2024-05-27_15h42.16.757,mathesisv2,2024.1.3,Win32,60.60606061,,,,,,189.4139,192.0173,l,2.5835,,,,,,,stimuliAXBmix/yyustimulus.wav,l,,,,,,,,,,,0,3,3,3,1,,,,,,,,,,,,,,,,,,,,,,,,,,,,,,,,,,,,,,,,,,,,,,,,,,,,,,,,,,,,,,,,,,,,,,,
,,,,,997239,001,2024-05-27_15h42.16.757,mathesisv2,2024.1.3,Win32,60.60606061,,,,,,192.0174,194.6462,l,2.6022,,,,,,,stimuliAXBmix/yyustimulus.wav,l,,,,,,,,,,,1,0,4,3,1,,,,,,,,,,,,,,,,,,,,,,,,,,,,,,,,,,,,,,,,,,,,,,,,,,,,,,,,,,,,,,,,,,,,,,,
,,,,,997239,001,2024-05-27_15h42.16.757,mathesisv2,2024.1.3,Win32,60.60606061,,,,,,194.6513,198.1968,f,3.5168,,,,,,,stimuliAXBmix/iyystimulus.wav,f,,,,,,,,,,,1,1,5,1,1,,,,,,,,,,,,,,,,,,,,,,,,,,,,,,,,,,,,,,,,,,,,,,,,,,,,,,,,,,,,,,,,,,,,,,,
,,,,,997239,001,2024-05-27_15h42.16.757,mathesisv2,2024.1.3,Win32,60.60606061,,,,,,198.1971,200.3294,f,2.1029,,,,,,,stimuliAXBmix/yuustimulus.wav,f,,,,,,,,,,,1,2,6,2,1,,,,,,,,,,,,,,,,,,,,,,,,,,,,,,,,,,,,,,,,,,,,,,,,,,,,,,,,,,,,,,,,,,,,,,,
,,,,,997239,001,2024-05-27_15h42.16.757,mathesisv2,2024.1.3,Win32,60.60606061,,,,,,200.3298,203.3794,l,3.0252,,,,,,,stimuliAXBmix/iiystimulus.wav,l,,,,,,,,,,,1,3,7,0,1,,,,,,,,,,,,,,,,,,,,,,,,,,,,,,,,,,,,,,,,,,,,,,,,,,,,,,,,,,,,,,,,,,,,,,,
,,,,,997239,001,2024-05-27_15h42.16.757,mathesisv2,2024.1.3,Win32,60.60606061,,,,,,203.3846,206.4294,f,3.0232,,,,,,,stimuliAXBmix/yuustimulus.wav,f,,,,,,,,,,,2,0,8,2,1,,,,,,,,,,,,,,,,,,,,,,,,,,,,,,,,,,,,,,,,,,,,,,,,,,,,,,,,,,,,,,,,,,,,,,,
,,,,,997239,001,2024-05-27_15h42.16.757,mathesisv2,2024.1.3,Win32,60.60606061,,,,,,206.4296,209.1126,f,2.6611,,,,,,,stimuliAXBmix/iyystimulus.wav,f,,,,,,,,,,,2,1,9,1,1,,,,,,,,,,,,,,,,,,,,,,,,,,,,,,,,,,,,,,,,,,,,,,,,,,,,,,,,,,,,,,,,,,,,,,,
,,,,,997239,001,2024-05-27_15h42.16.757,mathesisv2,2024.1.3,Win32,60.60606061,,,,,,209.118,212.4296,l,3.2849,,,,,,,stimuliAXBmix/iiystimulus.wav,l,,,,,,,,,,,2,2,10,0,1,,,,,,,,,,,,,,,,,,,,,,,,,,,,,,,,,,,,,,,,,,,,,,,,,,,,,,,,,,,,,,,,,,,,,,,
,,,,,997239,001,2024-05-27_15h42.16.757,mathesisv2,2024.1.3,Win32,60.60606061,,,,,,212.4301,215.1292,l,2.6696,,,,,,,stimuliAXBmix/yyustimulus.wav,l,,,,,,,,,,,2,3,11,3,1,,,,,,,,,,,,,,,,,,,,,,,,,,,,,,,,,,,,,,,,,,,,,,,,,,,,,,,,,,,,,,,,,,,,,,,
,,,,,997239,001,2024-05-27_15h42.16.757,mathesisv2,2024.1.3,Win32,60.60606061,,,,,,217.1865,220.8166,f,3.6123,,,,,,,stimuliAXBmix/iyystimulus.wav,f,,,,,,,,,,,,,,,,215.1293,217.1796,return,2.0134,,0,0,0,1,1,,,,,,,,,,,,,,,,,,,,,,,,,,,,,,,,,,,,,,,,,,,,,,,,,,,,,,,,,,,,,
,,,,,997239,001,2024-05-27_15h42.16.757,mathesisv2,2024.1.3,Win32,60.60606061,,,,,,220.8215,223.746,f,2.9031,,,,,,,stimuliAXBmix/yuustimulus.wav,f,,,,,,,,,,,,,,,,,,,,,0,1,1,2,1,,,,,,,,,,,,,,,,,,,,,,,,,,,,,,,,,,,,,,,,,,,,,,,,,,,,,,,,,,,,,
,,,,,997239,001,2024-05-27_15h42.16.757,mathesisv2,2024.1.3,Win32,60.60606061,,,,,,223.7463,226.3798,l,2.6009,,,,,,,stimuliAXBmix/yyustimulus.wav,l,,,,,,,,,,,,,,,,,,,,,0,2,2,3,1,,,,,,,,,,,,,,,,,,,,,,,,,,,,,,,,,,,,,,,,,,,,,,,,,,,,,,,,,,,,,
,,,,,997239,001,2024-05-27_15h42.16.757,mathesisv2,2024.1.3,Win32,60.60606061,,,,,,226.3802,228.796,l,2.3921,,,,,,,stimuliAXBmix/iiystimulus.wav,l,,,,,,,,,,,,,,,,,,,,,0,3,3,0,1,,,,,,,,,,,,,,,,,,,,,,,,,,,,,,,,,,,,,,,,,,,,,,,,,,,,,,,,,,,,,
,,,,,997239,001,2024-05-27_15h42.16.757,mathesisv2,2024.1.3,Win32,60.60606061,,,,,,228.8015,231.3791,l,2.555,,,,,,,stimuliAXBmix/iiystimulus.wav,l,,,,,,,,,,,,,,,,,,,,,1,0,4,0,1,,,,,,,,,,,,,,,,,,,,,,,,,,,,,,,,,,,,,,,,,,,,,,,,,,,,,,,,,,,,,
,,,,,997239,001,2024-05-27_15h42.16.757,mathesisv2,2024.1.3,Win32,60.60606061,,,,,,231.3794,233.3795,f,1.9661,,,,,,,stimuliAXBmix/yuustimulus.wav,f,,,,,,,,,,,,,,,,,,,,,1,1,5,2,1,,,,,,,,,,,,,,,,,,,,,,,,,,,,,,,,,,,,,,,,,,,,,,,,,,,,,,,,,,,,,
,,,,,997239,001,2024-05-27_15h42.16.757,mathesisv2,2024.1.3,Win32,60.60606061,,,,,,233.3799,236.0461,l,2.6304,,,,,,,stimuliAXBmix/yyustimulus.wav,l,,,,,,,,,,,,,,,,,,,,,1,2,6,3,1,,,,,,,,,,,,,,,,,,,,,,,,,,,,,,,,,,,,,,,,,,,,,,,,,,,,,,,,,,,,,
,,,,,997239,001,2024-05-27_15h42.16.757,mathesisv2,2024.1.3,Win32,60.60606061,,,,,,236.0465,238.6625,l,2.5896,,,,,,,stimuliAXBmix/iyystimulus.wav,f,,,,,,,,,,,,,,,,,,,,,1,3,7,1,1,,,,,,,,,,,,,,,,,,,,,,,,,,,,,,,,,,,,,,,,,,,,,,,,,,,,,,,,,,,,,
,,,,,997239,001,2024-05-27_15h42.16.757,mathesisv2,2024.1.3,Win32,60.60606061,,,,,,240.1022,243.7956,f,3.6671,,,,,,,stimuliAXBmix/iyystimulus.wav,f,,,,,,,,,,,0,0,0,1,1,,,,,,,,,,,238.6625,240.096,space,1.4308,,,,,,,,,,,,,,,,,,,,,,,,,,,,,,,,,,,,,,,,,,,,,,,,,,,,,,,,,
,,,,,997239,001,2024-05-27_15h42.16.757,mathesisv2,2024.1.3,Win32,60.60606061,,,,,,243.8009,246.5122,f,2.6952,,,,,,,stimuliAXBmix/yuustimulus.wav,f,,,,,,,,,,,0,1,1,2,1,,,,,,,,,,,,,,,,,,,,,,,,,,,,,,,,,,,,,,,,,,,,,,,,,,,,,,,,,,,,,,,,,,,,,,,
,,,,,997239,001,2024-05-27_15h42.16.757,mathesisv2,2024.1.3,Win32,60.60606061,,,,,,246.5126,249.1622,l,2.6219,,,,,,,stimuliAXBmix/iiystimulus.wav,l,,,,,,,,,,,0,2,2,0,1,,,,,,,,,,,,,,,,,,,,,,,,,,,,,,,,,,,,,,,,,,,,,,,,,,,,,,,,,,,,,,,,,,,,,,,
,,,,,997239,001,2024-05-27_15h42.16.757,mathesisv2,2024.1.3,Win32,60.60606061,,,,,,249.1674,251.8289,l,2.6391,,,,,,,stimuliAXBmix/yyustimulus.wav,l,,,,,,,,,,,0,3,3,3,1,,,,,,,,,,,,,,,,,,,,,,,,,,,,,,,,,,,,,,,,,,,,,,,,,,,,,,,,,,,,,,,,,,,,,,,
,,,,,997239,001,2024-05-27_15h42.16.757,mathesisv2,2024.1.3,Win32,60.60606061,,,,,,251.8292,254.4124,f,2.5474,,,,,,,stimuliAXBmix/yuustimulus.wav,f,,,,,,,,,,,1,0,4,2,1,,,,,,,,,,,,,,,,,,,,,,,,,,,,,,,,,,,,,,,,,,,,,,,,,,,,,,,,,,,,,,,,,,,,,,,
,,,,,997239,001,2024-05-27_15h42.16.757,mathesisv2,2024.1.3,Win32,60.60606061,,,,,,254.4127,257.1125,l,2.6632,,,,,,,stimuliAXBmix/iiystimulus.wav,l,,,,,,,,,,,1,1,5,0,1,,,,,,,,,,,,,,,,,,,,,,,,,,,,,,,,,,,,,,,,,,,,,,,,,,,,,,,,,,,,,,,,,,,,,,,
,,,,,997239,001,2024-05-27_15h42.16.757,mathesisv2,2024.1.3,Win32,60.60606061,,,,,,257.118,259.7622,l,2.6221,,,,,,,stimuliAXBmix/yyustimulus.wav,l,,,,,,,,,,,1,2,6,3,1,,,,,,,,,,,,,,,,,,,,,,,,,,,,,,,,,,,,,,,,,,,,,,,,,,,,,,,,,,,,,,,,,,,,,,,
,,,,,997239,001,2024-05-27_15h42.16.757,mathesisv2,2024.1.3,Win32,60.60606061,,,,,,259.7625,262.3954,f,2.6091,,,,,,,stimuliAXBmix/iyystimulus.wav,f,,,,,,,,,,,1,3,7,1,1,,,,,,,,,,,,,,,,,,,,,,,,,,,,,,,,,,,,,,,,,,,,,,,,,,,,,,,,,,,,,,,,,,,,,,,
,,,,,997239,001,2024-05-27_15h42.16.757,mathesisv2,2024.1.3,Win32,60.60606061,,,,,,262.3956,265.0621,f,2.6376,,,,,,,stimuliAXBmix/yuustimulus.wav,f,,,,,,,,,,,2,0,8,2,1,,,,,,,,,,,,,,,,,,,,,,,,,,,,,,,,,,,,,,,,,,,,,,,,,,,,,,,,,,,,,,,,,,,,,,,
,,,,,997239,001,2024-05-27_15h42.16.757,mathesisv2,2024.1.3,Win32,60.60606061,,,,,,265.0675,267.8492,l,2.7668,,,,,,,stimuliAXBmix/yyustimulus.wav,l,,,,,,,,,,,2,1,9,3,1,,,,,,,,,,,,,,,,,,,,,,,,,,,,,,,,,,,,,,,,,,,,,,,,,,,,,,,,,,,,,,,,,,,,,,,
,,,,,997239,001,2024-05-27_15h42.16.757,mathesisv2,2024.1.3,Win32,60.60606061,,,,,,267.8495,271.2157,f,3.3472,,,,,,,stimuliAXBmix/iyystimulus.wav,f,,,,,,,,,,,2,2,10,1,1,,,,,,,,,,,,,,,,,,,,,,,,,,,,,,,,,,,,,,,,,,,,,,,,,,,,,,,,,,,,,,,,,,,,,,,
,,,,,997239,001,2024-05-27_15h42.16.757,mathesisv2,2024.1.3,Win32,60.60606061,,,,,,271.2206,273.9953,l,2.7585,,,,,,,stimuliAXBmix/iiystimulus.wav,l,,,,,,,,,,,2,3,11,0,1,,,,,,,,,,,,,,,,,,,,,,,,,,,,,,,,,,,,,,,,,,,,,,,,,,,,,,,,,,,,,,,,,,,,,,,
,,,,,997239,001,2024-05-27_15h42.16.757,mathesisv2,2024.1.3,Win32,60.60606061,,,,,,276.902,279.5626,f,2.6337,,,,,,,stimuliAXBmix/yuustimulus.wav,f,,,,,,,,,,,,,,,,273.9954,276.8952,return,2.868,,0,0,0,2,1,,,,,,,,,,,,,,,,,,,,,,,,,,,,,,,,,,,,,,,,,,,,,,,,,,,,,,,,,,,,,
,,,,,997239,001,2024-05-27_15h42.16.757,mathesisv2,2024.1.3,Win32,60.60606061,,,,,,279.5629,282.1787,f,2.5934,,,,,,,stimuliAXBmix/iyystimulus.wav,f,,,,,,,,,,,,,,,,,,,,,0,1,1,1,1,,,,,,,,,,,,,,,,,,,,,,,,,,,,,,,,,,,,,,,,,,,,,,,,,,,,,,,,,,,,,
,,,,,997239,001,2024-05-27_15h42.16.757,mathesisv2,2024.1.3,Win32,60.60606061,,,,,,282.179,284.812,l,2.6084,,,,,,,stimuliAXBmix/iiystimulus.wav,l,,,,,,,,,,,,,,,,,,,,,0,2,2,0,1,,,,,,,,,,,,,,,,,,,,,,,,,,,,,,,,,,,,,,,,,,,,,,,,,,,,,,,,,,,,,
,,,,,997239,001,2024-05-27_15h42.16.757,mathesisv2,2024.1.3,Win32,60.60606061,,,,,,284.8172,287.4621,l,2.6237,,,,,,,stimuliAXBmix/yyustimulus.wav,l,,,,,,,,,,,,,,,,,,,,,0,3,3,3,1,,,,,,,,,,,,,,,,,,,,,,,,,,,,,,,,,,,,,,,,,,,,,,,,,,,,,,,,,,,,,
,,,,,997239,001,2024-05-27_15h42.16.757,mathesisv2,2024.1.3,Win32,60.60606061,,,,,,287.4624,290.5785,l,3.0851,,,,,,,stimuliAXBmix/iiystimulus.wav,l,,,,,,,,,,,,,,,,,,,,,1,0,4,0,1,,,,,,,,,,,,,,,,,,,,,,,,,,,,,,,,,,,,,,,,,,,,,,,,,,,,,,,,,,,,,
,,,,,997239,001,2024-05-27_15h42.16.757,mathesisv2,2024.1.3,Win32,60.60606061,,,,,,290.5788,294.4118,f,3.8084,,,,,,,stimuliAXBmix/iyystimulus.wav,f,,,,,,,,,,,,,,,,,,,,,1,1,5,1,1,,,,,,,,,,,,,,,,,,,,,,,,,,,,,,,,,,,,,,,,,,,,,,,,,,,,,,,,,,,,,
,,,,,997239,001,2024-05-27_15h42.16.757,mathesisv2,2024.1.3,Win32,60.60606061,,,,,,294.4171,297.1691,l,2.737,,,,,,,stimuliAXBmix/yuustimulus.wav,f,,,,,,,,,,,,,,,,,,,,,1,2,6,2,1,,,,,,,,,,,,,,,,,,,,,,,,,,,,,,,,,,,,,,,,,,,,,,,,,,,,,,,,,,,,,
,,,,,997239,001,2024-05-27_15h42.16.757,mathesisv2,2024.1.3,Win32,60.60606061,,,,,,297.174,299.8954,l,2.6994,,,,,,,stimuliAXBmix/yyustimulus.wav,l,,,,,,,,,,,,,,,,,,,,,1,3,7,3,1,,,,,,,,,,,,,,,,,,,,,,,,,,,,,,,,,,,,,,,,,,,,,,,,,,,,,,,,,,,,,
,,,,,997239,001,2024-05-27_15h42.16.757,mathesisv2,2024.1.3,Win32,60.60606061,,,,,,,,,,,,,,,,,,,,,,,,,,,,,,,,,,,,,,,,,,,299.8956,304.4453,space,4.5237,,304.4457,314.5288,space,10.0526,,,,,,,,,,,,,,,,,,,,,,,,,,,,,,,,,,,,,,,,,,,,,,,,,,,,
,,,,,997239,001,2024-05-27_15h42.16.757,mathesisv2,2024.1.3,Win32,60.60606061,,,,,,,,,,,,,,,,,,,,,,,,,,,,,,,,,,,,,,,,,,,,,,,,,,,,,314.5368,317.1619,e,2.6018,,0,0,0,1,1,testTAFCmixfirst/nimnym002.wav,,,,,,,,,,,,,,,,,,,,,,,,,,,,,,,,,,,,,,,,
,,,,,997239,001,2024-05-27_15h42.16.757,mathesisv2,2024.1.3,Win32,60.60606061,,,,,,,,,,,,,,,,,,,,,,,,,,,,,,,,,,,,,,,,,,,,,,,,,,,,,317.1622,320.2286,y,3.0333,,0,1,1,2,1,testTAFCmixfirst/nimnym006.wav,,,,,,,,,,,,,,,,,,,,,,,,,,,,,,,,,,,,,,,,
,,,,,997239,001,2024-05-27_15h42.16.757,mathesisv2,2024.1.3,Win32,60.60606061,,,,,,,,,,,,,,,,,,,,,,,,,,,,,,,,,,,,,,,,,,,,,,,,,,,,,320.2289,322.5614,e,2.3105,,0,2,2,0,1,testTAFCmixfirst/nimnym001.wav,,,,,,,,,,,,,,,,,,,,,,,,,,,,,,,,,,,,,,,,
,,,,,997239,001,2024-05-27_15h42.16.757,mathesisv2,2024.1.3,Win32,60.60606061,,,,,,,,,,,,,,,,,,,,,,,,,,,,,,,,,,,,,,,,,,,,,,,,,,,,,,,,,,,,,,,,322.5684,324.9617,u,2.3759,,0,0,0,1,1,testTAFCmixsec/numnym002.wav,,,,,,,,,,,,,,,,,,,,,,,,,,,,,
,,,,,997239,001,2024-05-27_15h42.16.757,mathesisv2,2024.1.3,Win32,60.60606061,,,,,,,,,,,,,,,,,,,,,,,,,,,,,,,,,,,,,,,,,,,,,,,,,,,,,,,,,,,,,,,,324.9621,327.0286,y,2.0332,,0,1,1,2,1,testTAFCmixsec/numnym006.wav,,,,,,,,,,,,,,,,,,,,,,,,,,,,,
,,,,,997239,001,2024-05-27_15h42.16.757,mathesisv2,2024.1.3,Win32,60.60606061,,,,,,,,,,,,,,,,,,,,,,,,,,,,,,,,,,,,,,,,,,,,,,,,,,,,,,,,,,,,,,,,327.029,328.8484,u,1.7999,,0,2,2,0,1,testTAFCmixsec/numnym001.wav,,,,,,,,,,,,,,,,,,,,,,,,,,,,,
,,,,,997239,001,2024-05-27_15h42.16.757,mathesisv2,2024.1.3,Win32,60.60606061,,,,,,,,,,,,,,,,,,,,,,,,,,,,,,,,,,,,,,,,,,,,,,,,,,,,,,,,,,,,,,,,,,,,,,,,,,,328.8487,336.0618,space,7.1848,,,,,,,,,,,,,,,,,,,,,,,,,
,,,,,997239,001,2024-05-27_15h42.16.757,mathesisv2,2024.1.3,Win32,60.60606061,,,,,,,,,,,,,,,,,e,,,,,,,,,,,,,,,,,,,,,,,,,,,,,,,,,,,,,,,,,,,,,,,,,,,,,,,,,,,,,,,336.0699,338.0336,e,1.947,,0,0,0,0,1,stimuliTAFCfirst/nimnym001.wav,,,,,,,,,,,,,
,,,,,997239,001,2024-05-27_15h42.16.757,mathesisv2,2024.1.3,Win32,60.60606061,,,,,,,,,,,,,,,,,e,,,,,,,,,,,,,,,,,,,,,,,,,,,,,,,,,,,,,,,,,,,,,,,,,,,,,,,,,,,,,,,338.034,339.2282,e,1.1673,,0,1,1,2,1,stimuliTAFCfirst/nimnym003.wav,,,,,,,,,,,,,
,,,,,997239,001,2024-05-27_15h42.16.757,mathesisv2,2024.1.3,Win32,60.60606061,,,,,,,,,,,,,,,,,y,,,,,,,,,,,,,,,,,,,,,,,,,,,,,,,,,,,,,,,,,,,,,,,,,,,,,,,,,,,,,,,339.2285,341.3669,y,2.1183,,0,2,2,5,1,stimuliTAFCfirst/nimnym006.wav,,,,,,,,,,,,,
,,,,,997239,001,2024-05-27_15h42.16.757,mathesisv2,2024.1.3,Win32,60.60606061,,,,,,,,,,,,,,,,,e,,,,,,,,,,,,,,,,,,,,,,,,,,,,,,,,,,,,,,,,,,,,,,,,,,,,,,,,,,,,,,,341.3671,343.1946,e,1.7977,,0,3,3,1,1,stimuliTAFCfirst/nimnym002.wav,,,,,,,,,,,,,
,,,,,997239,001,2024-05-27_15h42.16.757,mathesisv2,2024.1.3,Win32,60.60606061,,,,,,,,,,,,,,,,,y,,,,,,,,,,,,,,,,,,,,,,,,,,,,,,,,,,,,,,,,,,,,,,,,,,,,,,,,,,,,,,,343.1949,344.678,y,1.4563,,0,4,4,4,1,stimuliTAFCfirst/nimnym005.wav,,,,,,,,,,,,,
,,,,,997239,001,2024-05-27_15h42.16.757,mathesisv2,2024.1.3,Win32,60.60606061,,,,,,,,,,,,,,,,,y,,,,,,,,,,,,,,,,,,,,,,,,,,,,,,,,,,,,,,,,,,,,,,,,,,,,,,,,,,,,,,,344.6783,346.0988,y,1.3968,,0,5,5,6,1,stimuliTAFCfirst/nimnym007.wav,,,,,,,,,,,,,
,,,,,997239,001,2024-05-27_15h42.16.757,mathesisv2,2024.1.3,Win32,60.60606061,,,,,,,,,,,,,,,,,x,,,,,,,,,,,,,,,,,,,,,,,,,,,,,,,,,,,,,,,,,,,,,,,,,,,,,,,,,,,,,,,346.099,348.2615,y,2.1389,,0,6,6,3,1,stimuliTAFCfirst/nimnym004.wav,,,,,,,,,,,,,
,,,,,997239,001,2024-05-27_15h42.16.757,mathesisv2,2024.1.3,Win32,60.60606061,,,,,,,,,,,,,,,,,e,,,,,,,,,,,,,,,,,,,,,,,,,,,,,,,,,,,,,,,,,,,,,,,,,,,,,,,,,,,,,,,348.2617,349.315,e,1.0293,,1,0,7,0,1,stimuliTAFCfirst/nimnym001.wav,,,,,,,,,,,,,
,,,,,997239,001,2024-05-27_15h42.16.757,mathesisv2,2024.1.3,Win32,60.60606061,,,,,,,,,,,,,,,,,x,,,,,,,,,,,,,,,,,,,,,,,,,,,,,,,,,,,,,,,,,,,,,,,,,,,,,,,,,,,,,,,349.3152,350.4017,y,1.0704,,1,1,8,3,1,stimuliTAFCfirst/nimnym004.wav,,,,,,,,,,,,,
,,,,,997239,001,2024-05-27_15h42.16.757,mathesisv2,2024.1.3,Win32,60.60606061,,,,,,,,,,,,,,,,,e,,,,,,,,,,,,,,,,,,,,,,,,,,,,,,,,,,,,,,,,,,,,,,,,,,,,,,,,,,,,,,,350.4019,351.3612,e,0.9405,,1,2,9,2,1,stimuliTAFCfirst/nimnym003.wav,,,,,,,,,,,,,
,,,,,997239,001,2024-05-27_15h42.16.757,mathesisv2,2024.1.3,Win32,60.60606061,,,,,,,,,,,,,,,,,y,,,,,,,,,,,,,,,,,,,,,,,,,,,,,,,,,,,,,,,,,,,,,,,,,,,,,,,,,,,,,,,351.3614,352.3114,y,0.9188,,1,3,10,6,1,stimuliTAFCfirst/nimnym007.wav,,,,,,,,,,,,,
,,,,,997239,001,2024-05-27_15h42.16.757,mathesisv2,2024.1.3,Win32,60.60606061,,,,,,,,,,,,,,,,,y,,,,,,,,,,,,,,,,,,,,,,,,,,,,,,,,,,,,,,,,,,,,,,,,,,,,,,,,,,,,,,,352.3117,353.4445,y,1.0997,,1,4,11,4,1,stimuliTAFCfirst/nimnym005.wav,,,,,,,,,,,,,
,,,,,997239,001,2024-05-27_15h42.16.757,mathesisv2,2024.1.3,Win32,60.60606061,,,,,,,,,,,,,,,,,y,,,,,,,,,,,,,,,,,,,,,,,,,,,,,,,,,,,,,,,,,,,,,,,,,,,,,,,,,,,,,,,353.4448,354.4278,y,0.9585,,1,5,12,5,1,stimuliTAFCfirst/nimnym006.wav,,,,,,,,,,,,,
,,,,,997239,001,2024-05-27_15h42.16.757,mathesisv2,2024.1.3,Win32,60.60606061,,,,,,,,,,,,,,,,,e,,,,,,,,,,,,,,,,,,,,,,,,,,,,,,,,,,,,,,,,,,,,,,,,,,,,,,,,,,,,,,,354.4281,355.3277,y,0.8795,,1,6,13,1,1,stimuliTAFCfirst/nimnym002.wav,,,,,,,,,,,,,
,,,,,997239,001,2024-05-27_15h42.16.757,mathesisv2,2024.1.3,Win32,60.60606061,,,,,,,,,,,,,,,,,y,355.3282,357.1446,space,1.7939,,,,,,,,,,,,,,,,,,,,,,,,,,,,,,,,,,,,,,,,,,,,,,,,,,,,,,,,,,,,,,,,,,,,,,357.1515,359.4971,y,2.3272,,0,0,0,6,1,stimuliTAFCsec/numnym007.wav,,
,,,,,997239,001,2024-05-27_15h42.16.757,mathesisv2,2024.1.3,Win32,60.60606061,,,,,,,,,,,,,,,,,u,,,,,,,,,,,,,,,,,,,,,,,,,,,,,,,,,,,,,,,,,,,,,,,,,,,,,,,,,,,,,,,,,,,,,,,,,,359.4975,360.7015,u,1.1874,,0,1,1,2,1,stimuliTAFCsec/numnym003.wav,,
,,,,,997239,001,2024-05-27_15h42.16.757,mathesisv2,2024.1.3,Win32,60.60606061,,,,,,,,,,,,,,,,,y,,,,,,,,,,,,,,,,,,,,,,,,,,,,,,,,,,,,,,,,,,,,,,,,,,,,,,,,,,,,,,,,,,,,,,,,,,360.7018,361.7651,u,1.0461,,0,2,2,4,1,stimuliTAFCsec/numnym005.wav,,
,,,,,997239,001,2024-05-27_15h42.16.757,mathesisv2,2024.1.3,Win32,60.60606061,,,,,,,,,,,,,,,,,u,,,,,,,,,,,,,,,,,,,,,,,,,,,,,,,,,,,,,,,,,,,,,,,,,,,,,,,,,,,,,,,,,,,,,,,,,,361.7653,362.7779,u,0.9846,,0,3,3,1,1,stimuliTAFCsec/numnym002.wav,,
,,,,,997239,001,2024-05-27_15h42.16.757,mathesisv2,2024.1.3,Win32,60.60606061,,,,,,,,,,,,,,,,,y,,,,,,,,,,,,,,,,,,,,,,,,,,,,,,,,,,,,,,,,,,,,,,,,,,,,,,,,,,,,,,,,,,,,,,,,,,362.7782,363.9609,y,1.1619,,0,4,4,5,1,stimuliTAFCsec/numnym006.wav,,
,,,,,997239,001,2024-05-27_15h42.16.757,mathesisv2,2024.1.3,Win32,60.60606061,,,,,,,,,,,,,,,,,u,,,,,,,,,,,,,,,,,,,,,,,,,,,,,,,,,,,,,,,,,,,,,,,,,,,,,,,,,,,,,,,,,,,,,,,,,,363.9611,367.8778,y,3.8895,,0,5,5,0,1,stimuliTAFCsec/numnym001.wav,,
,,,,,997239,001,2024-05-27_15h42.16.757,mathesisv2,2024.1.3,Win32,60.60606061,,,,,,,,,,,,,,,,,x,,,,,,,,,,,,,,,,,,,,,,,,,,,,,,,,,,,,,,,,,,,,,,,,,,,,,,,,,,,,,,,,,,,,,,,,,,367.8782,369.4278,y,1.522,,0,6,6,3,1,stimuliTAFCsec/numnym004.wav,,
,,,,,997239,001,2024-05-27_15h42.16.757,mathesisv2,2024.1.3,Win32,60.60606061,,,,,,,,,,,,,,,,,y,,,,,,,,,,,,,,,,,,,,,,,,,,,,,,,,,,,,,,,,,,,,,,,,,,,,,,,,,,,,,,,,,,,,,,,,,,369.428,370.6778,y,1.2229,,1,0,7,6,1,stimuliTAFCsec/numnym007.wav,,
,,,,,997239,001,2024-05-27_15h42.16.757,mathesisv2,2024.1.3,Win32,60.60606061,,,,,,,,,,,,,,,,,x,,,,,,,,,,,,,,,,,,,,,,,,,,,,,,,,,,,,,,,,,,,,,,,,,,,,,,,,,,,,,,,,,,,,,,,,,,370.6781,371.8112,u,1.1092,,1,1,8,3,1,stimuliTAFCsec/numnym004.wav,,
,,,,,997239,001,2024-05-27_15h42.16.757,mathesisv2,2024.1.3,Win32,60.60606061,,,,,,,,,,,,,,,,,y,,,,,,,,,,,,,,,,,,,,,,,,,,,,,,,,,,,,,,,,,,,,,,,,,,,,,,,,,,,,,,,,,,,,,,,,,,371.8115,372.8443,y,1.0075,,1,2,9,5,1,stimuliTAFCsec/numnym006.wav,,
,,,,,997239,001,2024-05-27_15h42.16.757,mathesisv2,2024.1.3,Win32,60.60606061,,,,,,,,,,,,,,,,,u,,,,,,,,,,,,,,,,,,,,,,,,,,,,,,,,,,,,,,,,,,,,,,,,,,,,,,,,,,,,,,,,,,,,,,,,,,372.8445,373.9276,u,1.0541,,1,3,10,0,1,stimuliTAFCsec/numnym001.wav,,
,,,,,997239,001,2024-05-27_15h42.16.757,mathesisv2,2024.1.3,Win32,60.60606061,,,,,,,,,,,,,,,,,y,,,,,,,,,,,,,,,,,,,,,,,,,,,,,,,,,,,,,,,,,,,,,,,,,,,,,,,,,,,,,,,,,,,,,,,,,,373.928,375.1113,y,1.1497,,1,4,11,4,1,stimuliTAFCsec/numnym005.wav,,
,,,,,997239,001,2024-05-27_15h42.16.757,mathesisv2,2024.1.3,Win32,60.60606061,,,,,,,,,,,,,,,,,u,,,,,,,,,,,,,,,,,,,,,,,,,,,,,,,,,,,,,,,,,,,,,,,,,,,,,,,,,,,,,,,,,,,,,,,,,,375.1118,376.3775,u,1.2365,,1,5,12,2,1,stimuliTAFCsec/numnym003.wav,,
,,,,,997239,001,2024-05-27_15h42.16.757,mathesisv2,2024.1.3,Win32,60.60606061,,,,,,,,,,,,,,,,,u,,,,,,,,,,,,,,,,,,,,,,,,,,,,,,,,,,,,,,,,,,,,,,,,,,,,,,,,,,,,,,,,,,,,,,,,,,376.3778,377.611,u,1.1995,,1,6,13,1,1,stimuliTAFCsec/numnym002.wav,,
,,,,,997239,001,2024-05-27_15h42.16.757,mathesisv2,2024.1.3,Win32,60.60606061,,,,,,,,,,,,,,,,,e,,,,,,,,,,,,,,,,,,,,,,,,,,377.6114,379.0111,space,1.3667,,,,,,,,,,,,,,,,,,,,,,,,,,,,,,,,,,379.0179,381.3441,e,2.3093,,0,0,0,1,1,stimuliTAFCfirst/nimnym002.wav,,,,,,,,,,,,,
,,,,,997239,001,2024-05-27_15h42.16.757,mathesisv2,2024.1.3,Win32,60.60606061,,,,,,,,,,,,,,,,,y,,,,,,,,,,,,,,,,,,,,,,,,,,,,,,,,,,,,,,,,,,,,,,,,,,,,,,,,,,,,,,,381.3444,382.3443,y,0.9709,,0,1,1,4,1,stimuliTAFCfirst/nimnym005.wav,,,,,,,,,,,,,
,,,,,997239,001,2024-05-27_15h42.16.757,mathesisv2,2024.1.3,Win32,60.60606061,,,,,,,,,,,,,,,,,e,,,,,,,,,,,,,,,,,,,,,,,,,,,,,,,,,,,,,,,,,,,,,,,,,,,,,,,,,,,,,,,382.3446,383.3607,y,0.9942,,0,2,2,2,1,stimuliTAFCfirst/nimnym003.wav,,,,,,,,,,,,,
,,,,,997239,001,2024-05-27_15h42.16.757,mathesisv2,2024.1.3,Win32,60.60606061,,,,,,,,,,,,,,,,,x,,,,,,,,,,,,,,,,,,,,,,,,,,,,,,,,,,,,,,,,,,,,,,,,,,,,,,,,,,,,,,,383.361,384.3441,y,0.9589,,0,3,3,3,1,stimuliTAFCfirst/nimnym004.wav,,,,,,,,,,,,,
,,,,,997239,001,2024-05-27_15h42.16.757,mathesisv2,2024.1.3,Win32,60.60606061,,,,,,,,,,,,,,,,,y,,,,,,,,,,,,,,,,,,,,,,,,,,,,,,,,,,,,,,,,,,,,,,,,,,,,,,,,,,,,,,,384.3443,385.294,y,0.9227,,0,4,4,5,1,stimuliTAFCfirst/nimnym006.wav,,,,,,,,,,,,,
,,,,,997239,001,2024-05-27_15h42.16.757,mathesisv2,2024.1.3,Win32,60.60606061,,,,,,,,,,,,,,,,,e,,,,,,,,,,,,,,,,,,,,,,,,,,,,,,,,,,,,,,,,,,,,,,,,,,,,,,,,,,,,,,,385.2944,386.2442,e,0.9204,,0,5,5,0,1,stimuliTAFCfirst/nimnym001.wav,,,,,,,,,,,,,
,,,,,997239,001,2024-05-27_15h42.16.757,mathesisv2,2024.1.3,Win32,60.60606061,,,,,,,,,,,,,,,,,y,,,,,,,,,,,,,,,,,,,,,,,,,,,,,,,,,,,,,,,,,,,,,,,,,,,,,,,,,,,,,,,386.2444,387.2444,y,0.9672,,0,6,6,6,1,stimuliTAFCfirst/nimnym007.wav,,,,,,,,,,,,,
,,,,,997239,001,2024-05-27_15h42.16.757,mathesisv2,2024.1.3,Win32,60.60606061,,,,,,,,,,,,,,,,,y,,,,,,,,,,,,,,,,,,,,,,,,,,,,,,,,,,,,,,,,,,,,,,,,,,,,,,,,,,,,,,,387.2448,388.3441,y,1.0675,,1,0,7,5,1,stimuliTAFCfirst/nimnym006.wav,,,,,,,,,,,,,
,,,,,997239,001,2024-05-27_15h42.16.757,mathesisv2,2024.1.3,Win32,60.60606061,,,,,,,,,,,,,,,,,y,,,,,,,,,,,,,,,,,,,,,,,,,,,,,,,,,,,,,,,,,,,,,,,,,,,,,,,,,,,,,,,388.3444,389.3274,y,0.9542,,1,1,8,4,1,stimuliTAFCfirst/nimnym005.wav,,,,,,,,,,,,,
,,,,,997239,001,2024-05-27_15h42.16.757,mathesisv2,2024.1.3,Win32,60.60606061,,,,,,,,,,,,,,,,,x,,,,,,,,,,,,,,,,,,,,,,,,,,,,,,,,,,,,,,,,,,,,,,,,,,,,,,,,,,,,,,,389.3276,390.3608,y,1.0033,,1,2,9,3,1,stimuliTAFCfirst/nimnym004.wav,,,,,,,,,,,,,
,,,,,997239,001,2024-05-27_15h42.16.757,mathesisv2,2024.1.3,Win32,60.60606061,,,,,,,,,,,,,,,,,e,,,,,,,,,,,,,,,,,,,,,,,,,,,,,,,,,,,,,,,,,,,,,,,,,,,,,,,,,,,,,,,390.3611,391.3275,y,0.9381,,1,3,10,2,1,stimuliTAFCfirst/nimnym003.wav,,,,,,,,,,,,,
,,,,,997239,001,2024-05-27_15h42.16.757,mathesisv2,2024.1.3,Win32,60.60606061,,,,,,,,,,,,,,,,,y,,,,,,,,,,,,,,,,,,,,,,,,,,,,,,,,,,,,,,,,,,,,,,,,,,,,,,,,,,,,,,,391.3277,392.2945,e,0.9282,,1,4,11,6,1,stimuliTAFCfirst/nimnym007.wav,,,,,,,,,,,,,
,,,,,997239,001,2024-05-27_15h42.16.757,mathesisv2,2024.1.3,Win32,60.60606061,,,,,,,,,,,,,,,,,e,,,,,,,,,,,,,,,,,,,,,,,,,,,,,,,,,,,,,,,,,,,,,,,,,,,,,,,,,,,,,,,392.2948,393.4941,e,1.17,,1,5,12,1,1,stimuliTAFCfirst/nimnym002.wav,,,,,,,,,,,,,
,,,,,997239,001,2024-05-27_15h42.16.757,mathesisv2,2024.1.3,Win32,60.60606061,,,,,,,,,,,,,,,,,e,,,,,,,,,,,,,,,,,,,,,,,,,,,,,,,,,,,,,,,,,,,,,,,,,,,,,,,,,,,,,,,393.4944,394.694,e,1.173,,1,6,13,0,1,stimuliTAFCfirst/nimnym001.wav,,,,,,,,,,,,,
,,,,,997239,001,2024-05-27_15h42.16.757,mathesisv2,2024.1.3,Win32,60.60606061,,,,,,,,,,,,,,,,,u,394.6942,396.994,space,2.2694,,,,,,,,,,,,,,,,,,,,,,,,,,,,,,,,,,,,,,,,,,,,,,,,,,,,,,,,,,,,,,,,,,,,,,397.0007,399.3606,u,2.3368,,0,0,0,0,1,stimuliTAFCsec/numnym001.wav,,
,,,,,997239,001,2024-05-27_15h42.16.757,mathesisv2,2024.1.3,Win32,60.60606061,,,,,,,,,,,,,,,,,u,,,,,,,,,,,,,,,,,,,,,,,,,,,,,,,,,,,,,,,,,,,,,,,,,,,,,,,,,,,,,,,,,,,,,,,,,,399.3611,400.394,y,1.0104,,0,1,1,2,1,stimuliTAFCsec/numnym003.wav,,
,,,,,997239,001,2024-05-27_15h42.16.757,mathesisv2,2024.1.3,Win32,60.60606061,,,,,,,,,,,,,,,,,x,,,,,,,,,,,,,,,,,,,,,,,,,,,,,,,,,,,,,,,,,,,,,,,,,,,,,,,,,,,,,,,,,,,,,,,,,,400.3942,401.594,y,1.1656,,0,2,2,3,1,stimuliTAFCsec/numnym004.wav,,
,,,,,997239,001,2024-05-27_15h42.16.757,mathesisv2,2024.1.3,Win32,60.60606061,,,,,,,,,,,,,,,,,y,,,,,,,,,,,,,,,,,,,,,,,,,,,,,,,,,,,,,,,,,,,,,,,,,,,,,,,,,,,,,,,,,,,,,,,,,,401.5943,402.5938,y,0.9768,,0,3,3,5,1,stimuliTAFCsec/numnym006.wav,,
,,,,,997239,001,2024-05-27_15h42.16.757,mathesisv2,2024.1.3,Win32,60.60606061,,,,,,,,,,,,,,,,,y,,,,,,,,,,,,,,,,,,,,,,,,,,,,,,,,,,,,,,,,,,,,,,,,,,,,,,,,,,,,,,,,,,,,,,,,,,402.594,403.7438,y,1.1294,,0,4,4,6,1,stimuliTAFCsec/numnym007.wav,,
,,,,,997239,001,2024-05-27_15h42.16.757,mathesisv2,2024.1.3,Win32,60.60606061,,,,,,,,,,,,,,,,,y,,,,,,,,,,,,,,,,,,,,,,,,,,,,,,,,,,,,,,,,,,,,,,,,,,,,,,,,,,,,,,,,,,,,,,,,,,403.744,404.8444,y,1.062,,0,5,5,4,1,stimuliTAFCsec/numnym005.wav,,
,,,,,997239,001,2024-05-27_15h42.16.757,mathesisv2,2024.1.3,Win32,60.60606061,,,,,,,,,,,,,,,,,u,,,,,,,,,,,,,,,,,,,,,,,,,,,,,,,,,,,,,,,,,,,,,,,,,,,,,,,,,,,,,,,,,,,,,,,,,,404.8448,405.9938,u,1.1225,,0,6,6,1,1,stimuliTAFCsec/numnym002.wav,,
,,,,,997239,001,2024-05-27_15h42.16.757,mathesisv2,2024.1.3,Win32,60.60606061,,,,,,,,,,,,,,,,,y,,,,,,,,,,,,,,,,,,,,,,,,,,,,,,,,,,,,,,,,,,,,,,,,,,,,,,,,,,,,,,,,,,,,,,,,,,405.994,406.931,y,0.9162,,1,0,7,6,1,stimuliTAFCsec/numnym007.wav,,
,,,,,997239,001,2024-05-27_15h42.16.757,mathesisv2,2024.1.3,Win32,60.60606061,,,,,,,,,,,,,,,,,u,,,,,,,,,,,,,,,,,,,,,,,,,,,,,,,,,,,,,,,,,,,,,,,,,,,,,,,,,,,,,,,,,,,,,,,,,,406.9312,408.044,u,1.084,,1,1,8,1,1,stimuliTAFCsec/numnym002.wav,,
,,,,,997239,001,2024-05-27_15h42.16.757,mathesisv2,2024.1.3,Win32,60.60606061,,,,,,,,,,,,,,,,,y,,,,,,,,,,,,,,,,,,,,,,,,,,,,,,,,,,,,,,,,,,,,,,,,,,,,,,,,,,,,,,,,,,,,,,,,,,408.0444,409.0273,y,0.9591,,1,2,9,5,1,stimuliTAFCsec/numnym006.wav,,
,,,,,997239,001,2024-05-27_15h42.16.757,mathesisv2,2024.1.3,Win32,60.60606061,,,,,,,,,,,,,,,,,u,,,,,,,,,,,,,,,,,,,,,,,,,,,,,,,,,,,,,,,,,,,,,,,,,,,,,,,,,,,,,,,,,,,,,,,,,,409.0276,410.1479,u,1.0955,,1,3,10,0,1,stimuliTAFCsec/numnym001.wav,,
,,,,,997239,001,2024-05-27_15h42.16.757,mathesisv2,2024.1.3,Win32,60.60606061,,,,,,,,,,,,,,,,,u,,,,,,,,,,,,,,,,,,,,,,,,,,,,,,,,,,,,,,,,,,,,,,,,,,,,,,,,,,,,,,,,,,,,,,,,,,410.1481,411.0606,y,0.8901,,1,4,11,2,1,stimuliTAFCsec/numnym003.wav,,
,,,,,997239,001,2024-05-27_15h42.16.757,mathesisv2,2024.1.3,Win32,60.60606061,,,,,,,,,,,,,,,,,y,,,,,,,,,,,,,,,,,,,,,,,,,,,,,,,,,,,,,,,,,,,,,,,,,,,,,,,,,,,,,,,,,,,,,,,,,,411.0608,412.2105,y,1.1279,,1,5,12,4,1,stimuliTAFCsec/numnym005.wav,,
,,,,,997239,001,2024-05-27_15h42.16.757,mathesisv2,2024.1.3,Win32,60.60606061,,,,,,,,,,,,,,,,,x,,,,,,,,,,,,,,,,,,,,,,,,,,,,,,,,,,,,,,,,,,,,,,,,,,,,,,,,,,,,,,,,,,,,,,,,,,412.2107,414.1939,u,1.9539,,1,6,13,3,1,stimuliTAFCsec/numnym004.wav,,
,,,,,997239,001,2024-05-27_15h42.16.757,mathesisv2,2024.1.3,Win32,60.60606061,,,,,,,,,,,,,,,,,e,,,,,,,,,,,,,,,,,,,,,,,,,,414.1939,415.0773,space,0.8762,,,,,,,,,,,,,,,,,,,,,,,,,,,,,,,,,,415.0837,419.2791,e,4.1793,,0,0,0,2,1,stimuliTAFCfirst/nimnym003.wav,,,,,,,,,,,,,
,,,,,997239,001,2024-05-27_15h42.16.757,mathesisv2,2024.1.3,Win32,60.60606061,,,,,,,,,,,,,,,,,y,,,,,,,,,,,,,,,,,,,,,,,,,,,,,,,,,,,,,,,,,,,,,,,,,,,,,,,,,,,,,,,419.2793,420.7942,y,1.4874,,0,1,1,5,1,stimuliTAFCfirst/nimnym006.wav,,,,,,,,,,,,,
,,,,,997239,001,2024-05-27_15h42.16.757,mathesisv2,2024.1.3,Win32,60.60606061,,,,,,,,,,,,,,,,,x,,,,,,,,,,,,,,,,,,,,,,,,,,,,,,,,,,,,,,,,,,,,,,,,,,,,,,,,,,,,,,,420.7946,421.9603,y,1.139,,0,2,2,3,1,stimuliTAFCfirst/nimnym004.wav,,,,,,,,,,,,,
,,,,,997239,001,2024-05-27_15h42.16.757,mathesisv2,2024.1.3,Win32,60.60606061,,,,,,,,,,,,,,,,,e,,,,,,,,,,,,,,,,,,,,,,,,,,,,,,,,,,,,,,,,,,,,,,,,,,,,,,,,,,,,,,,421.9606,423.0605,e,1.0673,,0,3,3,0,1,stimuliTAFCfirst/nimnym001.wav,,,,,,,,,,,,,
,,,,,997239,001,2024-05-27_15h42.16.757,mathesisv2,2024.1.3,Win32,60.60606061,,,,,,,,,,,,,,,,,e,,,,,,,,,,,,,,,,,,,,,,,,,,,,,,,,,,,,,,,,,,,,,,,,,,,,,,,,,,,,,,,423.0609,424.1108,e,1.0247,,0,4,4,1,1,stimuliTAFCfirst/nimnym002.wav,,,,,,,,,,,,,
,,,,,997239,001,2024-05-27_15h42.16.757,mathesisv2,2024.1.3,Win32,60.60606061,,,,,,,,,,,,,,,,,y,,,,,,,,,,,,,,,,,,,,,,,,,,,,,,,,,,,,,,,,,,,,,,,,,,,,,,,,,,,,,,,424.1112,425.1124,y,0.9836,,0,5,5,4,1,stimuliTAFCfirst/nimnym005.wav,,,,,,,,,,,,,
,,,,,997239,001,2024-05-27_15h42.16.757,mathesisv2,2024.1.3,Win32,60.60606061,,,,,,,,,,,,,,,,,y,,,,,,,,,,,,,,,,,,,,,,,,,,,,,,,,,,,,,,,,,,,,,,,,,,,,,,,,,,,,,,,425.1126,426.6269,e,1.4947,,0,6,6,6,1,stimuliTAFCfirst/nimnym007.wav,,,,,,,,,,,,,
,,,,,997239,001,2024-05-27_15h42.16.757,mathesisv2,2024.1.3,Win32,60.60606061,,,,,,,,,,,,,,,,,y,,,,,,,,,,,,,,,,,,,,,,,,,,,,,,,,,,,,,,,,,,,,,,,,,,,,,,,,,,,,,,,426.6271,427.877,y,1.225,,1,0,7,5,1,stimuliTAFCfirst/nimnym006.wav,,,,,,,,,,,,,
,,,,,997239,001,2024-05-27_15h42.16.757,mathesisv2,2024.1.3,Win32,60.60606061,,,,,,,,,,,,,,,,,y,,,,,,,,,,,,,,,,,,,,,,,,,,,,,,,,,,,,,,,,,,,,,,,,,,,,,,,,,,,,,,,427.8773,428.9769,y,1.0723,,1,1,8,6,1,stimuliTAFCfirst/nimnym007.wav,,,,,,,,,,,,,
,,,,,997239,001,2024-05-27_15h42.16.757,mathesisv2,2024.1.3,Win32,60.60606061,,,,,,,,,,,,,,,,,x,,,,,,,,,,,,,,,,,,,,,,,,,,,,,,,,,,,,,,,,,,,,,,,,,,,,,,,,,,,,,,,428.9772,430.1275,y,1.1162,,1,2,9,3,1,stimuliTAFCfirst/nimnym004.wav,,,,,,,,,,,,,
,,,,,997239,001,2024-05-27_15h42.16.757,mathesisv2,2024.1.3,Win32,60.60606061,,,,,,,,,,,,,,,,,e,,,,,,,,,,,,,,,,,,,,,,,,,,,,,,,,,,,,,,,,,,,,,,,,,,,,,,,,,,,,,,,430.1278,431.2602,y,1.1101,,1,3,10,2,1,stimuliTAFCfirst/nimnym003.wav,,,,,,,,,,,,,
,,,,,997239,001,2024-05-27_15h42.16.757,mathesisv2,2024.1.3,Win32,60.60606061,,,,,,,,,,,,,,,,,y,,,,,,,,,,,,,,,,,,,,,,,,,,,,,,,,,,,,,,,,,,,,,,,,,,,,,,,,,,,,,,,431.2605,432.3436,y,1.0557,,1,4,11,4,1,stimuliTAFCfirst/nimnym005.wav,,,,,,,,,,,,,
,,,,,997239,001,2024-05-27_15h42.16.757,mathesisv2,2024.1.3,Win32,60.60606061,,,,,,,,,,,,,,,,,e,,,,,,,,,,,,,,,,,,,,,,,,,,,,,,,,,,,,,,,,,,,,,,,,,,,,,,,,,,,,,,,432.3439,433.5272,e,1.1514,,1,5,12,1,1,stimuliTAFCfirst/nimnym002.wav,,,,,,,,,,,,,
,,,,,997239,001,2024-05-27_15h42.16.757,mathesisv2,2024.1.3,Win32,60.60606061,,,,,,,,,,,,,,,,,e,,,,,,,,,,,,,,,,,,,,,,,,,,,,,,,,,,,,,,,,,,,,,,,,,,,,,,,,,,,,,,,433.5275,434.7601,e,1.1988,,1,6,13,0,1,stimuliTAFCfirst/nimnym001.wav,,,,,,,,,,,,,
,,,,,997239,001,2024-05-27_15h42.16.757,mathesisv2,2024.1.3,Win32,60.60606061,,,,,,,,,,,,,,,,,y,434.7603,435.5109,space,0.7187,,,,,,,,,,,,,,,,,,,,,,,,,,,,,,,,,,,,,,,,,,,,,,,,,,,,,,,,,,,,,,,,,,,,,,435.513,437.0769,y,1.5405,,0,0,0,4,1,stimuliTAFCsec/numnym005.wav,,
,,,,,997239,001,2024-05-27_15h42.16.757,mathesisv2,2024.1.3,Win32,60.60606061,,,,,,,,,,,,,,,,,y,,,,,,,,,,,,,,,,,,,,,,,,,,,,,,,,,,,,,,,,,,,,,,,,,,,,,,,,,,,,,,,,,,,,,,,,,,437.0773,438.3936,y,1.2954,,0,1,1,6,1,stimuliTAFCsec/numnym007.wav,,
,,,,,997239,001,2024-05-27_15h42.16.757,mathesisv2,2024.1.3,Win32,60.60606061,,,,,,,,,,,,,,,,,y,,,,,,,,,,,,,,,,,,,,,,,,,,,,,,,,,,,,,,,,,,,,,,,,,,,,,,,,,,,,,,,,,,,,,,,,,,438.3938,439.4268,y,1.0112,,0,2,2,5,1,stimuliTAFCsec/numnym006.wav,,
,,,,,997239,001,2024-05-27_15h42.16.757,mathesisv2,2024.1.3,Win32,60.60606061,,,,,,,,,,,,,,,,,u,,,,,,,,,,,,,,,,,,,,,,,,,,,,,,,,,,,,,,,,,,,,,,,,,,,,,,,,,,,,,,,,,,,,,,,,,,439.4271,440.4275,u,0.9687,,0,3,3,0,1,stimuliTAFCsec/numnym001.wav,,
,,,,,997239,001,2024-05-27_15h42.16.757,mathesisv2,2024.1.3,Win32,60.60606061,,,,,,,,,,,,,,,,,x,,,,,,,,,,,,,,,,,,,,,,,,,,,,,,,,,,,,,,,,,,,,,,,,,,,,,,,,,,,,,,,,,,,,,,,,,,440.4278,441.5636,y,1.1159,,0,4,4,3,1,stimuliTAFCsec/numnym004.wav,,
,,,,,997239,001,2024-05-27_15h42.16.757,mathesisv2,2024.1.3,Win32,60.60606061,,,,,,,,,,,,,,,,,u,,,,,,,,,,,,,,,,,,,,,,,,,,,,,,,,,,,,,,,,,,,,,,,,,,,,,,,,,,,,,,,,,,,,,,,,,,441.5638,442.5769,u,0.9858,,0,5,5,1,1,stimuliTAFCsec/numnym002.wav,,
,,,,,997239,001,2024-05-27_15h42.16.757,mathesisv2,2024.1.3,Win32,60.60606061,,,,,,,,,,,,,,,,,u,,,,,,,,,,,,,,,,,,,,,,,,,,,,,,,,,,,,,,,,,,,,,,,,,,,,,,,,,,,,,,,,,,,,,,,,,,442.5773,444.0268,u,1.4275,,0,6,6,2,1,stimuliTAFCsec/numnym003.wav,,
,,,,,997239,001,2024-05-27_15h42.16.757,mathesisv2,2024.1.3,Win32,60.60606061,,,,,,,,,,,,,,,,,u,,,,,,,,,,,,,,,,,,,,,,,,,,,,,,,,,,,,,,,,,,,,,,,,,,,,,,,,,,,,,,,,,,,,,,,,,,444.027,445.1105,u,1.0503,,1,0,7,2,1,stimuliTAFCsec/numnym003.wav,,
,,,,,997239,001,2024-05-27_15h42.16.757,mathesisv2,2024.1.3,Win32,60.60606061,,,,,,,,,,,,,,,,,y,,,,,,,,,,,,,,,,,,,,,,,,,,,,,,,,,,,,,,,,,,,,,,,,,,,,,,,,,,,,,,,,,,,,,,,,,,445.1109,446.3435,y,1.2069,,1,1,8,5,1,stimuliTAFCsec/numnym006.wav,,
,,,,,997239,001,2024-05-27_15h42.16.757,mathesisv2,2024.1.3,Win32,60.60606061,,,,,,,,,,,,,,,,,u,,,,,,,,,,,,,,,,,,,,,,,,,,,,,,,,,,,,,,,,,,,,,,,,,,,,,,,,,,,,,,,,,,,,,,,,,,446.3437,447.4269,u,1.0617,,1,2,9,0,1,stimuliTAFCsec/numnym001.wav,,
,,,,,997239,001,2024-05-27_15h42.16.757,mathesisv2,2024.1.3,Win32,60.60606061,,,,,,,,,,,,,,,,,y,,,,,,,,,,,,,,,,,,,,,,,,,,,,,,,,,,,,,,,,,,,,,,,,,,,,,,,,,,,,,,,,,,,,,,,,,,447.4271,448.5768,y,1.1218,,1,3,10,6,1,stimuliTAFCsec/numnym007.wav,,
,,,,,997239,001,2024-05-27_15h42.16.757,mathesisv2,2024.1.3,Win32,60.60606061,,,,,,,,,,,,,,,,,x,,,,,,,,,,,,,,,,,,,,,,,,,,,,,,,,,,,,,,,,,,,,,,,,,,,,,,,,,,,,,,,,,,,,,,,,,,448.5771,449.6268,y,1.0193,,1,4,11,3,1,stimuliTAFCsec/numnym004.wav,,
,,,,,997239,001,2024-05-27_15h42.16.757,mathesisv2,2024.1.3,Win32,60.60606061,,,,,,,,,,,,,,,,,u,,,,,,,,,,,,,,,,,,,,,,,,,,,,,,,,,,,,,,,,,,,,,,,,,,,,,,,,,,,,,,,,,,,,,,,,,,449.6272,451.8768,u,2.2265,,1,5,12,1,1,stimuliTAFCsec/numnym002.wav,,
,,,,,997239,001,2024-05-27_15h42.16.757,mathesisv2,2024.1.3,Win32,60.60606061,,,,,,,,,,,,,,,,,y,,,,,,,,,,,,,,,,,,,,,,,,,,,,,,,,,,,,,,,,,,,,,,,,,,,,,,,,,,,,,,,,,,,,,,,,,,451.8771,452.9454,y,1.0505,,1,6,13,4,1,stimuliTAFCsec/numnym005.wav,,
,,,,,997239,001,2024-05-27_15h42.16.757,mathesisv2,2024.1.3,Win32,60.60606061,,,,,,,,,,,,,,,,,y,,,,,,,,,,,,,,,,,,,,,,,,,,452.9454,453.8438,space,0.8685,,,,,,,,,,,,,,,,,,,,,,,,,,,,,,,,,,453.8459,457.1617,y,3.3002,,0,0,0,6,1,stimuliTAFCfirst/nimnym007.wav,,,,,,,,,,,,,
,,,,,997239,001,2024-05-27_15h42.16.757,mathesisv2,2024.1.3,Win32,60.60606061,,,,,,,,,,,,,,,,,x,,,,,,,,,,,,,,,,,,,,,,,,,,,,,,,,,,,,,,,,,,,,,,,,,,,,,,,,,,,,,,,457.1666,458.4433,e,1.2607,,0,1,1,3,1,stimuliTAFCfirst/nimnym004.wav,,,,,,,,,,,,,
,,,,,997239,001,2024-05-27_15h42.16.757,mathesisv2,2024.1.3,Win32,60.60606061,,,,,,,,,,,,,,,,,e,,,,,,,,,,,,,,,,,,,,,,,,,,,,,,,,,,,,,,,,,,,,,,,,,,,,,,,,,,,,,,,458.4435,459.6266,e,1.1604,,0,2,2,1,1,stimuliTAFCfirst/nimnym002.wav,,,,,,,,,,,,,
,,,,,997239,001,2024-05-27_15h42.16.757,mathesisv2,2024.1.3,Win32,60.60606061,,,,,,,,,,,,,,,,,e,,,,,,,,,,,,,,,,,,,,,,,,,,,,,,,,,,,,,,,,,,,,,,,,,,,,,,,,,,,,,,,459.6268,460.8265,e,1.1762,,0,3,3,2,1,stimuliTAFCfirst/nimnym003.wav,,,,,,,,,,,,,
,,,,,997239,001,2024-05-27_15h42.16.757,mathesisv2,2024.1.3,Win32,60.60606061,,,,,,,,,,,,,,,,,y,,,,,,,,,,,,,,,,,,,,,,,,,,,,,,,,,,,,,,,,,,,,,,,,,,,,,,,,,,,,,,,460.8267,461.9099,y,1.0564,,0,4,4,5,1,stimuliTAFCfirst/nimnym006.wav,,,,,,,,,,,,,
,,,,,997239,001,2024-05-27_15h42.16.757,mathesisv2,2024.1.3,Win32,60.60606061,,,,,,,,,,,,,,,,,y,,,,,,,,,,,,,,,,,,,,,,,,,,,,,,,,,,,,,,,,,,,,,,,,,,,,,,,,,,,,,,,461.9103,462.9141,y,0.9837,,0,5,5,4,1,stimuliTAFCfirst/nimnym005.wav,,,,,,,,,,,,,
,,,,,997239,001,2024-05-27_15h42.16.757,mathesisv2,2024.1.3,Win32,60.60606061,,,,,,,,,,,,,,,,,e,,,,,,,,,,,,,,,,,,,,,,,,,,,,,,,,,,,,,,,,,,,,,,,,,,,,,,,,,,,,,,,462.9143,464.2606,e,1.3185,,0,6,6,0,1,stimuliTAFCfirst/nimnym001.wav,,,,,,,,,,,,,
,,,,,997239,001,2024-05-27_15h42.16.757,mathesisv2,2024.1.3,Win32,60.60606061,,,,,,,,,,,,,,,,,e,,,,,,,,,,,,,,,,,,,,,,,,,,,,,,,,,,,,,,,,,,,,,,,,,,,,,,,,,,,,,,,464.261,465.477,y,1.1828,,1,0,7,0,1,stimuliTAFCfirst/nimnym001.wav,,,,,,,,,,,,,
,,,,,997239,001,2024-05-27_15h42.16.757,mathesisv2,2024.1.3,Win32,60.60606061,,,,,,,,,,,,,,,,,e,,,,,,,,,,,,,,,,,,,,,,,,,,,,,,,,,,,,,,,,,,,,,,,,,,,,,,,,,,,,,,,465.4774,466.8437,e,1.3345,,1,1,8,1,1,stimuliTAFCfirst/nimnym002.wav,,,,,,,,,,,,,
,,,,,997239,001,2024-05-27_15h42.16.757,mathesisv2,2024.1.3,Win32,60.60606061,,,,,,,,,,,,,,,,,y,,,,,,,,,,,,,,,,,,,,,,,,,,,,,,,,,,,,,,,,,,,,,,,,,,,,,,,,,,,,,,,466.844,467.9599,y,1.0854,,1,2,9,4,1,stimuliTAFCfirst/nimnym005.wav,,,,,,,,,,,,,
,,,,,997239,001,2024-05-27_15h42.16.757,mathesisv2,2024.1.3,Win32,60.60606061,,,,,,,,,,,,,,,,,e,,,,,,,,,,,,,,,,,,,,,,,,,,,,,,,,,,,,,,,,,,,,,,,,,,,,,,,,,,,,,,,467.9601,469.3846,e,1.4041,,1,3,10,2,1,stimuliTAFCfirst/nimnym003.wav,,,,,,,,,,,,,
,,,,,997239,001,2024-05-27_15h42.16.757,mathesisv2,2024.1.3,Win32,60.60606061,,,,,,,,,,,,,,,,,x,,,,,,,,,,,,,,,,,,,,,,,,,,,,,,,,,,,,,,,,,,,,,,,,,,,,,,,,,,,,,,,469.3849,470.3766,y,0.9665,,1,4,11,3,1,stimuliTAFCfirst/nimnym004.wav,,,,,,,,,,,,,
,,,,,997239,001,2024-05-27_15h42.16.757,mathesisv2,2024.1.3,Win32,60.60606061,,,,,,,,,,,,,,,,,y,,,,,,,,,,,,,,,,,,,,,,,,,,,,,,,,,,,,,,,,,,,,,,,,,,,,,,,,,,,,,,,470.3768,471.5932,y,1.1861,,1,5,12,5,1,stimuliTAFCfirst/nimnym006.wav,,,,,,,,,,,,,
,,,,,997239,001,2024-05-27_15h42.16.757,mathesisv2,2024.1.3,Win32,60.60606061,,,,,,,,,,,,,,,,,y,,,,,,,,,,,,,,,,,,,,,,,,,,,,,,,,,,,,,,,,,,,,,,,,,,,,,,,,,,,,,,,471.5936,472.6433,y,1.0173,,1,6,13,6,1,stimuliTAFCfirst/nimnym007.wav,,,,,,,,,,,,,
,,,,,997239,001,2024-05-27_15h42.16.757,mathesisv2,2024.1.3,Win32,60.60606061,,,,,,,,,,,,,,,,,u,472.6436,482.9434,space,10.2642,,,,,,,,,,,,,,,,,,,,,,,,,,,,,,,,,,,,,,,,,,,,,,,,,,,,,,,,,,,,,,,,,,,,,,482.9493,486.5596,u,3.6086,,0,0,0,0,1,stimuliTAFCsec/numnym001.wav,,
,,,,,997239,001,2024-05-27_15h42.16.757,mathesisv2,2024.1.3,Win32,60.60606061,,,,,,,,,,,,,,,,,x,,,,,,,,,,,,,,,,,,,,,,,,,,,,,,,,,,,,,,,,,,,,,,,,,,,,,,,,,,,,,,,,,,,,,,,,,,486.5598,490.2932,y,3.7185,,0,1,1,3,1,stimuliTAFCsec/numnym004.wav,,
,,,,,997239,001,2024-05-27_15h42.16.757,mathesisv2,2024.1.3,Win32,60.60606061,,,,,,,,,,,,,,,,,u,,,,,,,,,,,,,,,,,,,,,,,,,,,,,,,,,,,,,,,,,,,,,,,,,,,,,,,,,,,,,,,,,,,,,,,,,,490.2986,491.6931,u,1.3797,,0,2,2,2,1,stimuliTAFCsec/numnym003.wav,,
,,,,,997239,001,2024-05-27_15h42.16.757,mathesisv2,2024.1.3,Win32,60.60606061,,,,,,,,,,,,,,,,,u,,,,,,,,,,,,,,,,,,,,,,,,,,,,,,,,,,,,,,,,,,,,,,,,,,,,,,,,,,,,,,,,,,,,,,,,,,491.6933,497.6929,y,5.9931,,0,3,3,1,1,stimuliTAFCsec/numnym002.wav,,
,,,,,997239,001,2024-05-27_15h42.16.757,mathesisv2,2024.1.3,Win32,60.60606061,,,,,,,,,,,,,,,,,y,,,,,,,,,,,,,,,,,,,,,,,,,,,,,,,,,,,,,,,,,,,,,,,,,,,,,,,,,,,,,,,,,,,,,,,,,,497.6978,499.96,y,2.2525,,0,4,4,5,1,stimuliTAFCsec/numnym006.wav,,
,,,,,997239,001,2024-05-27_15h42.16.757,mathesisv2,2024.1.3,Win32,60.60606061,,,,,,,,,,,,,,,,,y,,,,,,,,,,,,,,,,,,,,,,,,,,,,,,,,,,,,,,,,,,,,,,,,,,,,,,,,,,,,,,,,,,,,,,,,,,499.9602,500.9762,y,1.0142,,0,5,5,4,1,stimuliTAFCsec/numnym005.wav,,
,,,,,997239,001,2024-05-27_15h42.16.757,mathesisv2,2024.1.3,Win32,60.60606061,,,,,,,,,,,,,,,,,y,,,,,,,,,,,,,,,,,,,,,,,,,,,,,,,,,,,,,,,,,,,,,,,,,,,,,,,,,,,,,,,,,,,,,,,,,,500.9764,502.0767,y,1.0876,,0,6,6,6,1,stimuliTAFCsec/numnym007.wav,,
,,,,,997239,001,2024-05-27_15h42.16.757,mathesisv2,2024.1.3,Win32,60.60606061,,,,,,,,,,,,,,,,,y,,,,,,,,,,,,,,,,,,,,,,,,,,,,,,,,,,,,,,,,,,,,,,,,,,,,,,,,,,,,,,,,,,,,,,,,,,502.0769,503.0263,y,0.945,,1,0,7,4,1,stimuliTAFCsec/numnym005.wav,,
,,,,,997239,001,2024-05-27_15h42.16.757,mathesisv2,2024.1.3,Win32,60.60606061,,,,,,,,,,,,,,,,,u,,,,,,,,,,,,,,,,,,,,,,,,,,,,,,,,,,,,,,,,,,,,,,,,,,,,,,,,,,,,,,,,,,,,,,,,,,503.0265,504.0261,u,0.9955,,1,1,8,0,1,stimuliTAFCsec/numnym001.wav,,
,,,,,997239,001,2024-05-27_15h42.16.757,mathesisv2,2024.1.3,Win32,60.60606061,,,,,,,,,,,,,,,,,u,,,,,,,,,,,,,,,,,,,,,,,,,,,,,,,,,,,,,,,,,,,,,,,,,,,,,,,,,,,,,,,,,,,,,,,,,,504.0263,505.0928,u,1.0592,,1,2,9,1,1,stimuliTAFCsec/numnym002.wav,,
,,,,,997239,001,2024-05-27_15h42.16.757,mathesisv2,2024.1.3,Win32,60.60606061,,,,,,,,,,,,,,,,,u,,,,,,,,,,,,,,,,,,,,,,,,,,,,,,,,,,,,,,,,,,,,,,,,,,,,,,,,,,,,,,,,,,,,,,,,,,505.093,506.0428,u,0.9449,,1,3,10,2,1,stimuliTAFCsec/numnym003.wav,,
,,,,,997239,001,2024-05-27_15h42.16.757,mathesisv2,2024.1.3,Win32,60.60606061,,,,,,,,,,,,,,,,,x,,,,,,,,,,,,,,,,,,,,,,,,,,,,,,,,,,,,,,,,,,,,,,,,,,,,,,,,,,,,,,,,,,,,,,,,,,506.0429,507.1595,y,1.1152,,1,4,11,3,1,stimuliTAFCsec/numnym004.wav,,
,,,,,997239,001,2024-05-27_15h42.16.757,mathesisv2,2024.1.3,Win32,60.60606061,,,,,,,,,,,,,,,,,y,,,,,,,,,,,,,,,,,,,,,,,,,,,,,,,,,,,,,,,,,,,,,,,,,,,,,,,,,,,,,,,,,,,,,,,,,,507.1596,508.3596,y,1.1832,,1,5,12,6,1,stimuliTAFCsec/numnym007.wav,,
,,,,,997239,001,2024-05-27_15h42.16.757,mathesisv2,2024.1.3,Win32,60.60606061,,,,,,,,,,,,,,,,,y,,,,,,,,,,,,,,,,,,,,,,,,,,,,,,,,,,,,,,,,,,,,,,,,,,,,,,,,,,,,,,,,,,,,,,,,,,508.3599,509.5601,y,1.1824,,1,6,13,5,1,stimuliTAFCsec/numnym006.wav,,
,,,,,997239,001,2024-05-27_15h42.16.757,mathesisv2,2024.1.3,Win32,60.60606061,,,,,,,,,,,,,,,,,,,,,,,,,,,,,,,,,,,,,,,,,,,509.5601,510.4427,space,0.8773,,,,,,,,,,,,,,,,,,,,,,,,,,,,,,,,,,,,,,,,,,,,,,,,,,,,,,,,510.4431,515.443
