﻿inst_test.started,inst_test.stopped,key_resptest.keys,key_resptest.rt,key_resptest.duration,participant,session,date,expName,psychopyVersion,OS,frameRate,AXBteststimuli.started,AXBteststimuli.stopped,slider_7.response,slider_7.rt,trials.thisRepN,trials.thisTrialN,trials.thisN,trials.thisIndex,trials.ran,AXBtest,attentioncheck_test.started,attentioncheck_test.stopped,slider.response,slider.rt,inst01.started,inst01.stopped,key_respinst01.keys,key_respinst01.rt,key_respinst01.duration,AXBstimuli01.started,AXBstimuli01.stopped,slider_8.response,slider_8.rt,trials_2.thisRepN,trials_2.thisTrialN,trials_2.thisN,trials_2.thisIndex,trials_2.ran,AXBstimuli,Correct,pause01.started,pause01.stopped,key_resp.keys,key_resp.rt,key_resp.duration,trials_3.thisRepN,trials_3.thisTrialN,trials_3.thisN,trials_3.thisIndex,trials_3.ran,attentioncheck01.started,attentioncheck01.stopped,slider_2.response,slider_2.rt,key_resp_5.keys,trials_4.thisRepN,trials_4.thisTrialN,trials_4.thisN,trials_4.thisIndex,trials_4.ran,trials_5.thisRepN,trials_5.thisTrialN,trials_5.thisN,trials_5.thisIndex,trials_5.ran,attentioncheck02.started,attentioncheck02.stopped,key_resp_6.keys,key_resp_6.rt,key_resp_6.duration,button.numClicks,button.timesOn,button.timesOff,trials_6.thisRepN,trials_6.thisTrialN,trials_6.thisN,trials_6.thisIndex,trials_6.ran,trials_7.thisRepN,trials_7.thisTrialN,trials_7.thisN,trials_7.thisIndex,trials_7.ran,attentioncheck03.started,attentioncheck03.stopped,slider_3.response,slider_3.rt,trials_8.thisRepN,trials_8.thisTrialN,trials_8.thisN,trials_8.thisIndex,trials_8.ran,inst_test2.started,inst_test2.stopped,key_resp_2.keys,key_resp_2.rt,key_resp_2.duration,routine_2AFCteststimuli.started,routine_2AFCteststimuli.stopped,slider_9.response,slider_9.rt,trials_17.thisRepN,trials_17.thisTrialN,trials_17.thisN,trials_17.thisIndex,trials_17.ran,TAFCteststimuli,attentioncheck_test2.started,attentioncheck_test2.stopped,slider_4.response,slider_4.rt,inst02.started,inst02.stopped,key_resp_3.keys,key_resp_3.rt,key_resp_3.duration,routine_2AFCstimuli01.started,routine_2AFCstimuli01.stopped,slider_10.response,slider_10.rt,trials_9.thisRepN,trials_9.thisTrialN,trials_9.thisN,trials_9.thisIndex,trials_9.ran,TAFCstimuli01,attentioncheck04.started,attentioncheck04.stopped,slider_6.response,slider_6.rt,key_resp_9.keys,trials_10.thisRepN,trials_10.thisTrialN,trials_10.thisN,trials_10.thisIndex,trials_10.ran,trials_11.thisRepN,trials_11.thisTrialN,trials_11.thisN,trials_11.thisIndex,trials_11.ran,trials_12.thisRepN,trials_12.thisTrialN,trials_12.thisN,trials_12.thisIndex,trials_12.ran,routine_2AFCstimuli02.started,routine_2AFCstimuli02.stopped,slider_11.response,slider_11.rt,trials_13.thisRepN,trials_13.thisTrialN,trials_13.thisN,trials_13.thisIndex,trials_13.ran,TAFCstimuli02,attentioncheck05.started,attentioncheck05.stopped,key_resp_8.keys,key_resp_8.rt,key_resp_8.duration,slider_5.response,slider_5.rt,trials_14.thisRepN,trials_14.thisTrialN,trials_14.thisN,trials_14.thisIndex,trials_14.ran,trials_15.thisRepN,trials_15.thisTrialN,trials_15.thisN,trials_15.thisIndex,trials_15.ran,attentioncheck06.started,attentioncheck06.stopped,button_2.numClicks,button_2.timesOn,button_2.timesOff,key_resp_7.keys,trials_16.thisRepN,trials_16.thisTrialN,trials_16.thisN,trials_16.thisIndex,trials_16.ran,thankyou.started,thankyou.stopped,key_resp_4.keys,key_resp_4.rt,key_resp_4.duration
0.0003,17.8003,space,17.7884,,668509,001,2024-05-22_12h22.44.622,AXB:2AFC Experiments (16.05.2024),2024.1.3,Linux x86_64,60.24096386,,,,,,,,,,,,,,,,,,,,,,,,,,,,,,,,,,,,,,,,,,,,,,,,,,,,,,,,,,,,,,,,,,,,,,,,,,,,,,,,,,,,,,,,,,,,,,,,,,,,,,,,,,,,,,,,,,,,,,,,,,,,,,,,,,,,,,,,,,,,,,,,,,,,,,,,,,,,,,,,,,,,,,,,,,,,,,,,,,,
,,,,,668509,001,2024-05-22_12h22.44.622,AXB:2AFC Experiments (16.05.2024),2024.1.3,Linux x86_64,60.24096386,17.8095,23.9327,1,6.1111,0,0,0,2,1,AXBstimuli/yuustimulus.wav,,,,,,,,,,,,,,,,,,,,,,,,,,,,,,,,,,,,,,,,,,,,,,,,,,,,,,,,,,,,,,,,,,,,,,,,,,,,,,,,,,,,,,,,,,,,,,,,,,,,,,,,,,,,,,,,,,,,,,,,,,,,,,,,,,,,,,,,,,,,,,,,,,,,,,,,,,,,,,,,,,,,,,,,,
,,,,,668509,001,2024-05-22_12h22.44.622,AXB:2AFC Experiments (16.05.2024),2024.1.3,Linux x86_64,60.24096386,23.933,29.1658,2,5.2282,0,1,1,0,1,AXBstimuli/iiystimulus.wav,,,,,,,,,,,,,,,,,,,,,,,,,,,,,,,,,,,,,,,,,,,,,,,,,,,,,,,,,,,,,,,,,,,,,,,,,,,,,,,,,,,,,,,,,,,,,,,,,,,,,,,,,,,,,,,,,,,,,,,,,,,,,,,,,,,,,,,,,,,,,,,,,,,,,,,,,,,,,,,,,,,,,,,,,
,,,,,668509,001,2024-05-22_12h22.44.622,AXB:2AFC Experiments (16.05.2024),2024.1.3,Linux x86_64,60.24096386,29.1659,33.6851,2,4.5186,0,2,2,3,1,AXBstimuli/yyustimulus.wav,,,,,,,,,,,,,,,,,,,,,,,,,,,,,,,,,,,,,,,,,,,,,,,,,,,,,,,,,,,,,,,,,,,,,,,,,,,,,,,,,,,,,,,,,,,,,,,,,,,,,,,,,,,,,,,,,,,,,,,,,,,,,,,,,,,,,,,,,,,,,,,,,,,,,,,,,,,,,,,,,,,,,,,,,
,,,,,668509,001,2024-05-22_12h22.44.622,AXB:2AFC Experiments (16.05.2024),2024.1.3,Linux x86_64,60.24096386,33.6851,36.7986,2,3.1081,0,3,3,1,1,AXBstimuli/iyystimulus.wav,,,,,,,,,,,,,,,,,,,,,,,,,,,,,,,,,,,,,,,,,,,,,,,,,,,,,,,,,,,,,,,,,,,,,,,,,,,,,,,,,,,,,,,,,,,,,,,,,,,,,,,,,,,,,,,,,,,,,,,,,,,,,,,,,,,,,,,,,,,,,,,,,,,,,,,,,,,,,,,,,,,,,,,,,
,,,,,668509,001,2024-05-22_12h22.44.622,AXB:2AFC Experiments (16.05.2024),2024.1.3,Linux x86_64,60.24096386,,,,,,,,,,,36.7988,36.9487,3,0.1385,,,,,,,,,,,,,,,,,,,,,,,,,,,,,,,,,,,,,,,,,,,,,,,,,,,,,,,,,,,,,,,,,,,,,,,,,,,,,,,,,,,,,,,,,,,,,,,,,,,,,,,,,,,,,,,,,,,,,,,,,,,,,,,,,,,,,,,,,,,,,,,,,,,,,,,,,,,,,,,,,,,,,
,,,,,668509,001,2024-05-22_12h22.44.622,AXB:2AFC Experiments (16.05.2024),2024.1.3,Linux x86_64,60.24096386,,,,,,,,,,,,,,,36.9488,50.9314,space,13.9554,,,,,,,,,,,,,,,,,,,,,,,,,,,,,,,,,,,,,,,,,,,,,,,,,,,,,,,,,,,,,,,,,,,,,,,,,,,,,,,,,,,,,,,,,,,,,,,,,,,,,,,,,,,,,,,,,,,,,,,,,,,,,,,,,,,,,,,,,,,,,,,,,,,,,,,,,,,,,,,,,
,,,,,668509,001,2024-05-22_12h22.44.622,AXB:2AFC Experiments (16.05.2024),2024.1.3,Linux x86_64,60.24096386,,,,,,,,,,,,,,,,,,,,50.9342,55.8506,2,4.9158,0,0,0,3,1,AXBstimuli/yyustimulus.wav,Last,,,,,,,,,,,,,,,,,,,,,,,,,,,,,,,,,,,,,,,,,,,,,,,,,,,,,,,,,,,,,,,,,,,,,,,,,,,,,,,,,,,,,,,,,,,,,,,,,,,,,,,,,,,,,,,,,,,,,,,,,,,,,,,,,,,,,,,,,,,,,,,,,,,,,
,,,,,668509,001,2024-05-22_12h22.44.622,AXB:2AFC Experiments (16.05.2024),2024.1.3,Linux x86_64,60.24096386,,,,,,,,,,,,,,,,,,,,55.8507,59.3186,2,3.4675,0,1,1,1,1,AXBstimuli/iyystimulus.wav,First,,,,,,,,,,,,,,,,,,,,,,,,,,,,,,,,,,,,,,,,,,,,,,,,,,,,,,,,,,,,,,,,,,,,,,,,,,,,,,,,,,,,,,,,,,,,,,,,,,,,,,,,,,,,,,,,,,,,,,,,,,,,,,,,,,,,,,,,,,,,,,,,,,,,,
,,,,,668509,001,2024-05-22_12h22.44.622,AXB:2AFC Experiments (16.05.2024),2024.1.3,Linux x86_64,60.24096386,,,,,,,,,,,,,,,,,,,,59.3187,63.8018,1,4.4827,0,2,2,2,1,AXBstimuli/yuustimulus.wav,First,,,,,,,,,,,,,,,,,,,,,,,,,,,,,,,,,,,,,,,,,,,,,,,,,,,,,,,,,,,,,,,,,,,,,,,,,,,,,,,,,,,,,,,,,,,,,,,,,,,,,,,,,,,,,,,,,,,,,,,,,,,,,,,,,,,,,,,,,,,,,,,,,,,,,
,,,,,668509,001,2024-05-22_12h22.44.622,AXB:2AFC Experiments (16.05.2024),2024.1.3,Linux x86_64,60.24096386,,,,,,,,,,,,,,,,,,,,63.8018,69.1645,2,5.3602,0,3,3,0,1,AXBstimuli/iiystimulus.wav,Last,,,,,,,,,,,,,,,,,,,,,,,,,,,,,,,,,,,,,,,,,,,,,,,,,,,,,,,,,,,,,,,,,,,,,,,,,,,,,,,,,,,,,,,,,,,,,,,,,,,,,,,,,,,,,,,,,,,,,,,,,,,,,,,,,,,,,,,,,,,,,,,,,,,,,
,,,,,668509,001,2024-05-22_12h22.44.622,AXB:2AFC Experiments (16.05.2024),2024.1.3,Linux x86_64,60.24096386,,,,,,,,,,,,,,,,,,,,69.1646,73.3145,1,4.1496,1,0,4,1,1,AXBstimuli/iyystimulus.wav,First,,,,,,,,,,,,,,,,,,,,,,,,,,,,,,,,,,,,,,,,,,,,,,,,,,,,,,,,,,,,,,,,,,,,,,,,,,,,,,,,,,,,,,,,,,,,,,,,,,,,,,,,,,,,,,,,,,,,,,,,,,,,,,,,,,,,,,,,,,,,,,,,,,,,,
,,,,,668509,001,2024-05-22_12h22.44.622,AXB:2AFC Experiments (16.05.2024),2024.1.3,Linux x86_64,60.24096386,,,,,,,,,,,,,,,,,,,,73.3147,76.8472,1,3.5202,1,1,5,2,1,AXBstimuli/yuustimulus.wav,First,,,,,,,,,,,,,,,,,,,,,,,,,,,,,,,,,,,,,,,,,,,,,,,,,,,,,,,,,,,,,,,,,,,,,,,,,,,,,,,,,,,,,,,,,,,,,,,,,,,,,,,,,,,,,,,,,,,,,,,,,,,,,,,,,,,,,,,,,,,,,,,,,,,,,
,,,,,668509,001,2024-05-22_12h22.44.622,AXB:2AFC Experiments (16.05.2024),2024.1.3,Linux x86_64,60.24096386,,,,,,,,,,,,,,,,,,,,76.8474,81.414,2,4.555,1,2,6,0,1,AXBstimuli/iiystimulus.wav,Last,,,,,,,,,,,,,,,,,,,,,,,,,,,,,,,,,,,,,,,,,,,,,,,,,,,,,,,,,,,,,,,,,,,,,,,,,,,,,,,,,,,,,,,,,,,,,,,,,,,,,,,,,,,,,,,,,,,,,,,,,,,,,,,,,,,,,,,,,,,,,,,,,,,,,
,,,,,668509,001,2024-05-22_12h22.44.622,AXB:2AFC Experiments (16.05.2024),2024.1.3,Linux x86_64,60.24096386,,,,,,,,,,,,,,,,,,,,81.4141,84.9804,2,3.5642,1,3,7,3,1,AXBstimuli/yyustimulus.wav,Last,,,,,,,,,,,,,,,,,,,,,,,,,,,,,,,,,,,,,,,,,,,,,,,,,,,,,,,,,,,,,,,,,,,,,,,,,,,,,,,,,,,,,,,,,,,,,,,,,,,,,,,,,,,,,,,,,,,,,,,,,,,,,,,,,,,,,,,,,,,,,,,,,,,,,
,,,,,668509,001,2024-05-22_12h22.44.622,AXB:2AFC Experiments (16.05.2024),2024.1.3,Linux x86_64,60.24096386,,,,,,,,,,,,,,,,,,,,84.9805,89.767,1,4.7861,2,0,8,1,1,AXBstimuli/iyystimulus.wav,First,,,,,,,,,,,,,,,,,,,,,,,,,,,,,,,,,,,,,,,,,,,,,,,,,,,,,,,,,,,,,,,,,,,,,,,,,,,,,,,,,,,,,,,,,,,,,,,,,,,,,,,,,,,,,,,,,,,,,,,,,,,,,,,,,,,,,,,,,,,,,,,,,,,,,
,,,,,668509,001,2024-05-22_12h22.44.622,AXB:2AFC Experiments (16.05.2024),2024.1.3,Linux x86_64,60.24096386,,,,,,,,,,,,,,,,,,,,89.7671,96.4634,2,6.6834,2,1,9,0,1,AXBstimuli/iiystimulus.wav,Last,,,,,,,,,,,,,,,,,,,,,,,,,,,,,,,,,,,,,,,,,,,,,,,,,,,,,,,,,,,,,,,,,,,,,,,,,,,,,,,,,,,,,,,,,,,,,,,,,,,,,,,,,,,,,,,,,,,,,,,,,,,,,,,,,,,,,,,,,,,,,,,,,,,,,
,,,,,668509,001,2024-05-22_12h22.44.622,AXB:2AFC Experiments (16.05.2024),2024.1.3,Linux x86_64,60.24096386,,,,,,,,,,,,,,,,,,,,96.4634,101.8958,2,5.4274,2,2,10,3,1,AXBstimuli/yyustimulus.wav,Last,,,,,,,,,,,,,,,,,,,,,,,,,,,,,,,,,,,,,,,,,,,,,,,,,,,,,,,,,,,,,,,,,,,,,,,,,,,,,,,,,,,,,,,,,,,,,,,,,,,,,,,,,,,,,,,,,,,,,,,,,,,,,,,,,,,,,,,,,,,,,,,,,,,,,
,,,,,668509,001,2024-05-22_12h22.44.622,AXB:2AFC Experiments (16.05.2024),2024.1.3,Linux x86_64,60.24096386,,,,,,,,,,,,,,,,,,,,101.896,107.5795,1,5.6749,2,3,11,2,1,AXBstimuli/yuustimulus.wav,First,,,,,,,,,,,,,,,,,,,,,,,,,,,,,,,,,,,,,,,,,,,,,,,,,,,,,,,,,,,,,,,,,,,,,,,,,,,,,,,,,,,,,,,,,,,,,,,,,,,,,,,,,,,,,,,,,,,,,,,,,,,,,,,,,,,,,,,,,,,,,,,,,,,,,
,,,,,668509,001,2024-05-22_12h22.44.622,AXB:2AFC Experiments (16.05.2024),2024.1.3,Linux x86_64,60.24096386,,,,,,,,,,,,,,,,,,,,107.5797,111.3169,1,3.737,3,0,12,1,1,AXBstimuli/iyystimulus.wav,First,,,,,,,,,,,,,,,,,,,,,,,,,,,,,,,,,,,,,,,,,,,,,,,,,,,,,,,,,,,,,,,,,,,,,,,,,,,,,,,,,,,,,,,,,,,,,,,,,,,,,,,,,,,,,,,,,,,,,,,,,,,,,,,,,,,,,,,,,,,,,,,,,,,,,
,,,,,668509,001,2024-05-22_12h22.44.622,AXB:2AFC Experiments (16.05.2024),2024.1.3,Linux x86_64,60.24096386,,,,,,,,,,,,,,,,,,,,111.317,116.0289,2,4.7021,3,1,13,0,1,AXBstimuli/iiystimulus.wav,Last,,,,,,,,,,,,,,,,,,,,,,,,,,,,,,,,,,,,,,,,,,,,,,,,,,,,,,,,,,,,,,,,,,,,,,,,,,,,,,,,,,,,,,,,,,,,,,,,,,,,,,,,,,,,,,,,,,,,,,,,,,,,,,,,,,,,,,,,,,,,,,,,,,,,,
,,,,,668509,001,2024-05-22_12h22.44.622,AXB:2AFC Experiments (16.05.2024),2024.1.3,Linux x86_64,60.24096386,,,,,,,,,,,,,,,,,,,,116.029,120.812,1,4.774,3,2,14,2,1,AXBstimuli/yuustimulus.wav,First,,,,,,,,,,,,,,,,,,,,,,,,,,,,,,,,,,,,,,,,,,,,,,,,,,,,,,,,,,,,,,,,,,,,,,,,,,,,,,,,,,,,,,,,,,,,,,,,,,,,,,,,,,,,,,,,,,,,,,,,,,,,,,,,,,,,,,,,,,,,,,,,,,,,,
,,,,,668509,001,2024-05-22_12h22.44.622,AXB:2AFC Experiments (16.05.2024),2024.1.3,Linux x86_64,60.24096386,,,,,,,,,,,,,,,,,,,,120.8122,124.3953,2,3.5728,3,3,15,3,1,AXBstimuli/yyustimulus.wav,Last,,,,,,,,,,,,,,,,,,,,,,,,,,,,,,,,,,,,,,,,,,,,,,,,,,,,,,,,,,,,,,,,,,,,,,,,,,,,,,,,,,,,,,,,,,,,,,,,,,,,,,,,,,,,,,,,,,,,,,,,,,,,,,,,,,,,,,,,,,,,,,,,,,,,,
,,,,,668509,001,2024-05-22_12h22.44.622,AXB:2AFC Experiments (16.05.2024),2024.1.3,Linux x86_64,60.24096386,,,,,,,,,,,,,,,,,,,,124.3954,127.9671,2,3.5713,4,0,16,3,1,AXBstimuli/yyustimulus.wav,Last,,,,,,,,,,,,,,,,,,,,,,,,,,,,,,,,,,,,,,,,,,,,,,,,,,,,,,,,,,,,,,,,,,,,,,,,,,,,,,,,,,,,,,,,,,,,,,,,,,,,,,,,,,,,,,,,,,,,,,,,,,,,,,,,,,,,,,,,,,,,,,,,,,,,,
,,,,,668509,001,2024-05-22_12h22.44.622,AXB:2AFC Experiments (16.05.2024),2024.1.3,Linux x86_64,60.24096386,,,,,,,,,,,,,,,,,,,,127.9672,131.4619,2,3.4922,4,1,17,0,1,AXBstimuli/iiystimulus.wav,Last,,,,,,,,,,,,,,,,,,,,,,,,,,,,,,,,,,,,,,,,,,,,,,,,,,,,,,,,,,,,,,,,,,,,,,,,,,,,,,,,,,,,,,,,,,,,,,,,,,,,,,,,,,,,,,,,,,,,,,,,,,,,,,,,,,,,,,,,,,,,,,,,,,,,,
,,,,,668509,001,2024-05-22_12h22.44.622,AXB:2AFC Experiments (16.05.2024),2024.1.3,Linux x86_64,60.24096386,,,,,,,,,,,,,,,,,,,,131.4621,135.6687,1,4.2062,4,2,18,1,1,AXBstimuli/iyystimulus.wav,First,,,,,,,,,,,,,,,,,,,,,,,,,,,,,,,,,,,,,,,,,,,,,,,,,,,,,,,,,,,,,,,,,,,,,,,,,,,,,,,,,,,,,,,,,,,,,,,,,,,,,,,,,,,,,,,,,,,,,,,,,,,,,,,,,,,,,,,,,,,,,,,,,,,,,
,,,,,668509,001,2024-05-22_12h22.44.622,AXB:2AFC Experiments (16.05.2024),2024.1.3,Linux x86_64,60.24096386,,,,,,,,,,,,,,,,,,,,135.6688,139.2354,1,3.5663,4,3,19,2,1,AXBstimuli/yuustimulus.wav,First,,,,,,,,,,,,,,,,,,,,,,,,,,,,,,,,,,,,,,,,,,,,,,,,,,,,,,,,,,,,,,,,,,,,,,,,,,,,,,,,,,,,,,,,,,,,,,,,,,,,,,,,,,,,,,,,,,,,,,,,,,,,,,,,,,,,,,,,,,,,,,,,,,,,,
,,,,,668509,001,2024-05-22_12h22.44.622,AXB:2AFC Experiments (16.05.2024),2024.1.3,Linux x86_64,60.24096386,,,,,,,,,,,,,,,,,,,,,,,,,,,,,,,139.2357,163.4946,space,24.2352,,,,,,,,,,,,,,,,,,,,,,,,,,,,,,,,,,,,,,,,,,,,,,,,,,,,,,,,,,,,,,,,,,,,,,,,,,,,,,,,,,,,,,,,,,,,,,,,,,,,,,,,,,,,,,,,,,,,,,,,,,,,,,,,,,,,,,,,,,,,,,,,,
,,,,,668509,001,2024-05-22_12h22.44.622,AXB:2AFC Experiments (16.05.2024),2024.1.3,Linux x86_64,60.24096386,,,,,,,,,,,,,,,,,,,,163.5032,167.81,2,4.2985,,,,,,AXBstimuli/iiystimulus.wav,Last,,,,,,0,0,0,0,1,,,,,,,,,,,,,,,,,,,,,,,,,,,,,,,,,,,,,,,,,,,,,,,,,,,,,,,,,,,,,,,,,,,,,,,,,,,,,,,,,,,,,,,,,,,,,,,,,,,,,,,,,,,,,,,,,,,,,,,,,,,,,,,,,,,,,,,,,,,
,,,,,668509,001,2024-05-22_12h22.44.622,AXB:2AFC Experiments (16.05.2024),2024.1.3,Linux x86_64,60.24096386,,,,,,,,,,,,,,,,,,,,167.8103,173.1847,2,5.374,,,,,,AXBstimuli/yyustimulus.wav,Last,,,,,,0,1,1,3,1,,,,,,,,,,,,,,,,,,,,,,,,,,,,,,,,,,,,,,,,,,,,,,,,,,,,,,,,,,,,,,,,,,,,,,,,,,,,,,,,,,,,,,,,,,,,,,,,,,,,,,,,,,,,,,,,,,,,,,,,,,,,,,,,,,,,,,,,,,,
,,,,,668509,001,2024-05-22_12h22.44.622,AXB:2AFC Experiments (16.05.2024),2024.1.3,Linux x86_64,60.24096386,,,,,,,,,,,,,,,,,,,,173.1848,176.8431,1,3.6515,,,,,,AXBstimuli/iyystimulus.wav,First,,,,,,0,2,2,1,1,,,,,,,,,,,,,,,,,,,,,,,,,,,,,,,,,,,,,,,,,,,,,,,,,,,,,,,,,,,,,,,,,,,,,,,,,,,,,,,,,,,,,,,,,,,,,,,,,,,,,,,,,,,,,,,,,,,,,,,,,,,,,,,,,,,,,,,,,,,
,,,,,668509,001,2024-05-22_12h22.44.622,AXB:2AFC Experiments (16.05.2024),2024.1.3,Linux x86_64,60.24096386,,,,,,,,,,,,,,,,,,,,176.8432,180.4834,1,3.64,,,,,,AXBstimuli/yuustimulus.wav,First,,,,,,0,3,3,2,1,,,,,,,,,,,,,,,,,,,,,,,,,,,,,,,,,,,,,,,,,,,,,,,,,,,,,,,,,,,,,,,,,,,,,,,,,,,,,,,,,,,,,,,,,,,,,,,,,,,,,,,,,,,,,,,,,,,,,,,,,,,,,,,,,,,,,,,,,,,
,,,,,668509,001,2024-05-22_12h22.44.622,AXB:2AFC Experiments (16.05.2024),2024.1.3,Linux x86_64,60.24096386,,,,,,,,,,,,,,,,,,,,180.4835,184.1267,1,3.6349,,,,,,AXBstimuli/iyystimulus.wav,First,,,,,,1,0,4,1,1,,,,,,,,,,,,,,,,,,,,,,,,,,,,,,,,,,,,,,,,,,,,,,,,,,,,,,,,,,,,,,,,,,,,,,,,,,,,,,,,,,,,,,,,,,,,,,,,,,,,,,,,,,,,,,,,,,,,,,,,,,,,,,,,,,,,,,,,,,,
,,,,,668509,001,2024-05-22_12h22.44.622,AXB:2AFC Experiments (16.05.2024),2024.1.3,Linux x86_64,60.24096386,,,,,,,,,,,,,,,,,,,,184.1267,188.4923,2,4.3584,,,,,,AXBstimuli/iiystimulus.wav,Last,,,,,,1,1,5,0,1,,,,,,,,,,,,,,,,,,,,,,,,,,,,,,,,,,,,,,,,,,,,,,,,,,,,,,,,,,,,,,,,,,,,,,,,,,,,,,,,,,,,,,,,,,,,,,,,,,,,,,,,,,,,,,,,,,,,,,,,,,,,,,,,,,,,,,,,,,,
,,,,,668509,001,2024-05-22_12h22.44.622,AXB:2AFC Experiments (16.05.2024),2024.1.3,Linux x86_64,60.24096386,,,,,,,,,,,,,,,,,,,,188.4924,192.259,2,3.7603,,,,,,AXBstimuli/yyustimulus.wav,Last,,,,,,1,2,6,3,1,,,,,,,,,,,,,,,,,,,,,,,,,,,,,,,,,,,,,,,,,,,,,,,,,,,,,,,,,,,,,,,,,,,,,,,,,,,,,,,,,,,,,,,,,,,,,,,,,,,,,,,,,,,,,,,,,,,,,,,,,,,,,,,,,,,,,,,,,,,
,,,,,668509,001,2024-05-22_12h22.44.622,AXB:2AFC Experiments (16.05.2024),2024.1.3,Linux x86_64,60.24096386,,,,,,,,,,,,,,,,,,,,192.2591,195.7424,1,3.4816,,,,,,AXBstimuli/yuustimulus.wav,First,,,,,,1,3,7,2,1,,,,,,,,,,,,,,,,,,,,,,,,,,,,,,,,,,,,,,,,,,,,,,,,,,,,,,,,,,,,,,,,,,,,,,,,,,,,,,,,,,,,,,,,,,,,,,,,,,,,,,,,,,,,,,,,,,,,,,,,,,,,,,,,,,,,,,,,,,,
,,,,,668509,001,2024-05-22_12h22.44.622,AXB:2AFC Experiments (16.05.2024),2024.1.3,Linux x86_64,60.24096386,,,,,,,,,,,,,,,,,,,,195.7425,199.4091,2,3.6623,,,,,,AXBstimuli/iiystimulus.wav,Last,,,,,,2,0,8,0,1,,,,,,,,,,,,,,,,,,,,,,,,,,,,,,,,,,,,,,,,,,,,,,,,,,,,,,,,,,,,,,,,,,,,,,,,,,,,,,,,,,,,,,,,,,,,,,,,,,,,,,,,,,,,,,,,,,,,,,,,,,,,,,,,,,,,,,,,,,,
,,,,,668509,001,2024-05-22_12h22.44.622,AXB:2AFC Experiments (16.05.2024),2024.1.3,Linux x86_64,60.24096386,,,,,,,,,,,,,,,,,,,,199.4092,203.3008,2,3.8912,,,,,,AXBstimuli/yyustimulus.wav,Last,,,,,,2,1,9,3,1,,,,,,,,,,,,,,,,,,,,,,,,,,,,,,,,,,,,,,,,,,,,,,,,,,,,,,,,,,,,,,,,,,,,,,,,,,,,,,,,,,,,,,,,,,,,,,,,,,,,,,,,,,,,,,,,,,,,,,,,,,,,,,,,,,,,,,,,,,,
,,,,,668509,001,2024-05-22_12h22.44.622,AXB:2AFC Experiments (16.05.2024),2024.1.3,Linux x86_64,60.24096386,,,,,,,,,,,,,,,,,,,,203.3009,206.609,1,3.3041,,,,,,AXBstimuli/iyystimulus.wav,First,,,,,,2,2,10,1,1,,,,,,,,,,,,,,,,,,,,,,,,,,,,,,,,,,,,,,,,,,,,,,,,,,,,,,,,,,,,,,,,,,,,,,,,,,,,,,,,,,,,,,,,,,,,,,,,,,,,,,,,,,,,,,,,,,,,,,,,,,,,,,,,,,,,,,,,,,,
,,,,,668509,001,2024-05-22_12h22.44.622,AXB:2AFC Experiments (16.05.2024),2024.1.3,Linux x86_64,60.24096386,,,,,,,,,,,,,,,,,,,,206.6092,210.8086,1,4.196,,,,,,AXBstimuli/yuustimulus.wav,First,,,,,,2,3,11,2,1,,,,,,,,,,,,,,,,,,,,,,,,,,,,,,,,,,,,,,,,,,,,,,,,,,,,,,,,,,,,,,,,,,,,,,,,,,,,,,,,,,,,,,,,,,,,,,,,,,,,,,,,,,,,,,,,,,,,,,,,,,,,,,,,,,,,,,,,,,,
,,,,,668509,001,2024-05-22_12h22.44.622,AXB:2AFC Experiments (16.05.2024),2024.1.3,Linux x86_64,60.24096386,,,,,,,,,,,,,,,,,,,,,,,,,,,,,,,,,,,,,,,,,210.8092,214.4086,1,3.596,,,,,,,,,,,,,,,,,,,,,,,,,,,,,,,,,,,,,,,,,,,,,,,,,,,,,,,,,,,,,,,,,,,,,,,,,,,,,,,,,,,,,,,,,,,,,,,,,,,,,,,,,,,,,,,,,,,,,,,,,,,,,,,,,,,,,,,
,,,,,668509,001,2024-05-22_12h22.44.622,AXB:2AFC Experiments (16.05.2024),2024.1.3,Linux x86_64,60.24096386,,,,,,,,,,,,,,,,,,,,214.4103,217.8747,1,3.4582,,,,,,AXBstimuli/iyystimulus.wav,First,,,,,,,,,,,,,,,,0,0,0,1,1,,,,,,,,,,,,,,,,,,,,,,,,,,,,,,,,,,,,,,,,,,,,,,,,,,,,,,,,,,,,,,,,,,,,,,,,,,,,,,,,,,,,,,,,,,,,,,,,,,,,,,,,,,,,,,,,,,,,,,,,,,,,,,,,,
,,,,,668509,001,2024-05-22_12h22.44.622,AXB:2AFC Experiments (16.05.2024),2024.1.3,Linux x86_64,60.24096386,,,,,,,,,,,,,,,,,,,,217.875,222.7582,2,4.8769,,,,,,AXBstimuli/yyustimulus.wav,Last,,,,,,,,,,,,,,,,0,1,1,3,1,,,,,,,,,,,,,,,,,,,,,,,,,,,,,,,,,,,,,,,,,,,,,,,,,,,,,,,,,,,,,,,,,,,,,,,,,,,,,,,,,,,,,,,,,,,,,,,,,,,,,,,,,,,,,,,,,,,,,,,,,,,,,,,,,
,,,,,668509,001,2024-05-22_12h22.44.622,AXB:2AFC Experiments (16.05.2024),2024.1.3,Linux x86_64,60.24096386,,,,,,,,,,,,,,,,,,,,222.7583,227.1914,2,4.4311,,,,,,AXBstimuli/iiystimulus.wav,Last,,,,,,,,,,,,,,,,0,2,2,0,1,,,,,,,,,,,,,,,,,,,,,,,,,,,,,,,,,,,,,,,,,,,,,,,,,,,,,,,,,,,,,,,,,,,,,,,,,,,,,,,,,,,,,,,,,,,,,,,,,,,,,,,,,,,,,,,,,,,,,,,,,,,,,,,,,
,,,,,668509,001,2024-05-22_12h22.44.622,AXB:2AFC Experiments (16.05.2024),2024.1.3,Linux x86_64,60.24096386,,,,,,,,,,,,,,,,,,,,227.1915,230.8169,1,3.6252,,,,,,AXBstimuli/yuustimulus.wav,First,,,,,,,,,,,,,,,,0,3,3,2,1,,,,,,,,,,,,,,,,,,,,,,,,,,,,,,,,,,,,,,,,,,,,,,,,,,,,,,,,,,,,,,,,,,,,,,,,,,,,,,,,,,,,,,,,,,,,,,,,,,,,,,,,,,,,,,,,,,,,,,,,,,,,,,,,,
,,,,,668509,001,2024-05-22_12h22.44.622,AXB:2AFC Experiments (16.05.2024),2024.1.3,Linux x86_64,60.24096386,,,,,,,,,,,,,,,,,,,,230.817,234.4748,1,3.6515,,,,,,AXBstimuli/yuustimulus.wav,First,,,,,,,,,,,,,,,,1,0,4,2,1,,,,,,,,,,,,,,,,,,,,,,,,,,,,,,,,,,,,,,,,,,,,,,,,,,,,,,,,,,,,,,,,,,,,,,,,,,,,,,,,,,,,,,,,,,,,,,,,,,,,,,,,,,,,,,,,,,,,,,,,,,,,,,,,,
,,,,,668509,001,2024-05-22_12h22.44.622,AXB:2AFC Experiments (16.05.2024),2024.1.3,Linux x86_64,60.24096386,,,,,,,,,,,,,,,,,,,,234.4749,239.3738,2,4.8937,,,,,,AXBstimuli/iiystimulus.wav,Last,,,,,,,,,,,,,,,,1,1,5,0,1,,,,,,,,,,,,,,,,,,,,,,,,,,,,,,,,,,,,,,,,,,,,,,,,,,,,,,,,,,,,,,,,,,,,,,,,,,,,,,,,,,,,,,,,,,,,,,,,,,,,,,,,,,,,,,,,,,,,,,,,,,,,,,,,,
,,,,,668509,001,2024-05-22_12h22.44.622,AXB:2AFC Experiments (16.05.2024),2024.1.3,Linux x86_64,60.24096386,,,,,,,,,,,,,,,,,,,,239.3739,243.9341,1,4.5598,,,,,,AXBstimuli/iyystimulus.wav,First,,,,,,,,,,,,,,,,1,2,6,1,1,,,,,,,,,,,,,,,,,,,,,,,,,,,,,,,,,,,,,,,,,,,,,,,,,,,,,,,,,,,,,,,,,,,,,,,,,,,,,,,,,,,,,,,,,,,,,,,,,,,,,,,,,,,,,,,,,,,,,,,,,,,,,,,,,
,,,,,668509,001,2024-05-22_12h22.44.622,AXB:2AFC Experiments (16.05.2024),2024.1.3,Linux x86_64,60.24096386,,,,,,,,,,,,,,,,,,,,243.9342,247.7072,2,3.7678,,,,,,AXBstimuli/yyustimulus.wav,Last,,,,,,,,,,,,,,,,1,3,7,3,1,,,,,,,,,,,,,,,,,,,,,,,,,,,,,,,,,,,,,,,,,,,,,,,,,,,,,,,,,,,,,,,,,,,,,,,,,,,,,,,,,,,,,,,,,,,,,,,,,,,,,,,,,,,,,,,,,,,,,,,,,,,,,,,,,
,,,,,668509,001,2024-05-22_12h22.44.622,AXB:2AFC Experiments (16.05.2024),2024.1.3,Linux x86_64,60.24096386,,,,,,,,,,,,,,,,,,,,,,,,,,,,,,,247.7076,271.8231,space,24.0835,,,,,,,,,,,,,,,,,,,,,,,,,,,,,,,,,,,,,,,,,,,,,,,,,,,,,,,,,,,,,,,,,,,,,,,,,,,,,,,,,,,,,,,,,,,,,,,,,,,,,,,,,,,,,,,,,,,,,,,,,,,,,,,,,,,,,,,,,,,,,,,,,
,,,,,668509,001,2024-05-22_12h22.44.622,AXB:2AFC Experiments (16.05.2024),2024.1.3,Linux x86_64,60.24096386,,,,,,,,,,,,,,,,,,,,271.8309,275.5396,1,3.6955,,,,,,AXBstimuli/iyystimulus.wav,First,,,,,,,,,,,,,,,,,,,,,0,0,0,1,1,,,,,,,,,,,,,,,,,,,,,,,,,,,,,,,,,,,,,,,,,,,,,,,,,,,,,,,,,,,,,,,,,,,,,,,,,,,,,,,,,,,,,,,,,,,,,,,,,,,,,,,,,,,,,,,,,,,,,,,,,,,,
,,,,,668509,001,2024-05-22_12h22.44.622,AXB:2AFC Experiments (16.05.2024),2024.1.3,Linux x86_64,60.24096386,,,,,,,,,,,,,,,,,,,,275.5399,279.2389,2,3.6939,,,,,,AXBstimuli/iiystimulus.wav,Last,,,,,,,,,,,,,,,,,,,,,0,1,1,0,1,,,,,,,,,,,,,,,,,,,,,,,,,,,,,,,,,,,,,,,,,,,,,,,,,,,,,,,,,,,,,,,,,,,,,,,,,,,,,,,,,,,,,,,,,,,,,,,,,,,,,,,,,,,,,,,,,,,,,,,,,,,,
,,,,,668509,001,2024-05-22_12h22.44.622,AXB:2AFC Experiments (16.05.2024),2024.1.3,Linux x86_64,60.24096386,,,,,,,,,,,,,,,,,,,,279.239,282.9221,2,3.6796,,,,,,AXBstimuli/yyustimulus.wav,Last,,,,,,,,,,,,,,,,,,,,,0,2,2,3,1,,,,,,,,,,,,,,,,,,,,,,,,,,,,,,,,,,,,,,,,,,,,,,,,,,,,,,,,,,,,,,,,,,,,,,,,,,,,,,,,,,,,,,,,,,,,,,,,,,,,,,,,,,,,,,,,,,,,,,,,,,,,
,,,,,668509,001,2024-05-22_12h22.44.622,AXB:2AFC Experiments (16.05.2024),2024.1.3,Linux x86_64,60.24096386,,,,,,,,,,,,,,,,,,,,282.9221,286.539,1,3.6125,,,,,,AXBstimuli/yuustimulus.wav,First,,,,,,,,,,,,,,,,,,,,,0,3,3,2,1,,,,,,,,,,,,,,,,,,,,,,,,,,,,,,,,,,,,,,,,,,,,,,,,,,,,,,,,,,,,,,,,,,,,,,,,,,,,,,,,,,,,,,,,,,,,,,,,,,,,,,,,,,,,,,,,,,,,,,,,,,,,
,,,,,668509,001,2024-05-22_12h22.44.622,AXB:2AFC Experiments (16.05.2024),2024.1.3,Linux x86_64,60.24096386,,,,,,,,,,,,,,,,,,,,286.5391,290.2552,1,3.7126,,,,,,AXBstimuli/yuustimulus.wav,First,,,,,,,,,,,,,,,,,,,,,1,0,4,2,1,,,,,,,,,,,,,,,,,,,,,,,,,,,,,,,,,,,,,,,,,,,,,,,,,,,,,,,,,,,,,,,,,,,,,,,,,,,,,,,,,,,,,,,,,,,,,,,,,,,,,,,,,,,,,,,,,,,,,,,,,,,,
,,,,,668509,001,2024-05-22_12h22.44.622,AXB:2AFC Experiments (16.05.2024),2024.1.3,Linux x86_64,60.24096386,,,,,,,,,,,,,,,,,,,,290.2553,294.7881,2,4.5299,,,,,,AXBstimuli/iiystimulus.wav,Last,,,,,,,,,,,,,,,,,,,,,1,1,5,0,1,,,,,,,,,,,,,,,,,,,,,,,,,,,,,,,,,,,,,,,,,,,,,,,,,,,,,,,,,,,,,,,,,,,,,,,,,,,,,,,,,,,,,,,,,,,,,,,,,,,,,,,,,,,,,,,,,,,,,,,,,,,,
,,,,,668509,001,2024-05-22_12h22.44.622,AXB:2AFC Experiments (16.05.2024),2024.1.3,Linux x86_64,60.24096386,,,,,,,,,,,,,,,,,,,,294.7882,298.4219,2,3.6305,,,,,,AXBstimuli/yyustimulus.wav,Last,,,,,,,,,,,,,,,,,,,,,1,2,6,3,1,,,,,,,,,,,,,,,,,,,,,,,,,,,,,,,,,,,,,,,,,,,,,,,,,,,,,,,,,,,,,,,,,,,,,,,,,,,,,,,,,,,,,,,,,,,,,,,,,,,,,,,,,,,,,,,,,,,,,,,,,,,,
,,,,,668509,001,2024-05-22_12h22.44.622,AXB:2AFC Experiments (16.05.2024),2024.1.3,Linux x86_64,60.24096386,,,,,,,,,,,,,,,,,,,,298.4221,302.0718,1,3.6489,,,,,,AXBstimuli/iyystimulus.wav,First,,,,,,,,,,,,,,,,,,,,,1,3,7,1,1,,,,,,,,,,,,,,,,,,,,,,,,,,,,,,,,,,,,,,,,,,,,,,,,,,,,,,,,,,,,,,,,,,,,,,,,,,,,,,,,,,,,,,,,,,,,,,,,,,,,,,,,,,,,,,,,,,,,,,,,,,,,
,,,,,668509,001,2024-05-22_12h22.44.622,AXB:2AFC Experiments (16.05.2024),2024.1.3,Linux x86_64,60.24096386,,,,,,,,,,,,,,,,,,,,302.072,305.7216,1,3.6472,,,,,,AXBstimuli/iyystimulus.wav,First,,,,,,,,,,,,,,,,,,,,,2,0,8,1,1,,,,,,,,,,,,,,,,,,,,,,,,,,,,,,,,,,,,,,,,,,,,,,,,,,,,,,,,,,,,,,,,,,,,,,,,,,,,,,,,,,,,,,,,,,,,,,,,,,,,,,,,,,,,,,,,,,,,,,,,,,,,
,,,,,668509,001,2024-05-22_12h22.44.622,AXB:2AFC Experiments (16.05.2024),2024.1.3,Linux x86_64,60.24096386,,,,,,,,,,,,,,,,,,,,305.7217,309.3542,2,3.6302,,,,,,AXBstimuli/yyustimulus.wav,Last,,,,,,,,,,,,,,,,,,,,,2,1,9,3,1,,,,,,,,,,,,,,,,,,,,,,,,,,,,,,,,,,,,,,,,,,,,,,,,,,,,,,,,,,,,,,,,,,,,,,,,,,,,,,,,,,,,,,,,,,,,,,,,,,,,,,,,,,,,,,,,,,,,,,,,,,,,
,,,,,668509,001,2024-05-22_12h22.44.622,AXB:2AFC Experiments (16.05.2024),2024.1.3,Linux x86_64,60.24096386,,,,,,,,,,,,,,,,,,,,309.3544,313.651,1,4.2962,,,,,,AXBstimuli/yuustimulus.wav,First,,,,,,,,,,,,,,,,,,,,,2,2,10,2,1,,,,,,,,,,,,,,,,,,,,,,,,,,,,,,,,,,,,,,,,,,,,,,,,,,,,,,,,,,,,,,,,,,,,,,,,,,,,,,,,,,,,,,,,,,,,,,,,,,,,,,,,,,,,,,,,,,,,,,,,,,,,
,,,,,668509,001,2024-05-22_12h22.44.622,AXB:2AFC Experiments (16.05.2024),2024.1.3,Linux x86_64,60.24096386,,,,,,,,,,,,,,,,,,,,313.6511,318.721,2,5.066,,,,,,AXBstimuli/iiystimulus.wav,Last,,,,,,,,,,,,,,,,,,,,,2,3,11,0,1,,,,,,,,,,,,,,,,,,,,,,,,,,,,,,,,,,,,,,,,,,,,,,,,,,,,,,,,,,,,,,,,,,,,,,,,,,,,,,,,,,,,,,,,,,,,,,,,,,,,,,,,,,,,,,,,,,,,,,,,,,,,
,,,,,668509,001,2024-05-22_12h22.44.622,AXB:2AFC Experiments (16.05.2024),2024.1.3,Linux x86_64,60.24096386,,,,,,,,,,,,,,,,,,,,318.7211,322.4376,1,3.7142,,,,,,AXBstimuli/iyystimulus.wav,First,,,,,,,,,,,,,,,,,,,,,3,0,12,1,1,,,,,,,,,,,,,,,,,,,,,,,,,,,,,,,,,,,,,,,,,,,,,,,,,,,,,,,,,,,,,,,,,,,,,,,,,,,,,,,,,,,,,,,,,,,,,,,,,,,,,,,,,,,,,,,,,,,,,,,,,,,,
,,,,,668509,001,2024-05-22_12h22.44.622,AXB:2AFC Experiments (16.05.2024),2024.1.3,Linux x86_64,60.24096386,,,,,,,,,,,,,,,,,,,,322.4378,326.0504,1,3.6124,,,,,,AXBstimuli/yuustimulus.wav,First,,,,,,,,,,,,,,,,,,,,,3,1,13,2,1,,,,,,,,,,,,,,,,,,,,,,,,,,,,,,,,,,,,,,,,,,,,,,,,,,,,,,,,,,,,,,,,,,,,,,,,,,,,,,,,,,,,,,,,,,,,,,,,,,,,,,,,,,,,,,,,,,,,,,,,,,,,
,,,,,668509,001,2024-05-22_12h22.44.622,AXB:2AFC Experiments (16.05.2024),2024.1.3,Linux x86_64,60.24096386,,,,,,,,,,,,,,,,,,,,326.0506,329.7359,2,3.6851,,,,,,AXBstimuli/iiystimulus.wav,Last,,,,,,,,,,,,,,,,,,,,,3,2,14,0,1,,,,,,,,,,,,,,,,,,,,,,,,,,,,,,,,,,,,,,,,,,,,,,,,,,,,,,,,,,,,,,,,,,,,,,,,,,,,,,,,,,,,,,,,,,,,,,,,,,,,,,,,,,,,,,,,,,,,,,,,,,,,
,,,,,668509,001,2024-05-22_12h22.44.622,AXB:2AFC Experiments (16.05.2024),2024.1.3,Linux x86_64,60.24096386,,,,,,,,,,,,,,,,,,,,329.736,333.3369,2,3.5998,,,,,,AXBstimuli/yyustimulus.wav,Last,,,,,,,,,,,,,,,,,,,,,3,3,15,3,1,,,,,,,,,,,,,,,,,,,,,,,,,,,,,,,,,,,,,,,,,,,,,,,,,,,,,,,,,,,,,,,,,,,,,,,,,,,,,,,,,,,,,,,,,,,,,,,,,,,,,,,,,,,,,,,,,,,,,,,,,,,,
,,,,,668509,001,2024-05-22_12h22.44.622,AXB:2AFC Experiments (16.05.2024),2024.1.3,Linux x86_64,60.24096386,,,,,,,,,,,,,,,,,,,,,,,,,,,,,,,,,,,,,,,,,,,,,,,,,,,,,,,,333.3373,337.6847,space,4.3298,,0,[],[],,,,,,,,,,,,,,,,,,,,,,,,,,,,,,,,,,,,,,,,,,,,,,,,,,,,,,,,,,,,,,,,,,,,,,,,,,,,,,,,,,,,,,,,,,,,,,,,,,,,,,,,,,,,,,,,,,,,
,,,,,668509,001,2024-05-22_12h22.44.622,AXB:2AFC Experiments (16.05.2024),2024.1.3,Linux x86_64,60.24096386,,,,,,,,,,,,,,,,,,,,337.6934,341.6863,2,3.9784,,,,,,AXBstimuli/yyustimulus.wav,Last,,,,,,,,,,,,,,,,,,,,,,,,,,,,,,,,,,0,0,0,3,1,,,,,,,,,,,,,,,,,,,,,,,,,,,,,,,,,,,,,,,,,,,,,,,,,,,,,,,,,,,,,,,,,,,,,,,,,,,,,,,,,,,,,,,,,,,,,,,,,,,,,,,,,,,,,,,
,,,,,668509,001,2024-05-22_12h22.44.622,AXB:2AFC Experiments (16.05.2024),2024.1.3,Linux x86_64,60.24096386,,,,,,,,,,,,,,,,,,,,341.6869,345.3367,1,3.6471,,,,,,AXBstimuli/yuustimulus.wav,First,,,,,,,,,,,,,,,,,,,,,,,,,,,,,,,,,,0,1,1,2,1,,,,,,,,,,,,,,,,,,,,,,,,,,,,,,,,,,,,,,,,,,,,,,,,,,,,,,,,,,,,,,,,,,,,,,,,,,,,,,,,,,,,,,,,,,,,,,,,,,,,,,,,,,,,,,,
,,,,,668509,001,2024-05-22_12h22.44.622,AXB:2AFC Experiments (16.05.2024),2024.1.3,Linux x86_64,60.24096386,,,,,,,,,,,,,,,,,,,,345.3368,348.7869,2,3.4486,,,,,,AXBstimuli/iiystimulus.wav,Last,,,,,,,,,,,,,,,,,,,,,,,,,,,,,,,,,,0,2,2,0,1,,,,,,,,,,,,,,,,,,,,,,,,,,,,,,,,,,,,,,,,,,,,,,,,,,,,,,,,,,,,,,,,,,,,,,,,,,,,,,,,,,,,,,,,,,,,,,,,,,,,,,,,,,,,,,,
,,,,,668509,001,2024-05-22_12h22.44.622,AXB:2AFC Experiments (16.05.2024),2024.1.3,Linux x86_64,60.24096386,,,,,,,,,,,,,,,,,,,,348.7869,352.1858,1,3.3983,,,,,,AXBstimuli/iyystimulus.wav,First,,,,,,,,,,,,,,,,,,,,,,,,,,,,,,,,,,0,3,3,1,1,,,,,,,,,,,,,,,,,,,,,,,,,,,,,,,,,,,,,,,,,,,,,,,,,,,,,,,,,,,,,,,,,,,,,,,,,,,,,,,,,,,,,,,,,,,,,,,,,,,,,,,,,,,,,,,
,,,,,668509,001,2024-05-22_12h22.44.622,AXB:2AFC Experiments (16.05.2024),2024.1.3,Linux x86_64,60.24096386,,,,,,,,,,,,,,,,,,,,,,,,,,,,,,,352.1861,353.5699,space,1.3666,,,,,,,,,,,,,,,,,,,,,,,,,,,,,,,,,,,,,,,,,,,,,,,,,,,,,,,,,,,,,,,,,,,,,,,,,,,,,,,,,,,,,,,,,,,,,,,,,,,,,,,,,,,,,,,,,,,,,,,,,,,,,,,,,,,,,,,,,,,,,,,,,
,,,,,668509,001,2024-05-22_12h22.44.622,AXB:2AFC Experiments (16.05.2024),2024.1.3,Linux x86_64,60.24096386,,,,,,,,,,,,,,,,,,,,353.5715,357.1361,1,3.5487,,,,,,AXBstimuli/iyystimulus.wav,First,,,,,,,,,,,,,,,,,,,,,,,,,,,,,,,,,,,,,,,0,0,0,1,1,,,,,,,,,,,,,,,,,,,,,,,,,,,,,,,,,,,,,,,,,,,,,,,,,,,,,,,,,,,,,,,,,,,,,,,,,,,,,,,,,,,,,,,,,,,,,,,,,,,,,,,,,,
,,,,,668509,001,2024-05-22_12h22.44.622,AXB:2AFC Experiments (16.05.2024),2024.1.3,Linux x86_64,60.24096386,,,,,,,,,,,,,,,,,,,,357.1365,361.5694,2,4.4317,,,,,,AXBstimuli/iiystimulus.wav,Last,,,,,,,,,,,,,,,,,,,,,,,,,,,,,,,,,,,,,,,0,1,1,0,1,,,,,,,,,,,,,,,,,,,,,,,,,,,,,,,,,,,,,,,,,,,,,,,,,,,,,,,,,,,,,,,,,,,,,,,,,,,,,,,,,,,,,,,,,,,,,,,,,,,,,,,,,,
,,,,,668509,001,2024-05-22_12h22.44.622,AXB:2AFC Experiments (16.05.2024),2024.1.3,Linux x86_64,60.24096386,,,,,,,,,,,,,,,,,,,,361.5696,365.1855,1,3.6067,,,,,,AXBstimuli/yuustimulus.wav,First,,,,,,,,,,,,,,,,,,,,,,,,,,,,,,,,,,,,,,,0,2,2,2,1,,,,,,,,,,,,,,,,,,,,,,,,,,,,,,,,,,,,,,,,,,,,,,,,,,,,,,,,,,,,,,,,,,,,,,,,,,,,,,,,,,,,,,,,,,,,,,,,,,,,,,,,,,
,,,,,668509,001,2024-05-22_12h22.44.622,AXB:2AFC Experiments (16.05.2024),2024.1.3,Linux x86_64,60.24096386,,,,,,,,,,,,,,,,,,,,365.1856,368.7852,2,3.5988,,,,,,AXBstimuli/yyustimulus.wav,Last,,,,,,,,,,,,,,,,,,,,,,,,,,,,,,,,,,,,,,,0,3,3,3,1,,,,,,,,,,,,,,,,,,,,,,,,,,,,,,,,,,,,,,,,,,,,,,,,,,,,,,,,,,,,,,,,,,,,,,,,,,,,,,,,,,,,,,,,,,,,,,,,,,,,,,,,,,
,,,,,668509,001,2024-05-22_12h22.44.622,AXB:2AFC Experiments (16.05.2024),2024.1.3,Linux x86_64,60.24096386,,,,,,,,,,,,,,,,,,,,368.7853,372.7685,1,3.9676,,,,,,AXBstimuli/iyystimulus.wav,First,,,,,,,,,,,,,,,,,,,,,,,,,,,,,,,,,,,,,,,1,0,4,1,1,,,,,,,,,,,,,,,,,,,,,,,,,,,,,,,,,,,,,,,,,,,,,,,,,,,,,,,,,,,,,,,,,,,,,,,,,,,,,,,,,,,,,,,,,,,,,,,,,,,,,,,,,,
,,,,,668509,001,2024-05-22_12h22.44.622,AXB:2AFC Experiments (16.05.2024),2024.1.3,Linux x86_64,60.24096386,,,,,,,,,,,,,,,,,,,,372.7686,376.3691,2,3.6002,,,,,,AXBstimuli/iiystimulus.wav,Last,,,,,,,,,,,,,,,,,,,,,,,,,,,,,,,,,,,,,,,1,1,5,0,1,,,,,,,,,,,,,,,,,,,,,,,,,,,,,,,,,,,,,,,,,,,,,,,,,,,,,,,,,,,,,,,,,,,,,,,,,,,,,,,,,,,,,,,,,,,,,,,,,,,,,,,,,,
,,,,,668509,001,2024-05-22_12h22.44.622,AXB:2AFC Experiments (16.05.2024),2024.1.3,Linux x86_64,60.24096386,,,,,,,,,,,,,,,,,,,,376.3693,379.968,1,3.5913,,,,,,AXBstimuli/yuustimulus.wav,First,,,,,,,,,,,,,,,,,,,,,,,,,,,,,,,,,,,,,,,1,2,6,2,1,,,,,,,,,,,,,,,,,,,,,,,,,,,,,,,,,,,,,,,,,,,,,,,,,,,,,,,,,,,,,,,,,,,,,,,,,,,,,,,,,,,,,,,,,,,,,,,,,,,,,,,,,,
,,,,,668509,001,2024-05-22_12h22.44.622,AXB:2AFC Experiments (16.05.2024),2024.1.3,Linux x86_64,60.24096386,,,,,,,,,,,,,,,,,,,,379.9682,383.5193,2,3.5509,,,,,,AXBstimuli/yyustimulus.wav,Last,,,,,,,,,,,,,,,,,,,,,,,,,,,,,,,,,,,,,,,1,3,7,3,1,,,,,,,,,,,,,,,,,,,,,,,,,,,,,,,,,,,,,,,,,,,,,,,,,,,,,,,,,,,,,,,,,,,,,,,,,,,,,,,,,,,,,,,,,,,,,,,,,,,,,,,,,,
,,,,,668509,001,2024-05-22_12h22.44.622,AXB:2AFC Experiments (16.05.2024),2024.1.3,Linux x86_64,60.24096386,,,,,,,,,,,,,,,,,,,,,,,,,,,,,,,,,,,,,,,,,,,,,,,,,,,,,,,,,,,,,,,,,,,,,,,,,,383.5196,387.8346,1,4.3144,,,,,,,,,,,,,,,,,,,,,,,,,,,,,,,,,,,,,,,,,,,,,,,,,,,,,,,,,,,,,,,,,,,,,,,,,,,,,,,,,,,,,,,,,,,,,,,,,,,,,,
,,,,,668509,001,2024-05-22_12h22.44.622,AXB:2AFC Experiments (16.05.2024),2024.1.3,Linux x86_64,60.24096386,,,,,,,,,,,,,,,,,,,,387.8358,391.4182,1,3.5811,,,,,,AXBstimuli/yuustimulus.wav,First,,,,,,,,,,,,,,,,,,,,,,,,,,,,,,,,,,,,,,,,,,,,,,,,0,0,0,2,1,,,,,,,,,,,,,,,,,,,,,,,,,,,,,,,,,,,,,,,,,,,,,,,,,,,,,,,,,,,,,,,,,,,,,,,,,,,,,,,,,,,,,,,,,,,,,,,,,
,,,,,668509,001,2024-05-22_12h22.44.622,AXB:2AFC Experiments (16.05.2024),2024.1.3,Linux x86_64,60.24096386,,,,,,,,,,,,,,,,,,,,391.4185,395.0193,1,3.6005,,,,,,AXBstimuli/iyystimulus.wav,First,,,,,,,,,,,,,,,,,,,,,,,,,,,,,,,,,,,,,,,,,,,,,,,,0,1,1,1,1,,,,,,,,,,,,,,,,,,,,,,,,,,,,,,,,,,,,,,,,,,,,,,,,,,,,,,,,,,,,,,,,,,,,,,,,,,,,,,,,,,,,,,,,,,,,,,,,,
,,,,,668509,001,2024-05-22_12h22.44.622,AXB:2AFC Experiments (16.05.2024),2024.1.3,Linux x86_64,60.24096386,,,,,,,,,,,,,,,,,,,,395.0194,398.6516,2,3.6297,,,,,,AXBstimuli/yyustimulus.wav,Last,,,,,,,,,,,,,,,,,,,,,,,,,,,,,,,,,,,,,,,,,,,,,,,,0,2,2,3,1,,,,,,,,,,,,,,,,,,,,,,,,,,,,,,,,,,,,,,,,,,,,,,,,,,,,,,,,,,,,,,,,,,,,,,,,,,,,,,,,,,,,,,,,,,,,,,,,,
,,,,,668509,001,2024-05-22_12h22.44.622,AXB:2AFC Experiments (16.05.2024),2024.1.3,Linux x86_64,60.24096386,,,,,,,,,,,,,,,,,,,,398.6517,402.2524,2,3.6004,,,,,,AXBstimuli/iiystimulus.wav,Last,,,,,,,,,,,,,,,,,,,,,,,,,,,,,,,,,,,,,,,,,,,,,,,,0,3,3,0,1,,,,,,,,,,,,,,,,,,,,,,,,,,,,,,,,,,,,,,,,,,,,,,,,,,,,,,,,,,,,,,,,,,,,,,,,,,,,,,,,,,,,,,,,,,,,,,,,,
,,,,,668509,001,2024-05-22_12h22.44.622,AXB:2AFC Experiments (16.05.2024),2024.1.3,Linux x86_64,60.24096386,,,,,,,,,,,,,,,,,,,,402.2526,405.7849,2,3.5319,,,,,,AXBstimuli/iiystimulus.wav,Last,,,,,,,,,,,,,,,,,,,,,,,,,,,,,,,,,,,,,,,,,,,,,,,,1,0,4,0,1,,,,,,,,,,,,,,,,,,,,,,,,,,,,,,,,,,,,,,,,,,,,,,,,,,,,,,,,,,,,,,,,,,,,,,,,,,,,,,,,,,,,,,,,,,,,,,,,,
,,,,,668509,001,2024-05-22_12h22.44.622,AXB:2AFC Experiments (16.05.2024),2024.1.3,Linux x86_64,60.24096386,,,,,,,,,,,,,,,,,,,,405.7849,409.3194,1,3.5342,,,,,,AXBstimuli/yuustimulus.wav,First,,,,,,,,,,,,,,,,,,,,,,,,,,,,,,,,,,,,,,,,,,,,,,,,1,1,5,2,1,,,,,,,,,,,,,,,,,,,,,,,,,,,,,,,,,,,,,,,,,,,,,,,,,,,,,,,,,,,,,,,,,,,,,,,,,,,,,,,,,,,,,,,,,,,,,,,,,
,,,,,668509,001,2024-05-22_12h22.44.622,AXB:2AFC Experiments (16.05.2024),2024.1.3,Linux x86_64,60.24096386,,,,,,,,,,,,,,,,,,,,409.3195,413.1336,2,3.8019,,,,,,AXBstimuli/yyustimulus.wav,Last,,,,,,,,,,,,,,,,,,,,,,,,,,,,,,,,,,,,,,,,,,,,,,,,1,2,6,3,1,,,,,,,,,,,,,,,,,,,,,,,,,,,,,,,,,,,,,,,,,,,,,,,,,,,,,,,,,,,,,,,,,,,,,,,,,,,,,,,,,,,,,,,,,,,,,,,,,
,,,,,668509,001,2024-05-22_12h22.44.622,AXB:2AFC Experiments (16.05.2024),2024.1.3,Linux x86_64,60.24096386,,,,,,,,,,,,,,,,,,,,413.1338,416.7343,1,3.6003,,,,,,AXBstimuli/iyystimulus.wav,First,,,,,,,,,,,,,,,,,,,,,,,,,,,,,,,,,,,,,,,,,,,,,,,,1,3,7,1,1,,,,,,,,,,,,,,,,,,,,,,,,,,,,,,,,,,,,,,,,,,,,,,,,,,,,,,,,,,,,,,,,,,,,,,,,,,,,,,,,,,,,,,,,,,,,,,,,,
,,,,,668509,001,2024-05-22_12h22.44.622,AXB:2AFC Experiments (16.05.2024),2024.1.3,Linux x86_64,60.24096386,,,,,,,,,,,,,,,,,,,,416.7345,420.3835,1,3.6351,,,,,,AXBstimuli/iyystimulus.wav,First,,,,,,,,,,,,,,,,,,,,,,,,,,,,,,,,,,,,,,,,,,,,,,,,2,0,8,1,1,,,,,,,,,,,,,,,,,,,,,,,,,,,,,,,,,,,,,,,,,,,,,,,,,,,,,,,,,,,,,,,,,,,,,,,,,,,,,,,,,,,,,,,,,,,,,,,,,
,,,,,668509,001,2024-05-22_12h22.44.622,AXB:2AFC Experiments (16.05.2024),2024.1.3,Linux x86_64,60.24096386,,,,,,,,,,,,,,,,,,,,420.3837,424.2499,1,3.8659,,,,,,AXBstimuli/yuustimulus.wav,First,,,,,,,,,,,,,,,,,,,,,,,,,,,,,,,,,,,,,,,,,,,,,,,,2,1,9,2,1,,,,,,,,,,,,,,,,,,,,,,,,,,,,,,,,,,,,,,,,,,,,,,,,,,,,,,,,,,,,,,,,,,,,,,,,,,,,,,,,,,,,,,,,,,,,,,,,,
,,,,,668509,001,2024-05-22_12h22.44.622,AXB:2AFC Experiments (16.05.2024),2024.1.3,Linux x86_64,60.24096386,,,,,,,,,,,,,,,,,,,,424.25,427.8331,2,3.5755,,,,,,AXBstimuli/iiystimulus.wav,Last,,,,,,,,,,,,,,,,,,,,,,,,,,,,,,,,,,,,,,,,,,,,,,,,2,2,10,0,1,,,,,,,,,,,,,,,,,,,,,,,,,,,,,,,,,,,,,,,,,,,,,,,,,,,,,,,,,,,,,,,,,,,,,,,,,,,,,,,,,,,,,,,,,,,,,,,,,
,,,,,668509,001,2024-05-22_12h22.44.622,AXB:2AFC Experiments (16.05.2024),2024.1.3,Linux x86_64,60.24096386,,,,,,,,,,,,,,,,,,,,427.8332,431.4832,2,3.6405,,,,,,AXBstimuli/yyustimulus.wav,Last,,,,,,,,,,,,,,,,,,,,,,,,,,,,,,,,,,,,,,,,,,,,,,,,2,3,11,3,1,,,,,,,,,,,,,,,,,,,,,,,,,,,,,,,,,,,,,,,,,,,,,,,,,,,,,,,,,,,,,,,,,,,,,,,,,,,,,,,,,,,,,,,,,,,,,,,,,
,,,,,668509,001,2024-05-22_12h22.44.622,AXB:2AFC Experiments (16.05.2024),2024.1.3,Linux x86_64,60.24096386,,,,,,,,,,,,,,,,,,,,,,,,,,,,,,,,,,,,,,,,,,,,,,,,,,,,,,,,,,,,,,,,,,,,,,,,,,,,,,,,,,,431.4836,446.3825,space,14.8776,,,,,,,,,,,,,,,,,,,,,,,,,,,,,,,,,,,,,,,,,,,,,,,,,,,,,,,,,,,,,,,,,,,,,,,,,,,,,,,,,,,,,,,,,,,,,
,,,,,668509,001,2024-05-22_12h22.44.622,AXB:2AFC Experiments (16.05.2024),2024.1.3,Linux x86_64,60.24096386,,,,,,,,,,,,,,,,,,,,,,,,,,,,,,,,,,,,,,,,,,,,,,,,,,,,,,,,,,,,,,,,,,,,,,,,,,,,,,,,,,,,,,,,446.3924,449.6491,1,3.2496,0,0,0,1,1,TAFCstimuli01/nimnym002.wav,,,,,,,,,,,,,,,,,,,,,,,,,,,,,,,,,,,,,,,,,,,,,,,,,,,,,,,,,,,,,,,,,,,,,,,,,,,,,,,,,,
,,,,,668509,001,2024-05-22_12h22.44.622,AXB:2AFC Experiments (16.05.2024),2024.1.3,Linux x86_64,60.24096386,,,,,,,,,,,,,,,,,,,,,,,,,,,,,,,,,,,,,,,,,,,,,,,,,,,,,,,,,,,,,,,,,,,,,,,,,,,,,,,,,,,,,,,,449.6493,452.0321,2,2.3768,0,1,1,3,1,TAFCstimuli01/nimnym004.wav,,,,,,,,,,,,,,,,,,,,,,,,,,,,,,,,,,,,,,,,,,,,,,,,,,,,,,,,,,,,,,,,,,,,,,,,,,,,,,,,,,
,,,,,668509,001,2024-05-22_12h22.44.622,AXB:2AFC Experiments (16.05.2024),2024.1.3,Linux x86_64,60.24096386,,,,,,,,,,,,,,,,,,,,,,,,,,,,,,,,,,,,,,,,,,,,,,,,,,,,,,,,,,,,,,,,,,,,,,,,,,,,,,,,,,,,,,,,452.0322,454.2151,1,2.178,0,2,2,2,1,TAFCstimuli01/nimnym003.wav,,,,,,,,,,,,,,,,,,,,,,,,,,,,,,,,,,,,,,,,,,,,,,,,,,,,,,,,,,,,,,,,,,,,,,,,,,,,,,,,,,
,,,,,668509,001,2024-05-22_12h22.44.622,AXB:2AFC Experiments (16.05.2024),2024.1.3,Linux x86_64,60.24096386,,,,,,,,,,,,,,,,,,,,,,,,,,,,,,,,,,,,,,,,,,,,,,,,,,,,,,,,,,,,,,,,,,,,,,,,,,,,,,,,,,,,,,,,454.2153,455.9652,1,1.7469,0,3,3,0,1,TAFCstimuli01/nimnym001.wav,,,,,,,,,,,,,,,,,,,,,,,,,,,,,,,,,,,,,,,,,,,,,,,,,,,,,,,,,,,,,,,,,,,,,,,,,,,,,,,,,,
,,,,,668509,001,2024-05-22_12h22.44.622,AXB:2AFC Experiments (16.05.2024),2024.1.3,Linux x86_64,60.24096386,,,,,,,,,,,,,,,,,,,,,,,,,,,,,,,,,,,,,,,,,,,,,,,,,,,,,,,,,,,,,,,,,,,,,,,,,,,,,,,,,,,,,,,,,,,,,,,,,,455.9656,459.6324,2,3.6608,,,,,,,,,,,,,,,,,,,,,,,,,,,,,,,,,,,,,,,,,,,,,,,,,,,,,,,,,,,,,,,,,,,,,,,,,,,,,,
,,,,,668509,001,2024-05-22_12h22.44.622,AXB:2AFC Experiments (16.05.2024),2024.1.3,Linux x86_64,60.24096386,,,,,,,,,,,,,,,,,,,,,,,,,,,,,,,,,,,,,,,,,,,,,,,,,,,,,,,,,,,,,,,,,,,,,,,,,,,,,,,,,,,,,,,,,,,,,,,,,,,,,,459.6325,467.3315,space,7.6648,,,,,,,,,,,,,,,,,,,,,,,,,,,,,,,,,,,,,,,,,,,,,,,,,,,,,,,,,,,,,,,,,,,,,,,,,,
,,,,,668509,001,2024-05-22_12h22.44.622,AXB:2AFC Experiments (16.05.2024),2024.1.3,Linux x86_64,60.24096386,,,,,,,,,,,,,,,,,,,,,,,,,,,,,,/,,,,,,,,,,,,,,,,,,,,,,,,,,,,,,,,,,,,,,,,,,,,,,,,,,,,,,,,,,,,,,,,,,,,,,,,,,,,,467.3409,470.0147,2,2.6615,0,0,0,3,1,TAFCstimuli01/nimnym004.wav,,,,,,,,,,,,,,,,,,,,,,,,,,,,,,,,,,,,,,,,,,,,,,,,,,,,,,,,,,,,,,,
,,,,,668509,001,2024-05-22_12h22.44.622,AXB:2AFC Experiments (16.05.2024),2024.1.3,Linux x86_64,60.24096386,,,,,,,,,,,,,,,,,,,,,,,,,,,,,,nim,,,,,,,,,,,,,,,,,,,,,,,,,,,,,,,,,,,,,,,,,,,,,,,,,,,,,,,,,,,,,,,,,,,,,,,,,,,,,470.0148,473.6479,2,3.6279,0,1,1,2,1,TAFCstimuli01/nimnym003.wav,,,,,,,,,,,,,,,,,,,,,,,,,,,,,,,,,,,,,,,,,,,,,,,,,,,,,,,,,,,,,,,
,,,,,668509,001,2024-05-22_12h22.44.622,AXB:2AFC Experiments (16.05.2024),2024.1.3,Linux x86_64,60.24096386,,,,,,,,,,,,,,,,,,,,,,,,,,,,,,nym,,,,,,,,,,,,,,,,,,,,,,,,,,,,,,,,,,,,,,,,,,,,,,,,,,,,,,,,,,,,,,,,,,,,,,,,,,,,,473.648,476.969,2,3.3208,0,2,2,4,1,TAFCstimuli01/nimnym005.wav,,,,,,,,,,,,,,,,,,,,,,,,,,,,,,,,,,,,,,,,,,,,,,,,,,,,,,,,,,,,,,,
,,,,,668509,001,2024-05-22_12h22.44.622,AXB:2AFC Experiments (16.05.2024),2024.1.3,Linux x86_64,60.24096386,,,,,,,,,,,,,,,,,,,,,,,,,,,,,,nym,,,,,,,,,,,,,,,,,,,,,,,,,,,,,,,,,,,,,,,,,,,,,,,,,,,,,,,,,,,,,,,,,,,,,,,,,,,,,476.9692,477.9974,2,1.0174,0,3,3,6,1,TAFCstimuli01/nimnym007.wav,,,,,,,,,,,,,,,,,,,,,,,,,,,,,,,,,,,,,,,,,,,,,,,,,,,,,,,,,,,,,,,
,,,,,668509,001,2024-05-22_12h22.44.622,AXB:2AFC Experiments (16.05.2024),2024.1.3,Linux x86_64,60.24096386,,,,,,,,,,,,,,,,,,,,,,,,,,,,,,nim,,,,,,,,,,,,,,,,,,,,,,,,,,,,,,,,,,,,,,,,,,,,,,,,,,,,,,,,,,,,,,,,,,,,,,,,,,,,,477.9976,479.4676,2,1.4698,0,4,4,0,1,TAFCstimuli01/nimnym001.wav,,,,,,,,,,,,,,,,,,,,,,,,,,,,,,,,,,,,,,,,,,,,,,,,,,,,,,,,,,,,,,,
,,,,,668509,001,2024-05-22_12h22.44.622,AXB:2AFC Experiments (16.05.2024),2024.1.3,Linux x86_64,60.24096386,,,,,,,,,,,,,,,,,,,,,,,,,,,,,,nim,,,,,,,,,,,,,,,,,,,,,,,,,,,,,,,,,,,,,,,,,,,,,,,,,,,,,,,,,,,,,,,,,,,,,,,,,,,,,479.4677,482.4315,2,2.9513,0,5,5,1,1,TAFCstimuli01/nimnym002.wav,,,,,,,,,,,,,,,,,,,,,,,,,,,,,,,,,,,,,,,,,,,,,,,,,,,,,,,,,,,,,,,
,,,,,668509,001,2024-05-22_12h22.44.622,AXB:2AFC Experiments (16.05.2024),2024.1.3,Linux x86_64,60.24096386,,,,,,,,,,,,,,,,,,,,,,,,,,,,,,nym,,,,,,,,,,,,,,,,,,,,,,,,,,,,,,,,,,,,,,,,,,,,,,,,,,,,,,,,,,,,,,,,,,,,,,,,,,,,,482.4316,486.3814,1,3.9472,0,6,6,5,1,TAFCstimuli01/nimnym006.wav,,,,,,,,,,,,,,,,,,,,,,,,,,,,,,,,,,,,,,,,,,,,,,,,,,,,,,,,,,,,,,,
,,,,,668509,001,2024-05-22_12h22.44.622,AXB:2AFC Experiments (16.05.2024),2024.1.3,Linux x86_64,60.24096386,,,,,,,,,,,,,,,,,,,,,,,,,,,,,,nim,,,,,,,,,,,,,,,,,,,,,,,,,,,,,,,,,,,,,,,,,,,,,,,,,,,,,,,,,,,,,,,,,,,,,,,,,,,,,486.3814,490.2304,2,3.8377,1,0,7,1,1,TAFCstimuli01/nimnym002.wav,,,,,,,,,,,,,,,,,,,,,,,,,,,,,,,,,,,,,,,,,,,,,,,,,,,,,,,,,,,,,,,
,,,,,668509,001,2024-05-22_12h22.44.622,AXB:2AFC Experiments (16.05.2024),2024.1.3,Linux x86_64,60.24096386,,,,,,,,,,,,,,,,,,,,,,,,,,,,,,nym,,,,,,,,,,,,,,,,,,,,,,,,,,,,,,,,,,,,,,,,,,,,,,,,,,,,,,,,,,,,,,,,,,,,,,,,,,,,,490.2305,490.8845,2,0.6537,1,1,8,5,1,TAFCstimuli01/nimnym006.wav,,,,,,,,,,,,,,,,,,,,,,,,,,,,,,,,,,,,,,,,,,,,,,,,,,,,,,,,,,,,,,,
,,,,,668509,001,2024-05-22_12h22.44.622,AXB:2AFC Experiments (16.05.2024),2024.1.3,Linux x86_64,60.24096386,,,,,,,,,,,,,,,,,,,,,,,,,,,,,,nym,,,,,,,,,,,,,,,,,,,,,,,,,,,,,,,,,,,,,,,,,,,,,,,,,,,,,,,,,,,,,,,,,,,,,,,,,,,,,490.8846,493.5468,2,2.6509,1,2,9,4,1,TAFCstimuli01/nimnym005.wav,,,,,,,,,,,,,,,,,,,,,,,,,,,,,,,,,,,,,,,,,,,,,,,,,,,,,,,,,,,,,,,
,,,,,668509,001,2024-05-22_12h22.44.622,AXB:2AFC Experiments (16.05.2024),2024.1.3,Linux x86_64,60.24096386,,,,,,,,,,,,,,,,,,,,,,,,,,,,,,nym,,,,,,,,,,,,,,,,,,,,,,,,,,,,,,,,,,,,,,,,,,,,,,,,,,,,,,,,,,,,,,,,,,,,,,,,,,,,,493.547,494.2135,2,0.6639,1,3,10,6,1,TAFCstimuli01/nimnym007.wav,,,,,,,,,,,,,,,,,,,,,,,,,,,,,,,,,,,,,,,,,,,,,,,,,,,,,,,,,,,,,,,
,,,,,668509,001,2024-05-22_12h22.44.622,AXB:2AFC Experiments (16.05.2024),2024.1.3,Linux x86_64,60.24096386,,,,,,,,,,,,,,,,,,,,,,,,,,,,,,nim,,,,,,,,,,,,,,,,,,,,,,,,,,,,,,,,,,,,,,,,,,,,,,,,,,,,,,,,,,,,,,,,,,,,,,,,,,,,,494.2137,494.3636,2,0.1413,1,4,11,0,1,TAFCstimuli01/nimnym001.wav,,,,,,,,,,,,,,,,,,,,,,,,,,,,,,,,,,,,,,,,,,,,,,,,,,,,,,,,,,,,,,,
,,,,,668509,001,2024-05-22_12h22.44.622,AXB:2AFC Experiments (16.05.2024),2024.1.3,Linux x86_64,60.24096386,,,,,,,,,,,,,,,,,,,,,,,,,,,,,,nim,,,,,,,,,,,,,,,,,,,,,,,,,,,,,,,,,,,,,,,,,,,,,,,,,,,,,,,,,,,,,,,,,,,,,,,,,,,,,494.3637,496.0639,1,1.6954,1,5,12,2,1,TAFCstimuli01/nimnym003.wav,,,,,,,,,,,,,,,,,,,,,,,,,,,,,,,,,,,,,,,,,,,,,,,,,,,,,,,,,,,,,,,
,,,,,668509,001,2024-05-22_12h22.44.622,AXB:2AFC Experiments (16.05.2024),2024.1.3,Linux x86_64,60.24096386,,,,,,,,,,,,,,,,,,,,,,,,,,,,,,/,,,,,,,,,,,,,,,,,,,,,,,,,,,,,,,,,,,,,,,,,,,,,,,,,,,,,,,,,,,,,,,,,,,,,,,,,,,,,496.064,497.2636,2,1.1951,1,6,13,3,1,TAFCstimuli01/nimnym004.wav,,,,,,,,,,,,,,,,,,,,,,,,,,,,,,,,,,,,,,,,,,,,,,,,,,,,,,,,,,,,,,,
,,,,,668509,001,2024-05-22_12h22.44.622,AXB:2AFC Experiments (16.05.2024),2024.1.3,Linux x86_64,60.24096386,,,,,,,,,,,,,,,,,,,,,,,,,,,,,,,,,,,,,,,,,,,,,,,,,,,,,,,,,,,,,,,,,,,,,,,,,,,,,,,,,,,,,,,,,,,,,,,,,,,,,,,,,,,,,,,,,,,,,497.264,500.5636,2,3.2991,,,,,,,,,,,,,,,,,,,,,,,,,,,,,,,,,,,,,,,,,,,,,,,,,,,,,,,,,,,
,,,,,668509,001,2024-05-22_12h22.44.622,AXB:2AFC Experiments (16.05.2024),2024.1.3,Linux x86_64,60.24096386,,,,,,,,,,,,,,,,,,,,,,,,,,,,,,/,,,,,,,,,,,,,,,,,,,,,,,,,,,,,,,,,,,,,,,,,,,,,,,,,,,,,,,,,,,,,,,,,,,,,,,,,,,,,500.5649,504.6304,2,4.0622,,,,,,TAFCstimuli01/nimnym004.wav,,,,,,0,0,0,3,1,,,,,,,,,,,,,,,,,,,,,,,,,,,,,,,,,,,,,,,,,,,,,,,,,,,,,
,,,,,668509,001,2024-05-22_12h22.44.622,AXB:2AFC Experiments (16.05.2024),2024.1.3,Linux x86_64,60.24096386,,,,,,,,,,,,,,,,,,,,,,,,,,,,,,nym,,,,,,,,,,,,,,,,,,,,,,,,,,,,,,,,,,,,,,,,,,,,,,,,,,,,,,,,,,,,,,,,,,,,,,,,,,,,,504.6306,507.2301,2,2.5967,,,,,,TAFCstimuli01/nimnym005.wav,,,,,,0,1,1,4,1,,,,,,,,,,,,,,,,,,,,,,,,,,,,,,,,,,,,,,,,,,,,,,,,,,,,,
,,,,,668509,001,2024-05-22_12h22.44.622,AXB:2AFC Experiments (16.05.2024),2024.1.3,Linux x86_64,60.24096386,,,,,,,,,,,,,,,,,,,,,,,,,,,,,,nym,,,,,,,,,,,,,,,,,,,,,,,,,,,,,,,,,,,,,,,,,,,,,,,,,,,,,,,,,,,,,,,,,,,,,,,,,,,,,507.2303,509.4677,2,2.2372,,,,,,TAFCstimuli01/nimnym006.wav,,,,,,0,2,2,5,1,,,,,,,,,,,,,,,,,,,,,,,,,,,,,,,,,,,,,,,,,,,,,,,,,,,,,
,,,,,668509,001,2024-05-22_12h22.44.622,AXB:2AFC Experiments (16.05.2024),2024.1.3,Linux x86_64,60.24096386,,,,,,,,,,,,,,,,,,,,,,,,,,,,,,nim,,,,,,,,,,,,,,,,,,,,,,,,,,,,,,,,,,,,,,,,,,,,,,,,,,,,,,,,,,,,,,,,,,,,,,,,,,,,,509.4679,512.4963,1,3.0155,,,,,,TAFCstimuli01/nimnym002.wav,,,,,,0,3,3,1,1,,,,,,,,,,,,,,,,,,,,,,,,,,,,,,,,,,,,,,,,,,,,,,,,,,,,,
,,,,,668509,001,2024-05-22_12h22.44.622,AXB:2AFC Experiments (16.05.2024),2024.1.3,Linux x86_64,60.24096386,,,,,,,,,,,,,,,,,,,,,,,,,,,,,,nym,,,,,,,,,,,,,,,,,,,,,,,,,,,,,,,,,,,,,,,,,,,,,,,,,,,,,,,,,,,,,,,,,,,,,,,,,,,,,512.4965,514.9793,2,2.475,,,,,,TAFCstimuli01/nimnym007.wav,,,,,,0,4,4,6,1,,,,,,,,,,,,,,,,,,,,,,,,,,,,,,,,,,,,,,,,,,,,,,,,,,,,,
,,,,,668509,001,2024-05-22_12h22.44.622,AXB:2AFC Experiments (16.05.2024),2024.1.3,Linux x86_64,60.24096386,,,,,,,,,,,,,,,,,,,,,,,,,,,,,,nim,,,,,,,,,,,,,,,,,,,,,,,,,,,,,,,,,,,,,,,,,,,,,,,,,,,,,,,,,,,,,,,,,,,,,,,,,,,,,514.9795,517.1792,1,2.1894,,,,,,TAFCstimuli01/nimnym001.wav,,,,,,0,5,5,0,1,,,,,,,,,,,,,,,,,,,,,,,,,,,,,,,,,,,,,,,,,,,,,,,,,,,,,
,,,,,668509,001,2024-05-22_12h22.44.622,AXB:2AFC Experiments (16.05.2024),2024.1.3,Linux x86_64,60.24096386,,,,,,,,,,,,,,,,,,,,,,,,,,,,,,nim,,,,,,,,,,,,,,,,,,,,,,,,,,,,,,,,,,,,,,,,,,,,,,,,,,,,,,,,,,,,,,,,,,,,,,,,,,,,,517.1794,519.0961,1,1.9121,,,,,,TAFCstimuli01/nimnym003.wav,,,,,,0,6,6,2,1,,,,,,,,,,,,,,,,,,,,,,,,,,,,,,,,,,,,,,,,,,,,,,,,,,,,,
,,,,,668509,001,2024-05-22_12h22.44.622,AXB:2AFC Experiments (16.05.2024),2024.1.3,Linux x86_64,60.24096386,,,,,,,,,,,,,,,,,,,,,,,,,,,,,,nim,,,,,,,,,,,,,,,,,,,,,,,,,,,,,,,,,,,,,,,,,,,,,,,,,,,,,,,,,,,,,,,,,,,,,,,,,,,,,519.0962,521.0792,1,1.9746,,,,,,TAFCstimuli01/nimnym003.wav,,,,,,1,0,7,2,1,,,,,,,,,,,,,,,,,,,,,,,,,,,,,,,,,,,,,,,,,,,,,,,,,,,,,
,,,,,668509,001,2024-05-22_12h22.44.622,AXB:2AFC Experiments (16.05.2024),2024.1.3,Linux x86_64,60.24096386,,,,,,,,,,,,,,,,,,,,,,,,,,,,,,nim,,,,,,,,,,,,,,,,,,,,,,,,,,,,,,,,,,,,,,,,,,,,,,,,,,,,,,,,,,,,,,,,,,,,,,,,,,,,,521.0793,522.9791,1,1.8894,,,,,,TAFCstimuli01/nimnym001.wav,,,,,,1,1,8,0,1,,,,,,,,,,,,,,,,,,,,,,,,,,,,,,,,,,,,,,,,,,,,,,,,,,,,,
,,,,,668509,001,2024-05-22_12h22.44.622,AXB:2AFC Experiments (16.05.2024),2024.1.3,Linux x86_64,60.24096386,,,,,,,,,,,,,,,,,,,,,,,,,,,,,,nim,,,,,,,,,,,,,,,,,,,,,,,,,,,,,,,,,,,,,,,,,,,,,,,,,,,,,,,,,,,,,,,,,,,,,,,,,,,,,522.9793,524.8458,1,1.8562,,,,,,TAFCstimuli01/nimnym002.wav,,,,,,1,2,9,1,1,,,,,,,,,,,,,,,,,,,,,,,,,,,,,,,,,,,,,,,,,,,,,,,,,,,,,
,,,,,668509,001,2024-05-22_12h22.44.622,AXB:2AFC Experiments (16.05.2024),2024.1.3,Linux x86_64,60.24096386,,,,,,,,,,,,,,,,,,,,,,,,,,,,,,nym,,,,,,,,,,,,,,,,,,,,,,,,,,,,,,,,,,,,,,,,,,,,,,,,,,,,,,,,,,,,,,,,,,,,,,,,,,,,,524.846,527.6458,2,2.7975,,,,,,TAFCstimuli01/nimnym007.wav,,,,,,1,3,10,6,1,,,,,,,,,,,,,,,,,,,,,,,,,,,,,,,,,,,,,,,,,,,,,,,,,,,,,
,,,,,668509,001,2024-05-22_12h22.44.622,AXB:2AFC Experiments (16.05.2024),2024.1.3,Linux x86_64,60.24096386,,,,,,,,,,,,,,,,,,,,,,,,,,,,,,/,,,,,,,,,,,,,,,,,,,,,,,,,,,,,,,,,,,,,,,,,,,,,,,,,,,,,,,,,,,,,,,,,,,,,,,,,,,,,527.646,529.668,2,2.0217,,,,,,TAFCstimuli01/nimnym004.wav,,,,,,1,4,11,3,1,,,,,,,,,,,,,,,,,,,,,,,,,,,,,,,,,,,,,,,,,,,,,,,,,,,,,
,,,,,668509,001,2024-05-22_12h22.44.622,AXB:2AFC Experiments (16.05.2024),2024.1.3,Linux x86_64,60.24096386,,,,,,,,,,,,,,,,,,,,,,,,,,,,,,nym,,,,,,,,,,,,,,,,,,,,,,,,,,,,,,,,,,,,,,,,,,,,,,,,,,,,,,,,,,,,,,,,,,,,,,,,,,,,,529.6681,531.5179,2,1.8494,,,,,,TAFCstimuli01/nimnym005.wav,,,,,,1,5,12,4,1,,,,,,,,,,,,,,,,,,,,,,,,,,,,,,,,,,,,,,,,,,,,,,,,,,,,,
,,,,,668509,001,2024-05-22_12h22.44.622,AXB:2AFC Experiments (16.05.2024),2024.1.3,Linux x86_64,60.24096386,,,,,,,,,,,,,,,,,,,,,,,,,,,,,,nym,,,,,,,,,,,,,,,,,,,,,,,,,,,,,,,,,,,,,,,,,,,,,,,,,,,,,,,,,,,,,,,,,,,,,,,,,,,,,531.5179,533.3623,2,1.8379,,,,,,TAFCstimuli01/nimnym006.wav,,,,,,1,6,13,5,1,,,,,,,,,,,,,,,,,,,,,,,,,,,,,,,,,,,,,,,,,,,,,,,,,,,,,
,,,,,668509,001,2024-05-22_12h22.44.622,AXB:2AFC Experiments (16.05.2024),2024.1.3,Linux x86_64,60.24096386,,,,,,,,,,,,,,,,,,,,,,,,,,,,,,,533.3626,539.7783,space,6.3876,,,,,,,,,,,,,,,,,,,,,,,,,,,,,,,,,,,,,,,,,,,,,,,,,,,,,,,,,,,,,,,,,,,,,,,,,,,,,,,,,,,,,,,,,,,,,,,,,,,,,,,,,,,,,,,,,,,,,,,,,,,,,,,,,,,,,,,,,,,,,,,,,
,,,,,668509,001,2024-05-22_12h22.44.622,AXB:2AFC Experiments (16.05.2024),2024.1.3,Linux x86_64,60.24096386,,,,,,,,,,,,,,,,,,,,,,,,,,,,,,/,,,,,,,,,,,,,,,,,,,,,,,,,,,,,,,,,,,,,,,,,,,,,,,,,,,,,,,,,,,,,,,,,,,,,,,,,,,,,539.7859,541.8282,2,2.042,,,,,,TAFCstimuli01/nimnym004.wav,,,,,,,,,,,0,0,0,3,1,,,,,,,,,,,,,,,,,,,,,,,,,,,,,,,,,,,,,,,,,,,,,,,,
,,,,,668509,001,2024-05-22_12h22.44.622,AXB:2AFC Experiments (16.05.2024),2024.1.3,Linux x86_64,60.24096386,,,,,,,,,,,,,,,,,,,,,,,,,,,,,,nim,,,,,,,,,,,,,,,,,,,,,,,,,,,,,,,,,,,,,,,,,,,,,,,,,,,,,,,,,,,,,,,,,,,,,,,,,,,,,541.8285,543.6949,2,1.8636,,,,,,TAFCstimuli01/nimnym003.wav,,,,,,,,,,,0,1,1,2,1,,,,,,,,,,,,,,,,,,,,,,,,,,,,,,,,,,,,,,,,,,,,,,,,
,,,,,668509,001,2024-05-22_12h22.44.622,AXB:2AFC Experiments (16.05.2024),2024.1.3,Linux x86_64,60.24096386,,,,,,,,,,,,,,,,,,,,,,,,,,,,,,nim,,,,,,,,,,,,,,,,,,,,,,,,,,,,,,,,,,,,,,,,,,,,,,,,,,,,,,,,,,,,,,,,,,,,,,,,,,,,,543.6951,545.9857,1,2.2904,,,,,,TAFCstimuli01/nimnym002.wav,,,,,,,,,,,0,2,2,1,1,,,,,,,,,,,,,,,,,,,,,,,,,,,,,,,,,,,,,,,,,,,,,,,,
,,,,,668509,001,2024-05-22_12h22.44.622,AXB:2AFC Experiments (16.05.2024),2024.1.3,Linux x86_64,60.24096386,,,,,,,,,,,,,,,,,,,,,,,,,,,,,,nym,,,,,,,,,,,,,,,,,,,,,,,,,,,,,,,,,,,,,,,,,,,,,,,,,,,,,,,,,,,,,,,,,,,,,,,,,,,,,545.9859,548.5616,2,2.5665,,,,,,TAFCstimuli01/nimnym007.wav,,,,,,,,,,,0,3,3,6,1,,,,,,,,,,,,,,,,,,,,,,,,,,,,,,,,,,,,,,,,,,,,,,,,
,,,,,668509,001,2024-05-22_12h22.44.622,AXB:2AFC Experiments (16.05.2024),2024.1.3,Linux x86_64,60.24096386,,,,,,,,,,,,,,,,,,,,,,,,,,,,,,nym,,,,,,,,,,,,,,,,,,,,,,,,,,,,,,,,,,,,,,,,,,,,,,,,,,,,,,,,,,,,,,,,,,,,,,,,,,,,,548.5617,550.4449,2,1.8744,,,,,,TAFCstimuli01/nimnym006.wav,,,,,,,,,,,0,4,4,5,1,,,,,,,,,,,,,,,,,,,,,,,,,,,,,,,,,,,,,,,,,,,,,,,,
,,,,,668509,001,2024-05-22_12h22.44.622,AXB:2AFC Experiments (16.05.2024),2024.1.3,Linux x86_64,60.24096386,,,,,,,,,,,,,,,,,,,,,,,,,,,,,,nym,,,,,,,,,,,,,,,,,,,,,,,,,,,,,,,,,,,,,,,,,,,,,,,,,,,,,,,,,,,,,,,,,,,,,,,,,,,,,550.445,552.3283,2,1.874,,,,,,TAFCstimuli01/nimnym005.wav,,,,,,,,,,,0,5,5,4,1,,,,,,,,,,,,,,,,,,,,,,,,,,,,,,,,,,,,,,,,,,,,,,,,
,,,,,668509,001,2024-05-22_12h22.44.622,AXB:2AFC Experiments (16.05.2024),2024.1.3,Linux x86_64,60.24096386,,,,,,,,,,,,,,,,,,,,,,,,,,,,,,nim,,,,,,,,,,,,,,,,,,,,,,,,,,,,,,,,,,,,,,,,,,,,,,,,,,,,,,,,,,,,,,,,,,,,,,,,,,,,,552.3284,554.5283,1,2.1958,,,,,,TAFCstimuli01/nimnym001.wav,,,,,,,,,,,0,6,6,0,1,,,,,,,,,,,,,,,,,,,,,,,,,,,,,,,,,,,,,,,,,,,,,,,,
,,,,,668509,001,2024-05-22_12h22.44.622,AXB:2AFC Experiments (16.05.2024),2024.1.3,Linux x86_64,60.24096386,,,,,,,,,,,,,,,,,,,,,,,,,,,,,,nim,,,,,,,,,,,,,,,,,,,,,,,,,,,,,,,,,,,,,,,,,,,,,,,,,,,,,,,,,,,,,,,,,,,,,,,,,,,,,554.5284,557.0611,1,2.5239,,,,,,TAFCstimuli01/nimnym002.wav,,,,,,,,,,,1,0,7,1,1,,,,,,,,,,,,,,,,,,,,,,,,,,,,,,,,,,,,,,,,,,,,,,,,
,,,,,668509,001,2024-05-22_12h22.44.622,AXB:2AFC Experiments (16.05.2024),2024.1.3,Linux x86_64,60.24096386,,,,,,,,,,,,,,,,,,,,,,,,,,,,,,/,,,,,,,,,,,,,,,,,,,,,,,,,,,,,,,,,,,,,,,,,,,,,,,,,,,,,,,,,,,,,,,,,,,,,,,,,,,,,557.0612,559.7118,2,2.641,,,,,,TAFCstimuli01/nimnym004.wav,,,,,,,,,,,1,1,8,3,1,,,,,,,,,,,,,,,,,,,,,,,,,,,,,,,,,,,,,,,,,,,,,,,,
,,,,,668509,001,2024-05-22_12h22.44.622,AXB:2AFC Experiments (16.05.2024),2024.1.3,Linux x86_64,60.24096386,,,,,,,,,,,,,,,,,,,,,,,,,,,,,,nim,,,,,,,,,,,,,,,,,,,,,,,,,,,,,,,,,,,,,,,,,,,,,,,,,,,,,,,,,,,,,,,,,,,,,,,,,,,,,559.7118,561.595,2,1.8765,,,,,,TAFCstimuli01/nimnym003.wav,,,,,,,,,,,1,2,9,2,1,,,,,,,,,,,,,,,,,,,,,,,,,,,,,,,,,,,,,,,,,,,,,,,,
,,,,,668509,001,2024-05-22_12h22.44.622,AXB:2AFC Experiments (16.05.2024),2024.1.3,Linux x86_64,60.24096386,,,,,,,,,,,,,,,,,,,,,,,,,,,,,,nym,,,,,,,,,,,,,,,,,,,,,,,,,,,,,,,,,,,,,,,,,,,,,,,,,,,,,,,,,,,,,,,,,,,,,,,,,,,,,561.5952,563.4273,2,1.8238,,,,,,TAFCstimuli01/nimnym005.wav,,,,,,,,,,,1,3,10,4,1,,,,,,,,,,,,,,,,,,,,,,,,,,,,,,,,,,,,,,,,,,,,,,,,
,,,,,668509,001,2024-05-22_12h22.44.622,AXB:2AFC Experiments (16.05.2024),2024.1.3,Linux x86_64,60.24096386,,,,,,,,,,,,,,,,,,,,,,,,,,,,,,nym,,,,,,,,,,,,,,,,,,,,,,,,,,,,,,,,,,,,,,,,,,,,,,,,,,,,,,,,,,,,,,,,,,,,,,,,,,,,,563.4274,565.1845,2,1.7568,,,,,,TAFCstimuli01/nimnym006.wav,,,,,,,,,,,1,4,11,5,1,,,,,,,,,,,,,,,,,,,,,,,,,,,,,,,,,,,,,,,,,,,,,,,,
,,,,,668509,001,2024-05-22_12h22.44.622,AXB:2AFC Experiments (16.05.2024),2024.1.3,Linux x86_64,60.24096386,,,,,,,,,,,,,,,,,,,,,,,,,,,,,,nim,,,,,,,,,,,,,,,,,,,,,,,,,,,,,,,,,,,,,,,,,,,,,,,,,,,,,,,,,,,,,,,,,,,,,,,,,,,,,565.1846,567.2106,1,2.0198,,,,,,TAFCstimuli01/nimnym001.wav,,,,,,,,,,,1,5,12,0,1,,,,,,,,,,,,,,,,,,,,,,,,,,,,,,,,,,,,,,,,,,,,,,,,
,,,,,668509,001,2024-05-22_12h22.44.622,AXB:2AFC Experiments (16.05.2024),2024.1.3,Linux x86_64,60.24096386,,,,,,,,,,,,,,,,,,,,,,,,,,,,,,nym,,,,,,,,,,,,,,,,,,,,,,,,,,,,,,,,,,,,,,,,,,,,,,,,,,,,,,,,,,,,,,,,,,,,,,,,,,,,,567.2108,569.3527,2,2.1416,,,,,,TAFCstimuli01/nimnym007.wav,,,,,,,,,,,1,6,13,6,1,,,,,,,,,,,,,,,,,,,,,,,,,,,,,,,,,,,,,,,,,,,,,,,,
,,,,,668509,001,2024-05-22_12h22.44.622,AXB:2AFC Experiments (16.05.2024),2024.1.3,Linux x86_64,60.24096386,,,,,,,,,,,,,,,,,,,,,,,,,,,,,,/,,,,,,,,,,,,,,,,,,,,,,,,,,,,,,,,,,,,,,,,,,,,,,,,,,,,,,,,,,,,,,,,,,,,,,,,,,,,,569.3528,571.2674,2,1.9142,,,,,,TAFCstimuli01/nimnym004.wav,,,,,,,,,,,2,0,14,3,1,,,,,,,,,,,,,,,,,,,,,,,,,,,,,,,,,,,,,,,,,,,,,,,,
,,,,,668509,001,2024-05-22_12h22.44.622,AXB:2AFC Experiments (16.05.2024),2024.1.3,Linux x86_64,60.24096386,,,,,,,,,,,,,,,,,,,,,,,,,,,,,,nim,,,,,,,,,,,,,,,,,,,,,,,,,,,,,,,,,,,,,,,,,,,,,,,,,,,,,,,,,,,,,,,,,,,,,,,,,,,,,571.2675,573.794,1,2.5203,,,,,,TAFCstimuli01/nimnym001.wav,,,,,,,,,,,2,1,15,0,1,,,,,,,,,,,,,,,,,,,,,,,,,,,,,,,,,,,,,,,,,,,,,,,,
,,,,,668509,001,2024-05-22_12h22.44.622,AXB:2AFC Experiments (16.05.2024),2024.1.3,Linux x86_64,60.24096386,,,,,,,,,,,,,,,,,,,,,,,,,,,,,,nim,,,,,,,,,,,,,,,,,,,,,,,,,,,,,,,,,,,,,,,,,,,,,,,,,,,,,,,,,,,,,,,,,,,,,,,,,,,,,573.7941,575.6443,1,1.8358,,,,,,TAFCstimuli01/nimnym002.wav,,,,,,,,,,,2,2,16,1,1,,,,,,,,,,,,,,,,,,,,,,,,,,,,,,,,,,,,,,,,,,,,,,,,
,,,,,668509,001,2024-05-22_12h22.44.622,AXB:2AFC Experiments (16.05.2024),2024.1.3,Linux x86_64,60.24096386,,,,,,,,,,,,,,,,,,,,,,,,,,,,,,nim,,,,,,,,,,,,,,,,,,,,,,,,,,,,,,,,,,,,,,,,,,,,,,,,,,,,,,,,,,,,,,,,,,,,,,,,,,,,,575.6444,577.6603,1,2.0107,,,,,,TAFCstimuli01/nimnym003.wav,,,,,,,,,,,2,3,17,2,1,,,,,,,,,,,,,,,,,,,,,,,,,,,,,,,,,,,,,,,,,,,,,,,,
,,,,,668509,001,2024-05-22_12h22.44.622,AXB:2AFC Experiments (16.05.2024),2024.1.3,Linux x86_64,60.24096386,,,,,,,,,,,,,,,,,,,,,,,,,,,,,,nym,,,,,,,,,,,,,,,,,,,,,,,,,,,,,,,,,,,,,,,,,,,,,,,,,,,,,,,,,,,,,,,,,,,,,,,,,,,,,577.6604,579.7437,2,2.074,,,,,,TAFCstimuli01/nimnym005.wav,,,,,,,,,,,2,4,18,4,1,,,,,,,,,,,,,,,,,,,,,,,,,,,,,,,,,,,,,,,,,,,,,,,,
,,,,,668509,001,2024-05-22_12h22.44.622,AXB:2AFC Experiments (16.05.2024),2024.1.3,Linux x86_64,60.24096386,,,,,,,,,,,,,,,,,,,,,,,,,,,,,,nym,,,,,,,,,,,,,,,,,,,,,,,,,,,,,,,,,,,,,,,,,,,,,,,,,,,,,,,,,,,,,,,,,,,,,,,,,,,,,579.7439,581.6105,2,1.8584,,,,,,TAFCstimuli01/nimnym006.wav,,,,,,,,,,,2,5,19,5,1,,,,,,,,,,,,,,,,,,,,,,,,,,,,,,,,,,,,,,,,,,,,,,,,
,,,,,668509,001,2024-05-22_12h22.44.622,AXB:2AFC Experiments (16.05.2024),2024.1.3,Linux x86_64,60.24096386,,,,,,,,,,,,,,,,,,,,,,,,,,,,,,nym,,,,,,,,,,,,,,,,,,,,,,,,,,,,,,,,,,,,,,,,,,,,,,,,,,,,,,,,,,,,,,,,,,,,,,,,,,,,,581.6106,583.494,2,1.8751,,,,,,TAFCstimuli01/nimnym007.wav,,,,,,,,,,,2,6,20,6,1,,,,,,,,,,,,,,,,,,,,,,,,,,,,,,,,,,,,,,,,,,,,,,,,
,,,,,668509,001,2024-05-22_12h22.44.622,AXB:2AFC Experiments (16.05.2024),2024.1.3,Linux x86_64,60.24096386,,,,,,,,,,,,,,,,,,,,,,,,,,,,,,,,,,,,,,,,,,,,,,,,,,,,,,,,583.4943,586.301,space,2.7812,,0,[],[],,,,,,,,,,,,,,,,,,,,,,,,,,,,,,,,,,,,,,,,,,,,,,,,,,,,,,,,,,,,,,,,,,,,,,,,,,,,,,,,,,,,,,,,,,,,,,,,,,,,,,,,,,,,,,,,,,,,
,,,,,668509,001,2024-05-22_12h22.44.622,AXB:2AFC Experiments (16.05.2024),2024.1.3,Linux x86_64,60.24096386,,,,,,,,,,,,,,,,,,,,,,,,,,,,,,nym,,,,,,,,,,,,,,,,,,,,,,,,,,,,,,,,,,,,,,,,,,,,,,,,,,,,,,,,,,,,,,,,,,,,,,,,,,,,,586.3027,589.0192,2,2.7162,,,,,,TAFCstimuli01/nimnym007.wav,,,,,,,,,,,,,,,,0,0,0,6,1,,,,,,,,,,,,,,,,,,,,,,,,,,,,,,,,,,,,,,,,,,,
,,,,,668509,001,2024-05-22_12h22.44.622,AXB:2AFC Experiments (16.05.2024),2024.1.3,Linux x86_64,60.24096386,,,,,,,,,,,,,,,,,,,,,,,,,,,,,,/,,,,,,,,,,,,,,,,,,,,,,,,,,,,,,,,,,,,,,,,,,,,,,,,,,,,,,,,,,,,,,,,,,,,,,,,,,,,,589.0195,590.9264,2,1.9053,,,,,,TAFCstimuli01/nimnym004.wav,,,,,,,,,,,,,,,,0,1,1,3,1,,,,,,,,,,,,,,,,,,,,,,,,,,,,,,,,,,,,,,,,,,,
,,,,,668509,001,2024-05-22_12h22.44.622,AXB:2AFC Experiments (16.05.2024),2024.1.3,Linux x86_64,60.24096386,,,,,,,,,,,,,,,,,,,,,,,,,,,,,,nym,,,,,,,,,,,,,,,,,,,,,,,,,,,,,,,,,,,,,,,,,,,,,,,,,,,,,,,,,,,,,,,,,,,,,,,,,,,,,590.9264,592.7931,2,1.8593,,,,,,TAFCstimuli01/nimnym006.wav,,,,,,,,,,,,,,,,0,2,2,5,1,,,,,,,,,,,,,,,,,,,,,,,,,,,,,,,,,,,,,,,,,,,
,,,,,668509,001,2024-05-22_12h22.44.622,AXB:2AFC Experiments (16.05.2024),2024.1.3,Linux x86_64,60.24096386,,,,,,,,,,,,,,,,,,,,,,,,,,,,,,nim,,,,,,,,,,,,,,,,,,,,,,,,,,,,,,,,,,,,,,,,,,,,,,,,,,,,,,,,,,,,,,,,,,,,,,,,,,,,,592.7932,594.7597,1,1.9593,,,,,,TAFCstimuli01/nimnym001.wav,,,,,,,,,,,,,,,,0,3,3,0,1,,,,,,,,,,,,,,,,,,,,,,,,,,,,,,,,,,,,,,,,,,,
,,,,,668509,001,2024-05-22_12h22.44.622,AXB:2AFC Experiments (16.05.2024),2024.1.3,Linux x86_64,60.24096386,,,,,,,,,,,,,,,,,,,,,,,,,,,,,,nim,,,,,,,,,,,,,,,,,,,,,,,,,,,,,,,,,,,,,,,,,,,,,,,,,,,,,,,,,,,,,,,,,,,,,,,,,,,,,594.7598,596.6097,1,1.8452,,,,,,TAFCstimuli01/nimnym002.wav,,,,,,,,,,,,,,,,0,4,4,1,1,,,,,,,,,,,,,,,,,,,,,,,,,,,,,,,,,,,,,,,,,,,
,,,,,668509,001,2024-05-22_12h22.44.622,AXB:2AFC Experiments (16.05.2024),2024.1.3,Linux x86_64,60.24096386,,,,,,,,,,,,,,,,,,,,,,,,,,,,,,nim,,,,,,,,,,,,,,,,,,,,,,,,,,,,,,,,,,,,,,,,,,,,,,,,,,,,,,,,,,,,,,,,,,,,,,,,,,,,,596.6098,598.5348,1,1.9245,,,,,,TAFCstimuli01/nimnym003.wav,,,,,,,,,,,,,,,,0,5,5,2,1,,,,,,,,,,,,,,,,,,,,,,,,,,,,,,,,,,,,,,,,,,,
,,,,,668509,001,2024-05-22_12h22.44.622,AXB:2AFC Experiments (16.05.2024),2024.1.3,Linux x86_64,60.24096386,,,,,,,,,,,,,,,,,,,,,,,,,,,,,,nym,,,,,,,,,,,,,,,,,,,,,,,,,,,,,,,,,,,,,,,,,,,,,,,,,,,,,,,,,,,,,,,,,,,,,,,,,,,,,598.535,600.6929,2,2.1507,,,,,,TAFCstimuli01/nimnym005.wav,,,,,,,,,,,,,,,,0,6,6,4,1,,,,,,,,,,,,,,,,,,,,,,,,,,,,,,,,,,,,,,,,,,,
,,,,,668509,001,2024-05-22_12h22.44.622,AXB:2AFC Experiments (16.05.2024),2024.1.3,Linux x86_64,60.24096386,,,,,,,,,,,,,,,,,,,,,,,,,,,,,,,600.6932,606.0928,space,5.3676,,,,,,,,,,,,,,,,,,,,,,,,,,,,,,,,,,,,,,,,,,,,,,,,,,,,,,,,,,,,,,,,,,,,,,,,,,,,,,,,,,,,,,,,,,,,,,,,,,,,,,,,,,,,,,,,,,,,,,,,,,,,,,,,,,,,,,,,,,,,,,,,,
,,,,,668509,001,2024-05-22_12h22.44.622,AXB:2AFC Experiments (16.05.2024),2024.1.3,Linux x86_64,60.24096386,,,,,,,,,,,,,,,,,,,,,,,,,,,,,,num,,,,,,,,,,,,,,,,,,,,,,,,,,,,,,,,,,,,,,,,,,,,,,,,,,,,,,,,,,,,,,,,,,,,,,,,,,,,,,,,,,,,,,,,,,,,,,,,,,,,,,,,,,,606.1001,609.4094,2,3.3052,0,0,0,1,1,TAFCstimuli02/numnym002.wav,,,,,,,,,,,,,,,,,,,,,,,,,,,,,,,,,
,,,,,668509,001,2024-05-22_12h22.44.622,AXB:2AFC Experiments (16.05.2024),2024.1.3,Linux x86_64,60.24096386,,,,,,,,,,,,,,,,,,,,,,,,,,,,,,num,,,,,,,,,,,,,,,,,,,,,,,,,,,,,,,,,,,,,,,,,,,,,,,,,,,,,,,,,,,,,,,,,,,,,,,,,,,,,,,,,,,,,,,,,,,,,,,,,,,,,,,,,,,609.4096,611.3764,2,1.9594,0,1,1,2,1,TAFCstimuli02/numnym003.wav,,,,,,,,,,,,,,,,,,,,,,,,,,,,,,,,,
,,,,,668509,001,2024-05-22_12h22.44.622,AXB:2AFC Experiments (16.05.2024),2024.1.3,Linux x86_64,60.24096386,,,,,,,,,,,,,,,,,,,,,,,,,,,,,,nym,,,,,,,,,,,,,,,,,,,,,,,,,,,,,,,,,,,,,,,,,,,,,,,,,,,,,,,,,,,,,,,,,,,,,,,,,,,,,,,,,,,,,,,,,,,,,,,,,,,,,,,,,,,611.3765,614.4255,2,3.0427,0,2,2,5,1,TAFCstimuli02/numnym006.wav,,,,,,,,,,,,,,,,,,,,,,,,,,,,,,,,,
,,,,,668509,001,2024-05-22_12h22.44.622,AXB:2AFC Experiments (16.05.2024),2024.1.3,Linux x86_64,60.24096386,,,,,,,,,,,,,,,,,,,,,,,,,,,,,,num,,,,,,,,,,,,,,,,,,,,,,,,,,,,,,,,,,,,,,,,,,,,,,,,,,,,,,,,,,,,,,,,,,,,,,,,,,,,,,,,,,,,,,,,,,,,,,,,,,,,,,,,,,,614.4256,616.6088,1,2.1769,0,3,3,0,1,TAFCstimuli02/numnym001.wav,,,,,,,,,,,,,,,,,,,,,,,,,,,,,,,,,
,,,,,668509,001,2024-05-22_12h22.44.622,AXB:2AFC Experiments (16.05.2024),2024.1.3,Linux x86_64,60.24096386,,,,,,,,,,,,,,,,,,,,,,,,,,,,,,/,,,,,,,,,,,,,,,,,,,,,,,,,,,,,,,,,,,,,,,,,,,,,,,,,,,,,,,,,,,,,,,,,,,,,,,,,,,,,,,,,,,,,,,,,,,,,,,,,,,,,,,,,,,616.6089,618.5754,1,1.9602,0,4,4,3,1,TAFCstimuli02/numnym004.wav,,,,,,,,,,,,,,,,,,,,,,,,,,,,,,,,,
,,,,,668509,001,2024-05-22_12h22.44.622,AXB:2AFC Experiments (16.05.2024),2024.1.3,Linux x86_64,60.24096386,,,,,,,,,,,,,,,,,,,,,,,,,,,,,,nym,,,,,,,,,,,,,,,,,,,,,,,,,,,,,,,,,,,,,,,,,,,,,,,,,,,,,,,,,,,,,,,,,,,,,,,,,,,,,,,,,,,,,,,,,,,,,,,,,,,,,,,,,,,618.5755,620.7422,2,2.1581,0,5,5,6,1,TAFCstimuli02/numnym007.wav,,,,,,,,,,,,,,,,,,,,,,,,,,,,,,,,,
,,,,,668509,001,2024-05-22_12h22.44.622,AXB:2AFC Experiments (16.05.2024),2024.1.3,Linux x86_64,60.24096386,,,,,,,,,,,,,,,,,,,,,,,,,,,,,,nym,,,,,,,,,,,,,,,,,,,,,,,,,,,,,,,,,,,,,,,,,,,,,,,,,,,,,,,,,,,,,,,,,,,,,,,,,,,,,,,,,,,,,,,,,,,,,,,,,,,,,,,,,,,620.7424,622.8842,2,2.1413,0,6,6,4,1,TAFCstimuli02/numnym005.wav,,,,,,,,,,,,,,,,,,,,,,,,,,,,,,,,,
,,,,,668509,001,2024-05-22_12h22.44.622,AXB:2AFC Experiments (16.05.2024),2024.1.3,Linux x86_64,60.24096386,,,,,,,,,,,,,,,,,,,,,,,,,,,,,,,,,,,,,,,,,,,,,,,,,,,,,,,,,,,,,,,,,,,,,,,,,,,,,,,,,,,,,,,,,,,,,,,,,,,,,,,,,,,,,,,,,,,,,,,,,,,,,,,,,,,,,,,,,,,,,,,,,,,622.8845,625.0088,space,2.0989,,,,,,,,,,,,,,,,,,,,,,,,,,,,,
,,,,,668509,001,2024-05-22_12h22.44.622,AXB:2AFC Experiments (16.05.2024),2024.1.3,Linux x86_64,60.24096386,,,,,,,,,,,,,,,,,,,,,,,,,,,,,,num,,,,,,,,,,,,,,,,,,,,,,,,,,,,,,,,,,,,,,,,,,,,,,,,,,,,,,,,,,,,,,,,,,,,,,,,,,,,,,,,,,,,,,,,,,,,,,,,,,,,,,,,,,,625.0102,627.942,1,2.9255,,,,,,TAFCstimuli02/numnym002.wav,,,,,,,,0,0,0,1,1,,,,,,,,,,,,,,,,,,,,,
,,,,,668509,001,2024-05-22_12h22.44.622,AXB:2AFC Experiments (16.05.2024),2024.1.3,Linux x86_64,60.24096386,,,,,,,,,,,,,,,,,,,,,,,,,,,,,,num,,,,,,,,,,,,,,,,,,,,,,,,,,,,,,,,,,,,,,,,,,,,,,,,,,,,,,,,,,,,,,,,,,,,,,,,,,,,,,,,,,,,,,,,,,,,,,,,,,,,,,,,,,,627.9422,629.9421,1,1.9995,,,,,,TAFCstimuli02/numnym001.wav,,,,,,,,0,1,1,0,1,,,,,,,,,,,,,,,,,,,,,
,,,,,668509,001,2024-05-22_12h22.44.622,AXB:2AFC Experiments (16.05.2024),2024.1.3,Linux x86_64,60.24096386,,,,,,,,,,,,,,,,,,,,,,,,,,,,,,nym,,,,,,,,,,,,,,,,,,,,,,,,,,,,,,,,,,,,,,,,,,,,,,,,,,,,,,,,,,,,,,,,,,,,,,,,,,,,,,,,,,,,,,,,,,,,,,,,,,,,,,,,,,,629.9422,632.1422,2,2.1939,,,,,,TAFCstimuli02/numnym007.wav,,,,,,,,0,2,2,6,1,,,,,,,,,,,,,,,,,,,,,
,,,,,668509,001,2024-05-22_12h22.44.622,AXB:2AFC Experiments (16.05.2024),2024.1.3,Linux x86_64,60.24096386,,,,,,,,,,,,,,,,,,,,,,,,,,,,,,nym,,,,,,,,,,,,,,,,,,,,,,,,,,,,,,,,,,,,,,,,,,,,,,,,,,,,,,,,,,,,,,,,,,,,,,,,,,,,,,,,,,,,,,,,,,,,,,,,,,,,,,,,,,,632.1423,634.075,2,1.9195,,,,,,TAFCstimuli02/numnym006.wav,,,,,,,,0,3,3,5,1,,,,,,,,,,,,,,,,,,,,,
,,,,,668509,001,2024-05-22_12h22.44.622,AXB:2AFC Experiments (16.05.2024),2024.1.3,Linux x86_64,60.24096386,,,,,,,,,,,,,,,,,,,,,,,,,,,,,,/,,,,,,,,,,,,,,,,,,,,,,,,,,,,,,,,,,,,,,,,,,,,,,,,,,,,,,,,,,,,,,,,,,,,,,,,,,,,,,,,,,,,,,,,,,,,,,,,,,,,,,,,,,,634.0751,636.0911,1,2.0107,,,,,,TAFCstimuli02/numnym004.wav,,,,,,,,0,4,4,3,1,,,,,,,,,,,,,,,,,,,,,
,,,,,668509,001,2024-05-22_12h22.44.622,AXB:2AFC Experiments (16.05.2024),2024.1.3,Linux x86_64,60.24096386,,,,,,,,,,,,,,,,,,,,,,,,,,,,,,nym,,,,,,,,,,,,,,,,,,,,,,,,,,,,,,,,,,,,,,,,,,,,,,,,,,,,,,,,,,,,,,,,,,,,,,,,,,,,,,,,,,,,,,,,,,,,,,,,,,,,,,,,,,,636.0912,638.1578,2,2.0612,,,,,,TAFCstimuli02/numnym005.wav,,,,,,,,0,5,5,4,1,,,,,,,,,,,,,,,,,,,,,
,,,,,668509,001,2024-05-22_12h22.44.622,AXB:2AFC Experiments (16.05.2024),2024.1.3,Linux x86_64,60.24096386,,,,,,,,,,,,,,,,,,,,,,,,,,,,,,num,,,,,,,,,,,,,,,,,,,,,,,,,,,,,,,,,,,,,,,,,,,,,,,,,,,,,,,,,,,,,,,,,,,,,,,,,,,,,,,,,,,,,,,,,,,,,,,,,,,,,,,,,,,638.1578,640.2743,1,2.1113,,,,,,TAFCstimuli02/numnym003.wav,,,,,,,,0,6,6,2,1,,,,,,,,,,,,,,,,,,,,,
,,,,,668509,001,2024-05-22_12h22.44.622,AXB:2AFC Experiments (16.05.2024),2024.1.3,Linux x86_64,60.24096386,,,,,,,,,,,,,,,,,,,,,,,,,,,,,,num,,,,,,,,,,,,,,,,,,,,,,,,,,,,,,,,,,,,,,,,,,,,,,,,,,,,,,,,,,,,,,,,,,,,,,,,,,,,,,,,,,,,,,,,,,,,,,,,,,,,,,,,,,,640.2746,642.3411,1,2.0613,,,,,,TAFCstimuli02/numnym002.wav,,,,,,,,1,0,7,1,1,,,,,,,,,,,,,,,,,,,,,
,,,,,668509,001,2024-05-22_12h22.44.622,AXB:2AFC Experiments (16.05.2024),2024.1.3,Linux x86_64,60.24096386,,,,,,,,,,,,,,,,,,,,,,,,,,,,,,num,,,,,,,,,,,,,,,,,,,,,,,,,,,,,,,,,,,,,,,,,,,,,,,,,,,,,,,,,,,,,,,,,,,,,,,,,,,,,,,,,,,,,,,,,,,,,,,,,,,,,,,,,,,642.3413,644.3411,1,1.9947,,,,,,TAFCstimuli02/numnym001.wav,,,,,,,,1,1,8,0,1,,,,,,,,,,,,,,,,,,,,,
,,,,,668509,001,2024-05-22_12h22.44.622,AXB:2AFC Experiments (16.05.2024),2024.1.3,Linux x86_64,60.24096386,,,,,,,,,,,,,,,,,,,,,,,,,,,,,,/,,,,,,,,,,,,,,,,,,,,,,,,,,,,,,,,,,,,,,,,,,,,,,,,,,,,,,,,,,,,,,,,,,,,,,,,,,,,,,,,,,,,,,,,,,,,,,,,,,,,,,,,,,,644.3413,646.291,1,1.945,,,,,,TAFCstimuli02/numnym004.wav,,,,,,,,1,2,9,3,1,,,,,,,,,,,,,,,,,,,,,
,,,,,668509,001,2024-05-22_12h22.44.622,AXB:2AFC Experiments (16.05.2024),2024.1.3,Linux x86_64,60.24096386,,,,,,,,,,,,,,,,,,,,,,,,,,,,,,nym,,,,,,,,,,,,,,,,,,,,,,,,,,,,,,,,,,,,,,,,,,,,,,,,,,,,,,,,,,,,,,,,,,,,,,,,,,,,,,,,,,,,,,,,,,,,,,,,,,,,,,,,,,,646.2913,648.6079,2,2.3148,,,,,,TAFCstimuli02/numnym007.wav,,,,,,,,1,3,10,6,1,,,,,,,,,,,,,,,,,,,,,
,,,,,668509,001,2024-05-22_12h22.44.622,AXB:2AFC Experiments (16.05.2024),2024.1.3,Linux x86_64,60.24096386,,,,,,,,,,,,,,,,,,,,,,,,,,,,,,nym,,,,,,,,,,,,,,,,,,,,,,,,,,,,,,,,,,,,,,,,,,,,,,,,,,,,,,,,,,,,,,,,,,,,,,,,,,,,,,,,,,,,,,,,,,,,,,,,,,,,,,,,,,,648.608,650.5412,2,1.9279,,,,,,TAFCstimuli02/numnym006.wav,,,,,,,,1,4,11,5,1,,,,,,,,,,,,,,,,,,,,,
,,,,,668509,001,2024-05-22_12h22.44.622,AXB:2AFC Experiments (16.05.2024),2024.1.3,Linux x86_64,60.24096386,,,,,,,,,,,,,,,,,,,,,,,,,,,,,,num,,,,,,,,,,,,,,,,,,,,,,,,,,,,,,,,,,,,,,,,,,,,,,,,,,,,,,,,,,,,,,,,,,,,,,,,,,,,,,,,,,,,,,,,,,,,,,,,,,,,,,,,,,,650.5413,652.6844,1,2.1428,,,,,,TAFCstimuli02/numnym003.wav,,,,,,,,1,5,12,2,1,,,,,,,,,,,,,,,,,,,,,
,,,,,668509,001,2024-05-22_12h22.44.622,AXB:2AFC Experiments (16.05.2024),2024.1.3,Linux x86_64,60.24096386,,,,,,,,,,,,,,,,,,,,,,,,,,,,,,nym,,,,,,,,,,,,,,,,,,,,,,,,,,,,,,,,,,,,,,,,,,,,,,,,,,,,,,,,,,,,,,,,,,,,,,,,,,,,,,,,,,,,,,,,,,,,,,,,,,,,,,,,,,,652.6846,654.7841,2,2.0991,,,,,,TAFCstimuli02/numnym005.wav,,,,,,,,1,6,13,4,1,,,,,,,,,,,,,,,,,,,,,
,,,,,668509,001,2024-05-22_12h22.44.622,AXB:2AFC Experiments (16.05.2024),2024.1.3,Linux x86_64,60.24096386,,,,,,,,,,,,,,,,,,,,,,,,,,,,,,num,,,,,,,,,,,,,,,,,,,,,,,,,,,,,,,,,,,,,,,,,,,,,,,,,,,,,,,,,,,,,,,,,,,,,,,,,,,,,,,,,,,,,,,,,,,,,,,,,,,,,,,,,,,654.7842,656.9744,1,2.1851,,,,,,TAFCstimuli02/numnym002.wav,,,,,,,,2,0,14,1,1,,,,,,,,,,,,,,,,,,,,,
,,,,,668509,001,2024-05-22_12h22.44.622,AXB:2AFC Experiments (16.05.2024),2024.1.3,Linux x86_64,60.24096386,,,,,,,,,,,,,,,,,,,,,,,,,,,,,,/,,,,,,,,,,,,,,,,,,,,,,,,,,,,,,,,,,,,,,,,,,,,,,,,,,,,,,,,,,,,,,,,,,,,,,,,,,,,,,,,,,,,,,,,,,,,,,,,,,,,,,,,,,,656.9745,658.9242,1,1.9454,,,,,,TAFCstimuli02/numnym004.wav,,,,,,,,2,1,15,3,1,,,,,,,,,,,,,,,,,,,,,
,,,,,668509,001,2024-05-22_12h22.44.622,AXB:2AFC Experiments (16.05.2024),2024.1.3,Linux x86_64,60.24096386,,,,,,,,,,,,,,,,,,,,,,,,,,,,,,num,,,,,,,,,,,,,,,,,,,,,,,,,,,,,,,,,,,,,,,,,,,,,,,,,,,,,,,,,,,,,,,,,,,,,,,,,,,,,,,,,,,,,,,,,,,,,,,,,,,,,,,,,,,658.9243,660.841,1,1.9115,,,,,,TAFCstimuli02/numnym001.wav,,,,,,,,2,2,16,0,1,,,,,,,,,,,,,,,,,,,,,
,,,,,668509,001,2024-05-22_12h22.44.622,AXB:2AFC Experiments (16.05.2024),2024.1.3,Linux x86_64,60.24096386,,,,,,,,,,,,,,,,,,,,,,,,,,,,,,nym,,,,,,,,,,,,,,,,,,,,,,,,,,,,,,,,,,,,,,,,,,,,,,,,,,,,,,,,,,,,,,,,,,,,,,,,,,,,,,,,,,,,,,,,,,,,,,,,,,,,,,,,,,,660.8411,662.8907,2,2.0372,,,,,,TAFCstimuli02/numnym006.wav,,,,,,,,2,3,17,5,1,,,,,,,,,,,,,,,,,,,,,
,,,,,668509,001,2024-05-22_12h22.44.622,AXB:2AFC Experiments (16.05.2024),2024.1.3,Linux x86_64,60.24096386,,,,,,,,,,,,,,,,,,,,,,,,,,,,,,nym,,,,,,,,,,,,,,,,,,,,,,,,,,,,,,,,,,,,,,,,,,,,,,,,,,,,,,,,,,,,,,,,,,,,,,,,,,,,,,,,,,,,,,,,,,,,,,,,,,,,,,,,,,,662.8909,664.9174,2,2.0262,,,,,,TAFCstimuli02/numnym007.wav,,,,,,,,2,4,18,6,1,,,,,,,,,,,,,,,,,,,,,
,,,,,668509,001,2024-05-22_12h22.44.622,AXB:2AFC Experiments (16.05.2024),2024.1.3,Linux x86_64,60.24096386,,,,,,,,,,,,,,,,,,,,,,,,,,,,,,nym,,,,,,,,,,,,,,,,,,,,,,,,,,,,,,,,,,,,,,,,,,,,,,,,,,,,,,,,,,,,,,,,,,,,,,,,,,,,,,,,,,,,,,,,,,,,,,,,,,,,,,,,,,,664.9175,666.9567,2,2.035,,,,,,TAFCstimuli02/numnym005.wav,,,,,,,,2,5,19,4,1,,,,,,,,,,,,,,,,,,,,,
,,,,,668509,001,2024-05-22_12h22.44.622,AXB:2AFC Experiments (16.05.2024),2024.1.3,Linux x86_64,60.24096386,,,,,,,,,,,,,,,,,,,,,,,,,,,,,,num,,,,,,,,,,,,,,,,,,,,,,,,,,,,,,,,,,,,,,,,,,,,,,,,,,,,,,,,,,,,,,,,,,,,,,,,,,,,,,,,,,,,,,,,,,,,,,,,,,,,,,,,,,,666.9569,669.0401,1,2.0789,,,,,,TAFCstimuli02/numnym003.wav,,,,,,,,2,6,20,2,1,,,,,,,,,,,,,,,,,,,,,
,,,,,668509,001,2024-05-22_12h22.44.622,AXB:2AFC Experiments (16.05.2024),2024.1.3,Linux x86_64,60.24096386,,,,,,,,,,,,,,,,,,,,,,,,,,,,,,,669.0404,680.1902,space,11.1166,,,,,,,,,,,,,,,,,,,,,,,,,,,,,,,,,,,,,,,,,,,,,,,,,,,,,,,,,,,,,,,,,,,,,,,,,,,,,,,,,,,,,,,,,,,,,,,,,,,,,,,,,,,,,,,,,,,,,,,,,,,,,,,,,,,,,,,,,,,,,,,,,
,,,,,668509,001,2024-05-22_12h22.44.622,AXB:2AFC Experiments (16.05.2024),2024.1.3,Linux x86_64,60.24096386,,,,,,,,,,,,,,,,,,,,,,,,,,,,,,nym,,,,,,,,,,,,,,,,,,,,,,,,,,,,,,,,,,,,,,,,,,,,,,,,,,,,,,,,,,,,,,,,,,,,,,,,,,,,,,,,,,,,,,,,,,,,,,,,,,,,,,,,,,,680.198,682.2401,2,2.0407,,,,,,TAFCstimuli02/numnym007.wav,,,,,,,,,,,,,0,0,0,6,1,,,,,,,,,,,,,,,,
,,,,,668509,001,2024-05-22_12h22.44.622,AXB:2AFC Experiments (16.05.2024),2024.1.3,Linux x86_64,60.24096386,,,,,,,,,,,,,,,,,,,,,,,,,,,,,,nym,,,,,,,,,,,,,,,,,,,,,,,,,,,,,,,,,,,,,,,,,,,,,,,,,,,,,,,,,,,,,,,,,,,,,,,,,,,,,,,,,,,,,,,,,,,,,,,,,,,,,,,,,,,682.2403,684.19,2,1.9426,,,,,,TAFCstimuli02/numnym006.wav,,,,,,,,,,,,,0,1,1,5,1,,,,,,,,,,,,,,,,
,,,,,668509,001,2024-05-22_12h22.44.622,AXB:2AFC Experiments (16.05.2024),2024.1.3,Linux x86_64,60.24096386,,,,,,,,,,,,,,,,,,,,,,,,,,,,,,num,,,,,,,,,,,,,,,,,,,,,,,,,,,,,,,,,,,,,,,,,,,,,,,,,,,,,,,,,,,,,,,,,,,,,,,,,,,,,,,,,,,,,,,,,,,,,,,,,,,,,,,,,,,684.1901,686.8892,1,2.6957,,,,,,TAFCstimuli02/numnym001.wav,,,,,,,,,,,,,0,2,2,0,1,,,,,,,,,,,,,,,,
,,,,,668509,001,2024-05-22_12h22.44.622,AXB:2AFC Experiments (16.05.2024),2024.1.3,Linux x86_64,60.24096386,,,,,,,,,,,,,,,,,,,,,,,,,,,,,,nym,,,,,,,,,,,,,,,,,,,,,,,,,,,,,,,,,,,,,,,,,,,,,,,,,,,,,,,,,,,,,,,,,,,,,,,,,,,,,,,,,,,,,,,,,,,,,,,,,,,,,,,,,,,686.8893,688.9674,2,2.0779,,,,,,TAFCstimuli02/numnym005.wav,,,,,,,,,,,,,0,3,3,4,1,,,,,,,,,,,,,,,,
,,,,,668509,001,2024-05-22_12h22.44.622,AXB:2AFC Experiments (16.05.2024),2024.1.3,Linux x86_64,60.24096386,,,,,,,,,,,,,,,,,,,,,,,,,,,,,,num,,,,,,,,,,,,,,,,,,,,,,,,,,,,,,,,,,,,,,,,,,,,,,,,,,,,,,,,,,,,,,,,,,,,,,,,,,,,,,,,,,,,,,,,,,,,,,,,,,,,,,,,,,,688.9676,691.0564,1,2.0855,,,,,,TAFCstimuli02/numnym002.wav,,,,,,,,,,,,,0,4,4,1,1,,,,,,,,,,,,,,,,
,,,,,668509,001,2024-05-22_12h22.44.622,AXB:2AFC Experiments (16.05.2024),2024.1.3,Linux x86_64,60.24096386,,,,,,,,,,,,,,,,,,,,,,,,,,,,,,num,,,,,,,,,,,,,,,,,,,,,,,,,,,,,,,,,,,,,,,,,,,,,,,,,,,,,,,,,,,,,,,,,,,,,,,,,,,,,,,,,,,,,,,,,,,,,,,,,,,,,,,,,,,691.0566,693.0557,1,1.9985,,,,,,TAFCstimuli02/numnym003.wav,,,,,,,,,,,,,0,5,5,2,1,,,,,,,,,,,,,,,,
,,,,,668509,001,2024-05-22_12h22.44.622,AXB:2AFC Experiments (16.05.2024),2024.1.3,Linux x86_64,60.24096386,,,,,,,,,,,,,,,,,,,,,,,,,,,,,,/,,,,,,,,,,,,,,,,,,,,,,,,,,,,,,,,,,,,,,,,,,,,,,,,,,,,,,,,,,,,,,,,,,,,,,,,,,,,,,,,,,,,,,,,,,,,,,,,,,,,,,,,,,,693.0558,695.0557,1,1.9992,,,,,,TAFCstimuli02/numnym004.wav,,,,,,,,,,,,,0,6,6,3,1,,,,,,,,,,,,,,,,
,,,,,668509,001,2024-05-22_12h22.44.622,AXB:2AFC Experiments (16.05.2024),2024.1.3,Linux x86_64,60.24096386,,,,,,,,,,,,,,,,,,,,,,,,,,,,,,/,,,,,,,,,,,,,,,,,,,,,,,,,,,,,,,,,,,,,,,,,,,,,,,,,,,,,,,,,,,,,,,,,,,,,,,,,,,,,,,,,,,,,,,,,,,,,,,,,,,,,,,,,,,695.0558,697.0008,1,1.9447,,,,,,TAFCstimuli02/numnym004.wav,,,,,,,,,,,,,1,0,7,3,1,,,,,,,,,,,,,,,,
,,,,,668509,001,2024-05-22_12h22.44.622,AXB:2AFC Experiments (16.05.2024),2024.1.3,Linux x86_64,60.24096386,,,,,,,,,,,,,,,,,,,,,,,,,,,,,,num,,,,,,,,,,,,,,,,,,,,,,,,,,,,,,,,,,,,,,,,,,,,,,,,,,,,,,,,,,,,,,,,,,,,,,,,,,,,,,,,,,,,,,,,,,,,,,,,,,,,,,,,,,,697.0009,698.9725,1,1.9683,,,,,,TAFCstimuli02/numnym003.wav,,,,,,,,,,,,,1,1,8,2,1,,,,,,,,,,,,,,,,
,,,,,668509,001,2024-05-22_12h22.44.622,AXB:2AFC Experiments (16.05.2024),2024.1.3,Linux x86_64,60.24096386,,,,,,,,,,,,,,,,,,,,,,,,,,,,,,nym,,,,,,,,,,,,,,,,,,,,,,,,,,,,,,,,,,,,,,,,,,,,,,,,,,,,,,,,,,,,,,,,,,,,,,,,,,,,,,,,,,,,,,,,,,,,,,,,,,,,,,,,,,,698.9727,701.7226,2,2.7468,,,,,,TAFCstimuli02/numnym007.wav,,,,,,,,,,,,,1,2,9,6,1,,,,,,,,,,,,,,,,
,,,,,668509,001,2024-05-22_12h22.44.622,AXB:2AFC Experiments (16.05.2024),2024.1.3,Linux x86_64,60.24096386,,,,,,,,,,,,,,,,,,,,,,,,,,,,,,num,,,,,,,,,,,,,,,,,,,,,,,,,,,,,,,,,,,,,,,,,,,,,,,,,,,,,,,,,,,,,,,,,,,,,,,,,,,,,,,,,,,,,,,,,,,,,,,,,,,,,,,,,,,701.7227,703.7559,1,2.0299,,,,,,TAFCstimuli02/numnym001.wav,,,,,,,,,,,,,1,3,10,0,1,,,,,,,,,,,,,,,,
,,,,,668509,001,2024-05-22_12h22.44.622,AXB:2AFC Experiments (16.05.2024),2024.1.3,Linux x86_64,60.24096386,,,,,,,,,,,,,,,,,,,,,,,,,,,,,,nym,,,,,,,,,,,,,,,,,,,,,,,,,,,,,,,,,,,,,,,,,,,,,,,,,,,,,,,,,,,,,,,,,,,,,,,,,,,,,,,,,,,,,,,,,,,,,,,,,,,,,,,,,,,703.756,706.1552,2,2.397,,,,,,TAFCstimuli02/numnym006.wav,,,,,,,,,,,,,1,4,11,5,1,,,,,,,,,,,,,,,,
,,,,,668509,001,2024-05-22_12h22.44.622,AXB:2AFC Experiments (16.05.2024),2024.1.3,Linux x86_64,60.24096386,,,,,,,,,,,,,,,,,,,,,,,,,,,,,,num,,,,,,,,,,,,,,,,,,,,,,,,,,,,,,,,,,,,,,,,,,,,,,,,,,,,,,,,,,,,,,,,,,,,,,,,,,,,,,,,,,,,,,,,,,,,,,,,,,,,,,,,,,,706.1554,708.0726,1,1.9158,,,,,,TAFCstimuli02/numnym002.wav,,,,,,,,,,,,,1,5,12,1,1,,,,,,,,,,,,,,,,
,,,,,668509,001,2024-05-22_12h22.44.622,AXB:2AFC Experiments (16.05.2024),2024.1.3,Linux x86_64,60.24096386,,,,,,,,,,,,,,,,,,,,,,,,,,,,,,nym,,,,,,,,,,,,,,,,,,,,,,,,,,,,,,,,,,,,,,,,,,,,,,,,,,,,,,,,,,,,,,,,,,,,,,,,,,,,,,,,,,,,,,,,,,,,,,,,,,,,,,,,,,,708.0727,710.5719,2,2.4947,,,,,,TAFCstimuli02/numnym005.wav,,,,,,,,,,,,,1,6,13,4,1,,,,,,,,,,,,,,,,
,,,,,668509,001,2024-05-22_12h22.44.622,AXB:2AFC Experiments (16.05.2024),2024.1.3,Linux x86_64,60.24096386,,,,,,,,,,,,,,,,,,,,,,,,,,,,,,,,,,,,,,,,,,,,,,,,,,,,,,,,,,,,,,,,,,,,,,,,,,,,,,,,,,,,,,,,,,,,,,,,,,,,,,,,,,,,,,,,,,,,,,,,,,,,,,,,,,,,,,,,,,,,,,,,,,,,,,,,,,,,,,,,,,,,710.5724,713.9558,0,[713.9565],[713.9565],,,,,,,,,,,
,,,,,668509,001,2024-05-22_12h22.44.622,AXB:2AFC Experiments (16.05.2024),2024.1.3,Linux x86_64,60.24096386,,,,,,,,,,,,,,,,,,,,,,,,,,,,,,num,,,,,,,,,,,,,,,,,,,,,,,,,,,,,,,,,,,,,,,,,,,,,,,,,,,,,,,,,,,,,,,,,,,,,,,,,,,,,,,,,,,,,,,,,,,,,,,,,,,,,,,,,,,713.9574,716.355,1,2.3939,,,,,,TAFCstimuli02/numnym003.wav,,,,,,,,,,,,,,,,,,,,,,,,0,0,0,2,1,,,,,
,,,,,668509,001,2024-05-22_12h22.44.622,AXB:2AFC Experiments (16.05.2024),2024.1.3,Linux x86_64,60.24096386,,,,,,,,,,,,,,,,,,,,,,,,,,,,,,nym,,,,,,,,,,,,,,,,,,,,,,,,,,,,,,,,,,,,,,,,,,,,,,,,,,,,,,,,,,,,,,,,,,,,,,,,,,,,,,,,,,,,,,,,,,,,,,,,,,,,,,,,,,,716.3554,718.505,2,2.14,,,,,,TAFCstimuli02/numnym005.wav,,,,,,,,,,,,,,,,,,,,,,,,0,1,1,4,1,,,,,
,,,,,668509,001,2024-05-22_12h22.44.622,AXB:2AFC Experiments (16.05.2024),2024.1.3,Linux x86_64,60.24096386,,,,,,,,,,,,,,,,,,,,,,,,,,,,,,nym,,,,,,,,,,,,,,,,,,,,,,,,,,,,,,,,,,,,,,,,,,,,,,,,,,,,,,,,,,,,,,,,,,,,,,,,,,,,,,,,,,,,,,,,,,,,,,,,,,,,,,,,,,,718.5051,720.1717,2,1.6625,,,,,,TAFCstimuli02/numnym007.wav,,,,,,,,,,,,,,,,,,,,,,,,0,2,2,6,1,,,,,
,,,,,668509,001,2024-05-22_12h22.44.622,AXB:2AFC Experiments (16.05.2024),2024.1.3,Linux x86_64,60.24096386,,,,,,,,,,,,,,,,,,,,,,,,,,,,,,num,,,,,,,,,,,,,,,,,,,,,,,,,,,,,,,,,,,,,,,,,,,,,,,,,,,,,,,,,,,,,,,,,,,,,,,,,,,,,,,,,,,,,,,,,,,,,,,,,,,,,,,,,,,720.1718,722.2217,1,2.0358,,,,,,TAFCstimuli02/numnym002.wav,,,,,,,,,,,,,,,,,,,,,,,,0,3,3,1,1,,,,,
,,,,,668509,001,2024-05-22_12h22.44.622,AXB:2AFC Experiments (16.05.2024),2024.1.3,Linux x86_64,60.24096386,,,,,,,,,,,,,,,,,,,,,,,,,,,,,,/,,,,,,,,,,,,,,,,,,,,,,,,,,,,,,,,,,,,,,,,,,,,,,,,,,,,,,,,,,,,,,,,,,,,,,,,,,,,,,,,,,,,,,,,,,,,,,,,,,,,,,,,,,,722.2218,724.0382,1,1.8141,,,,,,TAFCstimuli02/numnym004.wav,,,,,,,,,,,,,,,,,,,,,,,,0,4,4,3,1,,,,,
,,,,,668509,001,2024-05-22_12h22.44.622,AXB:2AFC Experiments (16.05.2024),2024.1.3,Linux x86_64,60.24096386,,,,,,,,,,,,,,,,,,,,,,,,,,,,,,num,,,,,,,,,,,,,,,,,,,,,,,,,,,,,,,,,,,,,,,,,,,,,,,,,,,,,,,,,,,,,,,,,,,,,,,,,,,,,,,,,,,,,,,,,,,,,,,,,,,,,,,,,,,724.0383,725.8378,1,1.7934,,,,,,TAFCstimuli02/numnym001.wav,,,,,,,,,,,,,,,,,,,,,,,,0,5,5,0,1,,,,,
,,,,,668509,001,2024-05-22_12h22.44.622,AXB:2AFC Experiments (16.05.2024),2024.1.3,Linux x86_64,60.24096386,,,,,,,,,,,,,,,,,,,,,,,,,,,,,,nym,,,,,,,,,,,,,,,,,,,,,,,,,,,,,,,,,,,,,,,,,,,,,,,,,,,,,,,,,,,,,,,,,,,,,,,,,,,,,,,,,,,,,,,,,,,,,,,,,,,,,,,,,,,725.8379,728.6382,2,2.798,,,,,,TAFCstimuli02/numnym006.wav,,,,,,,,,,,,,,,,,,,,,,,,0,6,6,5,1,,,,,
,,,,,668509,001,2024-05-22_12h22.44.622,AXB:2AFC Experiments (16.05.2024),2024.1.3,Linux x86_64,60.24096386,,,,,,,,,,,,,,,,,,,,,,,,,,,,,,nym,,,,,,,,,,,,,,,,,,,,,,,,,,,,,,,,,,,,,,,,,,,,,,,,,,,,,,,,,,,,,,,,,,,,,,,,,,,,,,,,,,,,,,,,,,,,,,,,,,,,,,,,,,,728.6383,730.3549,2,1.7143,,,,,,TAFCstimuli02/numnym005.wav,,,,,,,,,,,,,,,,,,,,,,,,1,0,7,4,1,,,,,
,,,,,668509,001,2024-05-22_12h22.44.622,AXB:2AFC Experiments (16.05.2024),2024.1.3,Linux x86_64,60.24096386,,,,,,,,,,,,,,,,,,,,,,,,,,,,,,num,,,,,,,,,,,,,,,,,,,,,,,,,,,,,,,,,,,,,,,,,,,,,,,,,,,,,,,,,,,,,,,,,,,,,,,,,,,,,,,,,,,,,,,,,,,,,,,,,,,,,,,,,,,730.355,732.3526,1,1.9973,,,,,,TAFCstimuli02/numnym003.wav,,,,,,,,,,,,,,,,,,,,,,,,1,1,8,2,1,,,,,
,,,,,668509,001,2024-05-22_12h22.44.622,AXB:2AFC Experiments (16.05.2024),2024.1.3,Linux x86_64,60.24096386,,,,,,,,,,,,,,,,,,,,,,,,,,,,,,num,,,,,,,,,,,,,,,,,,,,,,,,,,,,,,,,,,,,,,,,,,,,,,,,,,,,,,,,,,,,,,,,,,,,,,,,,,,,,,,,,,,,,,,,,,,,,,,,,,,,,,,,,,,732.3528,734.1539,1,1.8,,,,,,TAFCstimuli02/numnym002.wav,,,,,,,,,,,,,,,,,,,,,,,,1,2,9,1,1,,,,,
,,,,,668509,001,2024-05-22_12h22.44.622,AXB:2AFC Experiments (16.05.2024),2024.1.3,Linux x86_64,60.24096386,,,,,,,,,,,,,,,,,,,,,,,,,,,,,,nym,,,,,,,,,,,,,,,,,,,,,,,,,,,,,,,,,,,,,,,,,,,,,,,,,,,,,,,,,,,,,,,,,,,,,,,,,,,,,,,,,,,,,,,,,,,,,,,,,,,,,,,,,,,734.1541,736.5713,2,2.4059,,,,,,TAFCstimuli02/numnym006.wav,,,,,,,,,,,,,,,,,,,,,,,,1,3,10,5,1,,,,,
,,,,,668509,001,2024-05-22_12h22.44.622,AXB:2AFC Experiments (16.05.2024),2024.1.3,Linux x86_64,60.24096386,,,,,,,,,,,,,,,,,,,,,,,,,,,,,,num,,,,,,,,,,,,,,,,,,,,,,,,,,,,,,,,,,,,,,,,,,,,,,,,,,,,,,,,,,,,,,,,,,,,,,,,,,,,,,,,,,,,,,,,,,,,,,,,,,,,,,,,,,,736.5715,738.5372,1,1.9565,,,,,,TAFCstimuli02/numnym001.wav,,,,,,,,,,,,,,,,,,,,,,,,1,4,11,0,1,,,,,
,,,,,668509,001,2024-05-22_12h22.44.622,AXB:2AFC Experiments (16.05.2024),2024.1.3,Linux x86_64,60.24096386,,,,,,,,,,,,,,,,,,,,,,,,,,,,,,/,,,,,,,,,,,,,,,,,,,,,,,,,,,,,,,,,,,,,,,,,,,,,,,,,,,,,,,,,,,,,,,,,,,,,,,,,,,,,,,,,,,,,,,,,,,,,,,,,,,,,,,,,,,738.5374,740.221,1,1.6785,,,,,,TAFCstimuli02/numnym004.wav,,,,,,,,,,,,,,,,,,,,,,,,1,5,12,3,1,,,,,
,,,,,668509,001,2024-05-22_12h22.44.622,AXB:2AFC Experiments (16.05.2024),2024.1.3,Linux x86_64,60.24096386,,,,,,,,,,,,,,,,,,,,,,,,,,,,,,nym,,,,,,,,,,,,,,,,,,,,,,,,,,,,,,,,,,,,,,,,,,,,,,,,,,,,,,,,,,,,,,,,,,,,,,,,,,,,,,,,,,,,,,,,,,,,,,,,,,,,,,,,,,,740.2212,742.3705,2,2.148,,,,,,TAFCstimuli02/numnym007.wav,,,,,,,,,,,,,,,,,,,,,,,,1,6,13,6,1,,,,,
,,,,,668509,001,2024-05-22_12h22.44.622,AXB:2AFC Experiments (16.05.2024),2024.1.3,Linux x86_64,60.24096386,,,,,,,,,,,,,,,,,,,,,,,,,,,,,,,,,,,,,,,,,,,,,,,,,,,,,,,,,,,,,,,,,,,,,,,,,,,,,,,,,,,,,,,,,,,,,,,,,,,,,,,,,,,,,,,,,,,,,,,,,,,,,,,,,,,,,,,,,,,,,,,,,,,,,,,,,,,,,,,,,,,,,,,,,,,,,,,742.3709,756.3871,space,13.97,
