﻿start.started,start.stopped,startkey_resp.keys,startkey_resp.rt,startkey_resp.duration,participant,session,date,expName,psychopyVersion,OS,frameRate,attention.started,attention.stopped,key_resp.keys,key_resp.rt,key_resp.duration,stimuliAXBmix.started,stimuliAXBmix.stopped,stimuliAXBkey_resp.keys,stimuliAXBkey_resp.rt,stimuliAXBkey_resp.duration,stimuliAXBtesttrials.thisRepN,stimuliAXBtesttrials.thisTrialN,stimuliAXBtesttrials.thisN,stimuliAXBtesttrials.thisIndex,stimuliAXBtesttrials.ran,stimuliAXBmix,Correct,attentionsecond.started,attentionsecond.stopped,attentionsecondkey_resp.keys,attentionsecondkey_resp.rt,attentionsecondkey_resp.duration,instAXBreal.started,instAXBreal.stopped,instAXBrealkey_resp.keys,instAXBrealkey_resp.rt,instAXBrealkey_resp.duration,stimuliAXBmixfirst.thisRepN,stimuliAXBmixfirst.thisTrialN,stimuliAXBmixfirst.thisN,stimuliAXBmixfirst.thisIndex,stimuliAXBmixfirst.ran,attentionfirst.started,attentionfirst.stopped,attentionfirstkey_resp.keys,attentionfirstkey_resp.rt,attentionfirstkey_resp.duration,stimuliAXbmixsec.thisRepN,stimuliAXbmixsec.thisTrialN,stimuliAXbmixsec.thisN,stimuliAXbmixsec.thisIndex,stimuliAXbmixsec.ran,kaffeepause.started,kaffeepause.stopped,kaffeepausekey_resp.keys,kaffeepausekey_resp.rt,kaffeepausekey_resp.duration,instTAFCtest.started,instTAFCtest.stopped,instTAFCtestkey_resp.keys,instTAFCtestkey_resp.rt,instTAFCtestkey_resp.duration,testTAFCmixfirst.started,testTAFCmixfirst.stopped,testTAFCmixfirstkey_resp.keys,testTAFCmixfirstkey_resp.rt,testTAFCmixfirstkey_resp.duration,testTAFCmixfirsttrials.thisRepN,testTAFCmixfirsttrials.thisTrialN,testTAFCmixfirsttrials.thisN,testTAFCmixfirsttrials.thisIndex,testTAFCmixfirsttrials.ran,testTAFCmixfirst,testTAFCmixsec.started,testTAFCmixsec.stopped,testTAFCmixseckey_resp.keys,testTAFCmixseckey_resp.rt,testTAFCmixseckey_resp.duration,testTAFCmixsectrials.thisRepN,testTAFCmixsectrials.thisTrialN,testTAFCmixsectrials.thisN,testTAFCmixsectrials.thisIndex,testTAFCmixsectrials.ran,testTAFCmixsec,instTAFCreal.started,instTAFCreal.stopped,instTAFCrealkey_resp.keys,instTAFCrealkey_resp.rt,instTAFCrealkey_resp.duration,stimuliTAFCfirst.started,stimuliTAFCfirst.stopped,stimuliTAFCfirstkey_resp.keys,stimuliTAFCfirstkey_resp.rt,stimuliTAFCfirstkey_resp.duration,stimuliTAFCfirsttrials.thisRepN,stimuliTAFCfirsttrials.thisTrialN,stimuliTAFCfirsttrials.thisN,stimuliTAFCfirsttrials.thisIndex,stimuliTAFCfirsttrials.ran,stimuliTAFCfirst,stimuliTAFCsec.started,stimuliTAFCsec.stopped,stimuliTAFCseckey_resp.keys,stimuliTAFCseckey_resp.rt,stimuliTAFCseckey_resp.duration,stimuliTAFCsectrials.thisRepN,stimuliTAFCsectrials.thisTrialN,stimuliTAFCsectrials.thisN,stimuliTAFCsectrials.thisIndex,stimuliTAFCsectrials.ran,stimuliTAFCsec,end.started,end.stopped
0.0003,36.339,space,36.3224,,615256,001,2024-05-23_12h17.47.582,mathesisv2,2024.1.3,Win32,58.82352941,,,,,,,,,,,,,,,,,,,,,,,,,,,,,,,,,,,,,,,,,,,,,,,,,,,,,,,,,,,,,,,,,,,,,,,,,,,,,,,,,,,,,,,,,,,,,,,,,,,,,,,
,,,,,615256,001,2024-05-23_12h17.47.582,mathesisv2,2024.1.3,Win32,58.82352941,36.3398,44.1112,space,7.6816,,,,,,,,,,,,,,,,,,,,,,,,,,,,,,,,,,,,,,,,,,,,,,,,,,,,,,,,,,,,,,,,,,,,,,,,,,,,,,,,,,,,,,,,,,,,,,,,,,,
,,,,,615256,001,2024-05-23_12h17.47.582,mathesisv2,2024.1.3,Win32,58.82352941,,,,,,44.1668,58.1386,l,13.9348,,0,0,0,0,1,stimuliAXBmix/iiystimulus.wav,l,,,,,,,,,,,,,,,,,,,,,,,,,,,,,,,,,,,,,,,,,,,,,,,,,,,,,,,,,,,,,,,,,,,,,,,,,,,,,,,,,,,,,,
,,,,,615256,001,2024-05-23_12h17.47.582,mathesisv2,2024.1.3,Win32,58.82352941,,,,,,58.168,62.3519,f,4.1676,,0,1,1,2,1,stimuliAXBmix/yuustimulus.wav,f,,,,,,,,,,,,,,,,,,,,,,,,,,,,,,,,,,,,,,,,,,,,,,,,,,,,,,,,,,,,,,,,,,,,,,,,,,,,,,,,,,,,,,
,,,,,615256,001,2024-05-23_12h17.47.582,mathesisv2,2024.1.3,Win32,58.82352941,,,,,,62.382,66.233,f,3.841,,0,2,2,1,1,stimuliAXBmix/iyystimulus.wav,f,,,,,,,,,,,,,,,,,,,,,,,,,,,,,,,,,,,,,,,,,,,,,,,,,,,,,,,,,,,,,,,,,,,,,,,,,,,,,,,,,,,,,,
,,,,,615256,001,2024-05-23_12h17.47.582,mathesisv2,2024.1.3,Win32,58.82352941,,,,,,66.2621,70.014,l,3.7404,,0,3,3,3,1,stimuliAXBmix/yyustimulus.wav,l,,,,,,,,,,,,,,,,,,,,,,,,,,,,,,,,,,,,,,,,,,,,,,,,,,,,,,,,,,,,,,,,,,,,,,,,,,,,,,,,,,,,,,
,,,,,615256,001,2024-05-23_12h17.47.582,mathesisv2,2024.1.3,Win32,58.82352941,,,,,,,,,,,,,,,,,,70.0438,72.4809,space,2.414,,,,,,,,,,,,,,,,,,,,,,,,,,,,,,,,,,,,,,,,,,,,,,,,,,,,,,,,,,,,,,,,,,,,,,,,,,,,,,,,,,
,,,,,615256,001,2024-05-23_12h17.47.582,mathesisv2,2024.1.3,Win32,58.82352941,,,,,,,,,,,,,,,,,,,,,,,72.4815,79.7605,space,7.2502,,,,,,,,,,,,,,,,,,,,,,,,,,,,,,,,,,,,,,,,,,,,,,,,,,,,,,,,,,,,,,,,,,,,,,,,,,,,,
,,,,,615256,001,2024-05-23_12h17.47.582,mathesisv2,2024.1.3,Win32,58.82352941,,,,,,79.7905,83.9571,l,4.1526,,,,,,,stimuliAXBmix/iiystimulus.wav,l,,,,,,,,,,,0,0,0,0,1,,,,,,,,,,,,,,,,,,,,,,,,,,,,,,,,,,,,,,,,,,,,,,,,,,,,,,,,,,,,,,,,,,,,,,,
,,,,,615256,001,2024-05-23_12h17.47.582,mathesisv2,2024.1.3,Win32,58.82352941,,,,,,83.9872,87.8385,l,3.8352,,,,,,,stimuliAXBmix/yyustimulus.wav,l,,,,,,,,,,,0,1,1,3,1,,,,,,,,,,,,,,,,,,,,,,,,,,,,,,,,,,,,,,,,,,,,,,,,,,,,,,,,,,,,,,,,,,,,,,,
,,,,,615256,001,2024-05-23_12h17.47.582,mathesisv2,2024.1.3,Win32,58.82352941,,,,,,87.8675,91.3038,f,3.4267,,,,,,,stimuliAXBmix/yuustimulus.wav,f,,,,,,,,,,,0,2,2,2,1,,,,,,,,,,,,,,,,,,,,,,,,,,,,,,,,,,,,,,,,,,,,,,,,,,,,,,,,,,,,,,,,,,,,,,,
,,,,,615256,001,2024-05-23_12h17.47.582,mathesisv2,2024.1.3,Win32,58.82352941,,,,,,91.3337,94.3859,f,3.0358,,,,,,,stimuliAXBmix/iyystimulus.wav,f,,,,,,,,,,,0,3,3,1,1,,,,,,,,,,,,,,,,,,,,,,,,,,,,,,,,,,,,,,,,,,,,,,,,,,,,,,,,,,,,,,,,,,,,,,,
,,,,,615256,001,2024-05-23_12h17.47.582,mathesisv2,2024.1.3,Win32,58.82352941,,,,,,94.3868,97.3672,l,2.9702,,,,,,,stimuliAXBmix/iiystimulus.wav,l,,,,,,,,,,,1,0,4,0,1,,,,,,,,,,,,,,,,,,,,,,,,,,,,,,,,,,,,,,,,,,,,,,,,,,,,,,,,,,,,,,,,,,,,,,,
,,,,,615256,001,2024-05-23_12h17.47.582,mathesisv2,2024.1.3,Win32,58.82352941,,,,,,97.3961,100.5155,f,3.1097,,,,,,,stimuliAXBmix/iyystimulus.wav,f,,,,,,,,,,,1,1,5,1,1,,,,,,,,,,,,,,,,,,,,,,,,,,,,,,,,,,,,,,,,,,,,,,,,,,,,,,,,,,,,,,,,,,,,,,,
,,,,,615256,001,2024-05-23_12h17.47.582,mathesisv2,2024.1.3,Win32,58.82352941,,,,,,100.5165,103.6815,l,3.1572,,,,,,,stimuliAXBmix/yyustimulus.wav,l,,,,,,,,,,,1,2,6,3,1,,,,,,,,,,,,,,,,,,,,,,,,,,,,,,,,,,,,,,,,,,,,,,,,,,,,,,,,,,,,,,,,,,,,,,,
,,,,,615256,001,2024-05-23_12h17.47.582,mathesisv2,2024.1.3,Win32,58.82352941,,,,,,103.7141,107.0289,f,3.3021,,,,,,,stimuliAXBmix/yuustimulus.wav,f,,,,,,,,,,,1,3,7,2,1,,,,,,,,,,,,,,,,,,,,,,,,,,,,,,,,,,,,,,,,,,,,,,,,,,,,,,,,,,,,,,,,,,,,,,,
,,,,,615256,001,2024-05-23_12h17.47.582,mathesisv2,2024.1.3,Win32,58.82352941,,,,,,107.0296,110.5768,l,3.5333,,,,,,,stimuliAXBmix/yyustimulus.wav,l,,,,,,,,,,,2,0,8,3,1,,,,,,,,,,,,,,,,,,,,,,,,,,,,,,,,,,,,,,,,,,,,,,,,,,,,,,,,,,,,,,,,,,,,,,,
,,,,,615256,001,2024-05-23_12h17.47.582,mathesisv2,2024.1.3,Win32,58.82352941,,,,,,110.5928,113.509,f,2.9095,,,,,,,stimuliAXBmix/yuustimulus.wav,f,,,,,,,,,,,2,1,9,2,1,,,,,,,,,,,,,,,,,,,,,,,,,,,,,,,,,,,,,,,,,,,,,,,,,,,,,,,,,,,,,,,,,,,,,,,
,,,,,615256,001,2024-05-23_12h17.47.582,mathesisv2,2024.1.3,Win32,58.82352941,,,,,,113.5387,116.5909,f,3.0433,,,,,,,stimuliAXBmix/iyystimulus.wav,f,,,,,,,,,,,2,2,10,1,1,,,,,,,,,,,,,,,,,,,,,,,,,,,,,,,,,,,,,,,,,,,,,,,,,,,,,,,,,,,,,,,,,,,,,,,
,,,,,615256,001,2024-05-23_12h17.47.582,mathesisv2,2024.1.3,Win32,58.82352941,,,,,,116.5917,119.9227,l,3.3141,,,,,,,stimuliAXBmix/iiystimulus.wav,l,,,,,,,,,,,2,3,11,0,1,,,,,,,,,,,,,,,,,,,,,,,,,,,,,,,,,,,,,,,,,,,,,,,,,,,,,,,,,,,,,,,,,,,,,,,
,,,,,615256,001,2024-05-23_12h17.47.582,mathesisv2,2024.1.3,Win32,58.82352941,,,,,,128.5546,131.6341,l,3.0677,,,,,,,stimuliAXBmix/yyustimulus.wav,l,,,,,,,,,,,,,,,,119.9243,128.5357,return,8.5846,,0,0,0,3,1,,,,,,,,,,,,,,,,,,,,,,,,,,,,,,,,,,,,,,,,,,,,,,,,,,,,,,,,,,,,,
,,,,,615256,001,2024-05-23_12h17.47.582,mathesisv2,2024.1.3,Win32,58.82352941,,,,,,131.664,134.982,l,3.305,,,,,,,stimuliAXBmix/iiystimulus.wav,l,,,,,,,,,,,,,,,,,,,,,0,1,1,0,1,,,,,,,,,,,,,,,,,,,,,,,,,,,,,,,,,,,,,,,,,,,,,,,,,,,,,,,,,,,,,
,,,,,615256,001,2024-05-23_12h17.47.582,mathesisv2,2024.1.3,Win32,58.82352941,,,,,,134.9829,138.4139,f,3.4234,,,,,,,stimuliAXBmix/iyystimulus.wav,f,,,,,,,,,,,,,,,,,,,,,0,2,2,1,1,,,,,,,,,,,,,,,,,,,,,,,,,,,,,,,,,,,,,,,,,,,,,,,,,,,,,,,,,,,,,
,,,,,615256,001,2024-05-23_12h17.47.582,mathesisv2,2024.1.3,Win32,58.82352941,,,,,,138.4407,142.2282,f,3.7798,,,,,,,stimuliAXBmix/yuustimulus.wav,f,,,,,,,,,,,,,,,,,,,,,0,3,3,2,1,,,,,,,,,,,,,,,,,,,,,,,,,,,,,,,,,,,,,,,,,,,,,,,,,,,,,,,,,,,,,
,,,,,615256,001,2024-05-23_12h17.47.582,mathesisv2,2024.1.3,Win32,58.82352941,,,,,,142.2569,145.377,l,3.1038,,,,,,,stimuliAXBmix/iiystimulus.wav,l,,,,,,,,,,,,,,,,,,,,,1,0,4,0,1,,,,,,,,,,,,,,,,,,,,,,,,,,,,,,,,,,,,,,,,,,,,,,,,,,,,,,,,,,,,,
,,,,,615256,001,2024-05-23_12h17.47.582,mathesisv2,2024.1.3,Win32,58.82352941,,,,,,145.4051,148.4585,l,3.0379,,,,,,,stimuliAXBmix/yyustimulus.wav,l,,,,,,,,,,,,,,,,,,,,,1,1,5,3,1,,,,,,,,,,,,,,,,,,,,,,,,,,,,,,,,,,,,,,,,,,,,,,,,,,,,,,,,,,,,,
,,,,,615256,001,2024-05-23_12h17.47.582,mathesisv2,2024.1.3,Win32,58.82352941,,,,,,148.4594,151.5738,f,3.0973,,,,,,,stimuliAXBmix/iyystimulus.wav,f,,,,,,,,,,,,,,,,,,,,,1,2,6,1,1,,,,,,,,,,,,,,,,,,,,,,,,,,,,,,,,,,,,,,,,,,,,,,,,,,,,,,,,,,,,,
,,,,,615256,001,2024-05-23_12h17.47.582,mathesisv2,2024.1.3,Win32,58.82352941,,,,,,151.6032,154.6223,f,3.0083,,,,,,,stimuliAXBmix/yuustimulus.wav,f,,,,,,,,,,,,,,,,,,,,,1,3,7,2,1,,,,,,,,,,,,,,,,,,,,,,,,,,,,,,,,,,,,,,,,,,,,,,,,,,,,,,,,,,,,,
,,,,,615256,001,2024-05-23_12h17.47.582,mathesisv2,2024.1.3,Win32,58.82352941,,,,,,159.7106,162.9347,l,3.2088,,,,,,,stimuliAXBmix/yyustimulus.wav,l,,,,,,,,,,,0,0,0,3,1,,,,,,,,,,,154.6238,159.6714,space,5.0175,,,,,,,,,,,,,,,,,,,,,,,,,,,,,,,,,,,,,,,,,,,,,,,,,,,,,,,,,
,,,,,615256,001,2024-05-23_12h17.47.582,mathesisv2,2024.1.3,Win32,58.82352941,,,,,,162.9358,166.1666,f,3.206,,,,,,,stimuliAXBmix/yuustimulus.wav,f,,,,,,,,,,,0,1,1,2,1,,,,,,,,,,,,,,,,,,,,,,,,,,,,,,,,,,,,,,,,,,,,,,,,,,,,,,,,,,,,,,,,,,,,,,,
,,,,,615256,001,2024-05-23_12h17.47.582,mathesisv2,2024.1.3,Win32,58.82352941,,,,,,166.1959,169.9146,l,3.7061,,,,,,,stimuliAXBmix/iiystimulus.wav,l,,,,,,,,,,,0,2,2,0,1,,,,,,,,,,,,,,,,,,,,,,,,,,,,,,,,,,,,,,,,,,,,,,,,,,,,,,,,,,,,,,,,,,,,,,,
,,,,,615256,001,2024-05-23_12h17.47.582,mathesisv2,2024.1.3,Win32,58.82352941,,,,,,169.9435,173.0131,f,3.0573,,,,,,,stimuliAXBmix/iyystimulus.wav,f,,,,,,,,,,,0,3,3,1,1,,,,,,,,,,,,,,,,,,,,,,,,,,,,,,,,,,,,,,,,,,,,,,,,,,,,,,,,,,,,,,,,,,,,,,,
,,,,,615256,001,2024-05-23_12h17.47.582,mathesisv2,2024.1.3,Win32,58.82352941,,,,,,173.0144,176.5614,f,3.5345,,,,,,,stimuliAXBmix/yuustimulus.wav,f,,,,,,,,,,,1,0,4,2,1,,,,,,,,,,,,,,,,,,,,,,,,,,,,,,,,,,,,,,,,,,,,,,,,,,,,,,,,,,,,,,,,,,,,,,,
,,,,,615256,001,2024-05-23_12h17.47.582,mathesisv2,2024.1.3,Win32,58.82352941,,,,,,176.5906,179.7774,f,3.18,,,,,,,stimuliAXBmix/iyystimulus.wav,f,,,,,,,,,,,1,1,5,1,1,,,,,,,,,,,,,,,,,,,,,,,,,,,,,,,,,,,,,,,,,,,,,,,,,,,,,,,,,,,,,,,,,,,,,,,
,,,,,615256,001,2024-05-23_12h17.47.582,mathesisv2,2024.1.3,Win32,58.82352941,,,,,,179.8063,182.9762,l,3.1625,,,,,,,stimuliAXBmix/iiystimulus.wav,l,,,,,,,,,,,1,2,6,0,1,,,,,,,,,,,,,,,,,,,,,,,,,,,,,,,,,,,,,,,,,,,,,,,,,,,,,,,,,,,,,,,,,,,,,,,
,,,,,615256,001,2024-05-23_12h17.47.582,mathesisv2,2024.1.3,Win32,58.82352941,,,,,,182.9771,186.3566,l,3.3506,,,,,,,stimuliAXBmix/yyustimulus.wav,l,,,,,,,,,,,1,3,7,3,1,,,,,,,,,,,,,,,,,,,,,,,,,,,,,,,,,,,,,,,,,,,,,,,,,,,,,,,,,,,,,,,,,,,,,,,
,,,,,615256,001,2024-05-23_12h17.47.582,mathesisv2,2024.1.3,Win32,58.82352941,,,,,,186.3861,189.5054,l,3.1105,,,,,,,stimuliAXBmix/iiystimulus.wav,l,,,,,,,,,,,2,0,8,0,1,,,,,,,,,,,,,,,,,,,,,,,,,,,,,,,,,,,,,,,,,,,,,,,,,,,,,,,,,,,,,,,,,,,,,,,
,,,,,615256,001,2024-05-23_12h17.47.582,mathesisv2,2024.1.3,Win32,58.82352941,,,,,,189.5446,192.9532,l,3.3924,,,,,,,stimuliAXBmix/yyustimulus.wav,l,,,,,,,,,,,2,1,9,3,1,,,,,,,,,,,,,,,,,,,,,,,,,,,,,,,,,,,,,,,,,,,,,,,,,,,,,,,,,,,,,,,,,,,,,,,
,,,,,615256,001,2024-05-23_12h17.47.582,mathesisv2,2024.1.3,Win32,58.82352941,,,,,,192.9543,196.1184,f,3.1364,,,,,,,stimuliAXBmix/iyystimulus.wav,f,,,,,,,,,,,2,2,10,1,1,,,,,,,,,,,,,,,,,,,,,,,,,,,,,,,,,,,,,,,,,,,,,,,,,,,,,,,,,,,,,,,,,,,,,,,
,,,,,615256,001,2024-05-23_12h17.47.582,mathesisv2,2024.1.3,Win32,58.82352941,,,,,,196.1493,199.4669,f,3.3013,,,,,,,stimuliAXBmix/yuustimulus.wav,f,,,,,,,,,,,2,3,11,2,1,,,,,,,,,,,,,,,,,,,,,,,,,,,,,,,,,,,,,,,,,,,,,,,,,,,,,,,,,,,,,,,,,,,,,,,
,,,,,615256,001,2024-05-23_12h17.47.582,mathesisv2,2024.1.3,Win32,58.82352941,,,,,,202.6336,205.8138,f,3.1697,,,,,,,stimuliAXBmix/yuustimulus.wav,f,,,,,,,,,,,,,,,,199.4673,202.6149,return,3.1316,,0,0,0,2,1,,,,,,,,,,,,,,,,,,,,,,,,,,,,,,,,,,,,,,,,,,,,,,,,,,,,,,,,,,,,,
,,,,,615256,001,2024-05-23_12h17.47.582,mathesisv2,2024.1.3,Win32,58.82352941,,,,,,205.8433,209.0627,l,3.2027,,,,,,,stimuliAXBmix/iiystimulus.wav,l,,,,,,,,,,,,,,,,,,,,,0,1,1,0,1,,,,,,,,,,,,,,,,,,,,,,,,,,,,,,,,,,,,,,,,,,,,,,,,,,,,,,,,,,,,,
,,,,,615256,001,2024-05-23_12h17.47.582,mathesisv2,2024.1.3,Win32,58.82352941,,,,,,209.0636,212.2108,f,3.1358,,,,,,,stimuliAXBmix/iyystimulus.wav,f,,,,,,,,,,,,,,,,,,,,,0,2,2,1,1,,,,,,,,,,,,,,,,,,,,,,,,,,,,,,,,,,,,,,,,,,,,,,,,,,,,,,,,,,,,,
,,,,,615256,001,2024-05-23_12h17.47.582,mathesisv2,2024.1.3,Win32,58.82352941,,,,,,212.2397,215.2763,l,3.0195,,,,,,,stimuliAXBmix/yyustimulus.wav,l,,,,,,,,,,,,,,,,,,,,,0,3,3,3,1,,,,,,,,,,,,,,,,,,,,,,,,,,,,,,,,,,,,,,,,,,,,,,,,,,,,,,,,,,,,,
,,,,,615256,001,2024-05-23_12h17.47.582,mathesisv2,2024.1.3,Win32,58.82352941,,,,,,215.2769,218.8906,f,3.6038,,,,,,,stimuliAXBmix/iyystimulus.wav,f,,,,,,,,,,,,,,,,,,,,,1,0,4,1,1,,,,,,,,,,,,,,,,,,,,,,,,,,,,,,,,,,,,,,,,,,,,,,,,,,,,,,,,,,,,,
,,,,,615256,001,2024-05-23_12h17.47.582,mathesisv2,2024.1.3,Win32,58.82352941,,,,,,218.9192,222.0223,f,3.0878,,,,,,,stimuliAXBmix/yuustimulus.wav,f,,,,,,,,,,,,,,,,,,,,,1,1,5,2,1,,,,,,,,,,,,,,,,,,,,,,,,,,,,,,,,,,,,,,,,,,,,,,,,,,,,,,,,,,,,,
,,,,,615256,001,2024-05-23_12h17.47.582,mathesisv2,2024.1.3,Win32,58.82352941,,,,,,222.052,225.0051,l,2.9461,,,,,,,stimuliAXBmix/yyustimulus.wav,l,,,,,,,,,,,,,,,,,,,,,1,2,6,3,1,,,,,,,,,,,,,,,,,,,,,,,,,,,,,,,,,,,,,,,,,,,,,,,,,,,,,,,,,,,,,
,,,,,615256,001,2024-05-23_12h17.47.582,mathesisv2,2024.1.3,Win32,58.82352941,,,,,,225.006,227.9694,l,2.9476,,,,,,,stimuliAXBmix/iiystimulus.wav,l,,,,,,,,,,,,,,,,,,,,,1,3,7,0,1,,,,,,,,,,,,,,,,,,,,,,,,,,,,,,,,,,,,,,,,,,,,,,,,,,,,,,,,,,,,,
,,,,,615256,001,2024-05-23_12h17.47.582,mathesisv2,2024.1.3,Win32,58.82352941,,,,,,252.9962,256.272,l,3.2631,,,,,,,stimuliAXBmix/iiystimulus.wav,l,,,,,,,,,,,0,0,0,0,1,,,,,,,,,,,227.9697,252.9576,space,24.9706,,,,,,,,,,,,,,,,,,,,,,,,,,,,,,,,,,,,,,,,,,,,,,,,,,,,,,,,,
,,,,,615256,001,2024-05-23_12h17.47.582,mathesisv2,2024.1.3,Win32,58.82352941,,,,,,256.2732,259.204,f,2.9044,,,,,,,stimuliAXBmix/iyystimulus.wav,f,,,,,,,,,,,0,1,1,1,1,,,,,,,,,,,,,,,,,,,,,,,,,,,,,,,,,,,,,,,,,,,,,,,,,,,,,,,,,,,,,,,,,,,,,,,
,,,,,615256,001,2024-05-23_12h17.47.582,mathesisv2,2024.1.3,Win32,58.82352941,,,,,,259.238,262.3191,l,3.0679,,,,,,,stimuliAXBmix/yyustimulus.wav,l,,,,,,,,,,,0,2,2,3,1,,,,,,,,,,,,,,,,,,,,,,,,,,,,,,,,,,,,,,,,,,,,,,,,,,,,,,,,,,,,,,,,,,,,,,,
,,,,,615256,001,2024-05-23_12h17.47.582,mathesisv2,2024.1.3,Win32,58.82352941,,,,,,262.3197,265.4846,f,3.1563,,,,,,,stimuliAXBmix/yuustimulus.wav,f,,,,,,,,,,,0,3,3,2,1,,,,,,,,,,,,,,,,,,,,,,,,,,,,,,,,,,,,,,,,,,,,,,,,,,,,,,,,,,,,,,,,,,,,,,,
,,,,,615256,001,2024-05-23_12h17.47.582,mathesisv2,2024.1.3,Win32,58.82352941,,,,,,265.5179,269.5155,l,3.9899,,,,,,,stimuliAXBmix/iiystimulus.wav,l,,,,,,,,,,,1,0,4,0,1,,,,,,,,,,,,,,,,,,,,,,,,,,,,,,,,,,,,,,,,,,,,,,,,,,,,,,,,,,,,,,,,,,,,,,,
,,,,,615256,001,2024-05-23_12h17.47.582,mathesisv2,2024.1.3,Win32,58.82352941,,,,,,269.5446,272.7972,f,3.2427,,,,,,,stimuliAXBmix/yuustimulus.wav,f,,,,,,,,,,,1,1,5,2,1,,,,,,,,,,,,,,,,,,,,,,,,,,,,,,,,,,,,,,,,,,,,,,,,,,,,,,,,,,,,,,,,,,,,,,,
,,,,,615256,001,2024-05-23_12h17.47.582,mathesisv2,2024.1.3,Win32,58.82352941,,,,,,272.798,276.0126,l,3.2025,,,,,,,stimuliAXBmix/iyystimulus.wav,f,,,,,,,,,,,1,2,6,1,1,,,,,,,,,,,,,,,,,,,,,,,,,,,,,,,,,,,,,,,,,,,,,,,,,,,,,,,,,,,,,,,,,,,,,,,
,,,,,615256,001,2024-05-23_12h17.47.582,mathesisv2,2024.1.3,Win32,58.82352941,,,,,,276.0422,280.2438,l,4.1854,,,,,,,stimuliAXBmix/yyustimulus.wav,l,,,,,,,,,,,1,3,7,3,1,,,,,,,,,,,,,,,,,,,,,,,,,,,,,,,,,,,,,,,,,,,,,,,,,,,,,,,,,,,,,,,,,,,,,,,
,,,,,615256,001,2024-05-23_12h17.47.582,mathesisv2,2024.1.3,Win32,58.82352941,,,,,,280.2728,283.2588,l,2.9703,,,,,,,stimuliAXBmix/yyustimulus.wav,l,,,,,,,,,,,2,0,8,3,1,,,,,,,,,,,,,,,,,,,,,,,,,,,,,,,,,,,,,,,,,,,,,,,,,,,,,,,,,,,,,,,,,,,,,,,
,,,,,615256,001,2024-05-23_12h17.47.582,mathesisv2,2024.1.3,Win32,58.82352941,,,,,,283.2883,286.2405,f,2.9432,,,,,,,stimuliAXBmix/iyystimulus.wav,f,,,,,,,,,,,2,1,9,1,1,,,,,,,,,,,,,,,,,,,,,,,,,,,,,,,,,,,,,,,,,,,,,,,,,,,,,,,,,,,,,,,,,,,,,,,
,,,,,615256,001,2024-05-23_12h17.47.582,mathesisv2,2024.1.3,Win32,58.82352941,,,,,,286.2412,289.0392,l,2.7823,,,,,,,stimuliAXBmix/iiystimulus.wav,l,,,,,,,,,,,2,2,10,0,1,,,,,,,,,,,,,,,,,,,,,,,,,,,,,,,,,,,,,,,,,,,,,,,,,,,,,,,,,,,,,,,,,,,,,,,
,,,,,615256,001,2024-05-23_12h17.47.582,mathesisv2,2024.1.3,Win32,58.82352941,,,,,,289.0399,292.5374,f,3.4806,,,,,,,stimuliAXBmix/yuustimulus.wav,f,,,,,,,,,,,2,3,11,2,1,,,,,,,,,,,,,,,,,,,,,,,,,,,,,,,,,,,,,,,,,,,,,,,,,,,,,,,,,,,,,,,,,,,,,,,
,,,,,615256,001,2024-05-23_12h17.47.582,mathesisv2,2024.1.3,Win32,58.82352941,,,,,,299.1196,302.583,l,3.4486,,,,,,,stimuliAXBmix/iiystimulus.wav,l,,,,,,,,,,,,,,,,292.5377,299.1007,return,6.5441,,0,0,0,0,1,,,,,,,,,,,,,,,,,,,,,,,,,,,,,,,,,,,,,,,,,,,,,,,,,,,,,,,,,,,,,
,,,,,615256,001,2024-05-23_12h17.47.582,mathesisv2,2024.1.3,Win32,58.82352941,,,,,,302.5841,305.8148,f,3.2025,,,,,,,stimuliAXBmix/yuustimulus.wav,f,,,,,,,,,,,,,,,,,,,,,0,1,1,2,1,,,,,,,,,,,,,,,,,,,,,,,,,,,,,,,,,,,,,,,,,,,,,,,,,,,,,,,,,,,,,
,,,,,615256,001,2024-05-23_12h17.47.582,mathesisv2,2024.1.3,Win32,58.82352941,,,,,,305.844,308.8795,l,3.0193,,,,,,,stimuliAXBmix/yyustimulus.wav,l,,,,,,,,,,,,,,,,,,,,,0,2,2,3,1,,,,,,,,,,,,,,,,,,,,,,,,,,,,,,,,,,,,,,,,,,,,,,,,,,,,,,,,,,,,,
,,,,,615256,001,2024-05-23_12h17.47.582,mathesisv2,2024.1.3,Win32,58.82352941,,,,,,308.8805,311.9779,f,3.0839,,,,,,,stimuliAXBmix/iyystimulus.wav,f,,,,,,,,,,,,,,,,,,,,,0,3,3,1,1,,,,,,,,,,,,,,,,,,,,,,,,,,,,,,,,,,,,,,,,,,,,,,,,,,,,,,,,,,,,,
,,,,,615256,001,2024-05-23_12h17.47.582,mathesisv2,2024.1.3,Win32,58.82352941,,,,,,312.0079,315.0599,l,3.0406,,,,,,,stimuliAXBmix/yyustimulus.wav,l,,,,,,,,,,,,,,,,,,,,,1,0,4,3,1,,,,,,,,,,,,,,,,,,,,,,,,,,,,,,,,,,,,,,,,,,,,,,,,,,,,,,,,,,,,,
,,,,,615256,001,2024-05-23_12h17.47.582,mathesisv2,2024.1.3,Win32,58.82352941,,,,,,315.0606,318.1915,f,3.1167,,,,,,,stimuliAXBmix/iyystimulus.wav,f,,,,,,,,,,,,,,,,,,,,,1,1,5,1,1,,,,,,,,,,,,,,,,,,,,,,,,,,,,,,,,,,,,,,,,,,,,,,,,,,,,,,,,,,,,,
,,,,,615256,001,2024-05-23_12h17.47.582,mathesisv2,2024.1.3,Win32,58.82352941,,,,,,318.2205,321.4565,f,3.2204,,,,,,,stimuliAXBmix/yuustimulus.wav,f,,,,,,,,,,,,,,,,,,,,,1,2,6,2,1,,,,,,,,,,,,,,,,,,,,,,,,,,,,,,,,,,,,,,,,,,,,,,,,,,,,,,,,,,,,,
,,,,,615256,001,2024-05-23_12h17.47.582,mathesisv2,2024.1.3,Win32,58.82352941,,,,,,321.4856,324.4392,l,2.9369,,,,,,,stimuliAXBmix/iiystimulus.wav,l,,,,,,,,,,,,,,,,,,,,,1,3,7,0,1,,,,,,,,,,,,,,,,,,,,,,,,,,,,,,,,,,,,,,,,,,,,,,,,,,,,,,,,,,,,,
,,,,,615256,001,2024-05-23_12h17.47.582,mathesisv2,2024.1.3,Win32,58.82352941,,,,,,329.8253,332.9843,l,3.1447,,,,,,,stimuliAXBmix/yyustimulus.wav,l,,,,,,,,,,,0,0,0,3,1,,,,,,,,,,,324.4395,329.8023,space,5.3445,,,,,,,,,,,,,,,,,,,,,,,,,,,,,,,,,,,,,,,,,,,,,,,,,,,,,,,,,
,,,,,615256,001,2024-05-23_12h17.47.582,mathesisv2,2024.1.3,Win32,58.82352941,,,,,,332.9858,336.1158,f,3.1039,,,,,,,stimuliAXBmix/iyystimulus.wav,f,,,,,,,,,,,0,1,1,1,1,,,,,,,,,,,,,,,,,,,,,,,,,,,,,,,,,,,,,,,,,,,,,,,,,,,,,,,,,,,,,,,,,,,,,,,
,,,,,615256,001,2024-05-23_12h17.47.582,mathesisv2,2024.1.3,Win32,58.82352941,,,,,,336.1453,339.631,f,3.4706,,,,,,,stimuliAXBmix/yuustimulus.wav,f,,,,,,,,,,,0,2,2,2,1,,,,,,,,,,,,,,,,,,,,,,,,,,,,,,,,,,,,,,,,,,,,,,,,,,,,,,,,,,,,,,,,,,,,,,,
,,,,,615256,001,2024-05-23_12h17.47.582,mathesisv2,2024.1.3,Win32,58.82352941,,,,,,339.6596,342.4628,l,2.7876,,,,,,,stimuliAXBmix/iiystimulus.wav,l,,,,,,,,,,,0,3,3,0,1,,,,,,,,,,,,,,,,,,,,,,,,,,,,,,,,,,,,,,,,,,,,,,,,,,,,,,,,,,,,,,,,,,,,,,,
,,,,,615256,001,2024-05-23_12h17.47.582,mathesisv2,2024.1.3,Win32,58.82352941,,,,,,342.4635,345.3946,f,2.9197,,,,,,,stimuliAXBmix/iyystimulus.wav,f,,,,,,,,,,,1,0,4,1,1,,,,,,,,,,,,,,,,,,,,,,,,,,,,,,,,,,,,,,,,,,,,,,,,,,,,,,,,,,,,,,,,,,,,,,,
,,,,,615256,001,2024-05-23_12h17.47.582,mathesisv2,2024.1.3,Win32,58.82352941,,,,,,345.4238,350.6922,f,5.2525,,,,,,,stimuliAXBmix/yuustimulus.wav,f,,,,,,,,,,,1,1,5,2,1,,,,,,,,,,,,,,,,,,,,,,,,,,,,,,,,,,,,,,,,,,,,,,,,,,,,,,,,,,,,,,,,,,,,,,,
,,,,,615256,001,2024-05-23_12h17.47.582,mathesisv2,2024.1.3,Win32,58.82352941,,,,,,350.7218,354.2403,l,3.5089,,,,,,,stimuliAXBmix/yyustimulus.wav,l,,,,,,,,,,,1,2,6,3,1,,,,,,,,,,,,,,,,,,,,,,,,,,,,,,,,,,,,,,,,,,,,,,,,,,,,,,,,,,,,,,,,,,,,,,,
,,,,,615256,001,2024-05-23_12h17.47.582,mathesisv2,2024.1.3,Win32,58.82352941,,,,,,354.2697,357.4723,l,3.1864,,,,,,,stimuliAXBmix/iiystimulus.wav,l,,,,,,,,,,,1,3,7,0,1,,,,,,,,,,,,,,,,,,,,,,,,,,,,,,,,,,,,,,,,,,,,,,,,,,,,,,,,,,,,,,,,,,,,,,,
,,,,,615256,001,2024-05-23_12h17.47.582,mathesisv2,2024.1.3,Win32,58.82352941,,,,,,357.502,360.404,l,2.8862,,,,,,,stimuliAXBmix/iiystimulus.wav,l,,,,,,,,,,,2,0,8,0,1,,,,,,,,,,,,,,,,,,,,,,,,,,,,,,,,,,,,,,,,,,,,,,,,,,,,,,,,,,,,,,,,,,,,,,,
,,,,,615256,001,2024-05-23_12h17.47.582,mathesisv2,2024.1.3,Win32,58.82352941,,,,,,360.4047,363.5692,l,3.1511,,,,,,,stimuliAXBmix/yyustimulus.wav,l,,,,,,,,,,,2,1,9,3,1,,,,,,,,,,,,,,,,,,,,,,,,,,,,,,,,,,,,,,,,,,,,,,,,,,,,,,,,,,,,,,,,,,,,,,,
,,,,,615256,001,2024-05-23_12h17.47.582,mathesisv2,2024.1.3,Win32,58.82352941,,,,,,363.5999,366.8175,f,3.202,,,,,,,stimuliAXBmix/yuustimulus.wav,f,,,,,,,,,,,2,2,10,2,1,,,,,,,,,,,,,,,,,,,,,,,,,,,,,,,,,,,,,,,,,,,,,,,,,,,,,,,,,,,,,,,,,,,,,,,
,,,,,615256,001,2024-05-23_12h17.47.582,mathesisv2,2024.1.3,Win32,58.82352941,,,,,,366.8184,369.8826,f,3.0552,,,,,,,stimuliAXBmix/iyystimulus.wav,f,,,,,,,,,,,2,3,11,1,1,,,,,,,,,,,,,,,,,,,,,,,,,,,,,,,,,,,,,,,,,,,,,,,,,,,,,,,,,,,,,,,,,,,,,,,
,,,,,615256,001,2024-05-23_12h17.47.582,mathesisv2,2024.1.3,Win32,58.82352941,,,,,,372.0805,375.08,l,2.9839,,,,,,,stimuliAXBmix/yyustimulus.wav,l,,,,,,,,,,,,,,,,369.8829,372.0645,return,2.1716,,0,0,0,3,1,,,,,,,,,,,,,,,,,,,,,,,,,,,,,,,,,,,,,,,,,,,,,,,,,,,,,,,,,,,,,
,,,,,615256,001,2024-05-23_12h17.47.582,mathesisv2,2024.1.3,Win32,58.82352941,,,,,,375.081,378.2624,f,3.1506,,,,,,,stimuliAXBmix/iyystimulus.wav,f,,,,,,,,,,,,,,,,,,,,,0,1,1,1,1,,,,,,,,,,,,,,,,,,,,,,,,,,,,,,,,,,,,,,,,,,,,,,,,,,,,,,,,,,,,,
,,,,,615256,001,2024-05-23_12h17.47.582,mathesisv2,2024.1.3,Win32,58.82352941,,,,,,378.2926,383.1266,f,4.8273,,,,,,,stimuliAXBmix/yuustimulus.wav,f,,,,,,,,,,,,,,,,,,,,,0,2,2,2,1,,,,,,,,,,,,,,,,,,,,,,,,,,,,,,,,,,,,,,,,,,,,,,,,,,,,,,,,,,,,,
,,,,,615256,001,2024-05-23_12h17.47.582,mathesisv2,2024.1.3,Win32,58.82352941,,,,,,383.1559,386.2416,l,3.074,,,,,,,stimuliAXBmix/iiystimulus.wav,l,,,,,,,,,,,,,,,,,,,,,0,3,3,0,1,,,,,,,,,,,,,,,,,,,,,,,,,,,,,,,,,,,,,,,,,,,,,,,,,,,,,,,,,,,,,
,,,,,615256,001,2024-05-23_12h17.47.582,mathesisv2,2024.1.3,Win32,58.82352941,,,,,,386.2712,389.2228,l,2.937,,,,,,,stimuliAXBmix/iiystimulus.wav,l,,,,,,,,,,,,,,,,,,,,,1,0,4,0,1,,,,,,,,,,,,,,,,,,,,,,,,,,,,,,,,,,,,,,,,,,,,,,,,,,,,,,,,,,,,,
,,,,,615256,001,2024-05-23_12h17.47.582,mathesisv2,2024.1.3,Win32,58.82352941,,,,,,389.2234,392.3881,f,3.1472,,,,,,,stimuliAXBmix/yuustimulus.wav,f,,,,,,,,,,,,,,,,,,,,,1,1,5,2,1,,,,,,,,,,,,,,,,,,,,,,,,,,,,,,,,,,,,,,,,,,,,,,,,,,,,,,,,,,,,,
,,,,,615256,001,2024-05-23_12h17.47.582,mathesisv2,2024.1.3,Win32,58.82352941,,,,,,392.417,395.7031,l,3.2751,,,,,,,stimuliAXBmix/yyustimulus.wav,l,,,,,,,,,,,,,,,,,,,,,1,2,6,3,1,,,,,,,,,,,,,,,,,,,,,,,,,,,,,,,,,,,,,,,,,,,,,,,,,,,,,,,,,,,,,
,,,,,615256,001,2024-05-23_12h17.47.582,mathesisv2,2024.1.3,Win32,58.82352941,,,,,,395.7322,398.8683,f,3.1204,,,,,,,stimuliAXBmix/iyystimulus.wav,f,,,,,,,,,,,,,,,,,,,,,1,3,7,1,1,,,,,,,,,,,,,,,,,,,,,,,,,,,,,,,,,,,,,,,,,,,,,,,,,,,,,,,,,,,,,
,,,,,615256,001,2024-05-23_12h17.47.582,mathesisv2,2024.1.3,Win32,58.82352941,,,,,,,,,,,,,,,,,,,,,,,,,,,,,,,,,,,,,,,,,,,398.8686,402.9998,space,4.1132,,403.0018,410.3312,space,7.3026,,,,,,,,,,,,,,,,,,,,,,,,,,,,,,,,,,,,,,,,,,,,,,,,,,,,
,,,,,615256,001,2024-05-23_12h17.47.582,mathesisv2,2024.1.3,Win32,58.82352941,,,,,,,,,,,,,,,,,,,,,,,,,,,,,,,,,,,,,,,,,,,,,,,,,,,,,410.3751,416.6443,e,6.2394,,0,0,0,1,1,testTAFCmixfirst/nimnym002.wav,,,,,,,,,,,,,,,,,,,,,,,,,,,,,,,,,,,,,,,,
,,,,,615256,001,2024-05-23_12h17.47.582,mathesisv2,2024.1.3,Win32,58.82352941,,,,,,,,,,,,,,,,,,,,,,,,,,,,,,,,,,,,,,,,,,,,,,,,,,,,,416.6745,419.6579,y,2.968,,0,1,1,2,1,testTAFCmixfirst/nimnym006.wav,,,,,,,,,,,,,,,,,,,,,,,,,,,,,,,,,,,,,,,,
,,,,,615256,001,2024-05-23_12h17.47.582,mathesisv2,2024.1.3,Win32,58.82352941,,,,,,,,,,,,,,,,,,,,,,,,,,,,,,,,,,,,,,,,,,,,,,,,,,,,,419.6873,422.0235,e,2.3242,,0,2,2,0,1,testTAFCmixfirst/nimnym001.wav,,,,,,,,,,,,,,,,,,,,,,,,,,,,,,,,,,,,,,,,
,,,,,615256,001,2024-05-23_12h17.47.582,mathesisv2,2024.1.3,Win32,58.82352941,,,,,,,,,,,,,,,,,,,,,,,,,,,,,,,,,,,,,,,,,,,,,,,,,,,,,,,,,,,,,,,,422.0346,428.3055,y,6.2455,,0,0,0,2,1,testTAFCmixsec/numnym006.wav,,,,,,,,,,,,,,,,,,,,,,,,,,,,,
,,,,,615256,001,2024-05-23_12h17.47.582,mathesisv2,2024.1.3,Win32,58.82352941,,,,,,,,,,,,,,,,,,,,,,,,,,,,,,,,,,,,,,,,,,,,,,,,,,,,,,,,,,,,,,,,428.3349,430.2196,u,1.8687,,0,1,1,1,1,testTAFCmixsec/numnym002.wav,,,,,,,,,,,,,,,,,,,,,,,,,,,,,
,,,,,615256,001,2024-05-23_12h17.47.582,mathesisv2,2024.1.3,Win32,58.82352941,,,,,,,,,,,,,,,,,,,,,,,,,,,,,,,,,,,,,,,,,,,,,,,,,,,,,,,,,,,,,,,,430.2213,431.6029,u,1.3519,,0,2,2,0,1,testTAFCmixsec/numnym001.wav,,,,,,,,,,,,,,,,,,,,,,,,,,,,,
,,,,,615256,001,2024-05-23_12h17.47.582,mathesisv2,2024.1.3,Win32,58.82352941,,,,,,,,,,,,,,,,,,,,,,,,,,,,,,,,,,,,,,,,,,,,,,,,,,,,,,,,,,,,,,,,,,,,,,,,,,,431.6047,452.0611,space,20.4267,,,,,,,,,,,,,,,,,,,,,,,,,
,,,,,615256,001,2024-05-23_12h17.47.582,mathesisv2,2024.1.3,Win32,58.82352941,,,,,,,,,,,,,,,,,x,,,,,,,,,,,,,,,,,,,,,,,,,,,,,,,,,,,,,,,,,,,,,,,,,,,,,,,,,,,,,,,452.1066,454.6415,y,2.5141,,0,0,0,3,1,stimuliTAFCfirst/nimnym004.wav,,,,,,,,,,,,,
,,,,,615256,001,2024-05-23_12h17.47.582,mathesisv2,2024.1.3,Win32,58.82352941,,,,,,,,,,,,,,,,,e,,,,,,,,,,,,,,,,,,,,,,,,,,,,,,,,,,,,,,,,,,,,,,,,,,,,,,,,,,,,,,,454.6429,456.1239,e,1.4515,,0,1,1,1,1,stimuliTAFCfirst/nimnym002.wav,,,,,,,,,,,,,
,,,,,615256,001,2024-05-23_12h17.47.582,mathesisv2,2024.1.3,Win32,58.82352941,,,,,,,,,,,,,,,,,y,,,,,,,,,,,,,,,,,,,,,,,,,,,,,,,,,,,,,,,,,,,,,,,,,,,,,,,,,,,,,,,456.1248,458.4061,y,2.2553,,0,2,2,4,1,stimuliTAFCfirst/nimnym005.wav,,,,,,,,,,,,,
,,,,,615256,001,2024-05-23_12h17.47.582,mathesisv2,2024.1.3,Win32,58.82352941,,,,,,,,,,,,,,,,,y,,,,,,,,,,,,,,,,,,,,,,,,,,,,,,,,,,,,,,,,,,,,,,,,,,,,,,,,,,,,,,,458.4071,459.7386,y,1.3054,,0,3,3,5,1,stimuliTAFCfirst/nimnym006.wav,,,,,,,,,,,,,
,,,,,615256,001,2024-05-23_12h17.47.582,mathesisv2,2024.1.3,Win32,58.82352941,,,,,,,,,,,,,,,,,e,,,,,,,,,,,,,,,,,,,,,,,,,,,,,,,,,,,,,,,,,,,,,,,,,,,,,,,,,,,,,,,459.7395,461.3049,e,1.5349,,0,4,4,0,1,stimuliTAFCfirst/nimnym001.wav,,,,,,,,,,,,,
,,,,,615256,001,2024-05-23_12h17.47.582,mathesisv2,2024.1.3,Win32,58.82352941,,,,,,,,,,,,,,,,,e,,,,,,,,,,,,,,,,,,,,,,,,,,,,,,,,,,,,,,,,,,,,,,,,,,,,,,,,,,,,,,,461.3059,463.37,y,2.0335,,0,5,5,2,1,stimuliTAFCfirst/nimnym003.wav,,,,,,,,,,,,,
,,,,,615256,001,2024-05-23_12h17.47.582,mathesisv2,2024.1.3,Win32,58.82352941,,,,,,,,,,,,,,,,,y,,,,,,,,,,,,,,,,,,,,,,,,,,,,,,,,,,,,,,,,,,,,,,,,,,,,,,,,,,,,,,,463.3709,464.6537,y,1.2606,,0,6,6,6,1,stimuliTAFCfirst/nimnym007.wav,,,,,,,,,,,,,
,,,,,615256,001,2024-05-23_12h17.47.582,mathesisv2,2024.1.3,Win32,58.82352941,,,,,,,,,,,,,,,,,x,,,,,,,,,,,,,,,,,,,,,,,,,,,,,,,,,,,,,,,,,,,,,,,,,,,,,,,,,,,,,,,464.6553,466.0889,y,1.4141,,1,0,7,3,1,stimuliTAFCfirst/nimnym004.wav,,,,,,,,,,,,,
,,,,,615256,001,2024-05-23_12h17.47.582,mathesisv2,2024.1.3,Win32,58.82352941,,,,,,,,,,,,,,,,,y,,,,,,,,,,,,,,,,,,,,,,,,,,,,,,,,,,,,,,,,,,,,,,,,,,,,,,,,,,,,,,,466.0899,467.2518,y,1.1352,,1,1,8,6,1,stimuliTAFCfirst/nimnym007.wav,,,,,,,,,,,,,
,,,,,615256,001,2024-05-23_12h17.47.582,mathesisv2,2024.1.3,Win32,58.82352941,,,,,,,,,,,,,,,,,e,,,,,,,,,,,,,,,,,,,,,,,,,,,,,,,,,,,,,,,,,,,,,,,,,,,,,,,,,,,,,,,467.2529,468.8008,e,1.5179,,1,2,9,1,1,stimuliTAFCfirst/nimnym002.wav,,,,,,,,,,,,,
,,,,,615256,001,2024-05-23_12h17.47.582,mathesisv2,2024.1.3,Win32,58.82352941,,,,,,,,,,,,,,,,,e,,,,,,,,,,,,,,,,,,,,,,,,,,,,,,,,,,,,,,,,,,,,,,,,,,,,,,,,,,,,,,,468.8022,469.9503,e,1.1241,,1,3,10,0,1,stimuliTAFCfirst/nimnym001.wav,,,,,,,,,,,,,
,,,,,615256,001,2024-05-23_12h17.47.582,mathesisv2,2024.1.3,Win32,58.82352941,,,,,,,,,,,,,,,,,y,,,,,,,,,,,,,,,,,,,,,,,,,,,,,,,,,,,,,,,,,,,,,,,,,,,,,,,,,,,,,,,469.9513,471.6327,y,1.6517,,1,4,11,5,1,stimuliTAFCfirst/nimnym006.wav,,,,,,,,,,,,,
,,,,,615256,001,2024-05-23_12h17.47.582,mathesisv2,2024.1.3,Win32,58.82352941,,,,,,,,,,,,,,,,,e,,,,,,,,,,,,,,,,,,,,,,,,,,,,,,,,,,,,,,,,,,,,,,,,,,,,,,,,,,,,,,,471.6338,472.9651,y,1.3028,,1,5,12,2,1,stimuliTAFCfirst/nimnym003.wav,,,,,,,,,,,,,
,,,,,615256,001,2024-05-23_12h17.47.582,mathesisv2,2024.1.3,Win32,58.82352941,,,,,,,,,,,,,,,,,y,,,,,,,,,,,,,,,,,,,,,,,,,,,,,,,,,,,,,,,,,,,,,,,,,,,,,,,,,,,,,,,472.966,474.4324,y,1.4398,,1,6,13,4,1,stimuliTAFCfirst/nimnym005.wav,,,,,,,,,,,,,
,,,,,615256,001,2024-05-23_12h17.47.582,mathesisv2,2024.1.3,Win32,58.82352941,,,,,,,,,,,,,,,,,y,474.4347,476.4325,space,1.9698,,,,,,,,,,,,,,,,,,,,,,,,,,,,,,,,,,,,,,,,,,,,,,,,,,,,,,,,,,,,,,,,,,,,,,476.4785,479.5125,y,3.0147,,0,0,0,6,1,stimuliTAFCsec/numnym007.wav,,
,,,,,615256,001,2024-05-23_12h17.47.582,mathesisv2,2024.1.3,Win32,58.82352941,,,,,,,,,,,,,,,,,y,,,,,,,,,,,,,,,,,,,,,,,,,,,,,,,,,,,,,,,,,,,,,,,,,,,,,,,,,,,,,,,,,,,,,,,,,,479.5138,480.878,y,1.341,,0,1,1,5,1,stimuliTAFCsec/numnym006.wav,,
,,,,,615256,001,2024-05-23_12h17.47.582,mathesisv2,2024.1.3,Win32,58.82352941,,,,,,,,,,,,,,,,,u,,,,,,,,,,,,,,,,,,,,,,,,,,,,,,,,,,,,,,,,,,,,,,,,,,,,,,,,,,,,,,,,,,,,,,,,,,480.8791,482.2279,u,1.3184,,0,2,2,0,1,stimuliTAFCsec/numnym001.wav,,
,,,,,615256,001,2024-05-23_12h17.47.582,mathesisv2,2024.1.3,Win32,58.82352941,,,,,,,,,,,,,,,,,y,,,,,,,,,,,,,,,,,,,,,,,,,,,,,,,,,,,,,,,,,,,,,,,,,,,,,,,,,,,,,,,,,,,,,,,,,,482.229,483.727,y,1.4724,,0,3,3,4,1,stimuliTAFCsec/numnym005.wav,,
,,,,,615256,001,2024-05-23_12h17.47.582,mathesisv2,2024.1.3,Win32,58.82352941,,,,,,,,,,,,,,,,,u,,,,,,,,,,,,,,,,,,,,,,,,,,,,,,,,,,,,,,,,,,,,,,,,,,,,,,,,,,,,,,,,,,,,,,,,,,483.7279,484.8929,u,1.1388,,0,4,4,1,1,stimuliTAFCsec/numnym002.wav,,
,,,,,615256,001,2024-05-23_12h17.47.582,mathesisv2,2024.1.3,Win32,58.82352941,,,,,,,,,,,,,,,,,x,,,,,,,,,,,,,,,,,,,,,,,,,,,,,,,,,,,,,,,,,,,,,,,,,,,,,,,,,,,,,,,,,,,,,,,,,,484.8939,486.3592,u,1.4408,,0,5,5,3,1,stimuliTAFCsec/numnym004.wav,,
,,,,,615256,001,2024-05-23_12h17.47.582,mathesisv2,2024.1.3,Win32,58.82352941,,,,,,,,,,,,,,,,,u,,,,,,,,,,,,,,,,,,,,,,,,,,,,,,,,,,,,,,,,,,,,,,,,,,,,,,,,,,,,,,,,,,,,,,,,,,486.3603,487.4926,u,1.1107,,0,6,6,2,1,stimuliTAFCsec/numnym003.wav,,
,,,,,615256,001,2024-05-23_12h17.47.582,mathesisv2,2024.1.3,Win32,58.82352941,,,,,,,,,,,,,,,,,y,,,,,,,,,,,,,,,,,,,,,,,,,,,,,,,,,,,,,,,,,,,,,,,,,,,,,,,,,,,,,,,,,,,,,,,,,,487.4938,488.791,y,1.2748,,1,0,7,6,1,stimuliTAFCsec/numnym007.wav,,
,,,,,615256,001,2024-05-23_12h17.47.582,mathesisv2,2024.1.3,Win32,58.82352941,,,,,,,,,,,,,,,,,y,,,,,,,,,,,,,,,,,,,,,,,,,,,,,,,,,,,,,,,,,,,,,,,,,,,,,,,,,,,,,,,,,,,,,,,,,,488.7921,491.8559,y,3.0426,,1,1,8,4,1,stimuliTAFCsec/numnym005.wav,,
,,,,,615256,001,2024-05-23_12h17.47.582,mathesisv2,2024.1.3,Win32,58.82352941,,,,,,,,,,,,,,,,,u,,,,,,,,,,,,,,,,,,,,,,,,,,,,,,,,,,,,,,,,,,,,,,,,,,,,,,,,,,,,,,,,,,,,,,,,,,491.857,492.9888,u,1.1036,,1,2,9,0,1,stimuliTAFCsec/numnym001.wav,,
,,,,,615256,001,2024-05-23_12h17.47.582,mathesisv2,2024.1.3,Win32,58.82352941,,,,,,,,,,,,,,,,,u,,,,,,,,,,,,,,,,,,,,,,,,,,,,,,,,,,,,,,,,,,,,,,,,,,,,,,,,,,,,,,,,,,,,,,,,,,492.9898,494.1055,u,1.0939,,1,3,10,1,1,stimuliTAFCsec/numnym002.wav,,
,,,,,615256,001,2024-05-23_12h17.47.582,mathesisv2,2024.1.3,Win32,58.82352941,,,,,,,,,,,,,,,,,u,,,,,,,,,,,,,,,,,,,,,,,,,,,,,,,,,,,,,,,,,,,,,,,,,,,,,,,,,,,,,,,,,,,,,,,,,,494.1066,495.2042,u,1.0678,,1,4,11,2,1,stimuliTAFCsec/numnym003.wav,,
,,,,,615256,001,2024-05-23_12h17.47.582,mathesisv2,2024.1.3,Win32,58.82352941,,,,,,,,,,,,,,,,,y,,,,,,,,,,,,,,,,,,,,,,,,,,,,,,,,,,,,,,,,,,,,,,,,,,,,,,,,,,,,,,,,,,,,,,,,,,495.2058,496.36,y,1.1335,,1,5,12,5,1,stimuliTAFCsec/numnym006.wav,,
,,,,,615256,001,2024-05-23_12h17.47.582,mathesisv2,2024.1.3,Win32,58.82352941,,,,,,,,,,,,,,,,,x,,,,,,,,,,,,,,,,,,,,,,,,,,,,,,,,,,,,,,,,,,,,,,,,,,,,,,,,,,,,,,,,,,,,,,,,,,496.3606,497.8865,y,1.5051,,1,6,13,3,1,stimuliTAFCsec/numnym004.wav,,
,,,,,615256,001,2024-05-23_12h17.47.582,mathesisv2,2024.1.3,Win32,58.82352941,,,,,,,,,,,,,,,,,e,,,,,,,,,,,,,,,,,,,,,,,,,,497.8886,499.7532,space,1.8398,,,,,,,,,,,,,,,,,,,,,,,,,,,,,,,,,,499.7617,501.4516,e,1.6689,,0,0,0,0,1,stimuliTAFCfirst/nimnym001.wav,,,,,,,,,,,,,
,,,,,615256,001,2024-05-23_12h17.47.582,mathesisv2,2024.1.3,Win32,58.82352941,,,,,,,,,,,,,,,,,e,,,,,,,,,,,,,,,,,,,,,,,,,,,,,,,,,,,,,,,,,,,,,,,,,,,,,,,,,,,,,,,501.453,502.7005,e,1.2179,,0,1,1,2,1,stimuliTAFCfirst/nimnym003.wav,,,,,,,,,,,,,
,,,,,615256,001,2024-05-23_12h17.47.582,mathesisv2,2024.1.3,Win32,58.82352941,,,,,,,,,,,,,,,,,y,,,,,,,,,,,,,,,,,,,,,,,,,,,,,,,,,,,,,,,,,,,,,,,,,,,,,,,,,,,,,,,502.7018,503.9333,y,1.2011,,0,2,2,6,1,stimuliTAFCfirst/nimnym007.wav,,,,,,,,,,,,,
,,,,,615256,001,2024-05-23_12h17.47.582,mathesisv2,2024.1.3,Win32,58.82352941,,,,,,,,,,,,,,,,,y,,,,,,,,,,,,,,,,,,,,,,,,,,,,,,,,,,,,,,,,,,,,,,,,,,,,,,,,,,,,,,,503.9343,504.9995,y,1.0346,,0,3,3,4,1,stimuliTAFCfirst/nimnym005.wav,,,,,,,,,,,,,
,,,,,615256,001,2024-05-23_12h17.47.582,mathesisv2,2024.1.3,Win32,58.82352941,,,,,,,,,,,,,,,,,x,,,,,,,,,,,,,,,,,,,,,,,,,,,,,,,,,,,,,,,,,,,,,,,,,,,,,,,,,,,,,,,505.0005,506.0825,y,1.0532,,0,4,4,3,1,stimuliTAFCfirst/nimnym004.wav,,,,,,,,,,,,,
,,,,,615256,001,2024-05-23_12h17.47.582,mathesisv2,2024.1.3,Win32,58.82352941,,,,,,,,,,,,,,,,,e,,,,,,,,,,,,,,,,,,,,,,,,,,,,,,,,,,,,,,,,,,,,,,,,,,,,,,,,,,,,,,,506.0835,507.3321,e,1.2178,,0,5,5,1,1,stimuliTAFCfirst/nimnym002.wav,,,,,,,,,,,,,
,,,,,615256,001,2024-05-23_12h17.47.582,mathesisv2,2024.1.3,Win32,58.82352941,,,,,,,,,,,,,,,,,y,,,,,,,,,,,,,,,,,,,,,,,,,,,,,,,,,,,,,,,,,,,,,,,,,,,,,,,,,,,,,,,507.3335,508.581,y,1.2232,,0,6,6,5,1,stimuliTAFCfirst/nimnym006.wav,,,,,,,,,,,,,
,,,,,615256,001,2024-05-23_12h17.47.582,mathesisv2,2024.1.3,Win32,58.82352941,,,,,,,,,,,,,,,,,y,,,,,,,,,,,,,,,,,,,,,,,,,,,,,,,,,,,,,,,,,,,,,,,,,,,,,,,,,,,,,,,508.5823,509.7648,y,1.1598,,1,0,7,5,1,stimuliTAFCfirst/nimnym006.wav,,,,,,,,,,,,,
,,,,,615256,001,2024-05-23_12h17.47.582,mathesisv2,2024.1.3,Win32,58.82352941,,,,,,,,,,,,,,,,,e,,,,,,,,,,,,,,,,,,,,,,,,,,,,,,,,,,,,,,,,,,,,,,,,,,,,,,,,,,,,,,,509.7659,511.0467,e,1.2545,,1,1,8,0,1,stimuliTAFCfirst/nimnym001.wav,,,,,,,,,,,,,
,,,,,615256,001,2024-05-23_12h17.47.582,mathesisv2,2024.1.3,Win32,58.82352941,,,,,,,,,,,,,,,,,e,,,,,,,,,,,,,,,,,,,,,,,,,,,,,,,,,,,,,,,,,,,,,,,,,,,,,,,,,,,,,,,511.0477,512.1456,y,1.0692,,1,2,9,2,1,stimuliTAFCfirst/nimnym003.wav,,,,,,,,,,,,,
,,,,,615256,001,2024-05-23_12h17.47.582,mathesisv2,2024.1.3,Win32,58.82352941,,,,,,,,,,,,,,,,,e,,,,,,,,,,,,,,,,,,,,,,,,,,,,,,,,,,,,,,,,,,,,,,,,,,,,,,,,,,,,,,,512.1467,513.3288,e,1.1521,,1,3,10,1,1,stimuliTAFCfirst/nimnym002.wav,,,,,,,,,,,,,
,,,,,615256,001,2024-05-23_12h17.47.582,mathesisv2,2024.1.3,Win32,58.82352941,,,,,,,,,,,,,,,,,y,,,,,,,,,,,,,,,,,,,,,,,,,,,,,,,,,,,,,,,,,,,,,,,,,,,,,,,,,,,,,,,513.3296,515.0114,y,1.6514,,1,4,11,4,1,stimuliTAFCfirst/nimnym005.wav,,,,,,,,,,,,,
,,,,,615256,001,2024-05-23_12h17.47.582,mathesisv2,2024.1.3,Win32,58.82352941,,,,,,,,,,,,,,,,,x,,,,,,,,,,,,,,,,,,,,,,,,,,,,,,,,,,,,,,,,,,,,,,,,,,,,,,,,,,,,,,,515.013,517.1102,y,2.0733,,1,5,12,3,1,stimuliTAFCfirst/nimnym004.wav,,,,,,,,,,,,,
,,,,,615256,001,2024-05-23_12h17.47.582,mathesisv2,2024.1.3,Win32,58.82352941,,,,,,,,,,,,,,,,,y,,,,,,,,,,,,,,,,,,,,,,,,,,,,,,,,,,,,,,,,,,,,,,,,,,,,,,,,,,,,,,,517.1112,518.7594,y,1.6174,,1,6,13,6,1,stimuliTAFCfirst/nimnym007.wav,,,,,,,,,,,,,
,,,,,615256,001,2024-05-23_12h17.47.582,mathesisv2,2024.1.3,Win32,58.82352941,,,,,,,,,,,,,,,,,y,518.7598,520.4088,space,1.621,,,,,,,,,,,,,,,,,,,,,,,,,,,,,,,,,,,,,,,,,,,,,,,,,,,,,,,,,,,,,,,,,,,,,,520.4449,523.6734,y,3.2127,,0,0,0,4,1,stimuliTAFCsec/numnym005.wav,,
,,,,,615256,001,2024-05-23_12h17.47.582,mathesisv2,2024.1.3,Win32,58.82352941,,,,,,,,,,,,,,,,,u,,,,,,,,,,,,,,,,,,,,,,,,,,,,,,,,,,,,,,,,,,,,,,,,,,,,,,,,,,,,,,,,,,,,,,,,,,523.6745,525.6724,u,1.9753,,0,1,1,2,1,stimuliTAFCsec/numnym003.wav,,
,,,,,615256,001,2024-05-23_12h17.47.582,mathesisv2,2024.1.3,Win32,58.82352941,,,,,,,,,,,,,,,,,u,,,,,,,,,,,,,,,,,,,,,,,,,,,,,,,,,,,,,,,,,,,,,,,,,,,,,,,,,,,,,,,,,,,,,,,,,,525.6735,526.8222,u,1.1248,,0,2,2,0,1,stimuliTAFCsec/numnym001.wav,,
,,,,,615256,001,2024-05-23_12h17.47.582,mathesisv2,2024.1.3,Win32,58.82352941,,,,,,,,,,,,,,,,,u,,,,,,,,,,,,,,,,,,,,,,,,,,,,,,,,,,,,,,,,,,,,,,,,,,,,,,,,,,,,,,,,,,,,,,,,,,526.8237,527.8882,u,1.0354,,0,3,3,1,1,stimuliTAFCsec/numnym002.wav,,
,,,,,615256,001,2024-05-23_12h17.47.582,mathesisv2,2024.1.3,Win32,58.82352941,,,,,,,,,,,,,,,,,y,,,,,,,,,,,,,,,,,,,,,,,,,,,,,,,,,,,,,,,,,,,,,,,,,,,,,,,,,,,,,,,,,,,,,,,,,,527.8892,529.8875,y,1.9719,,0,4,4,5,1,stimuliTAFCsec/numnym006.wav,,
,,,,,615256,001,2024-05-23_12h17.47.582,mathesisv2,2024.1.3,Win32,58.82352941,,,,,,,,,,,,,,,,,y,,,,,,,,,,,,,,,,,,,,,,,,,,,,,,,,,,,,,,,,,,,,,,,,,,,,,,,,,,,,,,,,,,,,,,,,,,529.8888,531.2365,y,1.318,,0,5,5,6,1,stimuliTAFCsec/numnym007.wav,,
,,,,,615256,001,2024-05-23_12h17.47.582,mathesisv2,2024.1.3,Win32,58.82352941,,,,,,,,,,,,,,,,,x,,,,,,,,,,,,,,,,,,,,,,,,,,,,,,,,,,,,,,,,,,,,,,,,,,,,,,,,,,,,,,,,,,,,,,,,,,531.2374,533.2189,u,1.9525,,0,6,6,3,1,stimuliTAFCsec/numnym004.wav,,
,,,,,615256,001,2024-05-23_12h17.47.582,mathesisv2,2024.1.3,Win32,58.82352941,,,,,,,,,,,,,,,,,u,,,,,,,,,,,,,,,,,,,,,,,,,,,,,,,,,,,,,,,,,,,,,,,,,,,,,,,,,,,,,,,,,,,,,,,,,,533.2199,534.4513,u,1.2065,,1,0,7,0,1,stimuliTAFCsec/numnym001.wav,,
,,,,,615256,001,2024-05-23_12h17.47.582,mathesisv2,2024.1.3,Win32,58.82352941,,,,,,,,,,,,,,,,,y,,,,,,,,,,,,,,,,,,,,,,,,,,,,,,,,,,,,,,,,,,,,,,,,,,,,,,,,,,,,,,,,,,,,,,,,,,534.4527,536.3339,y,1.8556,,1,1,8,4,1,stimuliTAFCsec/numnym005.wav,,
,,,,,615256,001,2024-05-23_12h17.47.582,mathesisv2,2024.1.3,Win32,58.82352941,,,,,,,,,,,,,,,,,y,,,,,,,,,,,,,,,,,,,,,,,,,,,,,,,,,,,,,,,,,,,,,,,,,,,,,,,,,,,,,,,,,,,,,,,,,,536.3352,537.4835,y,1.1183,,1,2,9,6,1,stimuliTAFCsec/numnym007.wav,,
,,,,,615256,001,2024-05-23_12h17.47.582,mathesisv2,2024.1.3,Win32,58.82352941,,,,,,,,,,,,,,,,,u,,,,,,,,,,,,,,,,,,,,,,,,,,,,,,,,,,,,,,,,,,,,,,,,,,,,,,,,,,,,,,,,,,,,,,,,,,537.4846,539.299,u,1.7847,,1,3,10,1,1,stimuliTAFCsec/numnym002.wav,,
,,,,,615256,001,2024-05-23_12h17.47.582,mathesisv2,2024.1.3,Win32,58.82352941,,,,,,,,,,,,,,,,,y,,,,,,,,,,,,,,,,,,,,,,,,,,,,,,,,,,,,,,,,,,,,,,,,,,,,,,,,,,,,,,,,,,,,,,,,,,539.3002,540.482,y,1.1513,,1,4,11,5,1,stimuliTAFCsec/numnym006.wav,,
,,,,,615256,001,2024-05-23_12h17.47.582,mathesisv2,2024.1.3,Win32,58.82352941,,,,,,,,,,,,,,,,,x,,,,,,,,,,,,,,,,,,,,,,,,,,,,,,,,,,,,,,,,,,,,,,,,,,,,,,,,,,,,,,,,,,,,,,,,,,540.4829,541.7157,u,1.2014,,1,5,12,3,1,stimuliTAFCsec/numnym004.wav,,
,,,,,615256,001,2024-05-23_12h17.47.582,mathesisv2,2024.1.3,Win32,58.82352941,,,,,,,,,,,,,,,,,u,,,,,,,,,,,,,,,,,,,,,,,,,,,,,,,,,,,,,,,,,,,,,,,,,,,,,,,,,,,,,,,,,,,,,,,,,,541.7169,542.9822,u,1.244,,1,6,13,2,1,stimuliTAFCsec/numnym003.wav,,
,,,,,615256,001,2024-05-23_12h17.47.582,mathesisv2,2024.1.3,Win32,58.82352941,,,,,,,,,,,,,,,,,y,,,,,,,,,,,,,,,,,,,,,,,,,,542.9825,546.2296,space,3.2172,,,,,,,,,,,,,,,,,,,,,,,,,,,,,,,,,,546.267,548.5288,y,2.246,,0,0,0,6,1,stimuliTAFCfirst/nimnym007.wav,,,,,,,,,,,,,
,,,,,615256,001,2024-05-23_12h17.47.582,mathesisv2,2024.1.3,Win32,58.82352941,,,,,,,,,,,,,,,,,y,,,,,,,,,,,,,,,,,,,,,,,,,,,,,,,,,,,,,,,,,,,,,,,,,,,,,,,,,,,,,,,548.5582,549.6941,y,1.1262,,0,1,1,4,1,stimuliTAFCfirst/nimnym005.wav,,,,,,,,,,,,,
,,,,,615256,001,2024-05-23_12h17.47.582,mathesisv2,2024.1.3,Win32,58.82352941,,,,,,,,,,,,,,,,,e,,,,,,,,,,,,,,,,,,,,,,,,,,,,,,,,,,,,,,,,,,,,,,,,,,,,,,,,,,,,,,,549.6948,550.9266,e,1.221,,0,2,2,2,1,stimuliTAFCfirst/nimnym003.wav,,,,,,,,,,,,,
,,,,,615256,001,2024-05-23_12h17.47.582,mathesisv2,2024.1.3,Win32,58.82352941,,,,,,,,,,,,,,,,,e,,,,,,,,,,,,,,,,,,,,,,,,,,,,,,,,,,,,,,,,,,,,,,,,,,,,,,,,,,,,,,,550.9272,551.9928,e,1.0486,,0,3,3,0,1,stimuliTAFCfirst/nimnym001.wav,,,,,,,,,,,,,
,,,,,615256,001,2024-05-23_12h17.47.582,mathesisv2,2024.1.3,Win32,58.82352941,,,,,,,,,,,,,,,,,y,,,,,,,,,,,,,,,,,,,,,,,,,,,,,,,,,,,,,,,,,,,,,,,,,,,,,,,,,,,,,,,551.9936,553.5253,y,1.5224,,0,4,4,5,1,stimuliTAFCfirst/nimnym006.wav,,,,,,,,,,,,,
,,,,,615256,001,2024-05-23_12h17.47.582,mathesisv2,2024.1.3,Win32,58.82352941,,,,,,,,,,,,,,,,,x,,,,,,,,,,,,,,,,,,,,,,,,,,,,,,,,,,,,,,,,,,,,,,,,,,,,,,,,,,,,,,,553.526,556.6406,y,3.0976,,0,5,5,3,1,stimuliTAFCfirst/nimnym004.wav,,,,,,,,,,,,,
,,,,,615256,001,2024-05-23_12h17.47.582,mathesisv2,2024.1.3,Win32,58.82352941,,,,,,,,,,,,,,,,,e,,,,,,,,,,,,,,,,,,,,,,,,,,,,,,,,,,,,,,,,,,,,,,,,,,,,,,,,,,,,,,,556.6694,557.7402,e,1.0551,,0,6,6,1,1,stimuliTAFCfirst/nimnym002.wav,,,,,,,,,,,,,
,,,,,615256,001,2024-05-23_12h17.47.582,mathesisv2,2024.1.3,Win32,58.82352941,,,,,,,,,,,,,,,,,y,,,,,,,,,,,,,,,,,,,,,,,,,,,,,,,,,,,,,,,,,,,,,,,,,,,,,,,,,,,,,,,557.7412,558.9729,y,1.2019,,1,0,7,5,1,stimuliTAFCfirst/nimnym006.wav,,,,,,,,,,,,,
,,,,,615256,001,2024-05-23_12h17.47.582,mathesisv2,2024.1.3,Win32,58.82352941,,,,,,,,,,,,,,,,,y,,,,,,,,,,,,,,,,,,,,,,,,,,,,,,,,,,,,,,,,,,,,,,,,,,,,,,,,,,,,,,,558.974,560.1888,y,1.1904,,1,1,8,6,1,stimuliTAFCfirst/nimnym007.wav,,,,,,,,,,,,,
,,,,,615256,001,2024-05-23_12h17.47.582,mathesisv2,2024.1.3,Win32,58.82352941,,,,,,,,,,,,,,,,,e,,,,,,,,,,,,,,,,,,,,,,,,,,,,,,,,,,,,,,,,,,,,,,,,,,,,,,,,,,,,,,,560.1897,561.4383,e,1.2187,,1,2,9,1,1,stimuliTAFCfirst/nimnym002.wav,,,,,,,,,,,,,
,,,,,615256,001,2024-05-23_12h17.47.582,mathesisv2,2024.1.3,Win32,58.82352941,,,,,,,,,,,,,,,,,x,,,,,,,,,,,,,,,,,,,,,,,,,,,,,,,,,,,,,,,,,,,,,,,,,,,,,,,,,,,,,,,561.4396,562.5387,e,1.0682,,1,3,10,3,1,stimuliTAFCfirst/nimnym004.wav,,,,,,,,,,,,,
,,,,,615256,001,2024-05-23_12h17.47.582,mathesisv2,2024.1.3,Win32,58.82352941,,,,,,,,,,,,,,,,,e,,,,,,,,,,,,,,,,,,,,,,,,,,,,,,,,,,,,,,,,,,,,,,,,,,,,,,,,,,,,,,,562.54,563.7206,e,1.1554,,1,4,11,0,1,stimuliTAFCfirst/nimnym001.wav,,,,,,,,,,,,,
,,,,,615256,001,2024-05-23_12h17.47.582,mathesisv2,2024.1.3,Win32,58.82352941,,,,,,,,,,,,,,,,,y,,,,,,,,,,,,,,,,,,,,,,,,,,,,,,,,,,,,,,,,,,,,,,,,,,,,,,,,,,,,,,,563.7216,565.1031,y,1.351,,1,5,12,4,1,stimuliTAFCfirst/nimnym005.wav,,,,,,,,,,,,,
,,,,,615256,001,2024-05-23_12h17.47.582,mathesisv2,2024.1.3,Win32,58.82352941,,,,,,,,,,,,,,,,,e,,,,,,,,,,,,,,,,,,,,,,,,,,,,,,,,,,,,,,,,,,,,,,,,,,,,,,,,,,,,,,,565.1041,566.8591,e,1.7336,,1,6,13,2,1,stimuliTAFCfirst/nimnym003.wav,,,,,,,,,,,,,
,,,,,615256,001,2024-05-23_12h17.47.582,mathesisv2,2024.1.3,Win32,58.82352941,,,,,,,,,,,,,,,,,y,566.8594,568.4351,space,1.5547,,,,,,,,,,,,,,,,,,,,,,,,,,,,,,,,,,,,,,,,,,,,,,,,,,,,,,,,,,,,,,,,,,,,,,568.4708,572.7332,y,4.2525,,0,0,0,4,1,stimuliTAFCsec/numnym005.wav,,
,,,,,615256,001,2024-05-23_12h17.47.582,mathesisv2,2024.1.3,Win32,58.82352941,,,,,,,,,,,,,,,,,u,,,,,,,,,,,,,,,,,,,,,,,,,,,,,,,,,,,,,,,,,,,,,,,,,,,,,,,,,,,,,,,,,,,,,,,,,,572.764,573.9662,u,1.1955,,0,1,1,2,1,stimuliTAFCsec/numnym003.wav,,
,,,,,615256,001,2024-05-23_12h17.47.582,mathesisv2,2024.1.3,Win32,58.82352941,,,,,,,,,,,,,,,,,u,,,,,,,,,,,,,,,,,,,,,,,,,,,,,,,,,,,,,,,,,,,,,,,,,,,,,,,,,,,,,,,,,,,,,,,,,,573.9675,575.0316,u,1.0404,,0,2,2,0,1,stimuliTAFCsec/numnym001.wav,,
,,,,,615256,001,2024-05-23_12h17.47.582,mathesisv2,2024.1.3,Win32,58.82352941,,,,,,,,,,,,,,,,,y,,,,,,,,,,,,,,,,,,,,,,,,,,,,,,,,,,,,,,,,,,,,,,,,,,,,,,,,,,,,,,,,,,,,,,,,,,575.0331,579.2796,u,4.2228,,0,3,3,6,1,stimuliTAFCsec/numnym007.wav,,
,,,,,615256,001,2024-05-23_12h17.47.582,mathesisv2,2024.1.3,Win32,58.82352941,,,,,,,,,,,,,,,,,u,,,,,,,,,,,,,,,,,,,,,,,,,,,,,,,,,,,,,,,,,,,,,,,,,,,,,,,,,,,,,,,,,,,,,,,,,,579.3091,583.6443,u,4.3187,,0,4,4,1,1,stimuliTAFCsec/numnym002.wav,,
,,,,,615256,001,2024-05-23_12h17.47.582,mathesisv2,2024.1.3,Win32,58.82352941,,,,,,,,,,,,,,,,,x,,,,,,,,,,,,,,,,,,,,,,,,,,,,,,,,,,,,,,,,,,,,,,,,,,,,,,,,,,,,,,,,,,,,,,,,,,583.6735,587.5753,u,3.8909,,0,5,5,3,1,stimuliTAFCsec/numnym004.wav,,
,,,,,615256,001,2024-05-23_12h17.47.582,mathesisv2,2024.1.3,Win32,58.82352941,,,,,,,,,,,,,,,,,y,,,,,,,,,,,,,,,,,,,,,,,,,,,,,,,,,,,,,,,,,,,,,,,,,,,,,,,,,,,,,,,,,,,,,,,,,,587.6041,591.9898,u,4.3709,,0,6,6,5,1,stimuliTAFCsec/numnym006.wav,,
,,,,,615256,001,2024-05-23_12h17.47.582,mathesisv2,2024.1.3,Win32,58.82352941,,,,,,,,,,,,,,,,,u,,,,,,,,,,,,,,,,,,,,,,,,,,,,,,,,,,,,,,,,,,,,,,,,,,,,,,,,,,,,,,,,,,,,,,,,,,592.0213,593.4392,y,1.4074,,1,0,7,1,1,stimuliTAFCsec/numnym002.wav,,
,,,,,615256,001,2024-05-23_12h17.47.582,mathesisv2,2024.1.3,Win32,58.82352941,,,,,,,,,,,,,,,,,u,,,,,,,,,,,,,,,,,,,,,,,,,,,,,,,,,,,,,,,,,,,,,,,,,,,,,,,,,,,,,,,,,,,,,,,,,,593.4398,605.7392,u,12.2914,,1,1,8,2,1,stimuliTAFCsec/numnym003.wav,,
,,,,,615256,001,2024-05-23_12h17.47.582,mathesisv2,2024.1.3,Win32,58.82352941,,,,,,,,,,,,,,,,,y,,,,,,,,,,,,,,,,,,,,,,,,,,,,,,,,,,,,,,,,,,,,,,,,,,,,,,,,,,,,,,,,,,,,,,,,,,605.7398,616.017,u,10.2623,,1,2,9,4,1,stimuliTAFCsec/numnym005.wav,,
,,,,,615256,001,2024-05-23_12h17.47.582,mathesisv2,2024.1.3,Win32,58.82352941,,,,,,,,,,,,,,,,,u,,,,,,,,,,,,,,,,,,,,,,,,,,,,,,,,,,,,,,,,,,,,,,,,,,,,,,,,,,,,,,,,,,,,,,,,,,616.0474,617.2938,u,1.2352,,1,3,10,0,1,stimuliTAFCsec/numnym001.wav,,
,,,,,615256,001,2024-05-23_12h17.47.582,mathesisv2,2024.1.3,Win32,58.82352941,,,,,,,,,,,,,,,,,y,,,,,,,,,,,,,,,,,,,,,,,,,,,,,,,,,,,,,,,,,,,,,,,,,,,,,,,,,,,,,,,,,,,,,,,,,,617.295,618.3603,u,1.0403,,1,4,11,5,1,stimuliTAFCsec/numnym006.wav,,
,,,,,615256,001,2024-05-23_12h17.47.582,mathesisv2,2024.1.3,Win32,58.82352941,,,,,,,,,,,,,,,,,y,,,,,,,,,,,,,,,,,,,,,,,,,,,,,,,,,,,,,,,,,,,,,,,,,,,,,,,,,,,,,,,,,,,,,,,,,,618.3612,619.3099,u,0.9185,,1,5,12,6,1,stimuliTAFCsec/numnym007.wav,,
,,,,,615256,001,2024-05-23_12h17.47.582,mathesisv2,2024.1.3,Win32,58.82352941,,,,,,,,,,,,,,,,,x,,,,,,,,,,,,,,,,,,,,,,,,,,,,,,,,,,,,,,,,,,,,,,,,,,,,,,,,,,,,,,,,,,,,,,,,,,619.3107,620.3588,u,1.027,,1,6,13,3,1,stimuliTAFCsec/numnym004.wav,,
,,,,,615256,001,2024-05-23_12h17.47.582,mathesisv2,2024.1.3,Win32,58.82352941,,,,,,,,,,,,,,,,,y,,,,,,,,,,,,,,,,,,,,,,,,,,620.359,624.8905,space,4.5181,,,,,,,,,,,,,,,,,,,,,,,,,,,,,,,,,,624.9284,627.8724,y,2.9341,,0,0,0,4,1,stimuliTAFCfirst/nimnym005.wav,,,,,,,,,,,,,
,,,,,615256,001,2024-05-23_12h17.47.582,mathesisv2,2024.1.3,Win32,58.82352941,,,,,,,,,,,,,,,,,e,,,,,,,,,,,,,,,,,,,,,,,,,,,,,,,,,,,,,,,,,,,,,,,,,,,,,,,,,,,,,,,627.8734,629.4544,e,1.5568,,0,1,1,2,1,stimuliTAFCfirst/nimnym003.wav,,,,,,,,,,,,,
,,,,,615256,001,2024-05-23_12h17.47.582,mathesisv2,2024.1.3,Win32,58.82352941,,,,,,,,,,,,,,,,,x,,,,,,,,,,,,,,,,,,,,,,,,,,,,,,,,,,,,,,,,,,,,,,,,,,,,,,,,,,,,,,,629.4554,631.5375,y,2.0515,,0,2,2,3,1,stimuliTAFCfirst/nimnym004.wav,,,,,,,,,,,,,
,,,,,615256,001,2024-05-23_12h17.47.582,mathesisv2,2024.1.3,Win32,58.82352941,,,,,,,,,,,,,,,,,y,,,,,,,,,,,,,,,,,,,,,,,,,,,,,,,,,,,,,,,,,,,,,,,,,,,,,,,,,,,,,,,631.5386,633.1028,y,1.534,,0,3,3,6,1,stimuliTAFCfirst/nimnym007.wav,,,,,,,,,,,,,
,,,,,615256,001,2024-05-23_12h17.47.582,mathesisv2,2024.1.3,Win32,58.82352941,,,,,,,,,,,,,,,,,y,,,,,,,,,,,,,,,,,,,,,,,,,,,,,,,,,,,,,,,,,,,,,,,,,,,,,,,,,,,,,,,633.1038,634.5579,y,1.4334,,0,4,4,5,1,stimuliTAFCfirst/nimnym006.wav,,,,,,,,,,,,,
,,,,,615256,001,2024-05-23_12h17.47.582,mathesisv2,2024.1.3,Win32,58.82352941,,,,,,,,,,,,,,,,,e,,,,,,,,,,,,,,,,,,,,,,,,,,,,,,,,,,,,,,,,,,,,,,,,,,,,,,,,,,,,,,,634.5589,635.7019,e,1.1199,,0,5,5,1,1,stimuliTAFCfirst/nimnym002.wav,,,,,,,,,,,,,
,,,,,615256,001,2024-05-23_12h17.47.582,mathesisv2,2024.1.3,Win32,58.82352941,,,,,,,,,,,,,,,,,e,,,,,,,,,,,,,,,,,,,,,,,,,,,,,,,,,,,,,,,,,,,,,,,,,,,,,,,,,,,,,,,635.7027,636.9841,e,1.2518,,0,6,6,0,1,stimuliTAFCfirst/nimnym001.wav,,,,,,,,,,,,,
,,,,,615256,001,2024-05-23_12h17.47.582,mathesisv2,2024.1.3,Win32,58.82352941,,,,,,,,,,,,,,,,,e,,,,,,,,,,,,,,,,,,,,,,,,,,,,,,,,,,,,,,,,,,,,,,,,,,,,,,,,,,,,,,,636.9851,638.2168,e,1.2039,,1,0,7,0,1,stimuliTAFCfirst/nimnym001.wav,,,,,,,,,,,,,
,,,,,615256,001,2024-05-23_12h17.47.582,mathesisv2,2024.1.3,Win32,58.82352941,,,,,,,,,,,,,,,,,e,,,,,,,,,,,,,,,,,,,,,,,,,,,,,,,,,,,,,,,,,,,,,,,,,,,,,,,,,,,,,,,638.2177,639.2998,e,1.0592,,1,1,8,1,1,stimuliTAFCfirst/nimnym002.wav,,,,,,,,,,,,,
,,,,,615256,001,2024-05-23_12h17.47.582,mathesisv2,2024.1.3,Win32,58.82352941,,,,,,,,,,,,,,,,,e,,,,,,,,,,,,,,,,,,,,,,,,,,,,,,,,,,,,,,,,,,,,,,,,,,,,,,,,,,,,,,,639.3007,640.8153,e,1.4935,,1,2,9,2,1,stimuliTAFCfirst/nimnym003.wav,,,,,,,,,,,,,
,,,,,615256,001,2024-05-23_12h17.47.582,mathesisv2,2024.1.3,Win32,58.82352941,,,,,,,,,,,,,,,,,x,,,,,,,,,,,,,,,,,,,,,,,,,,,,,,,,,,,,,,,,,,,,,,,,,,,,,,,,,,,,,,,640.8162,642.0321,e,1.1847,,1,3,10,3,1,stimuliTAFCfirst/nimnym004.wav,,,,,,,,,,,,,
,,,,,615256,001,2024-05-23_12h17.47.582,mathesisv2,2024.1.3,Win32,58.82352941,,,,,,,,,,,,,,,,,y,,,,,,,,,,,,,,,,,,,,,,,,,,,,,,,,,,,,,,,,,,,,,,,,,,,,,,,,,,,,,,,642.033,644.1308,y,2.068,,1,4,11,6,1,stimuliTAFCfirst/nimnym007.wav,,,,,,,,,,,,,
,,,,,615256,001,2024-05-23_12h17.47.582,mathesisv2,2024.1.3,Win32,58.82352941,,,,,,,,,,,,,,,,,y,,,,,,,,,,,,,,,,,,,,,,,,,,,,,,,,,,,,,,,,,,,,,,,,,,,,,,,,,,,,,,,644.1317,645.6478,y,1.4945,,1,5,12,5,1,stimuliTAFCfirst/nimnym006.wav,,,,,,,,,,,,,
,,,,,615256,001,2024-05-23_12h17.47.582,mathesisv2,2024.1.3,Win32,58.82352941,,,,,,,,,,,,,,,,,y,,,,,,,,,,,,,,,,,,,,,,,,,,,,,,,,,,,,,,,,,,,,,,,,,,,,,,,,,,,,,,,645.6487,646.9295,y,1.2591,,1,6,13,4,1,stimuliTAFCfirst/nimnym005.wav,,,,,,,,,,,,,
,,,,,615256,001,2024-05-23_12h17.47.582,mathesisv2,2024.1.3,Win32,58.82352941,,,,,,,,,,,,,,,,,u,646.93,648.2958,space,1.3346,,,,,,,,,,,,,,,,,,,,,,,,,,,,,,,,,,,,,,,,,,,,,,,,,,,,,,,,,,,,,,,,,,,,,,648.3039,653.9925,u,5.6659,,0,0,0,0,1,stimuliTAFCsec/numnym001.wav,,
,,,,,615256,001,2024-05-23_12h17.47.582,mathesisv2,2024.1.3,Win32,58.82352941,,,,,,,,,,,,,,,,,y,,,,,,,,,,,,,,,,,,,,,,,,,,,,,,,,,,,,,,,,,,,,,,,,,,,,,,,,,,,,,,,,,,,,,,,,,,654.0217,656.0582,u,2.0256,,0,1,1,4,1,stimuliTAFCsec/numnym005.wav,,
,,,,,615256,001,2024-05-23_12h17.47.582,mathesisv2,2024.1.3,Win32,58.82352941,,,,,,,,,,,,,,,,,u,,,,,,,,,,,,,,,,,,,,,,,,,,,,,,,,,,,,,,,,,,,,,,,,,,,,,,,,,,,,,,,,,,,,,,,,,,656.0588,657.491,u,1.419,,0,2,2,1,1,stimuliTAFCsec/numnym002.wav,,
,,,,,615256,001,2024-05-23_12h17.47.582,mathesisv2,2024.1.3,Win32,58.82352941,,,,,,,,,,,,,,,,,x,,,,,,,,,,,,,,,,,,,,,,,,,,,,,,,,,,,,,,,,,,,,,,,,,,,,,,,,,,,,,,,,,,,,,,,,,,657.4916,658.8733,u,1.3674,,0,3,3,3,1,stimuliTAFCsec/numnym004.wav,,
,,,,,615256,001,2024-05-23_12h17.47.582,mathesisv2,2024.1.3,Win32,58.82352941,,,,,,,,,,,,,,,,,y,,,,,,,,,,,,,,,,,,,,,,,,,,,,,,,,,,,,,,,,,,,,,,,,,,,,,,,,,,,,,,,,,,,,,,,,,,658.874,660.1063,u,1.2224,,0,4,4,6,1,stimuliTAFCsec/numnym007.wav,,
,,,,,615256,001,2024-05-23_12h17.47.582,mathesisv2,2024.1.3,Win32,58.82352941,,,,,,,,,,,,,,,,,y,,,,,,,,,,,,,,,,,,,,,,,,,,,,,,,,,,,,,,,,,,,,,,,,,,,,,,,,,,,,,,,,,,,,,,,,,,660.1069,661.2555,u,1.1384,,0,5,5,5,1,stimuliTAFCsec/numnym006.wav,,
,,,,,615256,001,2024-05-23_12h17.47.582,mathesisv2,2024.1.3,Win32,58.82352941,,,,,,,,,,,,,,,,,u,,,,,,,,,,,,,,,,,,,,,,,,,,,,,,,,,,,,,,,,,,,,,,,,,,,,,,,,,,,,,,,,,,,,,,,,,,661.2561,662.4052,u,1.1371,,0,6,6,2,1,stimuliTAFCsec/numnym003.wav,,
,,,,,615256,001,2024-05-23_12h17.47.582,mathesisv2,2024.1.3,Win32,58.82352941,,,,,,,,,,,,,,,,,u,,,,,,,,,,,,,,,,,,,,,,,,,,,,,,,,,,,,,,,,,,,,,,,,,,,,,,,,,,,,,,,,,,,,,,,,,,662.4059,663.5381,u,1.1149,,1,0,7,0,1,stimuliTAFCsec/numnym001.wav,,
,,,,,615256,001,2024-05-23_12h17.47.582,mathesisv2,2024.1.3,Win32,58.82352941,,,,,,,,,,,,,,,,,x,,,,,,,,,,,,,,,,,,,,,,,,,,,,,,,,,,,,,,,,,,,,,,,,,,,,,,,,,,,,,,,,,,,,,,,,,,663.5387,664.6376,u,1.0819,,1,1,8,3,1,stimuliTAFCsec/numnym004.wav,,
,,,,,615256,001,2024-05-23_12h17.47.582,mathesisv2,2024.1.3,Win32,58.82352941,,,,,,,,,,,,,,,,,y,,,,,,,,,,,,,,,,,,,,,,,,,,,,,,,,,,,,,,,,,,,,,,,,,,,,,,,,,,,,,,,,,,,,,,,,,,664.6383,665.6035,u,0.9491,,1,2,9,4,1,stimuliTAFCsec/numnym005.wav,,
,,,,,615256,001,2024-05-23_12h17.47.582,mathesisv2,2024.1.3,Win32,58.82352941,,,,,,,,,,,,,,,,,y,,,,,,,,,,,,,,,,,,,,,,,,,,,,,,,,,,,,,,,,,,,,,,,,,,,,,,,,,,,,,,,,,,,,,,,,,,665.6041,666.5029,u,0.8823,,1,3,10,6,1,stimuliTAFCsec/numnym007.wav,,
,,,,,615256,001,2024-05-23_12h17.47.582,mathesisv2,2024.1.3,Win32,58.82352941,,,,,,,,,,,,,,,,,u,,,,,,,,,,,,,,,,,,,,,,,,,,,,,,,,,,,,,,,,,,,,,,,,,,,,,,,,,,,,,,,,,,,,,,,,,,666.5037,667.9859,u,1.4691,,1,4,11,1,1,stimuliTAFCsec/numnym002.wav,,
,,,,,615256,001,2024-05-23_12h17.47.582,mathesisv2,2024.1.3,Win32,58.82352941,,,,,,,,,,,,,,,,,y,,,,,,,,,,,,,,,,,,,,,,,,,,,,,,,,,,,,,,,,,,,,,,,,,,,,,,,,,,,,,,,,,,,,,,,,,,667.9866,669.2848,u,1.2904,,1,5,12,5,1,stimuliTAFCsec/numnym006.wav,,
,,,,,615256,001,2024-05-23_12h17.47.582,mathesisv2,2024.1.3,Win32,58.82352941,,,,,,,,,,,,,,,,,u,,,,,,,,,,,,,,,,,,,,,,,,,,,,,,,,,,,,,,,,,,,,,,,,,,,,,,,,,,,,,,,,,,,,,,,,,,669.2855,670.6342,u,1.3399,,1,6,13,2,1,stimuliTAFCsec/numnym003.wav,,
,,,,,615256,001,2024-05-23_12h17.47.582,mathesisv2,2024.1.3,Win32,58.82352941,,,,,,,,,,,,,,,,,,,,,,,,,,,,,,,,,,,,,,,,,,,670.6343,684.2278,space,13.5777,,,,,,,,,,,,,,,,,,,,,,,,,,,,,,,,,,,,,,,,,,,,,,,,,,,,,,,,684.2593,689.2265
