﻿start.started,start.stopped,startkey_resp.keys,startkey_resp.rt,startkey_resp.duration,participant,session,date,expName,psychopyVersion,OS,frameRate,attention.started,attention.stopped,key_resp.keys,key_resp.rt,key_resp.duration,stimuliAXBmix.started,stimuliAXBmix.stopped,stimuliAXBkey_resp.keys,stimuliAXBkey_resp.rt,stimuliAXBkey_resp.duration,stimuliAXBtesttrials.thisRepN,stimuliAXBtesttrials.thisTrialN,stimuliAXBtesttrials.thisN,stimuliAXBtesttrials.thisIndex,stimuliAXBtesttrials.ran,stimuliAXBmix,Correct,attentionsecond.started,attentionsecond.stopped,attentionsecondkey_resp.keys,attentionsecondkey_resp.rt,attentionsecondkey_resp.duration,instAXBreal.started,instAXBreal.stopped,instAXBrealkey_resp.keys,instAXBrealkey_resp.rt,instAXBrealkey_resp.duration,stimuliAXBmixfirst.thisRepN,stimuliAXBmixfirst.thisTrialN,stimuliAXBmixfirst.thisN,stimuliAXBmixfirst.thisIndex,stimuliAXBmixfirst.ran,attentionfirst.started,attentionfirst.stopped,attentionfirstkey_resp.keys,attentionfirstkey_resp.rt,attentionfirstkey_resp.duration,stimuliAXbmixsec.thisRepN,stimuliAXbmixsec.thisTrialN,stimuliAXbmixsec.thisN,stimuliAXbmixsec.thisIndex,stimuliAXbmixsec.ran,kaffeepause.started,kaffeepause.stopped,kaffeepausekey_resp.keys,kaffeepausekey_resp.rt,kaffeepausekey_resp.duration,instTAFCtest.started,instTAFCtest.stopped,instTAFCtestkey_resp.keys,instTAFCtestkey_resp.rt,instTAFCtestkey_resp.duration,testTAFCmixfirst.started,testTAFCmixfirst.stopped,testTAFCmixfirstkey_resp.keys,testTAFCmixfirstkey_resp.rt,testTAFCmixfirstkey_resp.duration,testTAFCmixfirsttrials.thisRepN,testTAFCmixfirsttrials.thisTrialN,testTAFCmixfirsttrials.thisN,testTAFCmixfirsttrials.thisIndex,testTAFCmixfirsttrials.ran,testTAFCmixfirst,testTAFCmixsec.started,testTAFCmixsec.stopped,testTAFCmixseckey_resp.keys,testTAFCmixseckey_resp.rt,testTAFCmixseckey_resp.duration,testTAFCmixsectrials.thisRepN,testTAFCmixsectrials.thisTrialN,testTAFCmixsectrials.thisN,testTAFCmixsectrials.thisIndex,testTAFCmixsectrials.ran,testTAFCmixsec,instTAFCreal.started,instTAFCreal.stopped,instTAFCrealkey_resp.keys,instTAFCrealkey_resp.rt,instTAFCrealkey_resp.duration,stimuliTAFCfirst.started,stimuliTAFCfirst.stopped,stimuliTAFCfirstkey_resp.keys,stimuliTAFCfirstkey_resp.rt,stimuliTAFCfirstkey_resp.duration,stimuliTAFCfirsttrials.thisRepN,stimuliTAFCfirsttrials.thisTrialN,stimuliTAFCfirsttrials.thisN,stimuliTAFCfirsttrials.thisIndex,stimuliTAFCfirsttrials.ran,stimuliTAFCfirst,stimuliTAFCsec.started,stimuliTAFCsec.stopped,stimuliTAFCseckey_resp.keys,stimuliTAFCseckey_resp.rt,stimuliTAFCseckey_resp.duration,stimuliTAFCsectrials.thisRepN,stimuliTAFCsectrials.thisTrialN,stimuliTAFCsectrials.thisN,stimuliTAFCsectrials.thisIndex,stimuliTAFCsectrials.ran,stimuliTAFCsec,end.started,end.stopped
0.0008,14.3783,space,14.355,,610900,001,2024-05-27_13h07.39.414,mathesisv2,2024.1.3,MacIntel,59.52380952,,,,,,,,,,,,,,,,,,,,,,,,,,,,,,,,,,,,,,,,,,,,,,,,,,,,,,,,,,,,,,,,,,,,,,,,,,,,,,,,,,,,,,,,,,,,,,,,,,,,,,,
,,,,,610900,001,2024-05-27_13h07.39.414,mathesisv2,2024.1.3,MacIntel,59.52380952,14.3784,20.9606,space,6.5449,,,,,,,,,,,,,,,,,,,,,,,,,,,,,,,,,,,,,,,,,,,,,,,,,,,,,,,,,,,,,,,,,,,,,,,,,,,,,,,,,,,,,,,,,,,,,,,,,,,
,,,,,610900,001,2024-05-27_13h07.39.414,mathesisv2,2024.1.3,MacIntel,59.52380952,,,,,,20.9772,30.2937,f,9.3015,,0,0,0,0,1,stimuliAXBmix/iiystimulus.wav,l,,,,,,,,,,,,,,,,,,,,,,,,,,,,,,,,,,,,,,,,,,,,,,,,,,,,,,,,,,,,,,,,,,,,,,,,,,,,,,,,,,,,,,
,,,,,610900,001,2024-05-27_13h07.39.414,mathesisv2,2024.1.3,MacIntel,59.52380952,,,,,,30.2942,36.7294,f,6.4223,,0,1,1,2,1,stimuliAXBmix/yuustimulus.wav,f,,,,,,,,,,,,,,,,,,,,,,,,,,,,,,,,,,,,,,,,,,,,,,,,,,,,,,,,,,,,,,,,,,,,,,,,,,,,,,,,,,,,,,
,,,,,610900,001,2024-05-27_13h07.39.414,mathesisv2,2024.1.3,MacIntel,59.52380952,,,,,,36.7297,40.1919,l,3.4464,,0,2,2,3,1,stimuliAXBmix/yyustimulus.wav,l,,,,,,,,,,,,,,,,,,,,,,,,,,,,,,,,,,,,,,,,,,,,,,,,,,,,,,,,,,,,,,,,,,,,,,,,,,,,,,,,,,,,,,
,,,,,610900,001,2024-05-27_13h07.39.414,mathesisv2,2024.1.3,MacIntel,59.52380952,,,,,,40.1926,43.3942,f,3.1831,,0,3,3,1,1,stimuliAXBmix/iyystimulus.wav,f,,,,,,,,,,,,,,,,,,,,,,,,,,,,,,,,,,,,,,,,,,,,,,,,,,,,,,,,,,,,,,,,,,,,,,,,,,,,,,,,,,,,,,
,,,,,610900,001,2024-05-27_13h07.39.414,mathesisv2,2024.1.3,MacIntel,59.52380952,,,,,,,,,,,,,,,,,,43.3947,45.3434,space,1.9276,,,,,,,,,,,,,,,,,,,,,,,,,,,,,,,,,,,,,,,,,,,,,,,,,,,,,,,,,,,,,,,,,,,,,,,,,,,,,,,,,,
,,,,,610900,001,2024-05-27_13h07.39.414,mathesisv2,2024.1.3,MacIntel,59.52380952,,,,,,,,,,,,,,,,,,,,,,,45.3435,51.408,space,6.0332,,,,,,,,,,,,,,,,,,,,,,,,,,,,,,,,,,,,,,,,,,,,,,,,,,,,,,,,,,,,,,,,,,,,,,,,,,,,,
,,,,,610900,001,2024-05-27_13h07.39.414,mathesisv2,2024.1.3,MacIntel,59.52380952,,,,,,51.4185,54.6077,l,3.1798,,,,,,,stimuliAXBmix/yyustimulus.wav,l,,,,,,,,,,,0,0,0,3,1,,,,,,,,,,,,,,,,,,,,,,,,,,,,,,,,,,,,,,,,,,,,,,,,,,,,,,,,,,,,,,,,,,,,,,,
,,,,,610900,001,2024-05-27_13h07.39.414,mathesisv2,2024.1.3,MacIntel,59.52380952,,,,,,54.6086,57.794,f,3.1727,,,,,,,stimuliAXBmix/iyystimulus.wav,f,,,,,,,,,,,0,1,1,1,1,,,,,,,,,,,,,,,,,,,,,,,,,,,,,,,,,,,,,,,,,,,,,,,,,,,,,,,,,,,,,,,,,,,,,,,
,,,,,610900,001,2024-05-27_13h07.39.414,mathesisv2,2024.1.3,MacIntel,59.52380952,,,,,,57.804,60.9755,f,3.1556,,,,,,,stimuliAXBmix/yuustimulus.wav,f,,,,,,,,,,,0,2,2,2,1,,,,,,,,,,,,,,,,,,,,,,,,,,,,,,,,,,,,,,,,,,,,,,,,,,,,,,,,,,,,,,,,,,,,,,,
,,,,,610900,001,2024-05-27_13h07.39.414,mathesisv2,2024.1.3,MacIntel,59.52380952,,,,,,60.9763,64.1763,l,3.1837,,,,,,,stimuliAXBmix/iiystimulus.wav,l,,,,,,,,,,,0,3,3,0,1,,,,,,,,,,,,,,,,,,,,,,,,,,,,,,,,,,,,,,,,,,,,,,,,,,,,,,,,,,,,,,,,,,,,,,,
,,,,,610900,001,2024-05-27_13h07.39.414,mathesisv2,2024.1.3,MacIntel,59.52380952,,,,,,64.1849,67.258,f,3.064,,,,,,,stimuliAXBmix/iyystimulus.wav,f,,,,,,,,,,,1,0,4,1,1,,,,,,,,,,,,,,,,,,,,,,,,,,,,,,,,,,,,,,,,,,,,,,,,,,,,,,,,,,,,,,,,,,,,,,,
,,,,,610900,001,2024-05-27_13h07.39.414,mathesisv2,2024.1.3,MacIntel,59.52380952,,,,,,67.268,70.3259,l,3.0482,,,,,,,stimuliAXBmix/yyustimulus.wav,l,,,,,,,,,,,1,1,5,3,1,,,,,,,,,,,,,,,,,,,,,,,,,,,,,,,,,,,,,,,,,,,,,,,,,,,,,,,,,,,,,,,,,,,,,,,
,,,,,610900,001,2024-05-27_13h07.39.414,mathesisv2,2024.1.3,MacIntel,59.52380952,,,,,,70.3261,74.1579,f,3.8138,,,,,,,stimuliAXBmix/yuustimulus.wav,f,,,,,,,,,,,1,2,6,2,1,,,,,,,,,,,,,,,,,,,,,,,,,,,,,,,,,,,,,,,,,,,,,,,,,,,,,,,,,,,,,,,,,,,,,,,
,,,,,610900,001,2024-05-27_13h07.39.414,mathesisv2,2024.1.3,MacIntel,59.52380952,,,,,,74.1679,77.3594,l,3.1832,,,,,,,stimuliAXBmix/iiystimulus.wav,l,,,,,,,,,,,1,3,7,0,1,,,,,,,,,,,,,,,,,,,,,,,,,,,,,,,,,,,,,,,,,,,,,,,,,,,,,,,,,,,,,,,,,,,,,,,
,,,,,610900,001,2024-05-27_13h07.39.414,mathesisv2,2024.1.3,MacIntel,59.52380952,,,,,,77.3596,80.6417,f,3.274,,,,,,,stimuliAXBmix/yyustimulus.wav,l,,,,,,,,,,,2,0,8,3,1,,,,,,,,,,,,,,,,,,,,,,,,,,,,,,,,,,,,,,,,,,,,,,,,,,,,,,,,,,,,,,,,,,,,,,,
,,,,,610900,001,2024-05-27_13h07.39.414,mathesisv2,2024.1.3,MacIntel,59.52380952,,,,,,80.6422,81.2256,l,0.5747,,,,,,,stimuliAXBmix/iyystimulus.wav,f,,,,,,,,,,,2,1,9,1,1,,,,,,,,,,,,,,,,,,,,,,,,,,,,,,,,,,,,,,,,,,,,,,,,,,,,,,,,,,,,,,,,,,,,,,,
,,,,,610900,001,2024-05-27_13h07.39.414,mathesisv2,2024.1.3,MacIntel,59.52380952,,,,,,81.2261,84.7089,l,3.4679,,,,,,,stimuliAXBmix/iiystimulus.wav,l,,,,,,,,,,,2,2,10,0,1,,,,,,,,,,,,,,,,,,,,,,,,,,,,,,,,,,,,,,,,,,,,,,,,,,,,,,,,,,,,,,,,,,,,,,,
,,,,,610900,001,2024-05-27_13h07.39.414,mathesisv2,2024.1.3,MacIntel,59.52380952,,,,,,84.7095,87.8587,f,3.1356,,,,,,,stimuliAXBmix/yuustimulus.wav,f,,,,,,,,,,,2,3,11,2,1,,,,,,,,,,,,,,,,,,,,,,,,,,,,,,,,,,,,,,,,,,,,,,,,,,,,,,,,,,,,,,,,,,,,,,,
,,,,,610900,001,2024-05-27_13h07.39.414,mathesisv2,2024.1.3,MacIntel,59.52380952,,,,,,92.8434,96.0929,f,3.2292,,,,,,,stimuliAXBmix/iyystimulus.wav,f,,,,,,,,,,,,,,,,87.8609,92.8285,return,4.9536,,0,0,0,1,1,,,,,,,,,,,,,,,,,,,,,,,,,,,,,,,,,,,,,,,,,,,,,,,,,,,,,,,,,,,,,
,,,,,610900,001,2024-05-27_13h07.39.414,mathesisv2,2024.1.3,MacIntel,59.52380952,,,,,,96.1027,99.1591,l,3.0442,,,,,,,stimuliAXBmix/iiystimulus.wav,l,,,,,,,,,,,,,,,,,,,,,0,1,1,0,1,,,,,,,,,,,,,,,,,,,,,,,,,,,,,,,,,,,,,,,,,,,,,,,,,,,,,,,,,,,,,
,,,,,610900,001,2024-05-27_13h07.39.414,mathesisv2,2024.1.3,MacIntel,59.52380952,,,,,,99.1593,102.209,f,3.0363,,,,,,,stimuliAXBmix/yuustimulus.wav,f,,,,,,,,,,,,,,,,,,,,,0,2,2,2,1,,,,,,,,,,,,,,,,,,,,,,,,,,,,,,,,,,,,,,,,,,,,,,,,,,,,,,,,,,,,,
,,,,,610900,001,2024-05-27_13h07.39.414,mathesisv2,2024.1.3,MacIntel,59.52380952,,,,,,102.218,105.3089,l,3.0793,,,,,,,stimuliAXBmix/yyustimulus.wav,l,,,,,,,,,,,,,,,,,,,,,0,3,3,3,1,,,,,,,,,,,,,,,,,,,,,,,,,,,,,,,,,,,,,,,,,,,,,,,,,,,,,,,,,,,,,
,,,,,610900,001,2024-05-27_13h07.39.414,mathesisv2,2024.1.3,MacIntel,59.52380952,,,,,,105.3175,108.5428,l,3.2171,,,,,,,stimuliAXBmix/yyustimulus.wav,l,,,,,,,,,,,,,,,,,,,,,1,0,4,3,1,,,,,,,,,,,,,,,,,,,,,,,,,,,,,,,,,,,,,,,,,,,,,,,,,,,,,,,,,,,,,
,,,,,610900,001,2024-05-27_13h07.39.414,mathesisv2,2024.1.3,MacIntel,59.52380952,,,,,,108.543,111.6253,f,3.0669,,,,,,,stimuliAXBmix/iyystimulus.wav,f,,,,,,,,,,,,,,,,,,,,,1,1,5,1,1,,,,,,,,,,,,,,,,,,,,,,,,,,,,,,,,,,,,,,,,,,,,,,,,,,,,,,,,,,,,,
,,,,,610900,001,2024-05-27_13h07.39.414,mathesisv2,2024.1.3,MacIntel,59.52380952,,,,,,111.6348,115.1404,f,3.496,,,,,,,stimuliAXBmix/yuustimulus.wav,f,,,,,,,,,,,,,,,,,,,,,1,2,6,2,1,,,,,,,,,,,,,,,,,,,,,,,,,,,,,,,,,,,,,,,,,,,,,,,,,,,,,,,,,,,,,
,,,,,610900,001,2024-05-27_13h07.39.414,mathesisv2,2024.1.3,MacIntel,59.52380952,,,,,,115.1407,118.7571,l,3.6004,,,,,,,stimuliAXBmix/iiystimulus.wav,l,,,,,,,,,,,,,,,,,,,,,1,3,7,0,1,,,,,,,,,,,,,,,,,,,,,,,,,,,,,,,,,,,,,,,,,,,,,,,,,,,,,,,,,,,,,
,,,,,610900,001,2024-05-27_13h07.39.414,mathesisv2,2024.1.3,MacIntel,59.52380952,,,,,,126.3211,129.4418,l,3.1064,,,,,,,stimuliAXBmix/yyustimulus.wav,l,,,,,,,,,,,0,0,0,3,1,,,,,,,,,,,118.7593,126.3076,space,7.5335,,,,,,,,,,,,,,,,,,,,,,,,,,,,,,,,,,,,,,,,,,,,,,,,,,,,,,,,,
,,,,,610900,001,2024-05-27_13h07.39.414,mathesisv2,2024.1.3,MacIntel,59.52380952,,,,,,129.4513,133.0243,l,3.5616,,,,,,,stimuliAXBmix/iiystimulus.wav,l,,,,,,,,,,,0,1,1,0,1,,,,,,,,,,,,,,,,,,,,,,,,,,,,,,,,,,,,,,,,,,,,,,,,,,,,,,,,,,,,,,,,,,,,,,,
,,,,,610900,001,2024-05-27_13h07.39.414,mathesisv2,2024.1.3,MacIntel,59.52380952,,,,,,133.025,136.3899,f,3.352,,,,,,,stimuliAXBmix/yuustimulus.wav,f,,,,,,,,,,,0,2,2,2,1,,,,,,,,,,,,,,,,,,,,,,,,,,,,,,,,,,,,,,,,,,,,,,,,,,,,,,,,,,,,,,,,,,,,,,,
,,,,,610900,001,2024-05-27_13h07.39.414,mathesisv2,2024.1.3,MacIntel,59.52380952,,,,,,136.3995,139.6075,f,3.1976,,,,,,,stimuliAXBmix/iyystimulus.wav,f,,,,,,,,,,,0,3,3,1,1,,,,,,,,,,,,,,,,,,,,,,,,,,,,,,,,,,,,,,,,,,,,,,,,,,,,,,,,,,,,,,,,,,,,,,,
,,,,,610900,001,2024-05-27_13h07.39.414,mathesisv2,2024.1.3,MacIntel,59.52380952,,,,,,139.6178,142.9255,l,3.295,,,,,,,stimuliAXBmix/iiystimulus.wav,l,,,,,,,,,,,1,0,4,0,1,,,,,,,,,,,,,,,,,,,,,,,,,,,,,,,,,,,,,,,,,,,,,,,,,,,,,,,,,,,,,,,,,,,,,,,
,,,,,610900,001,2024-05-27_13h07.39.414,mathesisv2,2024.1.3,MacIntel,59.52380952,,,,,,142.9258,146.0734,f,3.1341,,,,,,,stimuliAXBmix/iyystimulus.wav,f,,,,,,,,,,,1,1,5,1,1,,,,,,,,,,,,,,,,,,,,,,,,,,,,,,,,,,,,,,,,,,,,,,,,,,,,,,,,,,,,,,,,,,,,,,,
,,,,,610900,001,2024-05-27_13h07.39.414,mathesisv2,2024.1.3,MacIntel,59.52380952,,,,,,146.0837,149.1421,l,3.0464,,,,,,,stimuliAXBmix/yyustimulus.wav,l,,,,,,,,,,,1,2,6,3,1,,,,,,,,,,,,,,,,,,,,,,,,,,,,,,,,,,,,,,,,,,,,,,,,,,,,,,,,,,,,,,,,,,,,,,,
,,,,,610900,001,2024-05-27_13h07.39.414,mathesisv2,2024.1.3,MacIntel,59.52380952,,,,,,149.1425,151.9906,f,2.8339,,,,,,,stimuliAXBmix/yuustimulus.wav,f,,,,,,,,,,,1,3,7,2,1,,,,,,,,,,,,,,,,,,,,,,,,,,,,,,,,,,,,,,,,,,,,,,,,,,,,,,,,,,,,,,,,,,,,,,,
,,,,,610900,001,2024-05-27_13h07.39.414,mathesisv2,2024.1.3,MacIntel,59.52380952,,,,,,152.0006,155.1767,l,3.1665,,,,,,,stimuliAXBmix/yyustimulus.wav,l,,,,,,,,,,,2,0,8,3,1,,,,,,,,,,,,,,,,,,,,,,,,,,,,,,,,,,,,,,,,,,,,,,,,,,,,,,,,,,,,,,,,,,,,,,,
,,,,,610900,001,2024-05-27_13h07.39.414,mathesisv2,2024.1.3,MacIntel,59.52380952,,,,,,155.1769,159.0588,f,3.8691,,,,,,,stimuliAXBmix/iyystimulus.wav,f,,,,,,,,,,,2,1,9,1,1,,,,,,,,,,,,,,,,,,,,,,,,,,,,,,,,,,,,,,,,,,,,,,,,,,,,,,,,,,,,,,,,,,,,,,,
,,,,,610900,001,2024-05-27_13h07.39.414,mathesisv2,2024.1.3,MacIntel,59.52380952,,,,,,159.0678,162.5569,l,3.4782,,,,,,,stimuliAXBmix/iiystimulus.wav,l,,,,,,,,,,,2,2,10,0,1,,,,,,,,,,,,,,,,,,,,,,,,,,,,,,,,,,,,,,,,,,,,,,,,,,,,,,,,,,,,,,,,,,,,,,,
,,,,,610900,001,2024-05-27_13h07.39.414,mathesisv2,2024.1.3,MacIntel,59.52380952,,,,,,162.5665,165.5239,f,2.9495,,,,,,,stimuliAXBmix/yuustimulus.wav,f,,,,,,,,,,,2,3,11,2,1,,,,,,,,,,,,,,,,,,,,,,,,,,,,,,,,,,,,,,,,,,,,,,,,,,,,,,,,,,,,,,,,,,,,,,,
,,,,,610900,001,2024-05-27_13h07.39.414,mathesisv2,2024.1.3,MacIntel,59.52380952,,,,,,168.0858,171.7902,f,3.692,,,,,,,stimuliAXBmix/iyystimulus.wav,f,,,,,,,,,,,,,,,,165.5241,168.075,return,2.5326,,0,0,0,1,1,,,,,,,,,,,,,,,,,,,,,,,,,,,,,,,,,,,,,,,,,,,,,,,,,,,,,,,,,,,,,
,,,,,610900,001,2024-05-27_13h07.39.414,mathesisv2,2024.1.3,MacIntel,59.52380952,,,,,,171.8004,174.9903,l,3.1764,,,,,,,stimuliAXBmix/iiystimulus.wav,l,,,,,,,,,,,,,,,,,,,,,0,1,1,0,1,,,,,,,,,,,,,,,,,,,,,,,,,,,,,,,,,,,,,,,,,,,,,,,,,,,,,,,,,,,,,
,,,,,610900,001,2024-05-27_13h07.39.414,mathesisv2,2024.1.3,MacIntel,59.52380952,,,,,,174.9906,177.7727,f,2.7576,,,,,,,stimuliAXBmix/yuustimulus.wav,f,,,,,,,,,,,,,,,,,,,,,0,2,2,2,1,,,,,,,,,,,,,,,,,,,,,,,,,,,,,,,,,,,,,,,,,,,,,,,,,,,,,,,,,,,,,
,,,,,610900,001,2024-05-27_13h07.39.414,mathesisv2,2024.1.3,MacIntel,59.52380952,,,,,,177.7846,180.7571,l,2.9648,,,,,,,stimuliAXBmix/yyustimulus.wav,l,,,,,,,,,,,,,,,,,,,,,0,3,3,3,1,,,,,,,,,,,,,,,,,,,,,,,,,,,,,,,,,,,,,,,,,,,,,,,,,,,,,,,,,,,,,
,,,,,610900,001,2024-05-27_13h07.39.414,mathesisv2,2024.1.3,MacIntel,59.52380952,,,,,,180.7574,183.5895,l,2.8241,,,,,,,stimuliAXBmix/iiystimulus.wav,l,,,,,,,,,,,,,,,,,,,,,1,0,4,0,1,,,,,,,,,,,,,,,,,,,,,,,,,,,,,,,,,,,,,,,,,,,,,,,,,,,,,,,,,,,,,
,,,,,610900,001,2024-05-27_13h07.39.414,mathesisv2,2024.1.3,MacIntel,59.52380952,,,,,,183.5994,186.4737,f,2.865,,,,,,,stimuliAXBmix/yuustimulus.wav,f,,,,,,,,,,,,,,,,,,,,,1,1,5,2,1,,,,,,,,,,,,,,,,,,,,,,,,,,,,,,,,,,,,,,,,,,,,,,,,,,,,,,,,,,,,,
,,,,,610900,001,2024-05-27_13h07.39.414,mathesisv2,2024.1.3,MacIntel,59.52380952,,,,,,186.474,190.157,f,3.6667,,,,,,,stimuliAXBmix/iyystimulus.wav,f,,,,,,,,,,,,,,,,,,,,,1,2,6,1,1,,,,,,,,,,,,,,,,,,,,,,,,,,,,,,,,,,,,,,,,,,,,,,,,,,,,,,,,,,,,,
,,,,,610900,001,2024-05-27_13h07.39.414,mathesisv2,2024.1.3,MacIntel,59.52380952,,,,,,190.1669,193.5408,l,3.3638,,,,,,,stimuliAXBmix/yyustimulus.wav,l,,,,,,,,,,,,,,,,,,,,,1,3,7,3,1,,,,,,,,,,,,,,,,,,,,,,,,,,,,,,,,,,,,,,,,,,,,,,,,,,,,,,,,,,,,,
,,,,,610900,001,2024-05-27_13h07.39.414,mathesisv2,2024.1.3,MacIntel,59.52380952,,,,,,200.1588,203.2066,f,3.032,,,,,,,stimuliAXBmix/iyystimulus.wav,f,,,,,,,,,,,0,0,0,1,1,,,,,,,,,,,193.5411,200.1419,space,6.5755,,,,,,,,,,,,,,,,,,,,,,,,,,,,,,,,,,,,,,,,,,,,,,,,,,,,,,,,,
,,,,,610900,001,2024-05-27_13h07.39.414,mathesisv2,2024.1.3,MacIntel,59.52380952,,,,,,203.2073,206.5731,f,3.3576,,,,,,,stimuliAXBmix/yuustimulus.wav,f,,,,,,,,,,,0,1,1,2,1,,,,,,,,,,,,,,,,,,,,,,,,,,,,,,,,,,,,,,,,,,,,,,,,,,,,,,,,,,,,,,,,,,,,,,,
,,,,,610900,001,2024-05-27_13h07.39.414,mathesisv2,2024.1.3,MacIntel,59.52380952,,,,,,206.5833,209.6751,l,3.0833,,,,,,,stimuliAXBmix/yyustimulus.wav,l,,,,,,,,,,,0,2,2,3,1,,,,,,,,,,,,,,,,,,,,,,,,,,,,,,,,,,,,,,,,,,,,,,,,,,,,,,,,,,,,,,,,,,,,,,,
,,,,,610900,001,2024-05-27_13h07.39.414,mathesisv2,2024.1.3,MacIntel,59.52380952,,,,,,209.6753,212.9268,l,3.2431,,,,,,,stimuliAXBmix/iiystimulus.wav,l,,,,,,,,,,,0,3,3,0,1,,,,,,,,,,,,,,,,,,,,,,,,,,,,,,,,,,,,,,,,,,,,,,,,,,,,,,,,,,,,,,,,,,,,,,,
,,,,,610900,001,2024-05-27_13h07.39.414,mathesisv2,2024.1.3,MacIntel,59.52380952,,,,,,212.9364,216.1237,f,3.1712,,,,,,,stimuliAXBmix/iyystimulus.wav,f,,,,,,,,,,,1,0,4,1,1,,,,,,,,,,,,,,,,,,,,,,,,,,,,,,,,,,,,,,,,,,,,,,,,,,,,,,,,,,,,,,,,,,,,,,,
,,,,,610900,001,2024-05-27_13h07.39.414,mathesisv2,2024.1.3,MacIntel,59.52380952,,,,,,216.1243,219.3225,l,3.1762,,,,,,,stimuliAXBmix/iiystimulus.wav,l,,,,,,,,,,,1,1,5,0,1,,,,,,,,,,,,,,,,,,,,,,,,,,,,,,,,,,,,,,,,,,,,,,,,,,,,,,,,,,,,,,,,,,,,,,,
,,,,,610900,001,2024-05-27_13h07.39.414,mathesisv2,2024.1.3,MacIntel,59.52380952,,,,,,219.3326,222.4914,f,3.1513,,,,,,,stimuliAXBmix/yuustimulus.wav,f,,,,,,,,,,,1,2,6,2,1,,,,,,,,,,,,,,,,,,,,,,,,,,,,,,,,,,,,,,,,,,,,,,,,,,,,,,,,,,,,,,,,,,,,,,,
,,,,,610900,001,2024-05-27_13h07.39.414,mathesisv2,2024.1.3,MacIntel,59.52380952,,,,,,222.5023,225.5062,l,2.9882,,,,,,,stimuliAXBmix/yyustimulus.wav,l,,,,,,,,,,,1,3,7,3,1,,,,,,,,,,,,,,,,,,,,,,,,,,,,,,,,,,,,,,,,,,,,,,,,,,,,,,,,,,,,,,,,,,,,,,,
,,,,,610900,001,2024-05-27_13h07.39.414,mathesisv2,2024.1.3,MacIntel,59.52380952,,,,,,225.5065,228.5726,l,3.0431,,,,,,,stimuliAXBmix/yyustimulus.wav,l,,,,,,,,,,,2,0,8,3,1,,,,,,,,,,,,,,,,,,,,,,,,,,,,,,,,,,,,,,,,,,,,,,,,,,,,,,,,,,,,,,,,,,,,,,,
,,,,,610900,001,2024-05-27_13h07.39.414,mathesisv2,2024.1.3,MacIntel,59.52380952,,,,,,228.5819,231.7734,f,3.1819,,,,,,,stimuliAXBmix/iyystimulus.wav,f,,,,,,,,,,,2,1,9,1,1,,,,,,,,,,,,,,,,,,,,,,,,,,,,,,,,,,,,,,,,,,,,,,,,,,,,,,,,,,,,,,,,,,,,,,,
,,,,,610900,001,2024-05-27_13h07.39.414,mathesisv2,2024.1.3,MacIntel,59.52380952,,,,,,231.7736,234.9896,l,3.2069,,,,,,,stimuliAXBmix/iiystimulus.wav,l,,,,,,,,,,,2,2,10,0,1,,,,,,,,,,,,,,,,,,,,,,,,,,,,,,,,,,,,,,,,,,,,,,,,,,,,,,,,,,,,,,,,,,,,,,,
,,,,,610900,001,2024-05-27_13h07.39.414,mathesisv2,2024.1.3,MacIntel,59.52380952,,,,,,234.998,238.0245,f,3.0196,,,,,,,stimuliAXBmix/yuustimulus.wav,f,,,,,,,,,,,2,3,11,2,1,,,,,,,,,,,,,,,,,,,,,,,,,,,,,,,,,,,,,,,,,,,,,,,,,,,,,,,,,,,,,,,,,,,,,,,
,,,,,610900,001,2024-05-27_13h07.39.414,mathesisv2,2024.1.3,MacIntel,59.52380952,,,,,,241.519,244.6727,f,3.1429,,,,,,,stimuliAXBmix/yuustimulus.wav,f,,,,,,,,,,,,,,,,238.0247,241.5067,return,3.4616,,0,0,0,2,1,,,,,,,,,,,,,,,,,,,,,,,,,,,,,,,,,,,,,,,,,,,,,,,,,,,,,,,,,,,,,
,,,,,610900,001,2024-05-27_13h07.39.414,mathesisv2,2024.1.3,MacIntel,59.52380952,,,,,,244.6829,247.8051,l,3.1124,,,,,,,stimuliAXBmix/yyustimulus.wav,l,,,,,,,,,,,,,,,,,,,,,0,1,1,3,1,,,,,,,,,,,,,,,,,,,,,,,,,,,,,,,,,,,,,,,,,,,,,,,,,,,,,,,,,,,,,
,,,,,610900,001,2024-05-27_13h07.39.414,mathesisv2,2024.1.3,MacIntel,59.52380952,,,,,,247.8052,251.1399,l,3.3157,,,,,,,stimuliAXBmix/iiystimulus.wav,l,,,,,,,,,,,,,,,,,,,,,0,2,2,0,1,,,,,,,,,,,,,,,,,,,,,,,,,,,,,,,,,,,,,,,,,,,,,,,,,,,,,,,,,,,,,
,,,,,610900,001,2024-05-27_13h07.39.414,mathesisv2,2024.1.3,MacIntel,59.52380952,,,,,,251.1495,254.8908,f,3.7332,,,,,,,stimuliAXBmix/iyystimulus.wav,f,,,,,,,,,,,,,,,,,,,,,0,3,3,1,1,,,,,,,,,,,,,,,,,,,,,,,,,,,,,,,,,,,,,,,,,,,,,,,,,,,,,,,,,,,,,
,,,,,610900,001,2024-05-27_13h07.39.414,mathesisv2,2024.1.3,MacIntel,59.52380952,,,,,,254.9003,258.1058,f,3.1868,,,,,,,stimuliAXBmix/iyystimulus.wav,f,,,,,,,,,,,,,,,,,,,,,1,0,4,1,1,,,,,,,,,,,,,,,,,,,,,,,,,,,,,,,,,,,,,,,,,,,,,,,,,,,,,,,,,,,,,
,,,,,610900,001,2024-05-27_13h07.39.414,mathesisv2,2024.1.3,MacIntel,59.52380952,,,,,,258.1062,261.0905,l,2.9686,,,,,,,stimuliAXBmix/iiystimulus.wav,l,,,,,,,,,,,,,,,,,,,,,1,1,5,0,1,,,,,,,,,,,,,,,,,,,,,,,,,,,,,,,,,,,,,,,,,,,,,,,,,,,,,,,,,,,,,
,,,,,610900,001,2024-05-27_13h07.39.414,mathesisv2,2024.1.3,MacIntel,59.52380952,,,,,,261.1017,263.9729,f,2.8628,,,,,,,stimuliAXBmix/yuustimulus.wav,f,,,,,,,,,,,,,,,,,,,,,1,2,6,2,1,,,,,,,,,,,,,,,,,,,,,,,,,,,,,,,,,,,,,,,,,,,,,,,,,,,,,,,,,,,,,
,,,,,610900,001,2024-05-27_13h07.39.414,mathesisv2,2024.1.3,MacIntel,59.52380952,,,,,,263.9732,266.8579,l,2.876,,,,,,,stimuliAXBmix/yyustimulus.wav,l,,,,,,,,,,,,,,,,,,,,,1,3,7,3,1,,,,,,,,,,,,,,,,,,,,,,,,,,,,,,,,,,,,,,,,,,,,,,,,,,,,,,,,,,,,,
,,,,,610900,001,2024-05-27_13h07.39.414,mathesisv2,2024.1.3,MacIntel,59.52380952,,,,,,275.4848,278.3886,f,2.8926,,,,,,,stimuliAXBmix/yuustimulus.wav,f,,,,,,,,,,,0,0,0,2,1,,,,,,,,,,,266.858,275.474,space,8.6033,,,,,,,,,,,,,,,,,,,,,,,,,,,,,,,,,,,,,,,,,,,,,,,,,,,,,,,,,
,,,,,610900,001,2024-05-27_13h07.39.414,mathesisv2,2024.1.3,MacIntel,59.52380952,,,,,,278.3893,281.4049,l,3.001,,,,,,,stimuliAXBmix/iiystimulus.wav,l,,,,,,,,,,,0,1,1,0,1,,,,,,,,,,,,,,,,,,,,,,,,,,,,,,,,,,,,,,,,,,,,,,,,,,,,,,,,,,,,,,,,,,,,,,,
,,,,,610900,001,2024-05-27_13h07.39.414,mathesisv2,2024.1.3,MacIntel,59.52380952,,,,,,281.4051,284.3895,f,2.9667,,,,,,,stimuliAXBmix/iyystimulus.wav,f,,,,,,,,,,,0,2,2,1,1,,,,,,,,,,,,,,,,,,,,,,,,,,,,,,,,,,,,,,,,,,,,,,,,,,,,,,,,,,,,,,,,,,,,,,,
,,,,,610900,001,2024-05-27_13h07.39.414,mathesisv2,2024.1.3,MacIntel,59.52380952,,,,,,284.3987,287.3566,l,2.9464,,,,,,,stimuliAXBmix/yyustimulus.wav,l,,,,,,,,,,,0,3,3,3,1,,,,,,,,,,,,,,,,,,,,,,,,,,,,,,,,,,,,,,,,,,,,,,,,,,,,,,,,,,,,,,,,,,,,,,,
,,,,,610900,001,2024-05-27_13h07.39.414,mathesisv2,2024.1.3,MacIntel,59.52380952,,,,,,287.3568,290.9732,l,3.6003,,,,,,,stimuliAXBmix/yyustimulus.wav,l,,,,,,,,,,,1,0,4,3,1,,,,,,,,,,,,,,,,,,,,,,,,,,,,,,,,,,,,,,,,,,,,,,,,,,,,,,,,,,,,,,,,,,,,,,,
,,,,,610900,001,2024-05-27_13h07.39.414,mathesisv2,2024.1.3,MacIntel,59.52380952,,,,,,290.9824,294.7232,l,3.7283,,,,,,,stimuliAXBmix/iiystimulus.wav,l,,,,,,,,,,,1,1,5,0,1,,,,,,,,,,,,,,,,,,,,,,,,,,,,,,,,,,,,,,,,,,,,,,,,,,,,,,,,,,,,,,,,,,,,,,,
,,,,,610900,001,2024-05-27_13h07.39.414,mathesisv2,2024.1.3,MacIntel,59.52380952,,,,,,294.7325,297.938,f,3.1955,,,,,,,stimuliAXBmix/iyystimulus.wav,f,,,,,,,,,,,1,2,6,1,1,,,,,,,,,,,,,,,,,,,,,,,,,,,,,,,,,,,,,,,,,,,,,,,,,,,,,,,,,,,,,,,,,,,,,,,
,,,,,610900,001,2024-05-27_13h07.39.414,mathesisv2,2024.1.3,MacIntel,59.52380952,,,,,,297.9473,301.0426,f,3.0886,,,,,,,stimuliAXBmix/yuustimulus.wav,f,,,,,,,,,,,1,3,7,2,1,,,,,,,,,,,,,,,,,,,,,,,,,,,,,,,,,,,,,,,,,,,,,,,,,,,,,,,,,,,,,,,,,,,,,,,
,,,,,610900,001,2024-05-27_13h07.39.414,mathesisv2,2024.1.3,MacIntel,59.52380952,,,,,,301.0429,304.0774,f,3.0254,,,,,,,stimuliAXBmix/iyystimulus.wav,f,,,,,,,,,,,2,0,8,1,1,,,,,,,,,,,,,,,,,,,,,,,,,,,,,,,,,,,,,,,,,,,,,,,,,,,,,,,,,,,,,,,,,,,,,,,
,,,,,610900,001,2024-05-27_13h07.39.414,mathesisv2,2024.1.3,MacIntel,59.52380952,,,,,,304.0877,307.1046,l,3.0002,,,,,,,stimuliAXBmix/iiystimulus.wav,l,,,,,,,,,,,2,1,9,0,1,,,,,,,,,,,,,,,,,,,,,,,,,,,,,,,,,,,,,,,,,,,,,,,,,,,,,,,,,,,,,,,,,,,,,,,
,,,,,610900,001,2024-05-27_13h07.39.414,mathesisv2,2024.1.3,MacIntel,59.52380952,,,,,,307.1049,310.3877,l,3.2679,,,,,,,stimuliAXBmix/yyustimulus.wav,l,,,,,,,,,,,2,2,10,3,1,,,,,,,,,,,,,,,,,,,,,,,,,,,,,,,,,,,,,,,,,,,,,,,,,,,,,,,,,,,,,,,,,,,,,,,
,,,,,610900,001,2024-05-27_13h07.39.414,mathesisv2,2024.1.3,MacIntel,59.52380952,,,,,,310.3981,313.2397,f,2.8325,,,,,,,stimuliAXBmix/yuustimulus.wav,f,,,,,,,,,,,2,3,11,2,1,,,,,,,,,,,,,,,,,,,,,,,,,,,,,,,,,,,,,,,,,,,,,,,,,,,,,,,,,,,,,,,,,,,,,,,
,,,,,610900,001,2024-05-27_13h07.39.414,mathesisv2,2024.1.3,MacIntel,59.52380952,,,,,,316.2678,319.2396,f,2.959,,,,,,,stimuliAXBmix/iyystimulus.wav,f,,,,,,,,,,,,,,,,313.2398,316.2561,return,3.0013,,0,0,0,1,1,,,,,,,,,,,,,,,,,,,,,,,,,,,,,,,,,,,,,,,,,,,,,,,,,,,,,,,,,,,,,
,,,,,610900,001,2024-05-27_13h07.39.414,mathesisv2,2024.1.3,MacIntel,59.52380952,,,,,,319.2399,322.0212,f,2.7671,,,,,,,stimuliAXBmix/yuustimulus.wav,f,,,,,,,,,,,,,,,,,,,,,0,1,1,2,1,,,,,,,,,,,,,,,,,,,,,,,,,,,,,,,,,,,,,,,,,,,,,,,,,,,,,,,,,,,,,
,,,,,610900,001,2024-05-27_13h07.39.414,mathesisv2,2024.1.3,MacIntel,59.52380952,,,,,,322.0311,324.9546,l,2.9137,,,,,,,stimuliAXBmix/yyustimulus.wav,l,,,,,,,,,,,,,,,,,,,,,0,2,2,3,1,,,,,,,,,,,,,,,,,,,,,,,,,,,,,,,,,,,,,,,,,,,,,,,,,,,,,,,,,,,,,
,,,,,610900,001,2024-05-27_13h07.39.414,mathesisv2,2024.1.3,MacIntel,59.52380952,,,,,,324.9549,328.0568,l,3.0832,,,,,,,stimuliAXBmix/iiystimulus.wav,l,,,,,,,,,,,,,,,,,,,,,0,3,3,0,1,,,,,,,,,,,,,,,,,,,,,,,,,,,,,,,,,,,,,,,,,,,,,,,,,,,,,,,,,,,,,
,,,,,610900,001,2024-05-27_13h07.39.414,mathesisv2,2024.1.3,MacIntel,59.52380952,,,,,,328.0667,330.9731,f,2.8947,,,,,,,stimuliAXBmix/yuustimulus.wav,f,,,,,,,,,,,,,,,,,,,,,1,0,4,2,1,,,,,,,,,,,,,,,,,,,,,,,,,,,,,,,,,,,,,,,,,,,,,,,,,,,,,,,,,,,,,
,,,,,610900,001,2024-05-27_13h07.39.414,mathesisv2,2024.1.3,MacIntel,59.52380952,,,,,,330.9734,333.8052,f,2.8185,,,,,,,stimuliAXBmix/iyystimulus.wav,f,,,,,,,,,,,,,,,,,,,,,1,1,5,1,1,,,,,,,,,,,,,,,,,,,,,,,,,,,,,,,,,,,,,,,,,,,,,,,,,,,,,,,,,,,,,
,,,,,610900,001,2024-05-27_13h07.39.414,mathesisv2,2024.1.3,MacIntel,59.52380952,,,,,,333.8151,336.589,l,2.7625,,,,,,,stimuliAXBmix/yyustimulus.wav,l,,,,,,,,,,,,,,,,,,,,,1,2,6,3,1,,,,,,,,,,,,,,,,,,,,,,,,,,,,,,,,,,,,,,,,,,,,,,,,,,,,,,,,,,,,,
,,,,,610900,001,2024-05-27_13h07.39.414,mathesisv2,2024.1.3,MacIntel,59.52380952,,,,,,336.5892,339.4706,l,2.8684,,,,,,,stimuliAXBmix/iiystimulus.wav,l,,,,,,,,,,,,,,,,,,,,,1,3,7,0,1,,,,,,,,,,,,,,,,,,,,,,,,,,,,,,,,,,,,,,,,,,,,,,,,,,,,,,,,,,,,,
,,,,,610900,001,2024-05-27_13h07.39.414,mathesisv2,2024.1.3,MacIntel,59.52380952,,,,,,,,,,,,,,,,,,,,,,,,,,,,,,,,,,,,,,,,,,,339.4707,352.8039,space,13.3173,,352.8046,364.838,space,12.0009,,,,,,,,,,,,,,,,,,,,,,,,,,,,,,,,,,,,,,,,,,,,,,,,,,,,
,,,,,610900,001,2024-05-27_13h07.39.414,mathesisv2,2024.1.3,MacIntel,59.52380952,,,,,,,,,,,,,,,,,,,,,,,,,,,,,,,,,,,,,,,,,,,,,,,,,,,,,364.8554,370.1892,e,5.3158,,0,0,0,1,1,testTAFCmixfirst/nimnym002.wav,,,,,,,,,,,,,,,,,,,,,,,,,,,,,,,,,,,,,,,,
,,,,,610900,001,2024-05-27_13h07.39.414,mathesisv2,2024.1.3,MacIntel,59.52380952,,,,,,,,,,,,,,,,,,,,,,,,,,,,,,,,,,,,,,,,,,,,,,,,,,,,,370.1983,372.6216,y,2.4108,,0,1,1,2,1,testTAFCmixfirst/nimnym006.wav,,,,,,,,,,,,,,,,,,,,,,,,,,,,,,,,,,,,,,,,
,,,,,610900,001,2024-05-27_13h07.39.414,mathesisv2,2024.1.3,MacIntel,59.52380952,,,,,,,,,,,,,,,,,,,,,,,,,,,,,,,,,,,,,,,,,,,,,,,,,,,,,372.6223,374.5036,e,1.8675,,0,2,2,0,1,testTAFCmixfirst/nimnym001.wav,,,,,,,,,,,,,,,,,,,,,,,,,,,,,,,,,,,,,,,,
,,,,,610900,001,2024-05-27_13h07.39.414,mathesisv2,2024.1.3,MacIntel,59.52380952,,,,,,,,,,,,,,,,,,,,,,,,,,,,,,,,,,,,,,,,,,,,,,,,,,,,,,,,,,,,,,,,374.5084,383.7702,y,9.2482,,0,0,0,0,1,testTAFCmixsec/numnym001.wav,,,,,,,,,,,,,,,,,,,,,,,,,,,,,
,,,,,610900,001,2024-05-27_13h07.39.414,mathesisv2,2024.1.3,MacIntel,59.52380952,,,,,,,,,,,,,,,,,,,,,,,,,,,,,,,,,,,,,,,,,,,,,,,,,,,,,,,,,,,,,,,,383.7811,388.6216,y,4.8301,,0,1,1,1,1,testTAFCmixsec/numnym002.wav,,,,,,,,,,,,,,,,,,,,,,,,,,,,,
,,,,,610900,001,2024-05-27_13h07.39.414,mathesisv2,2024.1.3,MacIntel,59.52380952,,,,,,,,,,,,,,,,,,,,,,,,,,,,,,,,,,,,,,,,,,,,,,,,,,,,,,,,,,,,,,,,388.6311,392.6388,u,3.9954,,0,2,2,2,1,testTAFCmixsec/numnym006.wav,,,,,,,,,,,,,,,,,,,,,,,,,,,,,
,,,,,610900,001,2024-05-27_13h07.39.414,mathesisv2,2024.1.3,MacIntel,59.52380952,,,,,,,,,,,,,,,,,,,,,,,,,,,,,,,,,,,,,,,,,,,,,,,,,,,,,,,,,,,,,,,,,,,,,,,,,,,392.6393,402.9415,space,10.2879,,,,,,,,,,,,,,,,,,,,,,,,,
,,,,,610900,001,2024-05-27_13h07.39.414,mathesisv2,2024.1.3,MacIntel,59.52380952,,,,,,,,,,,,,,,,,e,,,,,,,,,,,,,,,,,,,,,,,,,,,,,,,,,,,,,,,,,,,,,,,,,,,,,,,,,,,,,,,402.9579,410.6206,y,7.6484,,0,0,0,2,1,stimuliTAFCfirst/nimnym003.wav,,,,,,,,,,,,,
,,,,,610900,001,2024-05-27_13h07.39.414,mathesisv2,2024.1.3,MacIntel,59.52380952,,,,,,,,,,,,,,,,,y,,,,,,,,,,,,,,,,,,,,,,,,,,,,,,,,,,,,,,,,,,,,,,,,,,,,,,,,,,,,,,,410.6305,413.337,y,2.6954,,0,1,1,6,1,stimuliTAFCfirst/nimnym007.wav,,,,,,,,,,,,,
,,,,,610900,001,2024-05-27_13h07.39.414,mathesisv2,2024.1.3,MacIntel,59.52380952,,,,,,,,,,,,,,,,,y,,,,,,,,,,,,,,,,,,,,,,,,,,,,,,,,,,,,,,,,,,,,,,,,,,,,,,,,,,,,,,,413.3463,416.6882,y,3.3313,,0,2,2,5,1,stimuliTAFCfirst/nimnym006.wav,,,,,,,,,,,,,
,,,,,610900,001,2024-05-27_13h07.39.414,mathesisv2,2024.1.3,MacIntel,59.52380952,,,,,,,,,,,,,,,,,e,,,,,,,,,,,,,,,,,,,,,,,,,,,,,,,,,,,,,,,,,,,,,,,,,,,,,,,,,,,,,,,416.6886,418.4531,e,1.7509,,0,3,3,1,1,stimuliTAFCfirst/nimnym002.wav,,,,,,,,,,,,,
,,,,,610900,001,2024-05-27_13h07.39.414,mathesisv2,2024.1.3,MacIntel,59.52380952,,,,,,,,,,,,,,,,,e,,,,,,,,,,,,,,,,,,,,,,,,,,,,,,,,,,,,,,,,,,,,,,,,,,,,,,,,,,,,,,,418.4539,419.6543,e,1.1873,,0,4,4,0,1,stimuliTAFCfirst/nimnym001.wav,,,,,,,,,,,,,
,,,,,610900,001,2024-05-27_13h07.39.414,mathesisv2,2024.1.3,MacIntel,59.52380952,,,,,,,,,,,,,,,,,y,,,,,,,,,,,,,,,,,,,,,,,,,,,,,,,,,,,,,,,,,,,,,,,,,,,,,,,,,,,,,,,419.6551,421.2218,y,1.5525,,0,5,5,4,1,stimuliTAFCfirst/nimnym005.wav,,,,,,,,,,,,,
,,,,,610900,001,2024-05-27_13h07.39.414,mathesisv2,2024.1.3,MacIntel,59.52380952,,,,,,,,,,,,,,,,,x,,,,,,,,,,,,,,,,,,,,,,,,,,,,,,,,,,,,,,,,,,,,,,,,,,,,,,,,,,,,,,,421.2222,422.8874,y,1.6507,,0,6,6,3,1,stimuliTAFCfirst/nimnym004.wav,,,,,,,,,,,,,
,,,,,610900,001,2024-05-27_13h07.39.414,mathesisv2,2024.1.3,MacIntel,59.52380952,,,,,,,,,,,,,,,,,y,,,,,,,,,,,,,,,,,,,,,,,,,,,,,,,,,,,,,,,,,,,,,,,,,,,,,,,,,,,,,,,422.8882,425.1706,y,2.2678,,1,0,7,4,1,stimuliTAFCfirst/nimnym005.wav,,,,,,,,,,,,,
,,,,,610900,001,2024-05-27_13h07.39.414,mathesisv2,2024.1.3,MacIntel,59.52380952,,,,,,,,,,,,,,,,,x,,,,,,,,,,,,,,,,,,,,,,,,,,,,,,,,,,,,,,,,,,,,,,,,,,,,,,,,,,,,,,,425.1803,428.5041,y,3.315,,1,1,8,3,1,stimuliTAFCfirst/nimnym004.wav,,,,,,,,,,,,,
,,,,,610900,001,2024-05-27_13h07.39.414,mathesisv2,2024.1.3,MacIntel,59.52380952,,,,,,,,,,,,,,,,,e,,,,,,,,,,,,,,,,,,,,,,,,,,,,,,,,,,,,,,,,,,,,,,,,,,,,,,,,,,,,,,,428.5048,430.7544,y,2.2335,,1,2,9,2,1,stimuliTAFCfirst/nimnym003.wav,,,,,,,,,,,,,
,,,,,610900,001,2024-05-27_13h07.39.414,mathesisv2,2024.1.3,MacIntel,59.52380952,,,,,,,,,,,,,,,,,y,,,,,,,,,,,,,,,,,,,,,,,,,,,,,,,,,,,,,,,,,,,,,,,,,,,,,,,,,,,,,,,430.7548,432.3036,y,1.5334,,1,3,10,6,1,stimuliTAFCfirst/nimnym007.wav,,,,,,,,,,,,,
,,,,,610900,001,2024-05-27_13h07.39.414,mathesisv2,2024.1.3,MacIntel,59.52380952,,,,,,,,,,,,,,,,,e,,,,,,,,,,,,,,,,,,,,,,,,,,,,,,,,,,,,,,,,,,,,,,,,,,,,,,,,,,,,,,,432.3044,433.5709,e,1.2512,,1,4,11,0,1,stimuliTAFCfirst/nimnym001.wav,,,,,,,,,,,,,
,,,,,610900,001,2024-05-27_13h07.39.414,mathesisv2,2024.1.3,MacIntel,59.52380952,,,,,,,,,,,,,,,,,e,,,,,,,,,,,,,,,,,,,,,,,,,,,,,,,,,,,,,,,,,,,,,,,,,,,,,,,,,,,,,,,433.5713,434.855,e,1.2688,,1,5,12,1,1,stimuliTAFCfirst/nimnym002.wav,,,,,,,,,,,,,
,,,,,610900,001,2024-05-27_13h07.39.414,mathesisv2,2024.1.3,MacIntel,59.52380952,,,,,,,,,,,,,,,,,y,,,,,,,,,,,,,,,,,,,,,,,,,,,,,,,,,,,,,,,,,,,,,,,,,,,,,,,,,,,,,,,434.8553,436.2379,y,1.3671,,1,6,13,5,1,stimuliTAFCfirst/nimnym006.wav,,,,,,,,,,,,,
,,,,,610900,001,2024-05-27_13h07.39.414,mathesisv2,2024.1.3,MacIntel,59.52380952,,,,,,,,,,,,,,,,,u,436.2385,438.8713,space,2.6166,,,,,,,,,,,,,,,,,,,,,,,,,,,,,,,,,,,,,,,,,,,,,,,,,,,,,,,,,,,,,,,,,,,,,,438.8836,442.488,u,3.5863,,0,0,0,0,1,stimuliTAFCsec/numnym001.wav,,
,,,,,610900,001,2024-05-27_13h07.39.414,mathesisv2,2024.1.3,MacIntel,59.52380952,,,,,,,,,,,,,,,,,u,,,,,,,,,,,,,,,,,,,,,,,,,,,,,,,,,,,,,,,,,,,,,,,,,,,,,,,,,,,,,,,,,,,,,,,,,,442.4979,445.8871,u,3.3775,,0,1,1,1,1,stimuliTAFCsec/numnym002.wav,,
,,,,,610900,001,2024-05-27_13h07.39.414,mathesisv2,2024.1.3,MacIntel,59.52380952,,,,,,,,,,,,,,,,,y,,,,,,,,,,,,,,,,,,,,,,,,,,,,,,,,,,,,,,,,,,,,,,,,,,,,,,,,,,,,,,,,,,,,,,,,,,445.8967,447.3193,y,1.4125,,0,2,2,4,1,stimuliTAFCsec/numnym005.wav,,
,,,,,610900,001,2024-05-27_13h07.39.414,mathesisv2,2024.1.3,MacIntel,59.52380952,,,,,,,,,,,,,,,,,x,,,,,,,,,,,,,,,,,,,,,,,,,,,,,,,,,,,,,,,,,,,,,,,,,,,,,,,,,,,,,,,,,,,,,,,,,,447.3195,448.5366,y,1.2006,,0,3,3,3,1,stimuliTAFCsec/numnym004.wav,,
,,,,,610900,001,2024-05-27_13h07.39.414,mathesisv2,2024.1.3,MacIntel,59.52380952,,,,,,,,,,,,,,,,,y,,,,,,,,,,,,,,,,,,,,,,,,,,,,,,,,,,,,,,,,,,,,,,,,,,,,,,,,,,,,,,,,,,,,,,,,,,448.5374,450.0524,y,1.5006,,0,4,4,6,1,stimuliTAFCsec/numnym007.wav,,
,,,,,610900,001,2024-05-27_13h07.39.414,mathesisv2,2024.1.3,MacIntel,59.52380952,,,,,,,,,,,,,,,,,u,,,,,,,,,,,,,,,,,,,,,,,,,,,,,,,,,,,,,,,,,,,,,,,,,,,,,,,,,,,,,,,,,,,,,,,,,,450.0526,451.453,u,1.3842,,0,5,5,2,1,stimuliTAFCsec/numnym003.wav,,
,,,,,610900,001,2024-05-27_13h07.39.414,mathesisv2,2024.1.3,MacIntel,59.52380952,,,,,,,,,,,,,,,,,y,,,,,,,,,,,,,,,,,,,,,,,,,,,,,,,,,,,,,,,,,,,,,,,,,,,,,,,,,,,,,,,,,,,,,,,,,,451.4539,452.6689,y,1.2006,,0,6,6,5,1,stimuliTAFCsec/numnym006.wav,,
,,,,,610900,001,2024-05-27_13h07.39.414,mathesisv2,2024.1.3,MacIntel,59.52380952,,,,,,,,,,,,,,,,,y,,,,,,,,,,,,,,,,,,,,,,,,,,,,,,,,,,,,,,,,,,,,,,,,,,,,,,,,,,,,,,,,,,,,,,,,,,452.6691,453.9689,y,1.2832,,1,0,7,5,1,stimuliTAFCsec/numnym006.wav,,
,,,,,610900,001,2024-05-27_13h07.39.414,mathesisv2,2024.1.3,MacIntel,59.52380952,,,,,,,,,,,,,,,,,u,,,,,,,,,,,,,,,,,,,,,,,,,,,,,,,,,,,,,,,,,,,,,,,,,,,,,,,,,,,,,,,,,,,,,,,,,,453.9697,455.0861,u,1.1024,,1,1,8,1,1,stimuliTAFCsec/numnym002.wav,,
,,,,,610900,001,2024-05-27_13h07.39.414,mathesisv2,2024.1.3,MacIntel,59.52380952,,,,,,,,,,,,,,,,,x,,,,,,,,,,,,,,,,,,,,,,,,,,,,,,,,,,,,,,,,,,,,,,,,,,,,,,,,,,,,,,,,,,,,,,,,,,455.0863,456.3774,y,1.2792,,1,2,9,3,1,stimuliTAFCsec/numnym004.wav,,
,,,,,610900,001,2024-05-27_13h07.39.414,mathesisv2,2024.1.3,MacIntel,59.52380952,,,,,,,,,,,,,,,,,u,,,,,,,,,,,,,,,,,,,,,,,,,,,,,,,,,,,,,,,,,,,,,,,,,,,,,,,,,,,,,,,,,,,,,,,,,,456.3777,458.0201,u,1.6305,,1,3,10,2,1,stimuliTAFCsec/numnym003.wav,,
,,,,,610900,001,2024-05-27_13h07.39.414,mathesisv2,2024.1.3,MacIntel,59.52380952,,,,,,,,,,,,,,,,,y,,,,,,,,,,,,,,,,,,,,,,,,,,,,,,,,,,,,,,,,,,,,,,,,,,,,,,,,,,,,,,,,,,,,,,,,,,458.0209,459.3364,y,1.3009,,1,4,11,6,1,stimuliTAFCsec/numnym007.wav,,
,,,,,610900,001,2024-05-27_13h07.39.414,mathesisv2,2024.1.3,MacIntel,59.52380952,,,,,,,,,,,,,,,,,y,,,,,,,,,,,,,,,,,,,,,,,,,,,,,,,,,,,,,,,,,,,,,,,,,,,,,,,,,,,,,,,,,,,,,,,,,,459.3372,460.8359,y,1.4869,,1,5,12,4,1,stimuliTAFCsec/numnym005.wav,,
,,,,,610900,001,2024-05-27_13h07.39.414,mathesisv2,2024.1.3,MacIntel,59.52380952,,,,,,,,,,,,,,,,,u,,,,,,,,,,,,,,,,,,,,,,,,,,,,,,,,,,,,,,,,,,,,,,,,,,,,,,,,,,,,,,,,,,,,,,,,,,460.8364,462.0865,u,1.2411,,1,6,13,0,1,stimuliTAFCsec/numnym001.wav,,
,,,,,610900,001,2024-05-27_13h07.39.414,mathesisv2,2024.1.3,MacIntel,59.52380952,,,,,,,,,,,,,,,,,y,,,,,,,,,,,,,,,,,,,,,,,,,,462.0878,476.7362,space,14.6222,,,,,,,,,,,,,,,,,,,,,,,,,,,,,,,,,,476.7493,482.0706,y,5.311,,0,0,0,4,1,stimuliTAFCfirst/nimnym005.wav,,,,,,,,,,,,,
,,,,,610900,001,2024-05-27_13h07.39.414,mathesisv2,2024.1.3,MacIntel,59.52380952,,,,,,,,,,,,,,,,,x,,,,,,,,,,,,,,,,,,,,,,,,,,,,,,,,,,,,,,,,,,,,,,,,,,,,,,,,,,,,,,,482.0804,483.6191,y,1.531,,0,1,1,3,1,stimuliTAFCfirst/nimnym004.wav,,,,,,,,,,,,,
,,,,,610900,001,2024-05-27_13h07.39.414,mathesisv2,2024.1.3,MacIntel,59.52380952,,,,,,,,,,,,,,,,,e,,,,,,,,,,,,,,,,,,,,,,,,,,,,,,,,,,,,,,,,,,,,,,,,,,,,,,,,,,,,,,,483.6194,485.2881,y,1.658,,0,2,2,2,1,stimuliTAFCfirst/nimnym003.wav,,,,,,,,,,,,,
,,,,,610900,001,2024-05-27_13h07.39.414,mathesisv2,2024.1.3,MacIntel,59.52380952,,,,,,,,,,,,,,,,,y,,,,,,,,,,,,,,,,,,,,,,,,,,,,,,,,,,,,,,,,,,,,,,,,,,,,,,,,,,,,,,,485.2883,486.7539,y,1.45,,0,3,3,5,1,stimuliTAFCfirst/nimnym006.wav,,,,,,,,,,,,,
,,,,,610900,001,2024-05-27_13h07.39.414,mathesisv2,2024.1.3,MacIntel,59.52380952,,,,,,,,,,,,,,,,,y,,,,,,,,,,,,,,,,,,,,,,,,,,,,,,,,,,,,,,,,,,,,,,,,,,,,,,,,,,,,,,,486.7542,488.6191,y,1.8514,,0,4,4,6,1,stimuliTAFCfirst/nimnym007.wav,,,,,,,,,,,,,
,,,,,610900,001,2024-05-27_13h07.39.414,mathesisv2,2024.1.3,MacIntel,59.52380952,,,,,,,,,,,,,,,,,e,,,,,,,,,,,,,,,,,,,,,,,,,,,,,,,,,,,,,,,,,,,,,,,,,,,,,,,,,,,,,,,488.6194,489.8369,e,1.2097,,0,5,5,0,1,stimuliTAFCfirst/nimnym001.wav,,,,,,,,,,,,,
,,,,,610900,001,2024-05-27_13h07.39.414,mathesisv2,2024.1.3,MacIntel,59.52380952,,,,,,,,,,,,,,,,,e,,,,,,,,,,,,,,,,,,,,,,,,,,,,,,,,,,,,,,,,,,,,,,,,,,,,,,,,,,,,,,,489.8373,491.0355,e,1.1896,,0,6,6,1,1,stimuliTAFCfirst/nimnym002.wav,,,,,,,,,,,,,
,,,,,610900,001,2024-05-27_13h07.39.414,mathesisv2,2024.1.3,MacIntel,59.52380952,,,,,,,,,,,,,,,,,y,,,,,,,,,,,,,,,,,,,,,,,,,,,,,,,,,,,,,,,,,,,,,,,,,,,,,,,,,,,,,,,491.0362,492.387,y,1.3363,,1,0,7,4,1,stimuliTAFCfirst/nimnym005.wav,,,,,,,,,,,,,
,,,,,610900,001,2024-05-27_13h07.39.414,mathesisv2,2024.1.3,MacIntel,59.52380952,,,,,,,,,,,,,,,,,e,,,,,,,,,,,,,,,,,,,,,,,,,,,,,,,,,,,,,,,,,,,,,,,,,,,,,,,,,,,,,,,492.3873,493.6375,e,1.2422,,1,1,8,1,1,stimuliTAFCfirst/nimnym002.wav,,,,,,,,,,,,,
,,,,,610900,001,2024-05-27_13h07.39.414,mathesisv2,2024.1.3,MacIntel,59.52380952,,,,,,,,,,,,,,,,,e,,,,,,,,,,,,,,,,,,,,,,,,,,,,,,,,,,,,,,,,,,,,,,,,,,,,,,,,,,,,,,,493.6378,494.8525,e,1.2013,,1,2,9,0,1,stimuliTAFCfirst/nimnym001.wav,,,,,,,,,,,,,
,,,,,610900,001,2024-05-27_13h07.39.414,mathesisv2,2024.1.3,MacIntel,59.52380952,,,,,,,,,,,,,,,,,y,,,,,,,,,,,,,,,,,,,,,,,,,,,,,,,,,,,,,,,,,,,,,,,,,,,,,,,,,,,,,,,494.8529,496.354,y,1.4916,,1,3,10,6,1,stimuliTAFCfirst/nimnym007.wav,,,,,,,,,,,,,
,,,,,610900,001,2024-05-27_13h07.39.414,mathesisv2,2024.1.3,MacIntel,59.52380952,,,,,,,,,,,,,,,,,x,,,,,,,,,,,,,,,,,,,,,,,,,,,,,,,,,,,,,,,,,,,,,,,,,,,,,,,,,,,,,,,496.3543,497.8377,y,1.4699,,1,4,11,3,1,stimuliTAFCfirst/nimnym004.wav,,,,,,,,,,,,,
,,,,,610900,001,2024-05-27_13h07.39.414,mathesisv2,2024.1.3,MacIntel,59.52380952,,,,,,,,,,,,,,,,,y,,,,,,,,,,,,,,,,,,,,,,,,,,,,,,,,,,,,,,,,,,,,,,,,,,,,,,,,,,,,,,,497.84,499.2366,y,1.3883,,1,5,12,5,1,stimuliTAFCfirst/nimnym006.wav,,,,,,,,,,,,,
,,,,,610900,001,2024-05-27_13h07.39.414,mathesisv2,2024.1.3,MacIntel,59.52380952,,,,,,,,,,,,,,,,,e,,,,,,,,,,,,,,,,,,,,,,,,,,,,,,,,,,,,,,,,,,,,,,,,,,,,,,,,,,,,,,,499.2379,504.5874,y,5.3418,,1,6,13,2,1,stimuliTAFCfirst/nimnym003.wav,,,,,,,,,,,,,
,,,,,610900,001,2024-05-27_13h07.39.414,mathesisv2,2024.1.3,MacIntel,59.52380952,,,,,,,,,,,,,,,,,y,504.5876,506.7357,space,2.1326,,,,,,,,,,,,,,,,,,,,,,,,,,,,,,,,,,,,,,,,,,,,,,,,,,,,,,,,,,,,,,,,,,,,,,506.7482,510.2527,u,3.4878,,0,0,0,4,1,stimuliTAFCsec/numnym005.wav,,
,,,,,610900,001,2024-05-27_13h07.39.414,mathesisv2,2024.1.3,MacIntel,59.52380952,,,,,,,,,,,,,,,,,x,,,,,,,,,,,,,,,,,,,,,,,,,,,,,,,,,,,,,,,,,,,,,,,,,,,,,,,,,,,,,,,,,,,,,,,,,,510.263,511.6039,u,1.3325,,0,1,1,3,1,stimuliTAFCsec/numnym004.wav,,
,,,,,610900,001,2024-05-27_13h07.39.414,mathesisv2,2024.1.3,MacIntel,59.52380952,,,,,,,,,,,,,,,,,u,,,,,,,,,,,,,,,,,,,,,,,,,,,,,,,,,,,,,,,,,,,,,,,,,,,,,,,,,,,,,,,,,,,,,,,,,,511.6041,513.9531,y,2.3334,,0,2,2,0,1,stimuliTAFCsec/numnym001.wav,,
,,,,,610900,001,2024-05-27_13h07.39.414,mathesisv2,2024.1.3,MacIntel,59.52380952,,,,,,,,,,,,,,,,,y,,,,,,,,,,,,,,,,,,,,,,,,,,,,,,,,,,,,,,,,,,,,,,,,,,,,,,,,,,,,,,,,,,,,,,,,,,513.9536,515.4027,u,1.4413,,0,3,3,6,1,stimuliTAFCsec/numnym007.wav,,
,,,,,610900,001,2024-05-27_13h07.39.414,mathesisv2,2024.1.3,MacIntel,59.52380952,,,,,,,,,,,,,,,,,u,,,,,,,,,,,,,,,,,,,,,,,,,,,,,,,,,,,,,,,,,,,,,,,,,,,,,,,,,,,,,,,,,,,,,,,,,,515.4028,516.5354,y,1.1209,,0,4,4,2,1,stimuliTAFCsec/numnym003.wav,,
,,,,,610900,001,2024-05-27_13h07.39.414,mathesisv2,2024.1.3,MacIntel,59.52380952,,,,,,,,,,,,,,,,,y,,,,,,,,,,,,,,,,,,,,,,,,,,,,,,,,,,,,,,,,,,,,,,,,,,,,,,,,,,,,,,,,,,,,,,,,,,516.5356,518.7685,u,2.2074,,0,5,5,5,1,stimuliTAFCsec/numnym006.wav,,
,,,,,610900,001,2024-05-27_13h07.39.414,mathesisv2,2024.1.3,MacIntel,59.52380952,,,,,,,,,,,,,,,,,u,,,,,,,,,,,,,,,,,,,,,,,,,,,,,,,,,,,,,,,,,,,,,,,,,,,,,,,,,,,,,,,,,,,,,,,,,,518.7688,520.1527,y,1.3672,,0,6,6,1,1,stimuliTAFCsec/numnym002.wav,,
,,,,,610900,001,2024-05-27_13h07.39.414,mathesisv2,2024.1.3,MacIntel,59.52380952,,,,,,,,,,,,,,,,,y,,,,,,,,,,,,,,,,,,,,,,,,,,,,,,,,,,,,,,,,,,,,,,,,,,,,,,,,,,,,,,,,,,,,,,,,,,520.1529,521.4358,u,1.2748,,1,0,7,5,1,stimuliTAFCsec/numnym006.wav,,
,,,,,610900,001,2024-05-27_13h07.39.414,mathesisv2,2024.1.3,MacIntel,59.52380952,,,,,,,,,,,,,,,,,y,,,,,,,,,,,,,,,,,,,,,,,,,,,,,,,,,,,,,,,,,,,,,,,,,,,,,,,,,,,,,,,,,,,,,,,,,,521.4364,522.6861,u,1.2405,,1,1,8,6,1,stimuliTAFCsec/numnym007.wav,,
,,,,,610900,001,2024-05-27_13h07.39.414,mathesisv2,2024.1.3,MacIntel,59.52380952,,,,,,,,,,,,,,,,,u,,,,,,,,,,,,,,,,,,,,,,,,,,,,,,,,,,,,,,,,,,,,,,,,,,,,,,,,,,,,,,,,,,,,,,,,,,522.6864,524.1015,y,1.4055,,1,2,9,1,1,stimuliTAFCsec/numnym002.wav,,
,,,,,610900,001,2024-05-27_13h07.39.414,mathesisv2,2024.1.3,MacIntel,59.52380952,,,,,,,,,,,,,,,,,y,,,,,,,,,,,,,,,,,,,,,,,,,,,,,,,,,,,,,,,,,,,,,,,,,,,,,,,,,,,,,,,,,,,,,,,,,,524.1021,525.3859,u,1.27,,1,3,10,4,1,stimuliTAFCsec/numnym005.wav,,
,,,,,610900,001,2024-05-27_13h07.39.414,mathesisv2,2024.1.3,MacIntel,59.52380952,,,,,,,,,,,,,,,,,x,,,,,,,,,,,,,,,,,,,,,,,,,,,,,,,,,,,,,,,,,,,,,,,,,,,,,,,,,,,,,,,,,,,,,,,,,,525.3862,527.3018,u,1.9034,,1,4,11,3,1,stimuliTAFCsec/numnym004.wav,,
,,,,,610900,001,2024-05-27_13h07.39.414,mathesisv2,2024.1.3,MacIntel,59.52380952,,,,,,,,,,,,,,,,,u,,,,,,,,,,,,,,,,,,,,,,,,,,,,,,,,,,,,,,,,,,,,,,,,,,,,,,,,,,,,,,,,,,,,,,,,,,527.3021,528.505,y,1.1858,,1,5,12,2,1,stimuliTAFCsec/numnym003.wav,,
,,,,,610900,001,2024-05-27_13h07.39.414,mathesisv2,2024.1.3,MacIntel,59.52380952,,,,,,,,,,,,,,,,,u,,,,,,,,,,,,,,,,,,,,,,,,,,,,,,,,,,,,,,,,,,,,,,,,,,,,,,,,,,,,,,,,,,,,,,,,,,528.5054,529.9869,y,1.4746,,1,6,13,0,1,stimuliTAFCsec/numnym001.wav,,
,,,,,610900,001,2024-05-27_13h07.39.414,mathesisv2,2024.1.3,MacIntel,59.52380952,,,,,,,,,,,,,,,,,x,,,,,,,,,,,,,,,,,,,,,,,,,,529.9871,537.537,space,7.5324,,,,,,,,,,,,,,,,,,,,,,,,,,,,,,,,,,537.5513,540.419,y,2.8513,,0,0,0,3,1,stimuliTAFCfirst/nimnym004.wav,,,,,,,,,,,,,
,,,,,610900,001,2024-05-27_13h07.39.414,mathesisv2,2024.1.3,MacIntel,59.52380952,,,,,,,,,,,,,,,,,e,,,,,,,,,,,,,,,,,,,,,,,,,,,,,,,,,,,,,,,,,,,,,,,,,,,,,,,,,,,,,,,540.4195,541.6043,y,1.1767,,0,1,1,2,1,stimuliTAFCfirst/nimnym003.wav,,,,,,,,,,,,,
,,,,,610900,001,2024-05-27_13h07.39.414,mathesisv2,2024.1.3,MacIntel,59.52380952,,,,,,,,,,,,,,,,,e,,,,,,,,,,,,,,,,,,,,,,,,,,,,,,,,,,,,,,,,,,,,,,,,,,,,,,,,,,,,,,,541.6047,542.7013,e,1.0816,,0,2,2,0,1,stimuliTAFCfirst/nimnym001.wav,,,,,,,,,,,,,
,,,,,610900,001,2024-05-27_13h07.39.414,mathesisv2,2024.1.3,MacIntel,59.52380952,,,,,,,,,,,,,,,,,y,,,,,,,,,,,,,,,,,,,,,,,,,,,,,,,,,,,,,,,,,,,,,,,,,,,,,,,,,,,,,,,542.7015,543.9367,y,1.2195,,0,3,3,6,1,stimuliTAFCfirst/nimnym007.wav,,,,,,,,,,,,,
,,,,,610900,001,2024-05-27_13h07.39.414,mathesisv2,2024.1.3,MacIntel,59.52380952,,,,,,,,,,,,,,,,,y,,,,,,,,,,,,,,,,,,,,,,,,,,,,,,,,,,,,,,,,,,,,,,,,,,,,,,,,,,,,,,,543.937,545.287,y,1.3396,,0,4,4,4,1,stimuliTAFCfirst/nimnym005.wav,,,,,,,,,,,,,
,,,,,610900,001,2024-05-27_13h07.39.414,mathesisv2,2024.1.3,MacIntel,59.52380952,,,,,,,,,,,,,,,,,e,,,,,,,,,,,,,,,,,,,,,,,,,,,,,,,,,,,,,,,,,,,,,,,,,,,,,,,,,,,,,,,545.2873,547.1516,e,1.8424,,0,5,5,1,1,stimuliTAFCfirst/nimnym002.wav,,,,,,,,,,,,,
,,,,,610900,001,2024-05-27_13h07.39.414,mathesisv2,2024.1.3,MacIntel,59.52380952,,,,,,,,,,,,,,,,,y,,,,,,,,,,,,,,,,,,,,,,,,,,,,,,,,,,,,,,,,,,,,,,,,,,,,,,,,,,,,,,,547.1523,548.387,y,1.2156,,0,6,6,5,1,stimuliTAFCfirst/nimnym006.wav,,,,,,,,,,,,,
,,,,,610900,001,2024-05-27_13h07.39.414,mathesisv2,2024.1.3,MacIntel,59.52380952,,,,,,,,,,,,,,,,,y,,,,,,,,,,,,,,,,,,,,,,,,,,,,,,,,,,,,,,,,,,,,,,,,,,,,,,,,,,,,,,,548.3876,549.5015,y,1.098,,1,0,7,4,1,stimuliTAFCfirst/nimnym005.wav,,,,,,,,,,,,,
,,,,,610900,001,2024-05-27_13h07.39.414,mathesisv2,2024.1.3,MacIntel,59.52380952,,,,,,,,,,,,,,,,,e,,,,,,,,,,,,,,,,,,,,,,,,,,,,,,,,,,,,,,,,,,,,,,,,,,,,,,,,,,,,,,,549.5017,550.7516,e,1.2342,,1,1,8,2,1,stimuliTAFCfirst/nimnym003.wav,,,,,,,,,,,,,
,,,,,610900,001,2024-05-27_13h07.39.414,mathesisv2,2024.1.3,MacIntel,59.52380952,,,,,,,,,,,,,,,,,e,,,,,,,,,,,,,,,,,,,,,,,,,,,,,,,,,,,,,,,,,,,,,,,,,,,,,,,,,,,,,,,550.7523,551.9693,e,1.2006,,1,2,9,1,1,stimuliTAFCfirst/nimnym002.wav,,,,,,,,,,,,,
,,,,,610900,001,2024-05-27_13h07.39.414,mathesisv2,2024.1.3,MacIntel,59.52380952,,,,,,,,,,,,,,,,,x,,,,,,,,,,,,,,,,,,,,,,,,,,,,,,,,,,,,,,,,,,,,,,,,,,,,,,,,,,,,,,,551.9699,553.1182,y,1.1344,,1,3,10,3,1,stimuliTAFCfirst/nimnym004.wav,,,,,,,,,,,,,
,,,,,610900,001,2024-05-27_13h07.39.414,mathesisv2,2024.1.3,MacIntel,59.52380952,,,,,,,,,,,,,,,,,e,,,,,,,,,,,,,,,,,,,,,,,,,,,,,,,,,,,,,,,,,,,,,,,,,,,,,,,,,,,,,,,553.1185,554.3189,e,1.1829,,1,4,11,0,1,stimuliTAFCfirst/nimnym001.wav,,,,,,,,,,,,,
,,,,,610900,001,2024-05-27_13h07.39.414,mathesisv2,2024.1.3,MacIntel,59.52380952,,,,,,,,,,,,,,,,,y,,,,,,,,,,,,,,,,,,,,,,,,,,,,,,,,,,,,,,,,,,,,,,,,,,,,,,,,,,,,,,,554.3197,555.4697,y,1.1359,,1,5,12,5,1,stimuliTAFCfirst/nimnym006.wav,,,,,,,,,,,,,
,,,,,610900,001,2024-05-27_13h07.39.414,mathesisv2,2024.1.3,MacIntel,59.52380952,,,,,,,,,,,,,,,,,y,,,,,,,,,,,,,,,,,,,,,,,,,,,,,,,,,,,,,,,,,,,,,,,,,,,,,,,,,,,,,,,555.47,556.6699,y,1.1871,,1,6,13,6,1,stimuliTAFCfirst/nimnym007.wav,,,,,,,,,,,,,
,,,,,610900,001,2024-05-27_13h07.39.414,mathesisv2,2024.1.3,MacIntel,59.52380952,,,,,,,,,,,,,,,,,u,556.67,561.0344,space,4.3501,,,,,,,,,,,,,,,,,,,,,,,,,,,,,,,,,,,,,,,,,,,,,,,,,,,,,,,,,,,,,,,,,,,,,,561.0478,565.4344,u,4.3767,,0,0,0,0,1,stimuliTAFCsec/numnym001.wav,,
,,,,,610900,001,2024-05-27_13h07.39.414,mathesisv2,2024.1.3,MacIntel,59.52380952,,,,,,,,,,,,,,,,,y,,,,,,,,,,,,,,,,,,,,,,,,,,,,,,,,,,,,,,,,,,,,,,,,,,,,,,,,,,,,,,,,,,,,,,,,,,565.444,567.4678,y,2.0141,,0,1,1,5,1,stimuliTAFCsec/numnym006.wav,,
,,,,,610900,001,2024-05-27_13h07.39.414,mathesisv2,2024.1.3,MacIntel,59.52380952,,,,,,,,,,,,,,,,,y,,,,,,,,,,,,,,,,,,,,,,,,,,,,,,,,,,,,,,,,,,,,,,,,,,,,,,,,,,,,,,,,,,,,,,,,,,567.4693,568.601,y,1.1194,,0,2,2,4,1,stimuliTAFCsec/numnym005.wav,,
,,,,,610900,001,2024-05-27_13h07.39.414,mathesisv2,2024.1.3,MacIntel,59.52380952,,,,,,,,,,,,,,,,,u,,,,,,,,,,,,,,,,,,,,,,,,,,,,,,,,,,,,,,,,,,,,,,,,,,,,,,,,,,,,,,,,,,,,,,,,,,568.6012,569.6525,u,1.0379,,0,3,3,2,1,stimuliTAFCsec/numnym003.wav,,
,,,,,610900,001,2024-05-27_13h07.39.414,mathesisv2,2024.1.3,MacIntel,59.52380952,,,,,,,,,,,,,,,,,u,,,,,,,,,,,,,,,,,,,,,,,,,,,,,,,,,,,,,,,,,,,,,,,,,,,,,,,,,,,,,,,,,,,,,,,,,,569.6527,570.9028,u,1.2413,,0,4,4,1,1,stimuliTAFCsec/numnym002.wav,,
,,,,,610900,001,2024-05-27_13h07.39.414,mathesisv2,2024.1.3,MacIntel,59.52380952,,,,,,,,,,,,,,,,,y,,,,,,,,,,,,,,,,,,,,,,,,,,,,,,,,,,,,,,,,,,,,,,,,,,,,,,,,,,,,,,,,,,,,,,,,,,570.9029,571.9688,y,1.0517,,0,5,5,6,1,stimuliTAFCsec/numnym007.wav,,
,,,,,610900,001,2024-05-27_13h07.39.414,mathesisv2,2024.1.3,MacIntel,59.52380952,,,,,,,,,,,,,,,,,x,,,,,,,,,,,,,,,,,,,,,,,,,,,,,,,,,,,,,,,,,,,,,,,,,,,,,,,,,,,,,,,,,,,,,,,,,,571.9691,573.1187,y,1.1323,,0,6,6,3,1,stimuliTAFCsec/numnym004.wav,,
,,,,,610900,001,2024-05-27_13h07.39.414,mathesisv2,2024.1.3,MacIntel,59.52380952,,,,,,,,,,,,,,,,,u,,,,,,,,,,,,,,,,,,,,,,,,,,,,,,,,,,,,,,,,,,,,,,,,,,,,,,,,,,,,,,,,,,,,,,,,,,573.1189,574.3176,u,1.1839,,1,0,7,1,1,stimuliTAFCsec/numnym002.wav,,
,,,,,610900,001,2024-05-27_13h07.39.414,mathesisv2,2024.1.3,MacIntel,59.52380952,,,,,,,,,,,,,,,,,y,,,,,,,,,,,,,,,,,,,,,,,,,,,,,,,,,,,,,,,,,,,,,,,,,,,,,,,,,,,,,,,,,,,,,,,,,,574.3179,575.4341,y,1.1061,,1,1,8,6,1,stimuliTAFCsec/numnym007.wav,,
,,,,,610900,001,2024-05-27_13h07.39.414,mathesisv2,2024.1.3,MacIntel,59.52380952,,,,,,,,,,,,,,,,,y,,,,,,,,,,,,,,,,,,,,,,,,,,,,,,,,,,,,,,,,,,,,,,,,,,,,,,,,,,,,,,,,,,,,,,,,,,575.4342,579.7676,u,4.3073,,1,2,9,4,1,stimuliTAFCsec/numnym005.wav,,
,,,,,610900,001,2024-05-27_13h07.39.414,mathesisv2,2024.1.3,MacIntel,59.52380952,,,,,,,,,,,,,,,,,x,,,,,,,,,,,,,,,,,,,,,,,,,,,,,,,,,,,,,,,,,,,,,,,,,,,,,,,,,,,,,,,,,,,,,,,,,,579.7771,580.9357,u,1.1426,,1,3,10,3,1,stimuliTAFCsec/numnym004.wav,,
,,,,,610900,001,2024-05-27_13h07.39.414,mathesisv2,2024.1.3,MacIntel,59.52380952,,,,,,,,,,,,,,,,,u,,,,,,,,,,,,,,,,,,,,,,,,,,,,,,,,,,,,,,,,,,,,,,,,,,,,,,,,,,,,,,,,,,,,,,,,,,580.9363,582.0847,y,1.1334,,1,4,11,0,1,stimuliTAFCsec/numnym001.wav,,
,,,,,610900,001,2024-05-27_13h07.39.414,mathesisv2,2024.1.3,MacIntel,59.52380952,,,,,,,,,,,,,,,,,y,,,,,,,,,,,,,,,,,,,,,,,,,,,,,,,,,,,,,,,,,,,,,,,,,,,,,,,,,,,,,,,,,,,,,,,,,,582.0853,583.1357,u,1.0358,,1,5,12,5,1,stimuliTAFCsec/numnym006.wav,,
,,,,,610900,001,2024-05-27_13h07.39.414,mathesisv2,2024.1.3,MacIntel,59.52380952,,,,,,,,,,,,,,,,,u,,,,,,,,,,,,,,,,,,,,,,,,,,,,,,,,,,,,,,,,,,,,,,,,,,,,,,,,,,,,,,,,,,,,,,,,,,583.136,584.1007,y,0.952,,1,6,13,2,1,stimuliTAFCsec/numnym003.wav,,
,,,,,610900,001,2024-05-27_13h07.39.414,mathesisv2,2024.1.3,MacIntel,59.52380952,,,,,,,,,,,,,,,,,y,,,,,,,,,,,,,,,,,,,,,,,,,,584.1007,591.3687,space,7.2523,,,,,,,,,,,,,,,,,,,,,,,,,,,,,,,,,,591.3809,593.1344,y,1.7451,,0,0,0,4,1,stimuliTAFCfirst/nimnym005.wav,,,,,,,,,,,,,
,,,,,610900,001,2024-05-27_13h07.39.414,mathesisv2,2024.1.3,MacIntel,59.52380952,,,,,,,,,,,,,,,,,e,,,,,,,,,,,,,,,,,,,,,,,,,,,,,,,,,,,,,,,,,,,,,,,,,,,,,,,,,,,,,,,593.1347,594.5852,y,1.4417,,0,1,1,2,1,stimuliTAFCfirst/nimnym003.wav,,,,,,,,,,,,,
,,,,,610900,001,2024-05-27_13h07.39.414,mathesisv2,2024.1.3,MacIntel,59.52380952,,,,,,,,,,,,,,,,,y,,,,,,,,,,,,,,,,,,,,,,,,,,,,,,,,,,,,,,,,,,,,,,,,,,,,,,,,,,,,,,,594.5857,595.7514,y,1.1432,,0,2,2,6,1,stimuliTAFCfirst/nimnym007.wav,,,,,,,,,,,,,
,,,,,610900,001,2024-05-27_13h07.39.414,mathesisv2,2024.1.3,MacIntel,59.52380952,,,,,,,,,,,,,,,,,y,,,,,,,,,,,,,,,,,,,,,,,,,,,,,,,,,,,,,,,,,,,,,,,,,,,,,,,,,,,,,,,595.7521,596.9171,y,1.1434,,0,3,3,5,1,stimuliTAFCfirst/nimnym006.wav,,,,,,,,,,,,,
,,,,,610900,001,2024-05-27_13h07.39.414,mathesisv2,2024.1.3,MacIntel,59.52380952,,,,,,,,,,,,,,,,,e,,,,,,,,,,,,,,,,,,,,,,,,,,,,,,,,,,,,,,,,,,,,,,,,,,,,,,,,,,,,,,,596.9173,597.97,e,1.0362,,0,4,4,1,1,stimuliTAFCfirst/nimnym002.wav,,,,,,,,,,,,,
,,,,,610900,001,2024-05-27_13h07.39.414,mathesisv2,2024.1.3,MacIntel,59.52380952,,,,,,,,,,,,,,,,,e,,,,,,,,,,,,,,,,,,,,,,,,,,,,,,,,,,,,,,,,,,,,,,,,,,,,,,,,,,,,,,,597.9702,598.9674,e,0.9846,,0,5,5,0,1,stimuliTAFCfirst/nimnym001.wav,,,,,,,,,,,,,
,,,,,610900,001,2024-05-27_13h07.39.414,mathesisv2,2024.1.3,MacIntel,59.52380952,,,,,,,,,,,,,,,,,x,,,,,,,,,,,,,,,,,,,,,,,,,,,,,,,,,,,,,,,,,,,,,,,,,,,,,,,,,,,,,,,598.9676,600.1335,y,1.1503,,0,6,6,3,1,stimuliTAFCfirst/nimnym004.wav,,,,,,,,,,,,,
,,,,,610900,001,2024-05-27_13h07.39.414,mathesisv2,2024.1.3,MacIntel,59.52380952,,,,,,,,,,,,,,,,,y,,,,,,,,,,,,,,,,,,,,,,,,,,,,,,,,,,,,,,,,,,,,,,,,,,,,,,,,,,,,,,,600.1339,601.4171,y,1.2671,,1,0,7,6,1,stimuliTAFCfirst/nimnym007.wav,,,,,,,,,,,,,
,,,,,610900,001,2024-05-27_13h07.39.414,mathesisv2,2024.1.3,MacIntel,59.52380952,,,,,,,,,,,,,,,,,y,,,,,,,,,,,,,,,,,,,,,,,,,,,,,,,,,,,,,,,,,,,,,,,,,,,,,,,,,,,,,,,601.4174,602.3683,y,0.9375,,1,1,8,5,1,stimuliTAFCfirst/nimnym006.wav,,,,,,,,,,,,,
,,,,,610900,001,2024-05-27_13h07.39.414,mathesisv2,2024.1.3,MacIntel,59.52380952,,,,,,,,,,,,,,,,,e,,,,,,,,,,,,,,,,,,,,,,,,,,,,,,,,,,,,,,,,,,,,,,,,,,,,,,,,,,,,,,,602.3687,603.353,e,0.9752,,1,2,9,0,1,stimuliTAFCfirst/nimnym001.wav,,,,,,,,,,,,,
,,,,,610900,001,2024-05-27_13h07.39.414,mathesisv2,2024.1.3,MacIntel,59.52380952,,,,,,,,,,,,,,,,,e,,,,,,,,,,,,,,,,,,,,,,,,,,,,,,,,,,,,,,,,,,,,,,,,,,,,,,,,,,,,,,,603.3532,604.4009,e,1.0339,,1,3,10,1,1,stimuliTAFCfirst/nimnym002.wav,,,,,,,,,,,,,
,,,,,610900,001,2024-05-27_13h07.39.414,mathesisv2,2024.1.3,MacIntel,59.52380952,,,,,,,,,,,,,,,,,e,,,,,,,,,,,,,,,,,,,,,,,,,,,,,,,,,,,,,,,,,,,,,,,,,,,,,,,,,,,,,,,604.4019,606.6507,y,2.2248,,1,4,11,2,1,stimuliTAFCfirst/nimnym003.wav,,,,,,,,,,,,,
,,,,,610900,001,2024-05-27_13h07.39.414,mathesisv2,2024.1.3,MacIntel,59.52380952,,,,,,,,,,,,,,,,,x,,,,,,,,,,,,,,,,,,,,,,,,,,,,,,,,,,,,,,,,,,,,,,,,,,,,,,,,,,,,,,,606.6511,607.819,y,1.1526,,1,5,12,3,1,stimuliTAFCfirst/nimnym004.wav,,,,,,,,,,,,,
,,,,,610900,001,2024-05-27_13h07.39.414,mathesisv2,2024.1.3,MacIntel,59.52380952,,,,,,,,,,,,,,,,,y,,,,,,,,,,,,,,,,,,,,,,,,,,,,,,,,,,,,,,,,,,,,,,,,,,,,,,,,,,,,,,,607.8194,608.9675,y,1.1318,,1,6,13,4,1,stimuliTAFCfirst/nimnym005.wav,,,,,,,,,,,,,
,,,,,610900,001,2024-05-27_13h07.39.414,mathesisv2,2024.1.3,MacIntel,59.52380952,,,,,,,,,,,,,,,,,y,608.9676,610.4172,space,1.4251,,,,,,,,,,,,,,,,,,,,,,,,,,,,,,,,,,,,,,,,,,,,,,,,,,,,,,,,,,,,,,,,,,,,,,610.4213,614.7017,u,4.2595,,0,0,0,6,1,stimuliTAFCsec/numnym007.wav,,
,,,,,610900,001,2024-05-27_13h07.39.414,mathesisv2,2024.1.3,MacIntel,59.52380952,,,,,,,,,,,,,,,,,u,,,,,,,,,,,,,,,,,,,,,,,,,,,,,,,,,,,,,,,,,,,,,,,,,,,,,,,,,,,,,,,,,,,,,,,,,,614.711,615.8845,y,1.1651,,0,1,1,1,1,stimuliTAFCsec/numnym002.wav,,
,,,,,610900,001,2024-05-27_13h07.39.414,mathesisv2,2024.1.3,MacIntel,59.52380952,,,,,,,,,,,,,,,,,y,,,,,,,,,,,,,,,,,,,,,,,,,,,,,,,,,,,,,,,,,,,,,,,,,,,,,,,,,,,,,,,,,,,,,,,,,,615.8847,617.6671,u,1.7705,,0,2,2,4,1,stimuliTAFCsec/numnym005.wav,,
,,,,,610900,001,2024-05-27_13h07.39.414,mathesisv2,2024.1.3,MacIntel,59.52380952,,,,,,,,,,,,,,,,,x,,,,,,,,,,,,,,,,,,,,,,,,,,,,,,,,,,,,,,,,,,,,,,,,,,,,,,,,,,,,,,,,,,,,,,,,,,617.6673,618.9679,u,1.2851,,0,3,3,3,1,stimuliTAFCsec/numnym004.wav,,
,,,,,610900,001,2024-05-27_13h07.39.414,mathesisv2,2024.1.3,MacIntel,59.52380952,,,,,,,,,,,,,,,,,u,,,,,,,,,,,,,,,,,,,,,,,,,,,,,,,,,,,,,,,,,,,,,,,,,,,,,,,,,,,,,,,,,,,,,,,,,,618.9682,620.251,y,1.2746,,0,4,4,0,1,stimuliTAFCsec/numnym001.wav,,
,,,,,610900,001,2024-05-27_13h07.39.414,mathesisv2,2024.1.3,MacIntel,59.52380952,,,,,,,,,,,,,,,,,u,,,,,,,,,,,,,,,,,,,,,,,,,,,,,,,,,,,,,,,,,,,,,,,,,,,,,,,,,,,,,,,,,,,,,,,,,,620.2512,621.4339,u,1.1748,,0,5,5,2,1,stimuliTAFCsec/numnym003.wav,,
,,,,,610900,001,2024-05-27_13h07.39.414,mathesisv2,2024.1.3,MacIntel,59.52380952,,,,,,,,,,,,,,,,,y,,,,,,,,,,,,,,,,,,,,,,,,,,,,,,,,,,,,,,,,,,,,,,,,,,,,,,,,,,,,,,,,,,,,,,,,,,621.4343,623.4006,u,1.9551,,0,6,6,5,1,stimuliTAFCsec/numnym006.wav,,
,,,,,610900,001,2024-05-27_13h07.39.414,mathesisv2,2024.1.3,MacIntel,59.52380952,,,,,,,,,,,,,,,,,u,,,,,,,,,,,,,,,,,,,,,,,,,,,,,,,,,,,,,,,,,,,,,,,,,,,,,,,,,,,,,,,,,,,,,,,,,,623.4008,625.0334,y,1.608,,1,0,7,1,1,stimuliTAFCsec/numnym002.wav,,
,,,,,610900,001,2024-05-27_13h07.39.414,mathesisv2,2024.1.3,MacIntel,59.52380952,,,,,,,,,,,,,,,,,u,,,,,,,,,,,,,,,,,,,,,,,,,,,,,,,,,,,,,,,,,,,,,,,,,,,,,,,,,,,,,,,,,,,,,,,,,,625.0336,630.3007,u,5.2464,,1,1,8,2,1,stimuliTAFCsec/numnym003.wav,,
,,,,,610900,001,2024-05-27_13h07.39.414,mathesisv2,2024.1.3,MacIntel,59.52380952,,,,,,,,,,,,,,,,,x,,,,,,,,,,,,,,,,,,,,,,,,,,,,,,,,,,,,,,,,,,,,,,,,,,,,,,,,,,,,,,,,,,,,,,,,,,630.3111,635.4341,y,5.1157,,1,2,9,3,1,stimuliTAFCsec/numnym004.wav,,
,,,,,610900,001,2024-05-27_13h07.39.414,mathesisv2,2024.1.3,MacIntel,59.52380952,,,,,,,,,,,,,,,,,y,,,,,,,,,,,,,,,,,,,,,,,,,,,,,,,,,,,,,,,,,,,,,,,,,,,,,,,,,,,,,,,,,,,,,,,,,,635.4439,638.0343,y,2.5738,,1,3,10,5,1,stimuliTAFCsec/numnym006.wav,,
,,,,,610900,001,2024-05-27_13h07.39.414,mathesisv2,2024.1.3,MacIntel,59.52380952,,,,,,,,,,,,,,,,,u,,,,,,,,,,,,,,,,,,,,,,,,,,,,,,,,,,,,,,,,,,,,,,,,,,,,,,,,,,,,,,,,,,,,,,,,,,638.0449,639.2007,u,1.1475,,1,4,11,0,1,stimuliTAFCsec/numnym001.wav,,
,,,,,610900,001,2024-05-27_13h07.39.414,mathesisv2,2024.1.3,MacIntel,59.52380952,,,,,,,,,,,,,,,,,y,,,,,,,,,,,,,,,,,,,,,,,,,,,,,,,,,,,,,,,,,,,,,,,,,,,,,,,,,,,,,,,,,,,,,,,,,,639.2016,640.2672,y,1.0501,,1,5,12,6,1,stimuliTAFCsec/numnym007.wav,,
,,,,,610900,001,2024-05-27_13h07.39.414,mathesisv2,2024.1.3,MacIntel,59.52380952,,,,,,,,,,,,,,,,,y,,,,,,,,,,,,,,,,,,,,,,,,,,,,,,,,,,,,,,,,,,,,,,,,,,,,,,,,,,,,,,,,,,,,,,,,,,640.2674,641.4161,y,1.133,,1,6,13,4,1,stimuliTAFCsec/numnym005.wav,,
,,,,,610900,001,2024-05-27_13h07.39.414,mathesisv2,2024.1.3,MacIntel,59.52380952,,,,,,,,,,,,,,,,,,,,,,,,,,,,,,,,,,,,,,,,,,,641.4163,654.9512,space,13.523,,,,,,,,,,,,,,,,,,,,,,,,,,,,,,,,,,,,,,,,,,,,,,,,,,,,,,,,654.9598,659.9508
