﻿start.started,start.stopped,startkey_resp.keys,startkey_resp.rt,startkey_resp.duration,participant,session,date,expName,psychopyVersion,OS,frameRate,attention.started,attention.stopped,key_resp.keys,key_resp.rt,key_resp.duration,stimuliAXBmix.started,stimuliAXBmix.stopped,stimuliAXBkey_resp.keys,stimuliAXBkey_resp.rt,stimuliAXBkey_resp.duration,stimuliAXBtesttrials.thisRepN,stimuliAXBtesttrials.thisTrialN,stimuliAXBtesttrials.thisN,stimuliAXBtesttrials.thisIndex,stimuliAXBtesttrials.ran,stimuliAXBmix,Correct,attentionsecond.started,attentionsecond.stopped,attentionsecondkey_resp.keys,attentionsecondkey_resp.rt,attentionsecondkey_resp.duration,instAXBreal.started,instAXBreal.stopped,instAXBrealkey_resp.keys,instAXBrealkey_resp.rt,instAXBrealkey_resp.duration,stimuliAXBmixfirst.thisRepN,stimuliAXBmixfirst.thisTrialN,stimuliAXBmixfirst.thisN,stimuliAXBmixfirst.thisIndex,stimuliAXBmixfirst.ran,attentionfirst.started,attentionfirst.stopped,attentionfirstkey_resp.keys,attentionfirstkey_resp.rt,attentionfirstkey_resp.duration,stimuliAXbmixsec.thisRepN,stimuliAXbmixsec.thisTrialN,stimuliAXbmixsec.thisN,stimuliAXbmixsec.thisIndex,stimuliAXbmixsec.ran,kaffeepause.started,kaffeepause.stopped,kaffeepausekey_resp.keys,kaffeepausekey_resp.rt,kaffeepausekey_resp.duration,instTAFCtest.started,instTAFCtest.stopped,instTAFCtestkey_resp.keys,instTAFCtestkey_resp.rt,instTAFCtestkey_resp.duration,testTAFCmixfirst.started,testTAFCmixfirst.stopped,testTAFCmixfirstkey_resp.keys,testTAFCmixfirstkey_resp.rt,testTAFCmixfirstkey_resp.duration,testTAFCmixfirsttrials.thisRepN,testTAFCmixfirsttrials.thisTrialN,testTAFCmixfirsttrials.thisN,testTAFCmixfirsttrials.thisIndex,testTAFCmixfirsttrials.ran,testTAFCmixfirst,testTAFCmixsec.started,testTAFCmixsec.stopped,testTAFCmixseckey_resp.keys,testTAFCmixseckey_resp.rt,testTAFCmixseckey_resp.duration,testTAFCmixsectrials.thisRepN,testTAFCmixsectrials.thisTrialN,testTAFCmixsectrials.thisN,testTAFCmixsectrials.thisIndex,testTAFCmixsectrials.ran,testTAFCmixsec,instTAFCreal.started,instTAFCreal.stopped,instTAFCrealkey_resp.keys,instTAFCrealkey_resp.rt,instTAFCrealkey_resp.duration,stimuliTAFCfirst.started,stimuliTAFCfirst.stopped,stimuliTAFCfirstkey_resp.keys,stimuliTAFCfirstkey_resp.rt,stimuliTAFCfirstkey_resp.duration,stimuliTAFCfirsttrials.thisRepN,stimuliTAFCfirsttrials.thisTrialN,stimuliTAFCfirsttrials.thisN,stimuliTAFCfirsttrials.thisIndex,stimuliTAFCfirsttrials.ran,stimuliTAFCfirst,stimuliTAFCsec.started,stimuliTAFCsec.stopped,stimuliTAFCseckey_resp.keys,stimuliTAFCseckey_resp.rt,stimuliTAFCseckey_resp.duration,stimuliTAFCsectrials.thisRepN,stimuliTAFCsectrials.thisTrialN,stimuliTAFCsectrials.thisN,stimuliTAFCsectrials.thisIndex,stimuliTAFCsectrials.ran,stimuliTAFCsec,end.started,end.stopped
0,16.904,space,16.733,,65214d2dcfdbb7ecddc5e567,001,2024-05-24_17h59.00.345,mathesisv2,2024.1.3,MacIntel,57.67012687,,,,,,,,,,,,,,,,,,,,,,,,,,,,,,,,,,,,,,,,,,,,,,,,,,,,,,,,,,,,,,,,,,,,,,,,,,,,,,,,,,,,,,,,,,,,,,,,,,,,,,,
,,,,,65214d2dcfdbb7ecddc5e567,001,2024-05-24_17h59.00.345,mathesisv2,2024.1.3,MacIntel,57.67012687,16.904,21.373,space,4.427,,,,,,,,,,,,,,,,,,,,,,,,,,,,,,,,,,,,,,,,,,,,,,,,,,,,,,,,,,,,,,,,,,,,,,,,,,,,,,,,,,,,,,,,,,,,,,,,,,,
,,,,,65214d2dcfdbb7ecddc5e567,001,2024-05-24_17h59.00.345,mathesisv2,2024.1.3,MacIntel,57.67012687,,,,,,21.38,27.243,f,5.836,,0,0,0,1,1,stimuliAXBmix/iyystimulus.wav,f,,,,,,,,,,,,,,,,,,,,,,,,,,,,,,,,,,,,,,,,,,,,,,,,,,,,,,,,,,,,,,,,,,,,,,,,,,,,,,,,,,,,,,
,,,,,65214d2dcfdbb7ecddc5e567,001,2024-05-24_17h59.00.345,mathesisv2,2024.1.3,MacIntel,57.67012687,,,,,,27.244,30.875,l,3.622,,0,1,1,3,1,stimuliAXBmix/yyustimulus.wav,l,,,,,,,,,,,,,,,,,,,,,,,,,,,,,,,,,,,,,,,,,,,,,,,,,,,,,,,,,,,,,,,,,,,,,,,,,,,,,,,,,,,,,,
,,,,,65214d2dcfdbb7ecddc5e567,001,2024-05-24_17h59.00.345,mathesisv2,2024.1.3,MacIntel,57.67012687,,,,,,30.876,34.795,l,3.901,,0,2,2,0,1,stimuliAXBmix/iiystimulus.wav,l,,,,,,,,,,,,,,,,,,,,,,,,,,,,,,,,,,,,,,,,,,,,,,,,,,,,,,,,,,,,,,,,,,,,,,,,,,,,,,,,,,,,,,
,,,,,65214d2dcfdbb7ecddc5e567,001,2024-05-24_17h59.00.345,mathesisv2,2024.1.3,MacIntel,57.67012687,,,,,,34.795,38.73,f,3.92,,0,3,3,2,1,stimuliAXBmix/yuustimulus.wav,f,,,,,,,,,,,,,,,,,,,,,,,,,,,,,,,,,,,,,,,,,,,,,,,,,,,,,,,,,,,,,,,,,,,,,,,,,,,,,,,,,,,,,,
,,,,,65214d2dcfdbb7ecddc5e567,001,2024-05-24_17h59.00.345,mathesisv2,2024.1.3,MacIntel,57.67012687,,,,,,,,,,,,,,,,,,38.73,40.315,space,1.552,,,,,,,,,,,,,,,,,,,,,,,,,,,,,,,,,,,,,,,,,,,,,,,,,,,,,,,,,,,,,,,,,,,,,,,,,,,,,,,,,,
,,,,,65214d2dcfdbb7ecddc5e567,001,2024-05-24_17h59.00.345,mathesisv2,2024.1.3,MacIntel,57.67012687,,,,,,,,,,,,,,,,,,,,,,,40.315,46.483,space,6.137,,,,,,,,,,,,,,,,,,,,,,,,,,,,,,,,,,,,,,,,,,,,,,,,,,,,,,,,,,,,,,,,,,,,,,,,,,,,,
,,,,,65214d2dcfdbb7ecddc5e567,001,2024-05-24_17h59.00.345,mathesisv2,2024.1.3,MacIntel,57.67012687,,,,,,46.492,50.119,f,3.616,,,,,,,stimuliAXBmix/yuustimulus.wav,f,,,,,,,,,,,0,0,0,2,1,,,,,,,,,,,,,,,,,,,,,,,,,,,,,,,,,,,,,,,,,,,,,,,,,,,,,,,,,,,,,,,,,,,,,,,
,,,,,65214d2dcfdbb7ecddc5e567,001,2024-05-24_17h59.00.345,mathesisv2,2024.1.3,MacIntel,57.67012687,,,,,,50.12,53.553,l,3.418,,,,,,,stimuliAXBmix/yyustimulus.wav,l,,,,,,,,,,,0,1,1,3,1,,,,,,,,,,,,,,,,,,,,,,,,,,,,,,,,,,,,,,,,,,,,,,,,,,,,,,,,,,,,,,,,,,,,,,,
,,,,,65214d2dcfdbb7ecddc5e567,001,2024-05-24_17h59.00.345,mathesisv2,2024.1.3,MacIntel,57.67012687,,,,,,53.554,56.989,l,3.421,,,,,,,stimuliAXBmix/iiystimulus.wav,l,,,,,,,,,,,0,2,2,0,1,,,,,,,,,,,,,,,,,,,,,,,,,,,,,,,,,,,,,,,,,,,,,,,,,,,,,,,,,,,,,,,,,,,,,,,
,,,,,65214d2dcfdbb7ecddc5e567,001,2024-05-24_17h59.00.345,mathesisv2,2024.1.3,MacIntel,57.67012687,,,,,,56.99,60.373,f,3.369,,,,,,,stimuliAXBmix/iyystimulus.wav,f,,,,,,,,,,,0,3,3,1,1,,,,,,,,,,,,,,,,,,,,,,,,,,,,,,,,,,,,,,,,,,,,,,,,,,,,,,,,,,,,,,,,,,,,,,,
,,,,,65214d2dcfdbb7ecddc5e567,001,2024-05-24_17h59.00.345,mathesisv2,2024.1.3,MacIntel,57.67012687,,,,,,60.374,63.775,l,3.388,,,,,,,stimuliAXBmix/yyustimulus.wav,l,,,,,,,,,,,1,0,4,3,1,,,,,,,,,,,,,,,,,,,,,,,,,,,,,,,,,,,,,,,,,,,,,,,,,,,,,,,,,,,,,,,,,,,,,,,
,,,,,65214d2dcfdbb7ecddc5e567,001,2024-05-24_17h59.00.345,mathesisv2,2024.1.3,MacIntel,57.67012687,,,,,,63.775,67.192,f,3.401,,,,,,,stimuliAXBmix/yuustimulus.wav,f,,,,,,,,,,,1,1,5,2,1,,,,,,,,,,,,,,,,,,,,,,,,,,,,,,,,,,,,,,,,,,,,,,,,,,,,,,,,,,,,,,,,,,,,,,,
,,,,,65214d2dcfdbb7ecddc5e567,001,2024-05-24_17h59.00.345,mathesisv2,2024.1.3,MacIntel,57.67012687,,,,,,67.192,72.345,f,5.14,,,,,,,stimuliAXBmix/iyystimulus.wav,f,,,,,,,,,,,1,2,6,1,1,,,,,,,,,,,,,,,,,,,,,,,,,,,,,,,,,,,,,,,,,,,,,,,,,,,,,,,,,,,,,,,,,,,,,,,
,,,,,65214d2dcfdbb7ecddc5e567,001,2024-05-24_17h59.00.345,mathesisv2,2024.1.3,MacIntel,57.67012687,,,,,,72.347,76.264,l,3.903,,,,,,,stimuliAXBmix/iiystimulus.wav,l,,,,,,,,,,,1,3,7,0,1,,,,,,,,,,,,,,,,,,,,,,,,,,,,,,,,,,,,,,,,,,,,,,,,,,,,,,,,,,,,,,,,,,,,,,,
,,,,,65214d2dcfdbb7ecddc5e567,001,2024-05-24_17h59.00.345,mathesisv2,2024.1.3,MacIntel,57.67012687,,,,,,76.264,79.765,f,3.494,,,,,,,stimuliAXBmix/iyystimulus.wav,f,,,,,,,,,,,2,0,8,1,1,,,,,,,,,,,,,,,,,,,,,,,,,,,,,,,,,,,,,,,,,,,,,,,,,,,,,,,,,,,,,,,,,,,,,,,
,,,,,65214d2dcfdbb7ecddc5e567,001,2024-05-24_17h59.00.345,mathesisv2,2024.1.3,MacIntel,57.67012687,,,,,,79.766,83.283,l,3.506,,,,,,,stimuliAXBmix/yyustimulus.wav,l,,,,,,,,,,,2,1,9,3,1,,,,,,,,,,,,,,,,,,,,,,,,,,,,,,,,,,,,,,,,,,,,,,,,,,,,,,,,,,,,,,,,,,,,,,,
,,,,,65214d2dcfdbb7ecddc5e567,001,2024-05-24_17h59.00.345,mathesisv2,2024.1.3,MacIntel,57.67012687,,,,,,83.283,86.919,f,3.622,,,,,,,stimuliAXBmix/yuustimulus.wav,f,,,,,,,,,,,2,2,10,2,1,,,,,,,,,,,,,,,,,,,,,,,,,,,,,,,,,,,,,,,,,,,,,,,,,,,,,,,,,,,,,,,,,,,,,,,
,,,,,65214d2dcfdbb7ecddc5e567,001,2024-05-24_17h59.00.345,mathesisv2,2024.1.3,MacIntel,57.67012687,,,,,,86.919,91.755,l,4.824,,,,,,,stimuliAXBmix/iiystimulus.wav,l,,,,,,,,,,,2,3,11,0,1,,,,,,,,,,,,,,,,,,,,,,,,,,,,,,,,,,,,,,,,,,,,,,,,,,,,,,,,,,,,,,,,,,,,,,,
,,,,,65214d2dcfdbb7ecddc5e567,001,2024-05-24_17h59.00.345,mathesisv2,2024.1.3,MacIntel,57.67012687,,,,,,92.795,96.491,f,3.677,,,,,,,stimuliAXBmix/iyystimulus.wav,f,,,,,,,,,,,,,,,,91.755,92.788,space,1.006,,0,0,0,1,1,,,,,,,,,,,,,,,,,,,,,,,,,,,,,,,,,,,,,,,,,,,,,,,,,,,,,,,,,,,,,
,,,,,65214d2dcfdbb7ecddc5e567,001,2024-05-24_17h59.00.345,mathesisv2,2024.1.3,MacIntel,57.67012687,,,,,,96.491,99.658,l,3.161,,,,,,,stimuliAXBmix/iiystimulus.wav,l,,,,,,,,,,,,,,,,,,,,,0,1,1,0,1,,,,,,,,,,,,,,,,,,,,,,,,,,,,,,,,,,,,,,,,,,,,,,,,,,,,,,,,,,,,,
,,,,,65214d2dcfdbb7ecddc5e567,001,2024-05-24_17h59.00.345,mathesisv2,2024.1.3,MacIntel,57.67012687,,,,,,99.659,103.076,l,3.403,,,,,,,stimuliAXBmix/yyustimulus.wav,l,,,,,,,,,,,,,,,,,,,,,0,2,2,3,1,,,,,,,,,,,,,,,,,,,,,,,,,,,,,,,,,,,,,,,,,,,,,,,,,,,,,,,,,,,,,
,,,,,65214d2dcfdbb7ecddc5e567,001,2024-05-24_17h59.00.345,mathesisv2,2024.1.3,MacIntel,57.67012687,,,,,,103.077,106.395,f,3.309,,,,,,,stimuliAXBmix/yuustimulus.wav,f,,,,,,,,,,,,,,,,,,,,,0,3,3,2,1,,,,,,,,,,,,,,,,,,,,,,,,,,,,,,,,,,,,,,,,,,,,,,,,,,,,,,,,,,,,,
,,,,,65214d2dcfdbb7ecddc5e567,001,2024-05-24_17h59.00.345,mathesisv2,2024.1.3,MacIntel,57.67012687,,,,,,106.395,109.712,f,3.301,,,,,,,stimuliAXBmix/yuustimulus.wav,f,,,,,,,,,,,,,,,,,,,,,1,0,4,2,1,,,,,,,,,,,,,,,,,,,,,,,,,,,,,,,,,,,,,,,,,,,,,,,,,,,,,,,,,,,,,
,,,,,65214d2dcfdbb7ecddc5e567,001,2024-05-24_17h59.00.345,mathesisv2,2024.1.3,MacIntel,57.67012687,,,,,,109.712,113.131,l,3.402,,,,,,,stimuliAXBmix/yyustimulus.wav,l,,,,,,,,,,,,,,,,,,,,,1,1,5,3,1,,,,,,,,,,,,,,,,,,,,,,,,,,,,,,,,,,,,,,,,,,,,,,,,,,,,,,,,,,,,,
,,,,,65214d2dcfdbb7ecddc5e567,001,2024-05-24_17h59.00.345,mathesisv2,2024.1.3,MacIntel,57.67012687,,,,,,113.131,116.616,l,3.473,,,,,,,stimuliAXBmix/iiystimulus.wav,l,,,,,,,,,,,,,,,,,,,,,1,2,6,0,1,,,,,,,,,,,,,,,,,,,,,,,,,,,,,,,,,,,,,,,,,,,,,,,,,,,,,,,,,,,,,
,,,,,65214d2dcfdbb7ecddc5e567,001,2024-05-24_17h59.00.345,mathesisv2,2024.1.3,MacIntel,57.67012687,,,,,,116.616,120.033,f,3.406,,,,,,,stimuliAXBmix/iyystimulus.wav,f,,,,,,,,,,,,,,,,,,,,,1,3,7,1,1,,,,,,,,,,,,,,,,,,,,,,,,,,,,,,,,,,,,,,,,,,,,,,,,,,,,,,,,,,,,,
,,,,,65214d2dcfdbb7ecddc5e567,001,2024-05-24_17h59.00.345,mathesisv2,2024.1.3,MacIntel,57.67012687,,,,,,122.373,125.787,l,3.395,,,,,,,stimuliAXBmix/yyustimulus.wav,l,,,,,,,,,,,0,0,0,3,1,,,,,,,,,,,120.033,122.369,space,2.31,,,,,,,,,,,,,,,,,,,,,,,,,,,,,,,,,,,,,,,,,,,,,,,,,,,,,,,,,
,,,,,65214d2dcfdbb7ecddc5e567,001,2024-05-24_17h59.00.345,mathesisv2,2024.1.3,MacIntel,57.67012687,,,,,,125.789,129.155,f,3.356,,,,,,,stimuliAXBmix/yuustimulus.wav,f,,,,,,,,,,,0,1,1,2,1,,,,,,,,,,,,,,,,,,,,,,,,,,,,,,,,,,,,,,,,,,,,,,,,,,,,,,,,,,,,,,,,,,,,,,,
,,,,,65214d2dcfdbb7ecddc5e567,001,2024-05-24_17h59.00.345,mathesisv2,2024.1.3,MacIntel,57.67012687,,,,,,129.155,132.673,l,3.504,,,,,,,stimuliAXBmix/iiystimulus.wav,l,,,,,,,,,,,0,2,2,0,1,,,,,,,,,,,,,,,,,,,,,,,,,,,,,,,,,,,,,,,,,,,,,,,,,,,,,,,,,,,,,,,,,,,,,,,
,,,,,65214d2dcfdbb7ecddc5e567,001,2024-05-24_17h59.00.345,mathesisv2,2024.1.3,MacIntel,57.67012687,,,,,,132.674,136.058,f,3.369,,,,,,,stimuliAXBmix/iyystimulus.wav,f,,,,,,,,,,,0,3,3,1,1,,,,,,,,,,,,,,,,,,,,,,,,,,,,,,,,,,,,,,,,,,,,,,,,,,,,,,,,,,,,,,,,,,,,,,,
,,,,,65214d2dcfdbb7ecddc5e567,001,2024-05-24_17h59.00.345,mathesisv2,2024.1.3,MacIntel,57.67012687,,,,,,136.059,139.493,l,3.421,,,,,,,stimuliAXBmix/iiystimulus.wav,l,,,,,,,,,,,1,0,4,0,1,,,,,,,,,,,,,,,,,,,,,,,,,,,,,,,,,,,,,,,,,,,,,,,,,,,,,,,,,,,,,,,,,,,,,,,
,,,,,65214d2dcfdbb7ecddc5e567,001,2024-05-24_17h59.00.345,mathesisv2,2024.1.3,MacIntel,57.67012687,,,,,,139.494,142.844,f,3.334,,,,,,,stimuliAXBmix/iyystimulus.wav,f,,,,,,,,,,,1,1,5,1,1,,,,,,,,,,,,,,,,,,,,,,,,,,,,,,,,,,,,,,,,,,,,,,,,,,,,,,,,,,,,,,,,,,,,,,,
,,,,,65214d2dcfdbb7ecddc5e567,001,2024-05-24_17h59.00.345,mathesisv2,2024.1.3,MacIntel,57.67012687,,,,,,142.845,145.646,l,2.785,,,,,,,stimuliAXBmix/yyustimulus.wav,l,,,,,,,,,,,1,2,6,3,1,,,,,,,,,,,,,,,,,,,,,,,,,,,,,,,,,,,,,,,,,,,,,,,,,,,,,,,,,,,,,,,,,,,,,,,
,,,,,65214d2dcfdbb7ecddc5e567,001,2024-05-24_17h59.00.345,mathesisv2,2024.1.3,MacIntel,57.67012687,,,,,,145.646,148.98,f,3.319,,,,,,,stimuliAXBmix/yuustimulus.wav,f,,,,,,,,,,,1,3,7,2,1,,,,,,,,,,,,,,,,,,,,,,,,,,,,,,,,,,,,,,,,,,,,,,,,,,,,,,,,,,,,,,,,,,,,,,,
,,,,,65214d2dcfdbb7ecddc5e567,001,2024-05-24_17h59.00.345,mathesisv2,2024.1.3,MacIntel,57.67012687,,,,,,148.981,152.365,f,3.369,,,,,,,stimuliAXBmix/iyystimulus.wav,f,,,,,,,,,,,2,0,8,1,1,,,,,,,,,,,,,,,,,,,,,,,,,,,,,,,,,,,,,,,,,,,,,,,,,,,,,,,,,,,,,,,,,,,,,,,
,,,,,65214d2dcfdbb7ecddc5e567,001,2024-05-24_17h59.00.345,mathesisv2,2024.1.3,MacIntel,57.67012687,,,,,,152.365,155.867,f,3.485,,,,,,,stimuliAXBmix/yuustimulus.wav,f,,,,,,,,,,,2,1,9,2,1,,,,,,,,,,,,,,,,,,,,,,,,,,,,,,,,,,,,,,,,,,,,,,,,,,,,,,,,,,,,,,,,,,,,,,,
,,,,,65214d2dcfdbb7ecddc5e567,001,2024-05-24_17h59.00.345,mathesisv2,2024.1.3,MacIntel,57.67012687,,,,,,155.868,159.353,l,3.468,,,,,,,stimuliAXBmix/iiystimulus.wav,l,,,,,,,,,,,2,2,10,0,1,,,,,,,,,,,,,,,,,,,,,,,,,,,,,,,,,,,,,,,,,,,,,,,,,,,,,,,,,,,,,,,,,,,,,,,
,,,,,65214d2dcfdbb7ecddc5e567,001,2024-05-24_17h59.00.345,mathesisv2,2024.1.3,MacIntel,57.67012687,,,,,,159.355,162.836,l,3.466,,,,,,,stimuliAXBmix/yyustimulus.wav,l,,,,,,,,,,,2,3,11,3,1,,,,,,,,,,,,,,,,,,,,,,,,,,,,,,,,,,,,,,,,,,,,,,,,,,,,,,,,,,,,,,,,,,,,,,,
,,,,,65214d2dcfdbb7ecddc5e567,001,2024-05-24_17h59.00.345,mathesisv2,2024.1.3,MacIntel,57.67012687,,,,,,164.594,168.023,f,3.416,,,,,,,stimuliAXBmix/iyystimulus.wav,f,,,,,,,,,,,,,,,,162.837,164.587,return,1.733,,0,0,0,1,1,,,,,,,,,,,,,,,,,,,,,,,,,,,,,,,,,,,,,,,,,,,,,,,,,,,,,,,,,,,,,
,,,,,65214d2dcfdbb7ecddc5e567,001,2024-05-24_17h59.00.345,mathesisv2,2024.1.3,MacIntel,57.67012687,,,,,,168.023,170.991,f,2.952,,,,,,,stimuliAXBmix/yuustimulus.wav,f,,,,,,,,,,,,,,,,,,,,,0,1,1,2,1,,,,,,,,,,,,,,,,,,,,,,,,,,,,,,,,,,,,,,,,,,,,,,,,,,,,,,,,,,,,,
,,,,,65214d2dcfdbb7ecddc5e567,001,2024-05-24_17h59.00.345,mathesisv2,2024.1.3,MacIntel,57.67012687,,,,,,170.991,174.175,l,3.172,,,,,,,stimuliAXBmix/iiystimulus.wav,l,,,,,,,,,,,,,,,,,,,,,0,2,2,0,1,,,,,,,,,,,,,,,,,,,,,,,,,,,,,,,,,,,,,,,,,,,,,,,,,,,,,,,,,,,,,
,,,,,65214d2dcfdbb7ecddc5e567,001,2024-05-24_17h59.00.345,mathesisv2,2024.1.3,MacIntel,57.67012687,,,,,,174.176,177.56,l,3.37,,,,,,,stimuliAXBmix/yyustimulus.wav,l,,,,,,,,,,,,,,,,,,,,,0,3,3,3,1,,,,,,,,,,,,,,,,,,,,,,,,,,,,,,,,,,,,,,,,,,,,,,,,,,,,,,,,,,,,,
,,,,,65214d2dcfdbb7ecddc5e567,001,2024-05-24_17h59.00.345,mathesisv2,2024.1.3,MacIntel,57.67012687,,,,,,177.561,181.246,l,3.669,,,,,,,stimuliAXBmix/yyustimulus.wav,l,,,,,,,,,,,,,,,,,,,,,1,0,4,3,1,,,,,,,,,,,,,,,,,,,,,,,,,,,,,,,,,,,,,,,,,,,,,,,,,,,,,,,,,,,,,
,,,,,65214d2dcfdbb7ecddc5e567,001,2024-05-24_17h59.00.345,mathesisv2,2024.1.3,MacIntel,57.67012687,,,,,,181.246,184.714,f,3.45,,,,,,,stimuliAXBmix/iyystimulus.wav,f,,,,,,,,,,,,,,,,,,,,,1,1,5,1,1,,,,,,,,,,,,,,,,,,,,,,,,,,,,,,,,,,,,,,,,,,,,,,,,,,,,,,,,,,,,,
,,,,,65214d2dcfdbb7ecddc5e567,001,2024-05-24_17h59.00.345,mathesisv2,2024.1.3,MacIntel,57.67012687,,,,,,184.714,188.165,l,3.442,,,,,,,stimuliAXBmix/iiystimulus.wav,l,,,,,,,,,,,,,,,,,,,,,1,2,6,0,1,,,,,,,,,,,,,,,,,,,,,,,,,,,,,,,,,,,,,,,,,,,,,,,,,,,,,,,,,,,,,
,,,,,65214d2dcfdbb7ecddc5e567,001,2024-05-24_17h59.00.345,mathesisv2,2024.1.3,MacIntel,57.67012687,,,,,,188.167,191.6,f,3.418,,,,,,,stimuliAXBmix/yuustimulus.wav,f,,,,,,,,,,,,,,,,,,,,,1,3,7,2,1,,,,,,,,,,,,,,,,,,,,,,,,,,,,,,,,,,,,,,,,,,,,,,,,,,,,,,,,,,,,,
,,,,,65214d2dcfdbb7ecddc5e567,001,2024-05-24_17h59.00.345,mathesisv2,2024.1.3,MacIntel,57.67012687,,,,,,194.91,198.37,l,3.448,,,,,,,stimuliAXBmix/yyustimulus.wav,l,,,,,,,,,,,0,0,0,3,1,,,,,,,,,,,191.601,194.902,space,3.276,,,,,,,,,,,,,,,,,,,,,,,,,,,,,,,,,,,,,,,,,,,,,,,,,,,,,,,,,
,,,,,65214d2dcfdbb7ecddc5e567,001,2024-05-24_17h59.00.345,mathesisv2,2024.1.3,MacIntel,57.67012687,,,,,,198.37,201.371,f,2.987,,,,,,,stimuliAXBmix/yuustimulus.wav,f,,,,,,,,,,,0,1,1,2,1,,,,,,,,,,,,,,,,,,,,,,,,,,,,,,,,,,,,,,,,,,,,,,,,,,,,,,,,,,,,,,,,,,,,,,,
,,,,,65214d2dcfdbb7ecddc5e567,001,2024-05-24_17h59.00.345,mathesisv2,2024.1.3,MacIntel,57.67012687,,,,,,201.372,204.556,f,3.174,,,,,,,stimuliAXBmix/iyystimulus.wav,f,,,,,,,,,,,0,2,2,1,1,,,,,,,,,,,,,,,,,,,,,,,,,,,,,,,,,,,,,,,,,,,,,,,,,,,,,,,,,,,,,,,,,,,,,,,
,,,,,65214d2dcfdbb7ecddc5e567,001,2024-05-24_17h59.00.345,mathesisv2,2024.1.3,MacIntel,57.67012687,,,,,,204.556,207.957,l,3.391,,,,,,,stimuliAXBmix/iiystimulus.wav,l,,,,,,,,,,,0,3,3,0,1,,,,,,,,,,,,,,,,,,,,,,,,,,,,,,,,,,,,,,,,,,,,,,,,,,,,,,,,,,,,,,,,,,,,,,,
,,,,,65214d2dcfdbb7ecddc5e567,001,2024-05-24_17h59.00.345,mathesisv2,2024.1.3,MacIntel,57.67012687,,,,,,207.958,211.042,f,3.071,,,,,,,stimuliAXBmix/iyystimulus.wav,f,,,,,,,,,,,1,0,4,1,1,,,,,,,,,,,,,,,,,,,,,,,,,,,,,,,,,,,,,,,,,,,,,,,,,,,,,,,,,,,,,,,,,,,,,,,
,,,,,65214d2dcfdbb7ecddc5e567,001,2024-05-24_17h59.00.345,mathesisv2,2024.1.3,MacIntel,57.67012687,,,,,,211.042,213.943,l,2.884,,,,,,,stimuliAXBmix/yyustimulus.wav,l,,,,,,,,,,,1,1,5,3,1,,,,,,,,,,,,,,,,,,,,,,,,,,,,,,,,,,,,,,,,,,,,,,,,,,,,,,,,,,,,,,,,,,,,,,,
,,,,,65214d2dcfdbb7ecddc5e567,001,2024-05-24_17h59.00.345,mathesisv2,2024.1.3,MacIntel,57.67012687,,,,,,213.944,217.445,l,3.488,,,,,,,stimuliAXBmix/iiystimulus.wav,l,,,,,,,,,,,1,2,6,0,1,,,,,,,,,,,,,,,,,,,,,,,,,,,,,,,,,,,,,,,,,,,,,,,,,,,,,,,,,,,,,,,,,,,,,,,
,,,,,65214d2dcfdbb7ecddc5e567,001,2024-05-24_17h59.00.345,mathesisv2,2024.1.3,MacIntel,57.67012687,,,,,,217.446,220.797,f,3.335,,,,,,,stimuliAXBmix/yuustimulus.wav,f,,,,,,,,,,,1,3,7,2,1,,,,,,,,,,,,,,,,,,,,,,,,,,,,,,,,,,,,,,,,,,,,,,,,,,,,,,,,,,,,,,,,,,,,,,,
,,,,,65214d2dcfdbb7ecddc5e567,001,2024-05-24_17h59.00.345,mathesisv2,2024.1.3,MacIntel,57.67012687,,,,,,220.797,224.266,l,3.452,,,,,,,stimuliAXBmix/iiystimulus.wav,l,,,,,,,,,,,2,0,8,0,1,,,,,,,,,,,,,,,,,,,,,,,,,,,,,,,,,,,,,,,,,,,,,,,,,,,,,,,,,,,,,,,,,,,,,,,
,,,,,65214d2dcfdbb7ecddc5e567,001,2024-05-24_17h59.00.345,mathesisv2,2024.1.3,MacIntel,57.67012687,,,,,,224.267,227.95,f,3.666,,,,,,,stimuliAXBmix/iyystimulus.wav,f,,,,,,,,,,,2,1,9,1,1,,,,,,,,,,,,,,,,,,,,,,,,,,,,,,,,,,,,,,,,,,,,,,,,,,,,,,,,,,,,,,,,,,,,,,,
,,,,,65214d2dcfdbb7ecddc5e567,001,2024-05-24_17h59.00.345,mathesisv2,2024.1.3,MacIntel,57.67012687,,,,,,227.951,231.401,f,3.442,,,,,,,stimuliAXBmix/yuustimulus.wav,f,,,,,,,,,,,2,2,10,2,1,,,,,,,,,,,,,,,,,,,,,,,,,,,,,,,,,,,,,,,,,,,,,,,,,,,,,,,,,,,,,,,,,,,,,,,
,,,,,65214d2dcfdbb7ecddc5e567,001,2024-05-24_17h59.00.345,mathesisv2,2024.1.3,MacIntel,57.67012687,,,,,,231.402,234.793,l,3.383,,,,,,,stimuliAXBmix/yyustimulus.wav,l,,,,,,,,,,,2,3,11,3,1,,,,,,,,,,,,,,,,,,,,,,,,,,,,,,,,,,,,,,,,,,,,,,,,,,,,,,,,,,,,,,,,,,,,,,,
,,,,,65214d2dcfdbb7ecddc5e567,001,2024-05-24_17h59.00.345,mathesisv2,2024.1.3,MacIntel,57.67012687,,,,,,236.36,239.906,l,3.529,,,,,,,stimuliAXBmix/yyustimulus.wav,l,,,,,,,,,,,,,,,,234.793,236.354,return,1.527,,0,0,0,3,1,,,,,,,,,,,,,,,,,,,,,,,,,,,,,,,,,,,,,,,,,,,,,,,,,,,,,,,,,,,,,
,,,,,65214d2dcfdbb7ecddc5e567,001,2024-05-24_17h59.00.345,mathesisv2,2024.1.3,MacIntel,57.67012687,,,,,,239.906,243.407,l,3.486,,,,,,,stimuliAXBmix/iiystimulus.wav,l,,,,,,,,,,,,,,,,,,,,,0,1,1,0,1,,,,,,,,,,,,,,,,,,,,,,,,,,,,,,,,,,,,,,,,,,,,,,,,,,,,,,,,,,,,,
,,,,,65214d2dcfdbb7ecddc5e567,001,2024-05-24_17h59.00.345,mathesisv2,2024.1.3,MacIntel,57.67012687,,,,,,243.407,246.825,f,3.402,,,,,,,stimuliAXBmix/iyystimulus.wav,f,,,,,,,,,,,,,,,,,,,,,0,2,2,1,1,,,,,,,,,,,,,,,,,,,,,,,,,,,,,,,,,,,,,,,,,,,,,,,,,,,,,,,,,,,,,
,,,,,65214d2dcfdbb7ecddc5e567,001,2024-05-24_17h59.00.345,mathesisv2,2024.1.3,MacIntel,57.67012687,,,,,,246.826,250.693,f,3.851,,,,,,,stimuliAXBmix/yuustimulus.wav,f,,,,,,,,,,,,,,,,,,,,,0,3,3,2,1,,,,,,,,,,,,,,,,,,,,,,,,,,,,,,,,,,,,,,,,,,,,,,,,,,,,,,,,,,,,,
,,,,,65214d2dcfdbb7ecddc5e567,001,2024-05-24_17h59.00.345,mathesisv2,2024.1.3,MacIntel,57.67012687,,,,,,250.693,255.229,f,4.519,,,,,,,stimuliAXBmix/iyystimulus.wav,f,,,,,,,,,,,,,,,,,,,,,1,0,4,1,1,,,,,,,,,,,,,,,,,,,,,,,,,,,,,,,,,,,,,,,,,,,,,,,,,,,,,,,,,,,,,
,,,,,65214d2dcfdbb7ecddc5e567,001,2024-05-24_17h59.00.345,mathesisv2,2024.1.3,MacIntel,57.67012687,,,,,,255.231,258.564,f,3.317,,,,,,,stimuliAXBmix/yuustimulus.wav,f,,,,,,,,,,,,,,,,,,,,,1,1,5,2,1,,,,,,,,,,,,,,,,,,,,,,,,,,,,,,,,,,,,,,,,,,,,,,,,,,,,,,,,,,,,,
,,,,,65214d2dcfdbb7ecddc5e567,001,2024-05-24_17h59.00.345,mathesisv2,2024.1.3,MacIntel,57.67012687,,,,,,258.565,261.948,l,3.376,,,,,,,stimuliAXBmix/iiystimulus.wav,l,,,,,,,,,,,,,,,,,,,,,1,2,6,0,1,,,,,,,,,,,,,,,,,,,,,,,,,,,,,,,,,,,,,,,,,,,,,,,,,,,,,,,,,,,,,
,,,,,65214d2dcfdbb7ecddc5e567,001,2024-05-24_17h59.00.345,mathesisv2,2024.1.3,MacIntel,57.67012687,,,,,,261.949,265.584,l,3.619,,,,,,,stimuliAXBmix/yyustimulus.wav,l,,,,,,,,,,,,,,,,,,,,,1,3,7,3,1,,,,,,,,,,,,,,,,,,,,,,,,,,,,,,,,,,,,,,,,,,,,,,,,,,,,,,,,,,,,,
,,,,,65214d2dcfdbb7ecddc5e567,001,2024-05-24_17h59.00.345,mathesisv2,2024.1.3,MacIntel,57.67012687,,,,,,285.583,289.111,l,3.511,,,,,,,stimuliAXBmix/iiystimulus.wav,l,,,,,,,,,,,0,0,0,0,1,,,,,,,,,,,265.585,285.576,space,19.967,,,,,,,,,,,,,,,,,,,,,,,,,,,,,,,,,,,,,,,,,,,,,,,,,,,,,,,,,
,,,,,65214d2dcfdbb7ecddc5e567,001,2024-05-24_17h59.00.345,mathesisv2,2024.1.3,MacIntel,57.67012687,,,,,,289.113,291.93,l,2.797,,,,,,,stimuliAXBmix/yyustimulus.wav,l,,,,,,,,,,,0,1,1,3,1,,,,,,,,,,,,,,,,,,,,,,,,,,,,,,,,,,,,,,,,,,,,,,,,,,,,,,,,,,,,,,,,,,,,,,,
,,,,,65214d2dcfdbb7ecddc5e567,001,2024-05-24_17h59.00.345,mathesisv2,2024.1.3,MacIntel,57.67012687,,,,,,291.93,295.23,f,3.283,,,,,,,stimuliAXBmix/iyystimulus.wav,f,,,,,,,,,,,0,2,2,1,1,,,,,,,,,,,,,,,,,,,,,,,,,,,,,,,,,,,,,,,,,,,,,,,,,,,,,,,,,,,,,,,,,,,,,,,
,,,,,65214d2dcfdbb7ecddc5e567,001,2024-05-24_17h59.00.345,mathesisv2,2024.1.3,MacIntel,57.67012687,,,,,,295.231,298.365,f,3.122,,,,,,,stimuliAXBmix/yuustimulus.wav,f,,,,,,,,,,,0,3,3,2,1,,,,,,,,,,,,,,,,,,,,,,,,,,,,,,,,,,,,,,,,,,,,,,,,,,,,,,,,,,,,,,,,,,,,,,,
,,,,,65214d2dcfdbb7ecddc5e567,001,2024-05-24_17h59.00.345,mathesisv2,2024.1.3,MacIntel,57.67012687,,,,,,298.366,301.833,f,3.453,,,,,,,stimuliAXBmix/iyystimulus.wav,f,,,,,,,,,,,1,0,4,1,1,,,,,,,,,,,,,,,,,,,,,,,,,,,,,,,,,,,,,,,,,,,,,,,,,,,,,,,,,,,,,,,,,,,,,,,
,,,,,65214d2dcfdbb7ecddc5e567,001,2024-05-24_17h59.00.345,mathesisv2,2024.1.3,MacIntel,57.67012687,,,,,,301.833,305.319,f,3.47,,,,,,,stimuliAXBmix/yuustimulus.wav,f,,,,,,,,,,,1,1,5,2,1,,,,,,,,,,,,,,,,,,,,,,,,,,,,,,,,,,,,,,,,,,,,,,,,,,,,,,,,,,,,,,,,,,,,,,,
,,,,,65214d2dcfdbb7ecddc5e567,001,2024-05-24_17h59.00.345,mathesisv2,2024.1.3,MacIntel,57.67012687,,,,,,305.319,310.721,f,5.384,,,,,,,stimuliAXBmix/iiystimulus.wav,l,,,,,,,,,,,1,2,6,0,1,,,,,,,,,,,,,,,,,,,,,,,,,,,,,,,,,,,,,,,,,,,,,,,,,,,,,,,,,,,,,,,,,,,,,,,
,,,,,65214d2dcfdbb7ecddc5e567,001,2024-05-24_17h59.00.345,mathesisv2,2024.1.3,MacIntel,57.67012687,,,,,,310.721,314.189,l,3.452,,,,,,,stimuliAXBmix/yyustimulus.wav,l,,,,,,,,,,,1,3,7,3,1,,,,,,,,,,,,,,,,,,,,,,,,,,,,,,,,,,,,,,,,,,,,,,,,,,,,,,,,,,,,,,,,,,,,,,,
,,,,,65214d2dcfdbb7ecddc5e567,001,2024-05-24_17h59.00.345,mathesisv2,2024.1.3,MacIntel,57.67012687,,,,,,314.189,317.474,f,3.269,,,,,,,stimuliAXBmix/yuustimulus.wav,f,,,,,,,,,,,2,0,8,2,1,,,,,,,,,,,,,,,,,,,,,,,,,,,,,,,,,,,,,,,,,,,,,,,,,,,,,,,,,,,,,,,,,,,,,,,
,,,,,65214d2dcfdbb7ecddc5e567,001,2024-05-24_17h59.00.345,mathesisv2,2024.1.3,MacIntel,57.67012687,,,,,,317.474,321.009,l,3.519,,,,,,,stimuliAXBmix/iiystimulus.wav,l,,,,,,,,,,,2,1,9,0,1,,,,,,,,,,,,,,,,,,,,,,,,,,,,,,,,,,,,,,,,,,,,,,,,,,,,,,,,,,,,,,,,,,,,,,,
,,,,,65214d2dcfdbb7ecddc5e567,001,2024-05-24_17h59.00.345,mathesisv2,2024.1.3,MacIntel,57.67012687,,,,,,321.01,324.544,l,3.519,,,,,,,stimuliAXBmix/yyustimulus.wav,l,,,,,,,,,,,2,2,10,3,1,,,,,,,,,,,,,,,,,,,,,,,,,,,,,,,,,,,,,,,,,,,,,,,,,,,,,,,,,,,,,,,,,,,,,,,
,,,,,65214d2dcfdbb7ecddc5e567,001,2024-05-24_17h59.00.345,mathesisv2,2024.1.3,MacIntel,57.67012687,,,,,,324.544,328.062,f,3.5,,,,,,,stimuliAXBmix/iyystimulus.wav,f,,,,,,,,,,,2,3,11,1,1,,,,,,,,,,,,,,,,,,,,,,,,,,,,,,,,,,,,,,,,,,,,,,,,,,,,,,,,,,,,,,,,,,,,,,,
,,,,,65214d2dcfdbb7ecddc5e567,001,2024-05-24_17h59.00.345,mathesisv2,2024.1.3,MacIntel,57.67012687,,,,,,329.304,332.781,f,3.465,,,,,,,stimuliAXBmix/yuustimulus.wav,f,,,,,,,,,,,,,,,,328.062,329.296,return,1.212,,0,0,0,2,1,,,,,,,,,,,,,,,,,,,,,,,,,,,,,,,,,,,,,,,,,,,,,,,,,,,,,,,,,,,,,
,,,,,65214d2dcfdbb7ecddc5e567,001,2024-05-24_17h59.00.345,mathesisv2,2024.1.3,MacIntel,57.67012687,,,,,,332.782,336.232,l,3.434,,,,,,,stimuliAXBmix/yyustimulus.wav,l,,,,,,,,,,,,,,,,,,,,,0,1,1,3,1,,,,,,,,,,,,,,,,,,,,,,,,,,,,,,,,,,,,,,,,,,,,,,,,,,,,,,,,,,,,,
,,,,,65214d2dcfdbb7ecddc5e567,001,2024-05-24_17h59.00.345,mathesisv2,2024.1.3,MacIntel,57.67012687,,,,,,336.233,339.717,l,3.47,,,,,,,stimuliAXBmix/iiystimulus.wav,l,,,,,,,,,,,,,,,,,,,,,0,2,2,0,1,,,,,,,,,,,,,,,,,,,,,,,,,,,,,,,,,,,,,,,,,,,,,,,,,,,,,,,,,,,,,
,,,,,65214d2dcfdbb7ecddc5e567,001,2024-05-24_17h59.00.345,mathesisv2,2024.1.3,MacIntel,57.67012687,,,,,,339.719,342.935,f,3.203,,,,,,,stimuliAXBmix/iyystimulus.wav,f,,,,,,,,,,,,,,,,,,,,,0,3,3,1,1,,,,,,,,,,,,,,,,,,,,,,,,,,,,,,,,,,,,,,,,,,,,,,,,,,,,,,,,,,,,,
,,,,,65214d2dcfdbb7ecddc5e567,001,2024-05-24_17h59.00.345,mathesisv2,2024.1.3,MacIntel,57.67012687,,,,,,342.936,346.488,l,3.535,,,,,,,stimuliAXBmix/iiystimulus.wav,l,,,,,,,,,,,,,,,,,,,,,1,0,4,0,1,,,,,,,,,,,,,,,,,,,,,,,,,,,,,,,,,,,,,,,,,,,,,,,,,,,,,,,,,,,,,
,,,,,65214d2dcfdbb7ecddc5e567,001,2024-05-24_17h59.00.345,mathesisv2,2024.1.3,MacIntel,57.67012687,,,,,,346.488,349.772,f,3.269,,,,,,,stimuliAXBmix/iyystimulus.wav,f,,,,,,,,,,,,,,,,,,,,,1,1,5,1,1,,,,,,,,,,,,,,,,,,,,,,,,,,,,,,,,,,,,,,,,,,,,,,,,,,,,,,,,,,,,,
,,,,,65214d2dcfdbb7ecddc5e567,001,2024-05-24_17h59.00.345,mathesisv2,2024.1.3,MacIntel,57.67012687,,,,,,349.774,353.106,l,3.321,,,,,,,stimuliAXBmix/yyustimulus.wav,l,,,,,,,,,,,,,,,,,,,,,1,2,6,3,1,,,,,,,,,,,,,,,,,,,,,,,,,,,,,,,,,,,,,,,,,,,,,,,,,,,,,,,,,,,,,
,,,,,65214d2dcfdbb7ecddc5e567,001,2024-05-24_17h59.00.345,mathesisv2,2024.1.3,MacIntel,57.67012687,,,,,,353.107,356.458,f,3.335,,,,,,,stimuliAXBmix/yuustimulus.wav,f,,,,,,,,,,,,,,,,,,,,,1,3,7,2,1,,,,,,,,,,,,,,,,,,,,,,,,,,,,,,,,,,,,,,,,,,,,,,,,,,,,,,,,,,,,,
,,,,,65214d2dcfdbb7ecddc5e567,001,2024-05-24_17h59.00.345,mathesisv2,2024.1.3,MacIntel,57.67012687,,,,,,,,,,,,,,,,,,,,,,,,,,,,,,,,,,,,,,,,,,,356.458,357.826,space,1.344,,357.826,364.929,space,7.071,,,,,,,,,,,,,,,,,,,,,,,,,,,,,,,,,,,,,,,,,,,,,,,,,,,,
,,,,,65214d2dcfdbb7ecddc5e567,001,2024-05-24_17h59.00.345,mathesisv2,2024.1.3,MacIntel,57.67012687,,,,,,,,,,,,,,,,,,,,,,,,,,,,,,,,,,,,,,,,,,,,,,,,,,,,,364.937,369.282,e,4.313,,0,0,0,0,1,testTAFCmixfirst/nimnym001.wav,,,,,,,,,,,,,,,,,,,,,,,,,,,,,,,,,,,,,,,,
,,,,,65214d2dcfdbb7ecddc5e567,001,2024-05-24_17h59.00.345,mathesisv2,2024.1.3,MacIntel,57.67012687,,,,,,,,,,,,,,,,,,,,,,,,,,,,,,,,,,,,,,,,,,,,,,,,,,,,,369.282,371.449,y,2.152,,0,1,1,2,1,testTAFCmixfirst/nimnym006.wav,,,,,,,,,,,,,,,,,,,,,,,,,,,,,,,,,,,,,,,,
,,,,,65214d2dcfdbb7ecddc5e567,001,2024-05-24_17h59.00.345,mathesisv2,2024.1.3,MacIntel,57.67012687,,,,,,,,,,,,,,,,,,,,,,,,,,,,,,,,,,,,,,,,,,,,,,,,,,,,,371.449,372.616,e,1.15,,0,2,2,1,1,testTAFCmixfirst/nimnym002.wav,,,,,,,,,,,,,,,,,,,,,,,,,,,,,,,,,,,,,,,,
,,,,,65214d2dcfdbb7ecddc5e567,001,2024-05-24_17h59.00.345,mathesisv2,2024.1.3,MacIntel,57.67012687,,,,,,,,,,,,,,,,,,,,,,,,,,,,,,,,,,,,,,,,,,,,,,,,,,,,,,,,,,,,,,,,372.62,375.6,u,2.959,,0,0,0,0,1,testTAFCmixsec/numnym001.wav,,,,,,,,,,,,,,,,,,,,,,,,,,,,,
,,,,,65214d2dcfdbb7ecddc5e567,001,2024-05-24_17h59.00.345,mathesisv2,2024.1.3,MacIntel,57.67012687,,,,,,,,,,,,,,,,,,,,,,,,,,,,,,,,,,,,,,,,,,,,,,,,,,,,,,,,,,,,,,,,375.601,376.951,y,1.342,,0,1,1,2,1,testTAFCmixsec/numnym006.wav,,,,,,,,,,,,,,,,,,,,,,,,,,,,,
,,,,,65214d2dcfdbb7ecddc5e567,001,2024-05-24_17h59.00.345,mathesisv2,2024.1.3,MacIntel,57.67012687,,,,,,,,,,,,,,,,,,,,,,,,,,,,,,,,,,,,,,,,,,,,,,,,,,,,,,,,,,,,,,,,376.952,378.152,u,1.188,,0,2,2,1,1,testTAFCmixsec/numnym002.wav,,,,,,,,,,,,,,,,,,,,,,,,,,,,,
,,,,,65214d2dcfdbb7ecddc5e567,001,2024-05-24_17h59.00.345,mathesisv2,2024.1.3,MacIntel,57.67012687,,,,,,,,,,,,,,,,,,,,,,,,,,,,,,,,,,,,,,,,,,,,,,,,,,,,,,,,,,,,,,,,,,,,,,,,,,,378.152,388.824,space,10.635,,,,,,,,,,,,,,,,,,,,,,,,,
,,,,,65214d2dcfdbb7ecddc5e567,001,2024-05-24_17h59.00.345,mathesisv2,2024.1.3,MacIntel,57.67012687,,,,,,,,,,,,,,,,,x,,,,,,,,,,,,,,,,,,,,,,,,,,,,,,,,,,,,,,,,,,,,,,,,,,,,,,,,,,,,,,,388.834,392.608,y,3.746,,0,0,0,3,1,stimuliTAFCfirst/nimnym004.wav,,,,,,,,,,,,,
,,,,,65214d2dcfdbb7ecddc5e567,001,2024-05-24_17h59.00.345,mathesisv2,2024.1.3,MacIntel,57.67012687,,,,,,,,,,,,,,,,,e,,,,,,,,,,,,,,,,,,,,,,,,,,,,,,,,,,,,,,,,,,,,,,,,,,,,,,,,,,,,,,,392.609,393.826,e,1.205,,0,1,1,1,1,stimuliTAFCfirst/nimnym002.wav,,,,,,,,,,,,,
,,,,,65214d2dcfdbb7ecddc5e567,001,2024-05-24_17h59.00.345,mathesisv2,2024.1.3,MacIntel,57.67012687,,,,,,,,,,,,,,,,,y,,,,,,,,,,,,,,,,,,,,,,,,,,,,,,,,,,,,,,,,,,,,,,,,,,,,,,,,,,,,,,,393.826,394.943,y,1.101,,0,2,2,5,1,stimuliTAFCfirst/nimnym006.wav,,,,,,,,,,,,,
,,,,,65214d2dcfdbb7ecddc5e567,001,2024-05-24_17h59.00.345,mathesisv2,2024.1.3,MacIntel,57.67012687,,,,,,,,,,,,,,,,,e,,,,,,,,,,,,,,,,,,,,,,,,,,,,,,,,,,,,,,,,,,,,,,,,,,,,,,,,,,,,,,,394.943,395.96,e,1.01,,0,3,3,2,1,stimuliTAFCfirst/nimnym003.wav,,,,,,,,,,,,,
,,,,,65214d2dcfdbb7ecddc5e567,001,2024-05-24_17h59.00.345,mathesisv2,2024.1.3,MacIntel,57.67012687,,,,,,,,,,,,,,,,,y,,,,,,,,,,,,,,,,,,,,,,,,,,,,,,,,,,,,,,,,,,,,,,,,,,,,,,,,,,,,,,,395.96,398.195,e,2.219,,0,4,4,4,1,stimuliTAFCfirst/nimnym005.wav,,,,,,,,,,,,,
,,,,,65214d2dcfdbb7ecddc5e567,001,2024-05-24_17h59.00.345,mathesisv2,2024.1.3,MacIntel,57.67012687,,,,,,,,,,,,,,,,,y,,,,,,,,,,,,,,,,,,,,,,,,,,,,,,,,,,,,,,,,,,,,,,,,,,,,,,,,,,,,,,,398.195,399.578,y,1.373,,0,5,5,6,1,stimuliTAFCfirst/nimnym007.wav,,,,,,,,,,,,,
,,,,,65214d2dcfdbb7ecddc5e567,001,2024-05-24_17h59.00.345,mathesisv2,2024.1.3,MacIntel,57.67012687,,,,,,,,,,,,,,,,,e,,,,,,,,,,,,,,,,,,,,,,,,,,,,,,,,,,,,,,,,,,,,,,,,,,,,,,,,,,,,,,,399.579,400.629,e,1.033,,0,6,6,0,1,stimuliTAFCfirst/nimnym001.wav,,,,,,,,,,,,,
,,,,,65214d2dcfdbb7ecddc5e567,001,2024-05-24_17h59.00.345,mathesisv2,2024.1.3,MacIntel,57.67012687,,,,,,,,,,,,,,,,,e,,,,,,,,,,,,,,,,,,,,,,,,,,,,,,,,,,,,,,,,,,,,,,,,,,,,,,,,,,,,,,,400.629,401.629,e,0.984,,1,0,7,0,1,stimuliTAFCfirst/nimnym001.wav,,,,,,,,,,,,,
,,,,,65214d2dcfdbb7ecddc5e567,001,2024-05-24_17h59.00.345,mathesisv2,2024.1.3,MacIntel,57.67012687,,,,,,,,,,,,,,,,,x,,,,,,,,,,,,,,,,,,,,,,,,,,,,,,,,,,,,,,,,,,,,,,,,,,,,,,,,,,,,,,,401.629,402.563,e,0.921,,1,1,8,3,1,stimuliTAFCfirst/nimnym004.wav,,,,,,,,,,,,,
,,,,,65214d2dcfdbb7ecddc5e567,001,2024-05-24_17h59.00.345,mathesisv2,2024.1.3,MacIntel,57.67012687,,,,,,,,,,,,,,,,,e,,,,,,,,,,,,,,,,,,,,,,,,,,,,,,,,,,,,,,,,,,,,,,,,,,,,,,,,,,,,,,,402.564,403.747,e,1.174,,1,2,9,2,1,stimuliTAFCfirst/nimnym003.wav,,,,,,,,,,,,,
,,,,,65214d2dcfdbb7ecddc5e567,001,2024-05-24_17h59.00.345,mathesisv2,2024.1.3,MacIntel,57.67012687,,,,,,,,,,,,,,,,,y,,,,,,,,,,,,,,,,,,,,,,,,,,,,,,,,,,,,,,,,,,,,,,,,,,,,,,,,,,,,,,,403.747,404.964,y,1.205,,1,3,10,4,1,stimuliTAFCfirst/nimnym005.wav,,,,,,,,,,,,,
,,,,,65214d2dcfdbb7ecddc5e567,001,2024-05-24_17h59.00.345,mathesisv2,2024.1.3,MacIntel,57.67012687,,,,,,,,,,,,,,,,,e,,,,,,,,,,,,,,,,,,,,,,,,,,,,,,,,,,,,,,,,,,,,,,,,,,,,,,,,,,,,,,,404.964,405.931,e,0.958,,1,4,11,1,1,stimuliTAFCfirst/nimnym002.wav,,,,,,,,,,,,,
,,,,,65214d2dcfdbb7ecddc5e567,001,2024-05-24_17h59.00.345,mathesisv2,2024.1.3,MacIntel,57.67012687,,,,,,,,,,,,,,,,,y,,,,,,,,,,,,,,,,,,,,,,,,,,,,,,,,,,,,,,,,,,,,,,,,,,,,,,,,,,,,,,,405.931,406.949,y,1.009,,1,5,12,5,1,stimuliTAFCfirst/nimnym006.wav,,,,,,,,,,,,,
,,,,,65214d2dcfdbb7ecddc5e567,001,2024-05-24_17h59.00.345,mathesisv2,2024.1.3,MacIntel,57.67012687,,,,,,,,,,,,,,,,,y,,,,,,,,,,,,,,,,,,,,,,,,,,,,,,,,,,,,,,,,,,,,,,,,,,,,,,,,,,,,,,,406.949,408.115,y,1.161,,1,6,13,6,1,stimuliTAFCfirst/nimnym007.wav,,,,,,,,,,,,,
,,,,,65214d2dcfdbb7ecddc5e567,001,2024-05-24_17h59.00.345,mathesisv2,2024.1.3,MacIntel,57.67012687,,,,,,,,,,,,,,,,,u,408.115,409.316,space,1.171,,,,,,,,,,,,,,,,,,,,,,,,,,,,,,,,,,,,,,,,,,,,,,,,,,,,,,,,,,,,,,,,,,,,,,409.32,411.2,u,1.858,,0,0,0,1,1,stimuliTAFCsec/numnym002.wav,,
,,,,,65214d2dcfdbb7ecddc5e567,001,2024-05-24_17h59.00.345,mathesisv2,2024.1.3,MacIntel,57.67012687,,,,,,,,,,,,,,,,,y,,,,,,,,,,,,,,,,,,,,,,,,,,,,,,,,,,,,,,,,,,,,,,,,,,,,,,,,,,,,,,,,,,,,,,,,,,411.2,412.367,y,1.153,,0,1,1,5,1,stimuliTAFCsec/numnym006.wav,,
,,,,,65214d2dcfdbb7ecddc5e567,001,2024-05-24_17h59.00.345,mathesisv2,2024.1.3,MacIntel,57.67012687,,,,,,,,,,,,,,,,,u,,,,,,,,,,,,,,,,,,,,,,,,,,,,,,,,,,,,,,,,,,,,,,,,,,,,,,,,,,,,,,,,,,,,,,,,,,412.368,413.451,u,1.073,,0,2,2,2,1,stimuliTAFCsec/numnym003.wav,,
,,,,,65214d2dcfdbb7ecddc5e567,001,2024-05-24_17h59.00.345,mathesisv2,2024.1.3,MacIntel,57.67012687,,,,,,,,,,,,,,,,,y,,,,,,,,,,,,,,,,,,,,,,,,,,,,,,,,,,,,,,,,,,,,,,,,,,,,,,,,,,,,,,,,,,,,,,,,,,413.452,414.419,y,0.951,,0,3,3,6,1,stimuliTAFCsec/numnym007.wav,,
,,,,,65214d2dcfdbb7ecddc5e567,001,2024-05-24_17h59.00.345,mathesisv2,2024.1.3,MacIntel,57.67012687,,,,,,,,,,,,,,,,,u,,,,,,,,,,,,,,,,,,,,,,,,,,,,,,,,,,,,,,,,,,,,,,,,,,,,,,,,,,,,,,,,,,,,,,,,,,414.419,415.468,u,1.034,,0,4,4,0,1,stimuliTAFCsec/numnym001.wav,,
,,,,,65214d2dcfdbb7ecddc5e567,001,2024-05-24_17h59.00.345,mathesisv2,2024.1.3,MacIntel,57.67012687,,,,,,,,,,,,,,,,,x,,,,,,,,,,,,,,,,,,,,,,,,,,,,,,,,,,,,,,,,,,,,,,,,,,,,,,,,,,,,,,,,,,,,,,,,,,415.468,416.57,u,1.088,,0,5,5,3,1,stimuliTAFCsec/numnym004.wav,,
,,,,,65214d2dcfdbb7ecddc5e567,001,2024-05-24_17h59.00.345,mathesisv2,2024.1.3,MacIntel,57.67012687,,,,,,,,,,,,,,,,,y,,,,,,,,,,,,,,,,,,,,,,,,,,,,,,,,,,,,,,,,,,,,,,,,,,,,,,,,,,,,,,,,,,,,,,,,,,416.572,417.785,y,1.2,,0,6,6,4,1,stimuliTAFCsec/numnym005.wav,,
,,,,,65214d2dcfdbb7ecddc5e567,001,2024-05-24_17h59.00.345,mathesisv2,2024.1.3,MacIntel,57.67012687,,,,,,,,,,,,,,,,,y,,,,,,,,,,,,,,,,,,,,,,,,,,,,,,,,,,,,,,,,,,,,,,,,,,,,,,,,,,,,,,,,,,,,,,,,,,417.786,418.82,y,1.021,,1,0,7,4,1,stimuliTAFCsec/numnym005.wav,,
,,,,,65214d2dcfdbb7ecddc5e567,001,2024-05-24_17h59.00.345,mathesisv2,2024.1.3,MacIntel,57.67012687,,,,,,,,,,,,,,,,,x,,,,,,,,,,,,,,,,,,,,,,,,,,,,,,,,,,,,,,,,,,,,,,,,,,,,,,,,,,,,,,,,,,,,,,,,,,418.821,419.988,u,1.151,,1,1,8,3,1,stimuliTAFCsec/numnym004.wav,,
,,,,,65214d2dcfdbb7ecddc5e567,001,2024-05-24_17h59.00.345,mathesisv2,2024.1.3,MacIntel,57.67012687,,,,,,,,,,,,,,,,,u,,,,,,,,,,,,,,,,,,,,,,,,,,,,,,,,,,,,,,,,,,,,,,,,,,,,,,,,,,,,,,,,,,,,,,,,,,419.988,421.071,u,1.071,,1,2,9,2,1,stimuliTAFCsec/numnym003.wav,,
,,,,,65214d2dcfdbb7ecddc5e567,001,2024-05-24_17h59.00.345,mathesisv2,2024.1.3,MacIntel,57.67012687,,,,,,,,,,,,,,,,,u,,,,,,,,,,,,,,,,,,,,,,,,,,,,,,,,,,,,,,,,,,,,,,,,,,,,,,,,,,,,,,,,,,,,,,,,,,421.072,422.021,u,0.935,,1,3,10,1,1,stimuliTAFCsec/numnym002.wav,,
,,,,,65214d2dcfdbb7ecddc5e567,001,2024-05-24_17h59.00.345,mathesisv2,2024.1.3,MacIntel,57.67012687,,,,,,,,,,,,,,,,,y,,,,,,,,,,,,,,,,,,,,,,,,,,,,,,,,,,,,,,,,,,,,,,,,,,,,,,,,,,,,,,,,,,,,,,,,,,422.021,423.339,y,1.3,,1,4,11,5,1,stimuliTAFCsec/numnym006.wav,,
,,,,,65214d2dcfdbb7ecddc5e567,001,2024-05-24_17h59.00.345,mathesisv2,2024.1.3,MacIntel,57.67012687,,,,,,,,,,,,,,,,,y,,,,,,,,,,,,,,,,,,,,,,,,,,,,,,,,,,,,,,,,,,,,,,,,,,,,,,,,,,,,,,,,,,,,,,,,,,423.339,424.622,y,1.276,,1,5,12,6,1,stimuliTAFCsec/numnym007.wav,,
,,,,,65214d2dcfdbb7ecddc5e567,001,2024-05-24_17h59.00.345,mathesisv2,2024.1.3,MacIntel,57.67012687,,,,,,,,,,,,,,,,,u,,,,,,,,,,,,,,,,,,,,,,,,,,,,,,,,,,,,,,,,,,,,,,,,,,,,,,,,,,,,,,,,,,,,,,,,,,424.622,425.59,u,0.951,,1,6,13,0,1,stimuliTAFCsec/numnym001.wav,,
,,,,,65214d2dcfdbb7ecddc5e567,001,2024-05-24_17h59.00.345,mathesisv2,2024.1.3,MacIntel,57.67012687,,,,,,,,,,,,,,,,,y,,,,,,,,,,,,,,,,,,,,,,,,,,425.591,426.624,space,1.012,,,,,,,,,,,,,,,,,,,,,,,,,,,,,,,,,,426.632,429.009,y,2.363,,0,0,0,4,1,stimuliTAFCfirst/nimnym005.wav,,,,,,,,,,,,,
,,,,,65214d2dcfdbb7ecddc5e567,001,2024-05-24_17h59.00.345,mathesisv2,2024.1.3,MacIntel,57.67012687,,,,,,,,,,,,,,,,,x,,,,,,,,,,,,,,,,,,,,,,,,,,,,,,,,,,,,,,,,,,,,,,,,,,,,,,,,,,,,,,,429.009,430.842,y,1.819,,0,1,1,3,1,stimuliTAFCfirst/nimnym004.wav,,,,,,,,,,,,,
,,,,,65214d2dcfdbb7ecddc5e567,001,2024-05-24_17h59.00.345,mathesisv2,2024.1.3,MacIntel,57.67012687,,,,,,,,,,,,,,,,,y,,,,,,,,,,,,,,,,,,,,,,,,,,,,,,,,,,,,,,,,,,,,,,,,,,,,,,,,,,,,,,,430.843,432.127,y,1.273,,0,2,2,6,1,stimuliTAFCfirst/nimnym007.wav,,,,,,,,,,,,,
,,,,,65214d2dcfdbb7ecddc5e567,001,2024-05-24_17h59.00.345,mathesisv2,2024.1.3,MacIntel,57.67012687,,,,,,,,,,,,,,,,,y,,,,,,,,,,,,,,,,,,,,,,,,,,,,,,,,,,,,,,,,,,,,,,,,,,,,,,,,,,,,,,,432.127,433.277,y,1.133,,0,3,3,5,1,stimuliTAFCfirst/nimnym006.wav,,,,,,,,,,,,,
,,,,,65214d2dcfdbb7ecddc5e567,001,2024-05-24_17h59.00.345,mathesisv2,2024.1.3,MacIntel,57.67012687,,,,,,,,,,,,,,,,,e,,,,,,,,,,,,,,,,,,,,,,,,,,,,,,,,,,,,,,,,,,,,,,,,,,,,,,,,,,,,,,,433.277,434.211,e,0.92,,0,4,4,1,1,stimuliTAFCfirst/nimnym002.wav,,,,,,,,,,,,,
,,,,,65214d2dcfdbb7ecddc5e567,001,2024-05-24_17h59.00.345,mathesisv2,2024.1.3,MacIntel,57.67012687,,,,,,,,,,,,,,,,,e,,,,,,,,,,,,,,,,,,,,,,,,,,,,,,,,,,,,,,,,,,,,,,,,,,,,,,,,,,,,,,,434.211,435.111,e,0.884,,0,5,5,2,1,stimuliTAFCfirst/nimnym003.wav,,,,,,,,,,,,,
,,,,,65214d2dcfdbb7ecddc5e567,001,2024-05-24_17h59.00.345,mathesisv2,2024.1.3,MacIntel,57.67012687,,,,,,,,,,,,,,,,,e,,,,,,,,,,,,,,,,,,,,,,,,,,,,,,,,,,,,,,,,,,,,,,,,,,,,,,,,,,,,,,,435.111,436.062,e,0.941,,0,6,6,0,1,stimuliTAFCfirst/nimnym001.wav,,,,,,,,,,,,,
,,,,,65214d2dcfdbb7ecddc5e567,001,2024-05-24_17h59.00.345,mathesisv2,2024.1.3,MacIntel,57.67012687,,,,,,,,,,,,,,,,,e,,,,,,,,,,,,,,,,,,,,,,,,,,,,,,,,,,,,,,,,,,,,,,,,,,,,,,,,,,,,,,,436.062,436.895,e,0.824,,1,0,7,1,1,stimuliTAFCfirst/nimnym002.wav,,,,,,,,,,,,,
,,,,,65214d2dcfdbb7ecddc5e567,001,2024-05-24_17h59.00.345,mathesisv2,2024.1.3,MacIntel,57.67012687,,,,,,,,,,,,,,,,,y,,,,,,,,,,,,,,,,,,,,,,,,,,,,,,,,,,,,,,,,,,,,,,,,,,,,,,,,,,,,,,,436.895,437.711,e,0.81,,1,1,8,5,1,stimuliTAFCfirst/nimnym006.wav,,,,,,,,,,,,,
,,,,,65214d2dcfdbb7ecddc5e567,001,2024-05-24_17h59.00.345,mathesisv2,2024.1.3,MacIntel,57.67012687,,,,,,,,,,,,,,,,,y,,,,,,,,,,,,,,,,,,,,,,,,,,,,,,,,,,,,,,,,,,,,,,,,,,,,,,,,,,,,,,,437.712,438.88,y,1.15,,1,2,9,6,1,stimuliTAFCfirst/nimnym007.wav,,,,,,,,,,,,,
,,,,,65214d2dcfdbb7ecddc5e567,001,2024-05-24_17h59.00.345,mathesisv2,2024.1.3,MacIntel,57.67012687,,,,,,,,,,,,,,,,,y,,,,,,,,,,,,,,,,,,,,,,,,,,,,,,,,,,,,,,,,,,,,,,,,,,,,,,,,,,,,,,,438.88,440.096,y,1.208,,1,3,10,4,1,stimuliTAFCfirst/nimnym005.wav,,,,,,,,,,,,,
,,,,,65214d2dcfdbb7ecddc5e567,001,2024-05-24_17h59.00.345,mathesisv2,2024.1.3,MacIntel,57.67012687,,,,,,,,,,,,,,,,,e,,,,,,,,,,,,,,,,,,,,,,,,,,,,,,,,,,,,,,,,,,,,,,,,,,,,,,,,,,,,,,,440.096,441.314,e,1.207,,1,4,11,0,1,stimuliTAFCfirst/nimnym001.wav,,,,,,,,,,,,,
,,,,,65214d2dcfdbb7ecddc5e567,001,2024-05-24_17h59.00.345,mathesisv2,2024.1.3,MacIntel,57.67012687,,,,,,,,,,,,,,,,,e,,,,,,,,,,,,,,,,,,,,,,,,,,,,,,,,,,,,,,,,,,,,,,,,,,,,,,,,,,,,,,,441.314,442.447,e,1.122,,1,5,12,2,1,stimuliTAFCfirst/nimnym003.wav,,,,,,,,,,,,,
,,,,,65214d2dcfdbb7ecddc5e567,001,2024-05-24_17h59.00.345,mathesisv2,2024.1.3,MacIntel,57.67012687,,,,,,,,,,,,,,,,,x,,,,,,,,,,,,,,,,,,,,,,,,,,,,,,,,,,,,,,,,,,,,,,,,,,,,,,,,,,,,,,,442.447,443.397,e,0.942,,1,6,13,3,1,stimuliTAFCfirst/nimnym004.wav,,,,,,,,,,,,,
,,,,,65214d2dcfdbb7ecddc5e567,001,2024-05-24_17h59.00.345,mathesisv2,2024.1.3,MacIntel,57.67012687,,,,,,,,,,,,,,,,,x,443.397,444.449,space,1.037,,,,,,,,,,,,,,,,,,,,,,,,,,,,,,,,,,,,,,,,,,,,,,,,,,,,,,,,,,,,,,,,,,,,,,444.453,445.933,u,1.467,,0,0,0,3,1,stimuliTAFCsec/numnym004.wav,,
,,,,,65214d2dcfdbb7ecddc5e567,001,2024-05-24_17h59.00.345,mathesisv2,2024.1.3,MacIntel,57.67012687,,,,,,,,,,,,,,,,,y,,,,,,,,,,,,,,,,,,,,,,,,,,,,,,,,,,,,,,,,,,,,,,,,,,,,,,,,,,,,,,,,,,,,,,,,,,445.933,446.933,y,0.983,,0,1,1,4,1,stimuliTAFCsec/numnym005.wav,,
,,,,,65214d2dcfdbb7ecddc5e567,001,2024-05-24_17h59.00.345,mathesisv2,2024.1.3,MacIntel,57.67012687,,,,,,,,,,,,,,,,,u,,,,,,,,,,,,,,,,,,,,,,,,,,,,,,,,,,,,,,,,,,,,,,,,,,,,,,,,,,,,,,,,,,,,,,,,,,446.933,448,u,1.05,,0,2,2,1,1,stimuliTAFCsec/numnym002.wav,,
,,,,,65214d2dcfdbb7ecddc5e567,001,2024-05-24_17h59.00.345,mathesisv2,2024.1.3,MacIntel,57.67012687,,,,,,,,,,,,,,,,,y,,,,,,,,,,,,,,,,,,,,,,,,,,,,,,,,,,,,,,,,,,,,,,,,,,,,,,,,,,,,,,,,,,,,,,,,,,448,448.9,y,0.888,,0,3,3,6,1,stimuliTAFCsec/numnym007.wav,,
,,,,,65214d2dcfdbb7ecddc5e567,001,2024-05-24_17h59.00.345,mathesisv2,2024.1.3,MacIntel,57.67012687,,,,,,,,,,,,,,,,,u,,,,,,,,,,,,,,,,,,,,,,,,,,,,,,,,,,,,,,,,,,,,,,,,,,,,,,,,,,,,,,,,,,,,,,,,,,448.9,449.919,u,1.011,,0,4,4,0,1,stimuliTAFCsec/numnym001.wav,,
,,,,,65214d2dcfdbb7ecddc5e567,001,2024-05-24_17h59.00.345,mathesisv2,2024.1.3,MacIntel,57.67012687,,,,,,,,,,,,,,,,,u,,,,,,,,,,,,,,,,,,,,,,,,,,,,,,,,,,,,,,,,,,,,,,,,,,,,,,,,,,,,,,,,,,,,,,,,,,449.92,450.885,u,0.949,,0,5,5,2,1,stimuliTAFCsec/numnym003.wav,,
,,,,,65214d2dcfdbb7ecddc5e567,001,2024-05-24_17h59.00.345,mathesisv2,2024.1.3,MacIntel,57.67012687,,,,,,,,,,,,,,,,,y,,,,,,,,,,,,,,,,,,,,,,,,,,,,,,,,,,,,,,,,,,,,,,,,,,,,,,,,,,,,,,,,,,,,,,,,,,450.887,451.902,y,1,,0,6,6,5,1,stimuliTAFCsec/numnym006.wav,,
,,,,,65214d2dcfdbb7ecddc5e567,001,2024-05-24_17h59.00.345,mathesisv2,2024.1.3,MacIntel,57.67012687,,,,,,,,,,,,,,,,,y,,,,,,,,,,,,,,,,,,,,,,,,,,,,,,,,,,,,,,,,,,,,,,,,,,,,,,,,,,,,,,,,,,,,,,,,,,451.902,453.353,y,1.434,,1,0,7,4,1,stimuliTAFCsec/numnym005.wav,,
,,,,,65214d2dcfdbb7ecddc5e567,001,2024-05-24_17h59.00.345,mathesisv2,2024.1.3,MacIntel,57.67012687,,,,,,,,,,,,,,,,,u,,,,,,,,,,,,,,,,,,,,,,,,,,,,,,,,,,,,,,,,,,,,,,,,,,,,,,,,,,,,,,,,,,,,,,,,,,453.354,454.453,u,1.087,,1,1,8,0,1,stimuliTAFCsec/numnym001.wav,,
,,,,,65214d2dcfdbb7ecddc5e567,001,2024-05-24_17h59.00.345,mathesisv2,2024.1.3,MacIntel,57.67012687,,,,,,,,,,,,,,,,,u,,,,,,,,,,,,,,,,,,,,,,,,,,,,,,,,,,,,,,,,,,,,,,,,,,,,,,,,,,,,,,,,,,,,,,,,,,454.454,455.437,u,0.967,,1,2,9,1,1,stimuliTAFCsec/numnym002.wav,,
,,,,,65214d2dcfdbb7ecddc5e567,001,2024-05-24_17h59.00.345,mathesisv2,2024.1.3,MacIntel,57.67012687,,,,,,,,,,,,,,,,,y,,,,,,,,,,,,,,,,,,,,,,,,,,,,,,,,,,,,,,,,,,,,,,,,,,,,,,,,,,,,,,,,,,,,,,,,,,455.438,456.672,y,1.218,,1,3,10,6,1,stimuliTAFCsec/numnym007.wav,,
,,,,,65214d2dcfdbb7ecddc5e567,001,2024-05-24_17h59.00.345,mathesisv2,2024.1.3,MacIntel,57.67012687,,,,,,,,,,,,,,,,,x,,,,,,,,,,,,,,,,,,,,,,,,,,,,,,,,,,,,,,,,,,,,,,,,,,,,,,,,,,,,,,,,,,,,,,,,,,456.672,457.922,u,1.233,,1,4,11,3,1,stimuliTAFCsec/numnym004.wav,,
,,,,,65214d2dcfdbb7ecddc5e567,001,2024-05-24_17h59.00.345,mathesisv2,2024.1.3,MacIntel,57.67012687,,,,,,,,,,,,,,,,,u,,,,,,,,,,,,,,,,,,,,,,,,,,,,,,,,,,,,,,,,,,,,,,,,,,,,,,,,,,,,,,,,,,,,,,,,,,457.922,458.972,u,1.033,,1,5,12,2,1,stimuliTAFCsec/numnym003.wav,,
,,,,,65214d2dcfdbb7ecddc5e567,001,2024-05-24_17h59.00.345,mathesisv2,2024.1.3,MacIntel,57.67012687,,,,,,,,,,,,,,,,,y,,,,,,,,,,,,,,,,,,,,,,,,,,,,,,,,,,,,,,,,,,,,,,,,,,,,,,,,,,,,,,,,,,,,,,,,,,458.973,459.889,y,0.901,,1,6,13,5,1,stimuliTAFCsec/numnym006.wav,,
,,,,,65214d2dcfdbb7ecddc5e567,001,2024-05-24_17h59.00.345,mathesisv2,2024.1.3,MacIntel,57.67012687,,,,,,,,,,,,,,,,,e,,,,,,,,,,,,,,,,,,,,,,,,,,459.89,461.423,space,1.516,,,,,,,,,,,,,,,,,,,,,,,,,,,,,,,,,,461.432,462.991,e,1.546,,0,0,0,0,1,stimuliTAFCfirst/nimnym001.wav,,,,,,,,,,,,,
,,,,,65214d2dcfdbb7ecddc5e567,001,2024-05-24_17h59.00.345,mathesisv2,2024.1.3,MacIntel,57.67012687,,,,,,,,,,,,,,,,,x,,,,,,,,,,,,,,,,,,,,,,,,,,,,,,,,,,,,,,,,,,,,,,,,,,,,,,,,,,,,,,,462.992,464.508,e,1.501,,0,1,1,3,1,stimuliTAFCfirst/nimnym004.wav,,,,,,,,,,,,,
,,,,,65214d2dcfdbb7ecddc5e567,001,2024-05-24_17h59.00.345,mathesisv2,2024.1.3,MacIntel,57.67012687,,,,,,,,,,,,,,,,,y,,,,,,,,,,,,,,,,,,,,,,,,,,,,,,,,,,,,,,,,,,,,,,,,,,,,,,,,,,,,,,,464.509,465.509,y,0.986,,0,2,2,6,1,stimuliTAFCfirst/nimnym007.wav,,,,,,,,,,,,,
,,,,,65214d2dcfdbb7ecddc5e567,001,2024-05-24_17h59.00.345,mathesisv2,2024.1.3,MacIntel,57.67012687,,,,,,,,,,,,,,,,,e,,,,,,,,,,,,,,,,,,,,,,,,,,,,,,,,,,,,,,,,,,,,,,,,,,,,,,,,,,,,,,,465.509,466.392,e,0.863,,0,3,3,2,1,stimuliTAFCfirst/nimnym003.wav,,,,,,,,,,,,,
,,,,,65214d2dcfdbb7ecddc5e567,001,2024-05-24_17h59.00.345,mathesisv2,2024.1.3,MacIntel,57.67012687,,,,,,,,,,,,,,,,,y,,,,,,,,,,,,,,,,,,,,,,,,,,,,,,,,,,,,,,,,,,,,,,,,,,,,,,,,,,,,,,,466.393,467.492,y,1.084,,0,4,4,5,1,stimuliTAFCfirst/nimnym006.wav,,,,,,,,,,,,,
,,,,,65214d2dcfdbb7ecddc5e567,001,2024-05-24_17h59.00.345,mathesisv2,2024.1.3,MacIntel,57.67012687,,,,,,,,,,,,,,,,,y,,,,,,,,,,,,,,,,,,,,,,,,,,,,,,,,,,,,,,,,,,,,,,,,,,,,,,,,,,,,,,,467.493,468.592,y,1.083,,0,5,5,4,1,stimuliTAFCfirst/nimnym005.wav,,,,,,,,,,,,,
,,,,,65214d2dcfdbb7ecddc5e567,001,2024-05-24_17h59.00.345,mathesisv2,2024.1.3,MacIntel,57.67012687,,,,,,,,,,,,,,,,,e,,,,,,,,,,,,,,,,,,,,,,,,,,,,,,,,,,,,,,,,,,,,,,,,,,,,,,,,,,,,,,,468.593,469.593,e,0.985,,0,6,6,1,1,stimuliTAFCfirst/nimnym002.wav,,,,,,,,,,,,,
,,,,,65214d2dcfdbb7ecddc5e567,001,2024-05-24_17h59.00.345,mathesisv2,2024.1.3,MacIntel,57.67012687,,,,,,,,,,,,,,,,,y,,,,,,,,,,,,,,,,,,,,,,,,,,,,,,,,,,,,,,,,,,,,,,,,,,,,,,,,,,,,,,,469.594,470.71,y,1.099,,1,0,7,6,1,stimuliTAFCfirst/nimnym007.wav,,,,,,,,,,,,,
,,,,,65214d2dcfdbb7ecddc5e567,001,2024-05-24_17h59.00.345,mathesisv2,2024.1.3,MacIntel,57.67012687,,,,,,,,,,,,,,,,,x,,,,,,,,,,,,,,,,,,,,,,,,,,,,,,,,,,,,,,,,,,,,,,,,,,,,,,,,,,,,,,,470.711,471.795,e,1.071,,1,1,8,3,1,stimuliTAFCfirst/nimnym004.wav,,,,,,,,,,,,,
,,,,,65214d2dcfdbb7ecddc5e567,001,2024-05-24_17h59.00.345,mathesisv2,2024.1.3,MacIntel,57.67012687,,,,,,,,,,,,,,,,,e,,,,,,,,,,,,,,,,,,,,,,,,,,,,,,,,,,,,,,,,,,,,,,,,,,,,,,,,,,,,,,,471.795,472.728,y,0.918,,1,2,9,1,1,stimuliTAFCfirst/nimnym002.wav,,,,,,,,,,,,,
,,,,,65214d2dcfdbb7ecddc5e567,001,2024-05-24_17h59.00.345,mathesisv2,2024.1.3,MacIntel,57.67012687,,,,,,,,,,,,,,,,,e,,,,,,,,,,,,,,,,,,,,,,,,,,,,,,,,,,,,,,,,,,,,,,,,,,,,,,,,,,,,,,,472.728,473.895,e,1.156,,1,3,10,0,1,stimuliTAFCfirst/nimnym001.wav,,,,,,,,,,,,,
,,,,,65214d2dcfdbb7ecddc5e567,001,2024-05-24_17h59.00.345,mathesisv2,2024.1.3,MacIntel,57.67012687,,,,,,,,,,,,,,,,,y,,,,,,,,,,,,,,,,,,,,,,,,,,,,,,,,,,,,,,,,,,,,,,,,,,,,,,,,,,,,,,,473.895,475.046,y,1.136,,1,4,11,5,1,stimuliTAFCfirst/nimnym006.wav,,,,,,,,,,,,,
,,,,,65214d2dcfdbb7ecddc5e567,001,2024-05-24_17h59.00.345,mathesisv2,2024.1.3,MacIntel,57.67012687,,,,,,,,,,,,,,,,,e,,,,,,,,,,,,,,,,,,,,,,,,,,,,,,,,,,,,,,,,,,,,,,,,,,,,,,,,,,,,,,,475.046,476.197,e,1.131,,1,5,12,2,1,stimuliTAFCfirst/nimnym003.wav,,,,,,,,,,,,,
,,,,,65214d2dcfdbb7ecddc5e567,001,2024-05-24_17h59.00.345,mathesisv2,2024.1.3,MacIntel,57.67012687,,,,,,,,,,,,,,,,,y,,,,,,,,,,,,,,,,,,,,,,,,,,,,,,,,,,,,,,,,,,,,,,,,,,,,,,,,,,,,,,,476.197,477.447,y,1.233,,1,6,13,4,1,stimuliTAFCfirst/nimnym005.wav,,,,,,,,,,,,,
,,,,,65214d2dcfdbb7ecddc5e567,001,2024-05-24_17h59.00.345,mathesisv2,2024.1.3,MacIntel,57.67012687,,,,,,,,,,,,,,,,,y,477.448,478.78,space,1.322,,,,,,,,,,,,,,,,,,,,,,,,,,,,,,,,,,,,,,,,,,,,,,,,,,,,,,,,,,,,,,,,,,,,,,478.786,481.532,y,2.74,,0,0,0,4,1,stimuliTAFCsec/numnym005.wav,,
,,,,,65214d2dcfdbb7ecddc5e567,001,2024-05-24_17h59.00.345,mathesisv2,2024.1.3,MacIntel,57.67012687,,,,,,,,,,,,,,,,,u,,,,,,,,,,,,,,,,,,,,,,,,,,,,,,,,,,,,,,,,,,,,,,,,,,,,,,,,,,,,,,,,,,,,,,,,,,481.534,482.5,u,0.951,,0,1,1,2,1,stimuliTAFCsec/numnym003.wav,,
,,,,,65214d2dcfdbb7ecddc5e567,001,2024-05-24_17h59.00.345,mathesisv2,2024.1.3,MacIntel,57.67012687,,,,,,,,,,,,,,,,,u,,,,,,,,,,,,,,,,,,,,,,,,,,,,,,,,,,,,,,,,,,,,,,,,,,,,,,,,,,,,,,,,,,,,,,,,,,482.5,483.416,u,0.906,,0,2,2,1,1,stimuliTAFCsec/numnym002.wav,,
,,,,,65214d2dcfdbb7ecddc5e567,001,2024-05-24_17h59.00.345,mathesisv2,2024.1.3,MacIntel,57.67012687,,,,,,,,,,,,,,,,,y,,,,,,,,,,,,,,,,,,,,,,,,,,,,,,,,,,,,,,,,,,,,,,,,,,,,,,,,,,,,,,,,,,,,,,,,,,483.416,484.566,y,1.134,,0,3,3,6,1,stimuliTAFCsec/numnym007.wav,,
,,,,,65214d2dcfdbb7ecddc5e567,001,2024-05-24_17h59.00.345,mathesisv2,2024.1.3,MacIntel,57.67012687,,,,,,,,,,,,,,,,,y,,,,,,,,,,,,,,,,,,,,,,,,,,,,,,,,,,,,,,,,,,,,,,,,,,,,,,,,,,,,,,,,,,,,,,,,,,484.566,486.15,y,1.572,,0,4,4,5,1,stimuliTAFCsec/numnym006.wav,,
,,,,,65214d2dcfdbb7ecddc5e567,001,2024-05-24_17h59.00.345,mathesisv2,2024.1.3,MacIntel,57.67012687,,,,,,,,,,,,,,,,,x,,,,,,,,,,,,,,,,,,,,,,,,,,,,,,,,,,,,,,,,,,,,,,,,,,,,,,,,,,,,,,,,,,,,,,,,,,486.151,487.435,u,1.268,,0,5,5,3,1,stimuliTAFCsec/numnym004.wav,,
,,,,,65214d2dcfdbb7ecddc5e567,001,2024-05-24_17h59.00.345,mathesisv2,2024.1.3,MacIntel,57.67012687,,,,,,,,,,,,,,,,,u,,,,,,,,,,,,,,,,,,,,,,,,,,,,,,,,,,,,,,,,,,,,,,,,,,,,,,,,,,,,,,,,,,,,,,,,,,487.436,488.568,u,1.118,,0,6,6,0,1,stimuliTAFCsec/numnym001.wav,,
,,,,,65214d2dcfdbb7ecddc5e567,001,2024-05-24_17h59.00.345,mathesisv2,2024.1.3,MacIntel,57.67012687,,,,,,,,,,,,,,,,,y,,,,,,,,,,,,,,,,,,,,,,,,,,,,,,,,,,,,,,,,,,,,,,,,,,,,,,,,,,,,,,,,,,,,,,,,,,488.568,489.687,y,1.101,,1,0,7,4,1,stimuliTAFCsec/numnym005.wav,,
,,,,,65214d2dcfdbb7ecddc5e567,001,2024-05-24_17h59.00.345,mathesisv2,2024.1.3,MacIntel,57.67012687,,,,,,,,,,,,,,,,,x,,,,,,,,,,,,,,,,,,,,,,,,,,,,,,,,,,,,,,,,,,,,,,,,,,,,,,,,,,,,,,,,,,,,,,,,,,489.687,490.619,y,0.922,,1,1,8,3,1,stimuliTAFCsec/numnym004.wav,,
,,,,,65214d2dcfdbb7ecddc5e567,001,2024-05-24_17h59.00.345,mathesisv2,2024.1.3,MacIntel,57.67012687,,,,,,,,,,,,,,,,,u,,,,,,,,,,,,,,,,,,,,,,,,,,,,,,,,,,,,,,,,,,,,,,,,,,,,,,,,,,,,,,,,,,,,,,,,,,490.621,491.637,y,1.003,,1,2,9,2,1,stimuliTAFCsec/numnym003.wav,,
,,,,,65214d2dcfdbb7ecddc5e567,001,2024-05-24_17h59.00.345,mathesisv2,2024.1.3,MacIntel,57.67012687,,,,,,,,,,,,,,,,,u,,,,,,,,,,,,,,,,,,,,,,,,,,,,,,,,,,,,,,,,,,,,,,,,,,,,,,,,,,,,,,,,,,,,,,,,,,491.637,492.687,u,1.034,,1,3,10,1,1,stimuliTAFCsec/numnym002.wav,,
,,,,,65214d2dcfdbb7ecddc5e567,001,2024-05-24_17h59.00.345,mathesisv2,2024.1.3,MacIntel,57.67012687,,,,,,,,,,,,,,,,,y,,,,,,,,,,,,,,,,,,,,,,,,,,,,,,,,,,,,,,,,,,,,,,,,,,,,,,,,,,,,,,,,,,,,,,,,,,492.687,493.837,y,1.135,,1,4,11,6,1,stimuliTAFCsec/numnym007.wav,,
,,,,,65214d2dcfdbb7ecddc5e567,001,2024-05-24_17h59.00.345,mathesisv2,2024.1.3,MacIntel,57.67012687,,,,,,,,,,,,,,,,,y,,,,,,,,,,,,,,,,,,,,,,,,,,,,,,,,,,,,,,,,,,,,,,,,,,,,,,,,,,,,,,,,,,,,,,,,,,493.838,495.372,y,1.519,,1,5,12,5,1,stimuliTAFCsec/numnym006.wav,,
,,,,,65214d2dcfdbb7ecddc5e567,001,2024-05-24_17h59.00.345,mathesisv2,2024.1.3,MacIntel,57.67012687,,,,,,,,,,,,,,,,,u,,,,,,,,,,,,,,,,,,,,,,,,,,,,,,,,,,,,,,,,,,,,,,,,,,,,,,,,,,,,,,,,,,,,,,,,,,495.372,496.455,u,1.066,,1,6,13,0,1,stimuliTAFCsec/numnym001.wav,,
,,,,,65214d2dcfdbb7ecddc5e567,001,2024-05-24_17h59.00.345,mathesisv2,2024.1.3,MacIntel,57.67012687,,,,,,,,,,,,,,,,,e,,,,,,,,,,,,,,,,,,,,,,,,,,496.456,497.406,space,0.934,,,,,,,,,,,,,,,,,,,,,,,,,,,,,,,,,,497.414,498.807,e,1.381,,0,0,0,0,1,stimuliTAFCfirst/nimnym001.wav,,,,,,,,,,,,,
,,,,,65214d2dcfdbb7ecddc5e567,001,2024-05-24_17h59.00.345,mathesisv2,2024.1.3,MacIntel,57.67012687,,,,,,,,,,,,,,,,,x,,,,,,,,,,,,,,,,,,,,,,,,,,,,,,,,,,,,,,,,,,,,,,,,,,,,,,,,,,,,,,,498.807,499.807,e,0.985,,0,1,1,3,1,stimuliTAFCfirst/nimnym004.wav,,,,,,,,,,,,,
,,,,,65214d2dcfdbb7ecddc5e567,001,2024-05-24_17h59.00.345,mathesisv2,2024.1.3,MacIntel,57.67012687,,,,,,,,,,,,,,,,,y,,,,,,,,,,,,,,,,,,,,,,,,,,,,,,,,,,,,,,,,,,,,,,,,,,,,,,,,,,,,,,,499.808,500.791,y,0.967,,0,2,2,6,1,stimuliTAFCfirst/nimnym007.wav,,,,,,,,,,,,,
,,,,,65214d2dcfdbb7ecddc5e567,001,2024-05-24_17h59.00.345,mathesisv2,2024.1.3,MacIntel,57.67012687,,,,,,,,,,,,,,,,,e,,,,,,,,,,,,,,,,,,,,,,,,,,,,,,,,,,,,,,,,,,,,,,,,,,,,,,,,,,,,,,,500.791,501.807,e,1.006,,0,3,3,1,1,stimuliTAFCfirst/nimnym002.wav,,,,,,,,,,,,,
,,,,,65214d2dcfdbb7ecddc5e567,001,2024-05-24_17h59.00.345,mathesisv2,2024.1.3,MacIntel,57.67012687,,,,,,,,,,,,,,,,,e,,,,,,,,,,,,,,,,,,,,,,,,,,,,,,,,,,,,,,,,,,,,,,,,,,,,,,,,,,,,,,,501.808,503.058,e,1.235,,0,4,4,2,1,stimuliTAFCfirst/nimnym003.wav,,,,,,,,,,,,,
,,,,,65214d2dcfdbb7ecddc5e567,001,2024-05-24_17h59.00.345,mathesisv2,2024.1.3,MacIntel,57.67012687,,,,,,,,,,,,,,,,,y,,,,,,,,,,,,,,,,,,,,,,,,,,,,,,,,,,,,,,,,,,,,,,,,,,,,,,,,,,,,,,,503.059,504.46,y,1.385,,0,5,5,4,1,stimuliTAFCfirst/nimnym005.wav,,,,,,,,,,,,,
,,,,,65214d2dcfdbb7ecddc5e567,001,2024-05-24_17h59.00.345,mathesisv2,2024.1.3,MacIntel,57.67012687,,,,,,,,,,,,,,,,,y,,,,,,,,,,,,,,,,,,,,,,,,,,,,,,,,,,,,,,,,,,,,,,,,,,,,,,,,,,,,,,,504.46,505.526,y,1.05,,0,6,6,5,1,stimuliTAFCfirst/nimnym006.wav,,,,,,,,,,,,,
,,,,,65214d2dcfdbb7ecddc5e567,001,2024-05-24_17h59.00.345,mathesisv2,2024.1.3,MacIntel,57.67012687,,,,,,,,,,,,,,,,,y,,,,,,,,,,,,,,,,,,,,,,,,,,,,,,,,,,,,,,,,,,,,,,,,,,,,,,,,,,,,,,,505.527,506.51,y,0.967,,1,0,7,5,1,stimuliTAFCfirst/nimnym006.wav,,,,,,,,,,,,,
,,,,,65214d2dcfdbb7ecddc5e567,001,2024-05-24_17h59.00.345,mathesisv2,2024.1.3,MacIntel,57.67012687,,,,,,,,,,,,,,,,,y,,,,,,,,,,,,,,,,,,,,,,,,,,,,,,,,,,,,,,,,,,,,,,,,,,,,,,,,,,,,,,,506.511,507.493,y,0.968,,1,1,8,4,1,stimuliTAFCfirst/nimnym005.wav,,,,,,,,,,,,,
,,,,,65214d2dcfdbb7ecddc5e567,001,2024-05-24_17h59.00.345,mathesisv2,2024.1.3,MacIntel,57.67012687,,,,,,,,,,,,,,,,,e,,,,,,,,,,,,,,,,,,,,,,,,,,,,,,,,,,,,,,,,,,,,,,,,,,,,,,,,,,,,,,,507.494,508.845,e,1.334,,1,2,9,2,1,stimuliTAFCfirst/nimnym003.wav,,,,,,,,,,,,,
,,,,,65214d2dcfdbb7ecddc5e567,001,2024-05-24_17h59.00.345,mathesisv2,2024.1.3,MacIntel,57.67012687,,,,,,,,,,,,,,,,,e,,,,,,,,,,,,,,,,,,,,,,,,,,,,,,,,,,,,,,,,,,,,,,,,,,,,,,,,,,,,,,,508.845,509.812,e,0.953,,1,3,10,1,1,stimuliTAFCfirst/nimnym002.wav,,,,,,,,,,,,,
,,,,,65214d2dcfdbb7ecddc5e567,001,2024-05-24_17h59.00.345,mathesisv2,2024.1.3,MacIntel,57.67012687,,,,,,,,,,,,,,,,,x,,,,,,,,,,,,,,,,,,,,,,,,,,,,,,,,,,,,,,,,,,,,,,,,,,,,,,,,,,,,,,,509.813,510.699,e,0.868,,1,4,11,3,1,stimuliTAFCfirst/nimnym004.wav,,,,,,,,,,,,,
,,,,,65214d2dcfdbb7ecddc5e567,001,2024-05-24_17h59.00.345,mathesisv2,2024.1.3,MacIntel,57.67012687,,,,,,,,,,,,,,,,,e,,,,,,,,,,,,,,,,,,,,,,,,,,,,,,,,,,,,,,,,,,,,,,,,,,,,,,,,,,,,,,,510.699,511.764,e,1.047,,1,5,12,0,1,stimuliTAFCfirst/nimnym001.wav,,,,,,,,,,,,,
,,,,,65214d2dcfdbb7ecddc5e567,001,2024-05-24_17h59.00.345,mathesisv2,2024.1.3,MacIntel,57.67012687,,,,,,,,,,,,,,,,,y,,,,,,,,,,,,,,,,,,,,,,,,,,,,,,,,,,,,,,,,,,,,,,,,,,,,,,,,,,,,,,,511.765,512.93,y,1.158,,1,6,13,6,1,stimuliTAFCfirst/nimnym007.wav,,,,,,,,,,,,,
,,,,,65214d2dcfdbb7ecddc5e567,001,2024-05-24_17h59.00.345,mathesisv2,2024.1.3,MacIntel,57.67012687,,,,,,,,,,,,,,,,,x,512.93,514.096,space,1.15,,,,,,,,,,,,,,,,,,,,,,,,,,,,,,,,,,,,,,,,,,,,,,,,,,,,,,,,,,,,,,,,,,,,,,514.104,515.648,u,1.531,,0,0,0,3,1,stimuliTAFCsec/numnym004.wav,,
,,,,,65214d2dcfdbb7ecddc5e567,001,2024-05-24_17h59.00.345,mathesisv2,2024.1.3,MacIntel,57.67012687,,,,,,,,,,,,,,,,,u,,,,,,,,,,,,,,,,,,,,,,,,,,,,,,,,,,,,,,,,,,,,,,,,,,,,,,,,,,,,,,,,,,,,,,,,,,515.649,516.749,u,1.084,,0,1,1,0,1,stimuliTAFCsec/numnym001.wav,,
,,,,,65214d2dcfdbb7ecddc5e567,001,2024-05-24_17h59.00.345,mathesisv2,2024.1.3,MacIntel,57.67012687,,,,,,,,,,,,,,,,,u,,,,,,,,,,,,,,,,,,,,,,,,,,,,,,,,,,,,,,,,,,,,,,,,,,,,,,,,,,,,,,,,,,,,,,,,,,516.749,517.748,u,0.982,,0,2,2,2,1,stimuliTAFCsec/numnym003.wav,,
,,,,,65214d2dcfdbb7ecddc5e567,001,2024-05-24_17h59.00.345,mathesisv2,2024.1.3,MacIntel,57.67012687,,,,,,,,,,,,,,,,,y,,,,,,,,,,,,,,,,,,,,,,,,,,,,,,,,,,,,,,,,,,,,,,,,,,,,,,,,,,,,,,,,,,,,,,,,,,517.748,518.815,y,1.05,,0,3,3,5,1,stimuliTAFCsec/numnym006.wav,,
,,,,,65214d2dcfdbb7ecddc5e567,001,2024-05-24_17h59.00.345,mathesisv2,2024.1.3,MacIntel,57.67012687,,,,,,,,,,,,,,,,,y,,,,,,,,,,,,,,,,,,,,,,,,,,,,,,,,,,,,,,,,,,,,,,,,,,,,,,,,,,,,,,,,,,,,,,,,,,518.816,519.699,y,0.875,,0,4,4,6,1,stimuliTAFCsec/numnym007.wav,,
,,,,,65214d2dcfdbb7ecddc5e567,001,2024-05-24_17h59.00.345,mathesisv2,2024.1.3,MacIntel,57.67012687,,,,,,,,,,,,,,,,,u,,,,,,,,,,,,,,,,,,,,,,,,,,,,,,,,,,,,,,,,,,,,,,,,,,,,,,,,,,,,,,,,,,,,,,,,,,519.7,520.65,u,0.942,,0,5,5,1,1,stimuliTAFCsec/numnym002.wav,,
,,,,,65214d2dcfdbb7ecddc5e567,001,2024-05-24_17h59.00.345,mathesisv2,2024.1.3,MacIntel,57.67012687,,,,,,,,,,,,,,,,,y,,,,,,,,,,,,,,,,,,,,,,,,,,,,,,,,,,,,,,,,,,,,,,,,,,,,,,,,,,,,,,,,,,,,,,,,,,520.651,521.851,u,1.182,,0,6,6,4,1,stimuliTAFCsec/numnym005.wav,,
,,,,,65214d2dcfdbb7ecddc5e567,001,2024-05-24_17h59.00.345,mathesisv2,2024.1.3,MacIntel,57.67012687,,,,,,,,,,,,,,,,,y,,,,,,,,,,,,,,,,,,,,,,,,,,,,,,,,,,,,,,,,,,,,,,,,,,,,,,,,,,,,,,,,,,,,,,,,,,521.851,522.751,y,0.891,,1,0,7,6,1,stimuliTAFCsec/numnym007.wav,,
,,,,,65214d2dcfdbb7ecddc5e567,001,2024-05-24_17h59.00.345,mathesisv2,2024.1.3,MacIntel,57.67012687,,,,,,,,,,,,,,,,,x,,,,,,,,,,,,,,,,,,,,,,,,,,,,,,,,,,,,,,,,,,,,,,,,,,,,,,,,,,,,,,,,,,,,,,,,,,522.751,523.752,u,0.993,,1,1,8,3,1,stimuliTAFCsec/numnym004.wav,,
,,,,,65214d2dcfdbb7ecddc5e567,001,2024-05-24_17h59.00.345,mathesisv2,2024.1.3,MacIntel,57.67012687,,,,,,,,,,,,,,,,,y,,,,,,,,,,,,,,,,,,,,,,,,,,,,,,,,,,,,,,,,,,,,,,,,,,,,,,,,,,,,,,,,,,,,,,,,,,523.752,525.018,y,1.249,,1,2,9,4,1,stimuliTAFCsec/numnym005.wav,,
,,,,,65214d2dcfdbb7ecddc5e567,001,2024-05-24_17h59.00.345,mathesisv2,2024.1.3,MacIntel,57.67012687,,,,,,,,,,,,,,,,,y,,,,,,,,,,,,,,,,,,,,,,,,,,,,,,,,,,,,,,,,,,,,,,,,,,,,,,,,,,,,,,,,,,,,,,,,,,525.019,526.053,y,1.02,,1,3,10,5,1,stimuliTAFCsec/numnym006.wav,,
,,,,,65214d2dcfdbb7ecddc5e567,001,2024-05-24_17h59.00.345,mathesisv2,2024.1.3,MacIntel,57.67012687,,,,,,,,,,,,,,,,,u,,,,,,,,,,,,,,,,,,,,,,,,,,,,,,,,,,,,,,,,,,,,,,,,,,,,,,,,,,,,,,,,,,,,,,,,,,526.053,527.019,u,0.958,,1,4,11,2,1,stimuliTAFCsec/numnym003.wav,,
,,,,,65214d2dcfdbb7ecddc5e567,001,2024-05-24_17h59.00.345,mathesisv2,2024.1.3,MacIntel,57.67012687,,,,,,,,,,,,,,,,,u,,,,,,,,,,,,,,,,,,,,,,,,,,,,,,,,,,,,,,,,,,,,,,,,,,,,,,,,,,,,,,,,,,,,,,,,,,527.019,527.936,u,0.901,,1,5,12,0,1,stimuliTAFCsec/numnym001.wav,,
,,,,,65214d2dcfdbb7ecddc5e567,001,2024-05-24_17h59.00.345,mathesisv2,2024.1.3,MacIntel,57.67012687,,,,,,,,,,,,,,,,,u,,,,,,,,,,,,,,,,,,,,,,,,,,,,,,,,,,,,,,,,,,,,,,,,,,,,,,,,,,,,,,,,,,,,,,,,,,527.937,528.804,u,0.85,,1,6,13,1,1,stimuliTAFCsec/numnym002.wav,,
,,,,,65214d2dcfdbb7ecddc5e567,001,2024-05-24_17h59.00.345,mathesisv2,2024.1.3,MacIntel,57.67012687,,,,,,,,,,,,,,,,,,,,,,,,,,,,,,,,,,,,,,,,,,,528.804,529.554,space,0.735,,,,,,,,,,,,,,,,,,,,,,,,,,,,,,,,,,,,,,,,,,,,,,,,,,,,,,,,529.554,534.557
