﻿start.started,start.stopped,startkey_resp.keys,startkey_resp.rt,startkey_resp.duration,participant,session,date,expName,psychopyVersion,OS,frameRate,attention.started,attention.stopped,key_resp.keys,key_resp.rt,key_resp.duration,stimuliAXBmix.started,stimuliAXBmix.stopped,stimuliAXBkey_resp.keys,stimuliAXBkey_resp.rt,stimuliAXBkey_resp.duration,stimuliAXBtesttrials.thisRepN,stimuliAXBtesttrials.thisTrialN,stimuliAXBtesttrials.thisN,stimuliAXBtesttrials.thisIndex,stimuliAXBtesttrials.ran,stimuliAXBmix,Correct,attentionsecond.started,attentionsecond.stopped,attentionsecondkey_resp.keys,attentionsecondkey_resp.rt,attentionsecondkey_resp.duration,instAXBreal.started,instAXBreal.stopped,instAXBrealkey_resp.keys,instAXBrealkey_resp.rt,instAXBrealkey_resp.duration,stimuliAXBmixfirst.thisRepN,stimuliAXBmixfirst.thisTrialN,stimuliAXBmixfirst.thisN,stimuliAXBmixfirst.thisIndex,stimuliAXBmixfirst.ran,attentionfirst.started,attentionfirst.stopped,attentionfirstkey_resp.keys,attentionfirstkey_resp.rt,attentionfirstkey_resp.duration,stimuliAXbmixsec.thisRepN,stimuliAXbmixsec.thisTrialN,stimuliAXbmixsec.thisN,stimuliAXbmixsec.thisIndex,stimuliAXbmixsec.ran,kaffeepause.started,kaffeepause.stopped,kaffeepausekey_resp.keys,kaffeepausekey_resp.rt,kaffeepausekey_resp.duration,instTAFCtest.started,instTAFCtest.stopped,instTAFCtestkey_resp.keys,instTAFCtestkey_resp.rt,instTAFCtestkey_resp.duration,testTAFCmixfirst.started,testTAFCmixfirst.stopped,testTAFCmixfirstkey_resp.keys,testTAFCmixfirstkey_resp.rt,testTAFCmixfirstkey_resp.duration,testTAFCmixfirsttrials.thisRepN,testTAFCmixfirsttrials.thisTrialN,testTAFCmixfirsttrials.thisN,testTAFCmixfirsttrials.thisIndex,testTAFCmixfirsttrials.ran,testTAFCmixfirst,testTAFCmixsec.started,testTAFCmixsec.stopped,testTAFCmixseckey_resp.keys,testTAFCmixseckey_resp.rt,testTAFCmixseckey_resp.duration,testTAFCmixsectrials.thisRepN,testTAFCmixsectrials.thisTrialN,testTAFCmixsectrials.thisN,testTAFCmixsectrials.thisIndex,testTAFCmixsectrials.ran,testTAFCmixsec,instTAFCreal.started,instTAFCreal.stopped,instTAFCrealkey_resp.keys,instTAFCrealkey_resp.rt,instTAFCrealkey_resp.duration,stimuliTAFCfirst.started,stimuliTAFCfirst.stopped,stimuliTAFCfirstkey_resp.keys,stimuliTAFCfirstkey_resp.rt,stimuliTAFCfirstkey_resp.duration,stimuliTAFCfirsttrials.thisRepN,stimuliTAFCfirsttrials.thisTrialN,stimuliTAFCfirsttrials.thisN,stimuliTAFCfirsttrials.thisIndex,stimuliTAFCfirsttrials.ran,stimuliTAFCfirst,stimuliTAFCsec.started,stimuliTAFCsec.stopped,stimuliTAFCseckey_resp.keys,stimuliTAFCseckey_resp.rt,stimuliTAFCseckey_resp.duration,stimuliTAFCsectrials.thisRepN,stimuliTAFCsectrials.thisTrialN,stimuliTAFCsectrials.thisN,stimuliTAFCsectrials.thisIndex,stimuliTAFCsectrials.ran,stimuliTAFCsec,end.started,end.stopped
0,15.849,space,15.81,,248085,001,2024-06-01_06h04.52.981,mathesisv2,2024.1.3,Win32,60.0240096,,,,,,,,,,,,,,,,,,,,,,,,,,,,,,,,,,,,,,,,,,,,,,,,,,,,,,,,,,,,,,,,,,,,,,,,,,,,,,,,,,,,,,,,,,,,,,,,,,,,,,,
,,,,,248085,001,2024-06-01_06h04.52.981,mathesisv2,2024.1.3,Win32,60.0240096,15.849,33.3,space,17.382,,,,,,,,,,,,,,,,,,,,,,,,,,,,,,,,,,,,,,,,,,,,,,,,,,,,,,,,,,,,,,,,,,,,,,,,,,,,,,,,,,,,,,,,,,,,,,,,,,,
,,,,,248085,001,2024-06-01_06h04.52.981,mathesisv2,2024.1.3,Win32,60.0240096,,,,,,33.328,46.016,l,12.65,,0,0,0,1,1,stimuliAXBmix/iyystimulus.wav,f,,,,,,,,,,,,,,,,,,,,,,,,,,,,,,,,,,,,,,,,,,,,,,,,,,,,,,,,,,,,,,,,,,,,,,,,,,,,,,,,,,,,,,
,,,,,248085,001,2024-06-01_06h04.52.981,mathesisv2,2024.1.3,Win32,60.0240096,,,,,,46.017,56.632,f,10.601,,0,1,1,2,1,stimuliAXBmix/yuustimulus.wav,f,,,,,,,,,,,,,,,,,,,,,,,,,,,,,,,,,,,,,,,,,,,,,,,,,,,,,,,,,,,,,,,,,,,,,,,,,,,,,,,,,,,,,,
,,,,,248085,001,2024-06-01_06h04.52.981,mathesisv2,2024.1.3,Win32,60.0240096,,,,,,56.633,69.1,f,12.454,,0,2,2,0,1,stimuliAXBmix/iiystimulus.wav,l,,,,,,,,,,,,,,,,,,,,,,,,,,,,,,,,,,,,,,,,,,,,,,,,,,,,,,,,,,,,,,,,,,,,,,,,,,,,,,,,,,,,,,
,,,,,248085,001,2024-06-01_06h04.52.981,mathesisv2,2024.1.3,Win32,60.0240096,,,,,,69.106,79.066,f,9.943,,0,3,3,3,1,stimuliAXBmix/yyustimulus.wav,l,,,,,,,,,,,,,,,,,,,,,,,,,,,,,,,,,,,,,,,,,,,,,,,,,,,,,,,,,,,,,,,,,,,,,,,,,,,,,,,,,,,,,,
,,,,,248085,001,2024-06-01_06h04.52.981,mathesisv2,2024.1.3,Win32,60.0240096,,,,,,,,,,,,,,,,,,79.067,83.416,space,4.316,,,,,,,,,,,,,,,,,,,,,,,,,,,,,,,,,,,,,,,,,,,,,,,,,,,,,,,,,,,,,,,,,,,,,,,,,,,,,,,,,,
,,,,,248085,001,2024-06-01_06h04.52.981,mathesisv2,2024.1.3,Win32,60.0240096,,,,,,,,,,,,,,,,,,,,,,,83.416,102.7,space,19.239,,,,,,,,,,,,,,,,,,,,,,,,,,,,,,,,,,,,,,,,,,,,,,,,,,,,,,,,,,,,,,,,,,,,,,,,,,,,,
,,,,,248085,001,2024-06-01_06h04.52.981,mathesisv2,2024.1.3,Win32,60.0240096,,,,,,102.717,112.783,f,10.051,,,,,,,stimuliAXBmix/yyustimulus.wav,l,,,,,,,,,,,0,0,0,3,1,,,,,,,,,,,,,,,,,,,,,,,,,,,,,,,,,,,,,,,,,,,,,,,,,,,,,,,,,,,,,,,,,,,,,,,
,,,,,248085,001,2024-06-01_06h04.52.981,mathesisv2,2024.1.3,Win32,60.0240096,,,,,,112.785,136.05,l,23.249,,,,,,,stimuliAXBmix/iyystimulus.wav,f,,,,,,,,,,,0,1,1,1,1,,,,,,,,,,,,,,,,,,,,,,,,,,,,,,,,,,,,,,,,,,,,,,,,,,,,,,,,,,,,,,,,,,,,,,,
,,,,,248085,001,2024-06-01_06h04.52.981,mathesisv2,2024.1.3,Win32,60.0240096,,,,,,136.054,142.451,l,6.385,,,,,,,stimuliAXBmix/iiystimulus.wav,l,,,,,,,,,,,0,2,2,0,1,,,,,,,,,,,,,,,,,,,,,,,,,,,,,,,,,,,,,,,,,,,,,,,,,,,,,,,,,,,,,,,,,,,,,,,
,,,,,248085,001,2024-06-01_06h04.52.981,mathesisv2,2024.1.3,Win32,60.0240096,,,,,,142.452,145.734,f,3.266,,,,,,,stimuliAXBmix/yuustimulus.wav,f,,,,,,,,,,,0,3,3,2,1,,,,,,,,,,,,,,,,,,,,,,,,,,,,,,,,,,,,,,,,,,,,,,,,,,,,,,,,,,,,,,,,,,,,,,,
,,,,,248085,001,2024-06-01_06h04.52.981,mathesisv2,2024.1.3,Win32,60.0240096,,,,,,145.736,151.967,f,6.216,,,,,,,stimuliAXBmix/iyystimulus.wav,f,,,,,,,,,,,1,0,4,1,1,,,,,,,,,,,,,,,,,,,,,,,,,,,,,,,,,,,,,,,,,,,,,,,,,,,,,,,,,,,,,,,,,,,,,,,
,,,,,248085,001,2024-06-01_06h04.52.981,mathesisv2,2024.1.3,Win32,60.0240096,,,,,,151.969,160.517,f,8.54,,,,,,,stimuliAXBmix/yuustimulus.wav,f,,,,,,,,,,,1,1,5,2,1,,,,,,,,,,,,,,,,,,,,,,,,,,,,,,,,,,,,,,,,,,,,,,,,,,,,,,,,,,,,,,,,,,,,,,,
,,,,,248085,001,2024-06-01_06h04.52.981,mathesisv2,2024.1.3,Win32,60.0240096,,,,,,160.518,183.252,f,22.72,,,,,,,stimuliAXBmix/yyustimulus.wav,l,,,,,,,,,,,1,2,6,3,1,,,,,,,,,,,,,,,,,,,,,,,,,,,,,,,,,,,,,,,,,,,,,,,,,,,,,,,,,,,,,,,,,,,,,,,
,,,,,248085,001,2024-06-01_06h04.52.981,mathesisv2,2024.1.3,Win32,60.0240096,,,,,,183.257,193.534,l,10.268,,,,,,,stimuliAXBmix/iiystimulus.wav,l,,,,,,,,,,,1,3,7,0,1,,,,,,,,,,,,,,,,,,,,,,,,,,,,,,,,,,,,,,,,,,,,,,,,,,,,,,,,,,,,,,,,,,,,,,,
,,,,,248085,001,2024-06-01_06h04.52.981,mathesisv2,2024.1.3,Win32,60.0240096,,,,,,193.535,197.884,f,4.338,,,,,,,stimuliAXBmix/yuustimulus.wav,f,,,,,,,,,,,2,0,8,2,1,,,,,,,,,,,,,,,,,,,,,,,,,,,,,,,,,,,,,,,,,,,,,,,,,,,,,,,,,,,,,,,,,,,,,,,
,,,,,248085,001,2024-06-01_06h04.52.981,mathesisv2,2024.1.3,Win32,60.0240096,,,,,,197.885,203.202,l,5.299,,,,,,,stimuliAXBmix/iiystimulus.wav,l,,,,,,,,,,,2,1,9,0,1,,,,,,,,,,,,,,,,,,,,,,,,,,,,,,,,,,,,,,,,,,,,,,,,,,,,,,,,,,,,,,,,,,,,,,,
,,,,,248085,001,2024-06-01_06h04.52.981,mathesisv2,2024.1.3,Win32,60.0240096,,,,,,203.206,214.751,l,11.532,,,,,,,stimuliAXBmix/yyustimulus.wav,l,,,,,,,,,,,2,2,10,3,1,,,,,,,,,,,,,,,,,,,,,,,,,,,,,,,,,,,,,,,,,,,,,,,,,,,,,,,,,,,,,,,,,,,,,,,
,,,,,248085,001,2024-06-01_06h04.52.981,mathesisv2,2024.1.3,Win32,60.0240096,,,,,,214.753,232.669,f,17.896,,,,,,,stimuliAXBmix/iyystimulus.wav,f,,,,,,,,,,,2,3,11,1,1,,,,,,,,,,,,,,,,,,,,,,,,,,,,,,,,,,,,,,,,,,,,,,,,,,,,,,,,,,,,,,,,,,,,,,,
,,,,,248085,001,2024-06-01_06h04.52.981,mathesisv2,2024.1.3,Win32,60.0240096,,,,,,238.529,245.219,f,6.674,,,,,,,stimuliAXBmix/yyustimulus.wav,l,,,,,,,,,,,,,,,,232.669,238.519,return,5.805,,0,0,0,3,1,,,,,,,,,,,,,,,,,,,,,,,,,,,,,,,,,,,,,,,,,,,,,,,,,,,,,,,,,,,,,
,,,,,248085,001,2024-06-01_06h04.52.981,mathesisv2,2024.1.3,Win32,60.0240096,,,,,,245.22,250.419,f,5.188,,,,,,,stimuliAXBmix/iyystimulus.wav,f,,,,,,,,,,,,,,,,,,,,,0,1,1,1,1,,,,,,,,,,,,,,,,,,,,,,,,,,,,,,,,,,,,,,,,,,,,,,,,,,,,,,,,,,,,,
,,,,,248085,001,2024-06-01_06h04.52.981,mathesisv2,2024.1.3,Win32,60.0240096,,,,,,250.419,260.752,f,10.324,,,,,,,stimuliAXBmix/yuustimulus.wav,f,,,,,,,,,,,,,,,,,,,,,0,2,2,2,1,,,,,,,,,,,,,,,,,,,,,,,,,,,,,,,,,,,,,,,,,,,,,,,,,,,,,,,,,,,,,
,,,,,248085,001,2024-06-01_06h04.52.981,mathesisv2,2024.1.3,Win32,60.0240096,,,,,,260.753,267.068,f,6.3,,,,,,,stimuliAXBmix/iiystimulus.wav,l,,,,,,,,,,,,,,,,,,,,,0,3,3,0,1,,,,,,,,,,,,,,,,,,,,,,,,,,,,,,,,,,,,,,,,,,,,,,,,,,,,,,,,,,,,,
,,,,,248085,001,2024-06-01_06h04.52.981,mathesisv2,2024.1.3,Win32,60.0240096,,,,,,267.069,276.887,f,9.799,,,,,,,stimuliAXBmix/yyustimulus.wav,l,,,,,,,,,,,,,,,,,,,,,1,0,4,3,1,,,,,,,,,,,,,,,,,,,,,,,,,,,,,,,,,,,,,,,,,,,,,,,,,,,,,,,,,,,,,
,,,,,248085,001,2024-06-01_06h04.52.981,mathesisv2,2024.1.3,Win32,60.0240096,,,,,,276.892,293.486,l,16.583,,,,,,,stimuliAXBmix/iiystimulus.wav,l,,,,,,,,,,,,,,,,,,,,,1,1,5,0,1,,,,,,,,,,,,,,,,,,,,,,,,,,,,,,,,,,,,,,,,,,,,,,,,,,,,,,,,,,,,,
,,,,,248085,001,2024-06-01_06h04.52.981,mathesisv2,2024.1.3,Win32,60.0240096,,,,,,293.487,303.82,l,10.32,,,,,,,stimuliAXBmix/iyystimulus.wav,f,,,,,,,,,,,,,,,,,,,,,1,2,6,1,1,,,,,,,,,,,,,,,,,,,,,,,,,,,,,,,,,,,,,,,,,,,,,,,,,,,,,,,,,,,,,
,,,,,248085,001,2024-06-01_06h04.52.981,mathesisv2,2024.1.3,Win32,60.0240096,,,,,,303.823,307.17,f,3.335,,,,,,,stimuliAXBmix/yuustimulus.wav,f,,,,,,,,,,,,,,,,,,,,,1,3,7,2,1,,,,,,,,,,,,,,,,,,,,,,,,,,,,,,,,,,,,,,,,,,,,,,,,,,,,,,,,,,,,,
,,,,,248085,001,2024-06-01_06h04.52.981,mathesisv2,2024.1.3,Win32,60.0240096,,,,,,343.737,351.937,l,8.184,,,,,,,stimuliAXBmix/iiystimulus.wav,l,,,,,,,,,,,0,0,0,0,1,,,,,,,,,,,307.17,343.721,space,36.524,,,,,,,,,,,,,,,,,,,,,,,,,,,,,,,,,,,,,,,,,,,,,,,,,,,,,,,,,
,,,,,248085,001,2024-06-01_06h04.52.981,mathesisv2,2024.1.3,Win32,60.0240096,,,,,,351.939,360.503,f,8.551,,,,,,,stimuliAXBmix/iyystimulus.wav,f,,,,,,,,,,,0,1,1,1,1,,,,,,,,,,,,,,,,,,,,,,,,,,,,,,,,,,,,,,,,,,,,,,,,,,,,,,,,,,,,,,,,,,,,,,,
,,,,,248085,001,2024-06-01_06h04.52.981,mathesisv2,2024.1.3,Win32,60.0240096,,,,,,360.505,373.239,f,12.718,,,,,,,stimuliAXBmix/yuustimulus.wav,f,,,,,,,,,,,0,2,2,2,1,,,,,,,,,,,,,,,,,,,,,,,,,,,,,,,,,,,,,,,,,,,,,,,,,,,,,,,,,,,,,,,,,,,,,,,
,,,,,248085,001,2024-06-01_06h04.52.981,mathesisv2,2024.1.3,Win32,60.0240096,,,,,,373.243,382.254,f,8.999,,,,,,,stimuliAXBmix/yyustimulus.wav,l,,,,,,,,,,,0,3,3,3,1,,,,,,,,,,,,,,,,,,,,,,,,,,,,,,,,,,,,,,,,,,,,,,,,,,,,,,,,,,,,,,,,,,,,,,,
,,,,,248085,001,2024-06-01_06h04.52.981,mathesisv2,2024.1.3,Win32,60.0240096,,,,,,382.256,388.171,l,5.9,,,,,,,stimuliAXBmix/iiystimulus.wav,l,,,,,,,,,,,1,0,4,0,1,,,,,,,,,,,,,,,,,,,,,,,,,,,,,,,,,,,,,,,,,,,,,,,,,,,,,,,,,,,,,,,,,,,,,,,
,,,,,248085,001,2024-06-01_06h04.52.981,mathesisv2,2024.1.3,Win32,60.0240096,,,,,,388.171,394.187,f,6.002,,,,,,,stimuliAXBmix/yuustimulus.wav,f,,,,,,,,,,,1,1,5,2,1,,,,,,,,,,,,,,,,,,,,,,,,,,,,,,,,,,,,,,,,,,,,,,,,,,,,,,,,,,,,,,,,,,,,,,,
,,,,,248085,001,2024-06-01_06h04.52.981,mathesisv2,2024.1.3,Win32,60.0240096,,,,,,394.189,399.604,f,5.407,,,,,,,stimuliAXBmix/iyystimulus.wav,f,,,,,,,,,,,1,2,6,1,1,,,,,,,,,,,,,,,,,,,,,,,,,,,,,,,,,,,,,,,,,,,,,,,,,,,,,,,,,,,,,,,,,,,,,,,
,,,,,248085,001,2024-06-01_06h04.52.981,mathesisv2,2024.1.3,Win32,60.0240096,,,,,,399.605,408.321,f,8.698,,,,,,,stimuliAXBmix/yyustimulus.wav,l,,,,,,,,,,,1,3,7,3,1,,,,,,,,,,,,,,,,,,,,,,,,,,,,,,,,,,,,,,,,,,,,,,,,,,,,,,,,,,,,,,,,,,,,,,,
,,,,,248085,001,2024-06-01_06h04.52.981,mathesisv2,2024.1.3,Win32,60.0240096,,,,,,408.325,421.839,f,13.501,,,,,,,stimuliAXBmix/yyustimulus.wav,l,,,,,,,,,,,2,0,8,3,1,,,,,,,,,,,,,,,,,,,,,,,,,,,,,,,,,,,,,,,,,,,,,,,,,,,,,,,,,,,,,,,,,,,,,,,
,,,,,248085,001,2024-06-01_06h04.52.981,mathesisv2,2024.1.3,Win32,60.0240096,,,,,,421.84,426.656,l,4.795,,,,,,,stimuliAXBmix/iiystimulus.wav,l,,,,,,,,,,,2,1,9,0,1,,,,,,,,,,,,,,,,,,,,,,,,,,,,,,,,,,,,,,,,,,,,,,,,,,,,,,,,,,,,,,,,,,,,,,,
,,,,,248085,001,2024-06-01_06h04.52.981,mathesisv2,2024.1.3,Win32,60.0240096,,,,,,426.657,433.772,f,7.098,,,,,,,stimuliAXBmix/yuustimulus.wav,f,,,,,,,,,,,2,2,10,2,1,,,,,,,,,,,,,,,,,,,,,,,,,,,,,,,,,,,,,,,,,,,,,,,,,,,,,,,,,,,,,,,,,,,,,,,
,,,,,248085,001,2024-06-01_06h04.52.981,mathesisv2,2024.1.3,Win32,60.0240096,,,,,,433.773,437.771,l,3.982,,,,,,,stimuliAXBmix/iyystimulus.wav,f,,,,,,,,,,,2,3,11,1,1,,,,,,,,,,,,,,,,,,,,,,,,,,,,,,,,,,,,,,,,,,,,,,,,,,,,,,,,,,,,,,,,,,,,,,,
,,,,,248085,001,2024-06-01_06h04.52.981,mathesisv2,2024.1.3,Win32,60.0240096,,,,,,440.839,446.139,l,5.283,,,,,,,stimuliAXBmix/iiystimulus.wav,l,,,,,,,,,,,,,,,,437.772,440.822,return,3.015,,0,0,0,0,1,,,,,,,,,,,,,,,,,,,,,,,,,,,,,,,,,,,,,,,,,,,,,,,,,,,,,,,,,,,,,
,,,,,248085,001,2024-06-01_06h04.52.981,mathesisv2,2024.1.3,Win32,60.0240096,,,,,,446.141,450.722,l,4.573,,,,,,,stimuliAXBmix/iyystimulus.wav,f,,,,,,,,,,,,,,,,,,,,,0,1,1,1,1,,,,,,,,,,,,,,,,,,,,,,,,,,,,,,,,,,,,,,,,,,,,,,,,,,,,,,,,,,,,,
,,,,,248085,001,2024-06-01_06h04.52.981,mathesisv2,2024.1.3,Win32,60.0240096,,,,,,450.723,455.188,f,4.45,,,,,,,stimuliAXBmix/yyustimulus.wav,l,,,,,,,,,,,,,,,,,,,,,0,2,2,3,1,,,,,,,,,,,,,,,,,,,,,,,,,,,,,,,,,,,,,,,,,,,,,,,,,,,,,,,,,,,,,
,,,,,248085,001,2024-06-01_06h04.52.981,mathesisv2,2024.1.3,Win32,60.0240096,,,,,,455.189,460.172,f,4.97,,,,,,,stimuliAXBmix/yuustimulus.wav,f,,,,,,,,,,,,,,,,,,,,,0,3,3,2,1,,,,,,,,,,,,,,,,,,,,,,,,,,,,,,,,,,,,,,,,,,,,,,,,,,,,,,,,,,,,,
,,,,,248085,001,2024-06-01_06h04.52.981,mathesisv2,2024.1.3,Win32,60.0240096,,,,,,460.173,463.638,f,3.45,,,,,,,stimuliAXBmix/yuustimulus.wav,f,,,,,,,,,,,,,,,,,,,,,1,0,4,2,1,,,,,,,,,,,,,,,,,,,,,,,,,,,,,,,,,,,,,,,,,,,,,,,,,,,,,,,,,,,,,
,,,,,248085,001,2024-06-01_06h04.52.981,mathesisv2,2024.1.3,Win32,60.0240096,,,,,,463.639,468.756,f,5.1,,,,,,,stimuliAXBmix/yyustimulus.wav,l,,,,,,,,,,,,,,,,,,,,,1,1,5,3,1,,,,,,,,,,,,,,,,,,,,,,,,,,,,,,,,,,,,,,,,,,,,,,,,,,,,,,,,,,,,,
,,,,,248085,001,2024-06-01_06h04.52.981,mathesisv2,2024.1.3,Win32,60.0240096,,,,,,468.758,475.34,l,6.569,,,,,,,stimuliAXBmix/iiystimulus.wav,l,,,,,,,,,,,,,,,,,,,,,1,2,6,0,1,,,,,,,,,,,,,,,,,,,,,,,,,,,,,,,,,,,,,,,,,,,,,,,,,,,,,,,,,,,,,
,,,,,248085,001,2024-06-01_06h04.52.981,mathesisv2,2024.1.3,Win32,60.0240096,,,,,,475.343,478.506,l,3.154,,,,,,,stimuliAXBmix/iyystimulus.wav,f,,,,,,,,,,,,,,,,,,,,,1,3,7,1,1,,,,,,,,,,,,,,,,,,,,,,,,,,,,,,,,,,,,,,,,,,,,,,,,,,,,,,,,,,,,,
,,,,,248085,001,2024-06-01_06h04.52.981,mathesisv2,2024.1.3,Win32,60.0240096,,,,,,543.736,566.507,l,22.726,,,,,,,stimuliAXBmix/iyystimulus.wav,f,,,,,,,,,,,0,0,0,1,1,,,,,,,,,,,478.506,543.708,space,65.172,,,,,,,,,,,,,,,,,,,,,,,,,,,,,,,,,,,,,,,,,,,,,,,,,,,,,,,,,
,,,,,248085,001,2024-06-01_06h04.52.981,mathesisv2,2024.1.3,Win32,60.0240096,,,,,,566.507,573.34,l,6.815,,,,,,,stimuliAXBmix/iiystimulus.wav,l,,,,,,,,,,,0,1,1,0,1,,,,,,,,,,,,,,,,,,,,,,,,,,,,,,,,,,,,,,,,,,,,,,,,,,,,,,,,,,,,,,,,,,,,,,,
,,,,,248085,001,2024-06-01_06h04.52.981,mathesisv2,2024.1.3,Win32,60.0240096,,,,,,573.341,577.241,f,3.883,,,,,,,stimuliAXBmix/yyustimulus.wav,l,,,,,,,,,,,0,2,2,3,1,,,,,,,,,,,,,,,,,,,,,,,,,,,,,,,,,,,,,,,,,,,,,,,,,,,,,,,,,,,,,,,,,,,,,,,
,,,,,248085,001,2024-06-01_06h04.52.981,mathesisv2,2024.1.3,Win32,60.0240096,,,,,,577.246,579.924,f,2.665,,,,,,,stimuliAXBmix/yuustimulus.wav,f,,,,,,,,,,,0,3,3,2,1,,,,,,,,,,,,,,,,,,,,,,,,,,,,,,,,,,,,,,,,,,,,,,,,,,,,,,,,,,,,,,,,,,,,,,,
,,,,,248085,001,2024-06-01_06h04.52.981,mathesisv2,2024.1.3,Win32,60.0240096,,,,,,579.924,583.108,f,3.166,,,,,,,stimuliAXBmix/yuustimulus.wav,f,,,,,,,,,,,1,0,4,2,1,,,,,,,,,,,,,,,,,,,,,,,,,,,,,,,,,,,,,,,,,,,,,,,,,,,,,,,,,,,,,,,,,,,,,,,
,,,,,248085,001,2024-06-01_06h04.52.981,mathesisv2,2024.1.3,Win32,60.0240096,,,,,,583.109,586.941,l,3.816,,,,,,,stimuliAXBmix/iiystimulus.wav,l,,,,,,,,,,,1,1,5,0,1,,,,,,,,,,,,,,,,,,,,,,,,,,,,,,,,,,,,,,,,,,,,,,,,,,,,,,,,,,,,,,,,,,,,,,,
,,,,,248085,001,2024-06-01_06h04.52.981,mathesisv2,2024.1.3,Win32,60.0240096,,,,,,586.941,592.174,l,5.217,,,,,,,stimuliAXBmix/iyystimulus.wav,f,,,,,,,,,,,1,2,6,1,1,,,,,,,,,,,,,,,,,,,,,,,,,,,,,,,,,,,,,,,,,,,,,,,,,,,,,,,,,,,,,,,,,,,,,,,
,,,,,248085,001,2024-06-01_06h04.52.981,mathesisv2,2024.1.3,Win32,60.0240096,,,,,,592.175,595.241,f,3.05,,,,,,,stimuliAXBmix/yyustimulus.wav,l,,,,,,,,,,,1,3,7,3,1,,,,,,,,,,,,,,,,,,,,,,,,,,,,,,,,,,,,,,,,,,,,,,,,,,,,,,,,,,,,,,,,,,,,,,,
,,,,,248085,001,2024-06-01_06h04.52.981,mathesisv2,2024.1.3,Win32,60.0240096,,,,,,595.242,600.674,l,5.415,,,,,,,stimuliAXBmix/iyystimulus.wav,f,,,,,,,,,,,2,0,8,1,1,,,,,,,,,,,,,,,,,,,,,,,,,,,,,,,,,,,,,,,,,,,,,,,,,,,,,,,,,,,,,,,,,,,,,,,
,,,,,248085,001,2024-06-01_06h04.52.981,mathesisv2,2024.1.3,Win32,60.0240096,,,,,,600.675,604.174,l,3.481,,,,,,,stimuliAXBmix/iiystimulus.wav,l,,,,,,,,,,,2,1,9,0,1,,,,,,,,,,,,,,,,,,,,,,,,,,,,,,,,,,,,,,,,,,,,,,,,,,,,,,,,,,,,,,,,,,,,,,,
,,,,,248085,001,2024-06-01_06h04.52.981,mathesisv2,2024.1.3,Win32,60.0240096,,,,,,604.175,606.891,f,2.701,,,,,,,stimuliAXBmix/yuustimulus.wav,f,,,,,,,,,,,2,2,10,2,1,,,,,,,,,,,,,,,,,,,,,,,,,,,,,,,,,,,,,,,,,,,,,,,,,,,,,,,,,,,,,,,,,,,,,,,
,,,,,248085,001,2024-06-01_06h04.52.981,mathesisv2,2024.1.3,Win32,60.0240096,,,,,,606.892,610.475,f,3.569,,,,,,,stimuliAXBmix/yyustimulus.wav,l,,,,,,,,,,,2,3,11,3,1,,,,,,,,,,,,,,,,,,,,,,,,,,,,,,,,,,,,,,,,,,,,,,,,,,,,,,,,,,,,,,,,,,,,,,,
,,,,,248085,001,2024-06-01_06h04.52.981,mathesisv2,2024.1.3,Win32,60.0240096,,,,,,614.221,618.158,l,3.922,,,,,,,stimuliAXBmix/iyystimulus.wav,f,,,,,,,,,,,,,,,,610.476,614.207,return,3.702,,0,0,0,1,1,,,,,,,,,,,,,,,,,,,,,,,,,,,,,,,,,,,,,,,,,,,,,,,,,,,,,,,,,,,,,
,,,,,248085,001,2024-06-01_06h04.52.981,mathesisv2,2024.1.3,Win32,60.0240096,,,,,,618.16,620.924,f,2.749,,,,,,,stimuliAXBmix/yyustimulus.wav,l,,,,,,,,,,,,,,,,,,,,,0,1,1,3,1,,,,,,,,,,,,,,,,,,,,,,,,,,,,,,,,,,,,,,,,,,,,,,,,,,,,,,,,,,,,,
,,,,,248085,001,2024-06-01_06h04.52.981,mathesisv2,2024.1.3,Win32,60.0240096,,,,,,620.925,624.408,l,3.468,,,,,,,stimuliAXBmix/iiystimulus.wav,l,,,,,,,,,,,,,,,,,,,,,0,2,2,0,1,,,,,,,,,,,,,,,,,,,,,,,,,,,,,,,,,,,,,,,,,,,,,,,,,,,,,,,,,,,,,
,,,,,248085,001,2024-06-01_06h04.52.981,mathesisv2,2024.1.3,Win32,60.0240096,,,,,,624.409,626.942,f,2.525,,,,,,,stimuliAXBmix/yuustimulus.wav,f,,,,,,,,,,,,,,,,,,,,,0,3,3,2,1,,,,,,,,,,,,,,,,,,,,,,,,,,,,,,,,,,,,,,,,,,,,,,,,,,,,,,,,,,,,,
,,,,,248085,001,2024-06-01_06h04.52.981,mathesisv2,2024.1.3,Win32,60.0240096,,,,,,626.944,629.674,f,2.713,,,,,,,stimuliAXBmix/yuustimulus.wav,f,,,,,,,,,,,,,,,,,,,,,1,0,4,2,1,,,,,,,,,,,,,,,,,,,,,,,,,,,,,,,,,,,,,,,,,,,,,,,,,,,,,,,,,,,,,
,,,,,248085,001,2024-06-01_06h04.52.981,mathesisv2,2024.1.3,Win32,60.0240096,,,,,,629.676,632.541,l,2.851,,,,,,,stimuliAXBmix/iyystimulus.wav,f,,,,,,,,,,,,,,,,,,,,,1,1,5,1,1,,,,,,,,,,,,,,,,,,,,,,,,,,,,,,,,,,,,,,,,,,,,,,,,,,,,,,,,,,,,,
,,,,,248085,001,2024-06-01_06h04.52.981,mathesisv2,2024.1.3,Win32,60.0240096,,,,,,632.542,635.975,l,3.423,,,,,,,stimuliAXBmix/iiystimulus.wav,l,,,,,,,,,,,,,,,,,,,,,1,2,6,0,1,,,,,,,,,,,,,,,,,,,,,,,,,,,,,,,,,,,,,,,,,,,,,,,,,,,,,,,,,,,,,
,,,,,248085,001,2024-06-01_06h04.52.981,mathesisv2,2024.1.3,Win32,60.0240096,,,,,,635.976,639.224,f,3.234,,,,,,,stimuliAXBmix/yyustimulus.wav,l,,,,,,,,,,,,,,,,,,,,,1,3,7,3,1,,,,,,,,,,,,,,,,,,,,,,,,,,,,,,,,,,,,,,,,,,,,,,,,,,,,,,,,,,,,,
,,,,,248085,001,2024-06-01_06h04.52.981,mathesisv2,2024.1.3,Win32,60.0240096,,,,,,645.094,648.858,f,3.756,,,,,,,stimuliAXBmix/yyustimulus.wav,l,,,,,,,,,,,0,0,0,3,1,,,,,,,,,,,639.225,645.076,space,5.826,,,,,,,,,,,,,,,,,,,,,,,,,,,,,,,,,,,,,,,,,,,,,,,,,,,,,,,,,
,,,,,248085,001,2024-06-01_06h04.52.981,mathesisv2,2024.1.3,Win32,60.0240096,,,,,,648.861,651.425,f,2.549,,,,,,,stimuliAXBmix/yuustimulus.wav,f,,,,,,,,,,,0,1,1,2,1,,,,,,,,,,,,,,,,,,,,,,,,,,,,,,,,,,,,,,,,,,,,,,,,,,,,,,,,,,,,,,,,,,,,,,,
,,,,,248085,001,2024-06-01_06h04.52.981,mathesisv2,2024.1.3,Win32,60.0240096,,,,,,651.426,654.342,l,2.897,,,,,,,stimuliAXBmix/iyystimulus.wav,f,,,,,,,,,,,0,2,2,1,1,,,,,,,,,,,,,,,,,,,,,,,,,,,,,,,,,,,,,,,,,,,,,,,,,,,,,,,,,,,,,,,,,,,,,,,
,,,,,248085,001,2024-06-01_06h04.52.981,mathesisv2,2024.1.3,Win32,60.0240096,,,,,,654.342,660.009,l,5.648,,,,,,,stimuliAXBmix/iiystimulus.wav,l,,,,,,,,,,,0,3,3,0,1,,,,,,,,,,,,,,,,,,,,,,,,,,,,,,,,,,,,,,,,,,,,,,,,,,,,,,,,,,,,,,,,,,,,,,,
,,,,,248085,001,2024-06-01_06h04.52.981,mathesisv2,2024.1.3,Win32,60.0240096,,,,,,660.011,663.159,l,3.131,,,,,,,stimuliAXBmix/iiystimulus.wav,l,,,,,,,,,,,1,0,4,0,1,,,,,,,,,,,,,,,,,,,,,,,,,,,,,,,,,,,,,,,,,,,,,,,,,,,,,,,,,,,,,,,,,,,,,,,
,,,,,248085,001,2024-06-01_06h04.52.981,mathesisv2,2024.1.3,Win32,60.0240096,,,,,,663.16,666.375,f,3.206,,,,,,,stimuliAXBmix/yyustimulus.wav,l,,,,,,,,,,,1,1,5,3,1,,,,,,,,,,,,,,,,,,,,,,,,,,,,,,,,,,,,,,,,,,,,,,,,,,,,,,,,,,,,,,,,,,,,,,,
,,,,,248085,001,2024-06-01_06h04.52.981,mathesisv2,2024.1.3,Win32,60.0240096,,,,,,666.376,669.225,l,2.833,,,,,,,stimuliAXBmix/iyystimulus.wav,f,,,,,,,,,,,1,2,6,1,1,,,,,,,,,,,,,,,,,,,,,,,,,,,,,,,,,,,,,,,,,,,,,,,,,,,,,,,,,,,,,,,,,,,,,,,
,,,,,248085,001,2024-06-01_06h04.52.981,mathesisv2,2024.1.3,Win32,60.0240096,,,,,,669.225,671.992,f,2.752,,,,,,,stimuliAXBmix/yuustimulus.wav,f,,,,,,,,,,,1,3,7,2,1,,,,,,,,,,,,,,,,,,,,,,,,,,,,,,,,,,,,,,,,,,,,,,,,,,,,,,,,,,,,,,,,,,,,,,,
,,,,,248085,001,2024-06-01_06h04.52.981,mathesisv2,2024.1.3,Win32,60.0240096,,,,,,671.993,674.776,f,2.773,,,,,,,stimuliAXBmix/yuustimulus.wav,f,,,,,,,,,,,2,0,8,2,1,,,,,,,,,,,,,,,,,,,,,,,,,,,,,,,,,,,,,,,,,,,,,,,,,,,,,,,,,,,,,,,,,,,,,,,
,,,,,248085,001,2024-06-01_06h04.52.981,mathesisv2,2024.1.3,Win32,60.0240096,,,,,,674.776,679.81,f,5.025,,,,,,,stimuliAXBmix/yyustimulus.wav,l,,,,,,,,,,,2,1,9,3,1,,,,,,,,,,,,,,,,,,,,,,,,,,,,,,,,,,,,,,,,,,,,,,,,,,,,,,,,,,,,,,,,,,,,,,,
,,,,,248085,001,2024-06-01_06h04.52.981,mathesisv2,2024.1.3,Win32,60.0240096,,,,,,679.813,683.126,l,3.296,,,,,,,stimuliAXBmix/iyystimulus.wav,f,,,,,,,,,,,2,2,10,1,1,,,,,,,,,,,,,,,,,,,,,,,,,,,,,,,,,,,,,,,,,,,,,,,,,,,,,,,,,,,,,,,,,,,,,,,
,,,,,248085,001,2024-06-01_06h04.52.981,mathesisv2,2024.1.3,Win32,60.0240096,,,,,,683.127,686.776,l,3.635,,,,,,,stimuliAXBmix/iiystimulus.wav,l,,,,,,,,,,,2,3,11,0,1,,,,,,,,,,,,,,,,,,,,,,,,,,,,,,,,,,,,,,,,,,,,,,,,,,,,,,,,,,,,,,,,,,,,,,,
,,,,,248085,001,2024-06-01_06h04.52.981,mathesisv2,2024.1.3,Win32,60.0240096,,,,,,689.321,692.676,l,3.346,,,,,,,stimuliAXBmix/iiystimulus.wav,l,,,,,,,,,,,,,,,,686.777,689.308,return,2.51,,0,0,0,0,1,,,,,,,,,,,,,,,,,,,,,,,,,,,,,,,,,,,,,,,,,,,,,,,,,,,,,,,,,,,,,
,,,,,248085,001,2024-06-01_06h04.52.981,mathesisv2,2024.1.3,Win32,60.0240096,,,,,,692.676,695.509,l,2.817,,,,,,,stimuliAXBmix/iyystimulus.wav,f,,,,,,,,,,,,,,,,,,,,,0,1,1,1,1,,,,,,,,,,,,,,,,,,,,,,,,,,,,,,,,,,,,,,,,,,,,,,,,,,,,,,,,,,,,,
,,,,,248085,001,2024-06-01_06h04.52.981,mathesisv2,2024.1.3,Win32,60.0240096,,,,,,695.509,698.859,f,3.333,,,,,,,stimuliAXBmix/yyustimulus.wav,l,,,,,,,,,,,,,,,,,,,,,0,2,2,3,1,,,,,,,,,,,,,,,,,,,,,,,,,,,,,,,,,,,,,,,,,,,,,,,,,,,,,,,,,,,,,
,,,,,248085,001,2024-06-01_06h04.52.981,mathesisv2,2024.1.3,Win32,60.0240096,,,,,,698.86,701.692,f,2.822,,,,,,,stimuliAXBmix/yuustimulus.wav,f,,,,,,,,,,,,,,,,,,,,,0,3,3,2,1,,,,,,,,,,,,,,,,,,,,,,,,,,,,,,,,,,,,,,,,,,,,,,,,,,,,,,,,,,,,,
,,,,,248085,001,2024-06-01_06h04.52.981,mathesisv2,2024.1.3,Win32,60.0240096,,,,,,701.693,704.759,l,3.049,,,,,,,stimuliAXBmix/iyystimulus.wav,f,,,,,,,,,,,,,,,,,,,,,1,0,4,1,1,,,,,,,,,,,,,,,,,,,,,,,,,,,,,,,,,,,,,,,,,,,,,,,,,,,,,,,,,,,,,
,,,,,248085,001,2024-06-01_06h04.52.981,mathesisv2,2024.1.3,Win32,60.0240096,,,,,,704.759,716.944,l,12.167,,,,,,,stimuliAXBmix/iiystimulus.wav,l,,,,,,,,,,,,,,,,,,,,,1,1,5,0,1,,,,,,,,,,,,,,,,,,,,,,,,,,,,,,,,,,,,,,,,,,,,,,,,,,,,,,,,,,,,,
,,,,,248085,001,2024-06-01_06h04.52.981,mathesisv2,2024.1.3,Win32,60.0240096,,,,,,716.951,719.76,f,2.791,,,,,,,stimuliAXBmix/yuustimulus.wav,f,,,,,,,,,,,,,,,,,,,,,1,2,6,2,1,,,,,,,,,,,,,,,,,,,,,,,,,,,,,,,,,,,,,,,,,,,,,,,,,,,,,,,,,,,,,
,,,,,248085,001,2024-06-01_06h04.52.981,mathesisv2,2024.1.3,Win32,60.0240096,,,,,,719.761,723.409,f,3.632,,,,,,,stimuliAXBmix/yyustimulus.wav,l,,,,,,,,,,,,,,,,,,,,,1,3,7,3,1,,,,,,,,,,,,,,,,,,,,,,,,,,,,,,,,,,,,,,,,,,,,,,,,,,,,,,,,,,,,,
,,,,,248085,001,2024-06-01_06h04.52.981,mathesisv2,2024.1.3,Win32,60.0240096,,,,,,,,,,,,,,,,,,,,,,,,,,,,,,,,,,,,,,,,,,,723.409,728.093,space,4.664,,728.093,740.393,space,12.258,,,,,,,,,,,,,,,,,,,,,,,,,,,,,,,,,,,,,,,,,,,,,,,,,,,,
,,,,,248085,001,2024-06-01_06h04.52.981,mathesisv2,2024.1.3,Win32,60.0240096,,,,,,,,,,,,,,,,,,,,,,,,,,,,,,,,,,,,,,,,,,,,,,,,,,,,,740.424,749.344,e,8.885,,0,0,0,0,1,testTAFCmixfirst/nimnym001.wav,,,,,,,,,,,,,,,,,,,,,,,,,,,,,,,,,,,,,,,,
,,,,,248085,001,2024-06-01_06h04.52.981,mathesisv2,2024.1.3,Win32,60.0240096,,,,,,,,,,,,,,,,,,,,,,,,,,,,,,,,,,,,,,,,,,,,,,,,,,,,,749.347,754.877,y,5.514,,0,1,1,2,1,testTAFCmixfirst/nimnym006.wav,,,,,,,,,,,,,,,,,,,,,,,,,,,,,,,,,,,,,,,,
,,,,,248085,001,2024-06-01_06h04.52.981,mathesisv2,2024.1.3,Win32,60.0240096,,,,,,,,,,,,,,,,,,,,,,,,,,,,,,,,,,,,,,,,,,,,,,,,,,,,,754.878,758.277,e,3.382,,0,2,2,1,1,testTAFCmixfirst/nimnym002.wav,,,,,,,,,,,,,,,,,,,,,,,,,,,,,,,,,,,,,,,,
,,,,,248085,001,2024-06-01_06h04.52.981,mathesisv2,2024.1.3,Win32,60.0240096,,,,,,,,,,,,,,,,,,,,,,,,,,,,,,,,,,,,,,,,,,,,,,,,,,,,,,,,,,,,,,,,758.299,770.327,u,11.989,,0,0,0,0,1,testTAFCmixsec/numnym001.wav,,,,,,,,,,,,,,,,,,,,,,,,,,,,,
,,,,,248085,001,2024-06-01_06h04.52.981,mathesisv2,2024.1.3,Win32,60.0240096,,,,,,,,,,,,,,,,,,,,,,,,,,,,,,,,,,,,,,,,,,,,,,,,,,,,,,,,,,,,,,,,770.329,776.444,y,6.1,,0,1,1,2,1,testTAFCmixsec/numnym006.wav,,,,,,,,,,,,,,,,,,,,,,,,,,,,,
,,,,,248085,001,2024-06-01_06h04.52.981,mathesisv2,2024.1.3,Win32,60.0240096,,,,,,,,,,,,,,,,,,,,,,,,,,,,,,,,,,,,,,,,,,,,,,,,,,,,,,,,,,,,,,,,776.445,779.994,u,3.534,,0,2,2,1,1,testTAFCmixsec/numnym002.wav,,,,,,,,,,,,,,,,,,,,,,,,,,,,,
,,,,,248085,001,2024-06-01_06h04.52.981,mathesisv2,2024.1.3,Win32,60.0240096,,,,,,,,,,,,,,,,,,,,,,,,,,,,,,,,,,,,,,,,,,,,,,,,,,,,,,,,,,,,,,,,,,,,,,,,,,,779.995,793.911,space,13.859,,,,,,,,,,,,,,,,,,,,,,,,,
,,,,,248085,001,2024-06-01_06h04.52.981,mathesisv2,2024.1.3,Win32,60.0240096,,,,,,,,,,,,,,,,,y,,,,,,,,,,,,,,,,,,,,,,,,,,,,,,,,,,,,,,,,,,,,,,,,,,,,,,,,,,,,,,,793.939,799.913,y,5.941,,0,0,0,5,1,stimuliTAFCfirst/nimnym006.wav,,,,,,,,,,,,,
,,,,,248085,001,2024-06-01_06h04.52.981,mathesisv2,2024.1.3,Win32,60.0240096,,,,,,,,,,,,,,,,,y,,,,,,,,,,,,,,,,,,,,,,,,,,,,,,,,,,,,,,,,,,,,,,,,,,,,,,,,,,,,,,,799.915,801.761,y,1.828,,0,1,1,4,1,stimuliTAFCfirst/nimnym005.wav,,,,,,,,,,,,,
,,,,,248085,001,2024-06-01_06h04.52.981,mathesisv2,2024.1.3,Win32,60.0240096,,,,,,,,,,,,,,,,,e,,,,,,,,,,,,,,,,,,,,,,,,,,,,,,,,,,,,,,,,,,,,,,,,,,,,,,,,,,,,,,,801.763,803.794,e,2.015,,0,2,2,0,1,stimuliTAFCfirst/nimnym001.wav,,,,,,,,,,,,,
,,,,,248085,001,2024-06-01_06h04.52.981,mathesisv2,2024.1.3,Win32,60.0240096,,,,,,,,,,,,,,,,,x,,,,,,,,,,,,,,,,,,,,,,,,,,,,,,,,,,,,,,,,,,,,,,,,,,,,,,,,,,,,,,,803.795,805.194,y,1.383,,0,3,3,3,1,stimuliTAFCfirst/nimnym004.wav,,,,,,,,,,,,,
,,,,,248085,001,2024-06-01_06h04.52.981,mathesisv2,2024.1.3,Win32,60.0240096,,,,,,,,,,,,,,,,,y,,,,,,,,,,,,,,,,,,,,,,,,,,,,,,,,,,,,,,,,,,,,,,,,,,,,,,,,,,,,,,,805.195,806.91,y,1.698,,0,4,4,6,1,stimuliTAFCfirst/nimnym007.wav,,,,,,,,,,,,,
,,,,,248085,001,2024-06-01_06h04.52.981,mathesisv2,2024.1.3,Win32,60.0240096,,,,,,,,,,,,,,,,,e,,,,,,,,,,,,,,,,,,,,,,,,,,,,,,,,,,,,,,,,,,,,,,,,,,,,,,,,,,,,,,,806.911,809.094,e,2.168,,0,5,5,1,1,stimuliTAFCfirst/nimnym002.wav,,,,,,,,,,,,,
,,,,,248085,001,2024-06-01_06h04.52.981,mathesisv2,2024.1.3,Win32,60.0240096,,,,,,,,,,,,,,,,,e,,,,,,,,,,,,,,,,,,,,,,,,,,,,,,,,,,,,,,,,,,,,,,,,,,,,,,,,,,,,,,,809.094,810.627,e,1.515,,0,6,6,2,1,stimuliTAFCfirst/nimnym003.wav,,,,,,,,,,,,,
,,,,,248085,001,2024-06-01_06h04.52.981,mathesisv2,2024.1.3,Win32,60.0240096,,,,,,,,,,,,,,,,,e,,,,,,,,,,,,,,,,,,,,,,,,,,,,,,,,,,,,,,,,,,,,,,,,,,,,,,,,,,,,,,,810.628,812.229,e,1.586,,1,0,7,1,1,stimuliTAFCfirst/nimnym002.wav,,,,,,,,,,,,,
,,,,,248085,001,2024-06-01_06h04.52.981,mathesisv2,2024.1.3,Win32,60.0240096,,,,,,,,,,,,,,,,,x,,,,,,,,,,,,,,,,,,,,,,,,,,,,,,,,,,,,,,,,,,,,,,,,,,,,,,,,,,,,,,,812.233,814.895,y,2.643,,1,1,8,3,1,stimuliTAFCfirst/nimnym004.wav,,,,,,,,,,,,,
,,,,,248085,001,2024-06-01_06h04.52.981,mathesisv2,2024.1.3,Win32,60.0240096,,,,,,,,,,,,,,,,,y,,,,,,,,,,,,,,,,,,,,,,,,,,,,,,,,,,,,,,,,,,,,,,,,,,,,,,,,,,,,,,,814.896,816.661,y,1.75,,1,2,9,6,1,stimuliTAFCfirst/nimnym007.wav,,,,,,,,,,,,,
,,,,,248085,001,2024-06-01_06h04.52.981,mathesisv2,2024.1.3,Win32,60.0240096,,,,,,,,,,,,,,,,,e,,,,,,,,,,,,,,,,,,,,,,,,,,,,,,,,,,,,,,,,,,,,,,,,,,,,,,,,,,,,,,,816.662,818.344,e,1.67,,1,3,10,0,1,stimuliTAFCfirst/nimnym001.wav,,,,,,,,,,,,,
,,,,,248085,001,2024-06-01_06h04.52.981,mathesisv2,2024.1.3,Win32,60.0240096,,,,,,,,,,,,,,,,,e,,,,,,,,,,,,,,,,,,,,,,,,,,,,,,,,,,,,,,,,,,,,,,,,,,,,,,,,,,,,,,,818.346,819.678,y,1.319,,1,4,11,2,1,stimuliTAFCfirst/nimnym003.wav,,,,,,,,,,,,,
,,,,,248085,001,2024-06-01_06h04.52.981,mathesisv2,2024.1.3,Win32,60.0240096,,,,,,,,,,,,,,,,,y,,,,,,,,,,,,,,,,,,,,,,,,,,,,,,,,,,,,,,,,,,,,,,,,,,,,,,,,,,,,,,,819.679,821.128,y,1.441,,1,5,12,5,1,stimuliTAFCfirst/nimnym006.wav,,,,,,,,,,,,,
,,,,,248085,001,2024-06-01_06h04.52.981,mathesisv2,2024.1.3,Win32,60.0240096,,,,,,,,,,,,,,,,,y,,,,,,,,,,,,,,,,,,,,,,,,,,,,,,,,,,,,,,,,,,,,,,,,,,,,,,,,,,,,,,,821.129,822.562,y,1.418,,1,6,13,4,1,stimuliTAFCfirst/nimnym005.wav,,,,,,,,,,,,,
,,,,,248085,001,2024-06-01_06h04.52.981,mathesisv2,2024.1.3,Win32,60.0240096,,,,,,,,,,,,,,,,,y,822.562,826.844,space,4.238,,,,,,,,,,,,,,,,,,,,,,,,,,,,,,,,,,,,,,,,,,,,,,,,,,,,,,,,,,,,,,,,,,,,,,826.869,830.961,y,4.06,,0,0,0,5,1,stimuliTAFCsec/numnym006.wav,,
,,,,,248085,001,2024-06-01_06h04.52.981,mathesisv2,2024.1.3,Win32,60.0240096,,,,,,,,,,,,,,,,,u,,,,,,,,,,,,,,,,,,,,,,,,,,,,,,,,,,,,,,,,,,,,,,,,,,,,,,,,,,,,,,,,,,,,,,,,,,830.962,833.295,u,2.316,,0,1,1,1,1,stimuliTAFCsec/numnym002.wav,,
,,,,,248085,001,2024-06-01_06h04.52.981,mathesisv2,2024.1.3,Win32,60.0240096,,,,,,,,,,,,,,,,,y,,,,,,,,,,,,,,,,,,,,,,,,,,,,,,,,,,,,,,,,,,,,,,,,,,,,,,,,,,,,,,,,,,,,,,,,,,833.296,835.078,y,1.767,,0,2,2,4,1,stimuliTAFCsec/numnym005.wav,,
,,,,,248085,001,2024-06-01_06h04.52.981,mathesisv2,2024.1.3,Win32,60.0240096,,,,,,,,,,,,,,,,,u,,,,,,,,,,,,,,,,,,,,,,,,,,,,,,,,,,,,,,,,,,,,,,,,,,,,,,,,,,,,,,,,,,,,,,,,,,835.079,836.877,u,1.783,,0,3,3,0,1,stimuliTAFCsec/numnym001.wav,,
,,,,,248085,001,2024-06-01_06h04.52.981,mathesisv2,2024.1.3,Win32,60.0240096,,,,,,,,,,,,,,,,,x,,,,,,,,,,,,,,,,,,,,,,,,,,,,,,,,,,,,,,,,,,,,,,,,,,,,,,,,,,,,,,,,,,,,,,,,,,836.88,838.612,u,1.719,,0,4,4,3,1,stimuliTAFCsec/numnym004.wav,,
,,,,,248085,001,2024-06-01_06h04.52.981,mathesisv2,2024.1.3,Win32,60.0240096,,,,,,,,,,,,,,,,,y,,,,,,,,,,,,,,,,,,,,,,,,,,,,,,,,,,,,,,,,,,,,,,,,,,,,,,,,,,,,,,,,,,,,,,,,,,838.612,840.245,y,1.616,,0,5,5,6,1,stimuliTAFCsec/numnym007.wav,,
,,,,,248085,001,2024-06-01_06h04.52.981,mathesisv2,2024.1.3,Win32,60.0240096,,,,,,,,,,,,,,,,,u,,,,,,,,,,,,,,,,,,,,,,,,,,,,,,,,,,,,,,,,,,,,,,,,,,,,,,,,,,,,,,,,,,,,,,,,,,840.245,841.811,u,1.55,,0,6,6,2,1,stimuliTAFCsec/numnym003.wav,,
,,,,,248085,001,2024-06-01_06h04.52.981,mathesisv2,2024.1.3,Win32,60.0240096,,,,,,,,,,,,,,,,,y,,,,,,,,,,,,,,,,,,,,,,,,,,,,,,,,,,,,,,,,,,,,,,,,,,,,,,,,,,,,,,,,,,,,,,,,,,841.813,845.279,y,3.455,,1,0,7,5,1,stimuliTAFCsec/numnym006.wav,,
,,,,,248085,001,2024-06-01_06h04.52.981,mathesisv2,2024.1.3,Win32,60.0240096,,,,,,,,,,,,,,,,,x,,,,,,,,,,,,,,,,,,,,,,,,,,,,,,,,,,,,,,,,,,,,,,,,,,,,,,,,,,,,,,,,,,,,,,,,,,845.285,846.744,u,1.442,,1,1,8,3,1,stimuliTAFCsec/numnym004.wav,,
,,,,,248085,001,2024-06-01_06h04.52.981,mathesisv2,2024.1.3,Win32,60.0240096,,,,,,,,,,,,,,,,,u,,,,,,,,,,,,,,,,,,,,,,,,,,,,,,,,,,,,,,,,,,,,,,,,,,,,,,,,,,,,,,,,,,,,,,,,,,846.745,848.228,u,1.474,,1,2,9,0,1,stimuliTAFCsec/numnym001.wav,,
,,,,,248085,001,2024-06-01_06h04.52.981,mathesisv2,2024.1.3,Win32,60.0240096,,,,,,,,,,,,,,,,,y,,,,,,,,,,,,,,,,,,,,,,,,,,,,,,,,,,,,,,,,,,,,,,,,,,,,,,,,,,,,,,,,,,,,,,,,,,848.229,849.761,y,1.516,,1,3,10,6,1,stimuliTAFCsec/numnym007.wav,,
,,,,,248085,001,2024-06-01_06h04.52.981,mathesisv2,2024.1.3,Win32,60.0240096,,,,,,,,,,,,,,,,,y,,,,,,,,,,,,,,,,,,,,,,,,,,,,,,,,,,,,,,,,,,,,,,,,,,,,,,,,,,,,,,,,,,,,,,,,,,849.762,851.244,y,1.47,,1,4,11,4,1,stimuliTAFCsec/numnym005.wav,,
,,,,,248085,001,2024-06-01_06h04.52.981,mathesisv2,2024.1.3,Win32,60.0240096,,,,,,,,,,,,,,,,,u,,,,,,,,,,,,,,,,,,,,,,,,,,,,,,,,,,,,,,,,,,,,,,,,,,,,,,,,,,,,,,,,,,,,,,,,,,851.246,852.944,u,1.682,,1,5,12,2,1,stimuliTAFCsec/numnym003.wav,,
,,,,,248085,001,2024-06-01_06h04.52.981,mathesisv2,2024.1.3,Win32,60.0240096,,,,,,,,,,,,,,,,,u,,,,,,,,,,,,,,,,,,,,,,,,,,,,,,,,,,,,,,,,,,,,,,,,,,,,,,,,,,,,,,,,,,,,,,,,,,852.945,854.928,u,1.971,,1,6,13,1,1,stimuliTAFCsec/numnym002.wav,,
,,,,,248085,001,2024-06-01_06h04.52.981,mathesisv2,2024.1.3,Win32,60.0240096,,,,,,,,,,,,,,,,,e,,,,,,,,,,,,,,,,,,,,,,,,,,854.928,856.995,space,2.032,,,,,,,,,,,,,,,,,,,,,,,,,,,,,,,,,,857.021,861.028,y,4,,0,0,0,2,1,stimuliTAFCfirst/nimnym003.wav,,,,,,,,,,,,,
,,,,,248085,001,2024-06-01_06h04.52.981,mathesisv2,2024.1.3,Win32,60.0240096,,,,,,,,,,,,,,,,,e,,,,,,,,,,,,,,,,,,,,,,,,,,,,,,,,,,,,,,,,,,,,,,,,,,,,,,,,,,,,,,,861.03,862.395,e,1.353,,0,1,1,1,1,stimuliTAFCfirst/nimnym002.wav,,,,,,,,,,,,,
,,,,,248085,001,2024-06-01_06h04.52.981,mathesisv2,2024.1.3,Win32,60.0240096,,,,,,,,,,,,,,,,,x,,,,,,,,,,,,,,,,,,,,,,,,,,,,,,,,,,,,,,,,,,,,,,,,,,,,,,,,,,,,,,,862.396,863.662,y,1.248,,0,2,2,3,1,stimuliTAFCfirst/nimnym004.wav,,,,,,,,,,,,,
,,,,,248085,001,2024-06-01_06h04.52.981,mathesisv2,2024.1.3,Win32,60.0240096,,,,,,,,,,,,,,,,,y,,,,,,,,,,,,,,,,,,,,,,,,,,,,,,,,,,,,,,,,,,,,,,,,,,,,,,,,,,,,,,,863.662,867.079,y,3.403,,0,3,3,6,1,stimuliTAFCfirst/nimnym007.wav,,,,,,,,,,,,,
,,,,,248085,001,2024-06-01_06h04.52.981,mathesisv2,2024.1.3,Win32,60.0240096,,,,,,,,,,,,,,,,,y,,,,,,,,,,,,,,,,,,,,,,,,,,,,,,,,,,,,,,,,,,,,,,,,,,,,,,,,,,,,,,,867.079,868.412,y,1.319,,0,4,4,4,1,stimuliTAFCfirst/nimnym005.wav,,,,,,,,,,,,,
,,,,,248085,001,2024-06-01_06h04.52.981,mathesisv2,2024.1.3,Win32,60.0240096,,,,,,,,,,,,,,,,,y,,,,,,,,,,,,,,,,,,,,,,,,,,,,,,,,,,,,,,,,,,,,,,,,,,,,,,,,,,,,,,,868.413,869.578,y,1.156,,0,5,5,5,1,stimuliTAFCfirst/nimnym006.wav,,,,,,,,,,,,,
,,,,,248085,001,2024-06-01_06h04.52.981,mathesisv2,2024.1.3,Win32,60.0240096,,,,,,,,,,,,,,,,,e,,,,,,,,,,,,,,,,,,,,,,,,,,,,,,,,,,,,,,,,,,,,,,,,,,,,,,,,,,,,,,,869.579,871.528,e,1.934,,0,6,6,0,1,stimuliTAFCfirst/nimnym001.wav,,,,,,,,,,,,,
,,,,,248085,001,2024-06-01_06h04.52.981,mathesisv2,2024.1.3,Win32,60.0240096,,,,,,,,,,,,,,,,,x,,,,,,,,,,,,,,,,,,,,,,,,,,,,,,,,,,,,,,,,,,,,,,,,,,,,,,,,,,,,,,,871.529,872.862,y,1.32,,1,0,7,3,1,stimuliTAFCfirst/nimnym004.wav,,,,,,,,,,,,,
,,,,,248085,001,2024-06-01_06h04.52.981,mathesisv2,2024.1.3,Win32,60.0240096,,,,,,,,,,,,,,,,,y,,,,,,,,,,,,,,,,,,,,,,,,,,,,,,,,,,,,,,,,,,,,,,,,,,,,,,,,,,,,,,,872.862,874.112,y,1.236,,1,1,8,4,1,stimuliTAFCfirst/nimnym005.wav,,,,,,,,,,,,,
,,,,,248085,001,2024-06-01_06h04.52.981,mathesisv2,2024.1.3,Win32,60.0240096,,,,,,,,,,,,,,,,,y,,,,,,,,,,,,,,,,,,,,,,,,,,,,,,,,,,,,,,,,,,,,,,,,,,,,,,,,,,,,,,,874.112,875.379,y,1.248,,1,2,9,5,1,stimuliTAFCfirst/nimnym006.wav,,,,,,,,,,,,,
,,,,,248085,001,2024-06-01_06h04.52.981,mathesisv2,2024.1.3,Win32,60.0240096,,,,,,,,,,,,,,,,,e,,,,,,,,,,,,,,,,,,,,,,,,,,,,,,,,,,,,,,,,,,,,,,,,,,,,,,,,,,,,,,,875.38,876.946,e,1.552,,1,3,10,2,1,stimuliTAFCfirst/nimnym003.wav,,,,,,,,,,,,,
,,,,,248085,001,2024-06-01_06h04.52.981,mathesisv2,2024.1.3,Win32,60.0240096,,,,,,,,,,,,,,,,,y,,,,,,,,,,,,,,,,,,,,,,,,,,,,,,,,,,,,,,,,,,,,,,,,,,,,,,,,,,,,,,,876.946,878.095,y,1.135,,1,4,11,6,1,stimuliTAFCfirst/nimnym007.wav,,,,,,,,,,,,,
,,,,,248085,001,2024-06-01_06h04.52.981,mathesisv2,2024.1.3,Win32,60.0240096,,,,,,,,,,,,,,,,,e,,,,,,,,,,,,,,,,,,,,,,,,,,,,,,,,,,,,,,,,,,,,,,,,,,,,,,,,,,,,,,,878.095,879.712,e,1.599,,1,5,12,0,1,stimuliTAFCfirst/nimnym001.wav,,,,,,,,,,,,,
,,,,,248085,001,2024-06-01_06h04.52.981,mathesisv2,2024.1.3,Win32,60.0240096,,,,,,,,,,,,,,,,,e,,,,,,,,,,,,,,,,,,,,,,,,,,,,,,,,,,,,,,,,,,,,,,,,,,,,,,,,,,,,,,,879.715,881.145,e,1.414,,1,6,13,1,1,stimuliTAFCfirst/nimnym002.wav,,,,,,,,,,,,,
,,,,,248085,001,2024-06-01_06h04.52.981,mathesisv2,2024.1.3,Win32,60.0240096,,,,,,,,,,,,,,,,,y,881.146,883.346,space,2.183,,,,,,,,,,,,,,,,,,,,,,,,,,,,,,,,,,,,,,,,,,,,,,,,,,,,,,,,,,,,,,,,,,,,,,883.368,885.879,y,2.501,,0,0,0,4,1,stimuliTAFCsec/numnym005.wav,,
,,,,,248085,001,2024-06-01_06h04.52.981,mathesisv2,2024.1.3,Win32,60.0240096,,,,,,,,,,,,,,,,,x,,,,,,,,,,,,,,,,,,,,,,,,,,,,,,,,,,,,,,,,,,,,,,,,,,,,,,,,,,,,,,,,,,,,,,,,,,885.879,887.363,u,1.472,,0,1,1,3,1,stimuliTAFCsec/numnym004.wav,,
,,,,,248085,001,2024-06-01_06h04.52.981,mathesisv2,2024.1.3,Win32,60.0240096,,,,,,,,,,,,,,,,,y,,,,,,,,,,,,,,,,,,,,,,,,,,,,,,,,,,,,,,,,,,,,,,,,,,,,,,,,,,,,,,,,,,,,,,,,,,887.364,889.212,y,1.83,,0,2,2,5,1,stimuliTAFCsec/numnym006.wav,,
,,,,,248085,001,2024-06-01_06h04.52.981,mathesisv2,2024.1.3,Win32,60.0240096,,,,,,,,,,,,,,,,,y,,,,,,,,,,,,,,,,,,,,,,,,,,,,,,,,,,,,,,,,,,,,,,,,,,,,,,,,,,,,,,,,,,,,,,,,,,889.213,890.545,y,1.315,,0,3,3,6,1,stimuliTAFCsec/numnym007.wav,,
,,,,,248085,001,2024-06-01_06h04.52.981,mathesisv2,2024.1.3,Win32,60.0240096,,,,,,,,,,,,,,,,,u,,,,,,,,,,,,,,,,,,,,,,,,,,,,,,,,,,,,,,,,,,,,,,,,,,,,,,,,,,,,,,,,,,,,,,,,,,890.547,892.178,u,1.619,,0,4,4,1,1,stimuliTAFCsec/numnym002.wav,,
,,,,,248085,001,2024-06-01_06h04.52.981,mathesisv2,2024.1.3,Win32,60.0240096,,,,,,,,,,,,,,,,,u,,,,,,,,,,,,,,,,,,,,,,,,,,,,,,,,,,,,,,,,,,,,,,,,,,,,,,,,,,,,,,,,,,,,,,,,,,892.18,893.829,u,1.636,,0,5,5,2,1,stimuliTAFCsec/numnym003.wav,,
,,,,,248085,001,2024-06-01_06h04.52.981,mathesisv2,2024.1.3,Win32,60.0240096,,,,,,,,,,,,,,,,,u,,,,,,,,,,,,,,,,,,,,,,,,,,,,,,,,,,,,,,,,,,,,,,,,,,,,,,,,,,,,,,,,,,,,,,,,,,893.83,895.213,u,1.365,,0,6,6,0,1,stimuliTAFCsec/numnym001.wav,,
,,,,,248085,001,2024-06-01_06h04.52.981,mathesisv2,2024.1.3,Win32,60.0240096,,,,,,,,,,,,,,,,,u,,,,,,,,,,,,,,,,,,,,,,,,,,,,,,,,,,,,,,,,,,,,,,,,,,,,,,,,,,,,,,,,,,,,,,,,,,895.214,904.046,y,8.818,,1,0,7,0,1,stimuliTAFCsec/numnym001.wav,,
,,,,,248085,001,2024-06-01_06h04.52.981,mathesisv2,2024.1.3,Win32,60.0240096,,,,,,,,,,,,,,,,,x,,,,,,,,,,,,,,,,,,,,,,,,,,,,,,,,,,,,,,,,,,,,,,,,,,,,,,,,,,,,,,,,,,,,,,,,,,904.048,907.479,u,3.416,,1,1,8,3,1,stimuliTAFCsec/numnym004.wav,,
,,,,,248085,001,2024-06-01_06h04.52.981,mathesisv2,2024.1.3,Win32,60.0240096,,,,,,,,,,,,,,,,,y,,,,,,,,,,,,,,,,,,,,,,,,,,,,,,,,,,,,,,,,,,,,,,,,,,,,,,,,,,,,,,,,,,,,,,,,,,907.481,909.312,y,1.819,,1,2,9,4,1,stimuliTAFCsec/numnym005.wav,,
,,,,,248085,001,2024-06-01_06h04.52.981,mathesisv2,2024.1.3,Win32,60.0240096,,,,,,,,,,,,,,,,,u,,,,,,,,,,,,,,,,,,,,,,,,,,,,,,,,,,,,,,,,,,,,,,,,,,,,,,,,,,,,,,,,,,,,,,,,,,909.313,911.179,u,1.853,,1,3,10,2,1,stimuliTAFCsec/numnym003.wav,,
,,,,,248085,001,2024-06-01_06h04.52.981,mathesisv2,2024.1.3,Win32,60.0240096,,,,,,,,,,,,,,,,,u,,,,,,,,,,,,,,,,,,,,,,,,,,,,,,,,,,,,,,,,,,,,,,,,,,,,,,,,,,,,,,,,,,,,,,,,,,911.179,914.98,u,3.786,,1,4,11,1,1,stimuliTAFCsec/numnym002.wav,,
,,,,,248085,001,2024-06-01_06h04.52.981,mathesisv2,2024.1.3,Win32,60.0240096,,,,,,,,,,,,,,,,,y,,,,,,,,,,,,,,,,,,,,,,,,,,,,,,,,,,,,,,,,,,,,,,,,,,,,,,,,,,,,,,,,,,,,,,,,,,914.983,926.663,u,11.663,,1,5,12,6,1,stimuliTAFCsec/numnym007.wav,,
,,,,,248085,001,2024-06-01_06h04.52.981,mathesisv2,2024.1.3,Win32,60.0240096,,,,,,,,,,,,,,,,,y,,,,,,,,,,,,,,,,,,,,,,,,,,,,,,,,,,,,,,,,,,,,,,,,,,,,,,,,,,,,,,,,,,,,,,,,,,926.664,929.146,y,2.47,,1,6,13,5,1,stimuliTAFCsec/numnym006.wav,,
,,,,,248085,001,2024-06-01_06h04.52.981,mathesisv2,2024.1.3,Win32,60.0240096,,,,,,,,,,,,,,,,,x,,,,,,,,,,,,,,,,,,,,,,,,,,929.147,996.798,space,67.624,,,,,,,,,,,,,,,,,,,,,,,,,,,,,,,,,,996.811,999.697,y,2.861,,0,0,0,3,1,stimuliTAFCfirst/nimnym004.wav,,,,,,,,,,,,,
,,,,,248085,001,2024-06-01_06h04.52.981,mathesisv2,2024.1.3,Win32,60.0240096,,,,,,,,,,,,,,,,,y,,,,,,,,,,,,,,,,,,,,,,,,,,,,,,,,,,,,,,,,,,,,,,,,,,,,,,,,,,,,,,,999.698,1003.114,y,3.398,,0,1,1,4,1,stimuliTAFCfirst/nimnym005.wav,,,,,,,,,,,,,
,,,,,248085,001,2024-06-01_06h04.52.981,mathesisv2,2024.1.3,Win32,60.0240096,,,,,,,,,,,,,,,,,e,,,,,,,,,,,,,,,,,,,,,,,,,,,,,,,,,,,,,,,,,,,,,,,,,,,,,,,,,,,,,,,1003.114,1005.464,y,2.332,,0,2,2,2,1,stimuliTAFCfirst/nimnym003.wav,,,,,,,,,,,,,
,,,,,248085,001,2024-06-01_06h04.52.981,mathesisv2,2024.1.3,Win32,60.0240096,,,,,,,,,,,,,,,,,y,,,,,,,,,,,,,,,,,,,,,,,,,,,,,,,,,,,,,,,,,,,,,,,,,,,,,,,,,,,,,,,1005.465,1007.148,y,1.668,,0,3,3,5,1,stimuliTAFCfirst/nimnym006.wav,,,,,,,,,,,,,
,,,,,248085,001,2024-06-01_06h04.52.981,mathesisv2,2024.1.3,Win32,60.0240096,,,,,,,,,,,,,,,,,e,,,,,,,,,,,,,,,,,,,,,,,,,,,,,,,,,,,,,,,,,,,,,,,,,,,,,,,,,,,,,,,1007.148,1008.814,e,1.658,,0,4,4,0,1,stimuliTAFCfirst/nimnym001.wav,,,,,,,,,,,,,
,,,,,248085,001,2024-06-01_06h04.52.981,mathesisv2,2024.1.3,Win32,60.0240096,,,,,,,,,,,,,,,,,e,,,,,,,,,,,,,,,,,,,,,,,,,,,,,,,,,,,,,,,,,,,,,,,,,,,,,,,,,,,,,,,1008.814,1010.197,e,1.368,,0,5,5,1,1,stimuliTAFCfirst/nimnym002.wav,,,,,,,,,,,,,
,,,,,248085,001,2024-06-01_06h04.52.981,mathesisv2,2024.1.3,Win32,60.0240096,,,,,,,,,,,,,,,,,y,,,,,,,,,,,,,,,,,,,,,,,,,,,,,,,,,,,,,,,,,,,,,,,,,,,,,,,,,,,,,,,1010.198,1011.33,y,1.111,,0,6,6,6,1,stimuliTAFCfirst/nimnym007.wav,,,,,,,,,,,,,
,,,,,248085,001,2024-06-01_06h04.52.981,mathesisv2,2024.1.3,Win32,60.0240096,,,,,,,,,,,,,,,,,y,,,,,,,,,,,,,,,,,,,,,,,,,,,,,,,,,,,,,,,,,,,,,,,,,,,,,,,,,,,,,,,1011.33,1012.581,y,1.237,,1,0,7,6,1,stimuliTAFCfirst/nimnym007.wav,,,,,,,,,,,,,
,,,,,248085,001,2024-06-01_06h04.52.981,mathesisv2,2024.1.3,Win32,60.0240096,,,,,,,,,,,,,,,,,e,,,,,,,,,,,,,,,,,,,,,,,,,,,,,,,,,,,,,,,,,,,,,,,,,,,,,,,,,,,,,,,1012.581,1013.598,e,1.001,,1,1,8,1,1,stimuliTAFCfirst/nimnym002.wav,,,,,,,,,,,,,
,,,,,248085,001,2024-06-01_06h04.52.981,mathesisv2,2024.1.3,Win32,60.0240096,,,,,,,,,,,,,,,,,e,,,,,,,,,,,,,,,,,,,,,,,,,,,,,,,,,,,,,,,,,,,,,,,,,,,,,,,,,,,,,,,1013.6,1014.914,e,1.299,,1,2,9,2,1,stimuliTAFCfirst/nimnym003.wav,,,,,,,,,,,,,
,,,,,248085,001,2024-06-01_06h04.52.981,mathesisv2,2024.1.3,Win32,60.0240096,,,,,,,,,,,,,,,,,x,,,,,,,,,,,,,,,,,,,,,,,,,,,,,,,,,,,,,,,,,,,,,,,,,,,,,,,,,,,,,,,1014.915,1016.281,y,1.351,,1,3,10,3,1,stimuliTAFCfirst/nimnym004.wav,,,,,,,,,,,,,
,,,,,248085,001,2024-06-01_06h04.52.981,mathesisv2,2024.1.3,Win32,60.0240096,,,,,,,,,,,,,,,,,y,,,,,,,,,,,,,,,,,,,,,,,,,,,,,,,,,,,,,,,,,,,,,,,,,,,,,,,,,,,,,,,1016.281,1017.531,y,1.235,,1,4,11,4,1,stimuliTAFCfirst/nimnym005.wav,,,,,,,,,,,,,
,,,,,248085,001,2024-06-01_06h04.52.981,mathesisv2,2024.1.3,Win32,60.0240096,,,,,,,,,,,,,,,,,e,,,,,,,,,,,,,,,,,,,,,,,,,,,,,,,,,,,,,,,,,,,,,,,,,,,,,,,,,,,,,,,1017.532,1018.547,e,0.998,,1,5,12,0,1,stimuliTAFCfirst/nimnym001.wav,,,,,,,,,,,,,
,,,,,248085,001,2024-06-01_06h04.52.981,mathesisv2,2024.1.3,Win32,60.0240096,,,,,,,,,,,,,,,,,y,,,,,,,,,,,,,,,,,,,,,,,,,,,,,,,,,,,,,,,,,,,,,,,,,,,,,,,,,,,,,,,1018.548,1019.814,y,1.258,,1,6,13,5,1,stimuliTAFCfirst/nimnym006.wav,,,,,,,,,,,,,
,,,,,248085,001,2024-06-01_06h04.52.981,mathesisv2,2024.1.3,Win32,60.0240096,,,,,,,,,,,,,,,,,u,1019.814,1022.664,space,2.836,,,,,,,,,,,,,,,,,,,,,,,,,,,,,,,,,,,,,,,,,,,,,,,,,,,,,,,,,,,,,,,,,,,,,,1022.673,1026.697,u,4.007,,0,0,0,2,1,stimuliTAFCsec/numnym003.wav,,
,,,,,248085,001,2024-06-01_06h04.52.981,mathesisv2,2024.1.3,Win32,60.0240096,,,,,,,,,,,,,,,,,x,,,,,,,,,,,,,,,,,,,,,,,,,,,,,,,,,,,,,,,,,,,,,,,,,,,,,,,,,,,,,,,,,,,,,,,,,,1026.697,1027.797,u,1.091,,0,1,1,3,1,stimuliTAFCsec/numnym004.wav,,
,,,,,248085,001,2024-06-01_06h04.52.981,mathesisv2,2024.1.3,Win32,60.0240096,,,,,,,,,,,,,,,,,u,,,,,,,,,,,,,,,,,,,,,,,,,,,,,,,,,,,,,,,,,,,,,,,,,,,,,,,,,,,,,,,,,,,,,,,,,,1027.798,1029.164,u,1.351,,0,2,2,0,1,stimuliTAFCsec/numnym001.wav,,
,,,,,248085,001,2024-06-01_06h04.52.981,mathesisv2,2024.1.3,Win32,60.0240096,,,,,,,,,,,,,,,,,y,,,,,,,,,,,,,,,,,,,,,,,,,,,,,,,,,,,,,,,,,,,,,,,,,,,,,,,,,,,,,,,,,,,,,,,,,,1029.165,1030.364,y,1.183,,0,3,3,5,1,stimuliTAFCsec/numnym006.wav,,
,,,,,248085,001,2024-06-01_06h04.52.981,mathesisv2,2024.1.3,Win32,60.0240096,,,,,,,,,,,,,,,,,y,,,,,,,,,,,,,,,,,,,,,,,,,,,,,,,,,,,,,,,,,,,,,,,,,,,,,,,,,,,,,,,,,,,,,,,,,,1030.364,1031.581,y,1.203,,0,4,4,6,1,stimuliTAFCsec/numnym007.wav,,
,,,,,248085,001,2024-06-01_06h04.52.981,mathesisv2,2024.1.3,Win32,60.0240096,,,,,,,,,,,,,,,,,y,,,,,,,,,,,,,,,,,,,,,,,,,,,,,,,,,,,,,,,,,,,,,,,,,,,,,,,,,,,,,,,,,,,,,,,,,,1031.582,1032.581,y,0.989,,0,5,5,4,1,stimuliTAFCsec/numnym005.wav,,
,,,,,248085,001,2024-06-01_06h04.52.981,mathesisv2,2024.1.3,Win32,60.0240096,,,,,,,,,,,,,,,,,u,,,,,,,,,,,,,,,,,,,,,,,,,,,,,,,,,,,,,,,,,,,,,,,,,,,,,,,,,,,,,,,,,,,,,,,,,,1032.581,1033.914,u,1.32,,0,6,6,1,1,stimuliTAFCsec/numnym002.wav,,
,,,,,248085,001,2024-06-01_06h04.52.981,mathesisv2,2024.1.3,Win32,60.0240096,,,,,,,,,,,,,,,,,u,,,,,,,,,,,,,,,,,,,,,,,,,,,,,,,,,,,,,,,,,,,,,,,,,,,,,,,,,,,,,,,,,,,,,,,,,,1033.915,1035.082,u,1.154,,1,0,7,2,1,stimuliTAFCsec/numnym003.wav,,
,,,,,248085,001,2024-06-01_06h04.52.981,mathesisv2,2024.1.3,Win32,60.0240096,,,,,,,,,,,,,,,,,x,,,,,,,,,,,,,,,,,,,,,,,,,,,,,,,,,,,,,,,,,,,,,,,,,,,,,,,,,,,,,,,,,,,,,,,,,,1035.082,1036.348,u,1.254,,1,1,8,3,1,stimuliTAFCsec/numnym004.wav,,
,,,,,248085,001,2024-06-01_06h04.52.981,mathesisv2,2024.1.3,Win32,60.0240096,,,,,,,,,,,,,,,,,u,,,,,,,,,,,,,,,,,,,,,,,,,,,,,,,,,,,,,,,,,,,,,,,,,,,,,,,,,,,,,,,,,,,,,,,,,,1036.348,1037.948,u,1.583,,1,2,9,0,1,stimuliTAFCsec/numnym001.wav,,
,,,,,248085,001,2024-06-01_06h04.52.981,mathesisv2,2024.1.3,Win32,60.0240096,,,,,,,,,,,,,,,,,y,,,,,,,,,,,,,,,,,,,,,,,,,,,,,,,,,,,,,,,,,,,,,,,,,,,,,,,,,,,,,,,,,,,,,,,,,,1037.948,1039.532,y,1.569,,1,3,10,5,1,stimuliTAFCsec/numnym006.wav,,
,,,,,248085,001,2024-06-01_06h04.52.981,mathesisv2,2024.1.3,Win32,60.0240096,,,,,,,,,,,,,,,,,y,,,,,,,,,,,,,,,,,,,,,,,,,,,,,,,,,,,,,,,,,,,,,,,,,,,,,,,,,,,,,,,,,,,,,,,,,,1039.533,1040.648,y,1.097,,1,4,11,6,1,stimuliTAFCsec/numnym007.wav,,
,,,,,248085,001,2024-06-01_06h04.52.981,mathesisv2,2024.1.3,Win32,60.0240096,,,,,,,,,,,,,,,,,y,,,,,,,,,,,,,,,,,,,,,,,,,,,,,,,,,,,,,,,,,,,,,,,,,,,,,,,,,,,,,,,,,,,,,,,,,,1040.649,1041.715,y,1.048,,1,5,12,4,1,stimuliTAFCsec/numnym005.wav,,
,,,,,248085,001,2024-06-01_06h04.52.981,mathesisv2,2024.1.3,Win32,60.0240096,,,,,,,,,,,,,,,,,u,,,,,,,,,,,,,,,,,,,,,,,,,,,,,,,,,,,,,,,,,,,,,,,,,,,,,,,,,,,,,,,,,,,,,,,,,,1041.715,1043.181,u,1.448,,1,6,13,1,1,stimuliTAFCsec/numnym002.wav,,
,,,,,248085,001,2024-06-01_06h04.52.981,mathesisv2,2024.1.3,Win32,60.0240096,,,,,,,,,,,,,,,,,x,,,,,,,,,,,,,,,,,,,,,,,,,,1043.181,1044.747,space,1.547,,,,,,,,,,,,,,,,,,,,,,,,,,,,,,,,,,1044.757,1047.648,y,2.875,,0,0,0,3,1,stimuliTAFCfirst/nimnym004.wav,,,,,,,,,,,,,
,,,,,248085,001,2024-06-01_06h04.52.981,mathesisv2,2024.1.3,Win32,60.0240096,,,,,,,,,,,,,,,,,e,,,,,,,,,,,,,,,,,,,,,,,,,,,,,,,,,,,,,,,,,,,,,,,,,,,,,,,,,,,,,,,1047.651,1048.948,e,1.291,,0,1,1,0,1,stimuliTAFCfirst/nimnym001.wav,,,,,,,,,,,,,
,,,,,248085,001,2024-06-01_06h04.52.981,mathesisv2,2024.1.3,Win32,60.0240096,,,,,,,,,,,,,,,,,y,,,,,,,,,,,,,,,,,,,,,,,,,,,,,,,,,,,,,,,,,,,,,,,,,,,,,,,,,,,,,,,1048.949,1050.098,y,1.139,,0,2,2,4,1,stimuliTAFCfirst/nimnym005.wav,,,,,,,,,,,,,
,,,,,248085,001,2024-06-01_06h04.52.981,mathesisv2,2024.1.3,Win32,60.0240096,,,,,,,,,,,,,,,,,y,,,,,,,,,,,,,,,,,,,,,,,,,,,,,,,,,,,,,,,,,,,,,,,,,,,,,,,,,,,,,,,1050.099,1051.198,y,1.084,,0,3,3,6,1,stimuliTAFCfirst/nimnym007.wav,,,,,,,,,,,,,
,,,,,248085,001,2024-06-01_06h04.52.981,mathesisv2,2024.1.3,Win32,60.0240096,,,,,,,,,,,,,,,,,y,,,,,,,,,,,,,,,,,,,,,,,,,,,,,,,,,,,,,,,,,,,,,,,,,,,,,,,,,,,,,,,1051.199,1052.315,y,1.097,,0,4,4,5,1,stimuliTAFCfirst/nimnym006.wav,,,,,,,,,,,,,
,,,,,248085,001,2024-06-01_06h04.52.981,mathesisv2,2024.1.3,Win32,60.0240096,,,,,,,,,,,,,,,,,e,,,,,,,,,,,,,,,,,,,,,,,,,,,,,,,,,,,,,,,,,,,,,,,,,,,,,,,,,,,,,,,1052.315,1053.564,e,1.234,,0,5,5,1,1,stimuliTAFCfirst/nimnym002.wav,,,,,,,,,,,,,
,,,,,248085,001,2024-06-01_06h04.52.981,mathesisv2,2024.1.3,Win32,60.0240096,,,,,,,,,,,,,,,,,e,,,,,,,,,,,,,,,,,,,,,,,,,,,,,,,,,,,,,,,,,,,,,,,,,,,,,,,,,,,,,,,1053.565,1054.898,e,1.32,,0,6,6,2,1,stimuliTAFCfirst/nimnym003.wav,,,,,,,,,,,,,
,,,,,248085,001,2024-06-01_06h04.52.981,mathesisv2,2024.1.3,Win32,60.0240096,,,,,,,,,,,,,,,,,e,,,,,,,,,,,,,,,,,,,,,,,,,,,,,,,,,,,,,,,,,,,,,,,,,,,,,,,,,,,,,,,1054.899,1056.498,e,1.588,,1,0,7,2,1,stimuliTAFCfirst/nimnym003.wav,,,,,,,,,,,,,
,,,,,248085,001,2024-06-01_06h04.52.981,mathesisv2,2024.1.3,Win32,60.0240096,,,,,,,,,,,,,,,,,x,,,,,,,,,,,,,,,,,,,,,,,,,,,,,,,,,,,,,,,,,,,,,,,,,,,,,,,,,,,,,,,1056.499,1058.765,e,2.248,,1,1,8,3,1,stimuliTAFCfirst/nimnym004.wav,,,,,,,,,,,,,
,,,,,248085,001,2024-06-01_06h04.52.981,mathesisv2,2024.1.3,Win32,60.0240096,,,,,,,,,,,,,,,,,e,,,,,,,,,,,,,,,,,,,,,,,,,,,,,,,,,,,,,,,,,,,,,,,,,,,,,,,,,,,,,,,1058.766,1060.482,e,1.697,,1,2,9,0,1,stimuliTAFCfirst/nimnym001.wav,,,,,,,,,,,,,
,,,,,248085,001,2024-06-01_06h04.52.981,mathesisv2,2024.1.3,Win32,60.0240096,,,,,,,,,,,,,,,,,y,,,,,,,,,,,,,,,,,,,,,,,,,,,,,,,,,,,,,,,,,,,,,,,,,,,,,,,,,,,,,,,1060.483,1061.847,y,1.357,,1,3,10,6,1,stimuliTAFCfirst/nimnym007.wav,,,,,,,,,,,,,
,,,,,248085,001,2024-06-01_06h04.52.981,mathesisv2,2024.1.3,Win32,60.0240096,,,,,,,,,,,,,,,,,y,,,,,,,,,,,,,,,,,,,,,,,,,,,,,,,,,,,,,,,,,,,,,,,,,,,,,,,,,,,,,,,1061.847,1063.014,y,1.153,,1,4,11,5,1,stimuliTAFCfirst/nimnym006.wav,,,,,,,,,,,,,
,,,,,248085,001,2024-06-01_06h04.52.981,mathesisv2,2024.1.3,Win32,60.0240096,,,,,,,,,,,,,,,,,e,,,,,,,,,,,,,,,,,,,,,,,,,,,,,,,,,,,,,,,,,,,,,,,,,,,,,,,,,,,,,,,1063.016,1064.281,e,1.25,,1,5,12,1,1,stimuliTAFCfirst/nimnym002.wav,,,,,,,,,,,,,
,,,,,248085,001,2024-06-01_06h04.52.981,mathesisv2,2024.1.3,Win32,60.0240096,,,,,,,,,,,,,,,,,y,,,,,,,,,,,,,,,,,,,,,,,,,,,,,,,,,,,,,,,,,,,,,,,,,,,,,,,,,,,,,,,1064.281,1065.565,y,1.276,,1,6,13,4,1,stimuliTAFCfirst/nimnym005.wav,,,,,,,,,,,,,
,,,,,248085,001,2024-06-01_06h04.52.981,mathesisv2,2024.1.3,Win32,60.0240096,,,,,,,,,,,,,,,,,y,1065.565,1068.449,space,2.87,,,,,,,,,,,,,,,,,,,,,,,,,,,,,,,,,,,,,,,,,,,,,,,,,,,,,,,,,,,,,,,,,,,,,,1068.468,1071.548,y,3.064,,0,0,0,6,1,stimuliTAFCsec/numnym007.wav,,
,,,,,248085,001,2024-06-01_06h04.52.981,mathesisv2,2024.1.3,Win32,60.0240096,,,,,,,,,,,,,,,,,y,,,,,,,,,,,,,,,,,,,,,,,,,,,,,,,,,,,,,,,,,,,,,,,,,,,,,,,,,,,,,,,,,,,,,,,,,,1071.549,1073.048,y,1.481,,0,1,1,4,1,stimuliTAFCsec/numnym005.wav,,
,,,,,248085,001,2024-06-01_06h04.52.981,mathesisv2,2024.1.3,Win32,60.0240096,,,,,,,,,,,,,,,,,u,,,,,,,,,,,,,,,,,,,,,,,,,,,,,,,,,,,,,,,,,,,,,,,,,,,,,,,,,,,,,,,,,,,,,,,,,,1073.049,1074.148,u,1.09,,0,2,2,0,1,stimuliTAFCsec/numnym001.wav,,
,,,,,248085,001,2024-06-01_06h04.52.981,mathesisv2,2024.1.3,Win32,60.0240096,,,,,,,,,,,,,,,,,u,,,,,,,,,,,,,,,,,,,,,,,,,,,,,,,,,,,,,,,,,,,,,,,,,,,,,,,,,,,,,,,,,,,,,,,,,,1074.149,1075.182,u,1.016,,0,3,3,2,1,stimuliTAFCsec/numnym003.wav,,
,,,,,248085,001,2024-06-01_06h04.52.981,mathesisv2,2024.1.3,Win32,60.0240096,,,,,,,,,,,,,,,,,x,,,,,,,,,,,,,,,,,,,,,,,,,,,,,,,,,,,,,,,,,,,,,,,,,,,,,,,,,,,,,,,,,,,,,,,,,,1075.182,1076.265,u,1.069,,0,4,4,3,1,stimuliTAFCsec/numnym004.wav,,
,,,,,248085,001,2024-06-01_06h04.52.981,mathesisv2,2024.1.3,Win32,60.0240096,,,,,,,,,,,,,,,,,y,,,,,,,,,,,,,,,,,,,,,,,,,,,,,,,,,,,,,,,,,,,,,,,,,,,,,,,,,,,,,,,,,,,,,,,,,,1076.266,1077.482,y,1.205,,0,5,5,5,1,stimuliTAFCsec/numnym006.wav,,
,,,,,248085,001,2024-06-01_06h04.52.981,mathesisv2,2024.1.3,Win32,60.0240096,,,,,,,,,,,,,,,,,u,,,,,,,,,,,,,,,,,,,,,,,,,,,,,,,,,,,,,,,,,,,,,,,,,,,,,,,,,,,,,,,,,,,,,,,,,,1077.482,1079.231,u,1.731,,0,6,6,1,1,stimuliTAFCsec/numnym002.wav,,
,,,,,248085,001,2024-06-01_06h04.52.981,mathesisv2,2024.1.3,Win32,60.0240096,,,,,,,,,,,,,,,,,y,,,,,,,,,,,,,,,,,,,,,,,,,,,,,,,,,,,,,,,,,,,,,,,,,,,,,,,,,,,,,,,,,,,,,,,,,,1079.231,1081.048,y,1.801,,1,0,7,4,1,stimuliTAFCsec/numnym005.wav,,
,,,,,248085,001,2024-06-01_06h04.52.981,mathesisv2,2024.1.3,Win32,60.0240096,,,,,,,,,,,,,,,,,u,,,,,,,,,,,,,,,,,,,,,,,,,,,,,,,,,,,,,,,,,,,,,,,,,,,,,,,,,,,,,,,,,,,,,,,,,,1081.05,1082.048,u,0.984,,1,1,8,1,1,stimuliTAFCsec/numnym002.wav,,
,,,,,248085,001,2024-06-01_06h04.52.981,mathesisv2,2024.1.3,Win32,60.0240096,,,,,,,,,,,,,,,,,u,,,,,,,,,,,,,,,,,,,,,,,,,,,,,,,,,,,,,,,,,,,,,,,,,,,,,,,,,,,,,,,,,,,,,,,,,,1082.049,1083.298,u,1.234,,1,2,9,2,1,stimuliTAFCsec/numnym003.wav,,
,,,,,248085,001,2024-06-01_06h04.52.981,mathesisv2,2024.1.3,Win32,60.0240096,,,,,,,,,,,,,,,,,x,,,,,,,,,,,,,,,,,,,,,,,,,,,,,,,,,,,,,,,,,,,,,,,,,,,,,,,,,,,,,,,,,,,,,,,,,,1083.3,1084.882,u,1.564,,1,3,10,3,1,stimuliTAFCsec/numnym004.wav,,
,,,,,248085,001,2024-06-01_06h04.52.981,mathesisv2,2024.1.3,Win32,60.0240096,,,,,,,,,,,,,,,,,u,,,,,,,,,,,,,,,,,,,,,,,,,,,,,,,,,,,,,,,,,,,,,,,,,,,,,,,,,,,,,,,,,,,,,,,,,,1084.883,1086.215,u,1.316,,1,4,11,0,1,stimuliTAFCsec/numnym001.wav,,
,,,,,248085,001,2024-06-01_06h04.52.981,mathesisv2,2024.1.3,Win32,60.0240096,,,,,,,,,,,,,,,,,y,,,,,,,,,,,,,,,,,,,,,,,,,,,,,,,,,,,,,,,,,,,,,,,,,,,,,,,,,,,,,,,,,,,,,,,,,,1086.216,1087.499,y,1.267,,1,5,12,6,1,stimuliTAFCsec/numnym007.wav,,
,,,,,248085,001,2024-06-01_06h04.52.981,mathesisv2,2024.1.3,Win32,60.0240096,,,,,,,,,,,,,,,,,y,,,,,,,,,,,,,,,,,,,,,,,,,,,,,,,,,,,,,,,,,,,,,,,,,,,,,,,,,,,,,,,,,,,,,,,,,,1087.499,1088.765,y,1.249,,1,6,13,5,1,stimuliTAFCsec/numnym006.wav,,
,,,,,248085,001,2024-06-01_06h04.52.981,mathesisv2,2024.1.3,Win32,60.0240096,,,,,,,,,,,,,,,,,,,,,,,,,,,,,,,,,,,,,,,,,,,1088.765,1090.231,space,1.456,,,,,,,,,,,,,,,,,,,,,,,,,,,,,,,,,,,,,,,,,,,,,,,,,,,,,,,,1090.231,1095.233
