﻿start.started,start.stopped,startkey_resp.keys,startkey_resp.rt,startkey_resp.duration,participant,session,date,expName,psychopyVersion,OS,frameRate,attention.started,attention.stopped,key_resp.keys,key_resp.rt,key_resp.duration,stimuliAXBmix.started,stimuliAXBmix.stopped,stimuliAXBkey_resp.keys,stimuliAXBkey_resp.rt,stimuliAXBkey_resp.duration,stimuliAXBtesttrials.thisRepN,stimuliAXBtesttrials.thisTrialN,stimuliAXBtesttrials.thisN,stimuliAXBtesttrials.thisIndex,stimuliAXBtesttrials.ran,stimuliAXBmix,Correct,attentionsecond.started,attentionsecond.stopped,attentionsecondkey_resp.keys,attentionsecondkey_resp.rt,attentionsecondkey_resp.duration,instAXBreal.started,instAXBreal.stopped,instAXBrealkey_resp.keys,instAXBrealkey_resp.rt,instAXBrealkey_resp.duration,stimuliAXBmixfirst.thisRepN,stimuliAXBmixfirst.thisTrialN,stimuliAXBmixfirst.thisN,stimuliAXBmixfirst.thisIndex,stimuliAXBmixfirst.ran,attentionfirst.started,attentionfirst.stopped,attentionfirstkey_resp.keys,attentionfirstkey_resp.rt,attentionfirstkey_resp.duration,stimuliAXbmixsec.thisRepN,stimuliAXbmixsec.thisTrialN,stimuliAXbmixsec.thisN,stimuliAXbmixsec.thisIndex,stimuliAXbmixsec.ran,kaffeepause.started,kaffeepause.stopped,kaffeepausekey_resp.keys,kaffeepausekey_resp.rt,kaffeepausekey_resp.duration,instTAFCtest.started,instTAFCtest.stopped,instTAFCtestkey_resp.keys,instTAFCtestkey_resp.rt,instTAFCtestkey_resp.duration,testTAFCmixfirst.started,testTAFCmixfirst.stopped,testTAFCmixfirstkey_resp.keys,testTAFCmixfirstkey_resp.rt,testTAFCmixfirstkey_resp.duration,testTAFCmixfirsttrials.thisRepN,testTAFCmixfirsttrials.thisTrialN,testTAFCmixfirsttrials.thisN,testTAFCmixfirsttrials.thisIndex,testTAFCmixfirsttrials.ran,testTAFCmixfirst,testTAFCmixsec.started,testTAFCmixsec.stopped,testTAFCmixseckey_resp.keys,testTAFCmixseckey_resp.rt,testTAFCmixseckey_resp.duration,testTAFCmixsectrials.thisRepN,testTAFCmixsectrials.thisTrialN,testTAFCmixsectrials.thisN,testTAFCmixsectrials.thisIndex,testTAFCmixsectrials.ran,testTAFCmixsec,instTAFCreal.started,instTAFCreal.stopped,instTAFCrealkey_resp.keys,instTAFCrealkey_resp.rt,instTAFCrealkey_resp.duration,stimuliTAFCfirst.started,stimuliTAFCfirst.stopped,stimuliTAFCfirstkey_resp.keys,stimuliTAFCfirstkey_resp.rt,stimuliTAFCfirstkey_resp.duration,stimuliTAFCfirsttrials.thisRepN,stimuliTAFCfirsttrials.thisTrialN,stimuliTAFCfirsttrials.thisN,stimuliTAFCfirsttrials.thisIndex,stimuliTAFCfirsttrials.ran,stimuliTAFCfirst,stimuliTAFCsec.started,stimuliTAFCsec.stopped,stimuliTAFCseckey_resp.keys,stimuliTAFCseckey_resp.rt,stimuliTAFCseckey_resp.duration,stimuliTAFCsectrials.thisRepN,stimuliTAFCsectrials.thisTrialN,stimuliTAFCsectrials.thisN,stimuliTAFCsectrials.thisIndex,stimuliTAFCsectrials.ran,stimuliTAFCsec,end.started,end.stopped
0,2.128,space,2.041,,37,001,2024-05-31_11h26.23.058,mathesisv2,2024.1.3,MacIntel,58.82352941,,,,,,,,,,,,,,,,,,,,,,,,,,,,,,,,,,,,,,,,,,,,,,,,,,,,,,,,,,,,,,,,,,,,,,,,,,,,,,,,,,,,,,,,,,,,,,,,,,,,,,,
,,,,,37,001,2024-05-31_11h26.23.058,mathesisv2,2024.1.3,MacIntel,58.82352941,2.128,8.946,space,6.747,,,,,,,,,,,,,,,,,,,,,,,,,,,,,,,,,,,,,,,,,,,,,,,,,,,,,,,,,,,,,,,,,,,,,,,,,,,,,,,,,,,,,,,,,,,,,,,,,,,
,,,,,37,001,2024-05-31_11h26.23.058,mathesisv2,2024.1.3,MacIntel,58.82352941,,,,,,8.951,31.928,f,22.934,,0,0,0,2,1,stimuliAXBmix/yuustimulus.wav,f,,,,,,,,,,,,,,,,,,,,,,,,,,,,,,,,,,,,,,,,,,,,,,,,,,,,,,,,,,,,,,,,,,,,,,,,,,,,,,,,,,,,,,
,,,,,37,001,2024-05-31_11h26.23.058,mathesisv2,2024.1.3,MacIntel,58.82352941,,,,,,31.932,36.665,l,4.717,,0,1,1,3,1,stimuliAXBmix/yyustimulus.wav,l,,,,,,,,,,,,,,,,,,,,,,,,,,,,,,,,,,,,,,,,,,,,,,,,,,,,,,,,,,,,,,,,,,,,,,,,,,,,,,,,,,,,,,
,,,,,37,001,2024-05-31_11h26.23.058,mathesisv2,2024.1.3,MacIntel,58.82352941,,,,,,36.665,40.768,l,4.087,,0,2,2,0,1,stimuliAXBmix/iiystimulus.wav,l,,,,,,,,,,,,,,,,,,,,,,,,,,,,,,,,,,,,,,,,,,,,,,,,,,,,,,,,,,,,,,,,,,,,,,,,,,,,,,,,,,,,,,
,,,,,37,001,2024-05-31_11h26.23.058,mathesisv2,2024.1.3,MacIntel,58.82352941,,,,,,40.768,44.654,f,3.869,,0,3,3,1,1,stimuliAXBmix/iyystimulus.wav,f,,,,,,,,,,,,,,,,,,,,,,,,,,,,,,,,,,,,,,,,,,,,,,,,,,,,,,,,,,,,,,,,,,,,,,,,,,,,,,,,,,,,,,
,,,,,37,001,2024-05-31_11h26.23.058,mathesisv2,2024.1.3,MacIntel,58.82352941,,,,,,,,,,,,,,,,,,44.654,49.792,space,5.09,,,,,,,,,,,,,,,,,,,,,,,,,,,,,,,,,,,,,,,,,,,,,,,,,,,,,,,,,,,,,,,,,,,,,,,,,,,,,,,,,,
,,,,,37,001,2024-05-31_11h26.23.058,mathesisv2,2024.1.3,MacIntel,58.82352941,,,,,,,,,,,,,,,,,,,,,,,49.793,59.046,space,9.19,,,,,,,,,,,,,,,,,,,,,,,,,,,,,,,,,,,,,,,,,,,,,,,,,,,,,,,,,,,,,,,,,,,,,,,,,,,,,
,,,,,37,001,2024-05-31_11h26.23.058,mathesisv2,2024.1.3,MacIntel,58.82352941,,,,,,59.055,62.803,l,3.727,,,,,,,stimuliAXBmix/iiystimulus.wav,l,,,,,,,,,,,0,0,0,0,1,,,,,,,,,,,,,,,,,,,,,,,,,,,,,,,,,,,,,,,,,,,,,,,,,,,,,,,,,,,,,,,,,,,,,,,
,,,,,37,001,2024-05-31_11h26.23.058,mathesisv2,2024.1.3,MacIntel,58.82352941,,,,,,62.803,66.67,f,3.851,,,,,,,stimuliAXBmix/iyystimulus.wav,f,,,,,,,,,,,0,1,1,1,1,,,,,,,,,,,,,,,,,,,,,,,,,,,,,,,,,,,,,,,,,,,,,,,,,,,,,,,,,,,,,,,,,,,,,,,
,,,,,37,001,2024-05-31_11h26.23.058,mathesisv2,2024.1.3,MacIntel,58.82352941,,,,,,66.67,69.921,l,3.236,,,,,,,stimuliAXBmix/yyustimulus.wav,l,,,,,,,,,,,0,2,2,3,1,,,,,,,,,,,,,,,,,,,,,,,,,,,,,,,,,,,,,,,,,,,,,,,,,,,,,,,,,,,,,,,,,,,,,,,
,,,,,37,001,2024-05-31_11h26.23.058,mathesisv2,2024.1.3,MacIntel,58.82352941,,,,,,69.922,73.242,f,3.305,,,,,,,stimuliAXBmix/yuustimulus.wav,f,,,,,,,,,,,0,3,3,2,1,,,,,,,,,,,,,,,,,,,,,,,,,,,,,,,,,,,,,,,,,,,,,,,,,,,,,,,,,,,,,,,,,,,,,,,
,,,,,37,001,2024-05-31_11h26.23.058,mathesisv2,2024.1.3,MacIntel,58.82352941,,,,,,73.243,76.675,f,3.418,,,,,,,stimuliAXBmix/iyystimulus.wav,f,,,,,,,,,,,1,0,4,1,1,,,,,,,,,,,,,,,,,,,,,,,,,,,,,,,,,,,,,,,,,,,,,,,,,,,,,,,,,,,,,,,,,,,,,,,
,,,,,37,001,2024-05-31_11h26.23.058,mathesisv2,2024.1.3,MacIntel,58.82352941,,,,,,76.675,80.111,l,3.42,,,,,,,stimuliAXBmix/yyustimulus.wav,l,,,,,,,,,,,1,1,5,3,1,,,,,,,,,,,,,,,,,,,,,,,,,,,,,,,,,,,,,,,,,,,,,,,,,,,,,,,,,,,,,,,,,,,,,,,
,,,,,37,001,2024-05-31_11h26.23.058,mathesisv2,2024.1.3,MacIntel,58.82352941,,,,,,80.112,84.714,f,4.587,,,,,,,stimuliAXBmix/yuustimulus.wav,f,,,,,,,,,,,1,2,6,2,1,,,,,,,,,,,,,,,,,,,,,,,,,,,,,,,,,,,,,,,,,,,,,,,,,,,,,,,,,,,,,,,,,,,,,,,
,,,,,37,001,2024-05-31_11h26.23.058,mathesisv2,2024.1.3,MacIntel,58.82352941,,,,,,84.715,88.752,l,4.02,,,,,,,stimuliAXBmix/iiystimulus.wav,l,,,,,,,,,,,1,3,7,0,1,,,,,,,,,,,,,,,,,,,,,,,,,,,,,,,,,,,,,,,,,,,,,,,,,,,,,,,,,,,,,,,,,,,,,,,
,,,,,37,001,2024-05-31_11h26.23.058,mathesisv2,2024.1.3,MacIntel,58.82352941,,,,,,88.752,92.386,f,3.618,,,,,,,stimuliAXBmix/yuustimulus.wav,f,,,,,,,,,,,2,0,8,2,1,,,,,,,,,,,,,,,,,,,,,,,,,,,,,,,,,,,,,,,,,,,,,,,,,,,,,,,,,,,,,,,,,,,,,,,
,,,,,37,001,2024-05-31_11h26.23.058,mathesisv2,2024.1.3,MacIntel,58.82352941,,,,,,92.386,96.255,l,3.852,,,,,,,stimuliAXBmix/iiystimulus.wav,l,,,,,,,,,,,2,1,9,0,1,,,,,,,,,,,,,,,,,,,,,,,,,,,,,,,,,,,,,,,,,,,,,,,,,,,,,,,,,,,,,,,,,,,,,,,
,,,,,37,001,2024-05-31_11h26.23.058,mathesisv2,2024.1.3,MacIntel,58.82352941,,,,,,96.256,99.976,f,3.704,,,,,,,stimuliAXBmix/iyystimulus.wav,f,,,,,,,,,,,2,2,10,1,1,,,,,,,,,,,,,,,,,,,,,,,,,,,,,,,,,,,,,,,,,,,,,,,,,,,,,,,,,,,,,,,,,,,,,,,
,,,,,37,001,2024-05-31_11h26.23.058,mathesisv2,2024.1.3,MacIntel,58.82352941,,,,,,99.976,103.679,l,3.688,,,,,,,stimuliAXBmix/yyustimulus.wav,l,,,,,,,,,,,2,3,11,3,1,,,,,,,,,,,,,,,,,,,,,,,,,,,,,,,,,,,,,,,,,,,,,,,,,,,,,,,,,,,,,,,,,,,,,,,
,,,,,37,001,2024-05-31_11h26.23.058,mathesisv2,2024.1.3,MacIntel,58.82352941,,,,,,104.852,112.553,f,7.681,,,,,,,stimuliAXBmix/iiystimulus.wav,l,,,,,,,,,,,,,,,,103.68,104.846,space,1.117,,0,0,0,0,1,,,,,,,,,,,,,,,,,,,,,,,,,,,,,,,,,,,,,,,,,,,,,,,,,,,,,,,,,,,,,
,,,,,37,001,2024-05-31_11h26.23.058,mathesisv2,2024.1.3,MacIntel,58.82352941,,,,,,112.553,115.987,f,3.418,,,,,,,stimuliAXBmix/yuustimulus.wav,f,,,,,,,,,,,,,,,,,,,,,0,1,1,2,1,,,,,,,,,,,,,,,,,,,,,,,,,,,,,,,,,,,,,,,,,,,,,,,,,,,,,,,,,,,,,
,,,,,37,001,2024-05-31_11h26.23.058,mathesisv2,2024.1.3,MacIntel,58.82352941,,,,,,115.987,119.224,l,3.222,,,,,,,stimuliAXBmix/iyystimulus.wav,f,,,,,,,,,,,,,,,,,,,,,0,2,2,1,1,,,,,,,,,,,,,,,,,,,,,,,,,,,,,,,,,,,,,,,,,,,,,,,,,,,,,,,,,,,,,
,,,,,37,001,2024-05-31_11h26.23.058,mathesisv2,2024.1.3,MacIntel,58.82352941,,,,,,119.224,123.443,l,4.203,,,,,,,stimuliAXBmix/yyustimulus.wav,l,,,,,,,,,,,,,,,,,,,,,0,3,3,3,1,,,,,,,,,,,,,,,,,,,,,,,,,,,,,,,,,,,,,,,,,,,,,,,,,,,,,,,,,,,,,
,,,,,37,001,2024-05-31_11h26.23.058,mathesisv2,2024.1.3,MacIntel,58.82352941,,,,,,123.444,126.677,f,3.217,,,,,,,stimuliAXBmix/iyystimulus.wav,f,,,,,,,,,,,,,,,,,,,,,1,0,4,1,1,,,,,,,,,,,,,,,,,,,,,,,,,,,,,,,,,,,,,,,,,,,,,,,,,,,,,,,,,,,,,
,,,,,37,001,2024-05-31_11h26.23.058,mathesisv2,2024.1.3,MacIntel,58.82352941,,,,,,126.677,129.864,l,3.171,,,,,,,stimuliAXBmix/yyustimulus.wav,l,,,,,,,,,,,,,,,,,,,,,1,1,5,3,1,,,,,,,,,,,,,,,,,,,,,,,,,,,,,,,,,,,,,,,,,,,,,,,,,,,,,,,,,,,,,
,,,,,37,001,2024-05-31_11h26.23.058,mathesisv2,2024.1.3,MacIntel,58.82352941,,,,,,129.864,133.099,f,3.22,,,,,,,stimuliAXBmix/yuustimulus.wav,f,,,,,,,,,,,,,,,,,,,,,1,2,6,2,1,,,,,,,,,,,,,,,,,,,,,,,,,,,,,,,,,,,,,,,,,,,,,,,,,,,,,,,,,,,,,
,,,,,37,001,2024-05-31_11h26.23.058,mathesisv2,2024.1.3,MacIntel,58.82352941,,,,,,133.099,136.585,l,3.468,,,,,,,stimuliAXBmix/iiystimulus.wav,l,,,,,,,,,,,,,,,,,,,,,1,3,7,0,1,,,,,,,,,,,,,,,,,,,,,,,,,,,,,,,,,,,,,,,,,,,,,,,,,,,,,,,,,,,,,
,,,,,37,001,2024-05-31_11h26.23.058,mathesisv2,2024.1.3,MacIntel,58.82352941,,,,,,143.892,147.41,f,3.501,,,,,,,stimuliAXBmix/iyystimulus.wav,f,,,,,,,,,,,0,0,0,1,1,,,,,,,,,,,136.585,143.889,space,7.264,,,,,,,,,,,,,,,,,,,,,,,,,,,,,,,,,,,,,,,,,,,,,,,,,,,,,,,,,
,,,,,37,001,2024-05-31_11h26.23.058,mathesisv2,2024.1.3,MacIntel,58.82352941,,,,,,147.41,151.561,f,4.136,,,,,,,stimuliAXBmix/yuustimulus.wav,f,,,,,,,,,,,0,1,1,2,1,,,,,,,,,,,,,,,,,,,,,,,,,,,,,,,,,,,,,,,,,,,,,,,,,,,,,,,,,,,,,,,,,,,,,,,
,,,,,37,001,2024-05-31_11h26.23.058,mathesisv2,2024.1.3,MacIntel,58.82352941,,,,,,151.562,155.331,l,3.754,,,,,,,stimuliAXBmix/iiystimulus.wav,l,,,,,,,,,,,0,2,2,0,1,,,,,,,,,,,,,,,,,,,,,,,,,,,,,,,,,,,,,,,,,,,,,,,,,,,,,,,,,,,,,,,,,,,,,,,
,,,,,37,001,2024-05-31_11h26.23.058,mathesisv2,2024.1.3,MacIntel,58.82352941,,,,,,155.331,159.117,l,3.77,,,,,,,stimuliAXBmix/yyustimulus.wav,l,,,,,,,,,,,0,3,3,3,1,,,,,,,,,,,,,,,,,,,,,,,,,,,,,,,,,,,,,,,,,,,,,,,,,,,,,,,,,,,,,,,,,,,,,,,
,,,,,37,001,2024-05-31_11h26.23.058,mathesisv2,2024.1.3,MacIntel,58.82352941,,,,,,159.118,162.755,l,3.621,,,,,,,stimuliAXBmix/iiystimulus.wav,l,,,,,,,,,,,1,0,4,0,1,,,,,,,,,,,,,,,,,,,,,,,,,,,,,,,,,,,,,,,,,,,,,,,,,,,,,,,,,,,,,,,,,,,,,,,
,,,,,37,001,2024-05-31_11h26.23.058,mathesisv2,2024.1.3,MacIntel,58.82352941,,,,,,162.755,166.224,f,3.454,,,,,,,stimuliAXBmix/iyystimulus.wav,f,,,,,,,,,,,1,1,5,1,1,,,,,,,,,,,,,,,,,,,,,,,,,,,,,,,,,,,,,,,,,,,,,,,,,,,,,,,,,,,,,,,,,,,,,,,
,,,,,37,001,2024-05-31_11h26.23.058,mathesisv2,2024.1.3,MacIntel,58.82352941,,,,,,166.224,169.823,l,3.583,,,,,,,stimuliAXBmix/yyustimulus.wav,l,,,,,,,,,,,1,2,6,3,1,,,,,,,,,,,,,,,,,,,,,,,,,,,,,,,,,,,,,,,,,,,,,,,,,,,,,,,,,,,,,,,,,,,,,,,
,,,,,37,001,2024-05-31_11h26.23.058,mathesisv2,2024.1.3,MacIntel,58.82352941,,,,,,169.823,173.127,f,3.286,,,,,,,stimuliAXBmix/yuustimulus.wav,f,,,,,,,,,,,1,3,7,2,1,,,,,,,,,,,,,,,,,,,,,,,,,,,,,,,,,,,,,,,,,,,,,,,,,,,,,,,,,,,,,,,,,,,,,,,
,,,,,37,001,2024-05-31_11h26.23.058,mathesisv2,2024.1.3,MacIntel,58.82352941,,,,,,173.127,176.628,f,3.483,,,,,,,stimuliAXBmix/yuustimulus.wav,f,,,,,,,,,,,2,0,8,2,1,,,,,,,,,,,,,,,,,,,,,,,,,,,,,,,,,,,,,,,,,,,,,,,,,,,,,,,,,,,,,,,,,,,,,,,
,,,,,37,001,2024-05-31_11h26.23.058,mathesisv2,2024.1.3,MacIntel,58.82352941,,,,,,176.628,179.865,f,3.219,,,,,,,stimuliAXBmix/iyystimulus.wav,f,,,,,,,,,,,2,1,9,1,1,,,,,,,,,,,,,,,,,,,,,,,,,,,,,,,,,,,,,,,,,,,,,,,,,,,,,,,,,,,,,,,,,,,,,,,
,,,,,37,001,2024-05-31_11h26.23.058,mathesisv2,2024.1.3,MacIntel,58.82352941,,,,,,179.865,183.533,l,3.652,,,,,,,stimuliAXBmix/yyustimulus.wav,l,,,,,,,,,,,2,2,10,3,1,,,,,,,,,,,,,,,,,,,,,,,,,,,,,,,,,,,,,,,,,,,,,,,,,,,,,,,,,,,,,,,,,,,,,,,
,,,,,37,001,2024-05-31_11h26.23.058,mathesisv2,2024.1.3,MacIntel,58.82352941,,,,,,183.533,186.903,l,3.352,,,,,,,stimuliAXBmix/iiystimulus.wav,l,,,,,,,,,,,2,3,11,0,1,,,,,,,,,,,,,,,,,,,,,,,,,,,,,,,,,,,,,,,,,,,,,,,,,,,,,,,,,,,,,,,,,,,,,,,
,,,,,37,001,2024-05-31_11h26.23.058,mathesisv2,2024.1.3,MacIntel,58.82352941,,,,,,189.126,192.858,f,3.717,,,,,,,stimuliAXBmix/iyystimulus.wav,f,,,,,,,,,,,,,,,,186.903,189.122,return,2.186,,0,0,0,1,1,,,,,,,,,,,,,,,,,,,,,,,,,,,,,,,,,,,,,,,,,,,,,,,,,,,,,,,,,,,,,
,,,,,37,001,2024-05-31_11h26.23.058,mathesisv2,2024.1.3,MacIntel,58.82352941,,,,,,192.859,196.458,l,3.584,,,,,,,stimuliAXBmix/yyustimulus.wav,l,,,,,,,,,,,,,,,,,,,,,0,1,1,3,1,,,,,,,,,,,,,,,,,,,,,,,,,,,,,,,,,,,,,,,,,,,,,,,,,,,,,,,,,,,,,
,,,,,37,001,2024-05-31_11h26.23.058,mathesisv2,2024.1.3,MacIntel,58.82352941,,,,,,196.459,199.878,l,3.402,,,,,,,stimuliAXBmix/iiystimulus.wav,l,,,,,,,,,,,,,,,,,,,,,0,2,2,0,1,,,,,,,,,,,,,,,,,,,,,,,,,,,,,,,,,,,,,,,,,,,,,,,,,,,,,,,,,,,,,
,,,,,37,001,2024-05-31_11h26.23.058,mathesisv2,2024.1.3,MacIntel,58.82352941,,,,,,199.878,203.35,f,3.452,,,,,,,stimuliAXBmix/yuustimulus.wav,f,,,,,,,,,,,,,,,,,,,,,0,3,3,2,1,,,,,,,,,,,,,,,,,,,,,,,,,,,,,,,,,,,,,,,,,,,,,,,,,,,,,,,,,,,,,
,,,,,37,001,2024-05-31_11h26.23.058,mathesisv2,2024.1.3,MacIntel,58.82352941,,,,,,203.35,206.867,f,3.499,,,,,,,stimuliAXBmix/yuustimulus.wav,f,,,,,,,,,,,,,,,,,,,,,1,0,4,2,1,,,,,,,,,,,,,,,,,,,,,,,,,,,,,,,,,,,,,,,,,,,,,,,,,,,,,,,,,,,,,
,,,,,37,001,2024-05-31_11h26.23.058,mathesisv2,2024.1.3,MacIntel,58.82352941,,,,,,206.867,210.437,f,3.553,,,,,,,stimuliAXBmix/iyystimulus.wav,f,,,,,,,,,,,,,,,,,,,,,1,1,5,1,1,,,,,,,,,,,,,,,,,,,,,,,,,,,,,,,,,,,,,,,,,,,,,,,,,,,,,,,,,,,,,
,,,,,37,001,2024-05-31_11h26.23.058,mathesisv2,2024.1.3,MacIntel,58.82352941,,,,,,210.437,214.172,l,3.72,,,,,,,stimuliAXBmix/iiystimulus.wav,l,,,,,,,,,,,,,,,,,,,,,1,2,6,0,1,,,,,,,,,,,,,,,,,,,,,,,,,,,,,,,,,,,,,,,,,,,,,,,,,,,,,,,,,,,,,
,,,,,37,001,2024-05-31_11h26.23.058,mathesisv2,2024.1.3,MacIntel,58.82352941,,,,,,214.173,217.759,l,3.571,,,,,,,stimuliAXBmix/yyustimulus.wav,l,,,,,,,,,,,,,,,,,,,,,1,3,7,3,1,,,,,,,,,,,,,,,,,,,,,,,,,,,,,,,,,,,,,,,,,,,,,,,,,,,,,,,,,,,,,
,,,,,37,001,2024-05-31_11h26.23.058,mathesisv2,2024.1.3,MacIntel,58.82352941,,,,,,222.079,225.379,f,3.284,,,,,,,stimuliAXBmix/iyystimulus.wav,f,,,,,,,,,,,0,0,0,1,1,,,,,,,,,,,217.759,222.077,space,4.288,,,,,,,,,,,,,,,,,,,,,,,,,,,,,,,,,,,,,,,,,,,,,,,,,,,,,,,,,
,,,,,37,001,2024-05-31_11h26.23.058,mathesisv2,2024.1.3,MacIntel,58.82352941,,,,,,225.379,228.849,f,3.453,,,,,,,stimuliAXBmix/yuustimulus.wav,f,,,,,,,,,,,0,1,1,2,1,,,,,,,,,,,,,,,,,,,,,,,,,,,,,,,,,,,,,,,,,,,,,,,,,,,,,,,,,,,,,,,,,,,,,,,
,,,,,37,001,2024-05-31_11h26.23.058,mathesisv2,2024.1.3,MacIntel,58.82352941,,,,,,228.849,232.149,l,3.284,,,,,,,stimuliAXBmix/yyustimulus.wav,l,,,,,,,,,,,0,2,2,3,1,,,,,,,,,,,,,,,,,,,,,,,,,,,,,,,,,,,,,,,,,,,,,,,,,,,,,,,,,,,,,,,,,,,,,,,
,,,,,37,001,2024-05-31_11h26.23.058,mathesisv2,2024.1.3,MacIntel,58.82352941,,,,,,232.149,235.689,l,3.522,,,,,,,stimuliAXBmix/iiystimulus.wav,l,,,,,,,,,,,0,3,3,0,1,,,,,,,,,,,,,,,,,,,,,,,,,,,,,,,,,,,,,,,,,,,,,,,,,,,,,,,,,,,,,,,,,,,,,,,
,,,,,37,001,2024-05-31_11h26.23.058,mathesisv2,2024.1.3,MacIntel,58.82352941,,,,,,235.689,239.202,l,3.484,,,,,,,stimuliAXBmix/iiystimulus.wav,l,,,,,,,,,,,1,0,4,0,1,,,,,,,,,,,,,,,,,,,,,,,,,,,,,,,,,,,,,,,,,,,,,,,,,,,,,,,,,,,,,,,,,,,,,,,
,,,,,37,001,2024-05-31_11h26.23.058,mathesisv2,2024.1.3,MacIntel,58.82352941,,,,,,239.202,242.694,l,3.476,,,,,,,stimuliAXBmix/yyustimulus.wav,l,,,,,,,,,,,1,1,5,3,1,,,,,,,,,,,,,,,,,,,,,,,,,,,,,,,,,,,,,,,,,,,,,,,,,,,,,,,,,,,,,,,,,,,,,,,
,,,,,37,001,2024-05-31_11h26.23.058,mathesisv2,2024.1.3,MacIntel,58.82352941,,,,,,242.694,246.231,f,3.521,,,,,,,stimuliAXBmix/iyystimulus.wav,f,,,,,,,,,,,1,2,6,1,1,,,,,,,,,,,,,,,,,,,,,,,,,,,,,,,,,,,,,,,,,,,,,,,,,,,,,,,,,,,,,,,,,,,,,,,
,,,,,37,001,2024-05-31_11h26.23.058,mathesisv2,2024.1.3,MacIntel,58.82352941,,,,,,246.231,249.712,f,3.466,,,,,,,stimuliAXBmix/yuustimulus.wav,f,,,,,,,,,,,1,3,7,2,1,,,,,,,,,,,,,,,,,,,,,,,,,,,,,,,,,,,,,,,,,,,,,,,,,,,,,,,,,,,,,,,,,,,,,,,
,,,,,37,001,2024-05-31_11h26.23.058,mathesisv2,2024.1.3,MacIntel,58.82352941,,,,,,249.712,253.283,l,3.553,,,,,,,stimuliAXBmix/iiystimulus.wav,l,,,,,,,,,,,2,0,8,0,1,,,,,,,,,,,,,,,,,,,,,,,,,,,,,,,,,,,,,,,,,,,,,,,,,,,,,,,,,,,,,,,,,,,,,,,
,,,,,37,001,2024-05-31_11h26.23.058,mathesisv2,2024.1.3,MacIntel,58.82352941,,,,,,253.283,256.518,f,3.219,,,,,,,stimuliAXBmix/yuustimulus.wav,f,,,,,,,,,,,2,1,9,2,1,,,,,,,,,,,,,,,,,,,,,,,,,,,,,,,,,,,,,,,,,,,,,,,,,,,,,,,,,,,,,,,,,,,,,,,
,,,,,37,001,2024-05-31_11h26.23.058,mathesisv2,2024.1.3,MacIntel,58.82352941,,,,,,256.518,263.256,f,6.722,,,,,,,stimuliAXBmix/iyystimulus.wav,f,,,,,,,,,,,2,2,10,1,1,,,,,,,,,,,,,,,,,,,,,,,,,,,,,,,,,,,,,,,,,,,,,,,,,,,,,,,,,,,,,,,,,,,,,,,
,,,,,37,001,2024-05-31_11h26.23.058,mathesisv2,2024.1.3,MacIntel,58.82352941,,,,,,263.256,266.774,l,3.501,,,,,,,stimuliAXBmix/yyustimulus.wav,l,,,,,,,,,,,2,3,11,3,1,,,,,,,,,,,,,,,,,,,,,,,,,,,,,,,,,,,,,,,,,,,,,,,,,,,,,,,,,,,,,,,,,,,,,,,
,,,,,37,001,2024-05-31_11h26.23.058,mathesisv2,2024.1.3,MacIntel,58.82352941,,,,,,269.248,272.446,l,3.181,,,,,,,stimuliAXBmix/iiystimulus.wav,l,,,,,,,,,,,,,,,,266.774,269.244,return,2.437,,0,0,0,0,1,,,,,,,,,,,,,,,,,,,,,,,,,,,,,,,,,,,,,,,,,,,,,,,,,,,,,,,,,,,,,
,,,,,37,001,2024-05-31_11h26.23.058,mathesisv2,2024.1.3,MacIntel,58.82352941,,,,,,272.446,275.647,f,3.186,,,,,,,stimuliAXBmix/iyystimulus.wav,f,,,,,,,,,,,,,,,,,,,,,0,1,1,1,1,,,,,,,,,,,,,,,,,,,,,,,,,,,,,,,,,,,,,,,,,,,,,,,,,,,,,,,,,,,,,
,,,,,37,001,2024-05-31_11h26.23.058,mathesisv2,2024.1.3,MacIntel,58.82352941,,,,,,275.648,279.167,l,3.504,,,,,,,stimuliAXBmix/yyustimulus.wav,l,,,,,,,,,,,,,,,,,,,,,0,2,2,3,1,,,,,,,,,,,,,,,,,,,,,,,,,,,,,,,,,,,,,,,,,,,,,,,,,,,,,,,,,,,,,
,,,,,37,001,2024-05-31_11h26.23.058,mathesisv2,2024.1.3,MacIntel,58.82352941,,,,,,279.168,282.418,f,3.235,,,,,,,stimuliAXBmix/yuustimulus.wav,f,,,,,,,,,,,,,,,,,,,,,0,3,3,2,1,,,,,,,,,,,,,,,,,,,,,,,,,,,,,,,,,,,,,,,,,,,,,,,,,,,,,,,,,,,,,
,,,,,37,001,2024-05-31_11h26.23.058,mathesisv2,2024.1.3,MacIntel,58.82352941,,,,,,282.418,286.355,l,3.92,,,,,,,stimuliAXBmix/yyustimulus.wav,l,,,,,,,,,,,,,,,,,,,,,1,0,4,3,1,,,,,,,,,,,,,,,,,,,,,,,,,,,,,,,,,,,,,,,,,,,,,,,,,,,,,,,,,,,,,
,,,,,37,001,2024-05-31_11h26.23.058,mathesisv2,2024.1.3,MacIntel,58.82352941,,,,,,286.355,289.707,f,3.336,,,,,,,stimuliAXBmix/iyystimulus.wav,f,,,,,,,,,,,,,,,,,,,,,1,1,5,1,1,,,,,,,,,,,,,,,,,,,,,,,,,,,,,,,,,,,,,,,,,,,,,,,,,,,,,,,,,,,,,
,,,,,37,001,2024-05-31_11h26.23.058,mathesisv2,2024.1.3,MacIntel,58.82352941,,,,,,289.707,293.279,f,3.553,,,,,,,stimuliAXBmix/yuustimulus.wav,f,,,,,,,,,,,,,,,,,,,,,1,2,6,2,1,,,,,,,,,,,,,,,,,,,,,,,,,,,,,,,,,,,,,,,,,,,,,,,,,,,,,,,,,,,,,
,,,,,37,001,2024-05-31_11h26.23.058,mathesisv2,2024.1.3,MacIntel,58.82352941,,,,,,293.28,296.898,l,3.603,,,,,,,stimuliAXBmix/iiystimulus.wav,l,,,,,,,,,,,,,,,,,,,,,1,3,7,0,1,,,,,,,,,,,,,,,,,,,,,,,,,,,,,,,,,,,,,,,,,,,,,,,,,,,,,,,,,,,,,
,,,,,37,001,2024-05-31_11h26.23.058,mathesisv2,2024.1.3,MacIntel,58.82352941,,,,,,299.117,302.344,l,3.211,,,,,,,stimuliAXBmix/yyustimulus.wav,l,,,,,,,,,,,0,0,0,3,1,,,,,,,,,,,296.898,299.115,space,2.187,,,,,,,,,,,,,,,,,,,,,,,,,,,,,,,,,,,,,,,,,,,,,,,,,,,,,,,,,
,,,,,37,001,2024-05-31_11h26.23.058,mathesisv2,2024.1.3,MacIntel,58.82352941,,,,,,302.344,305.784,l,3.424,,,,,,,stimuliAXBmix/iiystimulus.wav,l,,,,,,,,,,,0,1,1,0,1,,,,,,,,,,,,,,,,,,,,,,,,,,,,,,,,,,,,,,,,,,,,,,,,,,,,,,,,,,,,,,,,,,,,,,,
,,,,,37,001,2024-05-31_11h26.23.058,mathesisv2,2024.1.3,MacIntel,58.82352941,,,,,,305.784,309.054,f,3.254,,,,,,,stimuliAXBmix/iyystimulus.wav,f,,,,,,,,,,,0,2,2,1,1,,,,,,,,,,,,,,,,,,,,,,,,,,,,,,,,,,,,,,,,,,,,,,,,,,,,,,,,,,,,,,,,,,,,,,,
,,,,,37,001,2024-05-31_11h26.23.058,mathesisv2,2024.1.3,MacIntel,58.82352941,,,,,,309.054,313.407,f,4.336,,,,,,,stimuliAXBmix/yuustimulus.wav,f,,,,,,,,,,,0,3,3,2,1,,,,,,,,,,,,,,,,,,,,,,,,,,,,,,,,,,,,,,,,,,,,,,,,,,,,,,,,,,,,,,,,,,,,,,,
,,,,,37,001,2024-05-31_11h26.23.058,mathesisv2,2024.1.3,MacIntel,58.82352941,,,,,,313.407,318.361,l,4.938,,,,,,,stimuliAXBmix/iyystimulus.wav,f,,,,,,,,,,,1,0,4,1,1,,,,,,,,,,,,,,,,,,,,,,,,,,,,,,,,,,,,,,,,,,,,,,,,,,,,,,,,,,,,,,,,,,,,,,,
,,,,,37,001,2024-05-31_11h26.23.058,mathesisv2,2024.1.3,MacIntel,58.82352941,,,,,,318.361,321.896,f,3.52,,,,,,,stimuliAXBmix/yuustimulus.wav,f,,,,,,,,,,,1,1,5,2,1,,,,,,,,,,,,,,,,,,,,,,,,,,,,,,,,,,,,,,,,,,,,,,,,,,,,,,,,,,,,,,,,,,,,,,,
,,,,,37,001,2024-05-31_11h26.23.058,mathesisv2,2024.1.3,MacIntel,58.82352941,,,,,,321.896,325.215,l,3.304,,,,,,,stimuliAXBmix/iiystimulus.wav,l,,,,,,,,,,,1,2,6,0,1,,,,,,,,,,,,,,,,,,,,,,,,,,,,,,,,,,,,,,,,,,,,,,,,,,,,,,,,,,,,,,,,,,,,,,,
,,,,,37,001,2024-05-31_11h26.23.058,mathesisv2,2024.1.3,MacIntel,58.82352941,,,,,,325.216,328.385,l,3.154,,,,,,,stimuliAXBmix/yyustimulus.wav,l,,,,,,,,,,,1,3,7,3,1,,,,,,,,,,,,,,,,,,,,,,,,,,,,,,,,,,,,,,,,,,,,,,,,,,,,,,,,,,,,,,,,,,,,,,,
,,,,,37,001,2024-05-31_11h26.23.058,mathesisv2,2024.1.3,MacIntel,58.82352941,,,,,,328.385,331.823,f,3.422,,,,,,,stimuliAXBmix/yuustimulus.wav,f,,,,,,,,,,,2,0,8,2,1,,,,,,,,,,,,,,,,,,,,,,,,,,,,,,,,,,,,,,,,,,,,,,,,,,,,,,,,,,,,,,,,,,,,,,,
,,,,,37,001,2024-05-31_11h26.23.058,mathesisv2,2024.1.3,MacIntel,58.82352941,,,,,,331.823,335.105,l,3.267,,,,,,,stimuliAXBmix/iiystimulus.wav,l,,,,,,,,,,,2,1,9,0,1,,,,,,,,,,,,,,,,,,,,,,,,,,,,,,,,,,,,,,,,,,,,,,,,,,,,,,,,,,,,,,,,,,,,,,,
,,,,,37,001,2024-05-31_11h26.23.058,mathesisv2,2024.1.3,MacIntel,58.82352941,,,,,,335.106,338.408,l,3.286,,,,,,,stimuliAXBmix/yyustimulus.wav,l,,,,,,,,,,,2,2,10,3,1,,,,,,,,,,,,,,,,,,,,,,,,,,,,,,,,,,,,,,,,,,,,,,,,,,,,,,,,,,,,,,,,,,,,,,,
,,,,,37,001,2024-05-31_11h26.23.058,mathesisv2,2024.1.3,MacIntel,58.82352941,,,,,,338.408,341.575,f,3.151,,,,,,,stimuliAXBmix/iyystimulus.wav,f,,,,,,,,,,,2,3,11,1,1,,,,,,,,,,,,,,,,,,,,,,,,,,,,,,,,,,,,,,,,,,,,,,,,,,,,,,,,,,,,,,,,,,,,,,,
,,,,,37,001,2024-05-31_11h26.23.058,mathesisv2,2024.1.3,MacIntel,58.82352941,,,,,,343.749,347.114,f,3.349,,,,,,,stimuliAXBmix/yuustimulus.wav,f,,,,,,,,,,,,,,,,341.576,343.746,return,2.138,,0,0,0,2,1,,,,,,,,,,,,,,,,,,,,,,,,,,,,,,,,,,,,,,,,,,,,,,,,,,,,,,,,,,,,,
,,,,,37,001,2024-05-31_11h26.23.058,mathesisv2,2024.1.3,MacIntel,58.82352941,,,,,,347.115,350.483,l,3.353,,,,,,,stimuliAXBmix/iiystimulus.wav,l,,,,,,,,,,,,,,,,,,,,,0,1,1,0,1,,,,,,,,,,,,,,,,,,,,,,,,,,,,,,,,,,,,,,,,,,,,,,,,,,,,,,,,,,,,,
,,,,,37,001,2024-05-31_11h26.23.058,mathesisv2,2024.1.3,MacIntel,58.82352941,,,,,,350.483,353.719,f,3.221,,,,,,,stimuliAXBmix/iyystimulus.wav,f,,,,,,,,,,,,,,,,,,,,,0,2,2,1,1,,,,,,,,,,,,,,,,,,,,,,,,,,,,,,,,,,,,,,,,,,,,,,,,,,,,,,,,,,,,,
,,,,,37,001,2024-05-31_11h26.23.058,mathesisv2,2024.1.3,MacIntel,58.82352941,,,,,,353.719,356.954,l,3.219,,,,,,,stimuliAXBmix/yyustimulus.wav,l,,,,,,,,,,,,,,,,,,,,,0,3,3,3,1,,,,,,,,,,,,,,,,,,,,,,,,,,,,,,,,,,,,,,,,,,,,,,,,,,,,,,,,,,,,,
,,,,,37,001,2024-05-31_11h26.23.058,mathesisv2,2024.1.3,MacIntel,58.82352941,,,,,,356.954,360.224,f,3.254,,,,,,,stimuliAXBmix/iyystimulus.wav,f,,,,,,,,,,,,,,,,,,,,,1,0,4,1,1,,,,,,,,,,,,,,,,,,,,,,,,,,,,,,,,,,,,,,,,,,,,,,,,,,,,,,,,,,,,,
,,,,,37,001,2024-05-31_11h26.23.058,mathesisv2,2024.1.3,MacIntel,58.82352941,,,,,,360.224,363.743,f,3.503,,,,,,,stimuliAXBmix/yuustimulus.wav,f,,,,,,,,,,,,,,,,,,,,,1,1,5,2,1,,,,,,,,,,,,,,,,,,,,,,,,,,,,,,,,,,,,,,,,,,,,,,,,,,,,,,,,,,,,,
,,,,,37,001,2024-05-31_11h26.23.058,mathesisv2,2024.1.3,MacIntel,58.82352941,,,,,,363.743,367.143,l,3.384,,,,,,,stimuliAXBmix/iiystimulus.wav,l,,,,,,,,,,,,,,,,,,,,,1,2,6,0,1,,,,,,,,,,,,,,,,,,,,,,,,,,,,,,,,,,,,,,,,,,,,,,,,,,,,,,,,,,,,,
,,,,,37,001,2024-05-31_11h26.23.058,mathesisv2,2024.1.3,MacIntel,58.82352941,,,,,,367.143,370.831,l,3.671,,,,,,,stimuliAXBmix/yyustimulus.wav,l,,,,,,,,,,,,,,,,,,,,,1,3,7,3,1,,,,,,,,,,,,,,,,,,,,,,,,,,,,,,,,,,,,,,,,,,,,,,,,,,,,,,,,,,,,,
,,,,,37,001,2024-05-31_11h26.23.058,mathesisv2,2024.1.3,MacIntel,58.82352941,,,,,,,,,,,,,,,,,,,,,,,,,,,,,,,,,,,,,,,,,,,370.831,372.732,space,1.873,,372.733,382.071,space,9.271,,,,,,,,,,,,,,,,,,,,,,,,,,,,,,,,,,,,,,,,,,,,,,,,,,,,
,,,,,37,001,2024-05-31_11h26.23.058,mathesisv2,2024.1.3,MacIntel,58.82352941,,,,,,,,,,,,,,,,,,,,,,,,,,,,,,,,,,,,,,,,,,,,,,,,,,,,,382.078,387.028,e,4.902,,0,0,0,1,1,testTAFCmixfirst/nimnym002.wav,,,,,,,,,,,,,,,,,,,,,,,,,,,,,,,,,,,,,,,,
,,,,,37,001,2024-05-31_11h26.23.058,mathesisv2,2024.1.3,MacIntel,58.82352941,,,,,,,,,,,,,,,,,,,,,,,,,,,,,,,,,,,,,,,,,,,,,,,,,,,,,387.029,392.814,e,5.771,,0,1,1,0,1,testTAFCmixfirst/nimnym001.wav,,,,,,,,,,,,,,,,,,,,,,,,,,,,,,,,,,,,,,,,
,,,,,37,001,2024-05-31_11h26.23.058,mathesisv2,2024.1.3,MacIntel,58.82352941,,,,,,,,,,,,,,,,,,,,,,,,,,,,,,,,,,,,,,,,,,,,,,,,,,,,,392.815,394.18,y,1.35,,0,2,2,2,1,testTAFCmixfirst/nimnym006.wav,,,,,,,,,,,,,,,,,,,,,,,,,,,,,,,,,,,,,,,,
,,,,,37,001,2024-05-31_11h26.23.058,mathesisv2,2024.1.3,MacIntel,58.82352941,,,,,,,,,,,,,,,,,,,,,,,,,,,,,,,,,,,,,,,,,,,,,,,,,,,,,,,,,,,,,,,,394.184,395.515,y,1.287,,0,0,0,2,1,testTAFCmixsec/numnym006.wav,,,,,,,,,,,,,,,,,,,,,,,,,,,,,
,,,,,37,001,2024-05-31_11h26.23.058,mathesisv2,2024.1.3,MacIntel,58.82352941,,,,,,,,,,,,,,,,,,,,,,,,,,,,,,,,,,,,,,,,,,,,,,,,,,,,,,,,,,,,,,,,395.515,399.952,u,4.42,,0,1,1,1,1,testTAFCmixsec/numnym002.wav,,,,,,,,,,,,,,,,,,,,,,,,,,,,,
,,,,,37,001,2024-05-31_11h26.23.058,mathesisv2,2024.1.3,MacIntel,58.82352941,,,,,,,,,,,,,,,,,,,,,,,,,,,,,,,,,,,,,,,,,,,,,,,,,,,,,,,,,,,,,,,,399.952,402.853,u,2.886,,0,2,2,0,1,testTAFCmixsec/numnym001.wav,,,,,,,,,,,,,,,,,,,,,,,,,,,,,
,,,,,37,001,2024-05-31_11h26.23.058,mathesisv2,2024.1.3,MacIntel,58.82352941,,,,,,,,,,,,,,,,,,,,,,,,,,,,,,,,,,,,,,,,,,,,,,,,,,,,,,,,,,,,,,,,,,,,,,,,,,,402.854,411.341,space,8.423,,,,,,,,,,,,,,,,,,,,,,,,,
,,,,,37,001,2024-05-31_11h26.23.058,mathesisv2,2024.1.3,MacIntel,58.82352941,,,,,,,,,,,,,,,,,e,,,,,,,,,,,,,,,,,,,,,,,,,,,,,,,,,,,,,,,,,,,,,,,,,,,,,,,,,,,,,,,411.348,414.678,e,3.282,,0,0,0,2,1,stimuliTAFCfirst/nimnym003.wav,,,,,,,,,,,,,
,,,,,37,001,2024-05-31_11h26.23.058,mathesisv2,2024.1.3,MacIntel,58.82352941,,,,,,,,,,,,,,,,,e,,,,,,,,,,,,,,,,,,,,,,,,,,,,,,,,,,,,,,,,,,,,,,,,,,,,,,,,,,,,,,,414.678,416.129,e,1.434,,0,1,1,0,1,stimuliTAFCfirst/nimnym001.wav,,,,,,,,,,,,,
,,,,,37,001,2024-05-31_11h26.23.058,mathesisv2,2024.1.3,MacIntel,58.82352941,,,,,,,,,,,,,,,,,y,,,,,,,,,,,,,,,,,,,,,,,,,,,,,,,,,,,,,,,,,,,,,,,,,,,,,,,,,,,,,,,416.129,418.016,y,1.872,,0,2,2,4,1,stimuliTAFCfirst/nimnym005.wav,,,,,,,,,,,,,
,,,,,37,001,2024-05-31_11h26.23.058,mathesisv2,2024.1.3,MacIntel,58.82352941,,,,,,,,,,,,,,,,,y,,,,,,,,,,,,,,,,,,,,,,,,,,,,,,,,,,,,,,,,,,,,,,,,,,,,,,,,,,,,,,,418.016,419.431,y,1.4,,0,3,3,6,1,stimuliTAFCfirst/nimnym007.wav,,,,,,,,,,,,,
,,,,,37,001,2024-05-31_11h26.23.058,mathesisv2,2024.1.3,MacIntel,58.82352941,,,,,,,,,,,,,,,,,x,,,,,,,,,,,,,,,,,,,,,,,,,,,,,,,,,,,,,,,,,,,,,,,,,,,,,,,,,,,,,,,419.432,422.267,y,2.82,,0,4,4,3,1,stimuliTAFCfirst/nimnym004.wav,,,,,,,,,,,,,
,,,,,37,001,2024-05-31_11h26.23.058,mathesisv2,2024.1.3,MacIntel,58.82352941,,,,,,,,,,,,,,,,,y,,,,,,,,,,,,,,,,,,,,,,,,,,,,,,,,,,,,,,,,,,,,,,,,,,,,,,,,,,,,,,,422.267,423.768,y,1.485,,0,5,5,5,1,stimuliTAFCfirst/nimnym006.wav,,,,,,,,,,,,,
,,,,,37,001,2024-05-31_11h26.23.058,mathesisv2,2024.1.3,MacIntel,58.82352941,,,,,,,,,,,,,,,,,e,,,,,,,,,,,,,,,,,,,,,,,,,,,,,,,,,,,,,,,,,,,,,,,,,,,,,,,,,,,,,,,423.768,425.101,e,1.317,,0,6,6,1,1,stimuliTAFCfirst/nimnym002.wav,,,,,,,,,,,,,
,,,,,37,001,2024-05-31_11h26.23.058,mathesisv2,2024.1.3,MacIntel,58.82352941,,,,,,,,,,,,,,,,,e,,,,,,,,,,,,,,,,,,,,,,,,,,,,,,,,,,,,,,,,,,,,,,,,,,,,,,,,,,,,,,,425.102,426.402,e,1.283,,1,0,7,2,1,stimuliTAFCfirst/nimnym003.wav,,,,,,,,,,,,,
,,,,,37,001,2024-05-31_11h26.23.058,mathesisv2,2024.1.3,MacIntel,58.82352941,,,,,,,,,,,,,,,,,y,,,,,,,,,,,,,,,,,,,,,,,,,,,,,,,,,,,,,,,,,,,,,,,,,,,,,,,,,,,,,,,426.403,427.954,e,1.536,,1,1,8,4,1,stimuliTAFCfirst/nimnym005.wav,,,,,,,,,,,,,
,,,,,37,001,2024-05-31_11h26.23.058,mathesisv2,2024.1.3,MacIntel,58.82352941,,,,,,,,,,,,,,,,,x,,,,,,,,,,,,,,,,,,,,,,,,,,,,,,,,,,,,,,,,,,,,,,,,,,,,,,,,,,,,,,,427.954,429.306,e,1.335,,1,2,9,3,1,stimuliTAFCfirst/nimnym004.wav,,,,,,,,,,,,,
,,,,,37,001,2024-05-31_11h26.23.058,mathesisv2,2024.1.3,MacIntel,58.82352941,,,,,,,,,,,,,,,,,e,,,,,,,,,,,,,,,,,,,,,,,,,,,,,,,,,,,,,,,,,,,,,,,,,,,,,,,,,,,,,,,429.306,430.74,e,1.419,,1,3,10,0,1,stimuliTAFCfirst/nimnym001.wav,,,,,,,,,,,,,
,,,,,37,001,2024-05-31_11h26.23.058,mathesisv2,2024.1.3,MacIntel,58.82352941,,,,,,,,,,,,,,,,,y,,,,,,,,,,,,,,,,,,,,,,,,,,,,,,,,,,,,,,,,,,,,,,,,,,,,,,,,,,,,,,,430.74,432.057,y,1.302,,1,4,11,6,1,stimuliTAFCfirst/nimnym007.wav,,,,,,,,,,,,,
,,,,,37,001,2024-05-31_11h26.23.058,mathesisv2,2024.1.3,MacIntel,58.82352941,,,,,,,,,,,,,,,,,y,,,,,,,,,,,,,,,,,,,,,,,,,,,,,,,,,,,,,,,,,,,,,,,,,,,,,,,,,,,,,,,432.057,433.377,y,1.304,,1,5,12,5,1,stimuliTAFCfirst/nimnym006.wav,,,,,,,,,,,,,
,,,,,37,001,2024-05-31_11h26.23.058,mathesisv2,2024.1.3,MacIntel,58.82352941,,,,,,,,,,,,,,,,,e,,,,,,,,,,,,,,,,,,,,,,,,,,,,,,,,,,,,,,,,,,,,,,,,,,,,,,,,,,,,,,,433.377,435.127,e,1.735,,1,6,13,1,1,stimuliTAFCfirst/nimnym002.wav,,,,,,,,,,,,,
,,,,,37,001,2024-05-31_11h26.23.058,mathesisv2,2024.1.3,MacIntel,58.82352941,,,,,,,,,,,,,,,,,u,435.127,437.312,space,2.154,,,,,,,,,,,,,,,,,,,,,,,,,,,,,,,,,,,,,,,,,,,,,,,,,,,,,,,,,,,,,,,,,,,,,,437.315,441.58,u,4.222,,0,0,0,2,1,stimuliTAFCsec/numnym003.wav,,
,,,,,37,001,2024-05-31_11h26.23.058,mathesisv2,2024.1.3,MacIntel,58.82352941,,,,,,,,,,,,,,,,,y,,,,,,,,,,,,,,,,,,,,,,,,,,,,,,,,,,,,,,,,,,,,,,,,,,,,,,,,,,,,,,,,,,,,,,,,,,441.58,442.999,y,1.402,,0,1,1,6,1,stimuliTAFCsec/numnym007.wav,,
,,,,,37,001,2024-05-31_11h26.23.058,mathesisv2,2024.1.3,MacIntel,58.82352941,,,,,,,,,,,,,,,,,y,,,,,,,,,,,,,,,,,,,,,,,,,,,,,,,,,,,,,,,,,,,,,,,,,,,,,,,,,,,,,,,,,,,,,,,,,,442.999,444.315,y,1.3,,0,2,2,4,1,stimuliTAFCsec/numnym005.wav,,
,,,,,37,001,2024-05-31_11h26.23.058,mathesisv2,2024.1.3,MacIntel,58.82352941,,,,,,,,,,,,,,,,,x,,,,,,,,,,,,,,,,,,,,,,,,,,,,,,,,,,,,,,,,,,,,,,,,,,,,,,,,,,,,,,,,,,,,,,,,,,444.315,445.666,y,1.335,,0,3,3,3,1,stimuliTAFCsec/numnym004.wav,,
,,,,,37,001,2024-05-31_11h26.23.058,mathesisv2,2024.1.3,MacIntel,58.82352941,,,,,,,,,,,,,,,,,y,,,,,,,,,,,,,,,,,,,,,,,,,,,,,,,,,,,,,,,,,,,,,,,,,,,,,,,,,,,,,,,,,,,,,,,,,,445.667,446.849,y,1.167,,0,4,4,5,1,stimuliTAFCsec/numnym006.wav,,
,,,,,37,001,2024-05-31_11h26.23.058,mathesisv2,2024.1.3,MacIntel,58.82352941,,,,,,,,,,,,,,,,,u,,,,,,,,,,,,,,,,,,,,,,,,,,,,,,,,,,,,,,,,,,,,,,,,,,,,,,,,,,,,,,,,,,,,,,,,,,446.849,448.2,u,1.334,,0,5,5,0,1,stimuliTAFCsec/numnym001.wav,,
,,,,,37,001,2024-05-31_11h26.23.058,mathesisv2,2024.1.3,MacIntel,58.82352941,,,,,,,,,,,,,,,,,u,,,,,,,,,,,,,,,,,,,,,,,,,,,,,,,,,,,,,,,,,,,,,,,,,,,,,,,,,,,,,,,,,,,,,,,,,,448.201,449.451,u,1.234,,0,6,6,1,1,stimuliTAFCsec/numnym002.wav,,
,,,,,37,001,2024-05-31_11h26.23.058,mathesisv2,2024.1.3,MacIntel,58.82352941,,,,,,,,,,,,,,,,,y,,,,,,,,,,,,,,,,,,,,,,,,,,,,,,,,,,,,,,,,,,,,,,,,,,,,,,,,,,,,,,,,,,,,,,,,,,449.452,451.986,y,2.518,,1,0,7,4,1,stimuliTAFCsec/numnym005.wav,,
,,,,,37,001,2024-05-31_11h26.23.058,mathesisv2,2024.1.3,MacIntel,58.82352941,,,,,,,,,,,,,,,,,y,,,,,,,,,,,,,,,,,,,,,,,,,,,,,,,,,,,,,,,,,,,,,,,,,,,,,,,,,,,,,,,,,,,,,,,,,,451.987,453.604,y,1.603,,1,1,8,6,1,stimuliTAFCsec/numnym007.wav,,
,,,,,37,001,2024-05-31_11h26.23.058,mathesisv2,2024.1.3,MacIntel,58.82352941,,,,,,,,,,,,,,,,,u,,,,,,,,,,,,,,,,,,,,,,,,,,,,,,,,,,,,,,,,,,,,,,,,,,,,,,,,,,,,,,,,,,,,,,,,,,453.605,455.423,u,1.802,,1,2,9,1,1,stimuliTAFCsec/numnym002.wav,,
,,,,,37,001,2024-05-31_11h26.23.058,mathesisv2,2024.1.3,MacIntel,58.82352941,,,,,,,,,,,,,,,,,u,,,,,,,,,,,,,,,,,,,,,,,,,,,,,,,,,,,,,,,,,,,,,,,,,,,,,,,,,,,,,,,,,,,,,,,,,,455.423,456.889,u,1.45,,1,3,10,2,1,stimuliTAFCsec/numnym003.wav,,
,,,,,37,001,2024-05-31_11h26.23.058,mathesisv2,2024.1.3,MacIntel,58.82352941,,,,,,,,,,,,,,,,,x,,,,,,,,,,,,,,,,,,,,,,,,,,,,,,,,,,,,,,,,,,,,,,,,,,,,,,,,,,,,,,,,,,,,,,,,,,456.889,458.643,u,1.737,,1,4,11,3,1,stimuliTAFCsec/numnym004.wav,,
,,,,,37,001,2024-05-31_11h26.23.058,mathesisv2,2024.1.3,MacIntel,58.82352941,,,,,,,,,,,,,,,,,y,,,,,,,,,,,,,,,,,,,,,,,,,,,,,,,,,,,,,,,,,,,,,,,,,,,,,,,,,,,,,,,,,,,,,,,,,,458.643,459.975,y,1.317,,1,5,12,5,1,stimuliTAFCsec/numnym006.wav,,
,,,,,37,001,2024-05-31_11h26.23.058,mathesisv2,2024.1.3,MacIntel,58.82352941,,,,,,,,,,,,,,,,,u,,,,,,,,,,,,,,,,,,,,,,,,,,,,,,,,,,,,,,,,,,,,,,,,,,,,,,,,,,,,,,,,,,,,,,,,,,459.975,461.393,u,1.401,,1,6,13,0,1,stimuliTAFCsec/numnym001.wav,,
,,,,,37,001,2024-05-31_11h26.23.058,mathesisv2,2024.1.3,MacIntel,58.82352941,,,,,,,,,,,,,,,,,e,,,,,,,,,,,,,,,,,,,,,,,,,,461.393,466.048,space,4.626,,,,,,,,,,,,,,,,,,,,,,,,,,,,,,,,,,466.052,468.082,e,2.01,,0,0,0,1,1,stimuliTAFCfirst/nimnym002.wav,,,,,,,,,,,,,
,,,,,37,001,2024-05-31_11h26.23.058,mathesisv2,2024.1.3,MacIntel,58.82352941,,,,,,,,,,,,,,,,,e,,,,,,,,,,,,,,,,,,,,,,,,,,,,,,,,,,,,,,,,,,,,,,,,,,,,,,,,,,,,,,,468.082,469.749,e,1.65,,0,1,1,0,1,stimuliTAFCfirst/nimnym001.wav,,,,,,,,,,,,,
,,,,,37,001,2024-05-31_11h26.23.058,mathesisv2,2024.1.3,MacIntel,58.82352941,,,,,,,,,,,,,,,,,e,,,,,,,,,,,,,,,,,,,,,,,,,,,,,,,,,,,,,,,,,,,,,,,,,,,,,,,,,,,,,,,469.749,471.133,e,1.368,,0,2,2,2,1,stimuliTAFCfirst/nimnym003.wav,,,,,,,,,,,,,
,,,,,37,001,2024-05-31_11h26.23.058,mathesisv2,2024.1.3,MacIntel,58.82352941,,,,,,,,,,,,,,,,,y,,,,,,,,,,,,,,,,,,,,,,,,,,,,,,,,,,,,,,,,,,,,,,,,,,,,,,,,,,,,,,,471.133,472.517,y,1.367,,0,3,3,4,1,stimuliTAFCfirst/nimnym005.wav,,,,,,,,,,,,,
,,,,,37,001,2024-05-31_11h26.23.058,mathesisv2,2024.1.3,MacIntel,58.82352941,,,,,,,,,,,,,,,,,y,,,,,,,,,,,,,,,,,,,,,,,,,,,,,,,,,,,,,,,,,,,,,,,,,,,,,,,,,,,,,,,472.517,473.785,y,1.252,,0,4,4,6,1,stimuliTAFCfirst/nimnym007.wav,,,,,,,,,,,,,
,,,,,37,001,2024-05-31_11h26.23.058,mathesisv2,2024.1.3,MacIntel,58.82352941,,,,,,,,,,,,,,,,,y,,,,,,,,,,,,,,,,,,,,,,,,,,,,,,,,,,,,,,,,,,,,,,,,,,,,,,,,,,,,,,,473.785,475.069,y,1.268,,0,5,5,5,1,stimuliTAFCfirst/nimnym006.wav,,,,,,,,,,,,,
,,,,,37,001,2024-05-31_11h26.23.058,mathesisv2,2024.1.3,MacIntel,58.82352941,,,,,,,,,,,,,,,,,x,,,,,,,,,,,,,,,,,,,,,,,,,,,,,,,,,,,,,,,,,,,,,,,,,,,,,,,,,,,,,,,475.069,476.353,y,1.265,,0,6,6,3,1,stimuliTAFCfirst/nimnym004.wav,,,,,,,,,,,,,
,,,,,37,001,2024-05-31_11h26.23.058,mathesisv2,2024.1.3,MacIntel,58.82352941,,,,,,,,,,,,,,,,,e,,,,,,,,,,,,,,,,,,,,,,,,,,,,,,,,,,,,,,,,,,,,,,,,,,,,,,,,,,,,,,,476.353,477.62,e,1.25,,1,0,7,0,1,stimuliTAFCfirst/nimnym001.wav,,,,,,,,,,,,,
,,,,,37,001,2024-05-31_11h26.23.058,mathesisv2,2024.1.3,MacIntel,58.82352941,,,,,,,,,,,,,,,,,x,,,,,,,,,,,,,,,,,,,,,,,,,,,,,,,,,,,,,,,,,,,,,,,,,,,,,,,,,,,,,,,477.621,479.023,y,1.386,,1,1,8,3,1,stimuliTAFCfirst/nimnym004.wav,,,,,,,,,,,,,
,,,,,37,001,2024-05-31_11h26.23.058,mathesisv2,2024.1.3,MacIntel,58.82352941,,,,,,,,,,,,,,,,,e,,,,,,,,,,,,,,,,,,,,,,,,,,,,,,,,,,,,,,,,,,,,,,,,,,,,,,,,,,,,,,,479.023,480.424,e,1.385,,1,2,9,1,1,stimuliTAFCfirst/nimnym002.wav,,,,,,,,,,,,,
,,,,,37,001,2024-05-31_11h26.23.058,mathesisv2,2024.1.3,MacIntel,58.82352941,,,,,,,,,,,,,,,,,y,,,,,,,,,,,,,,,,,,,,,,,,,,,,,,,,,,,,,,,,,,,,,,,,,,,,,,,,,,,,,,,480.424,481.807,y,1.368,,1,3,10,4,1,stimuliTAFCfirst/nimnym005.wav,,,,,,,,,,,,,
,,,,,37,001,2024-05-31_11h26.23.058,mathesisv2,2024.1.3,MacIntel,58.82352941,,,,,,,,,,,,,,,,,e,,,,,,,,,,,,,,,,,,,,,,,,,,,,,,,,,,,,,,,,,,,,,,,,,,,,,,,,,,,,,,,481.807,483.41,e,1.587,,1,4,11,2,1,stimuliTAFCfirst/nimnym003.wav,,,,,,,,,,,,,
,,,,,37,001,2024-05-31_11h26.23.058,mathesisv2,2024.1.3,MacIntel,58.82352941,,,,,,,,,,,,,,,,,y,,,,,,,,,,,,,,,,,,,,,,,,,,,,,,,,,,,,,,,,,,,,,,,,,,,,,,,,,,,,,,,483.41,484.827,y,1.402,,1,5,12,5,1,stimuliTAFCfirst/nimnym006.wav,,,,,,,,,,,,,
,,,,,37,001,2024-05-31_11h26.23.058,mathesisv2,2024.1.3,MacIntel,58.82352941,,,,,,,,,,,,,,,,,y,,,,,,,,,,,,,,,,,,,,,,,,,,,,,,,,,,,,,,,,,,,,,,,,,,,,,,,,,,,,,,,484.828,486.077,y,1.232,,1,6,13,6,1,stimuliTAFCfirst/nimnym007.wav,,,,,,,,,,,,,
,,,,,37,001,2024-05-31_11h26.23.058,mathesisv2,2024.1.3,MacIntel,58.82352941,,,,,,,,,,,,,,,,,y,486.077,488.563,space,2.469,,,,,,,,,,,,,,,,,,,,,,,,,,,,,,,,,,,,,,,,,,,,,,,,,,,,,,,,,,,,,,,,,,,,,,488.566,492.213,y,3.632,,0,0,0,5,1,stimuliTAFCsec/numnym006.wav,,
,,,,,37,001,2024-05-31_11h26.23.058,mathesisv2,2024.1.3,MacIntel,58.82352941,,,,,,,,,,,,,,,,,u,,,,,,,,,,,,,,,,,,,,,,,,,,,,,,,,,,,,,,,,,,,,,,,,,,,,,,,,,,,,,,,,,,,,,,,,,,492.213,493.632,u,1.401,,0,1,1,1,1,stimuliTAFCsec/numnym002.wav,,
,,,,,37,001,2024-05-31_11h26.23.058,mathesisv2,2024.1.3,MacIntel,58.82352941,,,,,,,,,,,,,,,,,y,,,,,,,,,,,,,,,,,,,,,,,,,,,,,,,,,,,,,,,,,,,,,,,,,,,,,,,,,,,,,,,,,,,,,,,,,,493.633,496.384,y,2.734,,0,2,2,4,1,stimuliTAFCsec/numnym005.wav,,
,,,,,37,001,2024-05-31_11h26.23.058,mathesisv2,2024.1.3,MacIntel,58.82352941,,,,,,,,,,,,,,,,,y,,,,,,,,,,,,,,,,,,,,,,,,,,,,,,,,,,,,,,,,,,,,,,,,,,,,,,,,,,,,,,,,,,,,,,,,,,496.384,498.22,y,1.819,,0,3,3,6,1,stimuliTAFCsec/numnym007.wav,,
,,,,,37,001,2024-05-31_11h26.23.058,mathesisv2,2024.1.3,MacIntel,58.82352941,,,,,,,,,,,,,,,,,u,,,,,,,,,,,,,,,,,,,,,,,,,,,,,,,,,,,,,,,,,,,,,,,,,,,,,,,,,,,,,,,,,,,,,,,,,,498.221,499.605,u,1.369,,0,4,4,2,1,stimuliTAFCsec/numnym003.wav,,
,,,,,37,001,2024-05-31_11h26.23.058,mathesisv2,2024.1.3,MacIntel,58.82352941,,,,,,,,,,,,,,,,,u,,,,,,,,,,,,,,,,,,,,,,,,,,,,,,,,,,,,,,,,,,,,,,,,,,,,,,,,,,,,,,,,,,,,,,,,,,499.605,501.12,u,1.5,,0,5,5,0,1,stimuliTAFCsec/numnym001.wav,,
,,,,,37,001,2024-05-31_11h26.23.058,mathesisv2,2024.1.3,MacIntel,58.82352941,,,,,,,,,,,,,,,,,x,,,,,,,,,,,,,,,,,,,,,,,,,,,,,,,,,,,,,,,,,,,,,,,,,,,,,,,,,,,,,,,,,,,,,,,,,,501.121,502.939,u,1.802,,0,6,6,3,1,stimuliTAFCsec/numnym004.wav,,
,,,,,37,001,2024-05-31_11h26.23.058,mathesisv2,2024.1.3,MacIntel,58.82352941,,,,,,,,,,,,,,,,,x,,,,,,,,,,,,,,,,,,,,,,,,,,,,,,,,,,,,,,,,,,,,,,,,,,,,,,,,,,,,,,,,,,,,,,,,,,502.939,504.523,u,1.566,,1,0,7,3,1,stimuliTAFCsec/numnym004.wav,,
,,,,,37,001,2024-05-31_11h26.23.058,mathesisv2,2024.1.3,MacIntel,58.82352941,,,,,,,,,,,,,,,,,y,,,,,,,,,,,,,,,,,,,,,,,,,,,,,,,,,,,,,,,,,,,,,,,,,,,,,,,,,,,,,,,,,,,,,,,,,,504.523,505.856,y,1.316,,1,1,8,5,1,stimuliTAFCsec/numnym006.wav,,
,,,,,37,001,2024-05-31_11h26.23.058,mathesisv2,2024.1.3,MacIntel,58.82352941,,,,,,,,,,,,,,,,,u,,,,,,,,,,,,,,,,,,,,,,,,,,,,,,,,,,,,,,,,,,,,,,,,,,,,,,,,,,,,,,,,,,,,,,,,,,505.857,507.175,u,1.301,,1,2,9,2,1,stimuliTAFCsec/numnym003.wav,,
,,,,,37,001,2024-05-31_11h26.23.058,mathesisv2,2024.1.3,MacIntel,58.82352941,,,,,,,,,,,,,,,,,u,,,,,,,,,,,,,,,,,,,,,,,,,,,,,,,,,,,,,,,,,,,,,,,,,,,,,,,,,,,,,,,,,,,,,,,,,,507.176,508.427,u,1.235,,1,3,10,1,1,stimuliTAFCsec/numnym002.wav,,
,,,,,37,001,2024-05-31_11h26.23.058,mathesisv2,2024.1.3,MacIntel,58.82352941,,,,,,,,,,,,,,,,,u,,,,,,,,,,,,,,,,,,,,,,,,,,,,,,,,,,,,,,,,,,,,,,,,,,,,,,,,,,,,,,,,,,,,,,,,,,508.427,509.626,u,1.185,,1,4,11,0,1,stimuliTAFCsec/numnym001.wav,,
,,,,,37,001,2024-05-31_11h26.23.058,mathesisv2,2024.1.3,MacIntel,58.82352941,,,,,,,,,,,,,,,,,y,,,,,,,,,,,,,,,,,,,,,,,,,,,,,,,,,,,,,,,,,,,,,,,,,,,,,,,,,,,,,,,,,,,,,,,,,,509.626,511.494,y,1.851,,1,5,12,6,1,stimuliTAFCsec/numnym007.wav,,
,,,,,37,001,2024-05-31_11h26.23.058,mathesisv2,2024.1.3,MacIntel,58.82352941,,,,,,,,,,,,,,,,,y,,,,,,,,,,,,,,,,,,,,,,,,,,,,,,,,,,,,,,,,,,,,,,,,,,,,,,,,,,,,,,,,,,,,,,,,,,511.494,512.763,y,1.253,,1,6,13,4,1,stimuliTAFCsec/numnym005.wav,,
,,,,,37,001,2024-05-31_11h26.23.058,mathesisv2,2024.1.3,MacIntel,58.82352941,,,,,,,,,,,,,,,,,e,,,,,,,,,,,,,,,,,,,,,,,,,,512.763,515.281,space,2.503,,,,,,,,,,,,,,,,,,,,,,,,,,,,,,,,,,515.283,518.134,e,2.835,,0,0,0,0,1,stimuliTAFCfirst/nimnym001.wav,,,,,,,,,,,,,
,,,,,37,001,2024-05-31_11h26.23.058,mathesisv2,2024.1.3,MacIntel,58.82352941,,,,,,,,,,,,,,,,,y,,,,,,,,,,,,,,,,,,,,,,,,,,,,,,,,,,,,,,,,,,,,,,,,,,,,,,,,,,,,,,,518.135,519.484,y,1.334,,0,1,1,6,1,stimuliTAFCfirst/nimnym007.wav,,,,,,,,,,,,,
,,,,,37,001,2024-05-31_11h26.23.058,mathesisv2,2024.1.3,MacIntel,58.82352941,,,,,,,,,,,,,,,,,x,,,,,,,,,,,,,,,,,,,,,,,,,,,,,,,,,,,,,,,,,,,,,,,,,,,,,,,,,,,,,,,519.484,520.697,y,1.197,,0,2,2,3,1,stimuliTAFCfirst/nimnym004.wav,,,,,,,,,,,,,
,,,,,37,001,2024-05-31_11h26.23.058,mathesisv2,2024.1.3,MacIntel,58.82352941,,,,,,,,,,,,,,,,,e,,,,,,,,,,,,,,,,,,,,,,,,,,,,,,,,,,,,,,,,,,,,,,,,,,,,,,,,,,,,,,,520.698,522.118,e,1.403,,0,3,3,1,1,stimuliTAFCfirst/nimnym002.wav,,,,,,,,,,,,,
,,,,,37,001,2024-05-31_11h26.23.058,mathesisv2,2024.1.3,MacIntel,58.82352941,,,,,,,,,,,,,,,,,e,,,,,,,,,,,,,,,,,,,,,,,,,,,,,,,,,,,,,,,,,,,,,,,,,,,,,,,,,,,,,,,522.119,523.453,e,1.32,,0,4,4,2,1,stimuliTAFCfirst/nimnym003.wav,,,,,,,,,,,,,
,,,,,37,001,2024-05-31_11h26.23.058,mathesisv2,2024.1.3,MacIntel,58.82352941,,,,,,,,,,,,,,,,,y,,,,,,,,,,,,,,,,,,,,,,,,,,,,,,,,,,,,,,,,,,,,,,,,,,,,,,,,,,,,,,,523.454,525.021,y,1.55,,0,5,5,4,1,stimuliTAFCfirst/nimnym005.wav,,,,,,,,,,,,,
,,,,,37,001,2024-05-31_11h26.23.058,mathesisv2,2024.1.3,MacIntel,58.82352941,,,,,,,,,,,,,,,,,y,,,,,,,,,,,,,,,,,,,,,,,,,,,,,,,,,,,,,,,,,,,,,,,,,,,,,,,,,,,,,,,525.022,526.372,y,1.335,,0,6,6,5,1,stimuliTAFCfirst/nimnym006.wav,,,,,,,,,,,,,
,,,,,37,001,2024-05-31_11h26.23.058,mathesisv2,2024.1.3,MacIntel,58.82352941,,,,,,,,,,,,,,,,,y,,,,,,,,,,,,,,,,,,,,,,,,,,,,,,,,,,,,,,,,,,,,,,,,,,,,,,,,,,,,,,,526.372,527.655,y,1.268,,1,0,7,5,1,stimuliTAFCfirst/nimnym006.wav,,,,,,,,,,,,,
,,,,,37,001,2024-05-31_11h26.23.058,mathesisv2,2024.1.3,MacIntel,58.82352941,,,,,,,,,,,,,,,,,x,,,,,,,,,,,,,,,,,,,,,,,,,,,,,,,,,,,,,,,,,,,,,,,,,,,,,,,,,,,,,,,527.655,528.808,y,1.136,,1,1,8,3,1,stimuliTAFCfirst/nimnym004.wav,,,,,,,,,,,,,
,,,,,37,001,2024-05-31_11h26.23.058,mathesisv2,2024.1.3,MacIntel,58.82352941,,,,,,,,,,,,,,,,,e,,,,,,,,,,,,,,,,,,,,,,,,,,,,,,,,,,,,,,,,,,,,,,,,,,,,,,,,,,,,,,,528.809,530.759,e,1.934,,1,2,9,2,1,stimuliTAFCfirst/nimnym003.wav,,,,,,,,,,,,,
,,,,,37,001,2024-05-31_11h26.23.058,mathesisv2,2024.1.3,MacIntel,58.82352941,,,,,,,,,,,,,,,,,e,,,,,,,,,,,,,,,,,,,,,,,,,,,,,,,,,,,,,,,,,,,,,,,,,,,,,,,,,,,,,,,530.759,532.219,e,1.443,,1,3,10,0,1,stimuliTAFCfirst/nimnym001.wav,,,,,,,,,,,,,
,,,,,37,001,2024-05-31_11h26.23.058,mathesisv2,2024.1.3,MacIntel,58.82352941,,,,,,,,,,,,,,,,,e,,,,,,,,,,,,,,,,,,,,,,,,,,,,,,,,,,,,,,,,,,,,,,,,,,,,,,,,,,,,,,,532.219,533.593,e,1.358,,1,4,11,1,1,stimuliTAFCfirst/nimnym002.wav,,,,,,,,,,,,,
,,,,,37,001,2024-05-31_11h26.23.058,mathesisv2,2024.1.3,MacIntel,58.82352941,,,,,,,,,,,,,,,,,y,,,,,,,,,,,,,,,,,,,,,,,,,,,,,,,,,,,,,,,,,,,,,,,,,,,,,,,,,,,,,,,533.594,534.895,y,1.284,,1,5,12,6,1,stimuliTAFCfirst/nimnym007.wav,,,,,,,,,,,,,
,,,,,37,001,2024-05-31_11h26.23.058,mathesisv2,2024.1.3,MacIntel,58.82352941,,,,,,,,,,,,,,,,,y,,,,,,,,,,,,,,,,,,,,,,,,,,,,,,,,,,,,,,,,,,,,,,,,,,,,,,,,,,,,,,,534.895,536.262,y,1.352,,1,6,13,4,1,stimuliTAFCfirst/nimnym005.wav,,,,,,,,,,,,,
,,,,,37,001,2024-05-31_11h26.23.058,mathesisv2,2024.1.3,MacIntel,58.82352941,,,,,,,,,,,,,,,,,y,536.262,539.965,space,3.687,,,,,,,,,,,,,,,,,,,,,,,,,,,,,,,,,,,,,,,,,,,,,,,,,,,,,,,,,,,,,,,,,,,,,,539.969,544.453,y,4.468,,0,0,0,6,1,stimuliTAFCsec/numnym007.wav,,
,,,,,37,001,2024-05-31_11h26.23.058,mathesisv2,2024.1.3,MacIntel,58.82352941,,,,,,,,,,,,,,,,,u,,,,,,,,,,,,,,,,,,,,,,,,,,,,,,,,,,,,,,,,,,,,,,,,,,,,,,,,,,,,,,,,,,,,,,,,,,544.453,545.669,u,1.201,,0,1,1,0,1,stimuliTAFCsec/numnym001.wav,,
,,,,,37,001,2024-05-31_11h26.23.058,mathesisv2,2024.1.3,MacIntel,58.82352941,,,,,,,,,,,,,,,,,y,,,,,,,,,,,,,,,,,,,,,,,,,,,,,,,,,,,,,,,,,,,,,,,,,,,,,,,,,,,,,,,,,,,,,,,,,,545.669,549.188,y,3.502,,0,2,2,5,1,stimuliTAFCsec/numnym006.wav,,
,,,,,37,001,2024-05-31_11h26.23.058,mathesisv2,2024.1.3,MacIntel,58.82352941,,,,,,,,,,,,,,,,,y,,,,,,,,,,,,,,,,,,,,,,,,,,,,,,,,,,,,,,,,,,,,,,,,,,,,,,,,,,,,,,,,,,,,,,,,,,549.188,550.655,y,1.449,,0,3,3,4,1,stimuliTAFCsec/numnym005.wav,,
,,,,,37,001,2024-05-31_11h26.23.058,mathesisv2,2024.1.3,MacIntel,58.82352941,,,,,,,,,,,,,,,,,u,,,,,,,,,,,,,,,,,,,,,,,,,,,,,,,,,,,,,,,,,,,,,,,,,,,,,,,,,,,,,,,,,,,,,,,,,,550.655,552.388,u,1.715,,0,4,4,2,1,stimuliTAFCsec/numnym003.wav,,
,,,,,37,001,2024-05-31_11h26.23.058,mathesisv2,2024.1.3,MacIntel,58.82352941,,,,,,,,,,,,,,,,,u,,,,,,,,,,,,,,,,,,,,,,,,,,,,,,,,,,,,,,,,,,,,,,,,,,,,,,,,,,,,,,,,,,,,,,,,,,552.388,553.609,u,1.205,,0,5,5,1,1,stimuliTAFCsec/numnym002.wav,,
,,,,,37,001,2024-05-31_11h26.23.058,mathesisv2,2024.1.3,MacIntel,58.82352941,,,,,,,,,,,,,,,,,x,,,,,,,,,,,,,,,,,,,,,,,,,,,,,,,,,,,,,,,,,,,,,,,,,,,,,,,,,,,,,,,,,,,,,,,,,,553.61,555.01,y,1.384,,0,6,6,3,1,stimuliTAFCsec/numnym004.wav,,
,,,,,37,001,2024-05-31_11h26.23.058,mathesisv2,2024.1.3,MacIntel,58.82352941,,,,,,,,,,,,,,,,,x,,,,,,,,,,,,,,,,,,,,,,,,,,,,,,,,,,,,,,,,,,,,,,,,,,,,,,,,,,,,,,,,,,,,,,,,,,555.01,556.308,y,1.283,,1,0,7,3,1,stimuliTAFCsec/numnym004.wav,,
,,,,,37,001,2024-05-31_11h26.23.058,mathesisv2,2024.1.3,MacIntel,58.82352941,,,,,,,,,,,,,,,,,u,,,,,,,,,,,,,,,,,,,,,,,,,,,,,,,,,,,,,,,,,,,,,,,,,,,,,,,,,,,,,,,,,,,,,,,,,,556.309,557.643,u,1.318,,1,1,8,1,1,stimuliTAFCsec/numnym002.wav,,
,,,,,37,001,2024-05-31_11h26.23.058,mathesisv2,2024.1.3,MacIntel,58.82352941,,,,,,,,,,,,,,,,,y,,,,,,,,,,,,,,,,,,,,,,,,,,,,,,,,,,,,,,,,,,,,,,,,,,,,,,,,,,,,,,,,,,,,,,,,,,557.644,559.011,y,1.352,,1,2,9,6,1,stimuliTAFCsec/numnym007.wav,,
,,,,,37,001,2024-05-31_11h26.23.058,mathesisv2,2024.1.3,MacIntel,58.82352941,,,,,,,,,,,,,,,,,u,,,,,,,,,,,,,,,,,,,,,,,,,,,,,,,,,,,,,,,,,,,,,,,,,,,,,,,,,,,,,,,,,,,,,,,,,,559.012,560.38,u,1.351,,1,3,10,2,1,stimuliTAFCsec/numnym003.wav,,
,,,,,37,001,2024-05-31_11h26.23.058,mathesisv2,2024.1.3,MacIntel,58.82352941,,,,,,,,,,,,,,,,,y,,,,,,,,,,,,,,,,,,,,,,,,,,,,,,,,,,,,,,,,,,,,,,,,,,,,,,,,,,,,,,,,,,,,,,,,,,560.38,563.198,y,2.802,,1,4,11,4,1,stimuliTAFCsec/numnym005.wav,,
,,,,,37,001,2024-05-31_11h26.23.058,mathesisv2,2024.1.3,MacIntel,58.82352941,,,,,,,,,,,,,,,,,y,,,,,,,,,,,,,,,,,,,,,,,,,,,,,,,,,,,,,,,,,,,,,,,,,,,,,,,,,,,,,,,,,,,,,,,,,,563.198,564.599,y,1.384,,1,5,12,5,1,stimuliTAFCsec/numnym006.wav,,
,,,,,37,001,2024-05-31_11h26.23.058,mathesisv2,2024.1.3,MacIntel,58.82352941,,,,,,,,,,,,,,,,,u,,,,,,,,,,,,,,,,,,,,,,,,,,,,,,,,,,,,,,,,,,,,,,,,,,,,,,,,,,,,,,,,,,,,,,,,,,564.599,566.182,u,1.566,,1,6,13,0,1,stimuliTAFCsec/numnym001.wav,,
,,,,,37,001,2024-05-31_11h26.23.058,mathesisv2,2024.1.3,MacIntel,58.82352941,,,,,,,,,,,,,,,,,e,,,,,,,,,,,,,,,,,,,,,,,,,,566.182,567.835,space,1.636,,,,,,,,,,,,,,,,,,,,,,,,,,,,,,,,,,567.837,570.235,e,2.381,,0,0,0,1,1,stimuliTAFCfirst/nimnym002.wav,,,,,,,,,,,,,
,,,,,37,001,2024-05-31_11h26.23.058,mathesisv2,2024.1.3,MacIntel,58.82352941,,,,,,,,,,,,,,,,,y,,,,,,,,,,,,,,,,,,,,,,,,,,,,,,,,,,,,,,,,,,,,,,,,,,,,,,,,,,,,,,,570.235,571.519,y,1.267,,0,1,1,5,1,stimuliTAFCfirst/nimnym006.wav,,,,,,,,,,,,,
,,,,,37,001,2024-05-31_11h26.23.058,mathesisv2,2024.1.3,MacIntel,58.82352941,,,,,,,,,,,,,,,,,x,,,,,,,,,,,,,,,,,,,,,,,,,,,,,,,,,,,,,,,,,,,,,,,,,,,,,,,,,,,,,,,571.519,572.769,y,1.233,,0,2,2,3,1,stimuliTAFCfirst/nimnym004.wav,,,,,,,,,,,,,
,,,,,37,001,2024-05-31_11h26.23.058,mathesisv2,2024.1.3,MacIntel,58.82352941,,,,,,,,,,,,,,,,,y,,,,,,,,,,,,,,,,,,,,,,,,,,,,,,,,,,,,,,,,,,,,,,,,,,,,,,,,,,,,,,,572.77,573.906,y,1.119,,0,3,3,6,1,stimuliTAFCfirst/nimnym007.wav,,,,,,,,,,,,,
,,,,,37,001,2024-05-31_11h26.23.058,mathesisv2,2024.1.3,MacIntel,58.82352941,,,,,,,,,,,,,,,,,e,,,,,,,,,,,,,,,,,,,,,,,,,,,,,,,,,,,,,,,,,,,,,,,,,,,,,,,,,,,,,,,573.906,575.157,e,1.236,,0,4,4,0,1,stimuliTAFCfirst/nimnym001.wav,,,,,,,,,,,,,
,,,,,37,001,2024-05-31_11h26.23.058,mathesisv2,2024.1.3,MacIntel,58.82352941,,,,,,,,,,,,,,,,,y,,,,,,,,,,,,,,,,,,,,,,,,,,,,,,,,,,,,,,,,,,,,,,,,,,,,,,,,,,,,,,,575.157,576.341,e,1.167,,0,5,5,4,1,stimuliTAFCfirst/nimnym005.wav,,,,,,,,,,,,,
,,,,,37,001,2024-05-31_11h26.23.058,mathesisv2,2024.1.3,MacIntel,58.82352941,,,,,,,,,,,,,,,,,e,,,,,,,,,,,,,,,,,,,,,,,,,,,,,,,,,,,,,,,,,,,,,,,,,,,,,,,,,,,,,,,576.341,577.508,e,1.152,,0,6,6,2,1,stimuliTAFCfirst/nimnym003.wav,,,,,,,,,,,,,
,,,,,37,001,2024-05-31_11h26.23.058,mathesisv2,2024.1.3,MacIntel,58.82352941,,,,,,,,,,,,,,,,,e,,,,,,,,,,,,,,,,,,,,,,,,,,,,,,,,,,,,,,,,,,,,,,,,,,,,,,,,,,,,,,,577.508,578.643,e,1.118,,1,0,7,1,1,stimuliTAFCfirst/nimnym002.wav,,,,,,,,,,,,,
,,,,,37,001,2024-05-31_11h26.23.058,mathesisv2,2024.1.3,MacIntel,58.82352941,,,,,,,,,,,,,,,,,e,,,,,,,,,,,,,,,,,,,,,,,,,,,,,,,,,,,,,,,,,,,,,,,,,,,,,,,,,,,,,,,578.643,579.859,e,1.2,,1,1,8,2,1,stimuliTAFCfirst/nimnym003.wav,,,,,,,,,,,,,
,,,,,37,001,2024-05-31_11h26.23.058,mathesisv2,2024.1.3,MacIntel,58.82352941,,,,,,,,,,,,,,,,,y,,,,,,,,,,,,,,,,,,,,,,,,,,,,,,,,,,,,,,,,,,,,,,,,,,,,,,,,,,,,,,,579.859,582.879,e,3.004,,1,2,9,5,1,stimuliTAFCfirst/nimnym006.wav,,,,,,,,,,,,,
,,,,,37,001,2024-05-31_11h26.23.058,mathesisv2,2024.1.3,MacIntel,58.82352941,,,,,,,,,,,,,,,,,y,,,,,,,,,,,,,,,,,,,,,,,,,,,,,,,,,,,,,,,,,,,,,,,,,,,,,,,,,,,,,,,582.88,585.579,e,2.683,,1,3,10,4,1,stimuliTAFCfirst/nimnym005.wav,,,,,,,,,,,,,
,,,,,37,001,2024-05-31_11h26.23.058,mathesisv2,2024.1.3,MacIntel,58.82352941,,,,,,,,,,,,,,,,,e,,,,,,,,,,,,,,,,,,,,,,,,,,,,,,,,,,,,,,,,,,,,,,,,,,,,,,,,,,,,,,,585.579,587.048,e,1.452,,1,4,11,0,1,stimuliTAFCfirst/nimnym001.wav,,,,,,,,,,,,,
,,,,,37,001,2024-05-31_11h26.23.058,mathesisv2,2024.1.3,MacIntel,58.82352941,,,,,,,,,,,,,,,,,x,,,,,,,,,,,,,,,,,,,,,,,,,,,,,,,,,,,,,,,,,,,,,,,,,,,,,,,,,,,,,,,587.048,588.384,e,1.319,,1,5,12,3,1,stimuliTAFCfirst/nimnym004.wav,,,,,,,,,,,,,
,,,,,37,001,2024-05-31_11h26.23.058,mathesisv2,2024.1.3,MacIntel,58.82352941,,,,,,,,,,,,,,,,,y,,,,,,,,,,,,,,,,,,,,,,,,,,,,,,,,,,,,,,,,,,,,,,,,,,,,,,,,,,,,,,,588.384,589.732,y,1.333,,1,6,13,6,1,stimuliTAFCfirst/nimnym007.wav,,,,,,,,,,,,,
,,,,,37,001,2024-05-31_11h26.23.058,mathesisv2,2024.1.3,MacIntel,58.82352941,,,,,,,,,,,,,,,,,u,589.733,591.584,space,1.834,,,,,,,,,,,,,,,,,,,,,,,,,,,,,,,,,,,,,,,,,,,,,,,,,,,,,,,,,,,,,,,,,,,,,,591.588,594.037,u,2.433,,0,0,0,2,1,stimuliTAFCsec/numnym003.wav,,
,,,,,37,001,2024-05-31_11h26.23.058,mathesisv2,2024.1.3,MacIntel,58.82352941,,,,,,,,,,,,,,,,,x,,,,,,,,,,,,,,,,,,,,,,,,,,,,,,,,,,,,,,,,,,,,,,,,,,,,,,,,,,,,,,,,,,,,,,,,,,594.037,596.288,y,2.235,,0,1,1,3,1,stimuliTAFCsec/numnym004.wav,,
,,,,,37,001,2024-05-31_11h26.23.058,mathesisv2,2024.1.3,MacIntel,58.82352941,,,,,,,,,,,,,,,,,y,,,,,,,,,,,,,,,,,,,,,,,,,,,,,,,,,,,,,,,,,,,,,,,,,,,,,,,,,,,,,,,,,,,,,,,,,,596.288,598.09,y,1.787,,0,2,2,6,1,stimuliTAFCsec/numnym007.wav,,
,,,,,37,001,2024-05-31_11h26.23.058,mathesisv2,2024.1.3,MacIntel,58.82352941,,,,,,,,,,,,,,,,,y,,,,,,,,,,,,,,,,,,,,,,,,,,,,,,,,,,,,,,,,,,,,,,,,,,,,,,,,,,,,,,,,,,,,,,,,,,598.091,599.491,y,1.383,,0,3,3,4,1,stimuliTAFCsec/numnym005.wav,,
,,,,,37,001,2024-05-31_11h26.23.058,mathesisv2,2024.1.3,MacIntel,58.82352941,,,,,,,,,,,,,,,,,u,,,,,,,,,,,,,,,,,,,,,,,,,,,,,,,,,,,,,,,,,,,,,,,,,,,,,,,,,,,,,,,,,,,,,,,,,,599.491,600.924,u,1.418,,0,4,4,0,1,stimuliTAFCsec/numnym001.wav,,
,,,,,37,001,2024-05-31_11h26.23.058,mathesisv2,2024.1.3,MacIntel,58.82352941,,,,,,,,,,,,,,,,,u,,,,,,,,,,,,,,,,,,,,,,,,,,,,,,,,,,,,,,,,,,,,,,,,,,,,,,,,,,,,,,,,,,,,,,,,,,600.924,602.274,u,1.334,,0,5,5,1,1,stimuliTAFCsec/numnym002.wav,,
,,,,,37,001,2024-05-31_11h26.23.058,mathesisv2,2024.1.3,MacIntel,58.82352941,,,,,,,,,,,,,,,,,y,,,,,,,,,,,,,,,,,,,,,,,,,,,,,,,,,,,,,,,,,,,,,,,,,,,,,,,,,,,,,,,,,,,,,,,,,,602.274,605.628,y,3.338,,0,6,6,5,1,stimuliTAFCsec/numnym006.wav,,
,,,,,37,001,2024-05-31_11h26.23.058,mathesisv2,2024.1.3,MacIntel,58.82352941,,,,,,,,,,,,,,,,,y,,,,,,,,,,,,,,,,,,,,,,,,,,,,,,,,,,,,,,,,,,,,,,,,,,,,,,,,,,,,,,,,,,,,,,,,,,605.628,608.579,y,2.935,,1,0,7,4,1,stimuliTAFCsec/numnym005.wav,,
,,,,,37,001,2024-05-31_11h26.23.058,mathesisv2,2024.1.3,MacIntel,58.82352941,,,,,,,,,,,,,,,,,y,,,,,,,,,,,,,,,,,,,,,,,,,,,,,,,,,,,,,,,,,,,,,,,,,,,,,,,,,,,,,,,,,,,,,,,,,,608.579,610.014,y,1.417,,1,1,8,5,1,stimuliTAFCsec/numnym006.wav,,
,,,,,37,001,2024-05-31_11h26.23.058,mathesisv2,2024.1.3,MacIntel,58.82352941,,,,,,,,,,,,,,,,,u,,,,,,,,,,,,,,,,,,,,,,,,,,,,,,,,,,,,,,,,,,,,,,,,,,,,,,,,,,,,,,,,,,,,,,,,,,610.014,611.364,u,1.335,,1,2,9,2,1,stimuliTAFCsec/numnym003.wav,,
,,,,,37,001,2024-05-31_11h26.23.058,mathesisv2,2024.1.3,MacIntel,58.82352941,,,,,,,,,,,,,,,,,u,,,,,,,,,,,,,,,,,,,,,,,,,,,,,,,,,,,,,,,,,,,,,,,,,,,,,,,,,,,,,,,,,,,,,,,,,,611.365,612.53,u,1.151,,1,3,10,1,1,stimuliTAFCsec/numnym002.wav,,
,,,,,37,001,2024-05-31_11h26.23.058,mathesisv2,2024.1.3,MacIntel,58.82352941,,,,,,,,,,,,,,,,,x,,,,,,,,,,,,,,,,,,,,,,,,,,,,,,,,,,,,,,,,,,,,,,,,,,,,,,,,,,,,,,,,,,,,,,,,,,612.53,613.6,u,1.053,,1,4,11,3,1,stimuliTAFCsec/numnym004.wav,,
,,,,,37,001,2024-05-31_11h26.23.058,mathesisv2,2024.1.3,MacIntel,58.82352941,,,,,,,,,,,,,,,,,u,,,,,,,,,,,,,,,,,,,,,,,,,,,,,,,,,,,,,,,,,,,,,,,,,,,,,,,,,,,,,,,,,,,,,,,,,,613.6,615.318,u,1.702,,1,5,12,0,1,stimuliTAFCsec/numnym001.wav,,
,,,,,37,001,2024-05-31_11h26.23.058,mathesisv2,2024.1.3,MacIntel,58.82352941,,,,,,,,,,,,,,,,,y,,,,,,,,,,,,,,,,,,,,,,,,,,,,,,,,,,,,,,,,,,,,,,,,,,,,,,,,,,,,,,,,,,,,,,,,,,615.318,616.701,y,1.367,,1,6,13,6,1,stimuliTAFCsec/numnym007.wav,,
,,,,,37,001,2024-05-31_11h26.23.058,mathesisv2,2024.1.3,MacIntel,58.82352941,,,,,,,,,,,,,,,,,,,,,,,,,,,,,,,,,,,,,,,,,,,616.701,630.261,space,13.543,,,,,,,,,,,,,,,,,,,,,,,,,,,,,,,,,,,,,,,,,,,,,,,,,,,,,,,,630.265,635.265
