﻿start.started,start.stopped,startkey_resp.keys,startkey_resp.rt,startkey_resp.duration,participant,session,date,expName,psychopyVersion,OS,frameRate,attention.started,attention.stopped,key_resp.keys,key_resp.rt,key_resp.duration,stimuliAXBmix.started,stimuliAXBmix.stopped,stimuliAXBkey_resp.keys,stimuliAXBkey_resp.rt,stimuliAXBkey_resp.duration,stimuliAXBtesttrials.thisRepN,stimuliAXBtesttrials.thisTrialN,stimuliAXBtesttrials.thisN,stimuliAXBtesttrials.thisIndex,stimuliAXBtesttrials.ran,stimuliAXBmix,Correct,attentionsecond.started,attentionsecond.stopped,attentionsecondkey_resp.keys,attentionsecondkey_resp.rt,attentionsecondkey_resp.duration,instAXBreal.started,instAXBreal.stopped,instAXBrealkey_resp.keys,instAXBrealkey_resp.rt,instAXBrealkey_resp.duration,stimuliAXBmixfirst.thisRepN,stimuliAXBmixfirst.thisTrialN,stimuliAXBmixfirst.thisN,stimuliAXBmixfirst.thisIndex,stimuliAXBmixfirst.ran,attentionfirst.started,attentionfirst.stopped,attentionfirstkey_resp.keys,attentionfirstkey_resp.rt,attentionfirstkey_resp.duration,stimuliAXbmixsec.thisRepN,stimuliAXbmixsec.thisTrialN,stimuliAXbmixsec.thisN,stimuliAXbmixsec.thisIndex,stimuliAXbmixsec.ran,kaffeepause.started,kaffeepause.stopped,kaffeepausekey_resp.keys,kaffeepausekey_resp.rt,kaffeepausekey_resp.duration,instTAFCtest.started,instTAFCtest.stopped,instTAFCtestkey_resp.keys,instTAFCtestkey_resp.rt,instTAFCtestkey_resp.duration,testTAFCmixfirst.started,testTAFCmixfirst.stopped,testTAFCmixfirstkey_resp.keys,testTAFCmixfirstkey_resp.rt,testTAFCmixfirstkey_resp.duration,testTAFCmixfirsttrials.thisRepN,testTAFCmixfirsttrials.thisTrialN,testTAFCmixfirsttrials.thisN,testTAFCmixfirsttrials.thisIndex,testTAFCmixfirsttrials.ran,testTAFCmixfirst,testTAFCmixsec.started,testTAFCmixsec.stopped,testTAFCmixseckey_resp.keys,testTAFCmixseckey_resp.rt,testTAFCmixseckey_resp.duration,testTAFCmixsectrials.thisRepN,testTAFCmixsectrials.thisTrialN,testTAFCmixsectrials.thisN,testTAFCmixsectrials.thisIndex,testTAFCmixsectrials.ran,testTAFCmixsec,instTAFCreal.started,instTAFCreal.stopped,instTAFCrealkey_resp.keys,instTAFCrealkey_resp.rt,instTAFCrealkey_resp.duration,stimuliTAFCfirst.started,stimuliTAFCfirst.stopped,stimuliTAFCfirstkey_resp.keys,stimuliTAFCfirstkey_resp.rt,stimuliTAFCfirstkey_resp.duration,stimuliTAFCfirsttrials.thisRepN,stimuliTAFCfirsttrials.thisTrialN,stimuliTAFCfirsttrials.thisN,stimuliTAFCfirsttrials.thisIndex,stimuliTAFCfirsttrials.ran,stimuliTAFCfirst,stimuliTAFCsec.started,stimuliTAFCsec.stopped,stimuliTAFCseckey_resp.keys,stimuliTAFCseckey_resp.rt,stimuliTAFCseckey_resp.duration,stimuliTAFCsectrials.thisRepN,stimuliTAFCsectrials.thisTrialN,stimuliTAFCsectrials.thisN,stimuliTAFCsectrials.thisIndex,stimuliTAFCsectrials.ran,stimuliTAFCsec,end.started,end.stopped
0.0019,34.4173,space,34.3659,,27,001,2024-06-05_15h25.49.083,mathesisv2,2024.1.3,Win32,60.24096386,,,,,,,,,,,,,,,,,,,,,,,,,,,,,,,,,,,,,,,,,,,,,,,,,,,,,,,,,,,,,,,,,,,,,,,,,,,,,,,,,,,,,,,,,,,,,,,,,,,,,,,
,,,,,27,001,2024-06-05_15h25.49.083,mathesisv2,2024.1.3,Win32,60.24096386,34.4185,50.1031,space,15.6182,,,,,,,,,,,,,,,,,,,,,,,,,,,,,,,,,,,,,,,,,,,,,,,,,,,,,,,,,,,,,,,,,,,,,,,,,,,,,,,,,,,,,,,,,,,,,,,,,,,
,,,,,27,001,2024-06-05_15h25.49.083,mathesisv2,2024.1.3,Win32,60.24096386,,,,,,50.1767,57.144,l,6.9395,,0,0,0,0,1,stimuliAXBmix/iiystimulus.wav,l,,,,,,,,,,,,,,,,,,,,,,,,,,,,,,,,,,,,,,,,,,,,,,,,,,,,,,,,,,,,,,,,,,,,,,,,,,,,,,,,,,,,,,
,,,,,27,001,2024-06-05_15h25.49.083,mathesisv2,2024.1.3,Win32,60.24096386,,,,,,57.1718,62.2383,l,5.0528,,0,1,1,3,1,stimuliAXBmix/yyustimulus.wav,l,,,,,,,,,,,,,,,,,,,,,,,,,,,,,,,,,,,,,,,,,,,,,,,,,,,,,,,,,,,,,,,,,,,,,,,,,,,,,,,,,,,,,,
,,,,,27,001,2024-06-05_15h25.49.083,mathesisv2,2024.1.3,Win32,60.24096386,,,,,,62.261,68.8489,f,6.579,,0,2,2,2,1,stimuliAXBmix/yuustimulus.wav,f,,,,,,,,,,,,,,,,,,,,,,,,,,,,,,,,,,,,,,,,,,,,,,,,,,,,,,,,,,,,,,,,,,,,,,,,,,,,,,,,,,,,,,
,,,,,27,001,2024-06-05_15h25.49.083,mathesisv2,2024.1.3,Win32,60.24096386,,,,,,68.8726,74.0815,f,5.2036,,0,3,3,1,1,stimuliAXBmix/iyystimulus.wav,f,,,,,,,,,,,,,,,,,,,,,,,,,,,,,,,,,,,,,,,,,,,,,,,,,,,,,,,,,,,,,,,,,,,,,,,,,,,,,,,,,,,,,,
,,,,,27,001,2024-06-05_15h25.49.083,mathesisv2,2024.1.3,Win32,60.24096386,,,,,,,,,,,,,,,,,,74.1056,78.3225,space,4.1952,,,,,,,,,,,,,,,,,,,,,,,,,,,,,,,,,,,,,,,,,,,,,,,,,,,,,,,,,,,,,,,,,,,,,,,,,,,,,,,,,,
,,,,,27,001,2024-06-05_15h25.49.083,mathesisv2,2024.1.3,Win32,60.24096386,,,,,,,,,,,,,,,,,,,,,,,78.323,109.0747,space,30.7269,,,,,,,,,,,,,,,,,,,,,,,,,,,,,,,,,,,,,,,,,,,,,,,,,,,,,,,,,,,,,,,,,,,,,,,,,,,,,
,,,,,27,001,2024-06-05_15h25.49.083,mathesisv2,2024.1.3,Win32,60.24096386,,,,,,109.1433,112.5356,l,3.379,,,,,,,stimuliAXBmix/yyustimulus.wav,l,,,,,,,,,,,0,0,0,3,1,,,,,,,,,,,,,,,,,,,,,,,,,,,,,,,,,,,,,,,,,,,,,,,,,,,,,,,,,,,,,,,,,,,,,,,
,,,,,27,001,2024-06-05_15h25.49.083,mathesisv2,2024.1.3,Win32,60.24096386,,,,,,112.5603,116.5651,l,3.9949,,,,,,,stimuliAXBmix/iiystimulus.wav,l,,,,,,,,,,,0,1,1,0,1,,,,,,,,,,,,,,,,,,,,,,,,,,,,,,,,,,,,,,,,,,,,,,,,,,,,,,,,,,,,,,,,,,,,,,,
,,,,,27,001,2024-06-05_15h25.49.083,mathesisv2,2024.1.3,Win32,60.24096386,,,,,,116.594,120.8772,f,4.2672,,,,,,,stimuliAXBmix/yuustimulus.wav,f,,,,,,,,,,,0,2,2,2,1,,,,,,,,,,,,,,,,,,,,,,,,,,,,,,,,,,,,,,,,,,,,,,,,,,,,,,,,,,,,,,,,,,,,,,,
,,,,,27,001,2024-06-05_15h25.49.083,mathesisv2,2024.1.3,Win32,60.24096386,,,,,,120.9062,124.2737,f,3.3509,,,,,,,stimuliAXBmix/iyystimulus.wav,f,,,,,,,,,,,0,3,3,1,1,,,,,,,,,,,,,,,,,,,,,,,,,,,,,,,,,,,,,,,,,,,,,,,,,,,,,,,,,,,,,,,,,,,,,,,
,,,,,27,001,2024-06-05_15h25.49.083,mathesisv2,2024.1.3,Win32,60.24096386,,,,,,124.2966,128.087,f,3.7824,,,,,,,stimuliAXBmix/iyystimulus.wav,f,,,,,,,,,,,1,0,4,1,1,,,,,,,,,,,,,,,,,,,,,,,,,,,,,,,,,,,,,,,,,,,,,,,,,,,,,,,,,,,,,,,,,,,,,,,
,,,,,27,001,2024-06-05_15h25.49.083,mathesisv2,2024.1.3,Win32,60.24096386,,,,,,128.0909,131.9069,l,3.7942,,,,,,,stimuliAXBmix/yyustimulus.wav,l,,,,,,,,,,,1,1,5,3,1,,,,,,,,,,,,,,,,,,,,,,,,,,,,,,,,,,,,,,,,,,,,,,,,,,,,,,,,,,,,,,,,,,,,,,,
,,,,,27,001,2024-06-05_15h25.49.083,mathesisv2,2024.1.3,Win32,60.24096386,,,,,,131.9306,137.1103,l,5.1646,,,,,,,stimuliAXBmix/iiystimulus.wav,l,,,,,,,,,,,1,2,6,0,1,,,,,,,,,,,,,,,,,,,,,,,,,,,,,,,,,,,,,,,,,,,,,,,,,,,,,,,,,,,,,,,,,,,,,,,
,,,,,27,001,2024-06-05_15h25.49.083,mathesisv2,2024.1.3,Win32,60.24096386,,,,,,137.1297,140.873,f,3.735,,,,,,,stimuliAXBmix/yuustimulus.wav,f,,,,,,,,,,,1,3,7,2,1,,,,,,,,,,,,,,,,,,,,,,,,,,,,,,,,,,,,,,,,,,,,,,,,,,,,,,,,,,,,,,,,,,,,,,,
,,,,,27,001,2024-06-05_15h25.49.083,mathesisv2,2024.1.3,Win32,60.24096386,,,,,,140.9027,144.8412,f,3.9304,,,,,,,stimuliAXBmix/yuustimulus.wav,f,,,,,,,,,,,2,0,8,2,1,,,,,,,,,,,,,,,,,,,,,,,,,,,,,,,,,,,,,,,,,,,,,,,,,,,,,,,,,,,,,,,,,,,,,,,
,,,,,27,001,2024-06-05_15h25.49.083,mathesisv2,2024.1.3,Win32,60.24096386,,,,,,144.869,148.282,l,3.4041,,,,,,,stimuliAXBmix/iiystimulus.wav,l,,,,,,,,,,,2,1,9,0,1,,,,,,,,,,,,,,,,,,,,,,,,,,,,,,,,,,,,,,,,,,,,,,,,,,,,,,,,,,,,,,,,,,,,,,,
,,,,,27,001,2024-06-05_15h25.49.083,mathesisv2,2024.1.3,Win32,60.24096386,,,,,,148.3074,152.4281,f,4.1048,,,,,,,stimuliAXBmix/iyystimulus.wav,f,,,,,,,,,,,2,2,10,1,1,,,,,,,,,,,,,,,,,,,,,,,,,,,,,,,,,,,,,,,,,,,,,,,,,,,,,,,,,,,,,,,,,,,,,,,
,,,,,27,001,2024-06-05_15h25.49.083,mathesisv2,2024.1.3,Win32,60.24096386,,,,,,152.4632,156.2078,l,3.7338,,,,,,,stimuliAXBmix/yyustimulus.wav,l,,,,,,,,,,,2,3,11,3,1,,,,,,,,,,,,,,,,,,,,,,,,,,,,,,,,,,,,,,,,,,,,,,,,,,,,,,,,,,,,,,,,,,,,,,,
,,,,,27,001,2024-06-05_15h25.49.083,mathesisv2,2024.1.3,Win32,60.24096386,,,,,,159.4783,163.9236,f,4.432,,,,,,,stimuliAXBmix/iyystimulus.wav,f,,,,,,,,,,,,,,,,156.2107,159.422,space,3.1778,,0,0,0,1,1,,,,,,,,,,,,,,,,,,,,,,,,,,,,,,,,,,,,,,,,,,,,,,,,,,,,,,,,,,,,,
,,,,,27,001,2024-06-05_15h25.49.083,mathesisv2,2024.1.3,Win32,60.24096386,,,,,,163.9502,167.6952,f,3.7377,,,,,,,stimuliAXBmix/yuustimulus.wav,f,,,,,,,,,,,,,,,,,,,,,0,1,1,2,1,,,,,,,,,,,,,,,,,,,,,,,,,,,,,,,,,,,,,,,,,,,,,,,,,,,,,,,,,,,,,
,,,,,27,001,2024-06-05_15h25.49.083,mathesisv2,2024.1.3,Win32,60.24096386,,,,,,167.7141,171.5415,l,3.8097,,,,,,,stimuliAXBmix/yyustimulus.wav,l,,,,,,,,,,,,,,,,,,,,,0,2,2,3,1,,,,,,,,,,,,,,,,,,,,,,,,,,,,,,,,,,,,,,,,,,,,,,,,,,,,,,,,,,,,,
,,,,,27,001,2024-06-05_15h25.49.083,mathesisv2,2024.1.3,Win32,60.24096386,,,,,,171.5695,175.3709,l,3.79,,,,,,,stimuliAXBmix/iiystimulus.wav,l,,,,,,,,,,,,,,,,,,,,,0,3,3,0,1,,,,,,,,,,,,,,,,,,,,,,,,,,,,,,,,,,,,,,,,,,,,,,,,,,,,,,,,,,,,,
,,,,,27,001,2024-06-05_15h25.49.083,mathesisv2,2024.1.3,Win32,60.24096386,,,,,,175.3979,179.1838,f,3.7778,,,,,,,stimuliAXBmix/yuustimulus.wav,f,,,,,,,,,,,,,,,,,,,,,1,0,4,2,1,,,,,,,,,,,,,,,,,,,,,,,,,,,,,,,,,,,,,,,,,,,,,,,,,,,,,,,,,,,,,
,,,,,27,001,2024-06-05_15h25.49.083,mathesisv2,2024.1.3,Win32,60.24096386,,,,,,179.2097,182.9971,f,3.782,,,,,,,stimuliAXBmix/iyystimulus.wav,f,,,,,,,,,,,,,,,,,,,,,1,1,5,1,1,,,,,,,,,,,,,,,,,,,,,,,,,,,,,,,,,,,,,,,,,,,,,,,,,,,,,,,,,,,,,
,,,,,27,001,2024-06-05_15h25.49.083,mathesisv2,2024.1.3,Win32,60.24096386,,,,,,183.0225,186.8257,l,3.7936,,,,,,,stimuliAXBmix/iiystimulus.wav,l,,,,,,,,,,,,,,,,,,,,,1,2,6,0,1,,,,,,,,,,,,,,,,,,,,,,,,,,,,,,,,,,,,,,,,,,,,,,,,,,,,,,,,,,,,,
,,,,,27,001,2024-06-05_15h25.49.083,mathesisv2,2024.1.3,Win32,60.24096386,,,,,,186.8562,197.3982,l,10.5281,,,,,,,stimuliAXBmix/yyustimulus.wav,l,,,,,,,,,,,,,,,,,,,,,1,3,7,3,1,,,,,,,,,,,,,,,,,,,,,,,,,,,,,,,,,,,,,,,,,,,,,,,,,,,,,,,,,,,,,
,,,,,27,001,2024-06-05_15h25.49.083,mathesisv2,2024.1.3,Win32,60.24096386,,,,,,205.8373,209.2694,l,3.4157,,,,,,,stimuliAXBmix/yyustimulus.wav,l,,,,,,,,,,,0,0,0,3,1,,,,,,,,,,,197.4002,205.8071,space,8.3852,,,,,,,,,,,,,,,,,,,,,,,,,,,,,,,,,,,,,,,,,,,,,,,,,,,,,,,,,
,,,,,27,001,2024-06-05_15h25.49.083,mathesisv2,2024.1.3,Win32,60.24096386,,,,,,209.2703,212.6155,f,3.335,,,,,,,stimuliAXBmix/iyystimulus.wav,f,,,,,,,,,,,0,1,1,1,1,,,,,,,,,,,,,,,,,,,,,,,,,,,,,,,,,,,,,,,,,,,,,,,,,,,,,,,,,,,,,,,,,,,,,,,
,,,,,27,001,2024-06-05_15h25.49.083,mathesisv2,2024.1.3,Win32,60.24096386,,,,,,212.6395,216.2168,f,3.5712,,,,,,,stimuliAXBmix/yuustimulus.wav,f,,,,,,,,,,,0,2,2,2,1,,,,,,,,,,,,,,,,,,,,,,,,,,,,,,,,,,,,,,,,,,,,,,,,,,,,,,,,,,,,,,,,,,,,,,,
,,,,,27,001,2024-06-05_15h25.49.083,mathesisv2,2024.1.3,Win32,60.24096386,,,,,,216.2368,220.1582,l,3.9068,,,,,,,stimuliAXBmix/iiystimulus.wav,l,,,,,,,,,,,0,3,3,0,1,,,,,,,,,,,,,,,,,,,,,,,,,,,,,,,,,,,,,,,,,,,,,,,,,,,,,,,,,,,,,,,,,,,,,,,
,,,,,27,001,2024-06-05_15h25.49.083,mathesisv2,2024.1.3,Win32,60.24096386,,,,,,220.1845,223.6876,l,3.491,,,,,,,stimuliAXBmix/iiystimulus.wav,l,,,,,,,,,,,1,0,4,0,1,,,,,,,,,,,,,,,,,,,,,,,,,,,,,,,,,,,,,,,,,,,,,,,,,,,,,,,,,,,,,,,,,,,,,,,
,,,,,27,001,2024-06-05_15h25.49.083,mathesisv2,2024.1.3,Win32,60.24096386,,,,,,223.6882,227.0174,l,3.3075,,,,,,,stimuliAXBmix/yyustimulus.wav,l,,,,,,,,,,,1,1,5,3,1,,,,,,,,,,,,,,,,,,,,,,,,,,,,,,,,,,,,,,,,,,,,,,,,,,,,,,,,,,,,,,,,,,,,,,,
,,,,,27,001,2024-06-05_15h25.49.083,mathesisv2,2024.1.3,Win32,60.24096386,,,,,,227.0415,230.4137,f,3.3595,,,,,,,stimuliAXBmix/iyystimulus.wav,f,,,,,,,,,,,1,2,6,1,1,,,,,,,,,,,,,,,,,,,,,,,,,,,,,,,,,,,,,,,,,,,,,,,,,,,,,,,,,,,,,,,,,,,,,,,
,,,,,27,001,2024-06-05_15h25.49.083,mathesisv2,2024.1.3,Win32,60.24096386,,,,,,230.4373,234.0106,f,3.5596,,,,,,,stimuliAXBmix/yuustimulus.wav,f,,,,,,,,,,,1,3,7,2,1,,,,,,,,,,,,,,,,,,,,,,,,,,,,,,,,,,,,,,,,,,,,,,,,,,,,,,,,,,,,,,,,,,,,,,,
,,,,,27,001,2024-06-05_15h25.49.083,mathesisv2,2024.1.3,Win32,60.24096386,,,,,,234.0363,237.7071,f,3.6564,,,,,,,stimuliAXBmix/yuustimulus.wav,f,,,,,,,,,,,2,0,8,2,1,,,,,,,,,,,,,,,,,,,,,,,,,,,,,,,,,,,,,,,,,,,,,,,,,,,,,,,,,,,,,,,,,,,,,,,
,,,,,27,001,2024-06-05_15h25.49.083,mathesisv2,2024.1.3,Win32,60.24096386,,,,,,237.7085,241.4524,f,3.7223,,,,,,,stimuliAXBmix/iyystimulus.wav,f,,,,,,,,,,,2,1,9,1,1,,,,,,,,,,,,,,,,,,,,,,,,,,,,,,,,,,,,,,,,,,,,,,,,,,,,,,,,,,,,,,,,,,,,,,,
,,,,,27,001,2024-06-05_15h25.49.083,mathesisv2,2024.1.3,Win32,60.24096386,,,,,,241.4767,245.2992,l,3.8162,,,,,,,stimuliAXBmix/iiystimulus.wav,l,,,,,,,,,,,2,2,10,0,1,,,,,,,,,,,,,,,,,,,,,,,,,,,,,,,,,,,,,,,,,,,,,,,,,,,,,,,,,,,,,,,,,,,,,,,
,,,,,27,001,2024-06-05_15h25.49.083,mathesisv2,2024.1.3,Win32,60.24096386,,,,,,245.3224,249.361,l,4.0235,,,,,,,stimuliAXBmix/yyustimulus.wav,l,,,,,,,,,,,2,3,11,3,1,,,,,,,,,,,,,,,,,,,,,,,,,,,,,,,,,,,,,,,,,,,,,,,,,,,,,,,,,,,,,,,,,,,,,,,
,,,,,27,001,2024-06-05_15h25.49.083,mathesisv2,2024.1.3,Win32,60.24096386,,,,,,253.2598,256.9033,l,3.6269,,,,,,,stimuliAXBmix/iiystimulus.wav,l,,,,,,,,,,,,,,,,249.3612,253.2237,space,3.8354,,0,0,0,0,1,,,,,,,,,,,,,,,,,,,,,,,,,,,,,,,,,,,,,,,,,,,,,,,,,,,,,,,,,,,,,
,,,,,27,001,2024-06-05_15h25.49.083,mathesisv2,2024.1.3,Win32,60.24096386,,,,,,256.9041,260.3166,f,3.4027,,,,,,,stimuliAXBmix/yuustimulus.wav,f,,,,,,,,,,,,,,,,,,,,,0,1,1,2,1,,,,,,,,,,,,,,,,,,,,,,,,,,,,,,,,,,,,,,,,,,,,,,,,,,,,,,,,,,,,,
,,,,,27,001,2024-06-05_15h25.49.083,mathesisv2,2024.1.3,Win32,60.24096386,,,,,,260.3428,264.6124,l,4.2612,,,,,,,stimuliAXBmix/yyustimulus.wav,l,,,,,,,,,,,,,,,,,,,,,0,2,2,3,1,,,,,,,,,,,,,,,,,,,,,,,,,,,,,,,,,,,,,,,,,,,,,,,,,,,,,,,,,,,,,
,,,,,27,001,2024-06-05_15h25.49.083,mathesisv2,2024.1.3,Win32,60.24096386,,,,,,264.6376,268.425,f,3.7736,,,,,,,stimuliAXBmix/iyystimulus.wav,f,,,,,,,,,,,,,,,,,,,,,0,3,3,1,1,,,,,,,,,,,,,,,,,,,,,,,,,,,,,,,,,,,,,,,,,,,,,,,,,,,,,,,,,,,,,
,,,,,27,001,2024-06-05_15h25.49.083,mathesisv2,2024.1.3,Win32,60.24096386,,,,,,268.4495,271.8884,l,3.4291,,,,,,,stimuliAXBmix/iiystimulus.wav,l,,,,,,,,,,,,,,,,,,,,,1,0,4,0,1,,,,,,,,,,,,,,,,,,,,,,,,,,,,,,,,,,,,,,,,,,,,,,,,,,,,,,,,,,,,,
,,,,,27,001,2024-06-05_15h25.49.083,mathesisv2,2024.1.3,Win32,60.24096386,,,,,,271.9132,275.6679,l,3.7398,,,,,,,stimuliAXBmix/yyustimulus.wav,l,,,,,,,,,,,,,,,,,,,,,1,1,5,3,1,,,,,,,,,,,,,,,,,,,,,,,,,,,,,,,,,,,,,,,,,,,,,,,,,,,,,,,,,,,,,
,,,,,27,001,2024-06-05_15h25.49.083,mathesisv2,2024.1.3,Win32,60.24096386,,,,,,275.6936,279.6468,f,3.9427,,,,,,,stimuliAXBmix/yuustimulus.wav,f,,,,,,,,,,,,,,,,,,,,,1,2,6,2,1,,,,,,,,,,,,,,,,,,,,,,,,,,,,,,,,,,,,,,,,,,,,,,,,,,,,,,,,,,,,,
,,,,,27,001,2024-06-05_15h25.49.083,mathesisv2,2024.1.3,Win32,60.24096386,,,,,,279.6896,283.529,f,3.8313,,,,,,,stimuliAXBmix/iyystimulus.wav,f,,,,,,,,,,,,,,,,,,,,,1,3,7,1,1,,,,,,,,,,,,,,,,,,,,,,,,,,,,,,,,,,,,,,,,,,,,,,,,,,,,,,,,,,,,,
,,,,,27,001,2024-06-05_15h25.49.083,mathesisv2,2024.1.3,Win32,60.24096386,,,,,,286.3337,290.2022,f,3.856,,,,,,,stimuliAXBmix/iyystimulus.wav,f,,,,,,,,,,,0,0,0,1,1,,,,,,,,,,,283.5295,286.292,space,2.7494,,,,,,,,,,,,,,,,,,,,,,,,,,,,,,,,,,,,,,,,,,,,,,,,,,,,,,,,,
,,,,,27,001,2024-06-05_15h25.49.083,mathesisv2,2024.1.3,Win32,60.24096386,,,,,,290.2332,293.5153,l,3.2672,,,,,,,stimuliAXBmix/yyustimulus.wav,l,,,,,,,,,,,0,1,1,3,1,,,,,,,,,,,,,,,,,,,,,,,,,,,,,,,,,,,,,,,,,,,,,,,,,,,,,,,,,,,,,,,,,,,,,,,
,,,,,27,001,2024-06-05_15h25.49.083,mathesisv2,2024.1.3,Win32,60.24096386,,,,,,293.5397,297.1128,l,3.5597,,,,,,,stimuliAXBmix/iiystimulus.wav,l,,,,,,,,,,,0,2,2,0,1,,,,,,,,,,,,,,,,,,,,,,,,,,,,,,,,,,,,,,,,,,,,,,,,,,,,,,,,,,,,,,,,,,,,,,,
,,,,,27,001,2024-06-05_15h25.49.083,mathesisv2,2024.1.3,Win32,60.24096386,,,,,,297.1141,300.9093,f,3.7756,,,,,,,stimuliAXBmix/yuustimulus.wav,f,,,,,,,,,,,0,3,3,2,1,,,,,,,,,,,,,,,,,,,,,,,,,,,,,,,,,,,,,,,,,,,,,,,,,,,,,,,,,,,,,,,,,,,,,,,
,,,,,27,001,2024-06-05_15h25.49.083,mathesisv2,2024.1.3,Win32,60.24096386,,,,,,300.9337,304.8924,l,3.9544,,,,,,,stimuliAXBmix/yyustimulus.wav,l,,,,,,,,,,,1,0,4,3,1,,,,,,,,,,,,,,,,,,,,,,,,,,,,,,,,,,,,,,,,,,,,,,,,,,,,,,,,,,,,,,,,,,,,,,,
,,,,,27,001,2024-06-05_15h25.49.083,mathesisv2,2024.1.3,Win32,60.24096386,,,,,,304.914,308.6665,l,3.744,,,,,,,stimuliAXBmix/iiystimulus.wav,l,,,,,,,,,,,1,1,5,0,1,,,,,,,,,,,,,,,,,,,,,,,,,,,,,,,,,,,,,,,,,,,,,,,,,,,,,,,,,,,,,,,,,,,,,,,
,,,,,27,001,2024-06-05_15h25.49.083,mathesisv2,2024.1.3,Win32,60.24096386,,,,,,308.6919,312.4052,f,3.7074,,,,,,,stimuliAXBmix/iyystimulus.wav,f,,,,,,,,,,,1,2,6,1,1,,,,,,,,,,,,,,,,,,,,,,,,,,,,,,,,,,,,,,,,,,,,,,,,,,,,,,,,,,,,,,,,,,,,,,,
,,,,,27,001,2024-06-05_15h25.49.083,mathesisv2,2024.1.3,Win32,60.24096386,,,,,,312.4305,316.5251,f,4.0831,,,,,,,stimuliAXBmix/yuustimulus.wav,f,,,,,,,,,,,1,3,7,2,1,,,,,,,,,,,,,,,,,,,,,,,,,,,,,,,,,,,,,,,,,,,,,,,,,,,,,,,,,,,,,,,,,,,,,,,
,,,,,27,001,2024-06-05_15h25.49.083,mathesisv2,2024.1.3,Win32,60.24096386,,,,,,316.5522,320.3214,l,3.7563,,,,,,,stimuliAXBmix/iiystimulus.wav,l,,,,,,,,,,,2,0,8,0,1,,,,,,,,,,,,,,,,,,,,,,,,,,,,,,,,,,,,,,,,,,,,,,,,,,,,,,,,,,,,,,,,,,,,,,,
,,,,,27,001,2024-06-05_15h25.49.083,mathesisv2,2024.1.3,Win32,60.24096386,,,,,,320.3447,323.9523,l,3.6009,,,,,,,stimuliAXBmix/yyustimulus.wav,l,,,,,,,,,,,2,1,9,3,1,,,,,,,,,,,,,,,,,,,,,,,,,,,,,,,,,,,,,,,,,,,,,,,,,,,,,,,,,,,,,,,,,,,,,,,
,,,,,27,001,2024-06-05_15h25.49.083,mathesisv2,2024.1.3,Win32,60.24096386,,,,,,323.9768,327.3637,f,3.3729,,,,,,,stimuliAXBmix/iyystimulus.wav,f,,,,,,,,,,,2,2,10,1,1,,,,,,,,,,,,,,,,,,,,,,,,,,,,,,,,,,,,,,,,,,,,,,,,,,,,,,,,,,,,,,,,,,,,,,,
,,,,,27,001,2024-06-05_15h25.49.083,mathesisv2,2024.1.3,Win32,60.24096386,,,,,,327.3642,330.6604,f,3.2656,,,,,,,stimuliAXBmix/yuustimulus.wav,f,,,,,,,,,,,2,3,11,2,1,,,,,,,,,,,,,,,,,,,,,,,,,,,,,,,,,,,,,,,,,,,,,,,,,,,,,,,,,,,,,,,,,,,,,,,
,,,,,27,001,2024-06-05_15h25.49.083,mathesisv2,2024.1.3,Win32,60.24096386,,,,,,337.9954,341.1168,l,3.101,,,,,,,stimuliAXBmix/yyustimulus.wav,l,,,,,,,,,,,,,,,,330.6606,337.9538,space,7.261,,0,0,0,3,1,,,,,,,,,,,,,,,,,,,,,,,,,,,,,,,,,,,,,,,,,,,,,,,,,,,,,,,,,,,,,
,,,,,27,001,2024-06-05_15h25.49.083,mathesisv2,2024.1.3,Win32,60.24096386,,,,,,341.1216,344.4513,f,3.3242,,,,,,,stimuliAXBmix/iyystimulus.wav,f,,,,,,,,,,,,,,,,,,,,,0,1,1,1,1,,,,,,,,,,,,,,,,,,,,,,,,,,,,,,,,,,,,,,,,,,,,,,,,,,,,,,,,,,,,,
,,,,,27,001,2024-06-05_15h25.49.083,mathesisv2,2024.1.3,Win32,60.24096386,,,,,,344.479,347.8929,l,3.3993,,,,,,,stimuliAXBmix/iiystimulus.wav,l,,,,,,,,,,,,,,,,,,,,,0,2,2,0,1,,,,,,,,,,,,,,,,,,,,,,,,,,,,,,,,,,,,,,,,,,,,,,,,,,,,,,,,,,,,,
,,,,,27,001,2024-06-05_15h25.49.083,mathesisv2,2024.1.3,Win32,60.24096386,,,,,,347.8939,350.923,f,3.0117,,,,,,,stimuliAXBmix/yuustimulus.wav,f,,,,,,,,,,,,,,,,,,,,,0,3,3,2,1,,,,,,,,,,,,,,,,,,,,,,,,,,,,,,,,,,,,,,,,,,,,,,,,,,,,,,,,,,,,,
,,,,,27,001,2024-06-05_15h25.49.083,mathesisv2,2024.1.3,Win32,60.24096386,,,,,,350.9542,354.1203,f,3.1592,,,,,,,stimuliAXBmix/yuustimulus.wav,f,,,,,,,,,,,,,,,,,,,,,1,0,4,2,1,,,,,,,,,,,,,,,,,,,,,,,,,,,,,,,,,,,,,,,,,,,,,,,,,,,,,,,,,,,,,
,,,,,27,001,2024-06-05_15h25.49.083,mathesisv2,2024.1.3,Win32,60.24096386,,,,,,354.1516,357.3161,l,3.1543,,,,,,,stimuliAXBmix/iiystimulus.wav,l,,,,,,,,,,,,,,,,,,,,,1,1,5,0,1,,,,,,,,,,,,,,,,,,,,,,,,,,,,,,,,,,,,,,,,,,,,,,,,,,,,,,,,,,,,,
,,,,,27,001,2024-06-05_15h25.49.083,mathesisv2,2024.1.3,Win32,60.24096386,,,,,,357.3168,360.6628,f,3.3394,,,,,,,stimuliAXBmix/iyystimulus.wav,f,,,,,,,,,,,,,,,,,,,,,1,2,6,1,1,,,,,,,,,,,,,,,,,,,,,,,,,,,,,,,,,,,,,,,,,,,,,,,,,,,,,,,,,,,,,
,,,,,27,001,2024-06-05_15h25.49.083,mathesisv2,2024.1.3,Win32,60.24096386,,,,,,360.6864,363.9928,l,3.291,,,,,,,stimuliAXBmix/yyustimulus.wav,l,,,,,,,,,,,,,,,,,,,,,1,3,7,3,1,,,,,,,,,,,,,,,,,,,,,,,,,,,,,,,,,,,,,,,,,,,,,,,,,,,,,,,,,,,,,
,,,,,27,001,2024-06-05_15h25.49.083,mathesisv2,2024.1.3,Win32,60.24096386,,,,,,367.2853,370.4027,f,3.1064,,,,,,,stimuliAXBmix/iyystimulus.wav,f,,,,,,,,,,,0,0,0,1,1,,,,,,,,,,,363.9932,367.2413,space,3.2364,,,,,,,,,,,,,,,,,,,,,,,,,,,,,,,,,,,,,,,,,,,,,,,,,,,,,,,,,
,,,,,27,001,2024-06-05_15h25.49.083,mathesisv2,2024.1.3,Win32,60.24096386,,,,,,370.4321,373.7494,f,3.3069,,,,,,,stimuliAXBmix/yuustimulus.wav,f,,,,,,,,,,,0,1,1,2,1,,,,,,,,,,,,,,,,,,,,,,,,,,,,,,,,,,,,,,,,,,,,,,,,,,,,,,,,,,,,,,,,,,,,,,,
,,,,,27,001,2024-06-05_15h25.49.083,mathesisv2,2024.1.3,Win32,60.24096386,,,,,,373.7501,377.0626,l,3.3006,,,,,,,stimuliAXBmix/iiystimulus.wav,l,,,,,,,,,,,0,2,2,0,1,,,,,,,,,,,,,,,,,,,,,,,,,,,,,,,,,,,,,,,,,,,,,,,,,,,,,,,,,,,,,,,,,,,,,,,
,,,,,27,001,2024-06-05_15h25.49.083,mathesisv2,2024.1.3,Win32,60.24096386,,,,,,377.0906,380.2928,l,3.1886,,,,,,,stimuliAXBmix/yyustimulus.wav,l,,,,,,,,,,,0,3,3,3,1,,,,,,,,,,,,,,,,,,,,,,,,,,,,,,,,,,,,,,,,,,,,,,,,,,,,,,,,,,,,,,,,,,,,,,,
,,,,,27,001,2024-06-05_15h25.49.083,mathesisv2,2024.1.3,Win32,60.24096386,,,,,,380.3233,383.306,f,2.9598,,,,,,,stimuliAXBmix/yuustimulus.wav,f,,,,,,,,,,,1,0,4,2,1,,,,,,,,,,,,,,,,,,,,,,,,,,,,,,,,,,,,,,,,,,,,,,,,,,,,,,,,,,,,,,,,,,,,,,,
,,,,,27,001,2024-06-05_15h25.49.083,mathesisv2,2024.1.3,Win32,60.24096386,,,,,,383.3067,386.4694,l,3.1472,,,,,,,stimuliAXBmix/iiystimulus.wav,l,,,,,,,,,,,1,1,5,0,1,,,,,,,,,,,,,,,,,,,,,,,,,,,,,,,,,,,,,,,,,,,,,,,,,,,,,,,,,,,,,,,,,,,,,,,
,,,,,27,001,2024-06-05_15h25.49.083,mathesisv2,2024.1.3,Win32,60.24096386,,,,,,386.4913,389.7501,f,3.249,,,,,,,stimuliAXBmix/iyystimulus.wav,f,,,,,,,,,,,1,2,6,1,1,,,,,,,,,,,,,,,,,,,,,,,,,,,,,,,,,,,,,,,,,,,,,,,,,,,,,,,,,,,,,,,,,,,,,,,
,,,,,27,001,2024-06-05_15h25.49.083,mathesisv2,2024.1.3,Win32,60.24096386,,,,,,389.7516,392.8346,l,3.0588,,,,,,,stimuliAXBmix/yyustimulus.wav,l,,,,,,,,,,,1,3,7,3,1,,,,,,,,,,,,,,,,,,,,,,,,,,,,,,,,,,,,,,,,,,,,,,,,,,,,,,,,,,,,,,,,,,,,,,,
,,,,,27,001,2024-06-05_15h25.49.083,mathesisv2,2024.1.3,Win32,60.24096386,,,,,,392.8608,396.0928,l,3.2165,,,,,,,stimuliAXBmix/iiystimulus.wav,l,,,,,,,,,,,2,0,8,0,1,,,,,,,,,,,,,,,,,,,,,,,,,,,,,,,,,,,,,,,,,,,,,,,,,,,,,,,,,,,,,,,,,,,,,,,
,,,,,27,001,2024-06-05_15h25.49.083,mathesisv2,2024.1.3,Win32,60.24096386,,,,,,396.0935,399.6392,f,3.5374,,,,,,,stimuliAXBmix/iyystimulus.wav,f,,,,,,,,,,,2,1,9,1,1,,,,,,,,,,,,,,,,,,,,,,,,,,,,,,,,,,,,,,,,,,,,,,,,,,,,,,,,,,,,,,,,,,,,,,,
,,,,,27,001,2024-06-05_15h25.49.083,mathesisv2,2024.1.3,Win32,60.24096386,,,,,,399.6631,402.82,f,3.149,,,,,,,stimuliAXBmix/yuustimulus.wav,f,,,,,,,,,,,2,2,10,2,1,,,,,,,,,,,,,,,,,,,,,,,,,,,,,,,,,,,,,,,,,,,,,,,,,,,,,,,,,,,,,,,,,,,,,,,
,,,,,27,001,2024-06-05_15h25.49.083,mathesisv2,2024.1.3,Win32,60.24096386,,,,,,402.8464,406.0661,l,3.2076,,,,,,,stimuliAXBmix/yyustimulus.wav,l,,,,,,,,,,,2,3,11,3,1,,,,,,,,,,,,,,,,,,,,,,,,,,,,,,,,,,,,,,,,,,,,,,,,,,,,,,,,,,,,,,,,,,,,,,,
,,,,,27,001,2024-06-05_15h25.49.083,mathesisv2,2024.1.3,Win32,60.24096386,,,,,,409.221,412.3759,l,3.146,,,,,,,stimuliAXBmix/yyustimulus.wav,l,,,,,,,,,,,,,,,,406.0668,409.1875,space,3.0987,,0,0,0,3,1,,,,,,,,,,,,,,,,,,,,,,,,,,,,,,,,,,,,,,,,,,,,,,,,,,,,,,,,,,,,,
,,,,,27,001,2024-06-05_15h25.49.083,mathesisv2,2024.1.3,Win32,60.24096386,,,,,,412.3997,415.5235,l,3.1132,,,,,,,stimuliAXBmix/iiystimulus.wav,l,,,,,,,,,,,,,,,,,,,,,0,1,1,0,1,,,,,,,,,,,,,,,,,,,,,,,,,,,,,,,,,,,,,,,,,,,,,,,,,,,,,,,,,,,,,
,,,,,27,001,2024-06-05_15h25.49.083,mathesisv2,2024.1.3,Win32,60.24096386,,,,,,415.5249,418.6871,f,3.1404,,,,,,,stimuliAXBmix/iyystimulus.wav,f,,,,,,,,,,,,,,,,,,,,,0,2,2,1,1,,,,,,,,,,,,,,,,,,,,,,,,,,,,,,,,,,,,,,,,,,,,,,,,,,,,,,,,,,,,,
,,,,,27,001,2024-06-05_15h25.49.083,mathesisv2,2024.1.3,Win32,60.24096386,,,,,,418.7128,422.3213,f,3.6036,,,,,,,stimuliAXBmix/yuustimulus.wav,f,,,,,,,,,,,,,,,,,,,,,0,3,3,2,1,,,,,,,,,,,,,,,,,,,,,,,,,,,,,,,,,,,,,,,,,,,,,,,,,,,,,,,,,,,,,
,,,,,27,001,2024-06-05_15h25.49.083,mathesisv2,2024.1.3,Win32,60.24096386,,,,,,422.3439,425.579,l,3.2284,,,,,,,stimuliAXBmix/yyustimulus.wav,l,,,,,,,,,,,,,,,,,,,,,1,0,4,3,1,,,,,,,,,,,,,,,,,,,,,,,,,,,,,,,,,,,,,,,,,,,,,,,,,,,,,,,,,,,,,
,,,,,27,001,2024-06-05_15h25.49.083,mathesisv2,2024.1.3,Win32,60.24096386,,,,,,425.5798,428.7758,l,3.1823,,,,,,,stimuliAXBmix/iiystimulus.wav,l,,,,,,,,,,,,,,,,,,,,,1,1,5,0,1,,,,,,,,,,,,,,,,,,,,,,,,,,,,,,,,,,,,,,,,,,,,,,,,,,,,,,,,,,,,,
,,,,,27,001,2024-06-05_15h25.49.083,mathesisv2,2024.1.3,Win32,60.24096386,,,,,,428.7998,432.0899,f,3.2739,,,,,,,stimuliAXBmix/iyystimulus.wav,f,,,,,,,,,,,,,,,,,,,,,1,2,6,1,1,,,,,,,,,,,,,,,,,,,,,,,,,,,,,,,,,,,,,,,,,,,,,,,,,,,,,,,,,,,,,
,,,,,27,001,2024-06-05_15h25.49.083,mathesisv2,2024.1.3,Win32,60.24096386,,,,,,432.0913,435.4027,f,3.2912,,,,,,,stimuliAXBmix/yuustimulus.wav,f,,,,,,,,,,,,,,,,,,,,,1,3,7,2,1,,,,,,,,,,,,,,,,,,,,,,,,,,,,,,,,,,,,,,,,,,,,,,,,,,,,,,,,,,,,,
,,,,,27,001,2024-06-05_15h25.49.083,mathesisv2,2024.1.3,Win32,60.24096386,,,,,,,,,,,,,,,,,,,,,,,,,,,,,,,,,,,,,,,,,,,435.4033,439.6031,space,4.1787,,439.6048,454.3534,space,14.7069,,,,,,,,,,,,,,,,,,,,,,,,,,,,,,,,,,,,,,,,,,,,,,,,,,,,
,,,,,27,001,2024-06-05_15h25.49.083,mathesisv2,2024.1.3,Win32,60.24096386,,,,,,,,,,,,,,,,,,,,,,,,,,,,,,,,,,,,,,,,,,,,,,,,,,,,,454.4632,463.8923,y,9.378,,0,0,0,2,1,testTAFCmixfirst/nimnym006.wav,,,,,,,,,,,,,,,,,,,,,,,,,,,,,,,,,,,,,,,,
,,,,,27,001,2024-06-05_15h25.49.083,mathesisv2,2024.1.3,Win32,60.24096386,,,,,,,,,,,,,,,,,,,,,,,,,,,,,,,,,,,,,,,,,,,,,,,,,,,,,463.9338,468.2046,e,4.2626,,0,1,1,0,1,testTAFCmixfirst/nimnym001.wav,,,,,,,,,,,,,,,,,,,,,,,,,,,,,,,,,,,,,,,,
,,,,,27,001,2024-06-05_15h25.49.083,mathesisv2,2024.1.3,Win32,60.24096386,,,,,,,,,,,,,,,,,,,,,,,,,,,,,,,,,,,,,,,,,,,,,,,,,,,,,468.2528,469.9563,e,1.6957,,0,2,2,1,1,testTAFCmixfirst/nimnym002.wav,,,,,,,,,,,,,,,,,,,,,,,,,,,,,,,,,,,,,,,,
,,,,,27,001,2024-06-05_15h25.49.083,mathesisv2,2024.1.3,Win32,60.24096386,,,,,,,,,,,,,,,,,,,,,,,,,,,,,,,,,,,,,,,,,,,,,,,,,,,,,,,,,,,,,,,,469.9711,476.0614,u,6.067,,0,0,0,0,1,testTAFCmixsec/numnym001.wav,,,,,,,,,,,,,,,,,,,,,,,,,,,,,
,,,,,27,001,2024-06-05_15h25.49.083,mathesisv2,2024.1.3,Win32,60.24096386,,,,,,,,,,,,,,,,,,,,,,,,,,,,,,,,,,,,,,,,,,,,,,,,,,,,,,,,,,,,,,,,476.0966,477.8584,y,1.7486,,0,1,1,2,1,testTAFCmixsec/numnym006.wav,,,,,,,,,,,,,,,,,,,,,,,,,,,,,
,,,,,27,001,2024-06-05_15h25.49.083,mathesisv2,2024.1.3,Win32,60.24096386,,,,,,,,,,,,,,,,,,,,,,,,,,,,,,,,,,,,,,,,,,,,,,,,,,,,,,,,,,,,,,,,477.8591,479.8064,u,1.9242,,0,2,2,1,1,testTAFCmixsec/numnym002.wav,,,,,,,,,,,,,,,,,,,,,,,,,,,,,
,,,,,27,001,2024-06-05_15h25.49.083,mathesisv2,2024.1.3,Win32,60.24096386,,,,,,,,,,,,,,,,,,,,,,,,,,,,,,,,,,,,,,,,,,,,,,,,,,,,,,,,,,,,,,,,,,,,,,,,,,,479.8084,497.7407,space,17.909,,,,,,,,,,,,,,,,,,,,,,,,,
,,,,,27,001,2024-06-05_15h25.49.083,mathesisv2,2024.1.3,Win32,60.24096386,,,,,,,,,,,,,,,,,y,,,,,,,,,,,,,,,,,,,,,,,,,,,,,,,,,,,,,,,,,,,,,,,,,,,,,,,,,,,,,,,497.7813,500.0692,y,2.2614,,0,0,0,6,1,stimuliTAFCfirst/nimnym007.wav,,,,,,,,,,,,,
,,,,,27,001,2024-06-05_15h25.49.083,mathesisv2,2024.1.3,Win32,60.24096386,,,,,,,,,,,,,,,,,y,,,,,,,,,,,,,,,,,,,,,,,,,,,,,,,,,,,,,,,,,,,,,,,,,,,,,,,,,,,,,,,500.0705,502.0836,y,2.0006,,0,1,1,4,1,stimuliTAFCfirst/nimnym005.wav,,,,,,,,,,,,,
,,,,,27,001,2024-06-05_15h25.49.083,mathesisv2,2024.1.3,Win32,60.24096386,,,,,,,,,,,,,,,,,e,,,,,,,,,,,,,,,,,,,,,,,,,,,,,,,,,,,,,,,,,,,,,,,,,,,,,,,,,,,,,,,502.0845,504.2977,e,2.1966,,0,2,2,1,1,stimuliTAFCfirst/nimnym002.wav,,,,,,,,,,,,,
,,,,,27,001,2024-06-05_15h25.49.083,mathesisv2,2024.1.3,Win32,60.24096386,,,,,,,,,,,,,,,,,y,,,,,,,,,,,,,,,,,,,,,,,,,,,,,,,,,,,,,,,,,,,,,,,,,,,,,,,,,,,,,,,504.2984,506.3458,y,2.0364,,0,3,3,5,1,stimuliTAFCfirst/nimnym006.wav,,,,,,,,,,,,,
,,,,,27,001,2024-06-05_15h25.49.083,mathesisv2,2024.1.3,Win32,60.24096386,,,,,,,,,,,,,,,,,x,,,,,,,,,,,,,,,,,,,,,,,,,,,,,,,,,,,,,,,,,,,,,,,,,,,,,,,,,,,,,,,506.3467,508.9761,y,2.6213,,0,4,4,3,1,stimuliTAFCfirst/nimnym004.wav,,,,,,,,,,,,,
,,,,,27,001,2024-06-05_15h25.49.083,mathesisv2,2024.1.3,Win32,60.24096386,,,,,,,,,,,,,,,,,e,,,,,,,,,,,,,,,,,,,,,,,,,,,,,,,,,,,,,,,,,,,,,,,,,,,,,,,,,,,,,,,508.9765,510.6911,e,1.7069,,0,5,5,0,1,stimuliTAFCfirst/nimnym001.wav,,,,,,,,,,,,,
,,,,,27,001,2024-06-05_15h25.49.083,mathesisv2,2024.1.3,Win32,60.24096386,,,,,,,,,,,,,,,,,e,,,,,,,,,,,,,,,,,,,,,,,,,,,,,,,,,,,,,,,,,,,,,,,,,,,,,,,,,,,,,,,510.6916,512.4393,e,1.7422,,0,6,6,2,1,stimuliTAFCfirst/nimnym003.wav,,,,,,,,,,,,,
,,,,,27,001,2024-06-05_15h25.49.083,mathesisv2,2024.1.3,Win32,60.24096386,,,,,,,,,,,,,,,,,e,,,,,,,,,,,,,,,,,,,,,,,,,,,,,,,,,,,,,,,,,,,,,,,,,,,,,,,,,,,,,,,512.4399,513.9545,e,1.4987,,1,0,7,0,1,stimuliTAFCfirst/nimnym001.wav,,,,,,,,,,,,,
,,,,,27,001,2024-06-05_15h25.49.083,mathesisv2,2024.1.3,Win32,60.24096386,,,,,,,,,,,,,,,,,y,,,,,,,,,,,,,,,,,,,,,,,,,,,,,,,,,,,,,,,,,,,,,,,,,,,,,,,,,,,,,,,513.9551,518.3841,y,4.4138,,1,1,8,4,1,stimuliTAFCfirst/nimnym005.wav,,,,,,,,,,,,,
,,,,,27,001,2024-06-05_15h25.49.083,mathesisv2,2024.1.3,Win32,60.24096386,,,,,,,,,,,,,,,,,e,,,,,,,,,,,,,,,,,,,,,,,,,,,,,,,,,,,,,,,,,,,,,,,,,,,,,,,,,,,,,,,518.4139,520.864,e,2.4419,,1,2,9,2,1,stimuliTAFCfirst/nimnym003.wav,,,,,,,,,,,,,
,,,,,27,001,2024-06-05_15h25.49.083,mathesisv2,2024.1.3,Win32,60.24096386,,,,,,,,,,,,,,,,,y,,,,,,,,,,,,,,,,,,,,,,,,,,,,,,,,,,,,,,,,,,,,,,,,,,,,,,,,,,,,,,,520.8649,522.4622,y,1.5789,,1,3,10,6,1,stimuliTAFCfirst/nimnym007.wav,,,,,,,,,,,,,
,,,,,27,001,2024-06-05_15h25.49.083,mathesisv2,2024.1.3,Win32,60.24096386,,,,,,,,,,,,,,,,,x,,,,,,,,,,,,,,,,,,,,,,,,,,,,,,,,,,,,,,,,,,,,,,,,,,,,,,,,,,,,,,,522.4628,524.1772,y,1.7023,,1,4,11,3,1,stimuliTAFCfirst/nimnym004.wav,,,,,,,,,,,,,
,,,,,27,001,2024-06-05_15h25.49.083,mathesisv2,2024.1.3,Win32,60.24096386,,,,,,,,,,,,,,,,,e,,,,,,,,,,,,,,,,,,,,,,,,,,,,,,,,,,,,,,,,,,,,,,,,,,,,,,,,,,,,,,,524.1778,525.8092,e,1.6194,,1,5,12,1,1,stimuliTAFCfirst/nimnym002.wav,,,,,,,,,,,,,
,,,,,27,001,2024-06-05_15h25.49.083,mathesisv2,2024.1.3,Win32,60.24096386,,,,,,,,,,,,,,,,,y,,,,,,,,,,,,,,,,,,,,,,,,,,,,,,,,,,,,,,,,,,,,,,,,,,,,,,,,,,,,,,,525.8104,527.2573,y,1.4398,,1,6,13,5,1,stimuliTAFCfirst/nimnym006.wav,,,,,,,,,,,,,
,,,,,27,001,2024-06-05_15h25.49.083,mathesisv2,2024.1.3,Win32,60.24096386,,,,,,,,,,,,,,,,,y,527.2586,528.9726,space,1.7041,,,,,,,,,,,,,,,,,,,,,,,,,,,,,,,,,,,,,,,,,,,,,,,,,,,,,,,,,,,,,,,,,,,,,,528.9818,530.9374,y,1.9348,,0,0,0,5,1,stimuliTAFCsec/numnym006.wav,,
,,,,,27,001,2024-06-05_15h25.49.083,mathesisv2,2024.1.3,Win32,60.24096386,,,,,,,,,,,,,,,,,u,,,,,,,,,,,,,,,,,,,,,,,,,,,,,,,,,,,,,,,,,,,,,,,,,,,,,,,,,,,,,,,,,,,,,,,,,,530.9383,532.4692,u,1.5105,,0,1,1,1,1,stimuliTAFCsec/numnym002.wav,,
,,,,,27,001,2024-06-05_15h25.49.083,mathesisv2,2024.1.3,Win32,60.24096386,,,,,,,,,,,,,,,,,x,,,,,,,,,,,,,,,,,,,,,,,,,,,,,,,,,,,,,,,,,,,,,,,,,,,,,,,,,,,,,,,,,,,,,,,,,,532.4714,535.9652,u,3.4702,,0,2,2,3,1,stimuliTAFCsec/numnym004.wav,,
,,,,,27,001,2024-06-05_15h25.49.083,mathesisv2,2024.1.3,Win32,60.24096386,,,,,,,,,,,,,,,,,y,,,,,,,,,,,,,,,,,,,,,,,,,,,,,,,,,,,,,,,,,,,,,,,,,,,,,,,,,,,,,,,,,,,,,,,,,,535.991,537.7472,y,1.7405,,0,3,3,4,1,stimuliTAFCsec/numnym005.wav,,
,,,,,27,001,2024-06-05_15h25.49.083,mathesisv2,2024.1.3,Win32,60.24096386,,,,,,,,,,,,,,,,,u,,,,,,,,,,,,,,,,,,,,,,,,,,,,,,,,,,,,,,,,,,,,,,,,,,,,,,,,,,,,,,,,,,,,,,,,,,537.749,539.446,u,1.6682,,0,4,4,0,1,stimuliTAFCsec/numnym001.wav,,
,,,,,27,001,2024-06-05_15h25.49.083,mathesisv2,2024.1.3,Win32,60.24096386,,,,,,,,,,,,,,,,,y,,,,,,,,,,,,,,,,,,,,,,,,,,,,,,,,,,,,,,,,,,,,,,,,,,,,,,,,,,,,,,,,,,,,,,,,,,539.4473,540.8101,y,1.3413,,0,5,5,6,1,stimuliTAFCsec/numnym007.wav,,
,,,,,27,001,2024-06-05_15h25.49.083,mathesisv2,2024.1.3,Win32,60.24096386,,,,,,,,,,,,,,,,,u,,,,,,,,,,,,,,,,,,,,,,,,,,,,,,,,,,,,,,,,,,,,,,,,,,,,,,,,,,,,,,,,,,,,,,,,,,540.8115,542.5251,u,1.6916,,0,6,6,2,1,stimuliTAFCsec/numnym003.wav,,
,,,,,27,001,2024-06-05_15h25.49.083,mathesisv2,2024.1.3,Win32,60.24096386,,,,,,,,,,,,,,,,,y,,,,,,,,,,,,,,,,,,,,,,,,,,,,,,,,,,,,,,,,,,,,,,,,,,,,,,,,,,,,,,,,,,,,,,,,,,542.5257,544.441,y,1.8843,,1,0,7,6,1,stimuliTAFCsec/numnym007.wav,,
,,,,,27,001,2024-06-05_15h25.49.083,mathesisv2,2024.1.3,Win32,60.24096386,,,,,,,,,,,,,,,,,y,,,,,,,,,,,,,,,,,,,,,,,,,,,,,,,,,,,,,,,,,,,,,,,,,,,,,,,,,,,,,,,,,,,,,,,,,,544.4424,546.3758,y,1.9145,,1,1,8,5,1,stimuliTAFCsec/numnym006.wav,,
,,,,,27,001,2024-06-05_15h25.49.083,mathesisv2,2024.1.3,Win32,60.24096386,,,,,,,,,,,,,,,,,u,,,,,,,,,,,,,,,,,,,,,,,,,,,,,,,,,,,,,,,,,,,,,,,,,,,,,,,,,,,,,,,,,,,,,,,,,,546.3765,548.0362,u,1.6378,,1,2,9,2,1,stimuliTAFCsec/numnym003.wav,,
,,,,,27,001,2024-06-05_15h25.49.083,mathesisv2,2024.1.3,Win32,60.24096386,,,,,,,,,,,,,,,,,u,,,,,,,,,,,,,,,,,,,,,,,,,,,,,,,,,,,,,,,,,,,,,,,,,,,,,,,,,,,,,,,,,,,,,,,,,,548.0383,549.5408,u,1.4834,,1,3,10,0,1,stimuliTAFCsec/numnym001.wav,,
,,,,,27,001,2024-06-05_15h25.49.083,mathesisv2,2024.1.3,Win32,60.24096386,,,,,,,,,,,,,,,,,u,,,,,,,,,,,,,,,,,,,,,,,,,,,,,,,,,,,,,,,,,,,,,,,,,,,,,,,,,,,,,,,,,,,,,,,,,,549.542,550.9829,u,1.4181,,1,4,11,1,1,stimuliTAFCsec/numnym002.wav,,
,,,,,27,001,2024-06-05_15h25.49.083,mathesisv2,2024.1.3,Win32,60.24096386,,,,,,,,,,,,,,,,,x,,,,,,,,,,,,,,,,,,,,,,,,,,,,,,,,,,,,,,,,,,,,,,,,,,,,,,,,,,,,,,,,,,,,,,,,,,550.9836,553.7976,u,2.7889,,1,5,12,3,1,stimuliTAFCsec/numnym004.wav,,
,,,,,27,001,2024-06-05_15h25.49.083,mathesisv2,2024.1.3,Win32,60.24096386,,,,,,,,,,,,,,,,,y,,,,,,,,,,,,,,,,,,,,,,,,,,,,,,,,,,,,,,,,,,,,,,,,,,,,,,,,,,,,,,,,,,,,,,,,,,553.7991,555.5024,y,1.683,,1,6,13,4,1,stimuliTAFCsec/numnym005.wav,,
,,,,,27,001,2024-06-05_15h25.49.083,mathesisv2,2024.1.3,Win32,60.24096386,,,,,,,,,,,,,,,,,e,,,,,,,,,,,,,,,,,,,,,,,,,,555.5036,561.4409,space,5.9169,,,,,,,,,,,,,,,,,,,,,,,,,,,,,,,,,,561.494,563.1427,e,1.6416,,0,0,0,0,1,stimuliTAFCfirst/nimnym001.wav,,,,,,,,,,,,,
,,,,,27,001,2024-06-05_15h25.49.083,mathesisv2,2024.1.3,Win32,60.24096386,,,,,,,,,,,,,,,,,e,,,,,,,,,,,,,,,,,,,,,,,,,,,,,,,,,,,,,,,,,,,,,,,,,,,,,,,,,,,,,,,563.1434,564.6023,e,1.4419,,0,1,1,1,1,stimuliTAFCfirst/nimnym002.wav,,,,,,,,,,,,,
,,,,,27,001,2024-06-05_15h25.49.083,mathesisv2,2024.1.3,Win32,60.24096386,,,,,,,,,,,,,,,,,y,,,,,,,,,,,,,,,,,,,,,,,,,,,,,,,,,,,,,,,,,,,,,,,,,,,,,,,,,,,,,,,564.6037,566.1189,y,1.4864,,0,2,2,5,1,stimuliTAFCfirst/nimnym006.wav,,,,,,,,,,,,,
,,,,,27,001,2024-06-05_15h25.49.083,mathesisv2,2024.1.3,Win32,60.24096386,,,,,,,,,,,,,,,,,e,,,,,,,,,,,,,,,,,,,,,,,,,,,,,,,,,,,,,,,,,,,,,,,,,,,,,,,,,,,,,,,566.121,568.2321,e,2.0904,,0,3,3,2,1,stimuliTAFCfirst/nimnym003.wav,,,,,,,,,,,,,
,,,,,27,001,2024-06-05_15h25.49.083,mathesisv2,2024.1.3,Win32,60.24096386,,,,,,,,,,,,,,,,,y,,,,,,,,,,,,,,,,,,,,,,,,,,,,,,,,,,,,,,,,,,,,,,,,,,,,,,,,,,,,,,,568.2334,569.931,y,1.6679,,0,4,4,4,1,stimuliTAFCfirst/nimnym005.wav,,,,,,,,,,,,,
,,,,,27,001,2024-06-05_15h25.49.083,mathesisv2,2024.1.3,Win32,60.24096386,,,,,,,,,,,,,,,,,y,,,,,,,,,,,,,,,,,,,,,,,,,,,,,,,,,,,,,,,,,,,,,,,,,,,,,,,,,,,,,,,569.9331,571.6953,y,1.7349,,0,5,5,6,1,stimuliTAFCfirst/nimnym007.wav,,,,,,,,,,,,,
,,,,,27,001,2024-06-05_15h25.49.083,mathesisv2,2024.1.3,Win32,60.24096386,,,,,,,,,,,,,,,,,x,,,,,,,,,,,,,,,,,,,,,,,,,,,,,,,,,,,,,,,,,,,,,,,,,,,,,,,,,,,,,,,571.6971,573.2323,y,1.5162,,0,6,6,3,1,stimuliTAFCfirst/nimnym004.wav,,,,,,,,,,,,,
,,,,,27,001,2024-06-05_15h25.49.083,mathesisv2,2024.1.3,Win32,60.24096386,,,,,,,,,,,,,,,,,x,,,,,,,,,,,,,,,,,,,,,,,,,,,,,,,,,,,,,,,,,,,,,,,,,,,,,,,,,,,,,,,573.233,574.9965,y,1.7489,,1,0,7,3,1,stimuliTAFCfirst/nimnym004.wav,,,,,,,,,,,,,
,,,,,27,001,2024-06-05_15h25.49.083,mathesisv2,2024.1.3,Win32,60.24096386,,,,,,,,,,,,,,,,,e,,,,,,,,,,,,,,,,,,,,,,,,,,,,,,,,,,,,,,,,,,,,,,,,,,,,,,,,,,,,,,,574.9971,576.6237,e,1.6092,,1,1,8,0,1,stimuliTAFCfirst/nimnym001.wav,,,,,,,,,,,,,
,,,,,27,001,2024-06-05_15h25.49.083,mathesisv2,2024.1.3,Win32,60.24096386,,,,,,,,,,,,,,,,,y,,,,,,,,,,,,,,,,,,,,,,,,,,,,,,,,,,,,,,,,,,,,,,,,,,,,,,,,,,,,,,,576.6249,578.1729,y,1.5139,,1,2,9,6,1,stimuliTAFCfirst/nimnym007.wav,,,,,,,,,,,,,
,,,,,27,001,2024-06-05_15h25.49.083,mathesisv2,2024.1.3,Win32,60.24096386,,,,,,,,,,,,,,,,,e,,,,,,,,,,,,,,,,,,,,,,,,,,,,,,,,,,,,,,,,,,,,,,,,,,,,,,,,,,,,,,,578.1741,579.9874,e,1.7842,,1,3,10,2,1,stimuliTAFCfirst/nimnym003.wav,,,,,,,,,,,,,
,,,,,27,001,2024-06-05_15h25.49.083,mathesisv2,2024.1.3,Win32,60.24096386,,,,,,,,,,,,,,,,,y,,,,,,,,,,,,,,,,,,,,,,,,,,,,,,,,,,,,,,,,,,,,,,,,,,,,,,,,,,,,,,,579.9887,581.6401,y,1.6309,,1,4,11,4,1,stimuliTAFCfirst/nimnym005.wav,,,,,,,,,,,,,
,,,,,27,001,2024-06-05_15h25.49.083,mathesisv2,2024.1.3,Win32,60.24096386,,,,,,,,,,,,,,,,,e,,,,,,,,,,,,,,,,,,,,,,,,,,,,,,,,,,,,,,,,,,,,,,,,,,,,,,,,,,,,,,,581.641,583.5002,e,1.8382,,1,5,12,1,1,stimuliTAFCfirst/nimnym002.wav,,,,,,,,,,,,,
,,,,,27,001,2024-06-05_15h25.49.083,mathesisv2,2024.1.3,Win32,60.24096386,,,,,,,,,,,,,,,,,y,,,,,,,,,,,,,,,,,,,,,,,,,,,,,,,,,,,,,,,,,,,,,,,,,,,,,,,,,,,,,,,583.5016,585.0146,y,1.4897,,1,6,13,5,1,stimuliTAFCfirst/nimnym006.wav,,,,,,,,,,,,,
,,,,,27,001,2024-06-05_15h25.49.083,mathesisv2,2024.1.3,Win32,60.24096386,,,,,,,,,,,,,,,,,x,585.0151,587.5802,space,2.5379,,,,,,,,,,,,,,,,,,,,,,,,,,,,,,,,,,,,,,,,,,,,,,,,,,,,,,,,,,,,,,,,,,,,,,587.6112,591.325,y,3.7039,,0,0,0,3,1,stimuliTAFCsec/numnym004.wav,,
,,,,,27,001,2024-06-05_15h25.49.083,mathesisv2,2024.1.3,Win32,60.24096386,,,,,,,,,,,,,,,,,u,,,,,,,,,,,,,,,,,,,,,,,,,,,,,,,,,,,,,,,,,,,,,,,,,,,,,,,,,,,,,,,,,,,,,,,,,,591.36,592.9062,u,1.5298,,0,1,1,2,1,stimuliTAFCsec/numnym003.wav,,
,,,,,27,001,2024-06-05_15h25.49.083,mathesisv2,2024.1.3,Win32,60.24096386,,,,,,,,,,,,,,,,,y,,,,,,,,,,,,,,,,,,,,,,,,,,,,,,,,,,,,,,,,,,,,,,,,,,,,,,,,,,,,,,,,,,,,,,,,,,592.9072,594.3883,y,1.4714,,0,2,2,4,1,stimuliTAFCsec/numnym005.wav,,
,,,,,27,001,2024-06-05_15h25.49.083,mathesisv2,2024.1.3,Win32,60.24096386,,,,,,,,,,,,,,,,,u,,,,,,,,,,,,,,,,,,,,,,,,,,,,,,,,,,,,,,,,,,,,,,,,,,,,,,,,,,,,,,,,,,,,,,,,,,594.3891,595.8367,u,1.4381,,0,3,3,1,1,stimuliTAFCsec/numnym002.wav,,
,,,,,27,001,2024-06-05_15h25.49.083,mathesisv2,2024.1.3,Win32,60.24096386,,,,,,,,,,,,,,,,,y,,,,,,,,,,,,,,,,,,,,,,,,,,,,,,,,,,,,,,,,,,,,,,,,,,,,,,,,,,,,,,,,,,,,,,,,,,595.8376,597.1186,y,1.2694,,0,4,4,6,1,stimuliTAFCsec/numnym007.wav,,
,,,,,27,001,2024-06-05_15h25.49.083,mathesisv2,2024.1.3,Win32,60.24096386,,,,,,,,,,,,,,,,,y,,,,,,,,,,,,,,,,,,,,,,,,,,,,,,,,,,,,,,,,,,,,,,,,,,,,,,,,,,,,,,,,,,,,,,,,,,597.1198,598.6171,y,1.4829,,0,5,5,5,1,stimuliTAFCsec/numnym006.wav,,
,,,,,27,001,2024-06-05_15h25.49.083,mathesisv2,2024.1.3,Win32,60.24096386,,,,,,,,,,,,,,,,,u,,,,,,,,,,,,,,,,,,,,,,,,,,,,,,,,,,,,,,,,,,,,,,,,,,,,,,,,,,,,,,,,,,,,,,,,,,598.618,600.1324,u,1.4982,,0,6,6,0,1,stimuliTAFCsec/numnym001.wav,,
,,,,,27,001,2024-06-05_15h25.49.083,mathesisv2,2024.1.3,Win32,60.24096386,,,,,,,,,,,,,,,,,u,,,,,,,,,,,,,,,,,,,,,,,,,,,,,,,,,,,,,,,,,,,,,,,,,,,,,,,,,,,,,,,,,,,,,,,,,,600.1338,601.6154,u,1.4604,,1,0,7,1,1,stimuliTAFCsec/numnym002.wav,,
,,,,,27,001,2024-06-05_15h25.49.083,mathesisv2,2024.1.3,Win32,60.24096386,,,,,,,,,,,,,,,,,x,,,,,,,,,,,,,,,,,,,,,,,,,,,,,,,,,,,,,,,,,,,,,,,,,,,,,,,,,,,,,,,,,,,,,,,,,,601.6169,605.3617,y,3.7143,,1,1,8,3,1,stimuliTAFCsec/numnym004.wav,,
,,,,,27,001,2024-06-05_15h25.49.083,mathesisv2,2024.1.3,Win32,60.24096386,,,,,,,,,,,,,,,,,u,,,,,,,,,,,,,,,,,,,,,,,,,,,,,,,,,,,,,,,,,,,,,,,,,,,,,,,,,,,,,,,,,,,,,,,,,,605.3947,606.9252,u,1.5197,,1,2,9,2,1,stimuliTAFCsec/numnym003.wav,,
,,,,,27,001,2024-06-05_15h25.49.083,mathesisv2,2024.1.3,Win32,60.24096386,,,,,,,,,,,,,,,,,y,,,,,,,,,,,,,,,,,,,,,,,,,,,,,,,,,,,,,,,,,,,,,,,,,,,,,,,,,,,,,,,,,,,,,,,,,,606.9259,608.4236,y,1.4892,,1,3,10,5,1,stimuliTAFCsec/numnym006.wav,,
,,,,,27,001,2024-06-05_15h25.49.083,mathesisv2,2024.1.3,Win32,60.24096386,,,,,,,,,,,,,,,,,y,,,,,,,,,,,,,,,,,,,,,,,,,,,,,,,,,,,,,,,,,,,,,,,,,,,,,,,,,,,,,,,,,,,,,,,,,,608.4242,609.7392,y,1.3046,,1,4,11,6,1,stimuliTAFCsec/numnym007.wav,,
,,,,,27,001,2024-06-05_15h25.49.083,mathesisv2,2024.1.3,Win32,60.24096386,,,,,,,,,,,,,,,,,y,,,,,,,,,,,,,,,,,,,,,,,,,,,,,,,,,,,,,,,,,,,,,,,,,,,,,,,,,,,,,,,,,,,,,,,,,,609.74,611.0379,y,1.2816,,1,5,12,4,1,stimuliTAFCsec/numnym005.wav,,
,,,,,27,001,2024-06-05_15h25.49.083,mathesisv2,2024.1.3,Win32,60.24096386,,,,,,,,,,,,,,,,,u,,,,,,,,,,,,,,,,,,,,,,,,,,,,,,,,,,,,,,,,,,,,,,,,,,,,,,,,,,,,,,,,,,,,,,,,,,611.039,612.4035,u,1.3476,,1,6,13,0,1,stimuliTAFCsec/numnym001.wav,,
,,,,,27,001,2024-06-05_15h25.49.083,mathesisv2,2024.1.3,Win32,60.24096386,,,,,,,,,,,,,,,,,e,,,,,,,,,,,,,,,,,,,,,,,,,,612.4042,614.2195,space,1.791,,,,,,,,,,,,,,,,,,,,,,,,,,,,,,,,,,614.2567,615.866,e,1.6004,,0,0,0,0,1,stimuliTAFCfirst/nimnym001.wav,,,,,,,,,,,,,
,,,,,27,001,2024-06-05_15h25.49.083,mathesisv2,2024.1.3,Win32,60.24096386,,,,,,,,,,,,,,,,,y,,,,,,,,,,,,,,,,,,,,,,,,,,,,,,,,,,,,,,,,,,,,,,,,,,,,,,,,,,,,,,,615.867,617.0981,y,1.22,,0,1,1,6,1,stimuliTAFCfirst/nimnym007.wav,,,,,,,,,,,,,
,,,,,27,001,2024-06-05_15h25.49.083,mathesisv2,2024.1.3,Win32,60.24096386,,,,,,,,,,,,,,,,,e,,,,,,,,,,,,,,,,,,,,,,,,,,,,,,,,,,,,,,,,,,,,,,,,,,,,,,,,,,,,,,,617.099,618.7463,e,1.6328,,0,2,2,2,1,stimuliTAFCfirst/nimnym003.wav,,,,,,,,,,,,,
,,,,,27,001,2024-06-05_15h25.49.083,mathesisv2,2024.1.3,Win32,60.24096386,,,,,,,,,,,,,,,,,e,,,,,,,,,,,,,,,,,,,,,,,,,,,,,,,,,,,,,,,,,,,,,,,,,,,,,,,,,,,,,,,618.7469,620.1119,e,1.3582,,0,3,3,1,1,stimuliTAFCfirst/nimnym002.wav,,,,,,,,,,,,,
,,,,,27,001,2024-06-05_15h25.49.083,mathesisv2,2024.1.3,Win32,60.24096386,,,,,,,,,,,,,,,,,y,,,,,,,,,,,,,,,,,,,,,,,,,,,,,,,,,,,,,,,,,,,,,,,,,,,,,,,,,,,,,,,620.1125,621.461,y,1.3417,,0,4,4,5,1,stimuliTAFCfirst/nimnym006.wav,,,,,,,,,,,,,
,,,,,27,001,2024-06-05_15h25.49.083,mathesisv2,2024.1.3,Win32,60.24096386,,,,,,,,,,,,,,,,,y,,,,,,,,,,,,,,,,,,,,,,,,,,,,,,,,,,,,,,,,,,,,,,,,,,,,,,,,,,,,,,,621.4619,622.8089,y,1.3311,,0,5,5,4,1,stimuliTAFCfirst/nimnym005.wav,,,,,,,,,,,,,
,,,,,27,001,2024-06-05_15h25.49.083,mathesisv2,2024.1.3,Win32,60.24096386,,,,,,,,,,,,,,,,,x,,,,,,,,,,,,,,,,,,,,,,,,,,,,,,,,,,,,,,,,,,,,,,,,,,,,,,,,,,,,,,,622.8097,624.1575,y,1.3371,,0,6,6,3,1,stimuliTAFCfirst/nimnym004.wav,,,,,,,,,,,,,
,,,,,27,001,2024-06-05_15h25.49.083,mathesisv2,2024.1.3,Win32,60.24096386,,,,,,,,,,,,,,,,,e,,,,,,,,,,,,,,,,,,,,,,,,,,,,,,,,,,,,,,,,,,,,,,,,,,,,,,,,,,,,,,,624.1585,625.4726,e,1.3005,,1,0,7,0,1,stimuliTAFCfirst/nimnym001.wav,,,,,,,,,,,,,
,,,,,27,001,2024-06-05_15h25.49.083,mathesisv2,2024.1.3,Win32,60.24096386,,,,,,,,,,,,,,,,,y,,,,,,,,,,,,,,,,,,,,,,,,,,,,,,,,,,,,,,,,,,,,,,,,,,,,,,,,,,,,,,,625.4732,626.7713,y,1.2804,,1,1,8,5,1,stimuliTAFCfirst/nimnym006.wav,,,,,,,,,,,,,
,,,,,27,001,2024-06-05_15h25.49.083,mathesisv2,2024.1.3,Win32,60.24096386,,,,,,,,,,,,,,,,,x,,,,,,,,,,,,,,,,,,,,,,,,,,,,,,,,,,,,,,,,,,,,,,,,,,,,,,,,,,,,,,,626.772,628.3697,y,1.5806,,1,2,9,3,1,stimuliTAFCfirst/nimnym004.wav,,,,,,,,,,,,,
,,,,,27,001,2024-06-05_15h25.49.083,mathesisv2,2024.1.3,Win32,60.24096386,,,,,,,,,,,,,,,,,y,,,,,,,,,,,,,,,,,,,,,,,,,,,,,,,,,,,,,,,,,,,,,,,,,,,,,,,,,,,,,,,628.3703,629.6848,y,1.2979,,1,3,10,6,1,stimuliTAFCfirst/nimnym007.wav,,,,,,,,,,,,,
,,,,,27,001,2024-06-05_15h25.49.083,mathesisv2,2024.1.3,Win32,60.24096386,,,,,,,,,,,,,,,,,e,,,,,,,,,,,,,,,,,,,,,,,,,,,,,,,,,,,,,,,,,,,,,,,,,,,,,,,,,,,,,,,629.6855,631.2002,y,1.4988,,1,4,11,2,1,stimuliTAFCfirst/nimnym003.wav,,,,,,,,,,,,,
,,,,,27,001,2024-06-05_15h25.49.083,mathesisv2,2024.1.3,Win32,60.24096386,,,,,,,,,,,,,,,,,e,,,,,,,,,,,,,,,,,,,,,,,,,,,,,,,,,,,,,,,,,,,,,,,,,,,,,,,,,,,,,,,631.201,632.7319,e,1.5152,,1,5,12,1,1,stimuliTAFCfirst/nimnym002.wav,,,,,,,,,,,,,
,,,,,27,001,2024-06-05_15h25.49.083,mathesisv2,2024.1.3,Win32,60.24096386,,,,,,,,,,,,,,,,,y,,,,,,,,,,,,,,,,,,,,,,,,,,,,,,,,,,,,,,,,,,,,,,,,,,,,,,,,,,,,,,,632.7329,634.1803,y,1.4362,,1,6,13,4,1,stimuliTAFCfirst/nimnym005.wav,,,,,,,,,,,,,
,,,,,27,001,2024-06-05_15h25.49.083,mathesisv2,2024.1.3,Win32,60.24096386,,,,,,,,,,,,,,,,,u,634.1805,638.4994,space,4.3116,,,,,,,,,,,,,,,,,,,,,,,,,,,,,,,,,,,,,,,,,,,,,,,,,,,,,,,,,,,,,,,,,,,,,,638.5372,640.374,u,1.8275,,0,0,0,2,1,stimuliTAFCsec/numnym003.wav,,
,,,,,27,001,2024-06-05_15h25.49.083,mathesisv2,2024.1.3,Win32,60.24096386,,,,,,,,,,,,,,,,,u,,,,,,,,,,,,,,,,,,,,,,,,,,,,,,,,,,,,,,,,,,,,,,,,,,,,,,,,,,,,,,,,,,,,,,,,,,640.3745,642.0891,u,1.7,,0,1,1,1,1,stimuliTAFCsec/numnym002.wav,,
,,,,,27,001,2024-06-05_15h25.49.083,mathesisv2,2024.1.3,Win32,60.24096386,,,,,,,,,,,,,,,,,y,,,,,,,,,,,,,,,,,,,,,,,,,,,,,,,,,,,,,,,,,,,,,,,,,,,,,,,,,,,,,,,,,,,,,,,,,,642.0898,643.8538,y,1.75,,0,2,2,4,1,stimuliTAFCsec/numnym005.wav,,
,,,,,27,001,2024-06-05_15h25.49.083,mathesisv2,2024.1.3,Win32,60.24096386,,,,,,,,,,,,,,,,,y,,,,,,,,,,,,,,,,,,,,,,,,,,,,,,,,,,,,,,,,,,,,,,,,,,,,,,,,,,,,,,,,,,,,,,,,,,643.8544,645.3353,y,1.4679,,0,3,3,5,1,stimuliTAFCsec/numnym006.wav,,
,,,,,27,001,2024-06-05_15h25.49.083,mathesisv2,2024.1.3,Win32,60.24096386,,,,,,,,,,,,,,,,,y,,,,,,,,,,,,,,,,,,,,,,,,,,,,,,,,,,,,,,,,,,,,,,,,,,,,,,,,,,,,,,,,,,,,,,,,,,645.3359,646.8007,y,1.4473,,0,4,4,6,1,stimuliTAFCsec/numnym007.wav,,
,,,,,27,001,2024-06-05_15h25.49.083,mathesisv2,2024.1.3,Win32,60.24096386,,,,,,,,,,,,,,,,,u,,,,,,,,,,,,,,,,,,,,,,,,,,,,,,,,,,,,,,,,,,,,,,,,,,,,,,,,,,,,,,,,,,,,,,,,,,646.8014,648.2159,u,1.4085,,0,5,5,0,1,stimuliTAFCsec/numnym001.wav,,
,,,,,27,001,2024-06-05_15h25.49.083,mathesisv2,2024.1.3,Win32,60.24096386,,,,,,,,,,,,,,,,,x,,,,,,,,,,,,,,,,,,,,,,,,,,,,,,,,,,,,,,,,,,,,,,,,,,,,,,,,,,,,,,,,,,,,,,,,,,648.2165,650.0976,y,1.8706,,0,6,6,3,1,stimuliTAFCsec/numnym004.wav,,
,,,,,27,001,2024-06-05_15h25.49.083,mathesisv2,2024.1.3,Win32,60.24096386,,,,,,,,,,,,,,,,,x,,,,,,,,,,,,,,,,,,,,,,,,,,,,,,,,,,,,,,,,,,,,,,,,,,,,,,,,,,,,,,,,,,,,,,,,,,650.0993,653.9484,y,3.8299,,1,0,7,3,1,stimuliTAFCsec/numnym004.wav,,
,,,,,27,001,2024-06-05_15h25.49.083,mathesisv2,2024.1.3,Win32,60.24096386,,,,,,,,,,,,,,,,,y,,,,,,,,,,,,,,,,,,,,,,,,,,,,,,,,,,,,,,,,,,,,,,,,,,,,,,,,,,,,,,,,,,,,,,,,,,653.9492,655.759,y,1.7871,,1,1,8,6,1,stimuliTAFCsec/numnym007.wav,,
,,,,,27,001,2024-06-05_15h25.49.083,mathesisv2,2024.1.3,Win32,60.24096386,,,,,,,,,,,,,,,,,u,,,,,,,,,,,,,,,,,,,,,,,,,,,,,,,,,,,,,,,,,,,,,,,,,,,,,,,,,,,,,,,,,,,,,,,,,,655.7608,657.295,u,1.516,,1,2,9,1,1,stimuliTAFCsec/numnym002.wav,,
,,,,,27,001,2024-06-05_15h25.49.083,mathesisv2,2024.1.3,Win32,60.24096386,,,,,,,,,,,,,,,,,u,,,,,,,,,,,,,,,,,,,,,,,,,,,,,,,,,,,,,,,,,,,,,,,,,,,,,,,,,,,,,,,,,,,,,,,,,,657.2957,658.5725,u,1.2501,,1,3,10,2,1,stimuliTAFCsec/numnym003.wav,,
,,,,,27,001,2024-06-05_15h25.49.083,mathesisv2,2024.1.3,Win32,60.24096386,,,,,,,,,,,,,,,,,u,,,,,,,,,,,,,,,,,,,,,,,,,,,,,,,,,,,,,,,,,,,,,,,,,,,,,,,,,,,,,,,,,,,,,,,,,,658.5737,659.9257,u,1.3322,,1,4,11,0,1,stimuliTAFCsec/numnym001.wav,,
,,,,,27,001,2024-06-05_15h25.49.083,mathesisv2,2024.1.3,Win32,60.24096386,,,,,,,,,,,,,,,,,y,,,,,,,,,,,,,,,,,,,,,,,,,,,,,,,,,,,,,,,,,,,,,,,,,,,,,,,,,,,,,,,,,,,,,,,,,,659.9264,661.6522,y,1.7092,,1,5,12,4,1,stimuliTAFCsec/numnym005.wav,,
,,,,,27,001,2024-06-05_15h25.49.083,mathesisv2,2024.1.3,Win32,60.24096386,,,,,,,,,,,,,,,,,y,,,,,,,,,,,,,,,,,,,,,,,,,,,,,,,,,,,,,,,,,,,,,,,,,,,,,,,,,,,,,,,,,,,,,,,,,,661.6534,663.0507,y,1.3725,,1,6,13,5,1,stimuliTAFCsec/numnym006.wav,,
,,,,,27,001,2024-06-05_15h25.49.083,mathesisv2,2024.1.3,Win32,60.24096386,,,,,,,,,,,,,,,,,e,,,,,,,,,,,,,,,,,,,,,,,,,,663.0509,664.3162,space,1.2353,,,,,,,,,,,,,,,,,,,,,,,,,,,,,,,,,,664.357,665.7044,e,1.3421,,0,0,0,1,1,stimuliTAFCfirst/nimnym002.wav,,,,,,,,,,,,,
,,,,,27,001,2024-06-05_15h25.49.083,mathesisv2,2024.1.3,Win32,60.24096386,,,,,,,,,,,,,,,,,y,,,,,,,,,,,,,,,,,,,,,,,,,,,,,,,,,,,,,,,,,,,,,,,,,,,,,,,,,,,,,,,665.7053,666.9339,y,1.2147,,0,1,1,5,1,stimuliTAFCfirst/nimnym006.wav,,,,,,,,,,,,,
,,,,,27,001,2024-06-05_15h25.49.083,mathesisv2,2024.1.3,Win32,60.24096386,,,,,,,,,,,,,,,,,x,,,,,,,,,,,,,,,,,,,,,,,,,,,,,,,,,,,,,,,,,,,,,,,,,,,,,,,,,,,,,,,666.9347,668.8949,y,1.9368,,0,2,2,3,1,stimuliTAFCfirst/nimnym004.wav,,,,,,,,,,,,,
,,,,,27,001,2024-06-05_15h25.49.083,mathesisv2,2024.1.3,Win32,60.24096386,,,,,,,,,,,,,,,,,e,,,,,,,,,,,,,,,,,,,,,,,,,,,,,,,,,,,,,,,,,,,,,,,,,,,,,,,,,,,,,,,668.8967,670.2608,e,1.3336,,0,3,3,0,1,stimuliTAFCfirst/nimnym001.wav,,,,,,,,,,,,,
,,,,,27,001,2024-06-05_15h25.49.083,mathesisv2,2024.1.3,Win32,60.24096386,,,,,,,,,,,,,,,,,e,,,,,,,,,,,,,,,,,,,,,,,,,,,,,,,,,,,,,,,,,,,,,,,,,,,,,,,,,,,,,,,670.2619,671.6093,e,1.3259,,0,4,4,2,1,stimuliTAFCfirst/nimnym003.wav,,,,,,,,,,,,,
,,,,,27,001,2024-06-05_15h25.49.083,mathesisv2,2024.1.3,Win32,60.24096386,,,,,,,,,,,,,,,,,y,,,,,,,,,,,,,,,,,,,,,,,,,,,,,,,,,,,,,,,,,,,,,,,,,,,,,,,,,,,,,,,671.6106,673.0082,y,1.3674,,0,5,5,6,1,stimuliTAFCfirst/nimnym007.wav,,,,,,,,,,,,,
,,,,,27,001,2024-06-05_15h25.49.083,mathesisv2,2024.1.3,Win32,60.24096386,,,,,,,,,,,,,,,,,y,,,,,,,,,,,,,,,,,,,,,,,,,,,,,,,,,,,,,,,,,,,,,,,,,,,,,,,,,,,,,,,673.0094,674.3556,y,1.3265,,0,6,6,4,1,stimuliTAFCfirst/nimnym005.wav,,,,,,,,,,,,,
,,,,,27,001,2024-06-05_15h25.49.083,mathesisv2,2024.1.3,Win32,60.24096386,,,,,,,,,,,,,,,,,y,,,,,,,,,,,,,,,,,,,,,,,,,,,,,,,,,,,,,,,,,,,,,,,,,,,,,,,,,,,,,,,674.3569,675.7275,y,1.3484,,1,0,7,4,1,stimuliTAFCfirst/nimnym005.wav,,,,,,,,,,,,,
,,,,,27,001,2024-06-05_15h25.49.083,mathesisv2,2024.1.3,Win32,60.24096386,,,,,,,,,,,,,,,,,y,,,,,,,,,,,,,,,,,,,,,,,,,,,,,,,,,,,,,,,,,,,,,,,,,,,,,,,,,,,,,,,675.7285,677.0862,y,1.3377,,1,1,8,5,1,stimuliTAFCfirst/nimnym006.wav,,,,,,,,,,,,,
,,,,,27,001,2024-06-05_15h25.49.083,mathesisv2,2024.1.3,Win32,60.24096386,,,,,,,,,,,,,,,,,y,,,,,,,,,,,,,,,,,,,,,,,,,,,,,,,,,,,,,,,,,,,,,,,,,,,,,,,,,,,,,,,677.0875,678.4352,y,1.3196,,1,2,9,6,1,stimuliTAFCfirst/nimnym007.wav,,,,,,,,,,,,,
,,,,,27,001,2024-06-05_15h25.49.083,mathesisv2,2024.1.3,Win32,60.24096386,,,,,,,,,,,,,,,,,e,,,,,,,,,,,,,,,,,,,,,,,,,,,,,,,,,,,,,,,,,,,,,,,,,,,,,,,,,,,,,,,678.4368,679.8387,e,1.383,,1,3,10,2,1,stimuliTAFCfirst/nimnym003.wav,,,,,,,,,,,,,
,,,,,27,001,2024-06-05_15h25.49.083,mathesisv2,2024.1.3,Win32,60.24096386,,,,,,,,,,,,,,,,,e,,,,,,,,,,,,,,,,,,,,,,,,,,,,,,,,,,,,,,,,,,,,,,,,,,,,,,,,,,,,,,,679.8396,681.1656,e,1.307,,1,4,11,0,1,stimuliTAFCfirst/nimnym001.wav,,,,,,,,,,,,,
,,,,,27,001,2024-06-05_15h25.49.083,mathesisv2,2024.1.3,Win32,60.24096386,,,,,,,,,,,,,,,,,x,,,,,,,,,,,,,,,,,,,,,,,,,,,,,,,,,,,,,,,,,,,,,,,,,,,,,,,,,,,,,,,681.1671,682.8142,y,1.6184,,1,5,12,3,1,stimuliTAFCfirst/nimnym004.wav,,,,,,,,,,,,,
,,,,,27,001,2024-06-05_15h25.49.083,mathesisv2,2024.1.3,Win32,60.24096386,,,,,,,,,,,,,,,,,e,,,,,,,,,,,,,,,,,,,,,,,,,,,,,,,,,,,,,,,,,,,,,,,,,,,,,,,,,,,,,,,682.8153,684.296,e,1.4587,,1,6,13,1,1,stimuliTAFCfirst/nimnym002.wav,,,,,,,,,,,,,
,,,,,27,001,2024-06-05_15h25.49.083,mathesisv2,2024.1.3,Win32,60.24096386,,,,,,,,,,,,,,,,,y,684.2964,690.9774,space,6.6594,,,,,,,,,,,,,,,,,,,,,,,,,,,,,,,,,,,,,,,,,,,,,,,,,,,,,,,,,,,,,,,,,,,,,,691.0075,693.6523,y,2.6381,,0,0,0,4,1,stimuliTAFCsec/numnym005.wav,,
,,,,,27,001,2024-06-05_15h25.49.083,mathesisv2,2024.1.3,Win32,60.24096386,,,,,,,,,,,,,,,,,u,,,,,,,,,,,,,,,,,,,,,,,,,,,,,,,,,,,,,,,,,,,,,,,,,,,,,,,,,,,,,,,,,,,,,,,,,,693.6531,695.1013,u,1.4343,,0,1,1,2,1,stimuliTAFCsec/numnym003.wav,,
,,,,,27,001,2024-06-05_15h25.49.083,mathesisv2,2024.1.3,Win32,60.24096386,,,,,,,,,,,,,,,,,x,,,,,,,,,,,,,,,,,,,,,,,,,,,,,,,,,,,,,,,,,,,,,,,,,,,,,,,,,,,,,,,,,,,,,,,,,,695.1021,697.082,y,1.959,,0,2,2,3,1,stimuliTAFCsec/numnym004.wav,,
,,,,,27,001,2024-06-05_15h25.49.083,mathesisv2,2024.1.3,Win32,60.24096386,,,,,,,,,,,,,,,,,u,,,,,,,,,,,,,,,,,,,,,,,,,,,,,,,,,,,,,,,,,,,,,,,,,,,,,,,,,,,,,,,,,,,,,,,,,,697.0826,698.5527,u,1.4596,,0,3,3,1,1,stimuliTAFCsec/numnym002.wav,,
,,,,,27,001,2024-06-05_15h25.49.083,mathesisv2,2024.1.3,Win32,60.24096386,,,,,,,,,,,,,,,,,y,,,,,,,,,,,,,,,,,,,,,,,,,,,,,,,,,,,,,,,,,,,,,,,,,,,,,,,,,,,,,,,,,,,,,,,,,,698.5532,700.3795,y,1.8036,,0,4,4,6,1,stimuliTAFCsec/numnym007.wav,,
,,,,,27,001,2024-06-05_15h25.49.083,mathesisv2,2024.1.3,Win32,60.24096386,,,,,,,,,,,,,,,,,u,,,,,,,,,,,,,,,,,,,,,,,,,,,,,,,,,,,,,,,,,,,,,,,,,,,,,,,,,,,,,,,,,,,,,,,,,,700.3811,701.6944,u,1.2889,,0,5,5,0,1,stimuliTAFCsec/numnym001.wav,,
,,,,,27,001,2024-06-05_15h25.49.083,mathesisv2,2024.1.3,Win32,60.24096386,,,,,,,,,,,,,,,,,y,,,,,,,,,,,,,,,,,,,,,,,,,,,,,,,,,,,,,,,,,,,,,,,,,,,,,,,,,,,,,,,,,,,,,,,,,,701.6958,703.0648,y,1.35,,0,6,6,5,1,stimuliTAFCsec/numnym006.wav,,
,,,,,27,001,2024-06-05_15h25.49.083,mathesisv2,2024.1.3,Win32,60.24096386,,,,,,,,,,,,,,,,,y,,,,,,,,,,,,,,,,,,,,,,,,,,,,,,,,,,,,,,,,,,,,,,,,,,,,,,,,,,,,,,,,,,,,,,,,,,703.0655,704.4753,y,1.385,,1,0,7,4,1,stimuliTAFCsec/numnym005.wav,,
,,,,,27,001,2024-06-05_15h25.49.083,mathesisv2,2024.1.3,Win32,60.24096386,,,,,,,,,,,,,,,,,u,,,,,,,,,,,,,,,,,,,,,,,,,,,,,,,,,,,,,,,,,,,,,,,,,,,,,,,,,,,,,,,,,,,,,,,,,,704.4766,705.7567,u,1.2533,,1,1,8,0,1,stimuliTAFCsec/numnym001.wav,,
,,,,,27,001,2024-06-05_15h25.49.083,mathesisv2,2024.1.3,Win32,60.24096386,,,,,,,,,,,,,,,,,y,,,,,,,,,,,,,,,,,,,,,,,,,,,,,,,,,,,,,,,,,,,,,,,,,,,,,,,,,,,,,,,,,,,,,,,,,,705.7574,707.006,y,1.2225,,1,2,9,5,1,stimuliTAFCsec/numnym006.wav,,
,,,,,27,001,2024-06-05_15h25.49.083,mathesisv2,2024.1.3,Win32,60.24096386,,,,,,,,,,,,,,,,,u,,,,,,,,,,,,,,,,,,,,,,,,,,,,,,,,,,,,,,,,,,,,,,,,,,,,,,,,,,,,,,,,,,,,,,,,,,707.0073,708.2539,u,1.2249,,1,3,10,1,1,stimuliTAFCsec/numnym002.wav,,
,,,,,27,001,2024-06-05_15h25.49.083,mathesisv2,2024.1.3,Win32,60.24096386,,,,,,,,,,,,,,,,,x,,,,,,,,,,,,,,,,,,,,,,,,,,,,,,,,,,,,,,,,,,,,,,,,,,,,,,,,,,,,,,,,,,,,,,,,,,708.2547,710.4521,y,2.1698,,1,4,11,3,1,stimuliTAFCsec/numnym004.wav,,
,,,,,27,001,2024-06-05_15h25.49.083,mathesisv2,2024.1.3,Win32,60.24096386,,,,,,,,,,,,,,,,,y,,,,,,,,,,,,,,,,,,,,,,,,,,,,,,,,,,,,,,,,,,,,,,,,,,,,,,,,,,,,,,,,,,,,,,,,,,710.4532,711.7009,y,1.2205,,1,5,12,6,1,stimuliTAFCsec/numnym007.wav,,
,,,,,27,001,2024-06-05_15h25.49.083,mathesisv2,2024.1.3,Win32,60.24096386,,,,,,,,,,,,,,,,,u,,,,,,,,,,,,,,,,,,,,,,,,,,,,,,,,,,,,,,,,,,,,,,,,,,,,,,,,,,,,,,,,,,,,,,,,,,711.7025,712.949,u,1.2158,,1,6,13,2,1,stimuliTAFCsec/numnym003.wav,,
,,,,,27,001,2024-06-05_15h25.49.083,mathesisv2,2024.1.3,Win32,60.24096386,,,,,,,,,,,,,,,,,,,,,,,,,,,,,,,,,,,,,,,,,,,712.9493,714.7183,space,1.7481,,,,,,,,,,,,,,,,,,,,,,,,,,,,,,,,,,,,,,,,,,,,,,,,,,,,,,,,714.7193,719.7148
