﻿start.started,start.stopped,startkey_resp.keys,startkey_resp.rt,startkey_resp.duration,participant,session,date,expName,psychopyVersion,OS,frameRate,attention.started,attention.stopped,key_resp.keys,key_resp.rt,key_resp.duration,stimuliAXBmix.started,stimuliAXBmix.stopped,stimuliAXBkey_resp.keys,stimuliAXBkey_resp.rt,stimuliAXBkey_resp.duration,stimuliAXBtesttrials.thisRepN,stimuliAXBtesttrials.thisTrialN,stimuliAXBtesttrials.thisN,stimuliAXBtesttrials.thisIndex,stimuliAXBtesttrials.ran,stimuliAXBmix,Correct,attentionsecond.started,attentionsecond.stopped,attentionsecondkey_resp.keys,attentionsecondkey_resp.rt,attentionsecondkey_resp.duration,instAXBreal.started,instAXBreal.stopped,instAXBrealkey_resp.keys,instAXBrealkey_resp.rt,instAXBrealkey_resp.duration,stimuliAXBmixfirst.thisRepN,stimuliAXBmixfirst.thisTrialN,stimuliAXBmixfirst.thisN,stimuliAXBmixfirst.thisIndex,stimuliAXBmixfirst.ran,attentionfirst.started,attentionfirst.stopped,attentionfirstkey_resp.keys,attentionfirstkey_resp.rt,attentionfirstkey_resp.duration,stimuliAXbmixsec.thisRepN,stimuliAXbmixsec.thisTrialN,stimuliAXbmixsec.thisN,stimuliAXbmixsec.thisIndex,stimuliAXbmixsec.ran,kaffeepause.started,kaffeepause.stopped,kaffeepausekey_resp.keys,kaffeepausekey_resp.rt,kaffeepausekey_resp.duration,instTAFCtest.started,instTAFCtest.stopped,instTAFCtestkey_resp.keys,instTAFCtestkey_resp.rt,instTAFCtestkey_resp.duration,testTAFCmixfirst.started,testTAFCmixfirst.stopped,testTAFCmixfirstkey_resp.keys,testTAFCmixfirstkey_resp.rt,testTAFCmixfirstkey_resp.duration,testTAFCmixfirsttrials.thisRepN,testTAFCmixfirsttrials.thisTrialN,testTAFCmixfirsttrials.thisN,testTAFCmixfirsttrials.thisIndex,testTAFCmixfirsttrials.ran,testTAFCmixfirst,testTAFCmixsec.started,testTAFCmixsec.stopped,testTAFCmixseckey_resp.keys,testTAFCmixseckey_resp.rt,testTAFCmixseckey_resp.duration,testTAFCmixsectrials.thisRepN,testTAFCmixsectrials.thisTrialN,testTAFCmixsectrials.thisN,testTAFCmixsectrials.thisIndex,testTAFCmixsectrials.ran,testTAFCmixsec,instTAFCreal.started,instTAFCreal.stopped,instTAFCrealkey_resp.keys,instTAFCrealkey_resp.rt,instTAFCrealkey_resp.duration,stimuliTAFCfirst.started,stimuliTAFCfirst.stopped,stimuliTAFCfirstkey_resp.keys,stimuliTAFCfirstkey_resp.rt,stimuliTAFCfirstkey_resp.duration,stimuliTAFCfirsttrials.thisRepN,stimuliTAFCfirsttrials.thisTrialN,stimuliTAFCfirsttrials.thisN,stimuliTAFCfirsttrials.thisIndex,stimuliTAFCfirsttrials.ran,stimuliTAFCfirst,stimuliTAFCsec.started,stimuliTAFCsec.stopped,stimuliTAFCseckey_resp.keys,stimuliTAFCseckey_resp.rt,stimuliTAFCseckey_resp.duration,stimuliTAFCsectrials.thisRepN,stimuliTAFCsectrials.thisTrialN,stimuliTAFCsectrials.thisN,stimuliTAFCsectrials.thisIndex,stimuliTAFCsectrials.ran,stimuliTAFCsec,end.started,end.stopped
0,27.981,space,27.953,,646d146529b02c8baf05bad4,001,2024-05-25_13h50.32.056,mathesisv2,2024.1.3,MacIntel,58.82352941,,,,,,,,,,,,,,,,,,,,,,,,,,,,,,,,,,,,,,,,,,,,,,,,,,,,,,,,,,,,,,,,,,,,,,,,,,,,,,,,,,,,,,,,,,,,,,,,,,,,,,,
,,,,,646d146529b02c8baf05bad4,001,2024-05-25_13h50.32.056,mathesisv2,2024.1.3,MacIntel,58.82352941,27.981,40.198,space,12.197,,,,,,,,,,,,,,,,,,,,,,,,,,,,,,,,,,,,,,,,,,,,,,,,,,,,,,,,,,,,,,,,,,,,,,,,,,,,,,,,,,,,,,,,,,,,,,,,,,,
,,,,,646d146529b02c8baf05bad4,001,2024-05-25_13h50.32.056,mathesisv2,2024.1.3,MacIntel,58.82352941,,,,,,40.213,67.431,f,27.204,,0,0,0,1,1,stimuliAXBmix/iyystimulus.wav,f,,,,,,,,,,,,,,,,,,,,,,,,,,,,,,,,,,,,,,,,,,,,,,,,,,,,,,,,,,,,,,,,,,,,,,,,,,,,,,,,,,,,,,
,,,,,646d146529b02c8baf05bad4,001,2024-05-25_13h50.32.056,mathesisv2,2024.1.3,MacIntel,58.82352941,,,,,,67.435,74.364,f,6.92,,0,1,1,2,1,stimuliAXBmix/yuustimulus.wav,f,,,,,,,,,,,,,,,,,,,,,,,,,,,,,,,,,,,,,,,,,,,,,,,,,,,,,,,,,,,,,,,,,,,,,,,,,,,,,,,,,,,,,,
,,,,,646d146529b02c8baf05bad4,001,2024-05-25_13h50.32.056,mathesisv2,2024.1.3,MacIntel,58.82352941,,,,,,74.365,78.964,l,4.583,,0,2,2,0,1,stimuliAXBmix/iiystimulus.wav,l,,,,,,,,,,,,,,,,,,,,,,,,,,,,,,,,,,,,,,,,,,,,,,,,,,,,,,,,,,,,,,,,,,,,,,,,,,,,,,,,,,,,,,
,,,,,646d146529b02c8baf05bad4,001,2024-05-25_13h50.32.056,mathesisv2,2024.1.3,MacIntel,58.82352941,,,,,,78.964,82.531,l,3.558,,0,3,3,3,1,stimuliAXBmix/yyustimulus.wav,l,,,,,,,,,,,,,,,,,,,,,,,,,,,,,,,,,,,,,,,,,,,,,,,,,,,,,,,,,,,,,,,,,,,,,,,,,,,,,,,,,,,,,,
,,,,,646d146529b02c8baf05bad4,001,2024-05-25_13h50.32.056,mathesisv2,2024.1.3,MacIntel,58.82352941,,,,,,,,,,,,,,,,,,82.535,85.348,space,2.801,,,,,,,,,,,,,,,,,,,,,,,,,,,,,,,,,,,,,,,,,,,,,,,,,,,,,,,,,,,,,,,,,,,,,,,,,,,,,,,,,,
,,,,,646d146529b02c8baf05bad4,001,2024-05-25_13h50.32.056,mathesisv2,2024.1.3,MacIntel,58.82352941,,,,,,,,,,,,,,,,,,,,,,,85.349,91.048,space,5.684,,,,,,,,,,,,,,,,,,,,,,,,,,,,,,,,,,,,,,,,,,,,,,,,,,,,,,,,,,,,,,,,,,,,,,,,,,,,,
,,,,,646d146529b02c8baf05bad4,001,2024-05-25_13h50.32.056,mathesisv2,2024.1.3,MacIntel,58.82352941,,,,,,91.055,95.832,l,4.767,,,,,,,stimuliAXBmix/yyustimulus.wav,l,,,,,,,,,,,0,0,0,3,1,,,,,,,,,,,,,,,,,,,,,,,,,,,,,,,,,,,,,,,,,,,,,,,,,,,,,,,,,,,,,,,,,,,,,,,
,,,,,646d146529b02c8baf05bad4,001,2024-05-25_13h50.32.056,mathesisv2,2024.1.3,MacIntel,58.82352941,,,,,,95.833,100.481,l,4.633,,,,,,,stimuliAXBmix/iiystimulus.wav,l,,,,,,,,,,,0,1,1,0,1,,,,,,,,,,,,,,,,,,,,,,,,,,,,,,,,,,,,,,,,,,,,,,,,,,,,,,,,,,,,,,,,,,,,,,,
,,,,,646d146529b02c8baf05bad4,001,2024-05-25_13h50.32.056,mathesisv2,2024.1.3,MacIntel,58.82352941,,,,,,100.482,104.381,f,3.891,,,,,,,stimuliAXBmix/iyystimulus.wav,f,,,,,,,,,,,0,2,2,1,1,,,,,,,,,,,,,,,,,,,,,,,,,,,,,,,,,,,,,,,,,,,,,,,,,,,,,,,,,,,,,,,,,,,,,,,
,,,,,646d146529b02c8baf05bad4,001,2024-05-25_13h50.32.056,mathesisv2,2024.1.3,MacIntel,58.82352941,,,,,,104.382,109.265,f,4.876,,,,,,,stimuliAXBmix/yuustimulus.wav,f,,,,,,,,,,,0,3,3,2,1,,,,,,,,,,,,,,,,,,,,,,,,,,,,,,,,,,,,,,,,,,,,,,,,,,,,,,,,,,,,,,,,,,,,,,,
,,,,,646d146529b02c8baf05bad4,001,2024-05-25_13h50.32.056,mathesisv2,2024.1.3,MacIntel,58.82352941,,,,,,109.266,113.166,f,3.884,,,,,,,stimuliAXBmix/yuustimulus.wav,f,,,,,,,,,,,1,0,4,2,1,,,,,,,,,,,,,,,,,,,,,,,,,,,,,,,,,,,,,,,,,,,,,,,,,,,,,,,,,,,,,,,,,,,,,,,
,,,,,646d146529b02c8baf05bad4,001,2024-05-25_13h50.32.056,mathesisv2,2024.1.3,MacIntel,58.82352941,,,,,,113.167,117.085,f,3.898,,,,,,,stimuliAXBmix/iyystimulus.wav,f,,,,,,,,,,,1,1,5,1,1,,,,,,,,,,,,,,,,,,,,,,,,,,,,,,,,,,,,,,,,,,,,,,,,,,,,,,,,,,,,,,,,,,,,,,,
,,,,,646d146529b02c8baf05bad4,001,2024-05-25_13h50.32.056,mathesisv2,2024.1.3,MacIntel,58.82352941,,,,,,117.085,121.432,l,4.335,,,,,,,stimuliAXBmix/yyustimulus.wav,l,,,,,,,,,,,1,2,6,3,1,,,,,,,,,,,,,,,,,,,,,,,,,,,,,,,,,,,,,,,,,,,,,,,,,,,,,,,,,,,,,,,,,,,,,,,
,,,,,646d146529b02c8baf05bad4,001,2024-05-25_13h50.32.056,mathesisv2,2024.1.3,MacIntel,58.82352941,,,,,,121.433,125.816,l,4.368,,,,,,,stimuliAXBmix/iiystimulus.wav,l,,,,,,,,,,,1,3,7,0,1,,,,,,,,,,,,,,,,,,,,,,,,,,,,,,,,,,,,,,,,,,,,,,,,,,,,,,,,,,,,,,,,,,,,,,,
,,,,,646d146529b02c8baf05bad4,001,2024-05-25_13h50.32.056,mathesisv2,2024.1.3,MacIntel,58.82352941,,,,,,125.817,130.033,f,4.209,,,,,,,stimuliAXBmix/iyystimulus.wav,f,,,,,,,,,,,2,0,8,1,1,,,,,,,,,,,,,,,,,,,,,,,,,,,,,,,,,,,,,,,,,,,,,,,,,,,,,,,,,,,,,,,,,,,,,,,
,,,,,646d146529b02c8baf05bad4,001,2024-05-25_13h50.32.056,mathesisv2,2024.1.3,MacIntel,58.82352941,,,,,,130.034,133.833,f,3.795,,,,,,,stimuliAXBmix/yuustimulus.wav,f,,,,,,,,,,,2,1,9,2,1,,,,,,,,,,,,,,,,,,,,,,,,,,,,,,,,,,,,,,,,,,,,,,,,,,,,,,,,,,,,,,,,,,,,,,,
,,,,,646d146529b02c8baf05bad4,001,2024-05-25_13h50.32.056,mathesisv2,2024.1.3,MacIntel,58.82352941,,,,,,133.834,137.917,l,4.064,,,,,,,stimuliAXBmix/iiystimulus.wav,l,,,,,,,,,,,2,2,10,0,1,,,,,,,,,,,,,,,,,,,,,,,,,,,,,,,,,,,,,,,,,,,,,,,,,,,,,,,,,,,,,,,,,,,,,,,
,,,,,646d146529b02c8baf05bad4,001,2024-05-25_13h50.32.056,mathesisv2,2024.1.3,MacIntel,58.82352941,,,,,,137.918,142.949,l,5.016,,,,,,,stimuliAXBmix/yyustimulus.wav,l,,,,,,,,,,,2,3,11,3,1,,,,,,,,,,,,,,,,,,,,,,,,,,,,,,,,,,,,,,,,,,,,,,,,,,,,,,,,,,,,,,,,,,,,,,,
,,,,,646d146529b02c8baf05bad4,001,2024-05-25_13h50.32.056,mathesisv2,2024.1.3,MacIntel,58.82352941,,,,,,147.571,152.417,l,4.829,,,,,,,stimuliAXBmix/yyustimulus.wav,l,,,,,,,,,,,,,,,,142.951,147.567,return,4.595,,0,0,0,3,1,,,,,,,,,,,,,,,,,,,,,,,,,,,,,,,,,,,,,,,,,,,,,,,,,,,,,,,,,,,,,
,,,,,646d146529b02c8baf05bad4,001,2024-05-25_13h50.32.056,mathesisv2,2024.1.3,MacIntel,58.82352941,,,,,,152.417,156.317,l,3.892,,,,,,,stimuliAXBmix/iiystimulus.wav,l,,,,,,,,,,,,,,,,,,,,,0,1,1,0,1,,,,,,,,,,,,,,,,,,,,,,,,,,,,,,,,,,,,,,,,,,,,,,,,,,,,,,,,,,,,,
,,,,,646d146529b02c8baf05bad4,001,2024-05-25_13h50.32.056,mathesisv2,2024.1.3,MacIntel,58.82352941,,,,,,156.318,160.234,f,3.907,,,,,,,stimuliAXBmix/iyystimulus.wav,f,,,,,,,,,,,,,,,,,,,,,0,2,2,1,1,,,,,,,,,,,,,,,,,,,,,,,,,,,,,,,,,,,,,,,,,,,,,,,,,,,,,,,,,,,,,
,,,,,646d146529b02c8baf05bad4,001,2024-05-25_13h50.32.056,mathesisv2,2024.1.3,MacIntel,58.82352941,,,,,,160.234,164.034,f,3.792,,,,,,,stimuliAXBmix/yuustimulus.wav,f,,,,,,,,,,,,,,,,,,,,,0,3,3,2,1,,,,,,,,,,,,,,,,,,,,,,,,,,,,,,,,,,,,,,,,,,,,,,,,,,,,,,,,,,,,,
,,,,,646d146529b02c8baf05bad4,001,2024-05-25_13h50.32.056,mathesisv2,2024.1.3,MacIntel,58.82352941,,,,,,164.035,167.917,l,3.867,,,,,,,stimuliAXBmix/iiystimulus.wav,l,,,,,,,,,,,,,,,,,,,,,1,0,4,0,1,,,,,,,,,,,,,,,,,,,,,,,,,,,,,,,,,,,,,,,,,,,,,,,,,,,,,,,,,,,,,
,,,,,646d146529b02c8baf05bad4,001,2024-05-25_13h50.32.056,mathesisv2,2024.1.3,MacIntel,58.82352941,,,,,,167.918,171.834,l,3.908,,,,,,,stimuliAXBmix/yyustimulus.wav,l,,,,,,,,,,,,,,,,,,,,,1,1,5,3,1,,,,,,,,,,,,,,,,,,,,,,,,,,,,,,,,,,,,,,,,,,,,,,,,,,,,,,,,,,,,,
,,,,,646d146529b02c8baf05bad4,001,2024-05-25_13h50.32.056,mathesisv2,2024.1.3,MacIntel,58.82352941,,,,,,171.835,175.585,f,3.735,,,,,,,stimuliAXBmix/yuustimulus.wav,f,,,,,,,,,,,,,,,,,,,,,1,2,6,2,1,,,,,,,,,,,,,,,,,,,,,,,,,,,,,,,,,,,,,,,,,,,,,,,,,,,,,,,,,,,,,
,,,,,646d146529b02c8baf05bad4,001,2024-05-25_13h50.32.056,mathesisv2,2024.1.3,MacIntel,58.82352941,,,,,,175.586,179.384,f,3.789,,,,,,,stimuliAXBmix/iyystimulus.wav,f,,,,,,,,,,,,,,,,,,,,,1,3,7,1,1,,,,,,,,,,,,,,,,,,,,,,,,,,,,,,,,,,,,,,,,,,,,,,,,,,,,,,,,,,,,,
,,,,,646d146529b02c8baf05bad4,001,2024-05-25_13h50.32.056,mathesisv2,2024.1.3,MacIntel,58.82352941,,,,,,195.822,199.936,l,4.107,,,,,,,stimuliAXBmix/yyustimulus.wav,l,,,,,,,,,,,0,0,0,3,1,,,,,,,,,,,179.386,195.818,space,16.411,,,,,,,,,,,,,,,,,,,,,,,,,,,,,,,,,,,,,,,,,,,,,,,,,,,,,,,,,
,,,,,646d146529b02c8baf05bad4,001,2024-05-25_13h50.32.056,mathesisv2,2024.1.3,MacIntel,58.82352941,,,,,,199.937,203.652,f,3.704,,,,,,,stimuliAXBmix/yuustimulus.wav,f,,,,,,,,,,,0,1,1,2,1,,,,,,,,,,,,,,,,,,,,,,,,,,,,,,,,,,,,,,,,,,,,,,,,,,,,,,,,,,,,,,,,,,,,,,,
,,,,,646d146529b02c8baf05bad4,001,2024-05-25_13h50.32.056,mathesisv2,2024.1.3,MacIntel,58.82352941,,,,,,203.652,207.519,l,3.852,,,,,,,stimuliAXBmix/iiystimulus.wav,l,,,,,,,,,,,0,2,2,0,1,,,,,,,,,,,,,,,,,,,,,,,,,,,,,,,,,,,,,,,,,,,,,,,,,,,,,,,,,,,,,,,,,,,,,,,
,,,,,646d146529b02c8baf05bad4,001,2024-05-25_13h50.32.056,mathesisv2,2024.1.3,MacIntel,58.82352941,,,,,,207.52,211.686,f,4.155,,,,,,,stimuliAXBmix/iyystimulus.wav,f,,,,,,,,,,,0,3,3,1,1,,,,,,,,,,,,,,,,,,,,,,,,,,,,,,,,,,,,,,,,,,,,,,,,,,,,,,,,,,,,,,,,,,,,,,,
,,,,,646d146529b02c8baf05bad4,001,2024-05-25_13h50.32.056,mathesisv2,2024.1.3,MacIntel,58.82352941,,,,,,211.687,215.951,l,4.248,,,,,,,stimuliAXBmix/iiystimulus.wav,l,,,,,,,,,,,1,0,4,0,1,,,,,,,,,,,,,,,,,,,,,,,,,,,,,,,,,,,,,,,,,,,,,,,,,,,,,,,,,,,,,,,,,,,,,,,
,,,,,646d146529b02c8baf05bad4,001,2024-05-25_13h50.32.056,mathesisv2,2024.1.3,MacIntel,58.82352941,,,,,,215.952,219.752,l,3.787,,,,,,,stimuliAXBmix/yyustimulus.wav,l,,,,,,,,,,,1,1,5,3,1,,,,,,,,,,,,,,,,,,,,,,,,,,,,,,,,,,,,,,,,,,,,,,,,,,,,,,,,,,,,,,,,,,,,,,,
,,,,,646d146529b02c8baf05bad4,001,2024-05-25_13h50.32.056,mathesisv2,2024.1.3,MacIntel,58.82352941,,,,,,219.752,224.053,f,4.286,,,,,,,stimuliAXBmix/yuustimulus.wav,f,,,,,,,,,,,1,2,6,2,1,,,,,,,,,,,,,,,,,,,,,,,,,,,,,,,,,,,,,,,,,,,,,,,,,,,,,,,,,,,,,,,,,,,,,,,
,,,,,646d146529b02c8baf05bad4,001,2024-05-25_13h50.32.056,mathesisv2,2024.1.3,MacIntel,58.82352941,,,,,,224.054,228.303,f,4.238,,,,,,,stimuliAXBmix/iyystimulus.wav,f,,,,,,,,,,,1,3,7,1,1,,,,,,,,,,,,,,,,,,,,,,,,,,,,,,,,,,,,,,,,,,,,,,,,,,,,,,,,,,,,,,,,,,,,,,,
,,,,,646d146529b02c8baf05bad4,001,2024-05-25_13h50.32.056,mathesisv2,2024.1.3,MacIntel,58.82352941,,,,,,228.304,232.07,f,3.753,,,,,,,stimuliAXBmix/yuustimulus.wav,f,,,,,,,,,,,2,0,8,2,1,,,,,,,,,,,,,,,,,,,,,,,,,,,,,,,,,,,,,,,,,,,,,,,,,,,,,,,,,,,,,,,,,,,,,,,
,,,,,646d146529b02c8baf05bad4,001,2024-05-25_13h50.32.056,mathesisv2,2024.1.3,MacIntel,58.82352941,,,,,,232.07,235.92,l,3.835,,,,,,,stimuliAXBmix/yyustimulus.wav,l,,,,,,,,,,,2,1,9,3,1,,,,,,,,,,,,,,,,,,,,,,,,,,,,,,,,,,,,,,,,,,,,,,,,,,,,,,,,,,,,,,,,,,,,,,,
,,,,,646d146529b02c8baf05bad4,001,2024-05-25_13h50.32.056,mathesisv2,2024.1.3,MacIntel,58.82352941,,,,,,235.922,239.703,f,3.767,,,,,,,stimuliAXBmix/iyystimulus.wav,f,,,,,,,,,,,2,2,10,1,1,,,,,,,,,,,,,,,,,,,,,,,,,,,,,,,,,,,,,,,,,,,,,,,,,,,,,,,,,,,,,,,,,,,,,,,
,,,,,646d146529b02c8baf05bad4,001,2024-05-25_13h50.32.056,mathesisv2,2024.1.3,MacIntel,58.82352941,,,,,,239.704,243.354,l,3.642,,,,,,,stimuliAXBmix/iiystimulus.wav,l,,,,,,,,,,,2,3,11,0,1,,,,,,,,,,,,,,,,,,,,,,,,,,,,,,,,,,,,,,,,,,,,,,,,,,,,,,,,,,,,,,,,,,,,,,,
,,,,,646d146529b02c8baf05bad4,001,2024-05-25_13h50.32.056,mathesisv2,2024.1.3,MacIntel,58.82352941,,,,,,245.642,249.187,f,3.53,,,,,,,stimuliAXBmix/iyystimulus.wav,f,,,,,,,,,,,,,,,,243.354,245.636,return,2.269,,0,0,0,1,1,,,,,,,,,,,,,,,,,,,,,,,,,,,,,,,,,,,,,,,,,,,,,,,,,,,,,,,,,,,,,
,,,,,646d146529b02c8baf05bad4,001,2024-05-25_13h50.32.056,mathesisv2,2024.1.3,MacIntel,58.82352941,,,,,,249.187,252.754,f,3.559,,,,,,,stimuliAXBmix/yuustimulus.wav,f,,,,,,,,,,,,,,,,,,,,,0,1,1,2,1,,,,,,,,,,,,,,,,,,,,,,,,,,,,,,,,,,,,,,,,,,,,,,,,,,,,,,,,,,,,,
,,,,,646d146529b02c8baf05bad4,001,2024-05-25_13h50.32.056,mathesisv2,2024.1.3,MacIntel,58.82352941,,,,,,252.754,256.354,l,3.584,,,,,,,stimuliAXBmix/iiystimulus.wav,l,,,,,,,,,,,,,,,,,,,,,0,2,2,0,1,,,,,,,,,,,,,,,,,,,,,,,,,,,,,,,,,,,,,,,,,,,,,,,,,,,,,,,,,,,,,
,,,,,646d146529b02c8baf05bad4,001,2024-05-25_13h50.32.056,mathesisv2,2024.1.3,MacIntel,58.82352941,,,,,,256.355,260.038,l,3.667,,,,,,,stimuliAXBmix/yyustimulus.wav,l,,,,,,,,,,,,,,,,,,,,,0,3,3,3,1,,,,,,,,,,,,,,,,,,,,,,,,,,,,,,,,,,,,,,,,,,,,,,,,,,,,,,,,,,,,,
,,,,,646d146529b02c8baf05bad4,001,2024-05-25_13h50.32.056,mathesisv2,2024.1.3,MacIntel,58.82352941,,,,,,260.039,263.738,l,3.693,,,,,,,stimuliAXBmix/iiystimulus.wav,l,,,,,,,,,,,,,,,,,,,,,1,0,4,0,1,,,,,,,,,,,,,,,,,,,,,,,,,,,,,,,,,,,,,,,,,,,,,,,,,,,,,,,,,,,,,
,,,,,646d146529b02c8baf05bad4,001,2024-05-25_13h50.32.056,mathesisv2,2024.1.3,MacIntel,58.82352941,,,,,,263.738,268.055,l,4.302,,,,,,,stimuliAXBmix/yyustimulus.wav,l,,,,,,,,,,,,,,,,,,,,,1,1,5,3,1,,,,,,,,,,,,,,,,,,,,,,,,,,,,,,,,,,,,,,,,,,,,,,,,,,,,,,,,,,,,,
,,,,,646d146529b02c8baf05bad4,001,2024-05-25_13h50.32.056,mathesisv2,2024.1.3,MacIntel,58.82352941,,,,,,268.055,271.621,f,3.548,,,,,,,stimuliAXBmix/yuustimulus.wav,f,,,,,,,,,,,,,,,,,,,,,1,2,6,2,1,,,,,,,,,,,,,,,,,,,,,,,,,,,,,,,,,,,,,,,,,,,,,,,,,,,,,,,,,,,,,
,,,,,646d146529b02c8baf05bad4,001,2024-05-25_13h50.32.056,mathesisv2,2024.1.3,MacIntel,58.82352941,,,,,,271.622,275.238,f,3.609,,,,,,,stimuliAXBmix/iyystimulus.wav,f,,,,,,,,,,,,,,,,,,,,,1,3,7,1,1,,,,,,,,,,,,,,,,,,,,,,,,,,,,,,,,,,,,,,,,,,,,,,,,,,,,,,,,,,,,,
,,,,,646d146529b02c8baf05bad4,001,2024-05-25_13h50.32.056,mathesisv2,2024.1.3,MacIntel,58.82352941,,,,,,278.06,282.388,l,4.314,,,,,,,stimuliAXBmix/yyustimulus.wav,l,,,,,,,,,,,0,0,0,3,1,,,,,,,,,,,275.238,278.055,space,2.808,,,,,,,,,,,,,,,,,,,,,,,,,,,,,,,,,,,,,,,,,,,,,,,,,,,,,,,,,
,,,,,646d146529b02c8baf05bad4,001,2024-05-25_13h50.32.056,mathesisv2,2024.1.3,MacIntel,58.82352941,,,,,,282.389,286.055,f,3.658,,,,,,,stimuliAXBmix/yuustimulus.wav,f,,,,,,,,,,,0,1,1,2,1,,,,,,,,,,,,,,,,,,,,,,,,,,,,,,,,,,,,,,,,,,,,,,,,,,,,,,,,,,,,,,,,,,,,,,,
,,,,,646d146529b02c8baf05bad4,001,2024-05-25_13h50.32.056,mathesisv2,2024.1.3,MacIntel,58.82352941,,,,,,286.057,289.572,l,3.499,,,,,,,stimuliAXBmix/iiystimulus.wav,l,,,,,,,,,,,0,2,2,0,1,,,,,,,,,,,,,,,,,,,,,,,,,,,,,,,,,,,,,,,,,,,,,,,,,,,,,,,,,,,,,,,,,,,,,,,
,,,,,646d146529b02c8baf05bad4,001,2024-05-25_13h50.32.056,mathesisv2,2024.1.3,MacIntel,58.82352941,,,,,,289.573,294.738,f,5.151,,,,,,,stimuliAXBmix/iyystimulus.wav,f,,,,,,,,,,,0,3,3,1,1,,,,,,,,,,,,,,,,,,,,,,,,,,,,,,,,,,,,,,,,,,,,,,,,,,,,,,,,,,,,,,,,,,,,,,,
,,,,,646d146529b02c8baf05bad4,001,2024-05-25_13h50.32.056,mathesisv2,2024.1.3,MacIntel,58.82352941,,,,,,294.739,298.275,l,3.527,,,,,,,stimuliAXBmix/yyustimulus.wav,l,,,,,,,,,,,1,0,4,3,1,,,,,,,,,,,,,,,,,,,,,,,,,,,,,,,,,,,,,,,,,,,,,,,,,,,,,,,,,,,,,,,,,,,,,,,
,,,,,646d146529b02c8baf05bad4,001,2024-05-25_13h50.32.056,mathesisv2,2024.1.3,MacIntel,58.82352941,,,,,,298.276,301.873,f,3.582,,,,,,,stimuliAXBmix/iyystimulus.wav,f,,,,,,,,,,,1,1,5,1,1,,,,,,,,,,,,,,,,,,,,,,,,,,,,,,,,,,,,,,,,,,,,,,,,,,,,,,,,,,,,,,,,,,,,,,,
,,,,,646d146529b02c8baf05bad4,001,2024-05-25_13h50.32.056,mathesisv2,2024.1.3,MacIntel,58.82352941,,,,,,301.873,305.556,f,3.675,,,,,,,stimuliAXBmix/yuustimulus.wav,f,,,,,,,,,,,1,2,6,2,1,,,,,,,,,,,,,,,,,,,,,,,,,,,,,,,,,,,,,,,,,,,,,,,,,,,,,,,,,,,,,,,,,,,,,,,
,,,,,646d146529b02c8baf05bad4,001,2024-05-25_13h50.32.056,mathesisv2,2024.1.3,MacIntel,58.82352941,,,,,,305.557,309.389,l,3.823,,,,,,,stimuliAXBmix/iiystimulus.wav,l,,,,,,,,,,,1,3,7,0,1,,,,,,,,,,,,,,,,,,,,,,,,,,,,,,,,,,,,,,,,,,,,,,,,,,,,,,,,,,,,,,,,,,,,,,,
,,,,,646d146529b02c8baf05bad4,001,2024-05-25_13h50.32.056,mathesisv2,2024.1.3,MacIntel,58.82352941,,,,,,309.389,314.839,l,5.441,,,,,,,stimuliAXBmix/yyustimulus.wav,l,,,,,,,,,,,2,0,8,3,1,,,,,,,,,,,,,,,,,,,,,,,,,,,,,,,,,,,,,,,,,,,,,,,,,,,,,,,,,,,,,,,,,,,,,,,
,,,,,646d146529b02c8baf05bad4,001,2024-05-25_13h50.32.056,mathesisv2,2024.1.3,MacIntel,58.82352941,,,,,,314.84,321.274,l,6.419,,,,,,,stimuliAXBmix/iiystimulus.wav,l,,,,,,,,,,,2,1,9,0,1,,,,,,,,,,,,,,,,,,,,,,,,,,,,,,,,,,,,,,,,,,,,,,,,,,,,,,,,,,,,,,,,,,,,,,,
,,,,,646d146529b02c8baf05bad4,001,2024-05-25_13h50.32.056,mathesisv2,2024.1.3,MacIntel,58.82352941,,,,,,321.275,328.34,f,7.057,,,,,,,stimuliAXBmix/yuustimulus.wav,f,,,,,,,,,,,2,2,10,2,1,,,,,,,,,,,,,,,,,,,,,,,,,,,,,,,,,,,,,,,,,,,,,,,,,,,,,,,,,,,,,,,,,,,,,,,
,,,,,646d146529b02c8baf05bad4,001,2024-05-25_13h50.32.056,mathesisv2,2024.1.3,MacIntel,58.82352941,,,,,,328.341,332.09,f,3.74,,,,,,,stimuliAXBmix/iyystimulus.wav,f,,,,,,,,,,,2,3,11,1,1,,,,,,,,,,,,,,,,,,,,,,,,,,,,,,,,,,,,,,,,,,,,,,,,,,,,,,,,,,,,,,,,,,,,,,,
,,,,,646d146529b02c8baf05bad4,001,2024-05-25_13h50.32.056,mathesisv2,2024.1.3,MacIntel,58.82352941,,,,,,334.097,339.239,l,5.136,,,,,,,stimuliAXBmix/iiystimulus.wav,l,,,,,,,,,,,,,,,,332.091,334.091,return,1.981,,0,0,0,0,1,,,,,,,,,,,,,,,,,,,,,,,,,,,,,,,,,,,,,,,,,,,,,,,,,,,,,,,,,,,,,
,,,,,646d146529b02c8baf05bad4,001,2024-05-25_13h50.32.056,mathesisv2,2024.1.3,MacIntel,58.82352941,,,,,,339.24,342.774,f,3.519,,,,,,,stimuliAXBmix/yuustimulus.wav,f,,,,,,,,,,,,,,,,,,,,,0,1,1,2,1,,,,,,,,,,,,,,,,,,,,,,,,,,,,,,,,,,,,,,,,,,,,,,,,,,,,,,,,,,,,,
,,,,,646d146529b02c8baf05bad4,001,2024-05-25_13h50.32.056,mathesisv2,2024.1.3,MacIntel,58.82352941,,,,,,342.775,346.358,f,3.567,,,,,,,stimuliAXBmix/iyystimulus.wav,f,,,,,,,,,,,,,,,,,,,,,0,2,2,1,1,,,,,,,,,,,,,,,,,,,,,,,,,,,,,,,,,,,,,,,,,,,,,,,,,,,,,,,,,,,,,
,,,,,646d146529b02c8baf05bad4,001,2024-05-25_13h50.32.056,mathesisv2,2024.1.3,MacIntel,58.82352941,,,,,,346.358,349.541,l,3.175,,,,,,,stimuliAXBmix/yyustimulus.wav,l,,,,,,,,,,,,,,,,,,,,,0,3,3,3,1,,,,,,,,,,,,,,,,,,,,,,,,,,,,,,,,,,,,,,,,,,,,,,,,,,,,,,,,,,,,,
,,,,,646d146529b02c8baf05bad4,001,2024-05-25_13h50.32.056,mathesisv2,2024.1.3,MacIntel,58.82352941,,,,,,349.541,352.958,f,3.401,,,,,,,stimuliAXBmix/yuustimulus.wav,f,,,,,,,,,,,,,,,,,,,,,1,0,4,2,1,,,,,,,,,,,,,,,,,,,,,,,,,,,,,,,,,,,,,,,,,,,,,,,,,,,,,,,,,,,,,
,,,,,646d146529b02c8baf05bad4,001,2024-05-25_13h50.32.056,mathesisv2,2024.1.3,MacIntel,58.82352941,,,,,,352.96,356.658,l,3.692,,,,,,,stimuliAXBmix/iiystimulus.wav,l,,,,,,,,,,,,,,,,,,,,,1,1,5,0,1,,,,,,,,,,,,,,,,,,,,,,,,,,,,,,,,,,,,,,,,,,,,,,,,,,,,,,,,,,,,,
,,,,,646d146529b02c8baf05bad4,001,2024-05-25_13h50.32.056,mathesisv2,2024.1.3,MacIntel,58.82352941,,,,,,356.658,360.357,l,3.684,,,,,,,stimuliAXBmix/yyustimulus.wav,l,,,,,,,,,,,,,,,,,,,,,1,2,6,3,1,,,,,,,,,,,,,,,,,,,,,,,,,,,,,,,,,,,,,,,,,,,,,,,,,,,,,,,,,,,,,
,,,,,646d146529b02c8baf05bad4,001,2024-05-25_13h50.32.056,mathesisv2,2024.1.3,MacIntel,58.82352941,,,,,,360.357,364.208,f,3.843,,,,,,,stimuliAXBmix/iyystimulus.wav,f,,,,,,,,,,,,,,,,,,,,,1,3,7,1,1,,,,,,,,,,,,,,,,,,,,,,,,,,,,,,,,,,,,,,,,,,,,,,,,,,,,,,,,,,,,,
,,,,,646d146529b02c8baf05bad4,001,2024-05-25_13h50.32.056,mathesisv2,2024.1.3,MacIntel,58.82352941,,,,,,367.978,373.459,l,5.476,,,,,,,stimuliAXBmix/yyustimulus.wav,l,,,,,,,,,,,0,0,0,3,1,,,,,,,,,,,364.209,367.975,space,3.749,,,,,,,,,,,,,,,,,,,,,,,,,,,,,,,,,,,,,,,,,,,,,,,,,,,,,,,,,
,,,,,646d146529b02c8baf05bad4,001,2024-05-25_13h50.32.056,mathesisv2,2024.1.3,MacIntel,58.82352941,,,,,,373.46,377.892,f,4.421,,,,,,,stimuliAXBmix/iyystimulus.wav,f,,,,,,,,,,,0,1,1,1,1,,,,,,,,,,,,,,,,,,,,,,,,,,,,,,,,,,,,,,,,,,,,,,,,,,,,,,,,,,,,,,,,,,,,,,,
,,,,,646d146529b02c8baf05bad4,001,2024-05-25_13h50.32.056,mathesisv2,2024.1.3,MacIntel,58.82352941,,,,,,377.893,381.492,l,3.58,,,,,,,stimuliAXBmix/iiystimulus.wav,l,,,,,,,,,,,0,2,2,0,1,,,,,,,,,,,,,,,,,,,,,,,,,,,,,,,,,,,,,,,,,,,,,,,,,,,,,,,,,,,,,,,,,,,,,,,
,,,,,646d146529b02c8baf05bad4,001,2024-05-25_13h50.32.056,mathesisv2,2024.1.3,MacIntel,58.82352941,,,,,,381.493,385.226,f,3.725,,,,,,,stimuliAXBmix/yuustimulus.wav,f,,,,,,,,,,,0,3,3,2,1,,,,,,,,,,,,,,,,,,,,,,,,,,,,,,,,,,,,,,,,,,,,,,,,,,,,,,,,,,,,,,,,,,,,,,,
,,,,,646d146529b02c8baf05bad4,001,2024-05-25_13h50.32.056,mathesisv2,2024.1.3,MacIntel,58.82352941,,,,,,385.226,389.176,f,3.941,,,,,,,stimuliAXBmix/iyystimulus.wav,f,,,,,,,,,,,1,0,4,1,1,,,,,,,,,,,,,,,,,,,,,,,,,,,,,,,,,,,,,,,,,,,,,,,,,,,,,,,,,,,,,,,,,,,,,,,
,,,,,646d146529b02c8baf05bad4,001,2024-05-25_13h50.32.056,mathesisv2,2024.1.3,MacIntel,58.82352941,,,,,,389.177,392.709,f,3.515,,,,,,,stimuliAXBmix/yuustimulus.wav,f,,,,,,,,,,,1,1,5,2,1,,,,,,,,,,,,,,,,,,,,,,,,,,,,,,,,,,,,,,,,,,,,,,,,,,,,,,,,,,,,,,,,,,,,,,,
,,,,,646d146529b02c8baf05bad4,001,2024-05-25_13h50.32.056,mathesisv2,2024.1.3,MacIntel,58.82352941,,,,,,392.709,396.259,l,3.535,,,,,,,stimuliAXBmix/yyustimulus.wav,l,,,,,,,,,,,1,2,6,3,1,,,,,,,,,,,,,,,,,,,,,,,,,,,,,,,,,,,,,,,,,,,,,,,,,,,,,,,,,,,,,,,,,,,,,,,
,,,,,646d146529b02c8baf05bad4,001,2024-05-25_13h50.32.056,mathesisv2,2024.1.3,MacIntel,58.82352941,,,,,,396.259,399.893,l,3.617,,,,,,,stimuliAXBmix/iiystimulus.wav,l,,,,,,,,,,,1,3,7,0,1,,,,,,,,,,,,,,,,,,,,,,,,,,,,,,,,,,,,,,,,,,,,,,,,,,,,,,,,,,,,,,,,,,,,,,,
,,,,,646d146529b02c8baf05bad4,001,2024-05-25_13h50.32.056,mathesisv2,2024.1.3,MacIntel,58.82352941,,,,,,399.893,403.343,f,3.433,,,,,,,stimuliAXBmix/iyystimulus.wav,f,,,,,,,,,,,2,0,8,1,1,,,,,,,,,,,,,,,,,,,,,,,,,,,,,,,,,,,,,,,,,,,,,,,,,,,,,,,,,,,,,,,,,,,,,,,
,,,,,646d146529b02c8baf05bad4,001,2024-05-25_13h50.32.056,mathesisv2,2024.1.3,MacIntel,58.82352941,,,,,,403.344,408.043,l,4.683,,,,,,,stimuliAXBmix/iiystimulus.wav,l,,,,,,,,,,,2,1,9,0,1,,,,,,,,,,,,,,,,,,,,,,,,,,,,,,,,,,,,,,,,,,,,,,,,,,,,,,,,,,,,,,,,,,,,,,,
,,,,,646d146529b02c8baf05bad4,001,2024-05-25_13h50.32.056,mathesisv2,2024.1.3,MacIntel,58.82352941,,,,,,408.044,412.277,f,4.216,,,,,,,stimuliAXBmix/yuustimulus.wav,f,,,,,,,,,,,2,2,10,2,1,,,,,,,,,,,,,,,,,,,,,,,,,,,,,,,,,,,,,,,,,,,,,,,,,,,,,,,,,,,,,,,,,,,,,,,
,,,,,646d146529b02c8baf05bad4,001,2024-05-25_13h50.32.056,mathesisv2,2024.1.3,MacIntel,58.82352941,,,,,,412.277,415.96,l,3.667,,,,,,,stimuliAXBmix/yyustimulus.wav,l,,,,,,,,,,,2,3,11,3,1,,,,,,,,,,,,,,,,,,,,,,,,,,,,,,,,,,,,,,,,,,,,,,,,,,,,,,,,,,,,,,,,,,,,,,,
,,,,,646d146529b02c8baf05bad4,001,2024-05-25_13h50.32.056,mathesisv2,2024.1.3,MacIntel,58.82352941,,,,,,417.998,426.677,f,8.665,,,,,,,stimuliAXBmix/iyystimulus.wav,f,,,,,,,,,,,,,,,,415.96,417.993,return,2.024,,0,0,0,1,1,,,,,,,,,,,,,,,,,,,,,,,,,,,,,,,,,,,,,,,,,,,,,,,,,,,,,,,,,,,,,
,,,,,646d146529b02c8baf05bad4,001,2024-05-25_13h50.32.056,mathesisv2,2024.1.3,MacIntel,58.82352941,,,,,,426.678,430.976,l,4.286,,,,,,,stimuliAXBmix/yyustimulus.wav,l,,,,,,,,,,,,,,,,,,,,,0,1,1,3,1,,,,,,,,,,,,,,,,,,,,,,,,,,,,,,,,,,,,,,,,,,,,,,,,,,,,,,,,,,,,,
,,,,,646d146529b02c8baf05bad4,001,2024-05-25_13h50.32.056,mathesisv2,2024.1.3,MacIntel,58.82352941,,,,,,430.977,434.527,f,3.536,,,,,,,stimuliAXBmix/yuustimulus.wav,f,,,,,,,,,,,,,,,,,,,,,0,2,2,2,1,,,,,,,,,,,,,,,,,,,,,,,,,,,,,,,,,,,,,,,,,,,,,,,,,,,,,,,,,,,,,
,,,,,646d146529b02c8baf05bad4,001,2024-05-25_13h50.32.056,mathesisv2,2024.1.3,MacIntel,58.82352941,,,,,,434.527,438.493,l,3.959,,,,,,,stimuliAXBmix/iiystimulus.wav,l,,,,,,,,,,,,,,,,,,,,,0,3,3,0,1,,,,,,,,,,,,,,,,,,,,,,,,,,,,,,,,,,,,,,,,,,,,,,,,,,,,,,,,,,,,,
,,,,,646d146529b02c8baf05bad4,001,2024-05-25_13h50.32.056,mathesisv2,2024.1.3,MacIntel,58.82352941,,,,,,438.494,442.128,l,3.616,,,,,,,stimuliAXBmix/yyustimulus.wav,l,,,,,,,,,,,,,,,,,,,,,1,0,4,3,1,,,,,,,,,,,,,,,,,,,,,,,,,,,,,,,,,,,,,,,,,,,,,,,,,,,,,,,,,,,,,
,,,,,646d146529b02c8baf05bad4,001,2024-05-25_13h50.32.056,mathesisv2,2024.1.3,MacIntel,58.82352941,,,,,,442.128,445.744,f,3.61,,,,,,,stimuliAXBmix/yuustimulus.wav,f,,,,,,,,,,,,,,,,,,,,,1,1,5,2,1,,,,,,,,,,,,,,,,,,,,,,,,,,,,,,,,,,,,,,,,,,,,,,,,,,,,,,,,,,,,,
,,,,,646d146529b02c8baf05bad4,001,2024-05-25_13h50.32.056,mathesisv2,2024.1.3,MacIntel,58.82352941,,,,,,445.745,449.661,l,3.899,,,,,,,stimuliAXBmix/iiystimulus.wav,l,,,,,,,,,,,,,,,,,,,,,1,2,6,0,1,,,,,,,,,,,,,,,,,,,,,,,,,,,,,,,,,,,,,,,,,,,,,,,,,,,,,,,,,,,,,
,,,,,646d146529b02c8baf05bad4,001,2024-05-25_13h50.32.056,mathesisv2,2024.1.3,MacIntel,58.82352941,,,,,,449.662,453.328,f,3.657,,,,,,,stimuliAXBmix/iyystimulus.wav,f,,,,,,,,,,,,,,,,,,,,,1,3,7,1,1,,,,,,,,,,,,,,,,,,,,,,,,,,,,,,,,,,,,,,,,,,,,,,,,,,,,,,,,,,,,,
,,,,,646d146529b02c8baf05bad4,001,2024-05-25_13h50.32.056,mathesisv2,2024.1.3,MacIntel,58.82352941,,,,,,,,,,,,,,,,,,,,,,,,,,,,,,,,,,,,,,,,,,,453.328,455.178,space,1.834,,455.178,480.264,space,25.065,,,,,,,,,,,,,,,,,,,,,,,,,,,,,,,,,,,,,,,,,,,,,,,,,,,,
,,,,,646d146529b02c8baf05bad4,001,2024-05-25_13h50.32.056,mathesisv2,2024.1.3,MacIntel,58.82352941,,,,,,,,,,,,,,,,,,,,,,,,,,,,,,,,,,,,,,,,,,,,,,,,,,,,,480.271,499.163,y,18.87,,0,0,0,2,1,testTAFCmixfirst/nimnym006.wav,,,,,,,,,,,,,,,,,,,,,,,,,,,,,,,,,,,,,,,,
,,,,,646d146529b02c8baf05bad4,001,2024-05-25_13h50.32.056,mathesisv2,2024.1.3,MacIntel,58.82352941,,,,,,,,,,,,,,,,,,,,,,,,,,,,,,,,,,,,,,,,,,,,,,,,,,,,,499.164,501.48,e,2.299,,0,1,1,1,1,testTAFCmixfirst/nimnym002.wav,,,,,,,,,,,,,,,,,,,,,,,,,,,,,,,,,,,,,,,,
,,,,,646d146529b02c8baf05bad4,001,2024-05-25_13h50.32.056,mathesisv2,2024.1.3,MacIntel,58.82352941,,,,,,,,,,,,,,,,,,,,,,,,,,,,,,,,,,,,,,,,,,,,,,,,,,,,,501.481,502.996,e,1.499,,0,2,2,0,1,testTAFCmixfirst/nimnym001.wav,,,,,,,,,,,,,,,,,,,,,,,,,,,,,,,,,,,,,,,,
,,,,,646d146529b02c8baf05bad4,001,2024-05-25_13h50.32.056,mathesisv2,2024.1.3,MacIntel,58.82352941,,,,,,,,,,,,,,,,,,,,,,,,,,,,,,,,,,,,,,,,,,,,,,,,,,,,,,,,,,,,,,,,503.001,509.598,y,6.573,,0,0,0,2,1,testTAFCmixsec/numnym006.wav,,,,,,,,,,,,,,,,,,,,,,,,,,,,,
,,,,,646d146529b02c8baf05bad4,001,2024-05-25_13h50.32.056,mathesisv2,2024.1.3,MacIntel,58.82352941,,,,,,,,,,,,,,,,,,,,,,,,,,,,,,,,,,,,,,,,,,,,,,,,,,,,,,,,,,,,,,,,509.599,529.048,u,19.442,,0,1,1,1,1,testTAFCmixsec/numnym002.wav,,,,,,,,,,,,,,,,,,,,,,,,,,,,,
,,,,,646d146529b02c8baf05bad4,001,2024-05-25_13h50.32.056,mathesisv2,2024.1.3,MacIntel,58.82352941,,,,,,,,,,,,,,,,,,,,,,,,,,,,,,,,,,,,,,,,,,,,,,,,,,,,,,,,,,,,,,,,529.049,532.697,u,3.634,,0,2,2,0,1,testTAFCmixsec/numnym001.wav,,,,,,,,,,,,,,,,,,,,,,,,,,,,,
,,,,,646d146529b02c8baf05bad4,001,2024-05-25_13h50.32.056,mathesisv2,2024.1.3,MacIntel,58.82352941,,,,,,,,,,,,,,,,,,,,,,,,,,,,,,,,,,,,,,,,,,,,,,,,,,,,,,,,,,,,,,,,,,,,,,,,,,,532.698,538.499,space,5.776,,,,,,,,,,,,,,,,,,,,,,,,,
,,,,,646d146529b02c8baf05bad4,001,2024-05-25_13h50.32.056,mathesisv2,2024.1.3,MacIntel,58.82352941,,,,,,,,,,,,,,,,,e,,,,,,,,,,,,,,,,,,,,,,,,,,,,,,,,,,,,,,,,,,,,,,,,,,,,,,,,,,,,,,,538.509,543.083,e,4.552,,0,0,0,0,1,stimuliTAFCfirst/nimnym001.wav,,,,,,,,,,,,,
,,,,,646d146529b02c8baf05bad4,001,2024-05-25_13h50.32.056,mathesisv2,2024.1.3,MacIntel,58.82352941,,,,,,,,,,,,,,,,,x,,,,,,,,,,,,,,,,,,,,,,,,,,,,,,,,,,,,,,,,,,,,,,,,,,,,,,,,,,,,,,,543.084,547.015,y,3.921,,0,1,1,3,1,stimuliTAFCfirst/nimnym004.wav,,,,,,,,,,,,,
,,,,,646d146529b02c8baf05bad4,001,2024-05-25_13h50.32.056,mathesisv2,2024.1.3,MacIntel,58.82352941,,,,,,,,,,,,,,,,,e,,,,,,,,,,,,,,,,,,,,,,,,,,,,,,,,,,,,,,,,,,,,,,,,,,,,,,,,,,,,,,,547.016,548.964,e,1.93,,0,2,2,2,1,stimuliTAFCfirst/nimnym003.wav,,,,,,,,,,,,,
,,,,,646d146529b02c8baf05bad4,001,2024-05-25_13h50.32.056,mathesisv2,2024.1.3,MacIntel,58.82352941,,,,,,,,,,,,,,,,,y,,,,,,,,,,,,,,,,,,,,,,,,,,,,,,,,,,,,,,,,,,,,,,,,,,,,,,,,,,,,,,,548.965,551.482,y,2.512,,0,3,3,6,1,stimuliTAFCfirst/nimnym007.wav,,,,,,,,,,,,,
,,,,,646d146529b02c8baf05bad4,001,2024-05-25_13h50.32.056,mathesisv2,2024.1.3,MacIntel,58.82352941,,,,,,,,,,,,,,,,,y,,,,,,,,,,,,,,,,,,,,,,,,,,,,,,,,,,,,,,,,,,,,,,,,,,,,,,,,,,,,,,,551.483,553.531,y,2.031,,0,4,4,5,1,stimuliTAFCfirst/nimnym006.wav,,,,,,,,,,,,,
,,,,,646d146529b02c8baf05bad4,001,2024-05-25_13h50.32.056,mathesisv2,2024.1.3,MacIntel,58.82352941,,,,,,,,,,,,,,,,,e,,,,,,,,,,,,,,,,,,,,,,,,,,,,,,,,,,,,,,,,,,,,,,,,,,,,,,,,,,,,,,,553.531,554.948,e,1.411,,0,5,5,1,1,stimuliTAFCfirst/nimnym002.wav,,,,,,,,,,,,,
,,,,,646d146529b02c8baf05bad4,001,2024-05-25_13h50.32.056,mathesisv2,2024.1.3,MacIntel,58.82352941,,,,,,,,,,,,,,,,,y,,,,,,,,,,,,,,,,,,,,,,,,,,,,,,,,,,,,,,,,,,,,,,,,,,,,,,,,,,,,,,,554.948,556.215,y,1.259,,0,6,6,4,1,stimuliTAFCfirst/nimnym005.wav,,,,,,,,,,,,,
,,,,,646d146529b02c8baf05bad4,001,2024-05-25_13h50.32.056,mathesisv2,2024.1.3,MacIntel,58.82352941,,,,,,,,,,,,,,,,,e,,,,,,,,,,,,,,,,,,,,,,,,,,,,,,,,,,,,,,,,,,,,,,,,,,,,,,,,,,,,,,,556.216,557.881,e,1.647,,1,0,7,2,1,stimuliTAFCfirst/nimnym003.wav,,,,,,,,,,,,,
,,,,,646d146529b02c8baf05bad4,001,2024-05-25_13h50.32.056,mathesisv2,2024.1.3,MacIntel,58.82352941,,,,,,,,,,,,,,,,,y,,,,,,,,,,,,,,,,,,,,,,,,,,,,,,,,,,,,,,,,,,,,,,,,,,,,,,,,,,,,,,,557.881,561.099,y,3.2,,1,1,8,6,1,stimuliTAFCfirst/nimnym007.wav,,,,,,,,,,,,,
,,,,,646d146529b02c8baf05bad4,001,2024-05-25_13h50.32.056,mathesisv2,2024.1.3,MacIntel,58.82352941,,,,,,,,,,,,,,,,,y,,,,,,,,,,,,,,,,,,,,,,,,,,,,,,,,,,,,,,,,,,,,,,,,,,,,,,,,,,,,,,,561.099,562.548,y,1.431,,1,2,9,4,1,stimuliTAFCfirst/nimnym005.wav,,,,,,,,,,,,,
,,,,,646d146529b02c8baf05bad4,001,2024-05-25_13h50.32.056,mathesisv2,2024.1.3,MacIntel,58.82352941,,,,,,,,,,,,,,,,,x,,,,,,,,,,,,,,,,,,,,,,,,,,,,,,,,,,,,,,,,,,,,,,,,,,,,,,,,,,,,,,,562.548,563.864,y,1.303,,1,3,10,3,1,stimuliTAFCfirst/nimnym004.wav,,,,,,,,,,,,,
,,,,,646d146529b02c8baf05bad4,001,2024-05-25_13h50.32.056,mathesisv2,2024.1.3,MacIntel,58.82352941,,,,,,,,,,,,,,,,,y,,,,,,,,,,,,,,,,,,,,,,,,,,,,,,,,,,,,,,,,,,,,,,,,,,,,,,,,,,,,,,,563.865,565.065,y,1.184,,1,4,11,5,1,stimuliTAFCfirst/nimnym006.wav,,,,,,,,,,,,,
,,,,,646d146529b02c8baf05bad4,001,2024-05-25_13h50.32.056,mathesisv2,2024.1.3,MacIntel,58.82352941,,,,,,,,,,,,,,,,,e,,,,,,,,,,,,,,,,,,,,,,,,,,,,,,,,,,,,,,,,,,,,,,,,,,,,,,,,,,,,,,,565.066,566.332,e,1.26,,1,5,12,1,1,stimuliTAFCfirst/nimnym002.wav,,,,,,,,,,,,,
,,,,,646d146529b02c8baf05bad4,001,2024-05-25_13h50.32.056,mathesisv2,2024.1.3,MacIntel,58.82352941,,,,,,,,,,,,,,,,,e,,,,,,,,,,,,,,,,,,,,,,,,,,,,,,,,,,,,,,,,,,,,,,,,,,,,,,,,,,,,,,,566.332,567.565,e,1.226,,1,6,13,0,1,stimuliTAFCfirst/nimnym001.wav,,,,,,,,,,,,,
,,,,,646d146529b02c8baf05bad4,001,2024-05-25_13h50.32.056,mathesisv2,2024.1.3,MacIntel,58.82352941,,,,,,,,,,,,,,,,,y,567.567,570.232,space,2.652,,,,,,,,,,,,,,,,,,,,,,,,,,,,,,,,,,,,,,,,,,,,,,,,,,,,,,,,,,,,,,,,,,,,,,570.237,576.215,y,5.965,,0,0,0,4,1,stimuliTAFCsec/numnym005.wav,,
,,,,,646d146529b02c8baf05bad4,001,2024-05-25_13h50.32.056,mathesisv2,2024.1.3,MacIntel,58.82352941,,,,,,,,,,,,,,,,,y,,,,,,,,,,,,,,,,,,,,,,,,,,,,,,,,,,,,,,,,,,,,,,,,,,,,,,,,,,,,,,,,,,,,,,,,,,576.215,580.133,y,3.91,,0,1,1,5,1,stimuliTAFCsec/numnym006.wav,,
,,,,,646d146529b02c8baf05bad4,001,2024-05-25_13h50.32.056,mathesisv2,2024.1.3,MacIntel,58.82352941,,,,,,,,,,,,,,,,,u,,,,,,,,,,,,,,,,,,,,,,,,,,,,,,,,,,,,,,,,,,,,,,,,,,,,,,,,,,,,,,,,,,,,,,,,,,580.134,582.066,u,1.913,,0,2,2,1,1,stimuliTAFCsec/numnym002.wav,,
,,,,,646d146529b02c8baf05bad4,001,2024-05-25_13h50.32.056,mathesisv2,2024.1.3,MacIntel,58.82352941,,,,,,,,,,,,,,,,,x,,,,,,,,,,,,,,,,,,,,,,,,,,,,,,,,,,,,,,,,,,,,,,,,,,,,,,,,,,,,,,,,,,,,,,,,,,582.067,584.016,u,1.933,,0,3,3,3,1,stimuliTAFCsec/numnym004.wav,,
,,,,,646d146529b02c8baf05bad4,001,2024-05-25_13h50.32.056,mathesisv2,2024.1.3,MacIntel,58.82352941,,,,,,,,,,,,,,,,,u,,,,,,,,,,,,,,,,,,,,,,,,,,,,,,,,,,,,,,,,,,,,,,,,,,,,,,,,,,,,,,,,,,,,,,,,,,584.016,585.566,u,1.534,,0,4,4,2,1,stimuliTAFCsec/numnym003.wav,,
,,,,,646d146529b02c8baf05bad4,001,2024-05-25_13h50.32.056,mathesisv2,2024.1.3,MacIntel,58.82352941,,,,,,,,,,,,,,,,,y,,,,,,,,,,,,,,,,,,,,,,,,,,,,,,,,,,,,,,,,,,,,,,,,,,,,,,,,,,,,,,,,,,,,,,,,,,585.567,587.249,y,1.667,,0,5,5,6,1,stimuliTAFCsec/numnym007.wav,,
,,,,,646d146529b02c8baf05bad4,001,2024-05-25_13h50.32.056,mathesisv2,2024.1.3,MacIntel,58.82352941,,,,,,,,,,,,,,,,,u,,,,,,,,,,,,,,,,,,,,,,,,,,,,,,,,,,,,,,,,,,,,,,,,,,,,,,,,,,,,,,,,,,,,,,,,,,587.249,588.848,u,1.585,,0,6,6,0,1,stimuliTAFCsec/numnym001.wav,,
,,,,,646d146529b02c8baf05bad4,001,2024-05-25_13h50.32.056,mathesisv2,2024.1.3,MacIntel,58.82352941,,,,,,,,,,,,,,,,,u,,,,,,,,,,,,,,,,,,,,,,,,,,,,,,,,,,,,,,,,,,,,,,,,,,,,,,,,,,,,,,,,,,,,,,,,,,588.849,590.216,u,1.361,,1,0,7,1,1,stimuliTAFCsec/numnym002.wav,,
,,,,,646d146529b02c8baf05bad4,001,2024-05-25_13h50.32.056,mathesisv2,2024.1.3,MacIntel,58.82352941,,,,,,,,,,,,,,,,,y,,,,,,,,,,,,,,,,,,,,,,,,,,,,,,,,,,,,,,,,,,,,,,,,,,,,,,,,,,,,,,,,,,,,,,,,,,590.217,592,y,1.776,,1,1,8,4,1,stimuliTAFCsec/numnym005.wav,,
,,,,,646d146529b02c8baf05bad4,001,2024-05-25_13h50.32.056,mathesisv2,2024.1.3,MacIntel,58.82352941,,,,,,,,,,,,,,,,,u,,,,,,,,,,,,,,,,,,,,,,,,,,,,,,,,,,,,,,,,,,,,,,,,,,,,,,,,,,,,,,,,,,,,,,,,,,592,593.683,u,1.666,,1,2,9,2,1,stimuliTAFCsec/numnym003.wav,,
,,,,,646d146529b02c8baf05bad4,001,2024-05-25_13h50.32.056,mathesisv2,2024.1.3,MacIntel,58.82352941,,,,,,,,,,,,,,,,,y,,,,,,,,,,,,,,,,,,,,,,,,,,,,,,,,,,,,,,,,,,,,,,,,,,,,,,,,,,,,,,,,,,,,,,,,,,593.683,595.433,y,1.735,,1,3,10,5,1,stimuliTAFCsec/numnym006.wav,,
,,,,,646d146529b02c8baf05bad4,001,2024-05-25_13h50.32.056,mathesisv2,2024.1.3,MacIntel,58.82352941,,,,,,,,,,,,,,,,,u,,,,,,,,,,,,,,,,,,,,,,,,,,,,,,,,,,,,,,,,,,,,,,,,,,,,,,,,,,,,,,,,,,,,,,,,,,595.434,596.9,u,1.449,,1,4,11,0,1,stimuliTAFCsec/numnym001.wav,,
,,,,,646d146529b02c8baf05bad4,001,2024-05-25_13h50.32.056,mathesisv2,2024.1.3,MacIntel,58.82352941,,,,,,,,,,,,,,,,,x,,,,,,,,,,,,,,,,,,,,,,,,,,,,,,,,,,,,,,,,,,,,,,,,,,,,,,,,,,,,,,,,,,,,,,,,,,596.9,598.583,y,1.676,,1,5,12,3,1,stimuliTAFCsec/numnym004.wav,,
,,,,,646d146529b02c8baf05bad4,001,2024-05-25_13h50.32.056,mathesisv2,2024.1.3,MacIntel,58.82352941,,,,,,,,,,,,,,,,,y,,,,,,,,,,,,,,,,,,,,,,,,,,,,,,,,,,,,,,,,,,,,,,,,,,,,,,,,,,,,,,,,,,,,,,,,,,598.584,600.183,y,1.586,,1,6,13,6,1,stimuliTAFCsec/numnym007.wav,,
,,,,,646d146529b02c8baf05bad4,001,2024-05-25_13h50.32.056,mathesisv2,2024.1.3,MacIntel,58.82352941,,,,,,,,,,,,,,,,,y,,,,,,,,,,,,,,,,,,,,,,,,,,600.183,602.05,space,1.851,,,,,,,,,,,,,,,,,,,,,,,,,,,,,,,,,,602.054,607.7,y,5.639,,0,0,0,6,1,stimuliTAFCfirst/nimnym007.wav,,,,,,,,,,,,,
,,,,,646d146529b02c8baf05bad4,001,2024-05-25_13h50.32.056,mathesisv2,2024.1.3,MacIntel,58.82352941,,,,,,,,,,,,,,,,,e,,,,,,,,,,,,,,,,,,,,,,,,,,,,,,,,,,,,,,,,,,,,,,,,,,,,,,,,,,,,,,,607.701,609.034,e,1.317,,0,1,1,1,1,stimuliTAFCfirst/nimnym002.wav,,,,,,,,,,,,,
,,,,,646d146529b02c8baf05bad4,001,2024-05-25_13h50.32.056,mathesisv2,2024.1.3,MacIntel,58.82352941,,,,,,,,,,,,,,,,,e,,,,,,,,,,,,,,,,,,,,,,,,,,,,,,,,,,,,,,,,,,,,,,,,,,,,,,,,,,,,,,,609.035,610.334,e,1.292,,0,2,2,0,1,stimuliTAFCfirst/nimnym001.wav,,,,,,,,,,,,,
,,,,,646d146529b02c8baf05bad4,001,2024-05-25_13h50.32.056,mathesisv2,2024.1.3,MacIntel,58.82352941,,,,,,,,,,,,,,,,,y,,,,,,,,,,,,,,,,,,,,,,,,,,,,,,,,,,,,,,,,,,,,,,,,,,,,,,,,,,,,,,,610.334,611.683,y,1.333,,0,3,3,4,1,stimuliTAFCfirst/nimnym005.wav,,,,,,,,,,,,,
,,,,,646d146529b02c8baf05bad4,001,2024-05-25_13h50.32.056,mathesisv2,2024.1.3,MacIntel,58.82352941,,,,,,,,,,,,,,,,,e,,,,,,,,,,,,,,,,,,,,,,,,,,,,,,,,,,,,,,,,,,,,,,,,,,,,,,,,,,,,,,,611.684,613.133,e,1.433,,0,4,4,2,1,stimuliTAFCfirst/nimnym003.wav,,,,,,,,,,,,,
,,,,,646d146529b02c8baf05bad4,001,2024-05-25_13h50.32.056,mathesisv2,2024.1.3,MacIntel,58.82352941,,,,,,,,,,,,,,,,,x,,,,,,,,,,,,,,,,,,,,,,,,,,,,,,,,,,,,,,,,,,,,,,,,,,,,,,,,,,,,,,,613.134,614.517,e,1.378,,0,5,5,3,1,stimuliTAFCfirst/nimnym004.wav,,,,,,,,,,,,,
,,,,,646d146529b02c8baf05bad4,001,2024-05-25_13h50.32.056,mathesisv2,2024.1.3,MacIntel,58.82352941,,,,,,,,,,,,,,,,,y,,,,,,,,,,,,,,,,,,,,,,,,,,,,,,,,,,,,,,,,,,,,,,,,,,,,,,,,,,,,,,,614.518,616.584,e,2.05,,0,6,6,5,1,stimuliTAFCfirst/nimnym006.wav,,,,,,,,,,,,,
,,,,,646d146529b02c8baf05bad4,001,2024-05-25_13h50.32.056,mathesisv2,2024.1.3,MacIntel,58.82352941,,,,,,,,,,,,,,,,,y,,,,,,,,,,,,,,,,,,,,,,,,,,,,,,,,,,,,,,,,,,,,,,,,,,,,,,,,,,,,,,,616.584,618.484,e,1.889,,1,0,7,5,1,stimuliTAFCfirst/nimnym006.wav,,,,,,,,,,,,,
,,,,,646d146529b02c8baf05bad4,001,2024-05-25_13h50.32.056,mathesisv2,2024.1.3,MacIntel,58.82352941,,,,,,,,,,,,,,,,,x,,,,,,,,,,,,,,,,,,,,,,,,,,,,,,,,,,,,,,,,,,,,,,,,,,,,,,,,,,,,,,,618.485,619.901,e,1.4,,1,1,8,3,1,stimuliTAFCfirst/nimnym004.wav,,,,,,,,,,,,,
,,,,,646d146529b02c8baf05bad4,001,2024-05-25_13h50.32.056,mathesisv2,2024.1.3,MacIntel,58.82352941,,,,,,,,,,,,,,,,,y,,,,,,,,,,,,,,,,,,,,,,,,,,,,,,,,,,,,,,,,,,,,,,,,,,,,,,,,,,,,,,,619.901,621.322,y,1.415,,1,2,9,4,1,stimuliTAFCfirst/nimnym005.wav,,,,,,,,,,,,,
,,,,,646d146529b02c8baf05bad4,001,2024-05-25_13h50.32.056,mathesisv2,2024.1.3,MacIntel,58.82352941,,,,,,,,,,,,,,,,,e,,,,,,,,,,,,,,,,,,,,,,,,,,,,,,,,,,,,,,,,,,,,,,,,,,,,,,,,,,,,,,,621.322,622.684,e,1.349,,1,3,10,0,1,stimuliTAFCfirst/nimnym001.wav,,,,,,,,,,,,,
,,,,,646d146529b02c8baf05bad4,001,2024-05-25_13h50.32.056,mathesisv2,2024.1.3,MacIntel,58.82352941,,,,,,,,,,,,,,,,,e,,,,,,,,,,,,,,,,,,,,,,,,,,,,,,,,,,,,,,,,,,,,,,,,,,,,,,,,,,,,,,,622.685,624.183,e,1.482,,1,4,11,2,1,stimuliTAFCfirst/nimnym003.wav,,,,,,,,,,,,,
,,,,,646d146529b02c8baf05bad4,001,2024-05-25_13h50.32.056,mathesisv2,2024.1.3,MacIntel,58.82352941,,,,,,,,,,,,,,,,,e,,,,,,,,,,,,,,,,,,,,,,,,,,,,,,,,,,,,,,,,,,,,,,,,,,,,,,,,,,,,,,,624.183,625.617,e,1.425,,1,5,12,1,1,stimuliTAFCfirst/nimnym002.wav,,,,,,,,,,,,,
,,,,,646d146529b02c8baf05bad4,001,2024-05-25_13h50.32.056,mathesisv2,2024.1.3,MacIntel,58.82352941,,,,,,,,,,,,,,,,,y,,,,,,,,,,,,,,,,,,,,,,,,,,,,,,,,,,,,,,,,,,,,,,,,,,,,,,,,,,,,,,,625.617,626.835,y,1.201,,1,6,13,6,1,stimuliTAFCfirst/nimnym007.wav,,,,,,,,,,,,,
,,,,,646d146529b02c8baf05bad4,001,2024-05-25_13h50.32.056,mathesisv2,2024.1.3,MacIntel,58.82352941,,,,,,,,,,,,,,,,,x,626.835,628.651,space,1.806,,,,,,,,,,,,,,,,,,,,,,,,,,,,,,,,,,,,,,,,,,,,,,,,,,,,,,,,,,,,,,,,,,,,,,628.657,632.384,y,3.72,,0,0,0,3,1,stimuliTAFCsec/numnym004.wav,,
,,,,,646d146529b02c8baf05bad4,001,2024-05-25_13h50.32.056,mathesisv2,2024.1.3,MacIntel,58.82352941,,,,,,,,,,,,,,,,,y,,,,,,,,,,,,,,,,,,,,,,,,,,,,,,,,,,,,,,,,,,,,,,,,,,,,,,,,,,,,,,,,,,,,,,,,,,632.385,635.167,y,2.771,,0,1,1,6,1,stimuliTAFCsec/numnym007.wav,,
,,,,,646d146529b02c8baf05bad4,001,2024-05-25_13h50.32.056,mathesisv2,2024.1.3,MacIntel,58.82352941,,,,,,,,,,,,,,,,,y,,,,,,,,,,,,,,,,,,,,,,,,,,,,,,,,,,,,,,,,,,,,,,,,,,,,,,,,,,,,,,,,,,,,,,,,,,635.168,636.468,y,1.286,,0,2,2,5,1,stimuliTAFCsec/numnym006.wav,,
,,,,,646d146529b02c8baf05bad4,001,2024-05-25_13h50.32.056,mathesisv2,2024.1.3,MacIntel,58.82352941,,,,,,,,,,,,,,,,,u,,,,,,,,,,,,,,,,,,,,,,,,,,,,,,,,,,,,,,,,,,,,,,,,,,,,,,,,,,,,,,,,,,,,,,,,,,636.468,637.517,u,1.034,,0,3,3,2,1,stimuliTAFCsec/numnym003.wav,,
,,,,,646d146529b02c8baf05bad4,001,2024-05-25_13h50.32.056,mathesisv2,2024.1.3,MacIntel,58.82352941,,,,,,,,,,,,,,,,,y,,,,,,,,,,,,,,,,,,,,,,,,,,,,,,,,,,,,,,,,,,,,,,,,,,,,,,,,,,,,,,,,,,,,,,,,,,637.517,639.218,u,1.696,,0,4,4,4,1,stimuliTAFCsec/numnym005.wav,,
,,,,,646d146529b02c8baf05bad4,001,2024-05-25_13h50.32.056,mathesisv2,2024.1.3,MacIntel,58.82352941,,,,,,,,,,,,,,,,,u,,,,,,,,,,,,,,,,,,,,,,,,,,,,,,,,,,,,,,,,,,,,,,,,,,,,,,,,,,,,,,,,,,,,,,,,,,639.218,640.601,u,1.375,,0,5,5,1,1,stimuliTAFCsec/numnym002.wav,,
,,,,,646d146529b02c8baf05bad4,001,2024-05-25_13h50.32.056,mathesisv2,2024.1.3,MacIntel,58.82352941,,,,,,,,,,,,,,,,,u,,,,,,,,,,,,,,,,,,,,,,,,,,,,,,,,,,,,,,,,,,,,,,,,,,,,,,,,,,,,,,,,,,,,,,,,,,640.602,641.818,u,1.202,,0,6,6,0,1,stimuliTAFCsec/numnym001.wav,,
,,,,,646d146529b02c8baf05bad4,001,2024-05-25_13h50.32.056,mathesisv2,2024.1.3,MacIntel,58.82352941,,,,,,,,,,,,,,,,,u,,,,,,,,,,,,,,,,,,,,,,,,,,,,,,,,,,,,,,,,,,,,,,,,,,,,,,,,,,,,,,,,,,,,,,,,,,641.819,642.885,u,1.056,,1,0,7,2,1,stimuliTAFCsec/numnym003.wav,,
,,,,,646d146529b02c8baf05bad4,001,2024-05-25_13h50.32.056,mathesisv2,2024.1.3,MacIntel,58.82352941,,,,,,,,,,,,,,,,,x,,,,,,,,,,,,,,,,,,,,,,,,,,,,,,,,,,,,,,,,,,,,,,,,,,,,,,,,,,,,,,,,,,,,,,,,,,642.885,644.134,u,1.233,,1,1,8,3,1,stimuliTAFCsec/numnym004.wav,,
,,,,,646d146529b02c8baf05bad4,001,2024-05-25_13h50.32.056,mathesisv2,2024.1.3,MacIntel,58.82352941,,,,,,,,,,,,,,,,,y,,,,,,,,,,,,,,,,,,,,,,,,,,,,,,,,,,,,,,,,,,,,,,,,,,,,,,,,,,,,,,,,,,,,,,,,,,644.135,645.701,y,1.553,,1,2,9,5,1,stimuliTAFCsec/numnym006.wav,,
,,,,,646d146529b02c8baf05bad4,001,2024-05-25_13h50.32.056,mathesisv2,2024.1.3,MacIntel,58.82352941,,,,,,,,,,,,,,,,,y,,,,,,,,,,,,,,,,,,,,,,,,,,,,,,,,,,,,,,,,,,,,,,,,,,,,,,,,,,,,,,,,,,,,,,,,,,645.701,647.185,y,1.475,,1,3,10,6,1,stimuliTAFCsec/numnym007.wav,,
,,,,,646d146529b02c8baf05bad4,001,2024-05-25_13h50.32.056,mathesisv2,2024.1.3,MacIntel,58.82352941,,,,,,,,,,,,,,,,,u,,,,,,,,,,,,,,,,,,,,,,,,,,,,,,,,,,,,,,,,,,,,,,,,,,,,,,,,,,,,,,,,,,,,,,,,,,647.186,648.434,u,1.241,,1,4,11,1,1,stimuliTAFCsec/numnym002.wav,,
,,,,,646d146529b02c8baf05bad4,001,2024-05-25_13h50.32.056,mathesisv2,2024.1.3,MacIntel,58.82352941,,,,,,,,,,,,,,,,,u,,,,,,,,,,,,,,,,,,,,,,,,,,,,,,,,,,,,,,,,,,,,,,,,,,,,,,,,,,,,,,,,,,,,,,,,,,648.435,649.585,u,1.134,,1,5,12,0,1,stimuliTAFCsec/numnym001.wav,,
,,,,,646d146529b02c8baf05bad4,001,2024-05-25_13h50.32.056,mathesisv2,2024.1.3,MacIntel,58.82352941,,,,,,,,,,,,,,,,,y,,,,,,,,,,,,,,,,,,,,,,,,,,,,,,,,,,,,,,,,,,,,,,,,,,,,,,,,,,,,,,,,,,,,,,,,,,649.586,651.418,y,1.825,,1,6,13,4,1,stimuliTAFCsec/numnym005.wav,,
,,,,,646d146529b02c8baf05bad4,001,2024-05-25_13h50.32.056,mathesisv2,2024.1.3,MacIntel,58.82352941,,,,,,,,,,,,,,,,,e,,,,,,,,,,,,,,,,,,,,,,,,,,651.419,652.901,space,1.466,,,,,,,,,,,,,,,,,,,,,,,,,,,,,,,,,,652.904,657.219,e,4.3,,0,0,0,2,1,stimuliTAFCfirst/nimnym003.wav,,,,,,,,,,,,,
,,,,,646d146529b02c8baf05bad4,001,2024-05-25_13h50.32.056,mathesisv2,2024.1.3,MacIntel,58.82352941,,,,,,,,,,,,,,,,,y,,,,,,,,,,,,,,,,,,,,,,,,,,,,,,,,,,,,,,,,,,,,,,,,,,,,,,,,,,,,,,,657.22,658.835,e,1.607,,0,1,1,6,1,stimuliTAFCfirst/nimnym007.wav,,,,,,,,,,,,,
,,,,,646d146529b02c8baf05bad4,001,2024-05-25_13h50.32.056,mathesisv2,2024.1.3,MacIntel,58.82352941,,,,,,,,,,,,,,,,,x,,,,,,,,,,,,,,,,,,,,,,,,,,,,,,,,,,,,,,,,,,,,,,,,,,,,,,,,,,,,,,,658.836,660.268,e,1.417,,0,2,2,3,1,stimuliTAFCfirst/nimnym004.wav,,,,,,,,,,,,,
,,,,,646d146529b02c8baf05bad4,001,2024-05-25_13h50.32.056,mathesisv2,2024.1.3,MacIntel,58.82352941,,,,,,,,,,,,,,,,,e,,,,,,,,,,,,,,,,,,,,,,,,,,,,,,,,,,,,,,,,,,,,,,,,,,,,,,,,,,,,,,,660.269,661.469,e,1.191,,0,3,3,1,1,stimuliTAFCfirst/nimnym002.wav,,,,,,,,,,,,,
,,,,,646d146529b02c8baf05bad4,001,2024-05-25_13h50.32.056,mathesisv2,2024.1.3,MacIntel,58.82352941,,,,,,,,,,,,,,,,,e,,,,,,,,,,,,,,,,,,,,,,,,,,,,,,,,,,,,,,,,,,,,,,,,,,,,,,,,,,,,,,,661.47,662.819,e,1.332,,0,4,4,0,1,stimuliTAFCfirst/nimnym001.wav,,,,,,,,,,,,,
,,,,,646d146529b02c8baf05bad4,001,2024-05-25_13h50.32.056,mathesisv2,2024.1.3,MacIntel,58.82352941,,,,,,,,,,,,,,,,,y,,,,,,,,,,,,,,,,,,,,,,,,,,,,,,,,,,,,,,,,,,,,,,,,,,,,,,,,,,,,,,,662.819,664.136,y,1.31,,0,5,5,4,1,stimuliTAFCfirst/nimnym005.wav,,,,,,,,,,,,,
,,,,,646d146529b02c8baf05bad4,001,2024-05-25_13h50.32.056,mathesisv2,2024.1.3,MacIntel,58.82352941,,,,,,,,,,,,,,,,,y,,,,,,,,,,,,,,,,,,,,,,,,,,,,,,,,,,,,,,,,,,,,,,,,,,,,,,,,,,,,,,,664.137,665.469,y,1.316,,0,6,6,5,1,stimuliTAFCfirst/nimnym006.wav,,,,,,,,,,,,,
,,,,,646d146529b02c8baf05bad4,001,2024-05-25_13h50.32.056,mathesisv2,2024.1.3,MacIntel,58.82352941,,,,,,,,,,,,,,,,,e,,,,,,,,,,,,,,,,,,,,,,,,,,,,,,,,,,,,,,,,,,,,,,,,,,,,,,,,,,,,,,,665.47,666.636,e,1.149,,1,0,7,1,1,stimuliTAFCfirst/nimnym002.wav,,,,,,,,,,,,,
,,,,,646d146529b02c8baf05bad4,001,2024-05-25_13h50.32.056,mathesisv2,2024.1.3,MacIntel,58.82352941,,,,,,,,,,,,,,,,,x,,,,,,,,,,,,,,,,,,,,,,,,,,,,,,,,,,,,,,,,,,,,,,,,,,,,,,,,,,,,,,,666.636,667.952,y,1.308,,1,1,8,3,1,stimuliTAFCfirst/nimnym004.wav,,,,,,,,,,,,,
,,,,,646d146529b02c8baf05bad4,001,2024-05-25_13h50.32.056,mathesisv2,2024.1.3,MacIntel,58.82352941,,,,,,,,,,,,,,,,,y,,,,,,,,,,,,,,,,,,,,,,,,,,,,,,,,,,,,,,,,,,,,,,,,,,,,,,,,,,,,,,,667.953,669.236,y,1.275,,1,2,9,6,1,stimuliTAFCfirst/nimnym007.wav,,,,,,,,,,,,,
,,,,,646d146529b02c8baf05bad4,001,2024-05-25_13h50.32.056,mathesisv2,2024.1.3,MacIntel,58.82352941,,,,,,,,,,,,,,,,,y,,,,,,,,,,,,,,,,,,,,,,,,,,,,,,,,,,,,,,,,,,,,,,,,,,,,,,,,,,,,,,,669.236,670.986,y,1.74,,1,3,10,4,1,stimuliTAFCfirst/nimnym005.wav,,,,,,,,,,,,,
,,,,,646d146529b02c8baf05bad4,001,2024-05-25_13h50.32.056,mathesisv2,2024.1.3,MacIntel,58.82352941,,,,,,,,,,,,,,,,,e,,,,,,,,,,,,,,,,,,,,,,,,,,,,,,,,,,,,,,,,,,,,,,,,,,,,,,,,,,,,,,,670.987,673.353,e,2.355,,1,4,11,2,1,stimuliTAFCfirst/nimnym003.wav,,,,,,,,,,,,,
,,,,,646d146529b02c8baf05bad4,001,2024-05-25_13h50.32.056,mathesisv2,2024.1.3,MacIntel,58.82352941,,,,,,,,,,,,,,,,,y,,,,,,,,,,,,,,,,,,,,,,,,,,,,,,,,,,,,,,,,,,,,,,,,,,,,,,,,,,,,,,,673.354,674.686,y,1.316,,1,5,12,5,1,stimuliTAFCfirst/nimnym006.wav,,,,,,,,,,,,,
,,,,,646d146529b02c8baf05bad4,001,2024-05-25_13h50.32.056,mathesisv2,2024.1.3,MacIntel,58.82352941,,,,,,,,,,,,,,,,,e,,,,,,,,,,,,,,,,,,,,,,,,,,,,,,,,,,,,,,,,,,,,,,,,,,,,,,,,,,,,,,,674.687,675.803,e,1.101,,1,6,13,0,1,stimuliTAFCfirst/nimnym001.wav,,,,,,,,,,,,,
,,,,,646d146529b02c8baf05bad4,001,2024-05-25_13h50.32.056,mathesisv2,2024.1.3,MacIntel,58.82352941,,,,,,,,,,,,,,,,,u,675.804,677.303,space,1.481,,,,,,,,,,,,,,,,,,,,,,,,,,,,,,,,,,,,,,,,,,,,,,,,,,,,,,,,,,,,,,,,,,,,,,677.31,679.253,u,1.935,,0,0,0,0,1,stimuliTAFCsec/numnym001.wav,,
,,,,,646d146529b02c8baf05bad4,001,2024-05-25_13h50.32.056,mathesisv2,2024.1.3,MacIntel,58.82352941,,,,,,,,,,,,,,,,,y,,,,,,,,,,,,,,,,,,,,,,,,,,,,,,,,,,,,,,,,,,,,,,,,,,,,,,,,,,,,,,,,,,,,,,,,,,679.254,680.953,y,1.681,,0,1,1,4,1,stimuliTAFCsec/numnym005.wav,,
,,,,,646d146529b02c8baf05bad4,001,2024-05-25_13h50.32.056,mathesisv2,2024.1.3,MacIntel,58.82352941,,,,,,,,,,,,,,,,,u,,,,,,,,,,,,,,,,,,,,,,,,,,,,,,,,,,,,,,,,,,,,,,,,,,,,,,,,,,,,,,,,,,,,,,,,,,680.954,682.503,u,1.541,,0,2,2,2,1,stimuliTAFCsec/numnym003.wav,,
,,,,,646d146529b02c8baf05bad4,001,2024-05-25_13h50.32.056,mathesisv2,2024.1.3,MacIntel,58.82352941,,,,,,,,,,,,,,,,,u,,,,,,,,,,,,,,,,,,,,,,,,,,,,,,,,,,,,,,,,,,,,,,,,,,,,,,,,,,,,,,,,,,,,,,,,,,682.504,683.703,u,1.183,,0,3,3,1,1,stimuliTAFCsec/numnym002.wav,,
,,,,,646d146529b02c8baf05bad4,001,2024-05-25_13h50.32.056,mathesisv2,2024.1.3,MacIntel,58.82352941,,,,,,,,,,,,,,,,,x,,,,,,,,,,,,,,,,,,,,,,,,,,,,,,,,,,,,,,,,,,,,,,,,,,,,,,,,,,,,,,,,,,,,,,,,,,683.703,684.82,u,1.102,,0,4,4,3,1,stimuliTAFCsec/numnym004.wav,,
,,,,,646d146529b02c8baf05bad4,001,2024-05-25_13h50.32.056,mathesisv2,2024.1.3,MacIntel,58.82352941,,,,,,,,,,,,,,,,,y,,,,,,,,,,,,,,,,,,,,,,,,,,,,,,,,,,,,,,,,,,,,,,,,,,,,,,,,,,,,,,,,,,,,,,,,,,684.821,686.003,y,1.166,,0,5,5,5,1,stimuliTAFCsec/numnym006.wav,,
,,,,,646d146529b02c8baf05bad4,001,2024-05-25_13h50.32.056,mathesisv2,2024.1.3,MacIntel,58.82352941,,,,,,,,,,,,,,,,,y,,,,,,,,,,,,,,,,,,,,,,,,,,,,,,,,,,,,,,,,,,,,,,,,,,,,,,,,,,,,,,,,,,,,,,,,,,686.004,687.337,y,1.318,,0,6,6,6,1,stimuliTAFCsec/numnym007.wav,,
,,,,,646d146529b02c8baf05bad4,001,2024-05-25_13h50.32.056,mathesisv2,2024.1.3,MacIntel,58.82352941,,,,,,,,,,,,,,,,,u,,,,,,,,,,,,,,,,,,,,,,,,,,,,,,,,,,,,,,,,,,,,,,,,,,,,,,,,,,,,,,,,,,,,,,,,,,687.338,688.42,u,1.068,,1,0,7,1,1,stimuliTAFCsec/numnym002.wav,,
,,,,,646d146529b02c8baf05bad4,001,2024-05-25_13h50.32.056,mathesisv2,2024.1.3,MacIntel,58.82352941,,,,,,,,,,,,,,,,,u,,,,,,,,,,,,,,,,,,,,,,,,,,,,,,,,,,,,,,,,,,,,,,,,,,,,,,,,,,,,,,,,,,,,,,,,,,688.421,689.57,u,1.141,,1,1,8,2,1,stimuliTAFCsec/numnym003.wav,,
,,,,,646d146529b02c8baf05bad4,001,2024-05-25_13h50.32.056,mathesisv2,2024.1.3,MacIntel,58.82352941,,,,,,,,,,,,,,,,,y,,,,,,,,,,,,,,,,,,,,,,,,,,,,,,,,,,,,,,,,,,,,,,,,,,,,,,,,,,,,,,,,,,,,,,,,,,689.571,691.27,y,1.688,,1,2,9,4,1,stimuliTAFCsec/numnym005.wav,,
,,,,,646d146529b02c8baf05bad4,001,2024-05-25_13h50.32.056,mathesisv2,2024.1.3,MacIntel,58.82352941,,,,,,,,,,,,,,,,,u,,,,,,,,,,,,,,,,,,,,,,,,,,,,,,,,,,,,,,,,,,,,,,,,,,,,,,,,,,,,,,,,,,,,,,,,,,691.271,692.37,u,1.088,,1,3,10,0,1,stimuliTAFCsec/numnym001.wav,,
,,,,,646d146529b02c8baf05bad4,001,2024-05-25_13h50.32.056,mathesisv2,2024.1.3,MacIntel,58.82352941,,,,,,,,,,,,,,,,,y,,,,,,,,,,,,,,,,,,,,,,,,,,,,,,,,,,,,,,,,,,,,,,,,,,,,,,,,,,,,,,,,,,,,,,,,,,692.37,693.62,y,1.232,,1,4,11,6,1,stimuliTAFCsec/numnym007.wav,,
,,,,,646d146529b02c8baf05bad4,001,2024-05-25_13h50.32.056,mathesisv2,2024.1.3,MacIntel,58.82352941,,,,,,,,,,,,,,,,,y,,,,,,,,,,,,,,,,,,,,,,,,,,,,,,,,,,,,,,,,,,,,,,,,,,,,,,,,,,,,,,,,,,,,,,,,,,693.621,695.237,y,1.599,,1,5,12,5,1,stimuliTAFCsec/numnym006.wav,,
,,,,,646d146529b02c8baf05bad4,001,2024-05-25_13h50.32.056,mathesisv2,2024.1.3,MacIntel,58.82352941,,,,,,,,,,,,,,,,,x,,,,,,,,,,,,,,,,,,,,,,,,,,,,,,,,,,,,,,,,,,,,,,,,,,,,,,,,,,,,,,,,,,,,,,,,,,695.237,696.453,u,1.2,,1,6,13,3,1,stimuliTAFCsec/numnym004.wav,,
,,,,,646d146529b02c8baf05bad4,001,2024-05-25_13h50.32.056,mathesisv2,2024.1.3,MacIntel,58.82352941,,,,,,,,,,,,,,,,,e,,,,,,,,,,,,,,,,,,,,,,,,,,696.454,698.87,space,2.407,,,,,,,,,,,,,,,,,,,,,,,,,,,,,,,,,,698.875,701.754,e,2.864,,0,0,0,2,1,stimuliTAFCfirst/nimnym003.wav,,,,,,,,,,,,,
,,,,,646d146529b02c8baf05bad4,001,2024-05-25_13h50.32.056,mathesisv2,2024.1.3,MacIntel,58.82352941,,,,,,,,,,,,,,,,,e,,,,,,,,,,,,,,,,,,,,,,,,,,,,,,,,,,,,,,,,,,,,,,,,,,,,,,,,,,,,,,,701.755,702.937,e,1.165,,0,1,1,0,1,stimuliTAFCfirst/nimnym001.wav,,,,,,,,,,,,,
,,,,,646d146529b02c8baf05bad4,001,2024-05-25_13h50.32.056,mathesisv2,2024.1.3,MacIntel,58.82352941,,,,,,,,,,,,,,,,,y,,,,,,,,,,,,,,,,,,,,,,,,,,,,,,,,,,,,,,,,,,,,,,,,,,,,,,,,,,,,,,,702.938,704.053,y,1.102,,0,2,2,6,1,stimuliTAFCfirst/nimnym007.wav,,,,,,,,,,,,,
,,,,,646d146529b02c8baf05bad4,001,2024-05-25_13h50.32.056,mathesisv2,2024.1.3,MacIntel,58.82352941,,,,,,,,,,,,,,,,,e,,,,,,,,,,,,,,,,,,,,,,,,,,,,,,,,,,,,,,,,,,,,,,,,,,,,,,,,,,,,,,,704.053,705.119,e,1.049,,0,3,3,1,1,stimuliTAFCfirst/nimnym002.wav,,,,,,,,,,,,,
,,,,,646d146529b02c8baf05bad4,001,2024-05-25_13h50.32.056,mathesisv2,2024.1.3,MacIntel,58.82352941,,,,,,,,,,,,,,,,,y,,,,,,,,,,,,,,,,,,,,,,,,,,,,,,,,,,,,,,,,,,,,,,,,,,,,,,,,,,,,,,,705.119,706.27,y,1.144,,0,4,4,4,1,stimuliTAFCfirst/nimnym005.wav,,,,,,,,,,,,,
,,,,,646d146529b02c8baf05bad4,001,2024-05-25_13h50.32.056,mathesisv2,2024.1.3,MacIntel,58.82352941,,,,,,,,,,,,,,,,,y,,,,,,,,,,,,,,,,,,,,,,,,,,,,,,,,,,,,,,,,,,,,,,,,,,,,,,,,,,,,,,,706.27,707.537,y,1.259,,0,5,5,5,1,stimuliTAFCfirst/nimnym006.wav,,,,,,,,,,,,,
,,,,,646d146529b02c8baf05bad4,001,2024-05-25_13h50.32.056,mathesisv2,2024.1.3,MacIntel,58.82352941,,,,,,,,,,,,,,,,,x,,,,,,,,,,,,,,,,,,,,,,,,,,,,,,,,,,,,,,,,,,,,,,,,,,,,,,,,,,,,,,,707.538,708.836,y,1.282,,0,6,6,3,1,stimuliTAFCfirst/nimnym004.wav,,,,,,,,,,,,,
,,,,,646d146529b02c8baf05bad4,001,2024-05-25_13h50.32.056,mathesisv2,2024.1.3,MacIntel,58.82352941,,,,,,,,,,,,,,,,,e,,,,,,,,,,,,,,,,,,,,,,,,,,,,,,,,,,,,,,,,,,,,,,,,,,,,,,,,,,,,,,,708.837,709.87,e,1.025,,1,0,7,1,1,stimuliTAFCfirst/nimnym002.wav,,,,,,,,,,,,,
,,,,,646d146529b02c8baf05bad4,001,2024-05-25_13h50.32.056,mathesisv2,2024.1.3,MacIntel,58.82352941,,,,,,,,,,,,,,,,,y,,,,,,,,,,,,,,,,,,,,,,,,,,,,,,,,,,,,,,,,,,,,,,,,,,,,,,,,,,,,,,,709.871,711.02,y,1.138,,1,1,8,5,1,stimuliTAFCfirst/nimnym006.wav,,,,,,,,,,,,,
,,,,,646d146529b02c8baf05bad4,001,2024-05-25_13h50.32.056,mathesisv2,2024.1.3,MacIntel,58.82352941,,,,,,,,,,,,,,,,,e,,,,,,,,,,,,,,,,,,,,,,,,,,,,,,,,,,,,,,,,,,,,,,,,,,,,,,,,,,,,,,,711.02,712.433,e,1.402,,1,2,9,0,1,stimuliTAFCfirst/nimnym001.wav,,,,,,,,,,,,,
,,,,,646d146529b02c8baf05bad4,001,2024-05-25_13h50.32.056,mathesisv2,2024.1.3,MacIntel,58.82352941,,,,,,,,,,,,,,,,,y,,,,,,,,,,,,,,,,,,,,,,,,,,,,,,,,,,,,,,,,,,,,,,,,,,,,,,,,,,,,,,,712.433,713.637,y,1.189,,1,3,10,4,1,stimuliTAFCfirst/nimnym005.wav,,,,,,,,,,,,,
,,,,,646d146529b02c8baf05bad4,001,2024-05-25_13h50.32.056,mathesisv2,2024.1.3,MacIntel,58.82352941,,,,,,,,,,,,,,,,,e,,,,,,,,,,,,,,,,,,,,,,,,,,,,,,,,,,,,,,,,,,,,,,,,,,,,,,,,,,,,,,,713.638,714.754,e,1.099,,1,4,11,2,1,stimuliTAFCfirst/nimnym003.wav,,,,,,,,,,,,,
,,,,,646d146529b02c8baf05bad4,001,2024-05-25_13h50.32.056,mathesisv2,2024.1.3,MacIntel,58.82352941,,,,,,,,,,,,,,,,,y,,,,,,,,,,,,,,,,,,,,,,,,,,,,,,,,,,,,,,,,,,,,,,,,,,,,,,,,,,,,,,,714.755,715.887,y,1.118,,1,5,12,6,1,stimuliTAFCfirst/nimnym007.wav,,,,,,,,,,,,,
,,,,,646d146529b02c8baf05bad4,001,2024-05-25_13h50.32.056,mathesisv2,2024.1.3,MacIntel,58.82352941,,,,,,,,,,,,,,,,,x,,,,,,,,,,,,,,,,,,,,,,,,,,,,,,,,,,,,,,,,,,,,,,,,,,,,,,,,,,,,,,,715.887,716.854,e,0.961,,1,6,13,3,1,stimuliTAFCfirst/nimnym004.wav,,,,,,,,,,,,,
,,,,,646d146529b02c8baf05bad4,001,2024-05-25_13h50.32.056,mathesisv2,2024.1.3,MacIntel,58.82352941,,,,,,,,,,,,,,,,,y,716.855,718.671,space,1.799,,,,,,,,,,,,,,,,,,,,,,,,,,,,,,,,,,,,,,,,,,,,,,,,,,,,,,,,,,,,,,,,,,,,,,718.679,723.488,y,4.792,,0,0,0,4,1,stimuliTAFCsec/numnym005.wav,,
,,,,,646d146529b02c8baf05bad4,001,2024-05-25_13h50.32.056,mathesisv2,2024.1.3,MacIntel,58.82352941,,,,,,,,,,,,,,,,,y,,,,,,,,,,,,,,,,,,,,,,,,,,,,,,,,,,,,,,,,,,,,,,,,,,,,,,,,,,,,,,,,,,,,,,,,,,723.489,724.908,y,1.415,,0,1,1,5,1,stimuliTAFCsec/numnym006.wav,,
,,,,,646d146529b02c8baf05bad4,001,2024-05-25_13h50.32.056,mathesisv2,2024.1.3,MacIntel,58.82352941,,,,,,,,,,,,,,,,,x,,,,,,,,,,,,,,,,,,,,,,,,,,,,,,,,,,,,,,,,,,,,,,,,,,,,,,,,,,,,,,,,,,,,,,,,,,724.908,725.988,u,1.066,,0,2,2,3,1,stimuliTAFCsec/numnym004.wav,,
,,,,,646d146529b02c8baf05bad4,001,2024-05-25_13h50.32.056,mathesisv2,2024.1.3,MacIntel,58.82352941,,,,,,,,,,,,,,,,,u,,,,,,,,,,,,,,,,,,,,,,,,,,,,,,,,,,,,,,,,,,,,,,,,,,,,,,,,,,,,,,,,,,,,,,,,,,725.989,727.238,u,1.239,,0,3,3,0,1,stimuliTAFCsec/numnym001.wav,,
,,,,,646d146529b02c8baf05bad4,001,2024-05-25_13h50.32.056,mathesisv2,2024.1.3,MacIntel,58.82352941,,,,,,,,,,,,,,,,,u,,,,,,,,,,,,,,,,,,,,,,,,,,,,,,,,,,,,,,,,,,,,,,,,,,,,,,,,,,,,,,,,,,,,,,,,,,727.239,728.287,u,1.04,,0,4,4,1,1,stimuliTAFCsec/numnym002.wav,,
,,,,,646d146529b02c8baf05bad4,001,2024-05-25_13h50.32.056,mathesisv2,2024.1.3,MacIntel,58.82352941,,,,,,,,,,,,,,,,,y,,,,,,,,,,,,,,,,,,,,,,,,,,,,,,,,,,,,,,,,,,,,,,,,,,,,,,,,,,,,,,,,,,,,,,,,,,728.287,729.371,y,1.075,,0,5,5,6,1,stimuliTAFCsec/numnym007.wav,,
,,,,,646d146529b02c8baf05bad4,001,2024-05-25_13h50.32.056,mathesisv2,2024.1.3,MacIntel,58.82352941,,,,,,,,,,,,,,,,,u,,,,,,,,,,,,,,,,,,,,,,,,,,,,,,,,,,,,,,,,,,,,,,,,,,,,,,,,,,,,,,,,,,,,,,,,,,729.372,730.605,u,1.216,,0,6,6,2,1,stimuliTAFCsec/numnym003.wav,,
,,,,,646d146529b02c8baf05bad4,001,2024-05-25_13h50.32.056,mathesisv2,2024.1.3,MacIntel,58.82352941,,,,,,,,,,,,,,,,,y,,,,,,,,,,,,,,,,,,,,,,,,,,,,,,,,,,,,,,,,,,,,,,,,,,,,,,,,,,,,,,,,,,,,,,,,,,730.606,731.871,y,1.255,,1,0,7,5,1,stimuliTAFCsec/numnym006.wav,,
,,,,,646d146529b02c8baf05bad4,001,2024-05-25_13h50.32.056,mathesisv2,2024.1.3,MacIntel,58.82352941,,,,,,,,,,,,,,,,,u,,,,,,,,,,,,,,,,,,,,,,,,,,,,,,,,,,,,,,,,,,,,,,,,,,,,,,,,,,,,,,,,,,,,,,,,,,731.872,733.005,u,1.125,,1,1,8,1,1,stimuliTAFCsec/numnym002.wav,,
,,,,,646d146529b02c8baf05bad4,001,2024-05-25_13h50.32.056,mathesisv2,2024.1.3,MacIntel,58.82352941,,,,,,,,,,,,,,,,,u,,,,,,,,,,,,,,,,,,,,,,,,,,,,,,,,,,,,,,,,,,,,,,,,,,,,,,,,,,,,,,,,,,,,,,,,,,733.006,734.138,u,1.123,,1,2,9,0,1,stimuliTAFCsec/numnym001.wav,,
,,,,,646d146529b02c8baf05bad4,001,2024-05-25_13h50.32.056,mathesisv2,2024.1.3,MacIntel,58.82352941,,,,,,,,,,,,,,,,,y,,,,,,,,,,,,,,,,,,,,,,,,,,,,,,,,,,,,,,,,,,,,,,,,,,,,,,,,,,,,,,,,,,,,,,,,,,734.139,735.238,y,1.082,,1,3,10,4,1,stimuliTAFCsec/numnym005.wav,,
,,,,,646d146529b02c8baf05bad4,001,2024-05-25_13h50.32.056,mathesisv2,2024.1.3,MacIntel,58.82352941,,,,,,,,,,,,,,,,,y,,,,,,,,,,,,,,,,,,,,,,,,,,,,,,,,,,,,,,,,,,,,,,,,,,,,,,,,,,,,,,,,,,,,,,,,,,735.238,736.437,y,1.193,,1,4,11,6,1,stimuliTAFCsec/numnym007.wav,,
,,,,,646d146529b02c8baf05bad4,001,2024-05-25_13h50.32.056,mathesisv2,2024.1.3,MacIntel,58.82352941,,,,,,,,,,,,,,,,,x,,,,,,,,,,,,,,,,,,,,,,,,,,,,,,,,,,,,,,,,,,,,,,,,,,,,,,,,,,,,,,,,,,,,,,,,,,736.437,737.471,u,1.025,,1,5,12,3,1,stimuliTAFCsec/numnym004.wav,,
,,,,,646d146529b02c8baf05bad4,001,2024-05-25_13h50.32.056,mathesisv2,2024.1.3,MacIntel,58.82352941,,,,,,,,,,,,,,,,,u,,,,,,,,,,,,,,,,,,,,,,,,,,,,,,,,,,,,,,,,,,,,,,,,,,,,,,,,,,,,,,,,,,,,,,,,,,737.472,738.688,u,1.198,,1,6,13,2,1,stimuliTAFCsec/numnym003.wav,,
,,,,,646d146529b02c8baf05bad4,001,2024-05-25_13h50.32.056,mathesisv2,2024.1.3,MacIntel,58.82352941,,,,,,,,,,,,,,,,,,,,,,,,,,,,,,,,,,,,,,,,,,,738.689,739.988,space,1.29,,,,,,,,,,,,,,,,,,,,,,,,,,,,,,,,,,,,,,,,,,,,,,,,,,,,,,,,739.991,744.989
