﻿inst_test.started,inst_test.stopped,key_resptest.keys,key_resptest.rt,key_resptest.duration,participant,session,date,expName,psychopyVersion,OS,frameRate,AXBteststimuli.started,AXBteststimuli.stopped,slider_7.response,slider_7.rt,trials.thisRepN,trials.thisTrialN,trials.thisN,trials.thisIndex,trials.ran,AXBtest,attentioncheck_test.started,attentioncheck_test.stopped,slider.response,slider.rt,inst01.started,inst01.stopped,key_respinst01.keys,key_respinst01.rt,key_respinst01.duration,AXBstimuli01.started,AXBstimuli01.stopped,slider_8.response,slider_8.rt,trials_2.thisRepN,trials_2.thisTrialN,trials_2.thisN,trials_2.thisIndex,trials_2.ran,AXBstimuli,Correct,pause01.started,pause01.stopped,key_resp.keys,key_resp.rt,key_resp.duration,trials_3.thisRepN,trials_3.thisTrialN,trials_3.thisN,trials_3.thisIndex,trials_3.ran,attentioncheck01.started,attentioncheck01.stopped,slider_2.response,slider_2.rt,key_resp_5.keys,key_resp_5.rt,key_resp_5.duration,trials_4.thisRepN,trials_4.thisTrialN,trials_4.thisN,trials_4.thisIndex,trials_4.ran,trials_5.thisRepN,trials_5.thisTrialN,trials_5.thisN,trials_5.thisIndex,trials_5.ran,attentioncheck02.started,attentioncheck02.stopped,key_resp_6.keys,button.numClicks,button.timesOn,button.timesOff,trials_6.thisRepN,trials_6.thisTrialN,trials_6.thisN,trials_6.thisIndex,trials_6.ran,trials_7.thisRepN,trials_7.thisTrialN,trials_7.thisN,trials_7.thisIndex,trials_7.ran,attentioncheck03.started,attentioncheck03.stopped,slider_3.response,slider_3.rt,trials_8.thisRepN,trials_8.thisTrialN,trials_8.thisN,trials_8.thisIndex,trials_8.ran,inst_test2.started,inst_test2.stopped,key_resp_2.keys,key_resp_2.rt,key_resp_2.duration,routine_2AFCteststimuli.started,routine_2AFCteststimuli.stopped,slider_9.response,slider_9.rt,trials_17.thisRepN,trials_17.thisTrialN,trials_17.thisN,trials_17.thisIndex,trials_17.ran,TAFCteststimuli,attentioncheck_test2.started,attentioncheck_test2.stopped,slider_4.response,slider_4.rt,inst02.started,inst02.stopped,key_resp_3.keys,key_resp_3.rt,key_resp_3.duration,routine_2AFCstimuli01.started,routine_2AFCstimuli01.stopped,slider_10.response,slider_10.rt,trials_9.thisRepN,trials_9.thisTrialN,trials_9.thisN,trials_9.thisIndex,trials_9.ran,TAFCstimuli01,attentioncheck04.started,attentioncheck04.stopped,slider_6.response,slider_6.rt,key_resp_9.keys,trials_10.thisRepN,trials_10.thisTrialN,trials_10.thisN,trials_10.thisIndex,trials_10.ran,trials_11.thisRepN,trials_11.thisTrialN,trials_11.thisN,trials_11.thisIndex,trials_11.ran,trials_12.thisRepN,trials_12.thisTrialN,trials_12.thisN,trials_12.thisIndex,trials_12.ran,routine_2AFCstimuli02.started,routine_2AFCstimuli02.stopped,slider_11.response,slider_11.rt,trials_13.thisRepN,trials_13.thisTrialN,trials_13.thisN,trials_13.thisIndex,trials_13.ran,TAFCstimuli02,attentioncheck05.started,attentioncheck05.stopped,key_resp_8.keys,key_resp_8.rt,key_resp_8.duration,slider_5.response,slider_5.rt,trials_14.thisRepN,trials_14.thisTrialN,trials_14.thisN,trials_14.thisIndex,trials_14.ran,trials_15.thisRepN,trials_15.thisTrialN,trials_15.thisN,trials_15.thisIndex,trials_15.ran,attentioncheck06.started,attentioncheck06.stopped,button_2.numClicks,button_2.timesOn,button_2.timesOff,key_resp_7.keys,trials_16.thisRepN,trials_16.thisTrialN,trials_16.thisN,trials_16.thisIndex,trials_16.ran,thankyou.started,thankyou.stopped,key_resp_4.keys,key_resp_4.rt,key_resp_4.duration
0.001,13.928,space,13.908,,183115,001,2024-05-21_14h21.12.242,AXB:2AFC Experiments (16.05.2024),2024.1.3,Win32,62.5,,,,,,,,,,,,,,,,,,,,,,,,,,,,,,,,,,,,,,,,,,,,,,,,,,,,,,,,,,,,,,,,,,,,,,,,,,,,,,,,,,,,,,,,,,,,,,,,,,,,,,,,,,,,,,,,,,,,,,,,,,,,,,,,,,,,,,,,,,,,,,,,,,,,,,,,,,,,,,,,,,,,,,,,,,,,,,,,,,,
,,,,,183115,001,2024-05-21_14h21.12.242,AXB:2AFC Experiments (16.05.2024),2024.1.3,Win32,62.5,13.936,25.229,2,11.292,0,0,0,3,1,AXBstimuli/yyustimulus.wav,,,,,,,,,,,,,,,,,,,,,,,,,,,,,,,,,,,,,,,,,,,,,,,,,,,,,,,,,,,,,,,,,,,,,,,,,,,,,,,,,,,,,,,,,,,,,,,,,,,,,,,,,,,,,,,,,,,,,,,,,,,,,,,,,,,,,,,,,,,,,,,,,,,,,,,,,,,,,,,,,,,,,,,,,
,,,,,183115,001,2024-05-21_14h21.12.242,AXB:2AFC Experiments (16.05.2024),2024.1.3,Win32,62.5,25.229,29.63,2,4.389,0,1,1,0,1,AXBstimuli/iiystimulus.wav,,,,,,,,,,,,,,,,,,,,,,,,,,,,,,,,,,,,,,,,,,,,,,,,,,,,,,,,,,,,,,,,,,,,,,,,,,,,,,,,,,,,,,,,,,,,,,,,,,,,,,,,,,,,,,,,,,,,,,,,,,,,,,,,,,,,,,,,,,,,,,,,,,,,,,,,,,,,,,,,,,,,,,,,,
,,,,,183115,001,2024-05-21_14h21.12.242,AXB:2AFC Experiments (16.05.2024),2024.1.3,Win32,62.5,29.63,30.363,2,0.728,0,2,2,1,1,AXBstimuli/iyystimulus.wav,,,,,,,,,,,,,,,,,,,,,,,,,,,,,,,,,,,,,,,,,,,,,,,,,,,,,,,,,,,,,,,,,,,,,,,,,,,,,,,,,,,,,,,,,,,,,,,,,,,,,,,,,,,,,,,,,,,,,,,,,,,,,,,,,,,,,,,,,,,,,,,,,,,,,,,,,,,,,,,,,,,,,,,,,
,,,,,183115,001,2024-05-21_14h21.12.242,AXB:2AFC Experiments (16.05.2024),2024.1.3,Win32,62.5,30.363,34.263,1,3.894,0,3,3,2,1,AXBstimuli/yuustimulus.wav,,,,,,,,,,,,,,,,,,,,,,,,,,,,,,,,,,,,,,,,,,,,,,,,,,,,,,,,,,,,,,,,,,,,,,,,,,,,,,,,,,,,,,,,,,,,,,,,,,,,,,,,,,,,,,,,,,,,,,,,,,,,,,,,,,,,,,,,,,,,,,,,,,,,,,,,,,,,,,,,,,,,,,,,,
,,,,,183115,001,2024-05-21_14h21.12.242,AXB:2AFC Experiments (16.05.2024),2024.1.3,Win32,62.5,,,,,,,,,,,34.263,37.663,2,3.399,,,,,,,,,,,,,,,,,,,,,,,,,,,,,,,,,,,,,,,,,,,,,,,,,,,,,,,,,,,,,,,,,,,,,,,,,,,,,,,,,,,,,,,,,,,,,,,,,,,,,,,,,,,,,,,,,,,,,,,,,,,,,,,,,,,,,,,,,,,,,,,,,,,,,,,,,,,,,,,,,,,,,
,,,,,183115,001,2024-05-21_14h21.12.242,AXB:2AFC Experiments (16.05.2024),2024.1.3,Win32,62.5,,,,,,,,,,,,,,,37.663,45.081,space,7.399,,,,,,,,,,,,,,,,,,,,,,,,,,,,,,,,,,,,,,,,,,,,,,,,,,,,,,,,,,,,,,,,,,,,,,,,,,,,,,,,,,,,,,,,,,,,,,,,,,,,,,,,,,,,,,,,,,,,,,,,,,,,,,,,,,,,,,,,,,,,,,,,,,,,,,,,,,,,,,,,,
,,,,,183115,001,2024-05-21_14h21.12.242,AXB:2AFC Experiments (16.05.2024),2024.1.3,Win32,62.5,,,,,,,,,,,,,,,,,,,,45.084,49.348,1,4.256,0,0,0,2,1,AXBstimuli/yuustimulus.wav,First,,,,,,,,,,,,,,,,,,,,,,,,,,,,,,,,,,,,,,,,,,,,,,,,,,,,,,,,,,,,,,,,,,,,,,,,,,,,,,,,,,,,,,,,,,,,,,,,,,,,,,,,,,,,,,,,,,,,,,,,,,,,,,,,,,,,,,,,,,,,,,,,,,,,,
,,,,,183115,001,2024-05-21_14h21.12.242,AXB:2AFC Experiments (16.05.2024),2024.1.3,Win32,62.5,,,,,,,,,,,,,,,,,,,,49.349,52.999,2,3.644,0,1,1,3,1,AXBstimuli/yyustimulus.wav,Last,,,,,,,,,,,,,,,,,,,,,,,,,,,,,,,,,,,,,,,,,,,,,,,,,,,,,,,,,,,,,,,,,,,,,,,,,,,,,,,,,,,,,,,,,,,,,,,,,,,,,,,,,,,,,,,,,,,,,,,,,,,,,,,,,,,,,,,,,,,,,,,,,,,,,
,,,,,183115,001,2024-05-21_14h21.12.242,AXB:2AFC Experiments (16.05.2024),2024.1.3,Win32,62.5,,,,,,,,,,,,,,,,,,,,52.999,57.365,2,4.356,0,2,2,0,1,AXBstimuli/iiystimulus.wav,Last,,,,,,,,,,,,,,,,,,,,,,,,,,,,,,,,,,,,,,,,,,,,,,,,,,,,,,,,,,,,,,,,,,,,,,,,,,,,,,,,,,,,,,,,,,,,,,,,,,,,,,,,,,,,,,,,,,,,,,,,,,,,,,,,,,,,,,,,,,,,,,,,,,,,,
,,,,,183115,001,2024-05-21_14h21.12.242,AXB:2AFC Experiments (16.05.2024),2024.1.3,Win32,62.5,,,,,,,,,,,,,,,,,,,,57.365,61.199,1,3.826,0,3,3,1,1,AXBstimuli/iyystimulus.wav,First,,,,,,,,,,,,,,,,,,,,,,,,,,,,,,,,,,,,,,,,,,,,,,,,,,,,,,,,,,,,,,,,,,,,,,,,,,,,,,,,,,,,,,,,,,,,,,,,,,,,,,,,,,,,,,,,,,,,,,,,,,,,,,,,,,,,,,,,,,,,,,,,,,,,,
,,,,,183115,001,2024-05-21_14h21.12.242,AXB:2AFC Experiments (16.05.2024),2024.1.3,Win32,62.5,,,,,,,,,,,,,,,,,,,,61.199,64.716,1,3.517,1,0,4,2,1,AXBstimuli/yuustimulus.wav,First,,,,,,,,,,,,,,,,,,,,,,,,,,,,,,,,,,,,,,,,,,,,,,,,,,,,,,,,,,,,,,,,,,,,,,,,,,,,,,,,,,,,,,,,,,,,,,,,,,,,,,,,,,,,,,,,,,,,,,,,,,,,,,,,,,,,,,,,,,,,,,,,,,,,,
,,,,,183115,001,2024-05-21_14h21.12.242,AXB:2AFC Experiments (16.05.2024),2024.1.3,Win32,62.5,,,,,,,,,,,,,,,,,,,,64.717,68.416,1,3.696,1,1,5,1,1,AXBstimuli/iyystimulus.wav,First,,,,,,,,,,,,,,,,,,,,,,,,,,,,,,,,,,,,,,,,,,,,,,,,,,,,,,,,,,,,,,,,,,,,,,,,,,,,,,,,,,,,,,,,,,,,,,,,,,,,,,,,,,,,,,,,,,,,,,,,,,,,,,,,,,,,,,,,,,,,,,,,,,,,,
,,,,,183115,001,2024-05-21_14h21.12.242,AXB:2AFC Experiments (16.05.2024),2024.1.3,Win32,62.5,,,,,,,,,,,,,,,,,,,,68.416,72.233,2,3.807,1,2,6,3,1,AXBstimuli/yyustimulus.wav,Last,,,,,,,,,,,,,,,,,,,,,,,,,,,,,,,,,,,,,,,,,,,,,,,,,,,,,,,,,,,,,,,,,,,,,,,,,,,,,,,,,,,,,,,,,,,,,,,,,,,,,,,,,,,,,,,,,,,,,,,,,,,,,,,,,,,,,,,,,,,,,,,,,,,,,
,,,,,183115,001,2024-05-21_14h21.12.242,AXB:2AFC Experiments (16.05.2024),2024.1.3,Win32,62.5,,,,,,,,,,,,,,,,,,,,72.233,76.717,1,4.474,1,3,7,0,1,AXBstimuli/iiystimulus.wav,Last,,,,,,,,,,,,,,,,,,,,,,,,,,,,,,,,,,,,,,,,,,,,,,,,,,,,,,,,,,,,,,,,,,,,,,,,,,,,,,,,,,,,,,,,,,,,,,,,,,,,,,,,,,,,,,,,,,,,,,,,,,,,,,,,,,,,,,,,,,,,,,,,,,,,,
,,,,,183115,001,2024-05-21_14h21.12.242,AXB:2AFC Experiments (16.05.2024),2024.1.3,Win32,62.5,,,,,,,,,,,,,,,,,,,,76.717,80.251,1,3.524,2,0,8,2,1,AXBstimuli/yuustimulus.wav,First,,,,,,,,,,,,,,,,,,,,,,,,,,,,,,,,,,,,,,,,,,,,,,,,,,,,,,,,,,,,,,,,,,,,,,,,,,,,,,,,,,,,,,,,,,,,,,,,,,,,,,,,,,,,,,,,,,,,,,,,,,,,,,,,,,,,,,,,,,,,,,,,,,,,,
,,,,,183115,001,2024-05-21_14h21.12.242,AXB:2AFC Experiments (16.05.2024),2024.1.3,Win32,62.5,,,,,,,,,,,,,,,,,,,,80.251,83.368,2,3.105,2,1,9,3,1,AXBstimuli/yyustimulus.wav,Last,,,,,,,,,,,,,,,,,,,,,,,,,,,,,,,,,,,,,,,,,,,,,,,,,,,,,,,,,,,,,,,,,,,,,,,,,,,,,,,,,,,,,,,,,,,,,,,,,,,,,,,,,,,,,,,,,,,,,,,,,,,,,,,,,,,,,,,,,,,,,,,,,,,,,
,,,,,183115,001,2024-05-21_14h21.12.242,AXB:2AFC Experiments (16.05.2024),2024.1.3,Win32,62.5,,,,,,,,,,,,,,,,,,,,83.368,87.251,2,3.871,2,2,10,0,1,AXBstimuli/iiystimulus.wav,Last,,,,,,,,,,,,,,,,,,,,,,,,,,,,,,,,,,,,,,,,,,,,,,,,,,,,,,,,,,,,,,,,,,,,,,,,,,,,,,,,,,,,,,,,,,,,,,,,,,,,,,,,,,,,,,,,,,,,,,,,,,,,,,,,,,,,,,,,,,,,,,,,,,,,,
,,,,,183115,001,2024-05-21_14h21.12.242,AXB:2AFC Experiments (16.05.2024),2024.1.3,Win32,62.5,,,,,,,,,,,,,,,,,,,,87.252,90.552,1,3.295,2,3,11,1,1,AXBstimuli/iyystimulus.wav,First,,,,,,,,,,,,,,,,,,,,,,,,,,,,,,,,,,,,,,,,,,,,,,,,,,,,,,,,,,,,,,,,,,,,,,,,,,,,,,,,,,,,,,,,,,,,,,,,,,,,,,,,,,,,,,,,,,,,,,,,,,,,,,,,,,,,,,,,,,,,,,,,,,,,,
,,,,,183115,001,2024-05-21_14h21.12.242,AXB:2AFC Experiments (16.05.2024),2024.1.3,Win32,62.5,,,,,,,,,,,,,,,,,,,,90.552,94.919,1,4.367,3,0,12,2,1,AXBstimuli/yuustimulus.wav,First,,,,,,,,,,,,,,,,,,,,,,,,,,,,,,,,,,,,,,,,,,,,,,,,,,,,,,,,,,,,,,,,,,,,,,,,,,,,,,,,,,,,,,,,,,,,,,,,,,,,,,,,,,,,,,,,,,,,,,,,,,,,,,,,,,,,,,,,,,,,,,,,,,,,,
,,,,,183115,001,2024-05-21_14h21.12.242,AXB:2AFC Experiments (16.05.2024),2024.1.3,Win32,62.5,,,,,,,,,,,,,,,,,,,,94.919,98.537,2,3.607,3,1,13,3,1,AXBstimuli/yyustimulus.wav,Last,,,,,,,,,,,,,,,,,,,,,,,,,,,,,,,,,,,,,,,,,,,,,,,,,,,,,,,,,,,,,,,,,,,,,,,,,,,,,,,,,,,,,,,,,,,,,,,,,,,,,,,,,,,,,,,,,,,,,,,,,,,,,,,,,,,,,,,,,,,,,,,,,,,,,
,,,,,183115,001,2024-05-21_14h21.12.242,AXB:2AFC Experiments (16.05.2024),2024.1.3,Win32,62.5,,,,,,,,,,,,,,,,,,,,98.537,102.037,1,3.492,3,2,14,1,1,AXBstimuli/iyystimulus.wav,First,,,,,,,,,,,,,,,,,,,,,,,,,,,,,,,,,,,,,,,,,,,,,,,,,,,,,,,,,,,,,,,,,,,,,,,,,,,,,,,,,,,,,,,,,,,,,,,,,,,,,,,,,,,,,,,,,,,,,,,,,,,,,,,,,,,,,,,,,,,,,,,,,,,,,
,,,,,183115,001,2024-05-21_14h21.12.242,AXB:2AFC Experiments (16.05.2024),2024.1.3,Win32,62.5,,,,,,,,,,,,,,,,,,,,102.037,105.904,2,3.862,3,3,15,0,1,AXBstimuli/iiystimulus.wav,Last,,,,,,,,,,,,,,,,,,,,,,,,,,,,,,,,,,,,,,,,,,,,,,,,,,,,,,,,,,,,,,,,,,,,,,,,,,,,,,,,,,,,,,,,,,,,,,,,,,,,,,,,,,,,,,,,,,,,,,,,,,,,,,,,,,,,,,,,,,,,,,,,,,,,,
,,,,,183115,001,2024-05-21_14h21.12.242,AXB:2AFC Experiments (16.05.2024),2024.1.3,Win32,62.5,,,,,,,,,,,,,,,,,,,,105.904,109.171,2,3.257,4,0,16,3,1,AXBstimuli/yyustimulus.wav,Last,,,,,,,,,,,,,,,,,,,,,,,,,,,,,,,,,,,,,,,,,,,,,,,,,,,,,,,,,,,,,,,,,,,,,,,,,,,,,,,,,,,,,,,,,,,,,,,,,,,,,,,,,,,,,,,,,,,,,,,,,,,,,,,,,,,,,,,,,,,,,,,,,,,,,
,,,,,183115,001,2024-05-21_14h21.12.242,AXB:2AFC Experiments (16.05.2024),2024.1.3,Win32,62.5,,,,,,,,,,,,,,,,,,,,109.171,112.238,1,3.065,4,1,17,2,1,AXBstimuli/yuustimulus.wav,First,,,,,,,,,,,,,,,,,,,,,,,,,,,,,,,,,,,,,,,,,,,,,,,,,,,,,,,,,,,,,,,,,,,,,,,,,,,,,,,,,,,,,,,,,,,,,,,,,,,,,,,,,,,,,,,,,,,,,,,,,,,,,,,,,,,,,,,,,,,,,,,,,,,,,
,,,,,183115,001,2024-05-21_14h21.12.242,AXB:2AFC Experiments (16.05.2024),2024.1.3,Win32,62.5,,,,,,,,,,,,,,,,,,,,112.238,115.455,1,3.217,4,2,18,1,1,AXBstimuli/iyystimulus.wav,First,,,,,,,,,,,,,,,,,,,,,,,,,,,,,,,,,,,,,,,,,,,,,,,,,,,,,,,,,,,,,,,,,,,,,,,,,,,,,,,,,,,,,,,,,,,,,,,,,,,,,,,,,,,,,,,,,,,,,,,,,,,,,,,,,,,,,,,,,,,,,,,,,,,,,
,,,,,183115,001,2024-05-21_14h21.12.242,AXB:2AFC Experiments (16.05.2024),2024.1.3,Win32,62.5,,,,,,,,,,,,,,,,,,,,115.455,120.405,2,4.949,4,3,19,0,1,AXBstimuli/iiystimulus.wav,Last,,,,,,,,,,,,,,,,,,,,,,,,,,,,,,,,,,,,,,,,,,,,,,,,,,,,,,,,,,,,,,,,,,,,,,,,,,,,,,,,,,,,,,,,,,,,,,,,,,,,,,,,,,,,,,,,,,,,,,,,,,,,,,,,,,,,,,,,,,,,,,,,,,,,,
,,,,,183115,001,2024-05-21_14h21.12.242,AXB:2AFC Experiments (16.05.2024),2024.1.3,Win32,62.5,,,,,,,,,,,,,,,,,,,,,,,,,,,,,,,120.406,151.692,space,31.277,,,,,,,,,,,,,,,,,,,,,,,,,,,,,,,,,,,,,,,,,,,,,,,,,,,,,,,,,,,,,,,,,,,,,,,,,,,,,,,,,,,,,,,,,,,,,,,,,,,,,,,,,,,,,,,,,,,,,,,,,,,,,,,,,,,,,,,,,,,,,,,,,
,,,,,183115,001,2024-05-21_14h21.12.242,AXB:2AFC Experiments (16.05.2024),2024.1.3,Win32,62.5,,,,,,,,,,,,,,,,,,,,151.694,154.942,1,3.242,,,,,,AXBstimuli/yuustimulus.wav,First,,,,,,0,0,0,2,1,,,,,,,,,,,,,,,,,,,,,,,,,,,,,,,,,,,,,,,,,,,,,,,,,,,,,,,,,,,,,,,,,,,,,,,,,,,,,,,,,,,,,,,,,,,,,,,,,,,,,,,,,,,,,,,,,,,,,,,,,,,,,,,,,,,,,,,,,,,
,,,,,183115,001,2024-05-21_14h21.12.242,AXB:2AFC Experiments (16.05.2024),2024.1.3,Win32,62.5,,,,,,,,,,,,,,,,,,,,154.943,158.342,1,3.39,,,,,,AXBstimuli/iyystimulus.wav,First,,,,,,0,1,1,1,1,,,,,,,,,,,,,,,,,,,,,,,,,,,,,,,,,,,,,,,,,,,,,,,,,,,,,,,,,,,,,,,,,,,,,,,,,,,,,,,,,,,,,,,,,,,,,,,,,,,,,,,,,,,,,,,,,,,,,,,,,,,,,,,,,,,,,,,,,,,
,,,,,183115,001,2024-05-21_14h21.12.242,AXB:2AFC Experiments (16.05.2024),2024.1.3,Win32,62.5,,,,,,,,,,,,,,,,,,,,158.343,162.31,2,3.954,,,,,,AXBstimuli/iiystimulus.wav,Last,,,,,,0,2,2,0,1,,,,,,,,,,,,,,,,,,,,,,,,,,,,,,,,,,,,,,,,,,,,,,,,,,,,,,,,,,,,,,,,,,,,,,,,,,,,,,,,,,,,,,,,,,,,,,,,,,,,,,,,,,,,,,,,,,,,,,,,,,,,,,,,,,,,,,,,,,,
,,,,,183115,001,2024-05-21_14h21.12.242,AXB:2AFC Experiments (16.05.2024),2024.1.3,Win32,62.5,,,,,,,,,,,,,,,,,,,,162.31,167.61,2,5.287,,,,,,AXBstimuli/yyustimulus.wav,Last,,,,,,0,3,3,3,1,,,,,,,,,,,,,,,,,,,,,,,,,,,,,,,,,,,,,,,,,,,,,,,,,,,,,,,,,,,,,,,,,,,,,,,,,,,,,,,,,,,,,,,,,,,,,,,,,,,,,,,,,,,,,,,,,,,,,,,,,,,,,,,,,,,,,,,,,,,
,,,,,183115,001,2024-05-21_14h21.12.242,AXB:2AFC Experiments (16.05.2024),2024.1.3,Win32,62.5,,,,,,,,,,,,,,,,,,,,167.61,171.61,1,3.992,,,,,,AXBstimuli/yuustimulus.wav,First,,,,,,1,0,4,2,1,,,,,,,,,,,,,,,,,,,,,,,,,,,,,,,,,,,,,,,,,,,,,,,,,,,,,,,,,,,,,,,,,,,,,,,,,,,,,,,,,,,,,,,,,,,,,,,,,,,,,,,,,,,,,,,,,,,,,,,,,,,,,,,,,,,,,,,,,,,
,,,,,183115,001,2024-05-21_14h21.12.242,AXB:2AFC Experiments (16.05.2024),2024.1.3,Win32,62.5,,,,,,,,,,,,,,,,,,,,171.611,175.244,1,3.625,,,,,,AXBstimuli/iyystimulus.wav,First,,,,,,1,1,5,1,1,,,,,,,,,,,,,,,,,,,,,,,,,,,,,,,,,,,,,,,,,,,,,,,,,,,,,,,,,,,,,,,,,,,,,,,,,,,,,,,,,,,,,,,,,,,,,,,,,,,,,,,,,,,,,,,,,,,,,,,,,,,,,,,,,,,,,,,,,,,
,,,,,183115,001,2024-05-21_14h21.12.242,AXB:2AFC Experiments (16.05.2024),2024.1.3,Win32,62.5,,,,,,,,,,,,,,,,,,,,175.244,178.344,2,3.092,,,,,,AXBstimuli/yyustimulus.wav,Last,,,,,,1,2,6,3,1,,,,,,,,,,,,,,,,,,,,,,,,,,,,,,,,,,,,,,,,,,,,,,,,,,,,,,,,,,,,,,,,,,,,,,,,,,,,,,,,,,,,,,,,,,,,,,,,,,,,,,,,,,,,,,,,,,,,,,,,,,,,,,,,,,,,,,,,,,,
,,,,,183115,001,2024-05-21_14h21.12.242,AXB:2AFC Experiments (16.05.2024),2024.1.3,Win32,62.5,,,,,,,,,,,,,,,,,,,,178.344,181.861,2,3.504,,,,,,AXBstimuli/iiystimulus.wav,Last,,,,,,1,3,7,0,1,,,,,,,,,,,,,,,,,,,,,,,,,,,,,,,,,,,,,,,,,,,,,,,,,,,,,,,,,,,,,,,,,,,,,,,,,,,,,,,,,,,,,,,,,,,,,,,,,,,,,,,,,,,,,,,,,,,,,,,,,,,,,,,,,,,,,,,,,,,
,,,,,183115,001,2024-05-21_14h21.12.242,AXB:2AFC Experiments (16.05.2024),2024.1.3,Win32,62.5,,,,,,,,,,,,,,,,,,,,181.862,185.496,2,3.622,,,,,,AXBstimuli/yyustimulus.wav,Last,,,,,,2,0,8,3,1,,,,,,,,,,,,,,,,,,,,,,,,,,,,,,,,,,,,,,,,,,,,,,,,,,,,,,,,,,,,,,,,,,,,,,,,,,,,,,,,,,,,,,,,,,,,,,,,,,,,,,,,,,,,,,,,,,,,,,,,,,,,,,,,,,,,,,,,,,,
,,,,,183115,001,2024-05-21_14h21.12.242,AXB:2AFC Experiments (16.05.2024),2024.1.3,Win32,62.5,,,,,,,,,,,,,,,,,,,,185.496,188.529,1,3.025,,,,,,AXBstimuli/yuustimulus.wav,First,,,,,,2,1,9,2,1,,,,,,,,,,,,,,,,,,,,,,,,,,,,,,,,,,,,,,,,,,,,,,,,,,,,,,,,,,,,,,,,,,,,,,,,,,,,,,,,,,,,,,,,,,,,,,,,,,,,,,,,,,,,,,,,,,,,,,,,,,,,,,,,,,,,,,,,,,,
,,,,,183115,001,2024-05-21_14h21.12.242,AXB:2AFC Experiments (16.05.2024),2024.1.3,Win32,62.5,,,,,,,,,,,,,,,,,,,,188.529,192.146,1,3.607,,,,,,AXBstimuli/iyystimulus.wav,First,,,,,,2,2,10,1,1,,,,,,,,,,,,,,,,,,,,,,,,,,,,,,,,,,,,,,,,,,,,,,,,,,,,,,,,,,,,,,,,,,,,,,,,,,,,,,,,,,,,,,,,,,,,,,,,,,,,,,,,,,,,,,,,,,,,,,,,,,,,,,,,,,,,,,,,,,,
,,,,,183115,001,2024-05-21_14h21.12.242,AXB:2AFC Experiments (16.05.2024),2024.1.3,Win32,62.5,,,,,,,,,,,,,,,,,,,,192.146,192.879,1,0.725,,,,,,AXBstimuli/iiystimulus.wav,Last,,,,,,2,3,11,0,1,,,,,,,,,,,,,,,,,,,,,,,,,,,,,,,,,,,,,,,,,,,,,,,,,,,,,,,,,,,,,,,,,,,,,,,,,,,,,,,,,,,,,,,,,,,,,,,,,,,,,,,,,,,,,,,,,,,,,,,,,,,,,,,,,,,,,,,,,,,
,,,,,183115,001,2024-05-21_14h21.12.242,AXB:2AFC Experiments (16.05.2024),2024.1.3,Win32,62.5,,,,,,,,,,,,,,,,,,,,,,,,,,,,,,,,,,,,,,,,,192.88,196.897,,,space,4.009,,,,,,,,,,,,,,,,,,,,,,,,,,,,,,,,,,,,,,,,,,,,,,,,,,,,,,,,,,,,,,,,,,,,,,,,,,,,,,,,,,,,,,,,,,,,,,,,,,,,,,,,,,,,,,,,,,,,,,,,,,,,,,,,,,,,,
,,,,,183115,001,2024-05-21_14h21.12.242,AXB:2AFC Experiments (16.05.2024),2024.1.3,Win32,62.5,,,,,,,,,,,,,,,,,,,,196.904,200.68,2,3.775,,,,,,AXBstimuli/yyustimulus.wav,Last,,,,,,,,,,,,,,,,,,0,0,0,3,1,,,,,,,,,,,,,,,,,,,,,,,,,,,,,,,,,,,,,,,,,,,,,,,,,,,,,,,,,,,,,,,,,,,,,,,,,,,,,,,,,,,,,,,,,,,,,,,,,,,,,,,,,,,,,,,,,,,,,,,,,,,,,,,
,,,,,183115,001,2024-05-21_14h21.12.242,AXB:2AFC Experiments (16.05.2024),2024.1.3,Win32,62.5,,,,,,,,,,,,,,,,,,,,200.68,204.347,1,3.656,,,,,,AXBstimuli/yuustimulus.wav,First,,,,,,,,,,,,,,,,,,0,1,1,2,1,,,,,,,,,,,,,,,,,,,,,,,,,,,,,,,,,,,,,,,,,,,,,,,,,,,,,,,,,,,,,,,,,,,,,,,,,,,,,,,,,,,,,,,,,,,,,,,,,,,,,,,,,,,,,,,,,,,,,,,,,,,,,,,
,,,,,183115,001,2024-05-21_14h21.12.242,AXB:2AFC Experiments (16.05.2024),2024.1.3,Win32,62.5,,,,,,,,,,,,,,,,,,,,204.347,207.664,2,3.307,,,,,,AXBstimuli/iiystimulus.wav,Last,,,,,,,,,,,,,,,,,,0,2,2,0,1,,,,,,,,,,,,,,,,,,,,,,,,,,,,,,,,,,,,,,,,,,,,,,,,,,,,,,,,,,,,,,,,,,,,,,,,,,,,,,,,,,,,,,,,,,,,,,,,,,,,,,,,,,,,,,,,,,,,,,,,,,,,,,,
,,,,,183115,001,2024-05-21_14h21.12.242,AXB:2AFC Experiments (16.05.2024),2024.1.3,Win32,62.5,,,,,,,,,,,,,,,,,,,,207.664,211.765,1,4.089,,,,,,AXBstimuli/iyystimulus.wav,First,,,,,,,,,,,,,,,,,,0,3,3,1,1,,,,,,,,,,,,,,,,,,,,,,,,,,,,,,,,,,,,,,,,,,,,,,,,,,,,,,,,,,,,,,,,,,,,,,,,,,,,,,,,,,,,,,,,,,,,,,,,,,,,,,,,,,,,,,,,,,,,,,,,,,,,,,,
,,,,,183115,001,2024-05-21_14h21.12.242,AXB:2AFC Experiments (16.05.2024),2024.1.3,Win32,62.5,,,,,,,,,,,,,,,,,,,,211.765,217.682,2,5.916,,,,,,AXBstimuli/iiystimulus.wav,Last,,,,,,,,,,,,,,,,,,1,0,4,0,1,,,,,,,,,,,,,,,,,,,,,,,,,,,,,,,,,,,,,,,,,,,,,,,,,,,,,,,,,,,,,,,,,,,,,,,,,,,,,,,,,,,,,,,,,,,,,,,,,,,,,,,,,,,,,,,,,,,,,,,,,,,,,,,
,,,,,183115,001,2024-05-21_14h21.12.242,AXB:2AFC Experiments (16.05.2024),2024.1.3,Win32,62.5,,,,,,,,,,,,,,,,,,,,217.682,220.799,2,3.11,,,,,,AXBstimuli/yyustimulus.wav,Last,,,,,,,,,,,,,,,,,,1,1,5,3,1,,,,,,,,,,,,,,,,,,,,,,,,,,,,,,,,,,,,,,,,,,,,,,,,,,,,,,,,,,,,,,,,,,,,,,,,,,,,,,,,,,,,,,,,,,,,,,,,,,,,,,,,,,,,,,,,,,,,,,,,,,,,,,,
,,,,,183115,001,2024-05-21_14h21.12.242,AXB:2AFC Experiments (16.05.2024),2024.1.3,Win32,62.5,,,,,,,,,,,,,,,,,,,,220.799,224.149,1,3.349,,,,,,AXBstimuli/iyystimulus.wav,First,,,,,,,,,,,,,,,,,,1,2,6,1,1,,,,,,,,,,,,,,,,,,,,,,,,,,,,,,,,,,,,,,,,,,,,,,,,,,,,,,,,,,,,,,,,,,,,,,,,,,,,,,,,,,,,,,,,,,,,,,,,,,,,,,,,,,,,,,,,,,,,,,,,,,,,,,,
,,,,,183115,001,2024-05-21_14h21.12.242,AXB:2AFC Experiments (16.05.2024),2024.1.3,Win32,62.5,,,,,,,,,,,,,,,,,,,,224.149,227.55,1,3.388,,,,,,AXBstimuli/yuustimulus.wav,First,,,,,,,,,,,,,,,,,,1,3,7,2,1,,,,,,,,,,,,,,,,,,,,,,,,,,,,,,,,,,,,,,,,,,,,,,,,,,,,,,,,,,,,,,,,,,,,,,,,,,,,,,,,,,,,,,,,,,,,,,,,,,,,,,,,,,,,,,,,,,,,,,,,,,,,,,,
,,,,,183115,001,2024-05-21_14h21.12.242,AXB:2AFC Experiments (16.05.2024),2024.1.3,Win32,62.5,,,,,,,,,,,,,,,,,,,,,,,,,,,,,,,227.55,244.835,space,17.27,,,,,,,,,,,,,,,,,,,,,,,,,,,,,,,,,,,,,,,,,,,,,,,,,,,,,,,,,,,,,,,,,,,,,,,,,,,,,,,,,,,,,,,,,,,,,,,,,,,,,,,,,,,,,,,,,,,,,,,,,,,,,,,,,,,,,,,,,,,,,,,,,
,,,,,183115,001,2024-05-21_14h21.12.242,AXB:2AFC Experiments (16.05.2024),2024.1.3,Win32,62.5,,,,,,,,,,,,,,,,,,,,244.843,249.885,1,5.038,,,,,,AXBstimuli/yuustimulus.wav,First,,,,,,,,,,,,,,,,,,,,,,,0,0,0,2,1,,,,,,,,,,,,,,,,,,,,,,,,,,,,,,,,,,,,,,,,,,,,,,,,,,,,,,,,,,,,,,,,,,,,,,,,,,,,,,,,,,,,,,,,,,,,,,,,,,,,,,,,,,,,,,,,,,,,,,,,,,
,,,,,183115,001,2024-05-21_14h21.12.242,AXB:2AFC Experiments (16.05.2024),2024.1.3,Win32,62.5,,,,,,,,,,,,,,,,,,,,249.886,253.169,2,3.272,,,,,,AXBstimuli/iiystimulus.wav,Last,,,,,,,,,,,,,,,,,,,,,,,0,1,1,0,1,,,,,,,,,,,,,,,,,,,,,,,,,,,,,,,,,,,,,,,,,,,,,,,,,,,,,,,,,,,,,,,,,,,,,,,,,,,,,,,,,,,,,,,,,,,,,,,,,,,,,,,,,,,,,,,,,,,,,,,,,,
,,,,,183115,001,2024-05-21_14h21.12.242,AXB:2AFC Experiments (16.05.2024),2024.1.3,Win32,62.5,,,,,,,,,,,,,,,,,,,,253.169,257.336,2,4.159,,,,,,AXBstimuli/yyustimulus.wav,Last,,,,,,,,,,,,,,,,,,,,,,,0,2,2,3,1,,,,,,,,,,,,,,,,,,,,,,,,,,,,,,,,,,,,,,,,,,,,,,,,,,,,,,,,,,,,,,,,,,,,,,,,,,,,,,,,,,,,,,,,,,,,,,,,,,,,,,,,,,,,,,,,,,,,,,,,,,
,,,,,183115,001,2024-05-21_14h21.12.242,AXB:2AFC Experiments (16.05.2024),2024.1.3,Win32,62.5,,,,,,,,,,,,,,,,,,,,257.336,260.67,1,3.329,,,,,,AXBstimuli/iyystimulus.wav,First,,,,,,,,,,,,,,,,,,,,,,,0,3,3,1,1,,,,,,,,,,,,,,,,,,,,,,,,,,,,,,,,,,,,,,,,,,,,,,,,,,,,,,,,,,,,,,,,,,,,,,,,,,,,,,,,,,,,,,,,,,,,,,,,,,,,,,,,,,,,,,,,,,,,,,,,,,
,,,,,183115,001,2024-05-21_14h21.12.242,AXB:2AFC Experiments (16.05.2024),2024.1.3,Win32,62.5,,,,,,,,,,,,,,,,,,,,260.67,263.554,2,2.883,,,,,,AXBstimuli/yyustimulus.wav,Last,,,,,,,,,,,,,,,,,,,,,,,1,0,4,3,1,,,,,,,,,,,,,,,,,,,,,,,,,,,,,,,,,,,,,,,,,,,,,,,,,,,,,,,,,,,,,,,,,,,,,,,,,,,,,,,,,,,,,,,,,,,,,,,,,,,,,,,,,,,,,,,,,,,,,,,,,,
,,,,,183115,001,2024-05-21_14h21.12.242,AXB:2AFC Experiments (16.05.2024),2024.1.3,Win32,62.5,,,,,,,,,,,,,,,,,,,,263.554,268.954,2,5.4,,,,,,AXBstimuli/iiystimulus.wav,Last,,,,,,,,,,,,,,,,,,,,,,,1,1,5,0,1,,,,,,,,,,,,,,,,,,,,,,,,,,,,,,,,,,,,,,,,,,,,,,,,,,,,,,,,,,,,,,,,,,,,,,,,,,,,,,,,,,,,,,,,,,,,,,,,,,,,,,,,,,,,,,,,,,,,,,,,,,
,,,,,183115,001,2024-05-21_14h21.12.242,AXB:2AFC Experiments (16.05.2024),2024.1.3,Win32,62.5,,,,,,,,,,,,,,,,,,,,268.954,273.087,1,4.131,,,,,,AXBstimuli/iyystimulus.wav,First,,,,,,,,,,,,,,,,,,,,,,,1,2,6,1,1,,,,,,,,,,,,,,,,,,,,,,,,,,,,,,,,,,,,,,,,,,,,,,,,,,,,,,,,,,,,,,,,,,,,,,,,,,,,,,,,,,,,,,,,,,,,,,,,,,,,,,,,,,,,,,,,,,,,,,,,,,
,,,,,183115,001,2024-05-21_14h21.12.242,AXB:2AFC Experiments (16.05.2024),2024.1.3,Win32,62.5,,,,,,,,,,,,,,,,,,,,273.088,279.839,1,6.748,,,,,,AXBstimuli/yuustimulus.wav,First,,,,,,,,,,,,,,,,,,,,,,,1,3,7,2,1,,,,,,,,,,,,,,,,,,,,,,,,,,,,,,,,,,,,,,,,,,,,,,,,,,,,,,,,,,,,,,,,,,,,,,,,,,,,,,,,,,,,,,,,,,,,,,,,,,,,,,,,,,,,,,,,,,,,,,,,,,
,,,,,183115,001,2024-05-21_14h21.12.242,AXB:2AFC Experiments (16.05.2024),2024.1.3,Win32,62.5,,,,,,,,,,,,,,,,,,,,279.839,283.372,1,3.529,,,,,,AXBstimuli/yuustimulus.wav,First,,,,,,,,,,,,,,,,,,,,,,,2,0,8,2,1,,,,,,,,,,,,,,,,,,,,,,,,,,,,,,,,,,,,,,,,,,,,,,,,,,,,,,,,,,,,,,,,,,,,,,,,,,,,,,,,,,,,,,,,,,,,,,,,,,,,,,,,,,,,,,,,,,,,,,,,,,
,,,,,183115,001,2024-05-21_14h21.12.242,AXB:2AFC Experiments (16.05.2024),2024.1.3,Win32,62.5,,,,,,,,,,,,,,,,,,,,283.372,287.056,2,3.679,,,,,,AXBstimuli/yyustimulus.wav,Last,,,,,,,,,,,,,,,,,,,,,,,2,1,9,3,1,,,,,,,,,,,,,,,,,,,,,,,,,,,,,,,,,,,,,,,,,,,,,,,,,,,,,,,,,,,,,,,,,,,,,,,,,,,,,,,,,,,,,,,,,,,,,,,,,,,,,,,,,,,,,,,,,,,,,,,,,,
,,,,,183115,001,2024-05-21_14h21.12.242,AXB:2AFC Experiments (16.05.2024),2024.1.3,Win32,62.5,,,,,,,,,,,,,,,,,,,,287.056,290.539,1,3.475,,,,,,AXBstimuli/iyystimulus.wav,First,,,,,,,,,,,,,,,,,,,,,,,2,2,10,1,1,,,,,,,,,,,,,,,,,,,,,,,,,,,,,,,,,,,,,,,,,,,,,,,,,,,,,,,,,,,,,,,,,,,,,,,,,,,,,,,,,,,,,,,,,,,,,,,,,,,,,,,,,,,,,,,,,,,,,,,,,,
,,,,,183115,001,2024-05-21_14h21.12.242,AXB:2AFC Experiments (16.05.2024),2024.1.3,Win32,62.5,,,,,,,,,,,,,,,,,,,,290.54,293.94,2,3.389,,,,,,AXBstimuli/iiystimulus.wav,Last,,,,,,,,,,,,,,,,,,,,,,,2,3,11,0,1,,,,,,,,,,,,,,,,,,,,,,,,,,,,,,,,,,,,,,,,,,,,,,,,,,,,,,,,,,,,,,,,,,,,,,,,,,,,,,,,,,,,,,,,,,,,,,,,,,,,,,,,,,,,,,,,,,,,,,,,,,
,,,,,183115,001,2024-05-21_14h21.12.242,AXB:2AFC Experiments (16.05.2024),2024.1.3,Win32,62.5,,,,,,,,,,,,,,,,,,,,293.94,298.19,2,4.248,,,,,,AXBstimuli/yyustimulus.wav,Last,,,,,,,,,,,,,,,,,,,,,,,3,0,12,3,1,,,,,,,,,,,,,,,,,,,,,,,,,,,,,,,,,,,,,,,,,,,,,,,,,,,,,,,,,,,,,,,,,,,,,,,,,,,,,,,,,,,,,,,,,,,,,,,,,,,,,,,,,,,,,,,,,,,,,,,,,,
,,,,,183115,001,2024-05-21_14h21.12.242,AXB:2AFC Experiments (16.05.2024),2024.1.3,Win32,62.5,,,,,,,,,,,,,,,,,,,,298.19,302.624,1,4.431,,,,,,AXBstimuli/yuustimulus.wav,First,,,,,,,,,,,,,,,,,,,,,,,3,1,13,2,1,,,,,,,,,,,,,,,,,,,,,,,,,,,,,,,,,,,,,,,,,,,,,,,,,,,,,,,,,,,,,,,,,,,,,,,,,,,,,,,,,,,,,,,,,,,,,,,,,,,,,,,,,,,,,,,,,,,,,,,,,,
,,,,,183115,001,2024-05-21_14h21.12.242,AXB:2AFC Experiments (16.05.2024),2024.1.3,Win32,62.5,,,,,,,,,,,,,,,,,,,,302.624,306.124,2,3.488,,,,,,AXBstimuli/iyystimulus.wav,First,,,,,,,,,,,,,,,,,,,,,,,3,2,14,1,1,,,,,,,,,,,,,,,,,,,,,,,,,,,,,,,,,,,,,,,,,,,,,,,,,,,,,,,,,,,,,,,,,,,,,,,,,,,,,,,,,,,,,,,,,,,,,,,,,,,,,,,,,,,,,,,,,,,,,,,,,,
,,,,,183115,001,2024-05-21_14h21.12.242,AXB:2AFC Experiments (16.05.2024),2024.1.3,Win32,62.5,,,,,,,,,,,,,,,,,,,,306.125,311.575,2,5.444,,,,,,AXBstimuli/iiystimulus.wav,Last,,,,,,,,,,,,,,,,,,,,,,,3,3,15,0,1,,,,,,,,,,,,,,,,,,,,,,,,,,,,,,,,,,,,,,,,,,,,,,,,,,,,,,,,,,,,,,,,,,,,,,,,,,,,,,,,,,,,,,,,,,,,,,,,,,,,,,,,,,,,,,,,,,,,,,,,,,
,,,,,183115,001,2024-05-21_14h21.12.242,AXB:2AFC Experiments (16.05.2024),2024.1.3,Win32,62.5,,,,,,,,,,,,,,,,,,,,,,,,,,,,,,,,,,,,,,,,,,,,,,,,,,,,,,,,,,311.576,314.309,,0,[314.334],[314.334],,,,,,,,,,,,,,,,,,,,,,,,,,,,,,,,,,,,,,,,,,,,,,,,,,,,,,,,,,,,,,,,,,,,,,,,,,,,,,,,,,,,,,,,,,,,,,,,,,,,,,,,,,,,,,,,,,,,
,,,,,183115,001,2024-05-21_14h21.12.242,AXB:2AFC Experiments (16.05.2024),2024.1.3,Win32,62.5,,,,,,,,,,,,,,,,,,,,314.311,317.876,1,3.551,,,,,,AXBstimuli/yuustimulus.wav,First,,,,,,,,,,,,,,,,,,,,,,,,,,,,,,,,,,0,0,0,2,1,,,,,,,,,,,,,,,,,,,,,,,,,,,,,,,,,,,,,,,,,,,,,,,,,,,,,,,,,,,,,,,,,,,,,,,,,,,,,,,,,,,,,,,,,,,,,,,,,,,,,,,,,,,,,,,
,,,,,183115,001,2024-05-21_14h21.12.242,AXB:2AFC Experiments (16.05.2024),2024.1.3,Win32,62.5,,,,,,,,,,,,,,,,,,,,317.877,321.526,1,3.645,,,,,,AXBstimuli/iyystimulus.wav,First,,,,,,,,,,,,,,,,,,,,,,,,,,,,,,,,,,0,1,1,1,1,,,,,,,,,,,,,,,,,,,,,,,,,,,,,,,,,,,,,,,,,,,,,,,,,,,,,,,,,,,,,,,,,,,,,,,,,,,,,,,,,,,,,,,,,,,,,,,,,,,,,,,,,,,,,,,
,,,,,183115,001,2024-05-21_14h21.12.242,AXB:2AFC Experiments (16.05.2024),2024.1.3,Win32,62.5,,,,,,,,,,,,,,,,,,,,321.526,325.942,2,4.405,,,,,,AXBstimuli/iiystimulus.wav,Last,,,,,,,,,,,,,,,,,,,,,,,,,,,,,,,,,,0,2,2,0,1,,,,,,,,,,,,,,,,,,,,,,,,,,,,,,,,,,,,,,,,,,,,,,,,,,,,,,,,,,,,,,,,,,,,,,,,,,,,,,,,,,,,,,,,,,,,,,,,,,,,,,,,,,,,,,,
,,,,,183115,001,2024-05-21_14h21.12.242,AXB:2AFC Experiments (16.05.2024),2024.1.3,Win32,62.5,,,,,,,,,,,,,,,,,,,,325.943,329.277,2,3.333,,,,,,AXBstimuli/yyustimulus.wav,Last,,,,,,,,,,,,,,,,,,,,,,,,,,,,,,,,,,0,3,3,3,1,,,,,,,,,,,,,,,,,,,,,,,,,,,,,,,,,,,,,,,,,,,,,,,,,,,,,,,,,,,,,,,,,,,,,,,,,,,,,,,,,,,,,,,,,,,,,,,,,,,,,,,,,,,,,,,
,,,,,183115,001,2024-05-21_14h21.12.242,AXB:2AFC Experiments (16.05.2024),2024.1.3,Win32,62.5,,,,,,,,,,,,,,,,,,,,,,,,,,,,,,,329.277,374.381,space,45.095,,,,,,,,,,,,,,,,,,,,,,,,,,,,,,,,,,,,,,,,,,,,,,,,,,,,,,,,,,,,,,,,,,,,,,,,,,,,,,,,,,,,,,,,,,,,,,,,,,,,,,,,,,,,,,,,,,,,,,,,,,,,,,,,,,,,,,,,,,,,,,,,,
,,,,,183115,001,2024-05-21_14h21.12.242,AXB:2AFC Experiments (16.05.2024),2024.1.3,Win32,62.5,,,,,,,,,,,,,,,,,,,,374.389,377.698,2,3.301,,,,,,AXBstimuli/iiystimulus.wav,Last,,,,,,,,,,,,,,,,,,,,,,,,,,,,,,,,,,,,,,,0,0,0,0,1,,,,,,,,,,,,,,,,,,,,,,,,,,,,,,,,,,,,,,,,,,,,,,,,,,,,,,,,,,,,,,,,,,,,,,,,,,,,,,,,,,,,,,,,,,,,,,,,,,,,,,,,,,
,,,,,183115,001,2024-05-21_14h21.12.242,AXB:2AFC Experiments (16.05.2024),2024.1.3,Win32,62.5,,,,,,,,,,,,,,,,,,,,377.699,381.082,1,3.382,,,,,,AXBstimuli/yuustimulus.wav,First,,,,,,,,,,,,,,,,,,,,,,,,,,,,,,,,,,,,,,,0,1,1,2,1,,,,,,,,,,,,,,,,,,,,,,,,,,,,,,,,,,,,,,,,,,,,,,,,,,,,,,,,,,,,,,,,,,,,,,,,,,,,,,,,,,,,,,,,,,,,,,,,,,,,,,,,,,
,,,,,183115,001,2024-05-21_14h21.12.242,AXB:2AFC Experiments (16.05.2024),2024.1.3,Win32,62.5,,,,,,,,,,,,,,,,,,,,381.082,383.983,1,2.893,,,,,,AXBstimuli/iyystimulus.wav,First,,,,,,,,,,,,,,,,,,,,,,,,,,,,,,,,,,,,,,,0,2,2,1,1,,,,,,,,,,,,,,,,,,,,,,,,,,,,,,,,,,,,,,,,,,,,,,,,,,,,,,,,,,,,,,,,,,,,,,,,,,,,,,,,,,,,,,,,,,,,,,,,,,,,,,,,,,
,,,,,183115,001,2024-05-21_14h21.12.242,AXB:2AFC Experiments (16.05.2024),2024.1.3,Win32,62.5,,,,,,,,,,,,,,,,,,,,383.983,391.316,2,7.329,,,,,,AXBstimuli/yyustimulus.wav,Last,,,,,,,,,,,,,,,,,,,,,,,,,,,,,,,,,,,,,,,0,3,3,3,1,,,,,,,,,,,,,,,,,,,,,,,,,,,,,,,,,,,,,,,,,,,,,,,,,,,,,,,,,,,,,,,,,,,,,,,,,,,,,,,,,,,,,,,,,,,,,,,,,,,,,,,,,,
,,,,,183115,001,2024-05-21_14h21.12.242,AXB:2AFC Experiments (16.05.2024),2024.1.3,Win32,62.5,,,,,,,,,,,,,,,,,,,,391.316,399.134,2,7.805,,,,,,AXBstimuli/iiystimulus.wav,Last,,,,,,,,,,,,,,,,,,,,,,,,,,,,,,,,,,,,,,,1,0,4,0,1,,,,,,,,,,,,,,,,,,,,,,,,,,,,,,,,,,,,,,,,,,,,,,,,,,,,,,,,,,,,,,,,,,,,,,,,,,,,,,,,,,,,,,,,,,,,,,,,,,,,,,,,,,
,,,,,183115,001,2024-05-21_14h21.12.242,AXB:2AFC Experiments (16.05.2024),2024.1.3,Win32,62.5,,,,,,,,,,,,,,,,,,,,399.135,404.767,1,5.632,,,,,,AXBstimuli/yuustimulus.wav,First,,,,,,,,,,,,,,,,,,,,,,,,,,,,,,,,,,,,,,,1,1,5,2,1,,,,,,,,,,,,,,,,,,,,,,,,,,,,,,,,,,,,,,,,,,,,,,,,,,,,,,,,,,,,,,,,,,,,,,,,,,,,,,,,,,,,,,,,,,,,,,,,,,,,,,,,,,
,,,,,183115,001,2024-05-21_14h21.12.242,AXB:2AFC Experiments (16.05.2024),2024.1.3,Win32,62.5,,,,,,,,,,,,,,,,,,,,404.767,407.785,1,3.005,,,,,,AXBstimuli/iyystimulus.wav,First,,,,,,,,,,,,,,,,,,,,,,,,,,,,,,,,,,,,,,,1,2,6,1,1,,,,,,,,,,,,,,,,,,,,,,,,,,,,,,,,,,,,,,,,,,,,,,,,,,,,,,,,,,,,,,,,,,,,,,,,,,,,,,,,,,,,,,,,,,,,,,,,,,,,,,,,,,
,,,,,183115,001,2024-05-21_14h21.12.242,AXB:2AFC Experiments (16.05.2024),2024.1.3,Win32,62.5,,,,,,,,,,,,,,,,,,,,407.785,410.969,2,3.177,,,,,,AXBstimuli/yyustimulus.wav,Last,,,,,,,,,,,,,,,,,,,,,,,,,,,,,,,,,,,,,,,1,3,7,3,1,,,,,,,,,,,,,,,,,,,,,,,,,,,,,,,,,,,,,,,,,,,,,,,,,,,,,,,,,,,,,,,,,,,,,,,,,,,,,,,,,,,,,,,,,,,,,,,,,,,,,,,,,,
,,,,,183115,001,2024-05-21_14h21.12.242,AXB:2AFC Experiments (16.05.2024),2024.1.3,Win32,62.5,,,,,,,,,,,,,,,,,,,,,,,,,,,,,,,,,,,,,,,,,,,,,,,,,,,,,,,,,,,,,,,,,,,,,,,,,,410.969,415.053,1,4.081,,,,,,,,,,,,,,,,,,,,,,,,,,,,,,,,,,,,,,,,,,,,,,,,,,,,,,,,,,,,,,,,,,,,,,,,,,,,,,,,,,,,,,,,,,,,,,,,,,,,,,
,,,,,183115,001,2024-05-21_14h21.12.242,AXB:2AFC Experiments (16.05.2024),2024.1.3,Win32,62.5,,,,,,,,,,,,,,,,,,,,415.055,418.303,1,3.242,,,,,,AXBstimuli/iyystimulus.wav,First,,,,,,,,,,,,,,,,,,,,,,,,,,,,,,,,,,,,,,,,,,,,,,,,0,0,0,1,1,,,,,,,,,,,,,,,,,,,,,,,,,,,,,,,,,,,,,,,,,,,,,,,,,,,,,,,,,,,,,,,,,,,,,,,,,,,,,,,,,,,,,,,,,,,,,,,,,
,,,,,183115,001,2024-05-21_14h21.12.242,AXB:2AFC Experiments (16.05.2024),2024.1.3,Win32,62.5,,,,,,,,,,,,,,,,,,,,418.303,419.053,1,0.737,,,,,,AXBstimuli/yyustimulus.wav,Last,,,,,,,,,,,,,,,,,,,,,,,,,,,,,,,,,,,,,,,,,,,,,,,,0,1,1,3,1,,,,,,,,,,,,,,,,,,,,,,,,,,,,,,,,,,,,,,,,,,,,,,,,,,,,,,,,,,,,,,,,,,,,,,,,,,,,,,,,,,,,,,,,,,,,,,,,,
,,,,,183115,001,2024-05-21_14h21.12.242,AXB:2AFC Experiments (16.05.2024),2024.1.3,Win32,62.5,,,,,,,,,,,,,,,,,,,,419.053,422.986,1,3.932,,,,,,AXBstimuli/yuustimulus.wav,First,,,,,,,,,,,,,,,,,,,,,,,,,,,,,,,,,,,,,,,,,,,,,,,,0,2,2,2,1,,,,,,,,,,,,,,,,,,,,,,,,,,,,,,,,,,,,,,,,,,,,,,,,,,,,,,,,,,,,,,,,,,,,,,,,,,,,,,,,,,,,,,,,,,,,,,,,,
,,,,,183115,001,2024-05-21_14h21.12.242,AXB:2AFC Experiments (16.05.2024),2024.1.3,Win32,62.5,,,,,,,,,,,,,,,,,,,,422.986,426.97,2,3.974,,,,,,AXBstimuli/iiystimulus.wav,Last,,,,,,,,,,,,,,,,,,,,,,,,,,,,,,,,,,,,,,,,,,,,,,,,0,3,3,0,1,,,,,,,,,,,,,,,,,,,,,,,,,,,,,,,,,,,,,,,,,,,,,,,,,,,,,,,,,,,,,,,,,,,,,,,,,,,,,,,,,,,,,,,,,,,,,,,,,
,,,,,183115,001,2024-05-21_14h21.12.242,AXB:2AFC Experiments (16.05.2024),2024.1.3,Win32,62.5,,,,,,,,,,,,,,,,,,,,426.97,430.454,2,3.479,,,,,,AXBstimuli/iiystimulus.wav,Last,,,,,,,,,,,,,,,,,,,,,,,,,,,,,,,,,,,,,,,,,,,,,,,,1,0,4,0,1,,,,,,,,,,,,,,,,,,,,,,,,,,,,,,,,,,,,,,,,,,,,,,,,,,,,,,,,,,,,,,,,,,,,,,,,,,,,,,,,,,,,,,,,,,,,,,,,,
,,,,,183115,001,2024-05-21_14h21.12.242,AXB:2AFC Experiments (16.05.2024),2024.1.3,Win32,62.5,,,,,,,,,,,,,,,,,,,,430.454,434.821,1,4.365,,,,,,AXBstimuli/yuustimulus.wav,First,,,,,,,,,,,,,,,,,,,,,,,,,,,,,,,,,,,,,,,,,,,,,,,,1,1,5,2,1,,,,,,,,,,,,,,,,,,,,,,,,,,,,,,,,,,,,,,,,,,,,,,,,,,,,,,,,,,,,,,,,,,,,,,,,,,,,,,,,,,,,,,,,,,,,,,,,,
,,,,,183115,001,2024-05-21_14h21.12.242,AXB:2AFC Experiments (16.05.2024),2024.1.3,Win32,62.5,,,,,,,,,,,,,,,,,,,,434.821,437.904,2,3.082,,,,,,AXBstimuli/yyustimulus.wav,Last,,,,,,,,,,,,,,,,,,,,,,,,,,,,,,,,,,,,,,,,,,,,,,,,1,2,6,3,1,,,,,,,,,,,,,,,,,,,,,,,,,,,,,,,,,,,,,,,,,,,,,,,,,,,,,,,,,,,,,,,,,,,,,,,,,,,,,,,,,,,,,,,,,,,,,,,,,
,,,,,183115,001,2024-05-21_14h21.12.242,AXB:2AFC Experiments (16.05.2024),2024.1.3,Win32,62.5,,,,,,,,,,,,,,,,,,,,437.904,441.938,1,4.022,,,,,,AXBstimuli/iyystimulus.wav,First,,,,,,,,,,,,,,,,,,,,,,,,,,,,,,,,,,,,,,,,,,,,,,,,1,3,7,1,1,,,,,,,,,,,,,,,,,,,,,,,,,,,,,,,,,,,,,,,,,,,,,,,,,,,,,,,,,,,,,,,,,,,,,,,,,,,,,,,,,,,,,,,,,,,,,,,,,
,,,,,183115,001,2024-05-21_14h21.12.242,AXB:2AFC Experiments (16.05.2024),2024.1.3,Win32,62.5,,,,,,,,,,,,,,,,,,,,441.939,445.205,1,3.256,,,,,,AXBstimuli/iyystimulus.wav,First,,,,,,,,,,,,,,,,,,,,,,,,,,,,,,,,,,,,,,,,,,,,,,,,2,0,8,1,1,,,,,,,,,,,,,,,,,,,,,,,,,,,,,,,,,,,,,,,,,,,,,,,,,,,,,,,,,,,,,,,,,,,,,,,,,,,,,,,,,,,,,,,,,,,,,,,,,
,,,,,183115,001,2024-05-21_14h21.12.242,AXB:2AFC Experiments (16.05.2024),2024.1.3,Win32,62.5,,,,,,,,,,,,,,,,,,,,445.205,445.838,1,0.632,,,,,,AXBstimuli/yyustimulus.wav,Last,,,,,,,,,,,,,,,,,,,,,,,,,,,,,,,,,,,,,,,,,,,,,,,,2,1,9,3,1,,,,,,,,,,,,,,,,,,,,,,,,,,,,,,,,,,,,,,,,,,,,,,,,,,,,,,,,,,,,,,,,,,,,,,,,,,,,,,,,,,,,,,,,,,,,,,,,,
,,,,,183115,001,2024-05-21_14h21.12.242,AXB:2AFC Experiments (16.05.2024),2024.1.3,Win32,62.5,,,,,,,,,,,,,,,,,,,,445.839,450.639,2,4.79,,,,,,AXBstimuli/iiystimulus.wav,Last,,,,,,,,,,,,,,,,,,,,,,,,,,,,,,,,,,,,,,,,,,,,,,,,2,2,10,0,1,,,,,,,,,,,,,,,,,,,,,,,,,,,,,,,,,,,,,,,,,,,,,,,,,,,,,,,,,,,,,,,,,,,,,,,,,,,,,,,,,,,,,,,,,,,,,,,,,
,,,,,183115,001,2024-05-21_14h21.12.242,AXB:2AFC Experiments (16.05.2024),2024.1.3,Win32,62.5,,,,,,,,,,,,,,,,,,,,450.639,453.89,1,3.239,,,,,,AXBstimuli/yuustimulus.wav,First,,,,,,,,,,,,,,,,,,,,,,,,,,,,,,,,,,,,,,,,,,,,,,,,2,3,11,2,1,,,,,,,,,,,,,,,,,,,,,,,,,,,,,,,,,,,,,,,,,,,,,,,,,,,,,,,,,,,,,,,,,,,,,,,,,,,,,,,,,,,,,,,,,,,,,,,,,
,,,,,183115,001,2024-05-21_14h21.12.242,AXB:2AFC Experiments (16.05.2024),2024.1.3,Win32,62.5,,,,,,,,,,,,,,,,,,,,,,,,,,,,,,,,,,,,,,,,,,,,,,,,,,,,,,,,,,,,,,,,,,,,,,,,,,,,,,,,,,,453.89,461.307,space,7.399,,,,,,,,,,,,,,,,,,,,,,,,,,,,,,,,,,,,,,,,,,,,,,,,,,,,,,,,,,,,,,,,,,,,,,,,,,,,,,,,,,,,,,,,,,,,,
,,,,,183115,001,2024-05-21_14h21.12.242,AXB:2AFC Experiments (16.05.2024),2024.1.3,Win32,62.5,,,,,,,,,,,,,,,,,,,,,,,,,,,,,,,,,,,,,,,,,,,,,,,,,,,,,,,,,,,,,,,,,,,,,,,,,,,,,,,,,,,,,,,,461.313,466.274,1,4.956,0,0,0,1,1,TAFCstimuli01/nimnym002.wav,,,,,,,,,,,,,,,,,,,,,,,,,,,,,,,,,,,,,,,,,,,,,,,,,,,,,,,,,,,,,,,,,,,,,,,,,,,,,,,,,,
,,,,,183115,001,2024-05-21_14h21.12.242,AXB:2AFC Experiments (16.05.2024),2024.1.3,Win32,62.5,,,,,,,,,,,,,,,,,,,,,,,,,,,,,,,,,,,,,,,,,,,,,,,,,,,,,,,,,,,,,,,,,,,,,,,,,,,,,,,,,,,,,,,,466.274,471.341,1,5.054,0,1,1,2,1,TAFCstimuli01/nimnym003.wav,,,,,,,,,,,,,,,,,,,,,,,,,,,,,,,,,,,,,,,,,,,,,,,,,,,,,,,,,,,,,,,,,,,,,,,,,,,,,,,,,,
,,,,,183115,001,2024-05-21_14h21.12.242,AXB:2AFC Experiments (16.05.2024),2024.1.3,Win32,62.5,,,,,,,,,,,,,,,,,,,,,,,,,,,,,,,,,,,,,,,,,,,,,,,,,,,,,,,,,,,,,,,,,,,,,,,,,,,,,,,,,,,,,,,,471.341,480.125,1,8.779,0,2,2,3,1,TAFCstimuli01/nimnym004.wav,,,,,,,,,,,,,,,,,,,,,,,,,,,,,,,,,,,,,,,,,,,,,,,,,,,,,,,,,,,,,,,,,,,,,,,,,,,,,,,,,,
,,,,,183115,001,2024-05-21_14h21.12.242,AXB:2AFC Experiments (16.05.2024),2024.1.3,Win32,62.5,,,,,,,,,,,,,,,,,,,,,,,,,,,,,,,,,,,,,,,,,,,,,,,,,,,,,,,,,,,,,,,,,,,,,,,,,,,,,,,,,,,,,,,,480.125,482.209,1,2.08,0,3,3,0,1,TAFCstimuli01/nimnym001.wav,,,,,,,,,,,,,,,,,,,,,,,,,,,,,,,,,,,,,,,,,,,,,,,,,,,,,,,,,,,,,,,,,,,,,,,,,,,,,,,,,,
,,,,,183115,001,2024-05-21_14h21.12.242,AXB:2AFC Experiments (16.05.2024),2024.1.3,Win32,62.5,,,,,,,,,,,,,,,,,,,,,,,,,,,,,,,,,,,,,,,,,,,,,,,,,,,,,,,,,,,,,,,,,,,,,,,,,,,,,,,,,,,,,,,,,,,,,,,,,,482.21,484.51,2,2.294,,,,,,,,,,,,,,,,,,,,,,,,,,,,,,,,,,,,,,,,,,,,,,,,,,,,,,,,,,,,,,,,,,,,,,,,,,,,,,
,,,,,183115,001,2024-05-21_14h21.12.242,AXB:2AFC Experiments (16.05.2024),2024.1.3,Win32,62.5,,,,,,,,,,,,,,,,,,,,,,,,,,,,,,,,,,,,,,,,,,,,,,,,,,,,,,,,,,,,,,,,,,,,,,,,,,,,,,,,,,,,,,,,,,,,,,,,,,,,,,484.51,488.46,space,3.934,,,,,,,,,,,,,,,,,,,,,,,,,,,,,,,,,,,,,,,,,,,,,,,,,,,,,,,,,,,,,,,,,,,,,,,,,,
,,,,,183115,001,2024-05-21_14h21.12.242,AXB:2AFC Experiments (16.05.2024),2024.1.3,Win32,62.5,,,,,,,,,,,,,,,,,,,,,,,,,,,,,,nym,,,,,,,,,,,,,,,,,,,,,,,,,,,,,,,,,,,,,,,,,,,,,,,,,,,,,,,,,,,,,,,,,,,,,,,,,,,,,488.462,490.977,2,2.503,0,0,0,4,1,TAFCstimuli01/nimnym005.wav,,,,,,,,,,,,,,,,,,,,,,,,,,,,,,,,,,,,,,,,,,,,,,,,,,,,,,,,,,,,,,,
,,,,,183115,001,2024-05-21_14h21.12.242,AXB:2AFC Experiments (16.05.2024),2024.1.3,Win32,62.5,,,,,,,,,,,,,,,,,,,,,,,,,,,,,,nim,,,,,,,,,,,,,,,,,,,,,,,,,,,,,,,,,,,,,,,,,,,,,,,,,,,,,,,,,,,,,,,,,,,,,,,,,,,,,490.977,493.427,2,2.441,0,1,1,2,1,TAFCstimuli01/nimnym003.wav,,,,,,,,,,,,,,,,,,,,,,,,,,,,,,,,,,,,,,,,,,,,,,,,,,,,,,,,,,,,,,,
,,,,,183115,001,2024-05-21_14h21.12.242,AXB:2AFC Experiments (16.05.2024),2024.1.3,Win32,62.5,,,,,,,,,,,,,,,,,,,,,,,,,,,,,,nim,,,,,,,,,,,,,,,,,,,,,,,,,,,,,,,,,,,,,,,,,,,,,,,,,,,,,,,,,,,,,,,,,,,,,,,,,,,,,493.427,496.127,1,2.699,0,2,2,1,1,TAFCstimuli01/nimnym002.wav,,,,,,,,,,,,,,,,,,,,,,,,,,,,,,,,,,,,,,,,,,,,,,,,,,,,,,,,,,,,,,,
,,,,,183115,001,2024-05-21_14h21.12.242,AXB:2AFC Experiments (16.05.2024),2024.1.3,Win32,62.5,,,,,,,,,,,,,,,,,,,,,,,,,,,,,,nym,,,,,,,,,,,,,,,,,,,,,,,,,,,,,,,,,,,,,,,,,,,,,,,,,,,,,,,,,,,,,,,,,,,,,,,,,,,,,496.127,498.361,2,2.226,0,3,3,6,1,TAFCstimuli01/nimnym007.wav,,,,,,,,,,,,,,,,,,,,,,,,,,,,,,,,,,,,,,,,,,,,,,,,,,,,,,,,,,,,,,,
,,,,,183115,001,2024-05-21_14h21.12.242,AXB:2AFC Experiments (16.05.2024),2024.1.3,Win32,62.5,,,,,,,,,,,,,,,,,,,,,,,,,,,,,,nim,,,,,,,,,,,,,,,,,,,,,,,,,,,,,,,,,,,,,,,,,,,,,,,,,,,,,,,,,,,,,,,,,,,,,,,,,,,,,498.361,500.727,1,2.359,0,4,4,0,1,TAFCstimuli01/nimnym001.wav,,,,,,,,,,,,,,,,,,,,,,,,,,,,,,,,,,,,,,,,,,,,,,,,,,,,,,,,,,,,,,,
,,,,,183115,001,2024-05-21_14h21.12.242,AXB:2AFC Experiments (16.05.2024),2024.1.3,Win32,62.5,,,,,,,,,,,,,,,,,,,,,,,,,,,,,,nym,,,,,,,,,,,,,,,,,,,,,,,,,,,,,,,,,,,,,,,,,,,,,,,,,,,,,,,,,,,,,,,,,,,,,,,,,,,,,500.728,502.512,2,1.781,0,5,5,5,1,TAFCstimuli01/nimnym006.wav,,,,,,,,,,,,,,,,,,,,,,,,,,,,,,,,,,,,,,,,,,,,,,,,,,,,,,,,,,,,,,,
,,,,,183115,001,2024-05-21_14h21.12.242,AXB:2AFC Experiments (16.05.2024),2024.1.3,Win32,62.5,,,,,,,,,,,,,,,,,,,,,,,,,,,,,,/,,,,,,,,,,,,,,,,,,,,,,,,,,,,,,,,,,,,,,,,,,,,,,,,,,,,,,,,,,,,,,,,,,,,,,,,,,,,,502.512,504.695,2,2.171,0,6,6,3,1,TAFCstimuli01/nimnym004.wav,,,,,,,,,,,,,,,,,,,,,,,,,,,,,,,,,,,,,,,,,,,,,,,,,,,,,,,,,,,,,,,
,,,,,183115,001,2024-05-21_14h21.12.242,AXB:2AFC Experiments (16.05.2024),2024.1.3,Win32,62.5,,,,,,,,,,,,,,,,,,,,,,,,,,,,,,nim,,,,,,,,,,,,,,,,,,,,,,,,,,,,,,,,,,,,,,,,,,,,,,,,,,,,,,,,,,,,,,,,,,,,,,,,,,,,,504.696,507.462,1,2.763,1,0,7,1,1,TAFCstimuli01/nimnym002.wav,,,,,,,,,,,,,,,,,,,,,,,,,,,,,,,,,,,,,,,,,,,,,,,,,,,,,,,,,,,,,,,
,,,,,183115,001,2024-05-21_14h21.12.242,AXB:2AFC Experiments (16.05.2024),2024.1.3,Win32,62.5,,,,,,,,,,,,,,,,,,,,,,,,,,,,,,nim,,,,,,,,,,,,,,,,,,,,,,,,,,,,,,,,,,,,,,,,,,,,,,,,,,,,,,,,,,,,,,,,,,,,,,,,,,,,,507.462,509.195,1,1.73,1,1,8,0,1,TAFCstimuli01/nimnym001.wav,,,,,,,,,,,,,,,,,,,,,,,,,,,,,,,,,,,,,,,,,,,,,,,,,,,,,,,,,,,,,,,
,,,,,183115,001,2024-05-21_14h21.12.242,AXB:2AFC Experiments (16.05.2024),2024.1.3,Win32,62.5,,,,,,,,,,,,,,,,,,,,,,,,,,,,,,nim,,,,,,,,,,,,,,,,,,,,,,,,,,,,,,,,,,,,,,,,,,,,,,,,,,,,,,,,,,,,,,,,,,,,,,,,,,,,,509.195,511.063,1,1.857,1,2,9,2,1,TAFCstimuli01/nimnym003.wav,,,,,,,,,,,,,,,,,,,,,,,,,,,,,,,,,,,,,,,,,,,,,,,,,,,,,,,,,,,,,,,
,,,,,183115,001,2024-05-21_14h21.12.242,AXB:2AFC Experiments (16.05.2024),2024.1.3,Win32,62.5,,,,,,,,,,,,,,,,,,,,,,,,,,,,,,nym,,,,,,,,,,,,,,,,,,,,,,,,,,,,,,,,,,,,,,,,,,,,,,,,,,,,,,,,,,,,,,,,,,,,,,,,,,,,,511.063,513.363,2,2.287,1,3,10,4,1,TAFCstimuli01/nimnym005.wav,,,,,,,,,,,,,,,,,,,,,,,,,,,,,,,,,,,,,,,,,,,,,,,,,,,,,,,,,,,,,,,
,,,,,183115,001,2024-05-21_14h21.12.242,AXB:2AFC Experiments (16.05.2024),2024.1.3,Win32,62.5,,,,,,,,,,,,,,,,,,,,,,,,,,,,,,nym,,,,,,,,,,,,,,,,,,,,,,,,,,,,,,,,,,,,,,,,,,,,,,,,,,,,,,,,,,,,,,,,,,,,,,,,,,,,,513.363,515.012,2,1.648,1,4,11,5,1,TAFCstimuli01/nimnym006.wav,,,,,,,,,,,,,,,,,,,,,,,,,,,,,,,,,,,,,,,,,,,,,,,,,,,,,,,,,,,,,,,
,,,,,183115,001,2024-05-21_14h21.12.242,AXB:2AFC Experiments (16.05.2024),2024.1.3,Win32,62.5,,,,,,,,,,,,,,,,,,,,,,,,,,,,,,nym,,,,,,,,,,,,,,,,,,,,,,,,,,,,,,,,,,,,,,,,,,,,,,,,,,,,,,,,,,,,,,,,,,,,,,,,,,,,,515.012,516.429,2,1.404,1,5,12,6,1,TAFCstimuli01/nimnym007.wav,,,,,,,,,,,,,,,,,,,,,,,,,,,,,,,,,,,,,,,,,,,,,,,,,,,,,,,,,,,,,,,
,,,,,183115,001,2024-05-21_14h21.12.242,AXB:2AFC Experiments (16.05.2024),2024.1.3,Win32,62.5,,,,,,,,,,,,,,,,,,,,,,,,,,,,,,/,,,,,,,,,,,,,,,,,,,,,,,,,,,,,,,,,,,,,,,,,,,,,,,,,,,,,,,,,,,,,,,,,,,,,,,,,,,,,516.429,520.963,2,4.522,1,6,13,3,1,TAFCstimuli01/nimnym004.wav,,,,,,,,,,,,,,,,,,,,,,,,,,,,,,,,,,,,,,,,,,,,,,,,,,,,,,,,,,,,,,,
,,,,,183115,001,2024-05-21_14h21.12.242,AXB:2AFC Experiments (16.05.2024),2024.1.3,Win32,62.5,,,,,,,,,,,,,,,,,,,,,,,,,,,,,,,,,,,,,,,,,,,,,,,,,,,,,,,,,,,,,,,,,,,,,,,,,,,,,,,,,,,,,,,,,,,,,,,,,,,,,,,,,,,,,,,,,,,,,520.964,524.464,2,3.49,,,,,,,,,,,,,,,,,,,,,,,,,,,,,,,,,,,,,,,,,,,,,,,,,,,,,,,,,,,
,,,,,183115,001,2024-05-21_14h21.12.242,AXB:2AFC Experiments (16.05.2024),2024.1.3,Win32,62.5,,,,,,,,,,,,,,,,,,,,,,,,,,,,,,nim,,,,,,,,,,,,,,,,,,,,,,,,,,,,,,,,,,,,,,,,,,,,,,,,,,,,,,,,,,,,,,,,,,,,,,,,,,,,,524.465,526.897,1,2.421,,,,,,TAFCstimuli01/nimnym001.wav,,,,,,0,0,0,0,1,,,,,,,,,,,,,,,,,,,,,,,,,,,,,,,,,,,,,,,,,,,,,,,,,,,,,
,,,,,183115,001,2024-05-21_14h21.12.242,AXB:2AFC Experiments (16.05.2024),2024.1.3,Win32,62.5,,,,,,,,,,,,,,,,,,,,,,,,,,,,,,nim,,,,,,,,,,,,,,,,,,,,,,,,,,,,,,,,,,,,,,,,,,,,,,,,,,,,,,,,,,,,,,,,,,,,,,,,,,,,,526.897,529.731,2,2.83,,,,,,TAFCstimuli01/nimnym003.wav,,,,,,0,1,1,2,1,,,,,,,,,,,,,,,,,,,,,,,,,,,,,,,,,,,,,,,,,,,,,,,,,,,,,
,,,,,183115,001,2024-05-21_14h21.12.242,AXB:2AFC Experiments (16.05.2024),2024.1.3,Win32,62.5,,,,,,,,,,,,,,,,,,,,,,,,,,,,,,/,,,,,,,,,,,,,,,,,,,,,,,,,,,,,,,,,,,,,,,,,,,,,,,,,,,,,,,,,,,,,,,,,,,,,,,,,,,,,529.731,531.714,2,1.975,,,,,,TAFCstimuli01/nimnym004.wav,,,,,,0,2,2,3,1,,,,,,,,,,,,,,,,,,,,,,,,,,,,,,,,,,,,,,,,,,,,,,,,,,,,,
,,,,,183115,001,2024-05-21_14h21.12.242,AXB:2AFC Experiments (16.05.2024),2024.1.3,Win32,62.5,,,,,,,,,,,,,,,,,,,,,,,,,,,,,,nym,,,,,,,,,,,,,,,,,,,,,,,,,,,,,,,,,,,,,,,,,,,,,,,,,,,,,,,,,,,,,,,,,,,,,,,,,,,,,531.714,534.504,2,2.79,,,,,,TAFCstimuli01/nimnym005.wav,,,,,,0,3,3,4,1,,,,,,,,,,,,,,,,,,,,,,,,,,,,,,,,,,,,,,,,,,,,,,,,,,,,,
,,,,,183115,001,2024-05-21_14h21.12.242,AXB:2AFC Experiments (16.05.2024),2024.1.3,Win32,62.5,,,,,,,,,,,,,,,,,,,,,,,,,,,,,,nym,,,,,,,,,,,,,,,,,,,,,,,,,,,,,,,,,,,,,,,,,,,,,,,,,,,,,,,,,,,,,,,,,,,,,,,,,,,,,534.504,535.248,2,0.733,,,,,,TAFCstimuli01/nimnym007.wav,,,,,,0,4,4,6,1,,,,,,,,,,,,,,,,,,,,,,,,,,,,,,,,,,,,,,,,,,,,,,,,,,,,,
,,,,,183115,001,2024-05-21_14h21.12.242,AXB:2AFC Experiments (16.05.2024),2024.1.3,Win32,62.5,,,,,,,,,,,,,,,,,,,,,,,,,,,,,,nim,,,,,,,,,,,,,,,,,,,,,,,,,,,,,,,,,,,,,,,,,,,,,,,,,,,,,,,,,,,,,,,,,,,,,,,,,,,,,535.249,539.515,2,4.254,,,,,,TAFCstimuli01/nimnym002.wav,,,,,,0,5,5,1,1,,,,,,,,,,,,,,,,,,,,,,,,,,,,,,,,,,,,,,,,,,,,,,,,,,,,,
,,,,,183115,001,2024-05-21_14h21.12.242,AXB:2AFC Experiments (16.05.2024),2024.1.3,Win32,62.5,,,,,,,,,,,,,,,,,,,,,,,,,,,,,,nym,,,,,,,,,,,,,,,,,,,,,,,,,,,,,,,,,,,,,,,,,,,,,,,,,,,,,,,,,,,,,,,,,,,,,,,,,,,,,539.515,548.666,2,9.15,,,,,,TAFCstimuli01/nimnym006.wav,,,,,,0,6,6,5,1,,,,,,,,,,,,,,,,,,,,,,,,,,,,,,,,,,,,,,,,,,,,,,,,,,,,,
,,,,,183115,001,2024-05-21_14h21.12.242,AXB:2AFC Experiments (16.05.2024),2024.1.3,Win32,62.5,,,,,,,,,,,,,,,,,,,,,,,,,,,,,,nym,,,,,,,,,,,,,,,,,,,,,,,,,,,,,,,,,,,,,,,,,,,,,,,,,,,,,,,,,,,,,,,,,,,,,,,,,,,,,548.666,553.533,2,4.865,,,,,,TAFCstimuli01/nimnym005.wav,,,,,,1,0,7,4,1,,,,,,,,,,,,,,,,,,,,,,,,,,,,,,,,,,,,,,,,,,,,,,,,,,,,,
,,,,,183115,001,2024-05-21_14h21.12.242,AXB:2AFC Experiments (16.05.2024),2024.1.3,Win32,62.5,,,,,,,,,,,,,,,,,,,,,,,,,,,,,,nym,,,,,,,,,,,,,,,,,,,,,,,,,,,,,,,,,,,,,,,,,,,,,,,,,,,,,,,,,,,,,,,,,,,,,,,,,,,,,553.533,557.803,1,4.269,,,,,,TAFCstimuli01/nimnym007.wav,,,,,,1,1,8,6,1,,,,,,,,,,,,,,,,,,,,,,,,,,,,,,,,,,,,,,,,,,,,,,,,,,,,,
,,,,,183115,001,2024-05-21_14h21.12.242,AXB:2AFC Experiments (16.05.2024),2024.1.3,Win32,62.5,,,,,,,,,,,,,,,,,,,,,,,,,,,,,,nim,,,,,,,,,,,,,,,,,,,,,,,,,,,,,,,,,,,,,,,,,,,,,,,,,,,,,,,,,,,,,,,,,,,,,,,,,,,,,557.803,560.651,2,2.837,,,,,,TAFCstimuli01/nimnym001.wav,,,,,,1,2,9,0,1,,,,,,,,,,,,,,,,,,,,,,,,,,,,,,,,,,,,,,,,,,,,,,,,,,,,,
,,,,,183115,001,2024-05-21_14h21.12.242,AXB:2AFC Experiments (16.05.2024),2024.1.3,Win32,62.5,,,,,,,,,,,,,,,,,,,,,,,,,,,,,,/,,,,,,,,,,,,,,,,,,,,,,,,,,,,,,,,,,,,,,,,,,,,,,,,,,,,,,,,,,,,,,,,,,,,,,,,,,,,,560.651,564.654,2,4.003,,,,,,TAFCstimuli01/nimnym004.wav,,,,,,1,3,10,3,1,,,,,,,,,,,,,,,,,,,,,,,,,,,,,,,,,,,,,,,,,,,,,,,,,,,,,
,,,,,183115,001,2024-05-21_14h21.12.242,AXB:2AFC Experiments (16.05.2024),2024.1.3,Win32,62.5,,,,,,,,,,,,,,,,,,,,,,,,,,,,,,nim,,,,,,,,,,,,,,,,,,,,,,,,,,,,,,,,,,,,,,,,,,,,,,,,,,,,,,,,,,,,,,,,,,,,,,,,,,,,,564.654,564.951,2,0.286,,,,,,TAFCstimuli01/nimnym002.wav,,,,,,1,4,11,1,1,,,,,,,,,,,,,,,,,,,,,,,,,,,,,,,,,,,,,,,,,,,,,,,,,,,,,
,,,,,183115,001,2024-05-21_14h21.12.242,AXB:2AFC Experiments (16.05.2024),2024.1.3,Win32,62.5,,,,,,,,,,,,,,,,,,,,,,,,,,,,,,nym,,,,,,,,,,,,,,,,,,,,,,,,,,,,,,,,,,,,,,,,,,,,,,,,,,,,,,,,,,,,,,,,,,,,,,,,,,,,,564.951,569.489,1,4.536,,,,,,TAFCstimuli01/nimnym006.wav,,,,,,1,5,12,5,1,,,,,,,,,,,,,,,,,,,,,,,,,,,,,,,,,,,,,,,,,,,,,,,,,,,,,
,,,,,183115,001,2024-05-21_14h21.12.242,AXB:2AFC Experiments (16.05.2024),2024.1.3,Win32,62.5,,,,,,,,,,,,,,,,,,,,,,,,,,,,,,nim,,,,,,,,,,,,,,,,,,,,,,,,,,,,,,,,,,,,,,,,,,,,,,,,,,,,,,,,,,,,,,,,,,,,,,,,,,,,,569.489,571.988,2,2.499,,,,,,TAFCstimuli01/nimnym003.wav,,,,,,1,6,13,2,1,,,,,,,,,,,,,,,,,,,,,,,,,,,,,,,,,,,,,,,,,,,,,,,,,,,,,
,,,,,183115,001,2024-05-21_14h21.12.242,AXB:2AFC Experiments (16.05.2024),2024.1.3,Win32,62.5,,,,,,,,,,,,,,,,,,,,,,,,,,,,,,,571.988,574.92,space,2.915,,,,,,,,,,,,,,,,,,,,,,,,,,,,,,,,,,,,,,,,,,,,,,,,,,,,,,,,,,,,,,,,,,,,,,,,,,,,,,,,,,,,,,,,,,,,,,,,,,,,,,,,,,,,,,,,,,,,,,,,,,,,,,,,,,,,,,,,,,,,,,,,,
,,,,,183115,001,2024-05-21_14h21.12.242,AXB:2AFC Experiments (16.05.2024),2024.1.3,Win32,62.5,,,,,,,,,,,,,,,,,,,,,,,,,,,,,,nim,,,,,,,,,,,,,,,,,,,,,,,,,,,,,,,,,,,,,,,,,,,,,,,,,,,,,,,,,,,,,,,,,,,,,,,,,,,,,574.926,584.936,2,10.009,,,,,,TAFCstimuli01/nimnym003.wav,,,,,,,,,,,0,0,0,2,1,,,,,,,,,,,,,,,,,,,,,,,,,,,,,,,,,,,,,,,,,,,,,,,,
,,,,,183115,001,2024-05-21_14h21.12.242,AXB:2AFC Experiments (16.05.2024),2024.1.3,Win32,62.5,,,,,,,,,,,,,,,,,,,,,,,,,,,,,,nym,,,,,,,,,,,,,,,,,,,,,,,,,,,,,,,,,,,,,,,,,,,,,,,,,,,,,,,,,,,,,,,,,,,,,,,,,,,,,584.937,587.736,2,2.795,,,,,,TAFCstimuli01/nimnym007.wav,,,,,,,,,,,0,1,1,6,1,,,,,,,,,,,,,,,,,,,,,,,,,,,,,,,,,,,,,,,,,,,,,,,,
,,,,,183115,001,2024-05-21_14h21.12.242,AXB:2AFC Experiments (16.05.2024),2024.1.3,Win32,62.5,,,,,,,,,,,,,,,,,,,,,,,,,,,,,,nim,,,,,,,,,,,,,,,,,,,,,,,,,,,,,,,,,,,,,,,,,,,,,,,,,,,,,,,,,,,,,,,,,,,,,,,,,,,,,587.737,596.321,1,8.583,,,,,,TAFCstimuli01/nimnym001.wav,,,,,,,,,,,0,2,2,0,1,,,,,,,,,,,,,,,,,,,,,,,,,,,,,,,,,,,,,,,,,,,,,,,,
,,,,,183115,001,2024-05-21_14h21.12.242,AXB:2AFC Experiments (16.05.2024),2024.1.3,Win32,62.5,,,,,,,,,,,,,,,,,,,,,,,,,,,,,,nim,,,,,,,,,,,,,,,,,,,,,,,,,,,,,,,,,,,,,,,,,,,,,,,,,,,,,,,,,,,,,,,,,,,,,,,,,,,,,596.321,600.338,2,4.011,,,,,,TAFCstimuli01/nimnym002.wav,,,,,,,,,,,0,3,3,1,1,,,,,,,,,,,,,,,,,,,,,,,,,,,,,,,,,,,,,,,,,,,,,,,,
,,,,,183115,001,2024-05-21_14h21.12.242,AXB:2AFC Experiments (16.05.2024),2024.1.3,Win32,62.5,,,,,,,,,,,,,,,,,,,,,,,,,,,,,,nym,,,,,,,,,,,,,,,,,,,,,,,,,,,,,,,,,,,,,,,,,,,,,,,,,,,,,,,,,,,,,,,,,,,,,,,,,,,,,600.338,609.356,2,9.005,,,,,,TAFCstimuli01/nimnym006.wav,,,,,,,,,,,0,4,4,5,1,,,,,,,,,,,,,,,,,,,,,,,,,,,,,,,,,,,,,,,,,,,,,,,,
,,,,,183115,001,2024-05-21_14h21.12.242,AXB:2AFC Experiments (16.05.2024),2024.1.3,Win32,62.5,,,,,,,,,,,,,,,,,,,,,,,,,,,,,,nym,,,,,,,,,,,,,,,,,,,,,,,,,,,,,,,,,,,,,,,,,,,,,,,,,,,,,,,,,,,,,,,,,,,,,,,,,,,,,609.356,611.555,1,2.197,,,,,,TAFCstimuli01/nimnym005.wav,,,,,,,,,,,0,5,5,4,1,,,,,,,,,,,,,,,,,,,,,,,,,,,,,,,,,,,,,,,,,,,,,,,,
,,,,,183115,001,2024-05-21_14h21.12.242,AXB:2AFC Experiments (16.05.2024),2024.1.3,Win32,62.5,,,,,,,,,,,,,,,,,,,,,,,,,,,,,,/,,,,,,,,,,,,,,,,,,,,,,,,,,,,,,,,,,,,,,,,,,,,,,,,,,,,,,,,,,,,,,,,,,,,,,,,,,,,,611.555,613.689,1,2.132,,,,,,TAFCstimuli01/nimnym004.wav,,,,,,,,,,,0,6,6,3,1,,,,,,,,,,,,,,,,,,,,,,,,,,,,,,,,,,,,,,,,,,,,,,,,
,,,,,183115,001,2024-05-21_14h21.12.242,AXB:2AFC Experiments (16.05.2024),2024.1.3,Win32,62.5,,,,,,,,,,,,,,,,,,,,,,,,,,,,,,nim,,,,,,,,,,,,,,,,,,,,,,,,,,,,,,,,,,,,,,,,,,,,,,,,,,,,,,,,,,,,,,,,,,,,,,,,,,,,,613.689,616.056,1,2.365,,,,,,TAFCstimuli01/nimnym002.wav,,,,,,,,,,,1,0,7,1,1,,,,,,,,,,,,,,,,,,,,,,,,,,,,,,,,,,,,,,,,,,,,,,,,
,,,,,183115,001,2024-05-21_14h21.12.242,AXB:2AFC Experiments (16.05.2024),2024.1.3,Win32,62.5,,,,,,,,,,,,,,,,,,,,,,,,,,,,,,/,,,,,,,,,,,,,,,,,,,,,,,,,,,,,,,,,,,,,,,,,,,,,,,,,,,,,,,,,,,,,,,,,,,,,,,,,,,,,616.056,618.189,2,2.133,,,,,,TAFCstimuli01/nimnym004.wav,,,,,,,,,,,1,1,8,3,1,,,,,,,,,,,,,,,,,,,,,,,,,,,,,,,,,,,,,,,,,,,,,,,,
,,,,,183115,001,2024-05-21_14h21.12.242,AXB:2AFC Experiments (16.05.2024),2024.1.3,Win32,62.5,,,,,,,,,,,,,,,,,,,,,,,,,,,,,,nym,,,,,,,,,,,,,,,,,,,,,,,,,,,,,,,,,,,,,,,,,,,,,,,,,,,,,,,,,,,,,,,,,,,,,,,,,,,,,618.19,620.224,2,2.02,,,,,,TAFCstimuli01/nimnym006.wav,,,,,,,,,,,1,2,9,5,1,,,,,,,,,,,,,,,,,,,,,,,,,,,,,,,,,,,,,,,,,,,,,,,,
,,,,,183115,001,2024-05-21_14h21.12.242,AXB:2AFC Experiments (16.05.2024),2024.1.3,Win32,62.5,,,,,,,,,,,,,,,,,,,,,,,,,,,,,,nym,,,,,,,,,,,,,,,,,,,,,,,,,,,,,,,,,,,,,,,,,,,,,,,,,,,,,,,,,,,,,,,,,,,,,,,,,,,,,620.224,622.957,1,2.729,,,,,,TAFCstimuli01/nimnym005.wav,,,,,,,,,,,1,3,10,4,1,,,,,,,,,,,,,,,,,,,,,,,,,,,,,,,,,,,,,,,,,,,,,,,,
,,,,,183115,001,2024-05-21_14h21.12.242,AXB:2AFC Experiments (16.05.2024),2024.1.3,Win32,62.5,,,,,,,,,,,,,,,,,,,,,,,,,,,,,,nim,,,,,,,,,,,,,,,,,,,,,,,,,,,,,,,,,,,,,,,,,,,,,,,,,,,,,,,,,,,,,,,,,,,,,,,,,,,,,622.957,624.491,2,1.521,,,,,,TAFCstimuli01/nimnym001.wav,,,,,,,,,,,1,4,11,0,1,,,,,,,,,,,,,,,,,,,,,,,,,,,,,,,,,,,,,,,,,,,,,,,,
,,,,,183115,001,2024-05-21_14h21.12.242,AXB:2AFC Experiments (16.05.2024),2024.1.3,Win32,62.5,,,,,,,,,,,,,,,,,,,,,,,,,,,,,,nim,,,,,,,,,,,,,,,,,,,,,,,,,,,,,,,,,,,,,,,,,,,,,,,,,,,,,,,,,,,,,,,,,,,,,,,,,,,,,624.491,626.19,2,1.696,,,,,,TAFCstimuli01/nimnym003.wav,,,,,,,,,,,1,5,12,2,1,,,,,,,,,,,,,,,,,,,,,,,,,,,,,,,,,,,,,,,,,,,,,,,,
,,,,,183115,001,2024-05-21_14h21.12.242,AXB:2AFC Experiments (16.05.2024),2024.1.3,Win32,62.5,,,,,,,,,,,,,,,,,,,,,,,,,,,,,,nym,,,,,,,,,,,,,,,,,,,,,,,,,,,,,,,,,,,,,,,,,,,,,,,,,,,,,,,,,,,,,,,,,,,,,,,,,,,,,626.191,627.907,2,1.714,,,,,,TAFCstimuli01/nimnym007.wav,,,,,,,,,,,1,6,13,6,1,,,,,,,,,,,,,,,,,,,,,,,,,,,,,,,,,,,,,,,,,,,,,,,,
,,,,,183115,001,2024-05-21_14h21.12.242,AXB:2AFC Experiments (16.05.2024),2024.1.3,Win32,62.5,,,,,,,,,,,,,,,,,,,,,,,,,,,,,,nim,,,,,,,,,,,,,,,,,,,,,,,,,,,,,,,,,,,,,,,,,,,,,,,,,,,,,,,,,,,,,,,,,,,,,,,,,,,,,627.908,628.908,1,1,,,,,,TAFCstimuli01/nimnym001.wav,,,,,,,,,,,2,0,14,0,1,,,,,,,,,,,,,,,,,,,,,,,,,,,,,,,,,,,,,,,,,,,,,,,,
,,,,,183115,001,2024-05-21_14h21.12.242,AXB:2AFC Experiments (16.05.2024),2024.1.3,Win32,62.5,,,,,,,,,,,,,,,,,,,,,,,,,,,,,,nim,,,,,,,,,,,,,,,,,,,,,,,,,,,,,,,,,,,,,,,,,,,,,,,,,,,,,,,,,,,,,,,,,,,,,,,,,,,,,628.908,630.391,1,1.47,,,,,,TAFCstimuli01/nimnym002.wav,,,,,,,,,,,2,1,15,1,1,,,,,,,,,,,,,,,,,,,,,,,,,,,,,,,,,,,,,,,,,,,,,,,,
,,,,,183115,001,2024-05-21_14h21.12.242,AXB:2AFC Experiments (16.05.2024),2024.1.3,Win32,62.5,,,,,,,,,,,,,,,,,,,,,,,,,,,,,,nym,,,,,,,,,,,,,,,,,,,,,,,,,,,,,,,,,,,,,,,,,,,,,,,,,,,,,,,,,,,,,,,,,,,,,,,,,,,,,630.391,633.292,2,2.889,,,,,,TAFCstimuli01/nimnym006.wav,,,,,,,,,,,2,2,16,5,1,,,,,,,,,,,,,,,,,,,,,,,,,,,,,,,,,,,,,,,,,,,,,,,,
,,,,,183115,001,2024-05-21_14h21.12.242,AXB:2AFC Experiments (16.05.2024),2024.1.3,Win32,62.5,,,,,,,,,,,,,,,,,,,,,,,,,,,,,,nim,,,,,,,,,,,,,,,,,,,,,,,,,,,,,,,,,,,,,,,,,,,,,,,,,,,,,,,,,,,,,,,,,,,,,,,,,,,,,633.292,635.125,2,1.826,,,,,,TAFCstimuli01/nimnym003.wav,,,,,,,,,,,2,3,17,2,1,,,,,,,,,,,,,,,,,,,,,,,,,,,,,,,,,,,,,,,,,,,,,,,,
,,,,,183115,001,2024-05-21_14h21.12.242,AXB:2AFC Experiments (16.05.2024),2024.1.3,Win32,62.5,,,,,,,,,,,,,,,,,,,,,,,,,,,,,,nym,,,,,,,,,,,,,,,,,,,,,,,,,,,,,,,,,,,,,,,,,,,,,,,,,,,,,,,,,,,,,,,,,,,,,,,,,,,,,635.126,636.925,2,1.792,,,,,,TAFCstimuli01/nimnym005.wav,,,,,,,,,,,2,4,18,4,1,,,,,,,,,,,,,,,,,,,,,,,,,,,,,,,,,,,,,,,,,,,,,,,,
,,,,,183115,001,2024-05-21_14h21.12.242,AXB:2AFC Experiments (16.05.2024),2024.1.3,Win32,62.5,,,,,,,,,,,,,,,,,,,,,,,,,,,,,,/,,,,,,,,,,,,,,,,,,,,,,,,,,,,,,,,,,,,,,,,,,,,,,,,,,,,,,,,,,,,,,,,,,,,,,,,,,,,,636.925,638.992,2,2.06,,,,,,TAFCstimuli01/nimnym004.wav,,,,,,,,,,,2,5,19,3,1,,,,,,,,,,,,,,,,,,,,,,,,,,,,,,,,,,,,,,,,,,,,,,,,
,,,,,183115,001,2024-05-21_14h21.12.242,AXB:2AFC Experiments (16.05.2024),2024.1.3,Win32,62.5,,,,,,,,,,,,,,,,,,,,,,,,,,,,,,nym,,,,,,,,,,,,,,,,,,,,,,,,,,,,,,,,,,,,,,,,,,,,,,,,,,,,,,,,,,,,,,,,,,,,,,,,,,,,,638.992,641.293,1,2.298,,,,,,TAFCstimuli01/nimnym007.wav,,,,,,,,,,,2,6,20,6,1,,,,,,,,,,,,,,,,,,,,,,,,,,,,,,,,,,,,,,,,,,,,,,,,
,,,,,183115,001,2024-05-21_14h21.12.242,AXB:2AFC Experiments (16.05.2024),2024.1.3,Win32,62.5,,,,,,,,,,,,,,,,,,,,,,,,,,,,,,,,,,,,,,,,,,,,,,,,,,,,,,,,,,641.293,642.942,,0,"[314.334,642.967]","[314.334,642.967]",,,,,,,,,,,,,,,,,,,,,,,,,,,,,,,,,,,,,,,,,,,,,,,,,,,,,,,,,,,,,,,,,,,,,,,,,,,,,,,,,,,,,,,,,,,,,,,,,,,,,,,,,,,,,,,,,,,,
,,,,,183115,001,2024-05-21_14h21.12.242,AXB:2AFC Experiments (16.05.2024),2024.1.3,Win32,62.5,,,,,,,,,,,,,,,,,,,,,,,,,,,,,,nym,,,,,,,,,,,,,,,,,,,,,,,,,,,,,,,,,,,,,,,,,,,,,,,,,,,,,,,,,,,,,,,,,,,,,,,,,,,,,642.945,652.526,2,9.579,,,,,,TAFCstimuli01/nimnym007.wav,,,,,,,,,,,,,,,,0,0,0,6,1,,,,,,,,,,,,,,,,,,,,,,,,,,,,,,,,,,,,,,,,,,,
,,,,,183115,001,2024-05-21_14h21.12.242,AXB:2AFC Experiments (16.05.2024),2024.1.3,Win32,62.5,,,,,,,,,,,,,,,,,,,,,,,,,,,,,,nym,,,,,,,,,,,,,,,,,,,,,,,,,,,,,,,,,,,,,,,,,,,,,,,,,,,,,,,,,,,,,,,,,,,,,,,,,,,,,652.526,653.31,2,0.776,,,,,,TAFCstimuli01/nimnym005.wav,,,,,,,,,,,,,,,,0,1,1,4,1,,,,,,,,,,,,,,,,,,,,,,,,,,,,,,,,,,,,,,,,,,,
,,,,,183115,001,2024-05-21_14h21.12.242,AXB:2AFC Experiments (16.05.2024),2024.1.3,Win32,62.5,,,,,,,,,,,,,,,,,,,,,,,,,,,,,,nim,,,,,,,,,,,,,,,,,,,,,,,,,,,,,,,,,,,,,,,,,,,,,,,,,,,,,,,,,,,,,,,,,,,,,,,,,,,,,653.31,655.861,1,2.545,,,,,,TAFCstimuli01/nimnym001.wav,,,,,,,,,,,,,,,,0,2,2,0,1,,,,,,,,,,,,,,,,,,,,,,,,,,,,,,,,,,,,,,,,,,,
,,,,,183115,001,2024-05-21_14h21.12.242,AXB:2AFC Experiments (16.05.2024),2024.1.3,Win32,62.5,,,,,,,,,,,,,,,,,,,,,,,,,,,,,,nym,,,,,,,,,,,,,,,,,,,,,,,,,,,,,,,,,,,,,,,,,,,,,,,,,,,,,,,,,,,,,,,,,,,,,,,,,,,,,655.862,658.061,2,2.197,,,,,,TAFCstimuli01/nimnym006.wav,,,,,,,,,,,,,,,,0,3,3,5,1,,,,,,,,,,,,,,,,,,,,,,,,,,,,,,,,,,,,,,,,,,,
,,,,,183115,001,2024-05-21_14h21.12.242,AXB:2AFC Experiments (16.05.2024),2024.1.3,Win32,62.5,,,,,,,,,,,,,,,,,,,,,,,,,,,,,,/,,,,,,,,,,,,,,,,,,,,,,,,,,,,,,,,,,,,,,,,,,,,,,,,,,,,,,,,,,,,,,,,,,,,,,,,,,,,,658.061,660.228,2,2.159,,,,,,TAFCstimuli01/nimnym004.wav,,,,,,,,,,,,,,,,0,4,4,3,1,,,,,,,,,,,,,,,,,,,,,,,,,,,,,,,,,,,,,,,,,,,
,,,,,183115,001,2024-05-21_14h21.12.242,AXB:2AFC Experiments (16.05.2024),2024.1.3,Win32,62.5,,,,,,,,,,,,,,,,,,,,,,,,,,,,,,nim,,,,,,,,,,,,,,,,,,,,,,,,,,,,,,,,,,,,,,,,,,,,,,,,,,,,,,,,,,,,,,,,,,,,,,,,,,,,,660.228,662.111,1,1.875,,,,,,TAFCstimuli01/nimnym002.wav,,,,,,,,,,,,,,,,0,5,5,1,1,,,,,,,,,,,,,,,,,,,,,,,,,,,,,,,,,,,,,,,,,,,
,,,,,183115,001,2024-05-21_14h21.12.242,AXB:2AFC Experiments (16.05.2024),2024.1.3,Win32,62.5,,,,,,,,,,,,,,,,,,,,,,,,,,,,,,nim,,,,,,,,,,,,,,,,,,,,,,,,,,,,,,,,,,,,,,,,,,,,,,,,,,,,,,,,,,,,,,,,,,,,,,,,,,,,,662.111,663.828,1,1.704,,,,,,TAFCstimuli01/nimnym003.wav,,,,,,,,,,,,,,,,0,6,6,2,1,,,,,,,,,,,,,,,,,,,,,,,,,,,,,,,,,,,,,,,,,,,
,,,,,183115,001,2024-05-21_14h21.12.242,AXB:2AFC Experiments (16.05.2024),2024.1.3,Win32,62.5,,,,,,,,,,,,,,,,,,,,,,,,,,,,,,,663.829,671.129,space,7.279,,,,,,,,,,,,,,,,,,,,,,,,,,,,,,,,,,,,,,,,,,,,,,,,,,,,,,,,,,,,,,,,,,,,,,,,,,,,,,,,,,,,,,,,,,,,,,,,,,,,,,,,,,,,,,,,,,,,,,,,,,,,,,,,,,,,,,,,,,,,,,,,,
,,,,,183115,001,2024-05-21_14h21.12.242,AXB:2AFC Experiments (16.05.2024),2024.1.3,Win32,62.5,,,,,,,,,,,,,,,,,,,,,,,,,,,,,,num,,,,,,,,,,,,,,,,,,,,,,,,,,,,,,,,,,,,,,,,,,,,,,,,,,,,,,,,,,,,,,,,,,,,,,,,,,,,,,,,,,,,,,,,,,,,,,,,,,,,,,,,,,,671.136,675.846,1,4.698,0,0,0,2,1,TAFCstimuli02/numnym003.wav,,,,,,,,,,,,,,,,,,,,,,,,,,,,,,,,,
,,,,,183115,001,2024-05-21_14h21.12.242,AXB:2AFC Experiments (16.05.2024),2024.1.3,Win32,62.5,,,,,,,,,,,,,,,,,,,,,,,,,,,,,,num,,,,,,,,,,,,,,,,,,,,,,,,,,,,,,,,,,,,,,,,,,,,,,,,,,,,,,,,,,,,,,,,,,,,,,,,,,,,,,,,,,,,,,,,,,,,,,,,,,,,,,,,,,,675.847,678.096,1,2.239,0,1,1,1,1,TAFCstimuli02/numnym002.wav,,,,,,,,,,,,,,,,,,,,,,,,,,,,,,,,,
,,,,,183115,001,2024-05-21_14h21.12.242,AXB:2AFC Experiments (16.05.2024),2024.1.3,Win32,62.5,,,,,,,,,,,,,,,,,,,,,,,,,,,,,,nym,,,,,,,,,,,,,,,,,,,,,,,,,,,,,,,,,,,,,,,,,,,,,,,,,,,,,,,,,,,,,,,,,,,,,,,,,,,,,,,,,,,,,,,,,,,,,,,,,,,,,,,,,,,678.096,679.796,2,1.7,0,2,2,6,1,TAFCstimuli02/numnym007.wav,,,,,,,,,,,,,,,,,,,,,,,,,,,,,,,,,
,,,,,183115,001,2024-05-21_14h21.12.242,AXB:2AFC Experiments (16.05.2024),2024.1.3,Win32,62.5,,,,,,,,,,,,,,,,,,,,,,,,,,,,,,/,,,,,,,,,,,,,,,,,,,,,,,,,,,,,,,,,,,,,,,,,,,,,,,,,,,,,,,,,,,,,,,,,,,,,,,,,,,,,,,,,,,,,,,,,,,,,,,,,,,,,,,,,,,679.796,682.546,2,2.745,0,3,3,3,1,TAFCstimuli02/numnym004.wav,,,,,,,,,,,,,,,,,,,,,,,,,,,,,,,,,
,,,,,183115,001,2024-05-21_14h21.12.242,AXB:2AFC Experiments (16.05.2024),2024.1.3,Win32,62.5,,,,,,,,,,,,,,,,,,,,,,,,,,,,,,num,,,,,,,,,,,,,,,,,,,,,,,,,,,,,,,,,,,,,,,,,,,,,,,,,,,,,,,,,,,,,,,,,,,,,,,,,,,,,,,,,,,,,,,,,,,,,,,,,,,,,,,,,,,682.546,684.23,1,1.68,0,4,4,0,1,TAFCstimuli02/numnym001.wav,,,,,,,,,,,,,,,,,,,,,,,,,,,,,,,,,
,,,,,183115,001,2024-05-21_14h21.12.242,AXB:2AFC Experiments (16.05.2024),2024.1.3,Win32,62.5,,,,,,,,,,,,,,,,,,,,,,,,,,,,,,nym,,,,,,,,,,,,,,,,,,,,,,,,,,,,,,,,,,,,,,,,,,,,,,,,,,,,,,,,,,,,,,,,,,,,,,,,,,,,,,,,,,,,,,,,,,,,,,,,,,,,,,,,,,,684.23,686.197,2,1.955,0,5,5,5,1,TAFCstimuli02/numnym006.wav,,,,,,,,,,,,,,,,,,,,,,,,,,,,,,,,,
,,,,,183115,001,2024-05-21_14h21.12.242,AXB:2AFC Experiments (16.05.2024),2024.1.3,Win32,62.5,,,,,,,,,,,,,,,,,,,,,,,,,,,,,,nym,,,,,,,,,,,,,,,,,,,,,,,,,,,,,,,,,,,,,,,,,,,,,,,,,,,,,,,,,,,,,,,,,,,,,,,,,,,,,,,,,,,,,,,,,,,,,,,,,,,,,,,,,,,686.197,688.097,2,1.887,0,6,6,4,1,TAFCstimuli02/numnym005.wav,,,,,,,,,,,,,,,,,,,,,,,,,,,,,,,,,
,,,,,183115,001,2024-05-21_14h21.12.242,AXB:2AFC Experiments (16.05.2024),2024.1.3,Win32,62.5,,,,,,,,,,,,,,,,,,,,,,,,,,,,,,,,,,,,,,,,,,,,,,,,,,,,,,,,,,,,,,,,,,,,,,,,,,,,,,,,,,,,,,,,,,,,,,,,,,,,,,,,,,,,,,,,,,,,,,,,,,,,,,,,,,,,,,,,,,,,,,,,,,,688.097,690.681,space,2.568,,,,,,,,,,,,,,,,,,,,,,,,,,,,,
,,,,,183115,001,2024-05-21_14h21.12.242,AXB:2AFC Experiments (16.05.2024),2024.1.3,Win32,62.5,,,,,,,,,,,,,,,,,,,,,,,,,,,,,,/,,,,,,,,,,,,,,,,,,,,,,,,,,,,,,,,,,,,,,,,,,,,,,,,,,,,,,,,,,,,,,,,,,,,,,,,,,,,,,,,,,,,,,,,,,,,,,,,,,,,,,,,,,,690.683,692.447,1,1.757,,,,,,TAFCstimuli02/numnym004.wav,,,,,,,,0,0,0,3,1,,,,,,,,,,,,,,,,,,,,,
,,,,,183115,001,2024-05-21_14h21.12.242,AXB:2AFC Experiments (16.05.2024),2024.1.3,Win32,62.5,,,,,,,,,,,,,,,,,,,,,,,,,,,,,,num,,,,,,,,,,,,,,,,,,,,,,,,,,,,,,,,,,,,,,,,,,,,,,,,,,,,,,,,,,,,,,,,,,,,,,,,,,,,,,,,,,,,,,,,,,,,,,,,,,,,,,,,,,,692.448,694.181,1,1.725,,,,,,TAFCstimuli02/numnym003.wav,,,,,,,,0,1,1,2,1,,,,,,,,,,,,,,,,,,,,,
,,,,,183115,001,2024-05-21_14h21.12.242,AXB:2AFC Experiments (16.05.2024),2024.1.3,Win32,62.5,,,,,,,,,,,,,,,,,,,,,,,,,,,,,,nym,,,,,,,,,,,,,,,,,,,,,,,,,,,,,,,,,,,,,,,,,,,,,,,,,,,,,,,,,,,,,,,,,,,,,,,,,,,,,,,,,,,,,,,,,,,,,,,,,,,,,,,,,,,694.181,695.881,2,1.695,,,,,,TAFCstimuli02/numnym006.wav,,,,,,,,0,2,2,5,1,,,,,,,,,,,,,,,,,,,,,
,,,,,183115,001,2024-05-21_14h21.12.242,AXB:2AFC Experiments (16.05.2024),2024.1.3,Win32,62.5,,,,,,,,,,,,,,,,,,,,,,,,,,,,,,nym,,,,,,,,,,,,,,,,,,,,,,,,,,,,,,,,,,,,,,,,,,,,,,,,,,,,,,,,,,,,,,,,,,,,,,,,,,,,,,,,,,,,,,,,,,,,,,,,,,,,,,,,,,,695.881,697.549,2,1.667,,,,,,TAFCstimuli02/numnym007.wav,,,,,,,,0,3,3,6,1,,,,,,,,,,,,,,,,,,,,,
,,,,,183115,001,2024-05-21_14h21.12.242,AXB:2AFC Experiments (16.05.2024),2024.1.3,Win32,62.5,,,,,,,,,,,,,,,,,,,,,,,,,,,,,,num,,,,,,,,,,,,,,,,,,,,,,,,,,,,,,,,,,,,,,,,,,,,,,,,,,,,,,,,,,,,,,,,,,,,,,,,,,,,,,,,,,,,,,,,,,,,,,,,,,,,,,,,,,,697.549,699.898,1,2.339,,,,,,TAFCstimuli02/numnym002.wav,,,,,,,,0,4,4,1,1,,,,,,,,,,,,,,,,,,,,,
,,,,,183115,001,2024-05-21_14h21.12.242,AXB:2AFC Experiments (16.05.2024),2024.1.3,Win32,62.5,,,,,,,,,,,,,,,,,,,,,,,,,,,,,,nym,,,,,,,,,,,,,,,,,,,,,,,,,,,,,,,,,,,,,,,,,,,,,,,,,,,,,,,,,,,,,,,,,,,,,,,,,,,,,,,,,,,,,,,,,,,,,,,,,,,,,,,,,,,699.899,702.049,2,2.141,,,,,,TAFCstimuli02/numnym005.wav,,,,,,,,0,5,5,4,1,,,,,,,,,,,,,,,,,,,,,
,,,,,183115,001,2024-05-21_14h21.12.242,AXB:2AFC Experiments (16.05.2024),2024.1.3,Win32,62.5,,,,,,,,,,,,,,,,,,,,,,,,,,,,,,num,,,,,,,,,,,,,,,,,,,,,,,,,,,,,,,,,,,,,,,,,,,,,,,,,,,,,,,,,,,,,,,,,,,,,,,,,,,,,,,,,,,,,,,,,,,,,,,,,,,,,,,,,,,702.049,704.099,1,2.039,,,,,,TAFCstimuli02/numnym001.wav,,,,,,,,0,6,6,0,1,,,,,,,,,,,,,,,,,,,,,
,,,,,183115,001,2024-05-21_14h21.12.242,AXB:2AFC Experiments (16.05.2024),2024.1.3,Win32,62.5,,,,,,,,,,,,,,,,,,,,,,,,,,,,,,num,,,,,,,,,,,,,,,,,,,,,,,,,,,,,,,,,,,,,,,,,,,,,,,,,,,,,,,,,,,,,,,,,,,,,,,,,,,,,,,,,,,,,,,,,,,,,,,,,,,,,,,,,,,704.099,705.582,1,1.481,,,,,,TAFCstimuli02/numnym003.wav,,,,,,,,1,0,7,2,1,,,,,,,,,,,,,,,,,,,,,
,,,,,183115,001,2024-05-21_14h21.12.242,AXB:2AFC Experiments (16.05.2024),2024.1.3,Win32,62.5,,,,,,,,,,,,,,,,,,,,,,,,,,,,,,num,,,,,,,,,,,,,,,,,,,,,,,,,,,,,,,,,,,,,,,,,,,,,,,,,,,,,,,,,,,,,,,,,,,,,,,,,,,,,,,,,,,,,,,,,,,,,,,,,,,,,,,,,,,705.582,707.05,1,1.455,,,,,,TAFCstimuli02/numnym001.wav,,,,,,,,1,1,8,0,1,,,,,,,,,,,,,,,,,,,,,
,,,,,183115,001,2024-05-21_14h21.12.242,AXB:2AFC Experiments (16.05.2024),2024.1.3,Win32,62.5,,,,,,,,,,,,,,,,,,,,,,,,,,,,,,nym,,,,,,,,,,,,,,,,,,,,,,,,,,,,,,,,,,,,,,,,,,,,,,,,,,,,,,,,,,,,,,,,,,,,,,,,,,,,,,,,,,,,,,,,,,,,,,,,,,,,,,,,,,,707.05,708.783,2,1.733,,,,,,TAFCstimuli02/numnym005.wav,,,,,,,,1,2,9,4,1,,,,,,,,,,,,,,,,,,,,,
,,,,,183115,001,2024-05-21_14h21.12.242,AXB:2AFC Experiments (16.05.2024),2024.1.3,Win32,62.5,,,,,,,,,,,,,,,,,,,,,,,,,,,,,,nym,,,,,,,,,,,,,,,,,,,,,,,,,,,,,,,,,,,,,,,,,,,,,,,,,,,,,,,,,,,,,,,,,,,,,,,,,,,,,,,,,,,,,,,,,,,,,,,,,,,,,,,,,,,708.783,710.267,2,1.472,,,,,,TAFCstimuli02/numnym007.wav,,,,,,,,1,3,10,6,1,,,,,,,,,,,,,,,,,,,,,
,,,,,183115,001,2024-05-21_14h21.12.242,AXB:2AFC Experiments (16.05.2024),2024.1.3,Win32,62.5,,,,,,,,,,,,,,,,,,,,,,,,,,,,,,num,,,,,,,,,,,,,,,,,,,,,,,,,,,,,,,,,,,,,,,,,,,,,,,,,,,,,,,,,,,,,,,,,,,,,,,,,,,,,,,,,,,,,,,,,,,,,,,,,,,,,,,,,,,710.267,712.466,1,2.199,,,,,,TAFCstimuli02/numnym002.wav,,,,,,,,1,4,11,1,1,,,,,,,,,,,,,,,,,,,,,
,,,,,183115,001,2024-05-21_14h21.12.242,AXB:2AFC Experiments (16.05.2024),2024.1.3,Win32,62.5,,,,,,,,,,,,,,,,,,,,,,,,,,,,,,nym,,,,,,,,,,,,,,,,,,,,,,,,,,,,,,,,,,,,,,,,,,,,,,,,,,,,,,,,,,,,,,,,,,,,,,,,,,,,,,,,,,,,,,,,,,,,,,,,,,,,,,,,,,,712.467,714.1,2,1.62,,,,,,TAFCstimuli02/numnym006.wav,,,,,,,,1,5,12,5,1,,,,,,,,,,,,,,,,,,,,,
,,,,,183115,001,2024-05-21_14h21.12.242,AXB:2AFC Experiments (16.05.2024),2024.1.3,Win32,62.5,,,,,,,,,,,,,,,,,,,,,,,,,,,,,,/,,,,,,,,,,,,,,,,,,,,,,,,,,,,,,,,,,,,,,,,,,,,,,,,,,,,,,,,,,,,,,,,,,,,,,,,,,,,,,,,,,,,,,,,,,,,,,,,,,,,,,,,,,,714.1,715.833,2,1.725,,,,,,TAFCstimuli02/numnym004.wav,,,,,,,,1,6,13,3,1,,,,,,,,,,,,,,,,,,,,,
,,,,,183115,001,2024-05-21_14h21.12.242,AXB:2AFC Experiments (16.05.2024),2024.1.3,Win32,62.5,,,,,,,,,,,,,,,,,,,,,,,,,,,,,,nym,,,,,,,,,,,,,,,,,,,,,,,,,,,,,,,,,,,,,,,,,,,,,,,,,,,,,,,,,,,,,,,,,,,,,,,,,,,,,,,,,,,,,,,,,,,,,,,,,,,,,,,,,,,715.833,717.783,2,1.949,,,,,,TAFCstimuli02/numnym007.wav,,,,,,,,2,0,14,6,1,,,,,,,,,,,,,,,,,,,,,
,,,,,183115,001,2024-05-21_14h21.12.242,AXB:2AFC Experiments (16.05.2024),2024.1.3,Win32,62.5,,,,,,,,,,,,,,,,,,,,,,,,,,,,,,num,,,,,,,,,,,,,,,,,,,,,,,,,,,,,,,,,,,,,,,,,,,,,,,,,,,,,,,,,,,,,,,,,,,,,,,,,,,,,,,,,,,,,,,,,,,,,,,,,,,,,,,,,,,717.783,719.683,1,1.897,,,,,,TAFCstimuli02/numnym003.wav,,,,,,,,2,1,15,2,1,,,,,,,,,,,,,,,,,,,,,
,,,,,183115,001,2024-05-21_14h21.12.242,AXB:2AFC Experiments (16.05.2024),2024.1.3,Win32,62.5,,,,,,,,,,,,,,,,,,,,,,,,,,,,,,num,,,,,,,,,,,,,,,,,,,,,,,,,,,,,,,,,,,,,,,,,,,,,,,,,,,,,,,,,,,,,,,,,,,,,,,,,,,,,,,,,,,,,,,,,,,,,,,,,,,,,,,,,,,719.683,721.717,1,2.03,,,,,,TAFCstimuli02/numnym002.wav,,,,,,,,2,2,16,1,1,,,,,,,,,,,,,,,,,,,,,
,,,,,183115,001,2024-05-21_14h21.12.242,AXB:2AFC Experiments (16.05.2024),2024.1.3,Win32,62.5,,,,,,,,,,,,,,,,,,,,,,,,,,,,,,num,,,,,,,,,,,,,,,,,,,,,,,,,,,,,,,,,,,,,,,,,,,,,,,,,,,,,,,,,,,,,,,,,,,,,,,,,,,,,,,,,,,,,,,,,,,,,,,,,,,,,,,,,,,721.717,723.351,1,1.631,,,,,,TAFCstimuli02/numnym001.wav,,,,,,,,2,3,17,0,1,,,,,,,,,,,,,,,,,,,,,
,,,,,183115,001,2024-05-21_14h21.12.242,AXB:2AFC Experiments (16.05.2024),2024.1.3,Win32,62.5,,,,,,,,,,,,,,,,,,,,,,,,,,,,,,/,,,,,,,,,,,,,,,,,,,,,,,,,,,,,,,,,,,,,,,,,,,,,,,,,,,,,,,,,,,,,,,,,,,,,,,,,,,,,,,,,,,,,,,,,,,,,,,,,,,,,,,,,,,723.351,726.218,1,2.854,,,,,,TAFCstimuli02/numnym004.wav,,,,,,,,2,4,18,3,1,,,,,,,,,,,,,,,,,,,,,
,,,,,183115,001,2024-05-21_14h21.12.242,AXB:2AFC Experiments (16.05.2024),2024.1.3,Win32,62.5,,,,,,,,,,,,,,,,,,,,,,,,,,,,,,nym,,,,,,,,,,,,,,,,,,,,,,,,,,,,,,,,,,,,,,,,,,,,,,,,,,,,,,,,,,,,,,,,,,,,,,,,,,,,,,,,,,,,,,,,,,,,,,,,,,,,,,,,,,,726.218,727.885,2,1.66,,,,,,TAFCstimuli02/numnym006.wav,,,,,,,,2,5,19,5,1,,,,,,,,,,,,,,,,,,,,,
,,,,,183115,001,2024-05-21_14h21.12.242,AXB:2AFC Experiments (16.05.2024),2024.1.3,Win32,62.5,,,,,,,,,,,,,,,,,,,,,,,,,,,,,,nym,,,,,,,,,,,,,,,,,,,,,,,,,,,,,,,,,,,,,,,,,,,,,,,,,,,,,,,,,,,,,,,,,,,,,,,,,,,,,,,,,,,,,,,,,,,,,,,,,,,,,,,,,,,727.885,729.818,2,1.928,,,,,,TAFCstimuli02/numnym005.wav,,,,,,,,2,6,20,4,1,,,,,,,,,,,,,,,,,,,,,
,,,,,183115,001,2024-05-21_14h21.12.242,AXB:2AFC Experiments (16.05.2024),2024.1.3,Win32,62.5,,,,,,,,,,,,,,,,,,,,,,,,,,,,,,,729.818,757.721,space,27.886,,,,,,,,,,,,,,,,,,,,,,,,,,,,,,,,,,,,,,,,,,,,,,,,,,,,,,,,,,,,,,,,,,,,,,,,,,,,,,,,,,,,,,,,,,,,,,,,,,,,,,,,,,,,,,,,,,,,,,,,,,,,,,,,,,,,,,,,,,,,,,,,,
,,,,,183115,001,2024-05-21_14h21.12.242,AXB:2AFC Experiments (16.05.2024),2024.1.3,Win32,62.5,,,,,,,,,,,,,,,,,,,,,,,,,,,,,,num,,,,,,,,,,,,,,,,,,,,,,,,,,,,,,,,,,,,,,,,,,,,,,,,,,,,,,,,,,,,,,,,,,,,,,,,,,,,,,,,,,,,,,,,,,,,,,,,,,,,,,,,,,,757.728,759.654,1,1.922,,,,,,TAFCstimuli02/numnym002.wav,,,,,,,,,,,,,0,0,0,1,1,,,,,,,,,,,,,,,,
,,,,,183115,001,2024-05-21_14h21.12.242,AXB:2AFC Experiments (16.05.2024),2024.1.3,Win32,62.5,,,,,,,,,,,,,,,,,,,,,,,,,,,,,,nym,,,,,,,,,,,,,,,,,,,,,,,,,,,,,,,,,,,,,,,,,,,,,,,,,,,,,,,,,,,,,,,,,,,,,,,,,,,,,,,,,,,,,,,,,,,,,,,,,,,,,,,,,,,759.655,761.371,2,1.712,,,,,,TAFCstimuli02/numnym007.wav,,,,,,,,,,,,,0,1,1,6,1,,,,,,,,,,,,,,,,
,,,,,183115,001,2024-05-21_14h21.12.242,AXB:2AFC Experiments (16.05.2024),2024.1.3,Win32,62.5,,,,,,,,,,,,,,,,,,,,,,,,,,,,,,num,,,,,,,,,,,,,,,,,,,,,,,,,,,,,,,,,,,,,,,,,,,,,,,,,,,,,,,,,,,,,,,,,,,,,,,,,,,,,,,,,,,,,,,,,,,,,,,,,,,,,,,,,,,761.372,763.138,1,1.766,,,,,,TAFCstimuli02/numnym001.wav,,,,,,,,,,,,,0,2,2,0,1,,,,,,,,,,,,,,,,
,,,,,183115,001,2024-05-21_14h21.12.242,AXB:2AFC Experiments (16.05.2024),2024.1.3,Win32,62.5,,,,,,,,,,,,,,,,,,,,,,,,,,,,,,nym,,,,,,,,,,,,,,,,,,,,,,,,,,,,,,,,,,,,,,,,,,,,,,,,,,,,,,,,,,,,,,,,,,,,,,,,,,,,,,,,,,,,,,,,,,,,,,,,,,,,,,,,,,,763.138,764.938,2,1.791,,,,,,TAFCstimuli02/numnym006.wav,,,,,,,,,,,,,0,3,3,5,1,,,,,,,,,,,,,,,,
,,,,,183115,001,2024-05-21_14h21.12.242,AXB:2AFC Experiments (16.05.2024),2024.1.3,Win32,62.5,,,,,,,,,,,,,,,,,,,,,,,,,,,,,,num,,,,,,,,,,,,,,,,,,,,,,,,,,,,,,,,,,,,,,,,,,,,,,,,,,,,,,,,,,,,,,,,,,,,,,,,,,,,,,,,,,,,,,,,,,,,,,,,,,,,,,,,,,,764.938,766.371,1,1.424,,,,,,TAFCstimuli02/numnym003.wav,,,,,,,,,,,,,0,4,4,2,1,,,,,,,,,,,,,,,,
,,,,,183115,001,2024-05-21_14h21.12.242,AXB:2AFC Experiments (16.05.2024),2024.1.3,Win32,62.5,,,,,,,,,,,,,,,,,,,,,,,,,,,,,,nym,,,,,,,,,,,,,,,,,,,,,,,,,,,,,,,,,,,,,,,,,,,,,,,,,,,,,,,,,,,,,,,,,,,,,,,,,,,,,,,,,,,,,,,,,,,,,,,,,,,,,,,,,,,766.371,768.489,1,2.113,,,,,,TAFCstimuli02/numnym005.wav,,,,,,,,,,,,,0,5,5,4,1,,,,,,,,,,,,,,,,
,,,,,183115,001,2024-05-21_14h21.12.242,AXB:2AFC Experiments (16.05.2024),2024.1.3,Win32,62.5,,,,,,,,,,,,,,,,,,,,,,,,,,,,,,/,,,,,,,,,,,,,,,,,,,,,,,,,,,,,,,,,,,,,,,,,,,,,,,,,,,,,,,,,,,,,,,,,,,,,,,,,,,,,,,,,,,,,,,,,,,,,,,,,,,,,,,,,,,768.489,769.922,1,1.42,,,,,,TAFCstimuli02/numnym004.wav,,,,,,,,,,,,,0,6,6,3,1,,,,,,,,,,,,,,,,
,,,,,183115,001,2024-05-21_14h21.12.242,AXB:2AFC Experiments (16.05.2024),2024.1.3,Win32,62.5,,,,,,,,,,,,,,,,,,,,,,,,,,,,,,nym,,,,,,,,,,,,,,,,,,,,,,,,,,,,,,,,,,,,,,,,,,,,,,,,,,,,,,,,,,,,,,,,,,,,,,,,,,,,,,,,,,,,,,,,,,,,,,,,,,,,,,,,,,,769.923,771.306,1,1.374,,,,,,TAFCstimuli02/numnym007.wav,,,,,,,,,,,,,1,0,7,6,1,,,,,,,,,,,,,,,,
,,,,,183115,001,2024-05-21_14h21.12.242,AXB:2AFC Experiments (16.05.2024),2024.1.3,Win32,62.5,,,,,,,,,,,,,,,,,,,,,,,,,,,,,,/,,,,,,,,,,,,,,,,,,,,,,,,,,,,,,,,,,,,,,,,,,,,,,,,,,,,,,,,,,,,,,,,,,,,,,,,,,,,,,,,,,,,,,,,,,,,,,,,,,,,,,,,,,,771.306,773.289,1,1.978,,,,,,TAFCstimuli02/numnym004.wav,,,,,,,,,,,,,1,1,8,3,1,,,,,,,,,,,,,,,,
,,,,,183115,001,2024-05-21_14h21.12.242,AXB:2AFC Experiments (16.05.2024),2024.1.3,Win32,62.5,,,,,,,,,,,,,,,,,,,,,,,,,,,,,,num,,,,,,,,,,,,,,,,,,,,,,,,,,,,,,,,,,,,,,,,,,,,,,,,,,,,,,,,,,,,,,,,,,,,,,,,,,,,,,,,,,,,,,,,,,,,,,,,,,,,,,,,,,,773.29,775.223,1,1.93,,,,,,TAFCstimuli02/numnym001.wav,,,,,,,,,,,,,1,2,9,0,1,,,,,,,,,,,,,,,,
,,,,,183115,001,2024-05-21_14h21.12.242,AXB:2AFC Experiments (16.05.2024),2024.1.3,Win32,62.5,,,,,,,,,,,,,,,,,,,,,,,,,,,,,,num,,,,,,,,,,,,,,,,,,,,,,,,,,,,,,,,,,,,,,,,,,,,,,,,,,,,,,,,,,,,,,,,,,,,,,,,,,,,,,,,,,,,,,,,,,,,,,,,,,,,,,,,,,,775.223,776.923,1,1.699,,,,,,TAFCstimuli02/numnym002.wav,,,,,,,,,,,,,1,3,10,1,1,,,,,,,,,,,,,,,,
,,,,,183115,001,2024-05-21_14h21.12.242,AXB:2AFC Experiments (16.05.2024),2024.1.3,Win32,62.5,,,,,,,,,,,,,,,,,,,,,,,,,,,,,,nym,,,,,,,,,,,,,,,,,,,,,,,,,,,,,,,,,,,,,,,,,,,,,,,,,,,,,,,,,,,,,,,,,,,,,,,,,,,,,,,,,,,,,,,,,,,,,,,,,,,,,,,,,,,776.923,779.09,2,2.155,,,,,,TAFCstimuli02/numnym006.wav,,,,,,,,,,,,,1,4,11,5,1,,,,,,,,,,,,,,,,
,,,,,183115,001,2024-05-21_14h21.12.242,AXB:2AFC Experiments (16.05.2024),2024.1.3,Win32,62.5,,,,,,,,,,,,,,,,,,,,,,,,,,,,,,num,,,,,,,,,,,,,,,,,,,,,,,,,,,,,,,,,,,,,,,,,,,,,,,,,,,,,,,,,,,,,,,,,,,,,,,,,,,,,,,,,,,,,,,,,,,,,,,,,,,,,,,,,,,779.09,780.723,1,1.627,,,,,,TAFCstimuli02/numnym003.wav,,,,,,,,,,,,,1,5,12,2,1,,,,,,,,,,,,,,,,
,,,,,183115,001,2024-05-21_14h21.12.242,AXB:2AFC Experiments (16.05.2024),2024.1.3,Win32,62.5,,,,,,,,,,,,,,,,,,,,,,,,,,,,,,nym,,,,,,,,,,,,,,,,,,,,,,,,,,,,,,,,,,,,,,,,,,,,,,,,,,,,,,,,,,,,,,,,,,,,,,,,,,,,,,,,,,,,,,,,,,,,,,,,,,,,,,,,,,,780.723,782.423,2,1.689,,,,,,TAFCstimuli02/numnym005.wav,,,,,,,,,,,,,1,6,13,4,1,,,,,,,,,,,,,,,,
,,,,,183115,001,2024-05-21_14h21.12.242,AXB:2AFC Experiments (16.05.2024),2024.1.3,Win32,62.5,,,,,,,,,,,,,,,,,,,,,,,,,,,,,,,,,,,,,,,,,,,,,,,,,,,,,,,,,,,,,,,,,,,,,,,,,,,,,,,,,,,,,,,,,,,,,,,,,,,,,,,,,,,,,,,,,,,,,,,,,,,,,,,,,,,,,,,,,,,,,,,,,,,,,,,,,,,,,,,,,,,,782.424,783.924,0,[783.925],[783.925],,,,,,,,,,,
,,,,,183115,001,2024-05-21_14h21.12.242,AXB:2AFC Experiments (16.05.2024),2024.1.3,Win32,62.5,,,,,,,,,,,,,,,,,,,,,,,,,,,,,,num,,,,,,,,,,,,,,,,,,,,,,,,,,,,,,,,,,,,,,,,,,,,,,,,,,,,,,,,,,,,,,,,,,,,,,,,,,,,,,,,,,,,,,,,,,,,,,,,,,,,,,,,,,,783.926,786.024,1,2.093,,,,,,TAFCstimuli02/numnym002.wav,,,,,,,,,,,,,,,,,,,,,,,,0,0,0,1,1,,,,,
,,,,,183115,001,2024-05-21_14h21.12.242,AXB:2AFC Experiments (16.05.2024),2024.1.3,Win32,62.5,,,,,,,,,,,,,,,,,,,,,,,,,,,,,,nym,,,,,,,,,,,,,,,,,,,,,,,,,,,,,,,,,,,,,,,,,,,,,,,,,,,,,,,,,,,,,,,,,,,,,,,,,,,,,,,,,,,,,,,,,,,,,,,,,,,,,,,,,,,786.024,787.724,2,1.698,,,,,,TAFCstimuli02/numnym007.wav,,,,,,,,,,,,,,,,,,,,,,,,0,1,1,6,1,,,,,
,,,,,183115,001,2024-05-21_14h21.12.242,AXB:2AFC Experiments (16.05.2024),2024.1.3,Win32,62.5,,,,,,,,,,,,,,,,,,,,,,,,,,,,,,num,,,,,,,,,,,,,,,,,,,,,,,,,,,,,,,,,,,,,,,,,,,,,,,,,,,,,,,,,,,,,,,,,,,,,,,,,,,,,,,,,,,,,,,,,,,,,,,,,,,,,,,,,,,787.724,789.34,1,1.61,,,,,,TAFCstimuli02/numnym001.wav,,,,,,,,,,,,,,,,,,,,,,,,0,2,2,0,1,,,,,
,,,,,183115,001,2024-05-21_14h21.12.242,AXB:2AFC Experiments (16.05.2024),2024.1.3,Win32,62.5,,,,,,,,,,,,,,,,,,,,,,,,,,,,,,nym,,,,,,,,,,,,,,,,,,,,,,,,,,,,,,,,,,,,,,,,,,,,,,,,,,,,,,,,,,,,,,,,,,,,,,,,,,,,,,,,,,,,,,,,,,,,,,,,,,,,,,,,,,,789.341,790.674,2,1.321,,,,,,TAFCstimuli02/numnym006.wav,,,,,,,,,,,,,,,,,,,,,,,,0,3,3,5,1,,,,,
,,,,,183115,001,2024-05-21_14h21.12.242,AXB:2AFC Experiments (16.05.2024),2024.1.3,Win32,62.5,,,,,,,,,,,,,,,,,,,,,,,,,,,,,,num,,,,,,,,,,,,,,,,,,,,,,,,,,,,,,,,,,,,,,,,,,,,,,,,,,,,,,,,,,,,,,,,,,,,,,,,,,,,,,,,,,,,,,,,,,,,,,,,,,,,,,,,,,,790.674,791.907,1,1.233,,,,,,TAFCstimuli02/numnym003.wav,,,,,,,,,,,,,,,,,,,,,,,,0,4,4,2,1,,,,,
,,,,,183115,001,2024-05-21_14h21.12.242,AXB:2AFC Experiments (16.05.2024),2024.1.3,Win32,62.5,,,,,,,,,,,,,,,,,,,,,,,,,,,,,,nym,,,,,,,,,,,,,,,,,,,,,,,,,,,,,,,,,,,,,,,,,,,,,,,,,,,,,,,,,,,,,,,,,,,,,,,,,,,,,,,,,,,,,,,,,,,,,,,,,,,,,,,,,,,791.907,793.108,2,1.188,,,,,,TAFCstimuli02/numnym005.wav,,,,,,,,,,,,,,,,,,,,,,,,0,5,5,4,1,,,,,
,,,,,183115,001,2024-05-21_14h21.12.242,AXB:2AFC Experiments (16.05.2024),2024.1.3,Win32,62.5,,,,,,,,,,,,,,,,,,,,,,,,,,,,,,/,,,,,,,,,,,,,,,,,,,,,,,,,,,,,,,,,,,,,,,,,,,,,,,,,,,,,,,,,,,,,,,,,,,,,,,,,,,,,,,,,,,,,,,,,,,,,,,,,,,,,,,,,,,793.108,795.725,2,2.609,,,,,,TAFCstimuli02/numnym004.wav,,,,,,,,,,,,,,,,,,,,,,,,0,6,6,3,1,,,,,
,,,,,183115,001,2024-05-21_14h21.12.242,AXB:2AFC Experiments (16.05.2024),2024.1.3,Win32,62.5,,,,,,,,,,,,,,,,,,,,,,,,,,,,,,num,,,,,,,,,,,,,,,,,,,,,,,,,,,,,,,,,,,,,,,,,,,,,,,,,,,,,,,,,,,,,,,,,,,,,,,,,,,,,,,,,,,,,,,,,,,,,,,,,,,,,,,,,,,795.725,797.608,1,1.871,,,,,,TAFCstimuli02/numnym003.wav,,,,,,,,,,,,,,,,,,,,,,,,1,0,7,2,1,,,,,
,,,,,183115,001,2024-05-21_14h21.12.242,AXB:2AFC Experiments (16.05.2024),2024.1.3,Win32,62.5,,,,,,,,,,,,,,,,,,,,,,,,,,,,,,num,,,,,,,,,,,,,,,,,,,,,,,,,,,,,,,,,,,,,,,,,,,,,,,,,,,,,,,,,,,,,,,,,,,,,,,,,,,,,,,,,,,,,,,,,,,,,,,,,,,,,,,,,,,797.609,799.242,1,1.625,,,,,,TAFCstimuli02/numnym002.wav,,,,,,,,,,,,,,,,,,,,,,,,1,1,8,1,1,,,,,
,,,,,183115,001,2024-05-21_14h21.12.242,AXB:2AFC Experiments (16.05.2024),2024.1.3,Win32,62.5,,,,,,,,,,,,,,,,,,,,,,,,,,,,,,nym,,,,,,,,,,,,,,,,,,,,,,,,,,,,,,,,,,,,,,,,,,,,,,,,,,,,,,,,,,,,,,,,,,,,,,,,,,,,,,,,,,,,,,,,,,,,,,,,,,,,,,,,,,,799.242,800.992,2,1.74,,,,,,TAFCstimuli02/numnym007.wav,,,,,,,,,,,,,,,,,,,,,,,,1,2,9,6,1,,,,,
,,,,,183115,001,2024-05-21_14h21.12.242,AXB:2AFC Experiments (16.05.2024),2024.1.3,Win32,62.5,,,,,,,,,,,,,,,,,,,,,,,,,,,,,,num,,,,,,,,,,,,,,,,,,,,,,,,,,,,,,,,,,,,,,,,,,,,,,,,,,,,,,,,,,,,,,,,,,,,,,,,,,,,,,,,,,,,,,,,,,,,,,,,,,,,,,,,,,,800.992,802.426,1,1.422,,,,,,TAFCstimuli02/numnym001.wav,,,,,,,,,,,,,,,,,,,,,,,,1,3,10,0,1,,,,,
,,,,,183115,001,2024-05-21_14h21.12.242,AXB:2AFC Experiments (16.05.2024),2024.1.3,Win32,62.5,,,,,,,,,,,,,,,,,,,,,,,,,,,,,,nym,,,,,,,,,,,,,,,,,,,,,,,,,,,,,,,,,,,,,,,,,,,,,,,,,,,,,,,,,,,,,,,,,,,,,,,,,,,,,,,,,,,,,,,,,,,,,,,,,,,,,,,,,,,802.426,804.026,2,1.594,,,,,,TAFCstimuli02/numnym005.wav,,,,,,,,,,,,,,,,,,,,,,,,1,4,11,4,1,,,,,
,,,,,183115,001,2024-05-21_14h21.12.242,AXB:2AFC Experiments (16.05.2024),2024.1.3,Win32,62.5,,,,,,,,,,,,,,,,,,,,,,,,,,,,,,nym,,,,,,,,,,,,,,,,,,,,,,,,,,,,,,,,,,,,,,,,,,,,,,,,,,,,,,,,,,,,,,,,,,,,,,,,,,,,,,,,,,,,,,,,,,,,,,,,,,,,,,,,,,,804.026,806.025,2,1.989,,,,,,TAFCstimuli02/numnym006.wav,,,,,,,,,,,,,,,,,,,,,,,,1,5,12,5,1,,,,,
,,,,,183115,001,2024-05-21_14h21.12.242,AXB:2AFC Experiments (16.05.2024),2024.1.3,Win32,62.5,,,,,,,,,,,,,,,,,,,,,,,,,,,,,,/,,,,,,,,,,,,,,,,,,,,,,,,,,,,,,,,,,,,,,,,,,,,,,,,,,,,,,,,,,,,,,,,,,,,,,,,,,,,,,,,,,,,,,,,,,,,,,,,,,,,,,,,,,,806.026,807.776,2,1.744,,,,,,TAFCstimuli02/numnym004.wav,,,,,,,,,,,,,,,,,,,,,,,,1,6,13,3,1,,,,,
,,,,,183115,001,2024-05-21_14h21.12.242,AXB:2AFC Experiments (16.05.2024),2024.1.3,Win32,62.5,,,,,,,,,,,,,,,,,,,,,,,,,,,,,,,,,,,,,,,,,,,,,,,,,,,,,,,,,,,,,,,,,,,,,,,,,,,,,,,,,,,,,,,,,,,,,,,,,,,,,,,,,,,,,,,,,,,,,,,,,,,,,,,,,,,,,,,,,,,,,,,,,,,,,,,,,,,,,,,,,,,,,,,,,,,,,,,807.776,834.763,space,26.964,
