﻿start.started,start.stopped,startkey_resp.keys,startkey_resp.rt,startkey_resp.duration,participant,session,date,expName,psychopyVersion,OS,frameRate,attention.started,attention.stopped,key_resp.keys,key_resp.rt,key_resp.duration,stimuliAXBmix.started,stimuliAXBmix.stopped,stimuliAXBkey_resp.keys,stimuliAXBkey_resp.rt,stimuliAXBkey_resp.duration,stimuliAXBtesttrials.thisRepN,stimuliAXBtesttrials.thisTrialN,stimuliAXBtesttrials.thisN,stimuliAXBtesttrials.thisIndex,stimuliAXBtesttrials.ran,stimuliAXBmix,Correct,attentionsecond.started,attentionsecond.stopped,attentionsecondkey_resp.keys,attentionsecondkey_resp.rt,attentionsecondkey_resp.duration,instAXBreal.started,instAXBreal.stopped,instAXBrealkey_resp.keys,instAXBrealkey_resp.rt,instAXBrealkey_resp.duration,stimuliAXBmixfirst.thisRepN,stimuliAXBmixfirst.thisTrialN,stimuliAXBmixfirst.thisN,stimuliAXBmixfirst.thisIndex,stimuliAXBmixfirst.ran,attentionfirst.started,attentionfirst.stopped,attentionfirstkey_resp.keys,attentionfirstkey_resp.rt,attentionfirstkey_resp.duration,stimuliAXbmixsec.thisRepN,stimuliAXbmixsec.thisTrialN,stimuliAXbmixsec.thisN,stimuliAXbmixsec.thisIndex,stimuliAXbmixsec.ran,kaffeepause.started,kaffeepause.stopped,kaffeepausekey_resp.keys,kaffeepausekey_resp.rt,kaffeepausekey_resp.duration,instTAFCtest.started,instTAFCtest.stopped,instTAFCtestkey_resp.keys,instTAFCtestkey_resp.rt,instTAFCtestkey_resp.duration,testTAFCmixfirst.started,testTAFCmixfirst.stopped,testTAFCmixfirstkey_resp.keys,testTAFCmixfirstkey_resp.rt,testTAFCmixfirstkey_resp.duration,testTAFCmixfirsttrials.thisRepN,testTAFCmixfirsttrials.thisTrialN,testTAFCmixfirsttrials.thisN,testTAFCmixfirsttrials.thisIndex,testTAFCmixfirsttrials.ran,testTAFCmixfirst,testTAFCmixsec.started,testTAFCmixsec.stopped,testTAFCmixseckey_resp.keys,testTAFCmixseckey_resp.rt,testTAFCmixseckey_resp.duration,testTAFCmixsectrials.thisRepN,testTAFCmixsectrials.thisTrialN,testTAFCmixsectrials.thisN,testTAFCmixsectrials.thisIndex,testTAFCmixsectrials.ran,testTAFCmixsec,instTAFCreal.started,instTAFCreal.stopped,instTAFCrealkey_resp.keys,instTAFCrealkey_resp.rt,instTAFCrealkey_resp.duration,stimuliTAFCfirst.started,stimuliTAFCfirst.stopped,stimuliTAFCfirstkey_resp.keys,stimuliTAFCfirstkey_resp.rt,stimuliTAFCfirstkey_resp.duration,stimuliTAFCfirsttrials.thisRepN,stimuliTAFCfirsttrials.thisTrialN,stimuliTAFCfirsttrials.thisN,stimuliTAFCfirsttrials.thisIndex,stimuliTAFCfirsttrials.ran,stimuliTAFCfirst,stimuliTAFCsec.started,stimuliTAFCsec.stopped,stimuliTAFCseckey_resp.keys,stimuliTAFCseckey_resp.rt,stimuliTAFCseckey_resp.duration,stimuliTAFCsectrials.thisRepN,stimuliTAFCsectrials.thisTrialN,stimuliTAFCsectrials.thisN,stimuliTAFCsectrials.thisIndex,stimuliTAFCsectrials.ran,stimuliTAFCsec,end.started,end.stopped
0.0003,7.8367,space,7.8124,,66606177c232abb20a214fa7,001,2024-06-06_11h08.04.558,mathesisv2,2024.1.3,Win32,59.17159763,,,,,,,,,,,,,,,,,,,,,,,,,,,,,,,,,,,,,,,,,,,,,,,,,,,,,,,,,,,,,,,,,,,,,,,,,,,,,,,,,,,,,,,,,,,,,,,,,,,,,,,
,,,,,66606177c232abb20a214fa7,001,2024-06-06_11h08.04.558,mathesisv2,2024.1.3,Win32,59.17159763,7.8369,13.0378,space,5.1734,,,,,,,,,,,,,,,,,,,,,,,,,,,,,,,,,,,,,,,,,,,,,,,,,,,,,,,,,,,,,,,,,,,,,,,,,,,,,,,,,,,,,,,,,,,,,,,,,,,
,,,,,66606177c232abb20a214fa7,001,2024-06-06_11h08.04.558,mathesisv2,2024.1.3,Win32,59.17159763,,,,,,13.0465,28.1662,l,15.1115,,0,0,0,0,1,stimuliAXBmix/iiystimulus.wav,l,,,,,,,,,,,,,,,,,,,,,,,,,,,,,,,,,,,,,,,,,,,,,,,,,,,,,,,,,,,,,,,,,,,,,,,,,,,,,,,,,,,,,,
,,,,,66606177c232abb20a214fa7,001,2024-06-06_11h08.04.558,mathesisv2,2024.1.3,Win32,59.17159763,,,,,,28.1665,33.4442,f,5.2526,,0,1,1,1,1,stimuliAXBmix/iyystimulus.wav,f,,,,,,,,,,,,,,,,,,,,,,,,,,,,,,,,,,,,,,,,,,,,,,,,,,,,,,,,,,,,,,,,,,,,,,,,,,,,,,,,,,,,,,
,,,,,66606177c232abb20a214fa7,001,2024-06-06_11h08.04.558,mathesisv2,2024.1.3,Win32,59.17159763,,,,,,33.4448,37.2795,f,3.8154,,0,2,2,2,1,stimuliAXBmix/yuustimulus.wav,f,,,,,,,,,,,,,,,,,,,,,,,,,,,,,,,,,,,,,,,,,,,,,,,,,,,,,,,,,,,,,,,,,,,,,,,,,,,,,,,,,,,,,,
,,,,,66606177c232abb20a214fa7,001,2024-06-06_11h08.04.558,mathesisv2,2024.1.3,Win32,59.17159763,,,,,,37.2797,42.4413,l,5.1419,,0,3,3,3,1,stimuliAXBmix/yyustimulus.wav,l,,,,,,,,,,,,,,,,,,,,,,,,,,,,,,,,,,,,,,,,,,,,,,,,,,,,,,,,,,,,,,,,,,,,,,,,,,,,,,,,,,,,,,
,,,,,66606177c232abb20a214fa7,001,2024-06-06_11h08.04.558,mathesisv2,2024.1.3,Win32,59.17159763,,,,,,,,,,,,,,,,,,42.4417,44.6573,space,2.1857,,,,,,,,,,,,,,,,,,,,,,,,,,,,,,,,,,,,,,,,,,,,,,,,,,,,,,,,,,,,,,,,,,,,,,,,,,,,,,,,,,
,,,,,66606177c232abb20a214fa7,001,2024-06-06_11h08.04.558,mathesisv2,2024.1.3,Win32,59.17159763,,,,,,,,,,,,,,,,,,,,,,,44.6574,50.4584,space,5.7809,,,,,,,,,,,,,,,,,,,,,,,,,,,,,,,,,,,,,,,,,,,,,,,,,,,,,,,,,,,,,,,,,,,,,,,,,,,,,
,,,,,66606177c232abb20a214fa7,001,2024-06-06_11h08.04.558,mathesisv2,2024.1.3,Win32,59.17159763,,,,,,50.4627,57.7854,l,7.2994,,,,,,,stimuliAXBmix/iyystimulus.wav,f,,,,,,,,,,,0,0,0,1,1,,,,,,,,,,,,,,,,,,,,,,,,,,,,,,,,,,,,,,,,,,,,,,,,,,,,,,,,,,,,,,,,,,,,,,,
,,,,,66606177c232abb20a214fa7,001,2024-06-06_11h08.04.558,mathesisv2,2024.1.3,Win32,59.17159763,,,,,,57.7913,63.7672,f,5.9488,,,,,,,stimuliAXBmix/yuustimulus.wav,f,,,,,,,,,,,0,1,1,2,1,,,,,,,,,,,,,,,,,,,,,,,,,,,,,,,,,,,,,,,,,,,,,,,,,,,,,,,,,,,,,,,,,,,,,,,
,,,,,66606177c232abb20a214fa7,001,2024-06-06_11h08.04.558,mathesisv2,2024.1.3,Win32,59.17159763,,,,,,63.7722,67.3352,l,3.5484,,,,,,,stimuliAXBmix/yyustimulus.wav,l,,,,,,,,,,,0,2,2,3,1,,,,,,,,,,,,,,,,,,,,,,,,,,,,,,,,,,,,,,,,,,,,,,,,,,,,,,,,,,,,,,,,,,,,,,,
,,,,,66606177c232abb20a214fa7,001,2024-06-06_11h08.04.558,mathesisv2,2024.1.3,Win32,59.17159763,,,,,,67.3402,70.8147,l,3.4589,,,,,,,stimuliAXBmix/iiystimulus.wav,l,,,,,,,,,,,0,3,3,0,1,,,,,,,,,,,,,,,,,,,,,,,,,,,,,,,,,,,,,,,,,,,,,,,,,,,,,,,,,,,,,,,,,,,,,,,
,,,,,66606177c232abb20a214fa7,001,2024-06-06_11h08.04.558,mathesisv2,2024.1.3,Win32,59.17159763,,,,,,70.8198,79.8316,f,8.997,,,,,,,stimuliAXBmix/iyystimulus.wav,f,,,,,,,,,,,1,0,4,1,1,,,,,,,,,,,,,,,,,,,,,,,,,,,,,,,,,,,,,,,,,,,,,,,,,,,,,,,,,,,,,,,,,,,,,,,
,,,,,66606177c232abb20a214fa7,001,2024-06-06_11h08.04.558,mathesisv2,2024.1.3,Win32,59.17159763,,,,,,79.8369,83.51,l,3.6573,,,,,,,stimuliAXBmix/iiystimulus.wav,l,,,,,,,,,,,1,1,5,0,1,,,,,,,,,,,,,,,,,,,,,,,,,,,,,,,,,,,,,,,,,,,,,,,,,,,,,,,,,,,,,,,,,,,,,,,
,,,,,66606177c232abb20a214fa7,001,2024-06-06_11h08.04.558,mathesisv2,2024.1.3,Win32,59.17159763,,,,,,83.5155,87.4916,f,3.9587,,,,,,,stimuliAXBmix/yuustimulus.wav,f,,,,,,,,,,,1,2,6,2,1,,,,,,,,,,,,,,,,,,,,,,,,,,,,,,,,,,,,,,,,,,,,,,,,,,,,,,,,,,,,,,,,,,,,,,,
,,,,,66606177c232abb20a214fa7,001,2024-06-06_11h08.04.558,mathesisv2,2024.1.3,Win32,59.17159763,,,,,,87.4973,91.8077,l,4.2853,,,,,,,stimuliAXBmix/yyustimulus.wav,l,,,,,,,,,,,1,3,7,3,1,,,,,,,,,,,,,,,,,,,,,,,,,,,,,,,,,,,,,,,,,,,,,,,,,,,,,,,,,,,,,,,,,,,,,,,
,,,,,66606177c232abb20a214fa7,001,2024-06-06_11h08.04.558,mathesisv2,2024.1.3,Win32,59.17159763,,,,,,91.8126,95.4228,f,3.5839,,,,,,,stimuliAXBmix/yuustimulus.wav,f,,,,,,,,,,,2,0,8,2,1,,,,,,,,,,,,,,,,,,,,,,,,,,,,,,,,,,,,,,,,,,,,,,,,,,,,,,,,,,,,,,,,,,,,,,,
,,,,,66606177c232abb20a214fa7,001,2024-06-06_11h08.04.558,mathesisv2,2024.1.3,Win32,59.17159763,,,,,,95.4281,99.0238,l,3.5812,,,,,,,stimuliAXBmix/yyustimulus.wav,l,,,,,,,,,,,2,1,9,3,1,,,,,,,,,,,,,,,,,,,,,,,,,,,,,,,,,,,,,,,,,,,,,,,,,,,,,,,,,,,,,,,,,,,,,,,
,,,,,66606177c232abb20a214fa7,001,2024-06-06_11h08.04.558,mathesisv2,2024.1.3,Win32,59.17159763,,,,,,99.0288,103.4201,f,4.3699,,,,,,,stimuliAXBmix/iyystimulus.wav,f,,,,,,,,,,,2,2,10,1,1,,,,,,,,,,,,,,,,,,,,,,,,,,,,,,,,,,,,,,,,,,,,,,,,,,,,,,,,,,,,,,,,,,,,,,,
,,,,,66606177c232abb20a214fa7,001,2024-06-06_11h08.04.558,mathesisv2,2024.1.3,Win32,59.17159763,,,,,,103.4256,106.8557,l,3.416,,,,,,,stimuliAXBmix/iiystimulus.wav,l,,,,,,,,,,,2,3,11,0,1,,,,,,,,,,,,,,,,,,,,,,,,,,,,,,,,,,,,,,,,,,,,,,,,,,,,,,,,,,,,,,,,,,,,,,,
,,,,,66606177c232abb20a214fa7,001,2024-06-06_11h08.04.558,mathesisv2,2024.1.3,Win32,59.17159763,,,,,,111.4615,116.1327,f,4.6521,,,,,,,stimuliAXBmix/yuustimulus.wav,f,,,,,,,,,,,,,,,,106.8561,111.4545,return,4.5818,,0,0,0,2,1,,,,,,,,,,,,,,,,,,,,,,,,,,,,,,,,,,,,,,,,,,,,,,,,,,,,,,,,,,,,,
,,,,,66606177c232abb20a214fa7,001,2024-06-06_11h08.04.558,mathesisv2,2024.1.3,Win32,59.17159763,,,,,,116.1379,120.1999,l,4.0477,,,,,,,stimuliAXBmix/iiystimulus.wav,l,,,,,,,,,,,,,,,,,,,,,0,1,1,0,1,,,,,,,,,,,,,,,,,,,,,,,,,,,,,,,,,,,,,,,,,,,,,,,,,,,,,,,,,,,,,
,,,,,66606177c232abb20a214fa7,001,2024-06-06_11h08.04.558,mathesisv2,2024.1.3,Win32,59.17159763,,,,,,120.2051,124.181,f,3.9636,,,,,,,stimuliAXBmix/iyystimulus.wav,f,,,,,,,,,,,,,,,,,,,,,0,2,2,1,1,,,,,,,,,,,,,,,,,,,,,,,,,,,,,,,,,,,,,,,,,,,,,,,,,,,,,,,,,,,,,
,,,,,66606177c232abb20a214fa7,001,2024-06-06_11h08.04.558,mathesisv2,2024.1.3,Win32,59.17159763,,,,,,124.1858,127.5954,l,3.3833,,,,,,,stimuliAXBmix/yyustimulus.wav,l,,,,,,,,,,,,,,,,,,,,,0,3,3,3,1,,,,,,,,,,,,,,,,,,,,,,,,,,,,,,,,,,,,,,,,,,,,,,,,,,,,,,,,,,,,,
,,,,,66606177c232abb20a214fa7,001,2024-06-06_11h08.04.558,mathesisv2,2024.1.3,Win32,59.17159763,,,,,,127.596,133.3103,f,5.6881,,,,,,,stimuliAXBmix/yuustimulus.wav,f,,,,,,,,,,,,,,,,,,,,,1,0,4,2,1,,,,,,,,,,,,,,,,,,,,,,,,,,,,,,,,,,,,,,,,,,,,,,,,,,,,,,,,,,,,,
,,,,,66606177c232abb20a214fa7,001,2024-06-06_11h08.04.558,mathesisv2,2024.1.3,Win32,59.17159763,,,,,,133.3153,136.7089,f,3.3697,,,,,,,stimuliAXBmix/iyystimulus.wav,f,,,,,,,,,,,,,,,,,,,,,1,1,5,1,1,,,,,,,,,,,,,,,,,,,,,,,,,,,,,,,,,,,,,,,,,,,,,,,,,,,,,,,,,,,,,
,,,,,66606177c232abb20a214fa7,001,2024-06-06_11h08.04.558,mathesisv2,2024.1.3,Win32,59.17159763,,,,,,136.7142,139.9444,l,3.2158,,,,,,,stimuliAXBmix/iiystimulus.wav,l,,,,,,,,,,,,,,,,,,,,,1,2,6,0,1,,,,,,,,,,,,,,,,,,,,,,,,,,,,,,,,,,,,,,,,,,,,,,,,,,,,,,,,,,,,,
,,,,,66606177c232abb20a214fa7,001,2024-06-06_11h08.04.558,mathesisv2,2024.1.3,Win32,59.17159763,,,,,,139.9446,143.473,l,3.5038,,,,,,,stimuliAXBmix/yyustimulus.wav,l,,,,,,,,,,,,,,,,,,,,,1,3,7,3,1,,,,,,,,,,,,,,,,,,,,,,,,,,,,,,,,,,,,,,,,,,,,,,,,,,,,,,,,,,,,,
,,,,,66606177c232abb20a214fa7,001,2024-06-06_11h08.04.558,mathesisv2,2024.1.3,Win32,59.17159763,,,,,,159.775,163.0367,l,3.2488,,,,,,,stimuliAXBmix/iiystimulus.wav,l,,,,,,,,,,,0,0,0,0,1,,,,,,,,,,,143.4738,159.7684,space,16.2691,,,,,,,,,,,,,,,,,,,,,,,,,,,,,,,,,,,,,,,,,,,,,,,,,,,,,,,,,
,,,,,66606177c232abb20a214fa7,001,2024-06-06_11h08.04.558,mathesisv2,2024.1.3,Win32,59.17159763,,,,,,163.037,166.9822,l,3.9189,,,,,,,stimuliAXBmix/yyustimulus.wav,l,,,,,,,,,,,0,1,1,3,1,,,,,,,,,,,,,,,,,,,,,,,,,,,,,,,,,,,,,,,,,,,,,,,,,,,,,,,,,,,,,,,,,,,,,,,
,,,,,66606177c232abb20a214fa7,001,2024-06-06_11h08.04.558,mathesisv2,2024.1.3,Win32,59.17159763,,,,,,166.9874,170.5968,f,3.5942,,,,,,,stimuliAXBmix/yuustimulus.wav,f,,,,,,,,,,,0,2,2,2,1,,,,,,,,,,,,,,,,,,,,,,,,,,,,,,,,,,,,,,,,,,,,,,,,,,,,,,,,,,,,,,,,,,,,,,,
,,,,,66606177c232abb20a214fa7,001,2024-06-06_11h08.04.558,mathesisv2,2024.1.3,Win32,59.17159763,,,,,,170.6021,174.4795,f,3.852,,,,,,,stimuliAXBmix/iyystimulus.wav,f,,,,,,,,,,,0,3,3,1,1,,,,,,,,,,,,,,,,,,,,,,,,,,,,,,,,,,,,,,,,,,,,,,,,,,,,,,,,,,,,,,,,,,,,,,,
,,,,,66606177c232abb20a214fa7,001,2024-06-06_11h08.04.558,mathesisv2,2024.1.3,Win32,59.17159763,,,,,,174.4846,177.7945,l,3.2832,,,,,,,stimuliAXBmix/yyustimulus.wav,l,,,,,,,,,,,1,0,4,3,1,,,,,,,,,,,,,,,,,,,,,,,,,,,,,,,,,,,,,,,,,,,,,,,,,,,,,,,,,,,,,,,,,,,,,,,
,,,,,66606177c232abb20a214fa7,001,2024-06-06_11h08.04.558,mathesisv2,2024.1.3,Win32,59.17159763,,,,,,177.8,181.2766,f,3.4589,,,,,,,stimuliAXBmix/yuustimulus.wav,f,,,,,,,,,,,1,1,5,2,1,,,,,,,,,,,,,,,,,,,,,,,,,,,,,,,,,,,,,,,,,,,,,,,,,,,,,,,,,,,,,,,,,,,,,,,
,,,,,66606177c232abb20a214fa7,001,2024-06-06_11h08.04.558,mathesisv2,2024.1.3,Win32,59.17159763,,,,,,181.2773,184.8594,f,3.5527,,,,,,,stimuliAXBmix/iyystimulus.wav,f,,,,,,,,,,,1,2,6,1,1,,,,,,,,,,,,,,,,,,,,,,,,,,,,,,,,,,,,,,,,,,,,,,,,,,,,,,,,,,,,,,,,,,,,,,,
,,,,,66606177c232abb20a214fa7,001,2024-06-06_11h08.04.558,mathesisv2,2024.1.3,Win32,59.17159763,,,,,,184.8645,188.1947,l,3.3159,,,,,,,stimuliAXBmix/iiystimulus.wav,l,,,,,,,,,,,1,3,7,0,1,,,,,,,,,,,,,,,,,,,,,,,,,,,,,,,,,,,,,,,,,,,,,,,,,,,,,,,,,,,,,,,,,,,,,,,
,,,,,66606177c232abb20a214fa7,001,2024-06-06_11h08.04.558,mathesisv2,2024.1.3,Win32,59.17159763,,,,,,188.1995,192.04,l,3.8164,,,,,,,stimuliAXBmix/iiystimulus.wav,l,,,,,,,,,,,2,0,8,0,1,,,,,,,,,,,,,,,,,,,,,,,,,,,,,,,,,,,,,,,,,,,,,,,,,,,,,,,,,,,,,,,,,,,,,,,
,,,,,66606177c232abb20a214fa7,001,2024-06-06_11h08.04.558,mathesisv2,2024.1.3,Win32,59.17159763,,,,,,192.0455,195.9555,f,3.8891,,,,,,,stimuliAXBmix/yuustimulus.wav,f,,,,,,,,,,,2,1,9,2,1,,,,,,,,,,,,,,,,,,,,,,,,,,,,,,,,,,,,,,,,,,,,,,,,,,,,,,,,,,,,,,,,,,,,,,,
,,,,,66606177c232abb20a214fa7,001,2024-06-06_11h08.04.558,mathesisv2,2024.1.3,Win32,59.17159763,,,,,,195.9606,199.2544,l,3.2709,,,,,,,stimuliAXBmix/yyustimulus.wav,l,,,,,,,,,,,2,2,10,3,1,,,,,,,,,,,,,,,,,,,,,,,,,,,,,,,,,,,,,,,,,,,,,,,,,,,,,,,,,,,,,,,,,,,,,,,
,,,,,66606177c232abb20a214fa7,001,2024-06-06_11h08.04.558,mathesisv2,2024.1.3,Win32,59.17159763,,,,,,199.2549,202.6067,f,3.3327,,,,,,,stimuliAXBmix/iyystimulus.wav,f,,,,,,,,,,,2,3,11,1,1,,,,,,,,,,,,,,,,,,,,,,,,,,,,,,,,,,,,,,,,,,,,,,,,,,,,,,,,,,,,,,,,,,,,,,,
,,,,,66606177c232abb20a214fa7,001,2024-06-06_11h08.04.558,mathesisv2,2024.1.3,Win32,59.17159763,,,,,,205.4921,208.8377,l,3.3325,,,,,,,stimuliAXBmix/yyustimulus.wav,l,,,,,,,,,,,,,,,,202.6069,205.4851,return,2.8605,,0,0,0,3,1,,,,,,,,,,,,,,,,,,,,,,,,,,,,,,,,,,,,,,,,,,,,,,,,,,,,,,,,,,,,,
,,,,,66606177c232abb20a214fa7,001,2024-06-06_11h08.04.558,mathesisv2,2024.1.3,Win32,59.17159763,,,,,,208.8426,212.9994,l,4.135,,,,,,,stimuliAXBmix/iiystimulus.wav,l,,,,,,,,,,,,,,,,,,,,,0,1,1,0,1,,,,,,,,,,,,,,,,,,,,,,,,,,,,,,,,,,,,,,,,,,,,,,,,,,,,,,,,,,,,,
,,,,,66606177c232abb20a214fa7,001,2024-06-06_11h08.04.558,mathesisv2,2024.1.3,Win32,59.17159763,,,,,,213.0045,216.2644,f,3.2386,,,,,,,stimuliAXBmix/yuustimulus.wav,f,,,,,,,,,,,,,,,,,,,,,0,2,2,2,1,,,,,,,,,,,,,,,,,,,,,,,,,,,,,,,,,,,,,,,,,,,,,,,,,,,,,,,,,,,,,
,,,,,66606177c232abb20a214fa7,001,2024-06-06_11h08.04.558,mathesisv2,2024.1.3,Win32,59.17159763,,,,,,216.2698,219.9139,f,3.6257,,,,,,,stimuliAXBmix/iyystimulus.wav,f,,,,,,,,,,,,,,,,,,,,,0,3,3,1,1,,,,,,,,,,,,,,,,,,,,,,,,,,,,,,,,,,,,,,,,,,,,,,,,,,,,,,,,,,,,,
,,,,,66606177c232abb20a214fa7,001,2024-06-06_11h08.04.558,mathesisv2,2024.1.3,Win32,59.17159763,,,,,,219.9191,223.2629,l,3.3191,,,,,,,stimuliAXBmix/yyustimulus.wav,l,,,,,,,,,,,,,,,,,,,,,1,0,4,3,1,,,,,,,,,,,,,,,,,,,,,,,,,,,,,,,,,,,,,,,,,,,,,,,,,,,,,,,,,,,,,
,,,,,66606177c232abb20a214fa7,001,2024-06-06_11h08.04.558,mathesisv2,2024.1.3,Win32,59.17159763,,,,,,223.2634,226.5781,f,3.2921,,,,,,,stimuliAXBmix/iyystimulus.wav,f,,,,,,,,,,,,,,,,,,,,,1,1,5,1,1,,,,,,,,,,,,,,,,,,,,,,,,,,,,,,,,,,,,,,,,,,,,,,,,,,,,,,,,,,,,,
,,,,,66606177c232abb20a214fa7,001,2024-06-06_11h08.04.558,mathesisv2,2024.1.3,Win32,59.17159763,,,,,,226.5833,229.8597,f,3.2495,,,,,,,stimuliAXBmix/yuustimulus.wav,f,,,,,,,,,,,,,,,,,,,,,1,2,6,2,1,,,,,,,,,,,,,,,,,,,,,,,,,,,,,,,,,,,,,,,,,,,,,,,,,,,,,,,,,,,,,
,,,,,66606177c232abb20a214fa7,001,2024-06-06_11h08.04.558,mathesisv2,2024.1.3,Win32,59.17159763,,,,,,229.8652,233.2785,l,3.3987,,,,,,,stimuliAXBmix/iiystimulus.wav,l,,,,,,,,,,,,,,,,,,,,,1,3,7,0,1,,,,,,,,,,,,,,,,,,,,,,,,,,,,,,,,,,,,,,,,,,,,,,,,,,,,,,,,,,,,,
,,,,,66606177c232abb20a214fa7,001,2024-06-06_11h08.04.558,mathesisv2,2024.1.3,Win32,59.17159763,,,,,,246.1157,249.4408,l,3.3164,,,,,,,stimuliAXBmix/iiystimulus.wav,l,,,,,,,,,,,0,0,0,0,1,,,,,,,,,,,233.2787,246.1087,space,12.8131,,,,,,,,,,,,,,,,,,,,,,,,,,,,,,,,,,,,,,,,,,,,,,,,,,,,,,,,,
,,,,,66606177c232abb20a214fa7,001,2024-06-06_11h08.04.558,mathesisv2,2024.1.3,Win32,59.17159763,,,,,,249.4411,252.6861,f,3.2257,,,,,,,stimuliAXBmix/yuustimulus.wav,f,,,,,,,,,,,0,1,1,2,1,,,,,,,,,,,,,,,,,,,,,,,,,,,,,,,,,,,,,,,,,,,,,,,,,,,,,,,,,,,,,,,,,,,,,,,
,,,,,66606177c232abb20a214fa7,001,2024-06-06_11h08.04.558,mathesisv2,2024.1.3,Win32,59.17159763,,,,,,252.691,256.0849,f,3.3696,,,,,,,stimuliAXBmix/iyystimulus.wav,f,,,,,,,,,,,0,2,2,1,1,,,,,,,,,,,,,,,,,,,,,,,,,,,,,,,,,,,,,,,,,,,,,,,,,,,,,,,,,,,,,,,,,,,,,,,
,,,,,66606177c232abb20a214fa7,001,2024-06-06_11h08.04.558,mathesisv2,2024.1.3,Win32,59.17159763,,,,,,256.0854,259.3005,l,3.1836,,,,,,,stimuliAXBmix/yyustimulus.wav,l,,,,,,,,,,,0,3,3,3,1,,,,,,,,,,,,,,,,,,,,,,,,,,,,,,,,,,,,,,,,,,,,,,,,,,,,,,,,,,,,,,,,,,,,,,,
,,,,,66606177c232abb20a214fa7,001,2024-06-06_11h08.04.558,mathesisv2,2024.1.3,Win32,59.17159763,,,,,,259.3055,262.616,f,3.2933,,,,,,,stimuliAXBmix/yuustimulus.wav,f,,,,,,,,,,,1,0,4,2,1,,,,,,,,,,,,,,,,,,,,,,,,,,,,,,,,,,,,,,,,,,,,,,,,,,,,,,,,,,,,,,,,,,,,,,,
,,,,,66606177c232abb20a214fa7,001,2024-06-06_11h08.04.558,mathesisv2,2024.1.3,Win32,59.17159763,,,,,,262.6211,265.898,f,3.2549,,,,,,,stimuliAXBmix/iyystimulus.wav,f,,,,,,,,,,,1,1,5,1,1,,,,,,,,,,,,,,,,,,,,,,,,,,,,,,,,,,,,,,,,,,,,,,,,,,,,,,,,,,,,,,,,,,,,,,,
,,,,,66606177c232abb20a214fa7,001,2024-06-06_11h08.04.558,mathesisv2,2024.1.3,Win32,59.17159763,,,,,,265.8985,269.1636,l,3.2335,,,,,,,stimuliAXBmix/yyustimulus.wav,l,,,,,,,,,,,1,2,6,3,1,,,,,,,,,,,,,,,,,,,,,,,,,,,,,,,,,,,,,,,,,,,,,,,,,,,,,,,,,,,,,,,,,,,,,,,
,,,,,66606177c232abb20a214fa7,001,2024-06-06_11h08.04.558,mathesisv2,2024.1.3,Win32,59.17159763,,,,,,269.1688,273.0791,l,3.8929,,,,,,,stimuliAXBmix/iiystimulus.wav,l,,,,,,,,,,,1,3,7,0,1,,,,,,,,,,,,,,,,,,,,,,,,,,,,,,,,,,,,,,,,,,,,,,,,,,,,,,,,,,,,,,,,,,,,,,,
,,,,,66606177c232abb20a214fa7,001,2024-06-06_11h08.04.558,mathesisv2,2024.1.3,Win32,59.17159763,,,,,,273.0842,276.431,f,3.3323,,,,,,,stimuliAXBmix/iyystimulus.wav,f,,,,,,,,,,,2,0,8,1,1,,,,,,,,,,,,,,,,,,,,,,,,,,,,,,,,,,,,,,,,,,,,,,,,,,,,,,,,,,,,,,,,,,,,,,,
,,,,,66606177c232abb20a214fa7,001,2024-06-06_11h08.04.558,mathesisv2,2024.1.3,Win32,59.17159763,,,,,,276.4361,279.6768,l,3.2176,,,,,,,stimuliAXBmix/yyustimulus.wav,l,,,,,,,,,,,2,1,9,3,1,,,,,,,,,,,,,,,,,,,,,,,,,,,,,,,,,,,,,,,,,,,,,,,,,,,,,,,,,,,,,,,,,,,,,,,
,,,,,66606177c232abb20a214fa7,001,2024-06-06_11h08.04.558,mathesisv2,2024.1.3,Win32,59.17159763,,,,,,279.6774,283.0456,f,3.3492,,,,,,,stimuliAXBmix/yuustimulus.wav,f,,,,,,,,,,,2,2,10,2,1,,,,,,,,,,,,,,,,,,,,,,,,,,,,,,,,,,,,,,,,,,,,,,,,,,,,,,,,,,,,,,,,,,,,,,,
,,,,,66606177c232abb20a214fa7,001,2024-06-06_11h08.04.558,mathesisv2,2024.1.3,Win32,59.17159763,,,,,,283.0506,286.3746,l,3.3085,,,,,,,stimuliAXBmix/iiystimulus.wav,l,,,,,,,,,,,2,3,11,0,1,,,,,,,,,,,,,,,,,,,,,,,,,,,,,,,,,,,,,,,,,,,,,,,,,,,,,,,,,,,,,,,,,,,,,,,
,,,,,66606177c232abb20a214fa7,001,2024-06-06_11h08.04.558,mathesisv2,2024.1.3,Win32,59.17159763,,,,,,288.081,291.3596,l,3.2656,,,,,,,stimuliAXBmix/yyustimulus.wav,l,,,,,,,,,,,,,,,,286.3749,288.0749,return,1.6809,,0,0,0,3,1,,,,,,,,,,,,,,,,,,,,,,,,,,,,,,,,,,,,,,,,,,,,,,,,,,,,,,,,,,,,,
,,,,,66606177c232abb20a214fa7,001,2024-06-06_11h08.04.558,mathesisv2,2024.1.3,Win32,59.17159763,,,,,,291.3644,295.2213,f,3.8339,,,,,,,stimuliAXBmix/yuustimulus.wav,f,,,,,,,,,,,,,,,,,,,,,0,1,1,2,1,,,,,,,,,,,,,,,,,,,,,,,,,,,,,,,,,,,,,,,,,,,,,,,,,,,,,,,,,,,,,
,,,,,66606177c232abb20a214fa7,001,2024-06-06_11h08.04.558,mathesisv2,2024.1.3,Win32,59.17159763,,,,,,295.2266,298.5864,l,3.3362,,,,,,,stimuliAXBmix/iiystimulus.wav,l,,,,,,,,,,,,,,,,,,,,,0,2,2,0,1,,,,,,,,,,,,,,,,,,,,,,,,,,,,,,,,,,,,,,,,,,,,,,,,,,,,,,,,,,,,,
,,,,,66606177c232abb20a214fa7,001,2024-06-06_11h08.04.558,mathesisv2,2024.1.3,Win32,59.17159763,,,,,,298.5924,304.6679,f,6.0525,,,,,,,stimuliAXBmix/iyystimulus.wav,f,,,,,,,,,,,,,,,,,,,,,0,3,3,1,1,,,,,,,,,,,,,,,,,,,,,,,,,,,,,,,,,,,,,,,,,,,,,,,,,,,,,,,,,,,,,
,,,,,66606177c232abb20a214fa7,001,2024-06-06_11h08.04.558,mathesisv2,2024.1.3,Win32,59.17159763,,,,,,304.6731,308.1369,l,3.4489,,,,,,,stimuliAXBmix/iiystimulus.wav,l,,,,,,,,,,,,,,,,,,,,,1,0,4,0,1,,,,,,,,,,,,,,,,,,,,,,,,,,,,,,,,,,,,,,,,,,,,,,,,,,,,,,,,,,,,,
,,,,,66606177c232abb20a214fa7,001,2024-06-06_11h08.04.558,mathesisv2,2024.1.3,Win32,59.17159763,,,,,,308.1372,311.5489,f,3.3922,,,,,,,stimuliAXBmix/iyystimulus.wav,f,,,,,,,,,,,,,,,,,,,,,1,1,5,1,1,,,,,,,,,,,,,,,,,,,,,,,,,,,,,,,,,,,,,,,,,,,,,,,,,,,,,,,,,,,,,
,,,,,66606177c232abb20a214fa7,001,2024-06-06_11h08.04.558,mathesisv2,2024.1.3,Win32,59.17159763,,,,,,311.5542,314.8982,l,3.3181,,,,,,,stimuliAXBmix/yyustimulus.wav,l,,,,,,,,,,,,,,,,,,,,,1,2,6,3,1,,,,,,,,,,,,,,,,,,,,,,,,,,,,,,,,,,,,,,,,,,,,,,,,,,,,,,,,,,,,,
,,,,,66606177c232abb20a214fa7,001,2024-06-06_11h08.04.558,mathesisv2,2024.1.3,Win32,59.17159763,,,,,,314.9032,319.13,f,4.1996,,,,,,,stimuliAXBmix/yuustimulus.wav,f,,,,,,,,,,,,,,,,,,,,,1,3,7,2,1,,,,,,,,,,,,,,,,,,,,,,,,,,,,,,,,,,,,,,,,,,,,,,,,,,,,,,,,,,,,,
,,,,,66606177c232abb20a214fa7,001,2024-06-06_11h08.04.558,mathesisv2,2024.1.3,Win32,59.17159763,,,,,,334.1018,337.3102,f,3.1991,,,,,,,stimuliAXBmix/yuustimulus.wav,f,,,,,,,,,,,0,0,0,2,1,,,,,,,,,,,319.1304,334.0951,space,14.9452,,,,,,,,,,,,,,,,,,,,,,,,,,,,,,,,,,,,,,,,,,,,,,,,,,,,,,,,,
,,,,,66606177c232abb20a214fa7,001,2024-06-06_11h08.04.558,mathesisv2,2024.1.3,Win32,59.17159763,,,,,,337.3104,340.8054,f,3.4722,,,,,,,stimuliAXBmix/iyystimulus.wav,f,,,,,,,,,,,0,1,1,1,1,,,,,,,,,,,,,,,,,,,,,,,,,,,,,,,,,,,,,,,,,,,,,,,,,,,,,,,,,,,,,,,,,,,,,,,
,,,,,66606177c232abb20a214fa7,001,2024-06-06_11h08.04.558,mathesisv2,2024.1.3,Win32,59.17159763,,,,,,340.8107,344.3873,l,3.5529,,,,,,,stimuliAXBmix/iiystimulus.wav,l,,,,,,,,,,,0,2,2,0,1,,,,,,,,,,,,,,,,,,,,,,,,,,,,,,,,,,,,,,,,,,,,,,,,,,,,,,,,,,,,,,,,,,,,,,,
,,,,,66606177c232abb20a214fa7,001,2024-06-06_11h08.04.558,mathesisv2,2024.1.3,Win32,59.17159763,,,,,,344.3931,347.8366,l,3.427,,,,,,,stimuliAXBmix/yyustimulus.wav,l,,,,,,,,,,,0,3,3,3,1,,,,,,,,,,,,,,,,,,,,,,,,,,,,,,,,,,,,,,,,,,,,,,,,,,,,,,,,,,,,,,,,,,,,,,,
,,,,,66606177c232abb20a214fa7,001,2024-06-06_11h08.04.558,mathesisv2,2024.1.3,Win32,59.17159763,,,,,,347.8371,351.3524,f,3.4904,,,,,,,stimuliAXBmix/iyystimulus.wav,f,,,,,,,,,,,1,0,4,1,1,,,,,,,,,,,,,,,,,,,,,,,,,,,,,,,,,,,,,,,,,,,,,,,,,,,,,,,,,,,,,,,,,,,,,,,
,,,,,66606177c232abb20a214fa7,001,2024-06-06_11h08.04.558,mathesisv2,2024.1.3,Win32,59.17159763,,,,,,351.3576,354.6688,f,3.2971,,,,,,,stimuliAXBmix/yuustimulus.wav,f,,,,,,,,,,,1,1,5,2,1,,,,,,,,,,,,,,,,,,,,,,,,,,,,,,,,,,,,,,,,,,,,,,,,,,,,,,,,,,,,,,,,,,,,,,,
,,,,,66606177c232abb20a214fa7,001,2024-06-06_11h08.04.558,mathesisv2,2024.1.3,Win32,59.17159763,,,,,,354.6736,357.9168,l,3.2195,,,,,,,stimuliAXBmix/yyustimulus.wav,l,,,,,,,,,,,1,2,6,3,1,,,,,,,,,,,,,,,,,,,,,,,,,,,,,,,,,,,,,,,,,,,,,,,,,,,,,,,,,,,,,,,,,,,,,,,
,,,,,66606177c232abb20a214fa7,001,2024-06-06_11h08.04.558,mathesisv2,2024.1.3,Win32,59.17159763,,,,,,357.9175,361.7822,l,3.8389,,,,,,,stimuliAXBmix/iiystimulus.wav,l,,,,,,,,,,,1,3,7,0,1,,,,,,,,,,,,,,,,,,,,,,,,,,,,,,,,,,,,,,,,,,,,,,,,,,,,,,,,,,,,,,,,,,,,,,,
,,,,,66606177c232abb20a214fa7,001,2024-06-06_11h08.04.558,mathesisv2,2024.1.3,Win32,59.17159763,,,,,,361.7874,366.7632,l,4.9498,,,,,,,stimuliAXBmix/iiystimulus.wav,l,,,,,,,,,,,2,0,8,0,1,,,,,,,,,,,,,,,,,,,,,,,,,,,,,,,,,,,,,,,,,,,,,,,,,,,,,,,,,,,,,,,,,,,,,,,
,,,,,66606177c232abb20a214fa7,001,2024-06-06_11h08.04.558,mathesisv2,2024.1.3,Win32,59.17159763,,,,,,366.771,370.3286,l,3.545,,,,,,,stimuliAXBmix/yyustimulus.wav,l,,,,,,,,,,,2,1,9,3,1,,,,,,,,,,,,,,,,,,,,,,,,,,,,,,,,,,,,,,,,,,,,,,,,,,,,,,,,,,,,,,,,,,,,,,,
,,,,,66606177c232abb20a214fa7,001,2024-06-06_11h08.04.558,mathesisv2,2024.1.3,Win32,59.17159763,,,,,,370.3344,373.579,f,3.2305,,,,,,,stimuliAXBmix/yuustimulus.wav,f,,,,,,,,,,,2,2,10,2,1,,,,,,,,,,,,,,,,,,,,,,,,,,,,,,,,,,,,,,,,,,,,,,,,,,,,,,,,,,,,,,,,,,,,,,,
,,,,,66606177c232abb20a214fa7,001,2024-06-06_11h08.04.558,mathesisv2,2024.1.3,Win32,59.17159763,,,,,,373.5792,377.1101,f,3.5102,,,,,,,stimuliAXBmix/iyystimulus.wav,f,,,,,,,,,,,2,3,11,1,1,,,,,,,,,,,,,,,,,,,,,,,,,,,,,,,,,,,,,,,,,,,,,,,,,,,,,,,,,,,,,,,,,,,,,,,
,,,,,66606177c232abb20a214fa7,001,2024-06-06_11h08.04.558,mathesisv2,2024.1.3,Win32,59.17159763,,,,,,378.8494,382.5248,f,3.6617,,,,,,,stimuliAXBmix/yuustimulus.wav,f,,,,,,,,,,,,,,,,377.1104,378.843,return,1.7071,,0,0,0,2,1,,,,,,,,,,,,,,,,,,,,,,,,,,,,,,,,,,,,,,,,,,,,,,,,,,,,,,,,,,,,,
,,,,,66606177c232abb20a214fa7,001,2024-06-06_11h08.04.558,mathesisv2,2024.1.3,Win32,59.17159763,,,,,,382.5301,385.8906,l,3.3426,,,,,,,stimuliAXBmix/iiystimulus.wav,l,,,,,,,,,,,,,,,,,,,,,0,1,1,0,1,,,,,,,,,,,,,,,,,,,,,,,,,,,,,,,,,,,,,,,,,,,,,,,,,,,,,,,,,,,,,
,,,,,66606177c232abb20a214fa7,001,2024-06-06_11h08.04.558,mathesisv2,2024.1.3,Win32,59.17159763,,,,,,385.8912,389.3563,l,3.4346,,,,,,,stimuliAXBmix/yyustimulus.wav,l,,,,,,,,,,,,,,,,,,,,,0,2,2,3,1,,,,,,,,,,,,,,,,,,,,,,,,,,,,,,,,,,,,,,,,,,,,,,,,,,,,,,,,,,,,,
,,,,,66606177c232abb20a214fa7,001,2024-06-06_11h08.04.558,mathesisv2,2024.1.3,Win32,59.17159763,,,,,,389.3612,392.725,f,3.3493,,,,,,,stimuliAXBmix/iyystimulus.wav,f,,,,,,,,,,,,,,,,,,,,,0,3,3,1,1,,,,,,,,,,,,,,,,,,,,,,,,,,,,,,,,,,,,,,,,,,,,,,,,,,,,,,,,,,,,,
,,,,,66606177c232abb20a214fa7,001,2024-06-06_11h08.04.558,mathesisv2,2024.1.3,Win32,59.17159763,,,,,,392.7298,396.04,l,3.2992,,,,,,,stimuliAXBmix/yyustimulus.wav,l,,,,,,,,,,,,,,,,,,,,,1,0,4,3,1,,,,,,,,,,,,,,,,,,,,,,,,,,,,,,,,,,,,,,,,,,,,,,,,,,,,,,,,,,,,,
,,,,,66606177c232abb20a214fa7,001,2024-06-06_11h08.04.558,mathesisv2,2024.1.3,Win32,59.17159763,,,,,,396.0404,399.4028,f,3.3363,,,,,,,stimuliAXBmix/iyystimulus.wav,f,,,,,,,,,,,,,,,,,,,,,1,1,5,1,1,,,,,,,,,,,,,,,,,,,,,,,,,,,,,,,,,,,,,,,,,,,,,,,,,,,,,,,,,,,,,
,,,,,66606177c232abb20a214fa7,001,2024-06-06_11h08.04.558,mathesisv2,2024.1.3,Win32,59.17159763,,,,,,399.4079,402.7549,l,3.3325,,,,,,,stimuliAXBmix/iiystimulus.wav,l,,,,,,,,,,,,,,,,,,,,,1,2,6,0,1,,,,,,,,,,,,,,,,,,,,,,,,,,,,,,,,,,,,,,,,,,,,,,,,,,,,,,,,,,,,,
,,,,,66606177c232abb20a214fa7,001,2024-06-06_11h08.04.558,mathesisv2,2024.1.3,Win32,59.17159763,,,,,,402.7598,406.3833,f,3.6052,,,,,,,stimuliAXBmix/yuustimulus.wav,f,,,,,,,,,,,,,,,,,,,,,1,3,7,2,1,,,,,,,,,,,,,,,,,,,,,,,,,,,,,,,,,,,,,,,,,,,,,,,,,,,,,,,,,,,,,
,,,,,66606177c232abb20a214fa7,001,2024-06-06_11h08.04.558,mathesisv2,2024.1.3,Win32,59.17159763,,,,,,,,,,,,,,,,,,,,,,,,,,,,,,,,,,,,,,,,,,,406.3837,423.1281,space,16.715,,423.1285,429.0961,space,5.9473,,,,,,,,,,,,,,,,,,,,,,,,,,,,,,,,,,,,,,,,,,,,,,,,,,,,
,,,,,66606177c232abb20a214fa7,001,2024-06-06_11h08.04.558,mathesisv2,2024.1.3,Win32,59.17159763,,,,,,,,,,,,,,,,,,,,,,,,,,,,,,,,,,,,,,,,,,,,,,,,,,,,,429.1037,435.0904,y,5.9675,,0,0,0,2,1,testTAFCmixfirst/nimnym006.wav,,,,,,,,,,,,,,,,,,,,,,,,,,,,,,,,,,,,,,,,
,,,,,66606177c232abb20a214fa7,001,2024-06-06_11h08.04.558,mathesisv2,2024.1.3,Win32,59.17159763,,,,,,,,,,,,,,,,,,,,,,,,,,,,,,,,,,,,,,,,,,,,,,,,,,,,,435.0956,437.9563,e,2.8401,,0,1,1,1,1,testTAFCmixfirst/nimnym002.wav,,,,,,,,,,,,,,,,,,,,,,,,,,,,,,,,,,,,,,,,
,,,,,66606177c232abb20a214fa7,001,2024-06-06_11h08.04.558,mathesisv2,2024.1.3,Win32,59.17159763,,,,,,,,,,,,,,,,,,,,,,,,,,,,,,,,,,,,,,,,,,,,,,,,,,,,,437.9612,440.0222,e,2.0384,,0,2,2,0,1,testTAFCmixfirst/nimnym001.wav,,,,,,,,,,,,,,,,,,,,,,,,,,,,,,,,,,,,,,,,
,,,,,66606177c232abb20a214fa7,001,2024-06-06_11h08.04.558,mathesisv2,2024.1.3,Win32,59.17159763,,,,,,,,,,,,,,,,,,,,,,,,,,,,,,,,,,,,,,,,,,,,,,,,,,,,,,,,,,,,,,,,440.0245,443.9046,u,3.8558,,0,0,0,0,1,testTAFCmixsec/numnym001.wav,,,,,,,,,,,,,,,,,,,,,,,,,,,,,
,,,,,66606177c232abb20a214fa7,001,2024-06-06_11h08.04.558,mathesisv2,2024.1.3,Win32,59.17159763,,,,,,,,,,,,,,,,,,,,,,,,,,,,,,,,,,,,,,,,,,,,,,,,,,,,,,,,,,,,,,,,443.9096,445.6533,u,1.7172,,0,1,1,1,1,testTAFCmixsec/numnym002.wav,,,,,,,,,,,,,,,,,,,,,,,,,,,,,
,,,,,66606177c232abb20a214fa7,001,2024-06-06_11h08.04.558,mathesisv2,2024.1.3,Win32,59.17159763,,,,,,,,,,,,,,,,,,,,,,,,,,,,,,,,,,,,,,,,,,,,,,,,,,,,,,,,,,,,,,,,445.6538,449.288,y,3.6149,,0,2,2,2,1,testTAFCmixsec/numnym006.wav,,,,,,,,,,,,,,,,,,,,,,,,,,,,,
,,,,,66606177c232abb20a214fa7,001,2024-06-06_11h08.04.558,mathesisv2,2024.1.3,Win32,59.17159763,,,,,,,,,,,,,,,,,,,,,,,,,,,,,,,,,,,,,,,,,,,,,,,,,,,,,,,,,,,,,,,,,,,,,,,,,,,449.2885,462.7817,space,13.4679,,,,,,,,,,,,,,,,,,,,,,,,,
,,,,,66606177c232abb20a214fa7,001,2024-06-06_11h08.04.558,mathesisv2,2024.1.3,Win32,59.17159763,,,,,,,,,,,,,,,,,e,,,,,,,,,,,,,,,,,,,,,,,,,,,,,,,,,,,,,,,,,,,,,,,,,,,,,,,,,,,,,,,462.79,466.4136,e,3.6,,0,0,0,2,1,stimuliTAFCfirst/nimnym003.wav,,,,,,,,,,,,,
,,,,,66606177c232abb20a214fa7,001,2024-06-06_11h08.04.558,mathesisv2,2024.1.3,Win32,59.17159763,,,,,,,,,,,,,,,,,e,,,,,,,,,,,,,,,,,,,,,,,,,,,,,,,,,,,,,,,,,,,,,,,,,,,,,,,,,,,,,,,466.4138,469.2319,e,2.7991,,0,1,1,0,1,stimuliTAFCfirst/nimnym001.wav,,,,,,,,,,,,,
,,,,,66606177c232abb20a214fa7,001,2024-06-06_11h08.04.558,mathesisv2,2024.1.3,Win32,59.17159763,,,,,,,,,,,,,,,,,x,,,,,,,,,,,,,,,,,,,,,,,,,,,,,,,,,,,,,,,,,,,,,,,,,,,,,,,,,,,,,,,469.2368,472.6611,y,3.4018,,0,2,2,3,1,stimuliTAFCfirst/nimnym004.wav,,,,,,,,,,,,,
,,,,,66606177c232abb20a214fa7,001,2024-06-06_11h08.04.558,mathesisv2,2024.1.3,Win32,59.17159763,,,,,,,,,,,,,,,,,y,,,,,,,,,,,,,,,,,,,,,,,,,,,,,,,,,,,,,,,,,,,,,,,,,,,,,,,,,,,,,,,472.6615,475.0434,y,2.3556,,0,3,3,5,1,stimuliTAFCfirst/nimnym006.wav,,,,,,,,,,,,,
,,,,,66606177c232abb20a214fa7,001,2024-06-06_11h08.04.558,mathesisv2,2024.1.3,Win32,59.17159763,,,,,,,,,,,,,,,,,y,,,,,,,,,,,,,,,,,,,,,,,,,,,,,,,,,,,,,,,,,,,,,,,,,,,,,,,,,,,,,,,475.0484,477.0424,y,1.9717,,0,4,4,4,1,stimuliTAFCfirst/nimnym005.wav,,,,,,,,,,,,,
,,,,,66606177c232abb20a214fa7,001,2024-06-06_11h08.04.558,mathesisv2,2024.1.3,Win32,59.17159763,,,,,,,,,,,,,,,,,y,,,,,,,,,,,,,,,,,,,,,,,,,,,,,,,,,,,,,,,,,,,,,,,,,,,,,,,,,,,,,,,477.0431,478.8581,y,1.7911,,0,5,5,6,1,stimuliTAFCfirst/nimnym007.wav,,,,,,,,,,,,,
,,,,,66606177c232abb20a214fa7,001,2024-06-06_11h08.04.558,mathesisv2,2024.1.3,Win32,59.17159763,,,,,,,,,,,,,,,,,e,,,,,,,,,,,,,,,,,,,,,,,,,,,,,,,,,,,,,,,,,,,,,,,,,,,,,,,,,,,,,,,478.8587,482.2778,e,3.3994,,0,6,6,1,1,stimuliTAFCfirst/nimnym002.wav,,,,,,,,,,,,,
,,,,,66606177c232abb20a214fa7,001,2024-06-06_11h08.04.558,mathesisv2,2024.1.3,Win32,59.17159763,,,,,,,,,,,,,,,,,e,,,,,,,,,,,,,,,,,,,,,,,,,,,,,,,,,,,,,,,,,,,,,,,,,,,,,,,,,,,,,,,482.278,484.2569,e,1.9569,,1,0,7,0,1,stimuliTAFCfirst/nimnym001.wav,,,,,,,,,,,,,
,,,,,66606177c232abb20a214fa7,001,2024-06-06_11h08.04.558,mathesisv2,2024.1.3,Win32,59.17159763,,,,,,,,,,,,,,,,,e,,,,,,,,,,,,,,,,,,,,,,,,,,,,,,,,,,,,,,,,,,,,,,,,,,,,,,,,,,,,,,,484.2574,485.9761,e,1.6998,,1,1,8,2,1,stimuliTAFCfirst/nimnym003.wav,,,,,,,,,,,,,
,,,,,66606177c232abb20a214fa7,001,2024-06-06_11h08.04.558,mathesisv2,2024.1.3,Win32,59.17159763,,,,,,,,,,,,,,,,,e,,,,,,,,,,,,,,,,,,,,,,,,,,,,,,,,,,,,,,,,,,,,,,,,,,,,,,,,,,,,,,,485.9763,487.7724,e,1.7673,,1,2,9,1,1,stimuliTAFCfirst/nimnym002.wav,,,,,,,,,,,,,
,,,,,66606177c232abb20a214fa7,001,2024-06-06_11h08.04.558,mathesisv2,2024.1.3,Win32,59.17159763,,,,,,,,,,,,,,,,,y,,,,,,,,,,,,,,,,,,,,,,,,,,,,,,,,,,,,,,,,,,,,,,,,,,,,,,,,,,,,,,,487.7729,489.6055,y,1.8051,,1,3,10,5,1,stimuliTAFCfirst/nimnym006.wav,,,,,,,,,,,,,
,,,,,66606177c232abb20a214fa7,001,2024-06-06_11h08.04.558,mathesisv2,2024.1.3,Win32,59.17159763,,,,,,,,,,,,,,,,,x,,,,,,,,,,,,,,,,,,,,,,,,,,,,,,,,,,,,,,,,,,,,,,,,,,,,,,,,,,,,,,,489.6058,491.3372,y,1.6997,,1,4,11,3,1,stimuliTAFCfirst/nimnym004.wav,,,,,,,,,,,,,
,,,,,66606177c232abb20a214fa7,001,2024-06-06_11h08.04.558,mathesisv2,2024.1.3,Win32,59.17159763,,,,,,,,,,,,,,,,,y,,,,,,,,,,,,,,,,,,,,,,,,,,,,,,,,,,,,,,,,,,,,,,,,,,,,,,,,,,,,,,,491.3381,493.0371,y,1.6675,,1,5,12,6,1,stimuliTAFCfirst/nimnym007.wav,,,,,,,,,,,,,
,,,,,66606177c232abb20a214fa7,001,2024-06-06_11h08.04.558,mathesisv2,2024.1.3,Win32,59.17159763,,,,,,,,,,,,,,,,,y,,,,,,,,,,,,,,,,,,,,,,,,,,,,,,,,,,,,,,,,,,,,,,,,,,,,,,,,,,,,,,,493.0378,494.6366,y,1.5704,,1,6,13,4,1,stimuliTAFCfirst/nimnym005.wav,,,,,,,,,,,,,
,,,,,66606177c232abb20a214fa7,001,2024-06-06_11h08.04.558,mathesisv2,2024.1.3,Win32,59.17159763,,,,,,,,,,,,,,,,,y,494.6373,496.5196,space,1.8516,,,,,,,,,,,,,,,,,,,,,,,,,,,,,,,,,,,,,,,,,,,,,,,,,,,,,,,,,,,,,,,,,,,,,,496.5215,499.2523,y,2.7101,,0,0,0,5,1,stimuliTAFCsec/numnym006.wav,,
,,,,,66606177c232abb20a214fa7,001,2024-06-06_11h08.04.558,mathesisv2,2024.1.3,Win32,59.17159763,,,,,,,,,,,,,,,,,x,,,,,,,,,,,,,,,,,,,,,,,,,,,,,,,,,,,,,,,,,,,,,,,,,,,,,,,,,,,,,,,,,,,,,,,,,,499.2574,502.0843,u,2.8087,,0,1,1,3,1,stimuliTAFCsec/numnym004.wav,,
,,,,,66606177c232abb20a214fa7,001,2024-06-06_11h08.04.558,mathesisv2,2024.1.3,Win32,59.17159763,,,,,,,,,,,,,,,,,u,,,,,,,,,,,,,,,,,,,,,,,,,,,,,,,,,,,,,,,,,,,,,,,,,,,,,,,,,,,,,,,,,,,,,,,,,,502.0847,504.1021,u,1.9985,,0,2,2,2,1,stimuliTAFCsec/numnym003.wav,,
,,,,,66606177c232abb20a214fa7,001,2024-06-06_11h08.04.558,mathesisv2,2024.1.3,Win32,59.17159763,,,,,,,,,,,,,,,,,u,,,,,,,,,,,,,,,,,,,,,,,,,,,,,,,,,,,,,,,,,,,,,,,,,,,,,,,,,,,,,,,,,,,,,,,,,,504.1025,505.6993,u,1.5787,,0,3,3,0,1,stimuliTAFCsec/numnym001.wav,,
,,,,,66606177c232abb20a214fa7,001,2024-06-06_11h08.04.558,mathesisv2,2024.1.3,Win32,59.17159763,,,,,,,,,,,,,,,,,u,,,,,,,,,,,,,,,,,,,,,,,,,,,,,,,,,,,,,,,,,,,,,,,,,,,,,,,,,,,,,,,,,,,,,,,,,,505.7,507.2327,u,1.5012,,0,4,4,1,1,stimuliTAFCsec/numnym002.wav,,
,,,,,66606177c232abb20a214fa7,001,2024-06-06_11h08.04.558,mathesisv2,2024.1.3,Win32,59.17159763,,,,,,,,,,,,,,,,,y,,,,,,,,,,,,,,,,,,,,,,,,,,,,,,,,,,,,,,,,,,,,,,,,,,,,,,,,,,,,,,,,,,,,,,,,,,507.2331,509.0317,y,1.767,,0,5,5,4,1,stimuliTAFCsec/numnym005.wav,,
,,,,,66606177c232abb20a214fa7,001,2024-06-06_11h08.04.558,mathesisv2,2024.1.3,Win32,59.17159763,,,,,,,,,,,,,,,,,y,,,,,,,,,,,,,,,,,,,,,,,,,,,,,,,,,,,,,,,,,,,,,,,,,,,,,,,,,,,,,,,,,,,,,,,,,,509.0322,510.7679,y,1.7165,,0,6,6,6,1,stimuliTAFCsec/numnym007.wav,,
,,,,,66606177c232abb20a214fa7,001,2024-06-06_11h08.04.558,mathesisv2,2024.1.3,Win32,59.17159763,,,,,,,,,,,,,,,,,u,,,,,,,,,,,,,,,,,,,,,,,,,,,,,,,,,,,,,,,,,,,,,,,,,,,,,,,,,,,,,,,,,,,,,,,,,,510.7681,512.4133,u,1.629,,1,0,7,1,1,stimuliTAFCsec/numnym002.wav,,
,,,,,66606177c232abb20a214fa7,001,2024-06-06_11h08.04.558,mathesisv2,2024.1.3,Win32,59.17159763,,,,,,,,,,,,,,,,,u,,,,,,,,,,,,,,,,,,,,,,,,,,,,,,,,,,,,,,,,,,,,,,,,,,,,,,,,,,,,,,,,,,,,,,,,,,512.4139,515.7965,u,3.3529,,1,1,8,0,1,stimuliTAFCsec/numnym001.wav,,
,,,,,66606177c232abb20a214fa7,001,2024-06-06_11h08.04.558,mathesisv2,2024.1.3,Win32,59.17159763,,,,,,,,,,,,,,,,,y,,,,,,,,,,,,,,,,,,,,,,,,,,,,,,,,,,,,,,,,,,,,,,,,,,,,,,,,,,,,,,,,,,,,,,,,,,515.8013,517.7485,y,1.9327,,1,2,9,6,1,stimuliTAFCsec/numnym007.wav,,
,,,,,66606177c232abb20a214fa7,001,2024-06-06_11h08.04.558,mathesisv2,2024.1.3,Win32,59.17159763,,,,,,,,,,,,,,,,,y,,,,,,,,,,,,,,,,,,,,,,,,,,,,,,,,,,,,,,,,,,,,,,,,,,,,,,,,,,,,,,,,,,,,,,,,,,517.7488,519.4447,y,1.6701,,1,3,10,5,1,stimuliTAFCsec/numnym006.wav,,
,,,,,66606177c232abb20a214fa7,001,2024-06-06_11h08.04.558,mathesisv2,2024.1.3,Win32,59.17159763,,,,,,,,,,,,,,,,,x,,,,,,,,,,,,,,,,,,,,,,,,,,,,,,,,,,,,,,,,,,,,,,,,,,,,,,,,,,,,,,,,,,,,,,,,,,519.4454,521.5442,y,2.0741,,1,4,11,3,1,stimuliTAFCsec/numnym004.wav,,
,,,,,66606177c232abb20a214fa7,001,2024-06-06_11h08.04.558,mathesisv2,2024.1.3,Win32,59.17159763,,,,,,,,,,,,,,,,,y,,,,,,,,,,,,,,,,,,,,,,,,,,,,,,,,,,,,,,,,,,,,,,,,,,,,,,,,,,,,,,,,,,,,,,,,,,521.5447,523.1795,y,1.6157,,1,5,12,4,1,stimuliTAFCsec/numnym005.wav,,
,,,,,66606177c232abb20a214fa7,001,2024-06-06_11h08.04.558,mathesisv2,2024.1.3,Win32,59.17159763,,,,,,,,,,,,,,,,,u,,,,,,,,,,,,,,,,,,,,,,,,,,,,,,,,,,,,,,,,,,,,,,,,,,,,,,,,,,,,,,,,,,,,,,,,,,523.1797,524.9098,u,1.703,,1,6,13,2,1,stimuliTAFCsec/numnym003.wav,,
,,,,,66606177c232abb20a214fa7,001,2024-06-06_11h08.04.558,mathesisv2,2024.1.3,Win32,59.17159763,,,,,,,,,,,,,,,,,y,,,,,,,,,,,,,,,,,,,,,,,,,,524.9104,526.8596,space,1.917,,,,,,,,,,,,,,,,,,,,,,,,,,,,,,,,,,526.8612,529.8111,y,2.9322,,0,0,0,4,1,stimuliTAFCfirst/nimnym005.wav,,,,,,,,,,,,,
,,,,,66606177c232abb20a214fa7,001,2024-06-06_11h08.04.558,mathesisv2,2024.1.3,Win32,59.17159763,,,,,,,,,,,,,,,,,e,,,,,,,,,,,,,,,,,,,,,,,,,,,,,,,,,,,,,,,,,,,,,,,,,,,,,,,,,,,,,,,529.8161,532.8569,e,3.0212,,0,1,1,0,1,stimuliTAFCfirst/nimnym001.wav,,,,,,,,,,,,,
,,,,,66606177c232abb20a214fa7,001,2024-06-06_11h08.04.558,mathesisv2,2024.1.3,Win32,59.17159763,,,,,,,,,,,,,,,,,y,,,,,,,,,,,,,,,,,,,,,,,,,,,,,,,,,,,,,,,,,,,,,,,,,,,,,,,,,,,,,,,532.8574,534.9062,y,2.0205,,0,2,2,5,1,stimuliTAFCfirst/nimnym006.wav,,,,,,,,,,,,,
,,,,,66606177c232abb20a214fa7,001,2024-06-06_11h08.04.558,mathesisv2,2024.1.3,Win32,59.17159763,,,,,,,,,,,,,,,,,e,,,,,,,,,,,,,,,,,,,,,,,,,,,,,,,,,,,,,,,,,,,,,,,,,,,,,,,,,,,,,,,534.9068,536.5057,e,1.5673,,0,3,3,1,1,stimuliTAFCfirst/nimnym002.wav,,,,,,,,,,,,,
,,,,,66606177c232abb20a214fa7,001,2024-06-06_11h08.04.558,mathesisv2,2024.1.3,Win32,59.17159763,,,,,,,,,,,,,,,,,x,,,,,,,,,,,,,,,,,,,,,,,,,,,,,,,,,,,,,,,,,,,,,,,,,,,,,,,,,,,,,,,536.5062,537.9715,y,1.4458,,0,4,4,3,1,stimuliTAFCfirst/nimnym004.wav,,,,,,,,,,,,,
,,,,,66606177c232abb20a214fa7,001,2024-06-06_11h08.04.558,mathesisv2,2024.1.3,Win32,59.17159763,,,,,,,,,,,,,,,,,e,,,,,,,,,,,,,,,,,,,,,,,,,,,,,,,,,,,,,,,,,,,,,,,,,,,,,,,,,,,,,,,537.9721,539.4215,y,1.4226,,0,5,5,2,1,stimuliTAFCfirst/nimnym003.wav,,,,,,,,,,,,,
,,,,,66606177c232abb20a214fa7,001,2024-06-06_11h08.04.558,mathesisv2,2024.1.3,Win32,59.17159763,,,,,,,,,,,,,,,,,y,,,,,,,,,,,,,,,,,,,,,,,,,,,,,,,,,,,,,,,,,,,,,,,,,,,,,,,,,,,,,,,539.4219,540.9206,y,1.4701,,0,6,6,6,1,stimuliTAFCfirst/nimnym007.wav,,,,,,,,,,,,,
,,,,,66606177c232abb20a214fa7,001,2024-06-06_11h08.04.558,mathesisv2,2024.1.3,Win32,59.17159763,,,,,,,,,,,,,,,,,y,,,,,,,,,,,,,,,,,,,,,,,,,,,,,,,,,,,,,,,,,,,,,,,,,,,,,,,,,,,,,,,540.9214,542.1562,y,1.2158,,1,0,7,4,1,stimuliTAFCfirst/nimnym005.wav,,,,,,,,,,,,,
,,,,,66606177c232abb20a214fa7,001,2024-06-06_11h08.04.558,mathesisv2,2024.1.3,Win32,59.17159763,,,,,,,,,,,,,,,,,y,,,,,,,,,,,,,,,,,,,,,,,,,,,,,,,,,,,,,,,,,,,,,,,,,,,,,,,,,,,,,,,542.1565,543.3867,y,1.2039,,1,1,8,5,1,stimuliTAFCfirst/nimnym006.wav,,,,,,,,,,,,,
,,,,,66606177c232abb20a214fa7,001,2024-06-06_11h08.04.558,mathesisv2,2024.1.3,Win32,59.17159763,,,,,,,,,,,,,,,,,e,,,,,,,,,,,,,,,,,,,,,,,,,,,,,,,,,,,,,,,,,,,,,,,,,,,,,,,,,,,,,,,543.3871,544.5857,e,1.1789,,1,2,9,0,1,stimuliTAFCfirst/nimnym001.wav,,,,,,,,,,,,,
,,,,,66606177c232abb20a214fa7,001,2024-06-06_11h08.04.558,mathesisv2,2024.1.3,Win32,59.17159763,,,,,,,,,,,,,,,,,e,,,,,,,,,,,,,,,,,,,,,,,,,,,,,,,,,,,,,,,,,,,,,,,,,,,,,,,,,,,,,,,544.5863,545.7226,e,1.1166,,1,3,10,1,1,stimuliTAFCfirst/nimnym002.wav,,,,,,,,,,,,,
,,,,,66606177c232abb20a214fa7,001,2024-06-06_11h08.04.558,mathesisv2,2024.1.3,Win32,59.17159763,,,,,,,,,,,,,,,,,e,,,,,,,,,,,,,,,,,,,,,,,,,,,,,,,,,,,,,,,,,,,,,,,,,,,,,,,,,,,,,,,545.7229,546.8555,e,1.1167,,1,4,11,2,1,stimuliTAFCfirst/nimnym003.wav,,,,,,,,,,,,,
,,,,,66606177c232abb20a214fa7,001,2024-06-06_11h08.04.558,mathesisv2,2024.1.3,Win32,59.17159763,,,,,,,,,,,,,,,,,y,,,,,,,,,,,,,,,,,,,,,,,,,,,,,,,,,,,,,,,,,,,,,,,,,,,,,,,,,,,,,,,546.8557,548.2017,y,1.3212,,1,5,12,6,1,stimuliTAFCfirst/nimnym007.wav,,,,,,,,,,,,,
,,,,,66606177c232abb20a214fa7,001,2024-06-06_11h08.04.558,mathesisv2,2024.1.3,Win32,59.17159763,,,,,,,,,,,,,,,,,x,,,,,,,,,,,,,,,,,,,,,,,,,,,,,,,,,,,,,,,,,,,,,,,,,,,,,,,,,,,,,,,548.2022,549.435,y,1.2095,,1,6,13,3,1,stimuliTAFCfirst/nimnym004.wav,,,,,,,,,,,,,
,,,,,66606177c232abb20a214fa7,001,2024-06-06_11h08.04.558,mathesisv2,2024.1.3,Win32,59.17159763,,,,,,,,,,,,,,,,,y,549.4354,551.0675,space,1.6057,,,,,,,,,,,,,,,,,,,,,,,,,,,,,,,,,,,,,,,,,,,,,,,,,,,,,,,,,,,,,,,,,,,,,,551.0742,555.7672,y,4.6798,,0,0,0,6,1,stimuliTAFCsec/numnym007.wav,,
,,,,,66606177c232abb20a214fa7,001,2024-06-06_11h08.04.558,mathesisv2,2024.1.3,Win32,59.17159763,,,,,,,,,,,,,,,,,u,,,,,,,,,,,,,,,,,,,,,,,,,,,,,,,,,,,,,,,,,,,,,,,,,,,,,,,,,,,,,,,,,,,,,,,,,,555.772,570.3787,y,14.5933,,0,1,1,0,1,stimuliTAFCsec/numnym001.wav,,
,,,,,66606177c232abb20a214fa7,001,2024-06-06_11h08.04.558,mathesisv2,2024.1.3,Win32,59.17159763,,,,,,,,,,,,,,,,,y,,,,,,,,,,,,,,,,,,,,,,,,,,,,,,,,,,,,,,,,,,,,,,,,,,,,,,,,,,,,,,,,,,,,,,,,,,570.3839,572.0967,u,1.6996,,0,2,2,5,1,stimuliTAFCsec/numnym006.wav,,
,,,,,66606177c232abb20a214fa7,001,2024-06-06_11h08.04.558,mathesisv2,2024.1.3,Win32,59.17159763,,,,,,,,,,,,,,,,,u,,,,,,,,,,,,,,,,,,,,,,,,,,,,,,,,,,,,,,,,,,,,,,,,,,,,,,,,,,,,,,,,,,,,,,,,,,572.0969,574.3261,y,2.2084,,0,3,3,2,1,stimuliTAFCsec/numnym003.wav,,
,,,,,66606177c232abb20a214fa7,001,2024-06-06_11h08.04.558,mathesisv2,2024.1.3,Win32,59.17159763,,,,,,,,,,,,,,,,,y,,,,,,,,,,,,,,,,,,,,,,,,,,,,,,,,,,,,,,,,,,,,,,,,,,,,,,,,,,,,,,,,,,,,,,,,,,574.3266,575.8258,u,1.474,,0,4,4,4,1,stimuliTAFCsec/numnym005.wav,,
,,,,,66606177c232abb20a214fa7,001,2024-06-06_11h08.04.558,mathesisv2,2024.1.3,Win32,59.17159763,,,,,,,,,,,,,,,,,x,,,,,,,,,,,,,,,,,,,,,,,,,,,,,,,,,,,,,,,,,,,,,,,,,,,,,,,,,,,,,,,,,,,,,,,,,,575.8262,577.3618,u,1.5166,,0,5,5,3,1,stimuliTAFCsec/numnym004.wav,,
,,,,,66606177c232abb20a214fa7,001,2024-06-06_11h08.04.558,mathesisv2,2024.1.3,Win32,59.17159763,,,,,,,,,,,,,,,,,u,,,,,,,,,,,,,,,,,,,,,,,,,,,,,,,,,,,,,,,,,,,,,,,,,,,,,,,,,,,,,,,,,,,,,,,,,,577.362,578.9445,u,1.567,,0,6,6,1,1,stimuliTAFCsec/numnym002.wav,,
,,,,,66606177c232abb20a214fa7,001,2024-06-06_11h08.04.558,mathesisv2,2024.1.3,Win32,59.17159763,,,,,,,,,,,,,,,,,y,,,,,,,,,,,,,,,,,,,,,,,,,,,,,,,,,,,,,,,,,,,,,,,,,,,,,,,,,,,,,,,,,,,,,,,,,,578.9446,580.4739,u,1.509,,1,0,7,6,1,stimuliTAFCsec/numnym007.wav,,
,,,,,66606177c232abb20a214fa7,001,2024-06-06_11h08.04.558,mathesisv2,2024.1.3,Win32,59.17159763,,,,,,,,,,,,,,,,,y,,,,,,,,,,,,,,,,,,,,,,,,,,,,,,,,,,,,,,,,,,,,,,,,,,,,,,,,,,,,,,,,,,,,,,,,,,580.4744,582.7757,y,2.2822,,1,1,8,4,1,stimuliTAFCsec/numnym005.wav,,
,,,,,66606177c232abb20a214fa7,001,2024-06-06_11h08.04.558,mathesisv2,2024.1.3,Win32,59.17159763,,,,,,,,,,,,,,,,,u,,,,,,,,,,,,,,,,,,,,,,,,,,,,,,,,,,,,,,,,,,,,,,,,,,,,,,,,,,,,,,,,,,,,,,,,,,582.7759,584.1059,u,1.3009,,1,2,9,1,1,stimuliTAFCsec/numnym002.wav,,
,,,,,66606177c232abb20a214fa7,001,2024-06-06_11h08.04.558,mathesisv2,2024.1.3,Win32,59.17159763,,,,,,,,,,,,,,,,,y,,,,,,,,,,,,,,,,,,,,,,,,,,,,,,,,,,,,,,,,,,,,,,,,,,,,,,,,,,,,,,,,,,,,,,,,,,584.1064,585.7589,u,1.6332,,1,3,10,5,1,stimuliTAFCsec/numnym006.wav,,
,,,,,66606177c232abb20a214fa7,001,2024-06-06_11h08.04.558,mathesisv2,2024.1.3,Win32,59.17159763,,,,,,,,,,,,,,,,,u,,,,,,,,,,,,,,,,,,,,,,,,,,,,,,,,,,,,,,,,,,,,,,,,,,,,,,,,,,,,,,,,,,,,,,,,,,585.7592,587.3386,u,1.5552,,1,4,11,0,1,stimuliTAFCsec/numnym001.wav,,
,,,,,66606177c232abb20a214fa7,001,2024-06-06_11h08.04.558,mathesisv2,2024.1.3,Win32,59.17159763,,,,,,,,,,,,,,,,,u,,,,,,,,,,,,,,,,,,,,,,,,,,,,,,,,,,,,,,,,,,,,,,,,,,,,,,,,,,,,,,,,,,,,,,,,,,587.339,588.9713,u,1.603,,1,5,12,2,1,stimuliTAFCsec/numnym003.wav,,
,,,,,66606177c232abb20a214fa7,001,2024-06-06_11h08.04.558,mathesisv2,2024.1.3,Win32,59.17159763,,,,,,,,,,,,,,,,,x,,,,,,,,,,,,,,,,,,,,,,,,,,,,,,,,,,,,,,,,,,,,,,,,,,,,,,,,,,,,,,,,,,,,,,,,,,588.9717,590.6032,y,1.6006,,1,6,13,3,1,stimuliTAFCsec/numnym004.wav,,
,,,,,66606177c232abb20a214fa7,001,2024-06-06_11h08.04.558,mathesisv2,2024.1.3,Win32,59.17159763,,,,,,,,,,,,,,,,,y,,,,,,,,,,,,,,,,,,,,,,,,,,590.6033,591.9868,space,1.3565,,,,,,,,,,,,,,,,,,,,,,,,,,,,,,,,,,591.989,595.2355,y,3.2211,,0,0,0,4,1,stimuliTAFCfirst/nimnym005.wav,,,,,,,,,,,,,
,,,,,66606177c232abb20a214fa7,001,2024-06-06_11h08.04.558,mathesisv2,2024.1.3,Win32,59.17159763,,,,,,,,,,,,,,,,,e,,,,,,,,,,,,,,,,,,,,,,,,,,,,,,,,,,,,,,,,,,,,,,,,,,,,,,,,,,,,,,,595.2409,597.618,e,2.3532,,0,1,1,2,1,stimuliTAFCfirst/nimnym003.wav,,,,,,,,,,,,,
,,,,,66606177c232abb20a214fa7,001,2024-06-06_11h08.04.558,mathesisv2,2024.1.3,Win32,59.17159763,,,,,,,,,,,,,,,,,y,,,,,,,,,,,,,,,,,,,,,,,,,,,,,,,,,,,,,,,,,,,,,,,,,,,,,,,,,,,,,,,597.6185,598.8375,y,1.1997,,0,2,2,6,1,stimuliTAFCfirst/nimnym007.wav,,,,,,,,,,,,,
,,,,,66606177c232abb20a214fa7,001,2024-06-06_11h08.04.558,mathesisv2,2024.1.3,Win32,59.17159763,,,,,,,,,,,,,,,,,y,,,,,,,,,,,,,,,,,,,,,,,,,,,,,,,,,,,,,,,,,,,,,,,,,,,,,,,,,,,,,,,598.8378,599.9707,y,1.1169,,0,3,3,5,1,stimuliTAFCfirst/nimnym006.wav,,,,,,,,,,,,,
,,,,,66606177c232abb20a214fa7,001,2024-06-06_11h08.04.558,mathesisv2,2024.1.3,Win32,59.17159763,,,,,,,,,,,,,,,,,x,,,,,,,,,,,,,,,,,,,,,,,,,,,,,,,,,,,,,,,,,,,,,,,,,,,,,,,,,,,,,,,599.9709,601.0367,y,1.0498,,0,4,4,3,1,stimuliTAFCfirst/nimnym004.wav,,,,,,,,,,,,,
,,,,,66606177c232abb20a214fa7,001,2024-06-06_11h08.04.558,mathesisv2,2024.1.3,Win32,59.17159763,,,,,,,,,,,,,,,,,e,,,,,,,,,,,,,,,,,,,,,,,,,,,,,,,,,,,,,,,,,,,,,,,,,,,,,,,,,,,,,,,601.0369,602.283,e,1.2245,,0,5,5,1,1,stimuliTAFCfirst/nimnym002.wav,,,,,,,,,,,,,
,,,,,66606177c232abb20a214fa7,001,2024-06-06_11h08.04.558,mathesisv2,2024.1.3,Win32,59.17159763,,,,,,,,,,,,,,,,,e,,,,,,,,,,,,,,,,,,,,,,,,,,,,,,,,,,,,,,,,,,,,,,,,,,,,,,,,,,,,,,,602.2835,603.7664,e,1.4531,,0,6,6,0,1,stimuliTAFCfirst/nimnym001.wav,,,,,,,,,,,,,
,,,,,66606177c232abb20a214fa7,001,2024-06-06_11h08.04.558,mathesisv2,2024.1.3,Win32,59.17159763,,,,,,,,,,,,,,,,,x,,,,,,,,,,,,,,,,,,,,,,,,,,,,,,,,,,,,,,,,,,,,,,,,,,,,,,,,,,,,,,,603.7667,605.2523,y,1.4666,,1,0,7,3,1,stimuliTAFCfirst/nimnym004.wav,,,,,,,,,,,,,
,,,,,66606177c232abb20a214fa7,001,2024-06-06_11h08.04.558,mathesisv2,2024.1.3,Win32,59.17159763,,,,,,,,,,,,,,,,,e,,,,,,,,,,,,,,,,,,,,,,,,,,,,,,,,,,,,,,,,,,,,,,,,,,,,,,,,,,,,,,,605.2526,606.4019,y,1.1335,,1,1,8,2,1,stimuliTAFCfirst/nimnym003.wav,,,,,,,,,,,,,
,,,,,66606177c232abb20a214fa7,001,2024-06-06_11h08.04.558,mathesisv2,2024.1.3,Win32,59.17159763,,,,,,,,,,,,,,,,,e,,,,,,,,,,,,,,,,,,,,,,,,,,,,,,,,,,,,,,,,,,,,,,,,,,,,,,,,,,,,,,,606.4022,607.615,e,1.1914,,1,2,9,0,1,stimuliTAFCfirst/nimnym001.wav,,,,,,,,,,,,,
,,,,,66606177c232abb20a214fa7,001,2024-06-06_11h08.04.558,mathesisv2,2024.1.3,Win32,59.17159763,,,,,,,,,,,,,,,,,e,,,,,,,,,,,,,,,,,,,,,,,,,,,,,,,,,,,,,,,,,,,,,,,,,,,,,,,,,,,,,,,607.6154,608.6476,e,1.0131,,1,3,10,1,1,stimuliTAFCfirst/nimnym002.wav,,,,,,,,,,,,,
,,,,,66606177c232abb20a214fa7,001,2024-06-06_11h08.04.558,mathesisv2,2024.1.3,Win32,59.17159763,,,,,,,,,,,,,,,,,y,,,,,,,,,,,,,,,,,,,,,,,,,,,,,,,,,,,,,,,,,,,,,,,,,,,,,,,,,,,,,,,608.6481,609.8307,y,1.1538,,1,4,11,6,1,stimuliTAFCfirst/nimnym007.wav,,,,,,,,,,,,,
,,,,,66606177c232abb20a214fa7,001,2024-06-06_11h08.04.558,mathesisv2,2024.1.3,Win32,59.17159763,,,,,,,,,,,,,,,,,y,,,,,,,,,,,,,,,,,,,,,,,,,,,,,,,,,,,,,,,,,,,,,,,,,,,,,,,,,,,,,,,609.8311,610.8137,y,0.9568,,1,5,12,4,1,stimuliTAFCfirst/nimnym005.wav,,,,,,,,,,,,,
,,,,,66606177c232abb20a214fa7,001,2024-06-06_11h08.04.558,mathesisv2,2024.1.3,Win32,59.17159763,,,,,,,,,,,,,,,,,y,,,,,,,,,,,,,,,,,,,,,,,,,,,,,,,,,,,,,,,,,,,,,,,,,,,,,,,,,,,,,,,610.8141,612.0301,y,1.1842,,1,6,13,5,1,stimuliTAFCfirst/nimnym006.wav,,,,,,,,,,,,,
,,,,,66606177c232abb20a214fa7,001,2024-06-06_11h08.04.558,mathesisv2,2024.1.3,Win32,59.17159763,,,,,,,,,,,,,,,,,y,612.0304,613.4624,space,1.404,,,,,,,,,,,,,,,,,,,,,,,,,,,,,,,,,,,,,,,,,,,,,,,,,,,,,,,,,,,,,,,,,,,,,,613.4645,622.9761,u,9.4845,,0,0,0,4,1,stimuliTAFCsec/numnym005.wav,,
,,,,,66606177c232abb20a214fa7,001,2024-06-06_11h08.04.558,mathesisv2,2024.1.3,Win32,59.17159763,,,,,,,,,,,,,,,,,y,,,,,,,,,,,,,,,,,,,,,,,,,,,,,,,,,,,,,,,,,,,,,,,,,,,,,,,,,,,,,,,,,,,,,,,,,,622.9818,624.4758,y,1.4722,,0,1,1,6,1,stimuliTAFCsec/numnym007.wav,,
,,,,,66606177c232abb20a214fa7,001,2024-06-06_11h08.04.558,mathesisv2,2024.1.3,Win32,59.17159763,,,,,,,,,,,,,,,,,y,,,,,,,,,,,,,,,,,,,,,,,,,,,,,,,,,,,,,,,,,,,,,,,,,,,,,,,,,,,,,,,,,,,,,,,,,,624.4762,626.0577,u,1.5599,,0,2,2,5,1,stimuliTAFCsec/numnym006.wav,,
,,,,,66606177c232abb20a214fa7,001,2024-06-06_11h08.04.558,mathesisv2,2024.1.3,Win32,59.17159763,,,,,,,,,,,,,,,,,u,,,,,,,,,,,,,,,,,,,,,,,,,,,,,,,,,,,,,,,,,,,,,,,,,,,,,,,,,,,,,,,,,,,,,,,,,,626.0581,627.8114,y,1.7334,,0,3,3,0,1,stimuliTAFCsec/numnym001.wav,,
,,,,,66606177c232abb20a214fa7,001,2024-06-06_11h08.04.558,mathesisv2,2024.1.3,Win32,59.17159763,,,,,,,,,,,,,,,,,u,,,,,,,,,,,,,,,,,,,,,,,,,,,,,,,,,,,,,,,,,,,,,,,,,,,,,,,,,,,,,,,,,,,,,,,,,,627.8117,629.274,u,1.445,,0,4,4,1,1,stimuliTAFCsec/numnym002.wav,,
,,,,,66606177c232abb20a214fa7,001,2024-06-06_11h08.04.558,mathesisv2,2024.1.3,Win32,59.17159763,,,,,,,,,,,,,,,,,x,,,,,,,,,,,,,,,,,,,,,,,,,,,,,,,,,,,,,,,,,,,,,,,,,,,,,,,,,,,,,,,,,,,,,,,,,,629.2745,630.7102,y,1.4167,,0,5,5,3,1,stimuliTAFCsec/numnym004.wav,,
,,,,,66606177c232abb20a214fa7,001,2024-06-06_11h08.04.558,mathesisv2,2024.1.3,Win32,59.17159763,,,,,,,,,,,,,,,,,u,,,,,,,,,,,,,,,,,,,,,,,,,,,,,,,,,,,,,,,,,,,,,,,,,,,,,,,,,,,,,,,,,,,,,,,,,,630.7105,632.2596,y,1.5332,,0,6,6,2,1,stimuliTAFCsec/numnym003.wav,,
,,,,,66606177c232abb20a214fa7,001,2024-06-06_11h08.04.558,mathesisv2,2024.1.3,Win32,59.17159763,,,,,,,,,,,,,,,,,y,,,,,,,,,,,,,,,,,,,,,,,,,,,,,,,,,,,,,,,,,,,,,,,,,,,,,,,,,,,,,,,,,,,,,,,,,,632.2598,633.8257,y,1.5498,,1,0,7,6,1,stimuliTAFCsec/numnym007.wav,,
,,,,,66606177c232abb20a214fa7,001,2024-06-06_11h08.04.558,mathesisv2,2024.1.3,Win32,59.17159763,,,,,,,,,,,,,,,,,u,,,,,,,,,,,,,,,,,,,,,,,,,,,,,,,,,,,,,,,,,,,,,,,,,,,,,,,,,,,,,,,,,,,,,,,,,,633.826,635.2753,u,1.433,,1,1,8,2,1,stimuliTAFCsec/numnym003.wav,,
,,,,,66606177c232abb20a214fa7,001,2024-06-06_11h08.04.558,mathesisv2,2024.1.3,Win32,59.17159763,,,,,,,,,,,,,,,,,y,,,,,,,,,,,,,,,,,,,,,,,,,,,,,,,,,,,,,,,,,,,,,,,,,,,,,,,,,,,,,,,,,,,,,,,,,,635.2755,637.058,y,1.7665,,1,2,9,4,1,stimuliTAFCsec/numnym005.wav,,
,,,,,66606177c232abb20a214fa7,001,2024-06-06_11h08.04.558,mathesisv2,2024.1.3,Win32,59.17159763,,,,,,,,,,,,,,,,,y,,,,,,,,,,,,,,,,,,,,,,,,,,,,,,,,,,,,,,,,,,,,,,,,,,,,,,,,,,,,,,,,,,,,,,,,,,637.0582,638.5207,u,1.4343,,1,3,10,5,1,stimuliTAFCsec/numnym006.wav,,
,,,,,66606177c232abb20a214fa7,001,2024-06-06_11h08.04.558,mathesisv2,2024.1.3,Win32,59.17159763,,,,,,,,,,,,,,,,,u,,,,,,,,,,,,,,,,,,,,,,,,,,,,,,,,,,,,,,,,,,,,,,,,,,,,,,,,,,,,,,,,,,,,,,,,,,638.5213,639.8736,y,1.3328,,1,4,11,0,1,stimuliTAFCsec/numnym001.wav,,
,,,,,66606177c232abb20a214fa7,001,2024-06-06_11h08.04.558,mathesisv2,2024.1.3,Win32,59.17159763,,,,,,,,,,,,,,,,,x,,,,,,,,,,,,,,,,,,,,,,,,,,,,,,,,,,,,,,,,,,,,,,,,,,,,,,,,,,,,,,,,,,,,,,,,,,639.8739,641.2899,u,1.3998,,1,5,12,3,1,stimuliTAFCsec/numnym004.wav,,
,,,,,66606177c232abb20a214fa7,001,2024-06-06_11h08.04.558,mathesisv2,2024.1.3,Win32,59.17159763,,,,,,,,,,,,,,,,,u,,,,,,,,,,,,,,,,,,,,,,,,,,,,,,,,,,,,,,,,,,,,,,,,,,,,,,,,,,,,,,,,,,,,,,,,,,641.2902,642.6363,u,1.3205,,1,6,13,1,1,stimuliTAFCsec/numnym002.wav,,
,,,,,66606177c232abb20a214fa7,001,2024-06-06_11h08.04.558,mathesisv2,2024.1.3,Win32,59.17159763,,,,,,,,,,,,,,,,,x,,,,,,,,,,,,,,,,,,,,,,,,,,642.6365,643.6692,space,1.0081,,,,,,,,,,,,,,,,,,,,,,,,,,,,,,,,,,643.6718,646.2017,y,2.5016,,0,0,0,3,1,stimuliTAFCfirst/nimnym004.wav,,,,,,,,,,,,,
,,,,,66606177c232abb20a214fa7,001,2024-06-06_11h08.04.558,mathesisv2,2024.1.3,Win32,59.17159763,,,,,,,,,,,,,,,,,e,,,,,,,,,,,,,,,,,,,,,,,,,,,,,,,,,,,,,,,,,,,,,,,,,,,,,,,,,,,,,,,646.2021,648.0201,e,1.799,,0,1,1,0,1,stimuliTAFCfirst/nimnym001.wav,,,,,,,,,,,,,
,,,,,66606177c232abb20a214fa7,001,2024-06-06_11h08.04.558,mathesisv2,2024.1.3,Win32,59.17159763,,,,,,,,,,,,,,,,,y,,,,,,,,,,,,,,,,,,,,,,,,,,,,,,,,,,,,,,,,,,,,,,,,,,,,,,,,,,,,,,,648.0204,650.2033,y,2.1661,,0,2,2,4,1,stimuliTAFCfirst/nimnym005.wav,,,,,,,,,,,,,
,,,,,66606177c232abb20a214fa7,001,2024-06-06_11h08.04.558,mathesisv2,2024.1.3,Win32,59.17159763,,,,,,,,,,,,,,,,,y,,,,,,,,,,,,,,,,,,,,,,,,,,,,,,,,,,,,,,,,,,,,,,,,,,,,,,,,,,,,,,,650.2035,651.6863,y,1.4663,,0,3,3,6,1,stimuliTAFCfirst/nimnym007.wav,,,,,,,,,,,,,
,,,,,66606177c232abb20a214fa7,001,2024-06-06_11h08.04.558,mathesisv2,2024.1.3,Win32,59.17159763,,,,,,,,,,,,,,,,,e,,,,,,,,,,,,,,,,,,,,,,,,,,,,,,,,,,,,,,,,,,,,,,,,,,,,,,,,,,,,,,,651.6865,652.9492,e,1.2343,,0,4,4,2,1,stimuliTAFCfirst/nimnym003.wav,,,,,,,,,,,,,
,,,,,66606177c232abb20a214fa7,001,2024-06-06_11h08.04.558,mathesisv2,2024.1.3,Win32,59.17159763,,,,,,,,,,,,,,,,,e,,,,,,,,,,,,,,,,,,,,,,,,,,,,,,,,,,,,,,,,,,,,,,,,,,,,,,,,,,,,,,,652.9501,654.2351,e,1.2662,,0,5,5,1,1,stimuliTAFCfirst/nimnym002.wav,,,,,,,,,,,,,
,,,,,66606177c232abb20a214fa7,001,2024-06-06_11h08.04.558,mathesisv2,2024.1.3,Win32,59.17159763,,,,,,,,,,,,,,,,,y,,,,,,,,,,,,,,,,,,,,,,,,,,,,,,,,,,,,,,,,,,,,,,,,,,,,,,,,,,,,,,,654.2354,655.5312,y,1.2677,,0,6,6,5,1,stimuliTAFCfirst/nimnym006.wav,,,,,,,,,,,,,
,,,,,66606177c232abb20a214fa7,001,2024-06-06_11h08.04.558,mathesisv2,2024.1.3,Win32,59.17159763,,,,,,,,,,,,,,,,,e,,,,,,,,,,,,,,,,,,,,,,,,,,,,,,,,,,,,,,,,,,,,,,,,,,,,,,,,,,,,,,,655.5319,657.3677,y,1.8164,,1,0,7,2,1,stimuliTAFCfirst/nimnym003.wav,,,,,,,,,,,,,
,,,,,66606177c232abb20a214fa7,001,2024-06-06_11h08.04.558,mathesisv2,2024.1.3,Win32,59.17159763,,,,,,,,,,,,,,,,,y,,,,,,,,,,,,,,,,,,,,,,,,,,,,,,,,,,,,,,,,,,,,,,,,,,,,,,,,,,,,,,,657.3682,658.834,y,1.4499,,1,1,8,6,1,stimuliTAFCfirst/nimnym007.wav,,,,,,,,,,,,,
,,,,,66606177c232abb20a214fa7,001,2024-06-06_11h08.04.558,mathesisv2,2024.1.3,Win32,59.17159763,,,,,,,,,,,,,,,,,e,,,,,,,,,,,,,,,,,,,,,,,,,,,,,,,,,,,,,,,,,,,,,,,,,,,,,,,,,,,,,,,658.8343,660.0635,e,1.2056,,1,2,9,1,1,stimuliTAFCfirst/nimnym002.wav,,,,,,,,,,,,,
,,,,,66606177c232abb20a214fa7,001,2024-06-06_11h08.04.558,mathesisv2,2024.1.3,Win32,59.17159763,,,,,,,,,,,,,,,,,x,,,,,,,,,,,,,,,,,,,,,,,,,,,,,,,,,,,,,,,,,,,,,,,,,,,,,,,,,,,,,,,660.0639,661.5327,y,1.4499,,1,3,10,3,1,stimuliTAFCfirst/nimnym004.wav,,,,,,,,,,,,,
,,,,,66606177c232abb20a214fa7,001,2024-06-06_11h08.04.558,mathesisv2,2024.1.3,Win32,59.17159763,,,,,,,,,,,,,,,,,y,,,,,,,,,,,,,,,,,,,,,,,,,,,,,,,,,,,,,,,,,,,,,,,,,,,,,,,,,,,,,,,661.533,662.846,y,1.2877,,1,4,11,5,1,stimuliTAFCfirst/nimnym006.wav,,,,,,,,,,,,,
,,,,,66606177c232abb20a214fa7,001,2024-06-06_11h08.04.558,mathesisv2,2024.1.3,Win32,59.17159763,,,,,,,,,,,,,,,,,y,,,,,,,,,,,,,,,,,,,,,,,,,,,,,,,,,,,,,,,,,,,,,,,,,,,,,,,,,,,,,,,662.8465,664.0787,y,1.2043,,1,5,12,4,1,stimuliTAFCfirst/nimnym005.wav,,,,,,,,,,,,,
,,,,,66606177c232abb20a214fa7,001,2024-06-06_11h08.04.558,mathesisv2,2024.1.3,Win32,59.17159763,,,,,,,,,,,,,,,,,e,,,,,,,,,,,,,,,,,,,,,,,,,,,,,,,,,,,,,,,,,,,,,,,,,,,,,,,,,,,,,,,664.0792,665.1787,e,1.0743,,1,6,13,0,1,stimuliTAFCfirst/nimnym001.wav,,,,,,,,,,,,,
,,,,,66606177c232abb20a214fa7,001,2024-06-06_11h08.04.558,mathesisv2,2024.1.3,Win32,59.17159763,,,,,,,,,,,,,,,,,x,665.1788,666.4639,space,1.2659,,,,,,,,,,,,,,,,,,,,,,,,,,,,,,,,,,,,,,,,,,,,,,,,,,,,,,,,,,,,,,,,,,,,,,666.4658,672.6427,u,6.1542,,0,0,0,3,1,stimuliTAFCsec/numnym004.wav,,
,,,,,66606177c232abb20a214fa7,001,2024-06-06_11h08.04.558,mathesisv2,2024.1.3,Win32,59.17159763,,,,,,,,,,,,,,,,,u,,,,,,,,,,,,,,,,,,,,,,,,,,,,,,,,,,,,,,,,,,,,,,,,,,,,,,,,,,,,,,,,,,,,,,,,,,672.6477,673.2782,y,0.6162,,0,1,1,1,1,stimuliTAFCsec/numnym002.wav,,
,,,,,66606177c232abb20a214fa7,001,2024-06-06_11h08.04.558,mathesisv2,2024.1.3,Win32,59.17159763,,,,,,,,,,,,,,,,,y,,,,,,,,,,,,,,,,,,,,,,,,,,,,,,,,,,,,,,,,,,,,,,,,,,,,,,,,,,,,,,,,,,,,,,,,,,673.2785,675.5109,y,2.2156,,0,2,2,4,1,stimuliTAFCsec/numnym005.wav,,
,,,,,66606177c232abb20a214fa7,001,2024-06-06_11h08.04.558,mathesisv2,2024.1.3,Win32,59.17159763,,,,,,,,,,,,,,,,,u,,,,,,,,,,,,,,,,,,,,,,,,,,,,,,,,,,,,,,,,,,,,,,,,,,,,,,,,,,,,,,,,,,,,,,,,,,675.5111,677.1944,y,1.6667,,0,3,3,0,1,stimuliTAFCsec/numnym001.wav,,
,,,,,66606177c232abb20a214fa7,001,2024-06-06_11h08.04.558,mathesisv2,2024.1.3,Win32,59.17159763,,,,,,,,,,,,,,,,,y,,,,,,,,,,,,,,,,,,,,,,,,,,,,,,,,,,,,,,,,,,,,,,,,,,,,,,,,,,,,,,,,,,,,,,,,,,677.1946,677.361,u,0.1503,,0,4,4,5,1,stimuliTAFCsec/numnym006.wav,,
,,,,,66606177c232abb20a214fa7,001,2024-06-06_11h08.04.558,mathesisv2,2024.1.3,Win32,59.17159763,,,,,,,,,,,,,,,,,y,,,,,,,,,,,,,,,,,,,,,,,,,,,,,,,,,,,,,,,,,,,,,,,,,,,,,,,,,,,,,,,,,,,,,,,,,,677.3612,678.8271,u,1.45,,0,5,5,6,1,stimuliTAFCsec/numnym007.wav,,
,,,,,66606177c232abb20a214fa7,001,2024-06-06_11h08.04.558,mathesisv2,2024.1.3,Win32,59.17159763,,,,,,,,,,,,,,,,,u,,,,,,,,,,,,,,,,,,,,,,,,,,,,,,,,,,,,,,,,,,,,,,,,,,,,,,,,,,,,,,,,,,,,,,,,,,678.8273,682.1752,u,3.3319,,0,6,6,2,1,stimuliTAFCsec/numnym003.wav,,
,,,,,66606177c232abb20a214fa7,001,2024-06-06_11h08.04.558,mathesisv2,2024.1.3,Win32,59.17159763,,,,,,,,,,,,,,,,,u,,,,,,,,,,,,,,,,,,,,,,,,,,,,,,,,,,,,,,,,,,,,,,,,,,,,,,,,,,,,,,,,,,,,,,,,,,682.1801,682.3061,y,0.1012,,1,0,7,0,1,stimuliTAFCsec/numnym001.wav,,
,,,,,66606177c232abb20a214fa7,001,2024-06-06_11h08.04.558,mathesisv2,2024.1.3,Win32,59.17159763,,,,,,,,,,,,,,,,,y,,,,,,,,,,,,,,,,,,,,,,,,,,,,,,,,,,,,,,,,,,,,,,,,,,,,,,,,,,,,,,,,,,,,,,,,,,682.3066,683.9883,y,1.6588,,1,1,8,4,1,stimuliTAFCsec/numnym005.wav,,
,,,,,66606177c232abb20a214fa7,001,2024-06-06_11h08.04.558,mathesisv2,2024.1.3,Win32,59.17159763,,,,,,,,,,,,,,,,,u,,,,,,,,,,,,,,,,,,,,,,,,,,,,,,,,,,,,,,,,,,,,,,,,,,,,,,,,,,,,,,,,,,,,,,,,,,683.9889,685.525,y,1.5169,,1,2,9,2,1,stimuliTAFCsec/numnym003.wav,,
,,,,,66606177c232abb20a214fa7,001,2024-06-06_11h08.04.558,mathesisv2,2024.1.3,Win32,59.17159763,,,,,,,,,,,,,,,,,u,,,,,,,,,,,,,,,,,,,,,,,,,,,,,,,,,,,,,,,,,,,,,,,,,,,,,,,,,,,,,,,,,,,,,,,,,,685.5252,689.1069,u,3.5658,,1,3,10,1,1,stimuliTAFCsec/numnym002.wav,,
,,,,,66606177c232abb20a214fa7,001,2024-06-06_11h08.04.558,mathesisv2,2024.1.3,Win32,59.17159763,,,,,,,,,,,,,,,,,x,,,,,,,,,,,,,,,,,,,,,,,,,,,,,,,,,,,,,,,,,,,,,,,,,,,,,,,,,,,,,,,,,,,,,,,,,,689.1071,689.2372,y,0.1036,,1,4,11,3,1,stimuliTAFCsec/numnym004.wav,,
,,,,,66606177c232abb20a214fa7,001,2024-06-06_11h08.04.558,mathesisv2,2024.1.3,Win32,59.17159763,,,,,,,,,,,,,,,,,y,,,,,,,,,,,,,,,,,,,,,,,,,,,,,,,,,,,,,,,,,,,,,,,,,,,,,,,,,,,,,,,,,,,,,,,,,,689.2376,689.9065,y,0.6501,,1,5,12,6,1,stimuliTAFCsec/numnym007.wav,,
,,,,,66606177c232abb20a214fa7,001,2024-06-06_11h08.04.558,mathesisv2,2024.1.3,Win32,59.17159763,,,,,,,,,,,,,,,,,y,,,,,,,,,,,,,,,,,,,,,,,,,,,,,,,,,,,,,,,,,,,,,,,,,,,,,,,,,,,,,,,,,,,,,,,,,,689.9067,691.2196,y,1.2879,,1,6,13,5,1,stimuliTAFCsec/numnym006.wav,,
,,,,,66606177c232abb20a214fa7,001,2024-06-06_11h08.04.558,mathesisv2,2024.1.3,Win32,59.17159763,,,,,,,,,,,,,,,,,,,,,,,,,,,,,,,,,,,,,,,,,,,691.2197,692.2727,space,1.0336,,,,,,,,,,,,,,,,,,,,,,,,,,,,,,,,,,,,,,,,,,,,,,,,,,,,,,,,692.273,697.2711
