﻿start.started,start.stopped,startkey_resp.keys,startkey_resp.rt,startkey_resp.duration,participant,session,date,expName,psychopyVersion,OS,frameRate,attention.started,attention.stopped,key_resp.keys,key_resp.rt,key_resp.duration,stimuliAXBmix.started,stimuliAXBmix.stopped,stimuliAXBkey_resp.keys,stimuliAXBkey_resp.rt,stimuliAXBkey_resp.duration,stimuliAXBtesttrials.thisRepN,stimuliAXBtesttrials.thisTrialN,stimuliAXBtesttrials.thisN,stimuliAXBtesttrials.thisIndex,stimuliAXBtesttrials.ran,stimuliAXBmix,Correct,attentionsecond.started,attentionsecond.stopped,attentionsecondkey_resp.keys,attentionsecondkey_resp.rt,attentionsecondkey_resp.duration,instAXBreal.started,instAXBreal.stopped,instAXBrealkey_resp.keys,instAXBrealkey_resp.rt,instAXBrealkey_resp.duration,stimuliAXBmixfirst.thisRepN,stimuliAXBmixfirst.thisTrialN,stimuliAXBmixfirst.thisN,stimuliAXBmixfirst.thisIndex,stimuliAXBmixfirst.ran,attentionfirst.started,attentionfirst.stopped,attentionfirstkey_resp.keys,attentionfirstkey_resp.rt,attentionfirstkey_resp.duration,stimuliAXbmixsec.thisRepN,stimuliAXbmixsec.thisTrialN,stimuliAXbmixsec.thisN,stimuliAXbmixsec.thisIndex,stimuliAXbmixsec.ran,kaffeepause.started,kaffeepause.stopped,kaffeepausekey_resp.keys,kaffeepausekey_resp.rt,kaffeepausekey_resp.duration,instTAFCtest.started,instTAFCtest.stopped,instTAFCtestkey_resp.keys,instTAFCtestkey_resp.rt,instTAFCtestkey_resp.duration,testTAFCmixfirst.started,testTAFCmixfirst.stopped,testTAFCmixfirstkey_resp.keys,testTAFCmixfirstkey_resp.rt,testTAFCmixfirstkey_resp.duration,testTAFCmixfirsttrials.thisRepN,testTAFCmixfirsttrials.thisTrialN,testTAFCmixfirsttrials.thisN,testTAFCmixfirsttrials.thisIndex,testTAFCmixfirsttrials.ran,testTAFCmixfirst,testTAFCmixsec.started,testTAFCmixsec.stopped,testTAFCmixseckey_resp.keys,testTAFCmixseckey_resp.rt,testTAFCmixseckey_resp.duration,testTAFCmixsectrials.thisRepN,testTAFCmixsectrials.thisTrialN,testTAFCmixsectrials.thisN,testTAFCmixsectrials.thisIndex,testTAFCmixsectrials.ran,testTAFCmixsec,instTAFCreal.started,instTAFCreal.stopped,instTAFCrealkey_resp.keys,instTAFCrealkey_resp.rt,instTAFCrealkey_resp.duration,stimuliTAFCfirst.started,stimuliTAFCfirst.stopped,stimuliTAFCfirstkey_resp.keys,stimuliTAFCfirstkey_resp.rt,stimuliTAFCfirstkey_resp.duration,stimuliTAFCfirsttrials.thisRepN,stimuliTAFCfirsttrials.thisTrialN,stimuliTAFCfirsttrials.thisN,stimuliTAFCfirsttrials.thisIndex,stimuliTAFCfirsttrials.ran,stimuliTAFCfirst,stimuliTAFCsec.started,stimuliTAFCsec.stopped,stimuliTAFCseckey_resp.keys,stimuliTAFCseckey_resp.rt,stimuliTAFCseckey_resp.duration,stimuliTAFCsectrials.thisRepN,stimuliTAFCsectrials.thisTrialN,stimuliTAFCsectrials.thisN,stimuliTAFCsectrials.thisIndex,stimuliTAFCsectrials.ran,stimuliTAFCsec,end.started,end.stopped
0.0003,31.6451,space,31.6166,,332677,001,2024-05-26_12h49.10.204,mathesisv2,2024.1.3,MacIntel,59.88023952,,,,,,,,,,,,,,,,,,,,,,,,,,,,,,,,,,,,,,,,,,,,,,,,,,,,,,,,,,,,,,,,,,,,,,,,,,,,,,,,,,,,,,,,,,,,,,,,,,,,,,,
,,,,,332677,001,2024-05-26_12h49.10.204,mathesisv2,2024.1.3,MacIntel,59.88023952,31.6454,40.6117,space,8.9417,,,,,,,,,,,,,,,,,,,,,,,,,,,,,,,,,,,,,,,,,,,,,,,,,,,,,,,,,,,,,,,,,,,,,,,,,,,,,,,,,,,,,,,,,,,,,,,,,,,
,,,,,332677,001,2024-05-26_12h49.10.204,mathesisv2,2024.1.3,MacIntel,59.88023952,,,,,,40.63,48.5121,f,7.8601,,0,0,0,1,1,stimuliAXBmix/iyystimulus.wav,f,,,,,,,,,,,,,,,,,,,,,,,,,,,,,,,,,,,,,,,,,,,,,,,,,,,,,,,,,,,,,,,,,,,,,,,,,,,,,,,,,,,,,,
,,,,,332677,001,2024-05-26_12h49.10.204,mathesisv2,2024.1.3,MacIntel,59.88023952,,,,,,48.5127,53.2785,l,4.757,,0,1,1,3,1,stimuliAXBmix/yyustimulus.wav,l,,,,,,,,,,,,,,,,,,,,,,,,,,,,,,,,,,,,,,,,,,,,,,,,,,,,,,,,,,,,,,,,,,,,,,,,,,,,,,,,,,,,,,
,,,,,332677,001,2024-05-26_12h49.10.204,mathesisv2,2024.1.3,MacIntel,59.88023952,,,,,,53.2871,61.6619,f,8.3654,,0,2,2,2,1,stimuliAXBmix/yuustimulus.wav,f,,,,,,,,,,,,,,,,,,,,,,,,,,,,,,,,,,,,,,,,,,,,,,,,,,,,,,,,,,,,,,,,,,,,,,,,,,,,,,,,,,,,,,
,,,,,332677,001,2024-05-26_12h49.10.204,mathesisv2,2024.1.3,MacIntel,59.88023952,,,,,,61.6701,66.6125,l,4.9337,,0,3,3,0,1,stimuliAXBmix/iiystimulus.wav,l,,,,,,,,,,,,,,,,,,,,,,,,,,,,,,,,,,,,,,,,,,,,,,,,,,,,,,,,,,,,,,,,,,,,,,,,,,,,,,,,,,,,,,
,,,,,332677,001,2024-05-26_12h49.10.204,mathesisv2,2024.1.3,MacIntel,59.88023952,,,,,,,,,,,,,,,,,,66.6227,69.4301,space,2.7862,,,,,,,,,,,,,,,,,,,,,,,,,,,,,,,,,,,,,,,,,,,,,,,,,,,,,,,,,,,,,,,,,,,,,,,,,,,,,,,,,,
,,,,,332677,001,2024-05-26_12h49.10.204,mathesisv2,2024.1.3,MacIntel,59.88023952,,,,,,,,,,,,,,,,,,,,,,,69.4302,81.731,space,12.2722,,,,,,,,,,,,,,,,,,,,,,,,,,,,,,,,,,,,,,,,,,,,,,,,,,,,,,,,,,,,,,,,,,,,,,,,,,,,,
,,,,,332677,001,2024-05-26_12h49.10.204,mathesisv2,2024.1.3,MacIntel,59.88023952,,,,,,81.7464,85.4301,l,3.669,,,,,,,stimuliAXBmix/yyustimulus.wav,l,,,,,,,,,,,0,0,0,3,1,,,,,,,,,,,,,,,,,,,,,,,,,,,,,,,,,,,,,,,,,,,,,,,,,,,,,,,,,,,,,,,,,,,,,,,
,,,,,332677,001,2024-05-26_12h49.10.204,mathesisv2,2024.1.3,MacIntel,59.88023952,,,,,,85.4308,88.6469,l,3.2101,,,,,,,stimuliAXBmix/iiystimulus.wav,l,,,,,,,,,,,0,1,1,0,1,,,,,,,,,,,,,,,,,,,,,,,,,,,,,,,,,,,,,,,,,,,,,,,,,,,,,,,,,,,,,,,,,,,,,,,
,,,,,332677,001,2024-05-26_12h49.10.204,mathesisv2,2024.1.3,MacIntel,59.88023952,,,,,,88.6559,92.3804,f,3.7149,,,,,,,stimuliAXBmix/yuustimulus.wav,f,,,,,,,,,,,0,2,2,2,1,,,,,,,,,,,,,,,,,,,,,,,,,,,,,,,,,,,,,,,,,,,,,,,,,,,,,,,,,,,,,,,,,,,,,,,
,,,,,332677,001,2024-05-26_12h49.10.204,mathesisv2,2024.1.3,MacIntel,59.88023952,,,,,,92.3897,96.2308,f,3.8227,,,,,,,stimuliAXBmix/iyystimulus.wav,f,,,,,,,,,,,0,3,3,1,1,,,,,,,,,,,,,,,,,,,,,,,,,,,,,,,,,,,,,,,,,,,,,,,,,,,,,,,,,,,,,,,,,,,,,,,
,,,,,332677,001,2024-05-26_12h49.10.204,mathesisv2,2024.1.3,MacIntel,59.88023952,,,,,,96.241,99.8798,f,3.6282,,,,,,,stimuliAXBmix/yuustimulus.wav,f,,,,,,,,,,,1,0,4,2,1,,,,,,,,,,,,,,,,,,,,,,,,,,,,,,,,,,,,,,,,,,,,,,,,,,,,,,,,,,,,,,,,,,,,,,,
,,,,,332677,001,2024-05-26_12h49.10.204,mathesisv2,2024.1.3,MacIntel,59.88023952,,,,,,99.89,103.5806,l,3.6753,,,,,,,stimuliAXBmix/iiystimulus.wav,l,,,,,,,,,,,1,1,5,0,1,,,,,,,,,,,,,,,,,,,,,,,,,,,,,,,,,,,,,,,,,,,,,,,,,,,,,,,,,,,,,,,,,,,,,,,
,,,,,332677,001,2024-05-26_12h49.10.204,mathesisv2,2024.1.3,MacIntel,59.88023952,,,,,,103.5808,107.1315,f,3.5456,,,,,,,stimuliAXBmix/iyystimulus.wav,f,,,,,,,,,,,1,2,6,1,1,,,,,,,,,,,,,,,,,,,,,,,,,,,,,,,,,,,,,,,,,,,,,,,,,,,,,,,,,,,,,,,,,,,,,,,
,,,,,332677,001,2024-05-26_12h49.10.204,mathesisv2,2024.1.3,MacIntel,59.88023952,,,,,,107.1404,111.4147,l,4.2657,,,,,,,stimuliAXBmix/yyustimulus.wav,l,,,,,,,,,,,1,3,7,3,1,,,,,,,,,,,,,,,,,,,,,,,,,,,,,,,,,,,,,,,,,,,,,,,,,,,,,,,,,,,,,,,,,,,,,,,
,,,,,332677,001,2024-05-26_12h49.10.204,mathesisv2,2024.1.3,MacIntel,59.88023952,,,,,,111.4244,115.114,f,3.6826,,,,,,,stimuliAXBmix/yuustimulus.wav,f,,,,,,,,,,,2,0,8,2,1,,,,,,,,,,,,,,,,,,,,,,,,,,,,,,,,,,,,,,,,,,,,,,,,,,,,,,,,,,,,,,,,,,,,,,,
,,,,,332677,001,2024-05-26_12h49.10.204,mathesisv2,2024.1.3,MacIntel,59.88023952,,,,,,115.123,118.7979,f,3.6565,,,,,,,stimuliAXBmix/iyystimulus.wav,f,,,,,,,,,,,2,1,9,1,1,,,,,,,,,,,,,,,,,,,,,,,,,,,,,,,,,,,,,,,,,,,,,,,,,,,,,,,,,,,,,,,,,,,,,,,
,,,,,332677,001,2024-05-26_12h49.10.204,mathesisv2,2024.1.3,MacIntel,59.88023952,,,,,,118.806,122.4819,l,3.6569,,,,,,,stimuliAXBmix/iiystimulus.wav,l,,,,,,,,,,,2,2,10,0,1,,,,,,,,,,,,,,,,,,,,,,,,,,,,,,,,,,,,,,,,,,,,,,,,,,,,,,,,,,,,,,,,,,,,,,,
,,,,,332677,001,2024-05-26_12h49.10.204,mathesisv2,2024.1.3,MacIntel,59.88023952,,,,,,122.4911,126.3487,f,3.8377,,,,,,,stimuliAXBmix/yyustimulus.wav,l,,,,,,,,,,,2,3,11,3,1,,,,,,,,,,,,,,,,,,,,,,,,,,,,,,,,,,,,,,,,,,,,,,,,,,,,,,,,,,,,,,,,,,,,,,,
,,,,,332677,001,2024-05-26_12h49.10.204,mathesisv2,2024.1.3,MacIntel,59.88023952,,,,,,129.6302,133.3157,f,3.6712,,,,,,,stimuliAXBmix/yuustimulus.wav,f,,,,,,,,,,,,,,,,126.3496,129.6162,space,3.2401,,0,0,0,2,1,,,,,,,,,,,,,,,,,,,,,,,,,,,,,,,,,,,,,,,,,,,,,,,,,,,,,,,,,,,,,
,,,,,332677,001,2024-05-26_12h49.10.204,mathesisv2,2024.1.3,MacIntel,59.88023952,,,,,,133.3248,137.2655,f,3.9315,,,,,,,stimuliAXBmix/iyystimulus.wav,f,,,,,,,,,,,,,,,,,,,,,0,1,1,1,1,,,,,,,,,,,,,,,,,,,,,,,,,,,,,,,,,,,,,,,,,,,,,,,,,,,,,,,,,,,,,
,,,,,332677,001,2024-05-26_12h49.10.204,mathesisv2,2024.1.3,MacIntel,59.88023952,,,,,,137.2738,140.9494,l,3.6576,,,,,,,stimuliAXBmix/iiystimulus.wav,l,,,,,,,,,,,,,,,,,,,,,0,2,2,0,1,,,,,,,,,,,,,,,,,,,,,,,,,,,,,,,,,,,,,,,,,,,,,,,,,,,,,,,,,,,,,
,,,,,332677,001,2024-05-26_12h49.10.204,mathesisv2,2024.1.3,MacIntel,59.88023952,,,,,,140.9589,144.732,l,3.7589,,,,,,,stimuliAXBmix/yyustimulus.wav,l,,,,,,,,,,,,,,,,,,,,,0,3,3,3,1,,,,,,,,,,,,,,,,,,,,,,,,,,,,,,,,,,,,,,,,,,,,,,,,,,,,,,,,,,,,,
,,,,,332677,001,2024-05-26_12h49.10.204,mathesisv2,2024.1.3,MacIntel,59.88023952,,,,,,144.7418,148.5165,l,3.7666,,,,,,,stimuliAXBmix/yyustimulus.wav,l,,,,,,,,,,,,,,,,,,,,,1,0,4,3,1,,,,,,,,,,,,,,,,,,,,,,,,,,,,,,,,,,,,,,,,,,,,,,,,,,,,,,,,,,,,,
,,,,,332677,001,2024-05-26_12h49.10.204,mathesisv2,2024.1.3,MacIntel,59.88023952,,,,,,148.5253,153.0002,l,4.4596,,,,,,,stimuliAXBmix/iiystimulus.wav,l,,,,,,,,,,,,,,,,,,,,,1,1,5,0,1,,,,,,,,,,,,,,,,,,,,,,,,,,,,,,,,,,,,,,,,,,,,,,,,,,,,,,,,,,,,,
,,,,,332677,001,2024-05-26_12h49.10.204,mathesisv2,2024.1.3,MacIntel,59.88023952,,,,,,153.0104,156.6669,f,3.6384,,,,,,,stimuliAXBmix/yuustimulus.wav,f,,,,,,,,,,,,,,,,,,,,,1,2,6,2,1,,,,,,,,,,,,,,,,,,,,,,,,,,,,,,,,,,,,,,,,,,,,,,,,,,,,,,,,,,,,,
,,,,,332677,001,2024-05-26_12h49.10.204,mathesisv2,2024.1.3,MacIntel,59.88023952,,,,,,156.678,160.6004,f,3.9053,,,,,,,stimuliAXBmix/iyystimulus.wav,f,,,,,,,,,,,,,,,,,,,,,1,3,7,1,1,,,,,,,,,,,,,,,,,,,,,,,,,,,,,,,,,,,,,,,,,,,,,,,,,,,,,,,,,,,,,
,,,,,332677,001,2024-05-26_12h49.10.204,mathesisv2,2024.1.3,MacIntel,59.88023952,,,,,,162.9133,166.6174,f,3.6871,,,,,,,stimuliAXBmix/yuustimulus.wav,f,,,,,,,,,,,0,0,0,2,1,,,,,,,,,,,160.6013,162.9007,space,2.2746,,,,,,,,,,,,,,,,,,,,,,,,,,,,,,,,,,,,,,,,,,,,,,,,,,,,,,,,,
,,,,,332677,001,2024-05-26_12h49.10.204,mathesisv2,2024.1.3,MacIntel,59.88023952,,,,,,166.6283,171.6008,l,4.9661,,,,,,,stimuliAXBmix/yyustimulus.wav,l,,,,,,,,,,,0,1,1,3,1,,,,,,,,,,,,,,,,,,,,,,,,,,,,,,,,,,,,,,,,,,,,,,,,,,,,,,,,,,,,,,,,,,,,,,,
,,,,,332677,001,2024-05-26_12h49.10.204,mathesisv2,2024.1.3,MacIntel,59.88023952,,,,,,171.6103,175.4844,l,3.8555,,,,,,,stimuliAXBmix/iiystimulus.wav,l,,,,,,,,,,,0,2,2,0,1,,,,,,,,,,,,,,,,,,,,,,,,,,,,,,,,,,,,,,,,,,,,,,,,,,,,,,,,,,,,,,,,,,,,,,,
,,,,,332677,001,2024-05-26_12h49.10.204,mathesisv2,2024.1.3,MacIntel,59.88023952,,,,,,175.4929,179.1336,f,3.6229,,,,,,,stimuliAXBmix/iyystimulus.wav,f,,,,,,,,,,,0,3,3,1,1,,,,,,,,,,,,,,,,,,,,,,,,,,,,,,,,,,,,,,,,,,,,,,,,,,,,,,,,,,,,,,,,,,,,,,,
,,,,,332677,001,2024-05-26_12h49.10.204,mathesisv2,2024.1.3,MacIntel,59.88023952,,,,,,179.144,182.7511,l,3.5888,,,,,,,stimuliAXBmix/yyustimulus.wav,l,,,,,,,,,,,1,0,4,3,1,,,,,,,,,,,,,,,,,,,,,,,,,,,,,,,,,,,,,,,,,,,,,,,,,,,,,,,,,,,,,,,,,,,,,,,
,,,,,332677,001,2024-05-26_12h49.10.204,mathesisv2,2024.1.3,MacIntel,59.88023952,,,,,,182.7602,186.2351,f,3.4666,,,,,,,stimuliAXBmix/yuustimulus.wav,f,,,,,,,,,,,1,1,5,2,1,,,,,,,,,,,,,,,,,,,,,,,,,,,,,,,,,,,,,,,,,,,,,,,,,,,,,,,,,,,,,,,,,,,,,,,
,,,,,332677,001,2024-05-26_12h49.10.204,mathesisv2,2024.1.3,MacIntel,59.88023952,,,,,,186.2445,189.8352,f,3.5835,,,,,,,stimuliAXBmix/iyystimulus.wav,f,,,,,,,,,,,1,2,6,1,1,,,,,,,,,,,,,,,,,,,,,,,,,,,,,,,,,,,,,,,,,,,,,,,,,,,,,,,,,,,,,,,,,,,,,,,
,,,,,332677,001,2024-05-26_12h49.10.204,mathesisv2,2024.1.3,MacIntel,59.88023952,,,,,,189.8444,195.585,l,5.7302,,,,,,,stimuliAXBmix/iiystimulus.wav,l,,,,,,,,,,,1,3,7,0,1,,,,,,,,,,,,,,,,,,,,,,,,,,,,,,,,,,,,,,,,,,,,,,,,,,,,,,,,,,,,,,,,,,,,,,,
,,,,,332677,001,2024-05-26_12h49.10.204,mathesisv2,2024.1.3,MacIntel,59.88023952,,,,,,195.5917,199.3178,f,3.7131,,,,,,,stimuliAXBmix/iyystimulus.wav,f,,,,,,,,,,,2,0,8,1,1,,,,,,,,,,,,,,,,,,,,,,,,,,,,,,,,,,,,,,,,,,,,,,,,,,,,,,,,,,,,,,,,,,,,,,,
,,,,,332677,001,2024-05-26_12h49.10.204,mathesisv2,2024.1.3,MacIntel,59.88023952,,,,,,199.3263,203.6691,f,4.3242,,,,,,,stimuliAXBmix/yuustimulus.wav,f,,,,,,,,,,,2,1,9,2,1,,,,,,,,,,,,,,,,,,,,,,,,,,,,,,,,,,,,,,,,,,,,,,,,,,,,,,,,,,,,,,,,,,,,,,,
,,,,,332677,001,2024-05-26_12h49.10.204,mathesisv2,2024.1.3,MacIntel,59.88023952,,,,,,203.6792,207.0027,l,3.3057,,,,,,,stimuliAXBmix/yyustimulus.wav,l,,,,,,,,,,,2,2,10,3,1,,,,,,,,,,,,,,,,,,,,,,,,,,,,,,,,,,,,,,,,,,,,,,,,,,,,,,,,,,,,,,,,,,,,,,,
,,,,,332677,001,2024-05-26_12h49.10.204,mathesisv2,2024.1.3,MacIntel,59.88023952,,,,,,207.0123,210.7521,l,3.722,,,,,,,stimuliAXBmix/iiystimulus.wav,l,,,,,,,,,,,2,3,11,0,1,,,,,,,,,,,,,,,,,,,,,,,,,,,,,,,,,,,,,,,,,,,,,,,,,,,,,,,,,,,,,,,,,,,,,,,
,,,,,332677,001,2024-05-26_12h49.10.204,mathesisv2,2024.1.3,MacIntel,59.88023952,,,,,,212.0139,215.4198,f,3.3891,,,,,,,stimuliAXBmix/yuustimulus.wav,f,,,,,,,,,,,,,,,,210.7523,212.003,space,1.2438,,0,0,0,2,1,,,,,,,,,,,,,,,,,,,,,,,,,,,,,,,,,,,,,,,,,,,,,,,,,,,,,,,,,,,,,
,,,,,332677,001,2024-05-26_12h49.10.204,mathesisv2,2024.1.3,MacIntel,59.88023952,,,,,,215.4204,218.886,l,3.4557,,,,,,,stimuliAXBmix/yyustimulus.wav,l,,,,,,,,,,,,,,,,,,,,,0,1,1,3,1,,,,,,,,,,,,,,,,,,,,,,,,,,,,,,,,,,,,,,,,,,,,,,,,,,,,,,,,,,,,,
,,,,,332677,001,2024-05-26_12h49.10.204,mathesisv2,2024.1.3,MacIntel,59.88023952,,,,,,218.8936,223.3863,l,4.4729,,,,,,,stimuliAXBmix/iiystimulus.wav,l,,,,,,,,,,,,,,,,,,,,,0,2,2,0,1,,,,,,,,,,,,,,,,,,,,,,,,,,,,,,,,,,,,,,,,,,,,,,,,,,,,,,,,,,,,,
,,,,,332677,001,2024-05-26_12h49.10.204,mathesisv2,2024.1.3,MacIntel,59.88023952,,,,,,223.3952,227.0039,f,3.6013,,,,,,,stimuliAXBmix/iyystimulus.wav,f,,,,,,,,,,,,,,,,,,,,,0,3,3,1,1,,,,,,,,,,,,,,,,,,,,,,,,,,,,,,,,,,,,,,,,,,,,,,,,,,,,,,,,,,,,,
,,,,,332677,001,2024-05-26_12h49.10.204,mathesisv2,2024.1.3,MacIntel,59.88023952,,,,,,227.0129,230.5203,f,3.4997,,,,,,,stimuliAXBmix/iyystimulus.wav,f,,,,,,,,,,,,,,,,,,,,,1,0,4,1,1,,,,,,,,,,,,,,,,,,,,,,,,,,,,,,,,,,,,,,,,,,,,,,,,,,,,,,,,,,,,,
,,,,,332677,001,2024-05-26_12h49.10.204,mathesisv2,2024.1.3,MacIntel,59.88023952,,,,,,230.5288,234.054,l,3.5069,,,,,,,stimuliAXBmix/yyustimulus.wav,l,,,,,,,,,,,,,,,,,,,,,1,1,5,3,1,,,,,,,,,,,,,,,,,,,,,,,,,,,,,,,,,,,,,,,,,,,,,,,,,,,,,,,,,,,,,
,,,,,332677,001,2024-05-26_12h49.10.204,mathesisv2,2024.1.3,MacIntel,59.88023952,,,,,,234.0637,237.9374,l,3.8587,,,,,,,stimuliAXBmix/iiystimulus.wav,l,,,,,,,,,,,,,,,,,,,,,1,2,6,0,1,,,,,,,,,,,,,,,,,,,,,,,,,,,,,,,,,,,,,,,,,,,,,,,,,,,,,,,,,,,,,
,,,,,332677,001,2024-05-26_12h49.10.204,mathesisv2,2024.1.3,MacIntel,59.88023952,,,,,,237.9481,241.4875,f,3.5325,,,,,,,stimuliAXBmix/yuustimulus.wav,f,,,,,,,,,,,,,,,,,,,,,1,3,7,2,1,,,,,,,,,,,,,,,,,,,,,,,,,,,,,,,,,,,,,,,,,,,,,,,,,,,,,,,,,,,,,
,,,,,332677,001,2024-05-26_12h49.10.204,mathesisv2,2024.1.3,MacIntel,59.88023952,,,,,,243.613,246.8206,f,3.1984,,,,,,,stimuliAXBmix/yuustimulus.wav,f,,,,,,,,,,,0,0,0,2,1,,,,,,,,,,,241.4877,243.604,space,2.0997,,,,,,,,,,,,,,,,,,,,,,,,,,,,,,,,,,,,,,,,,,,,,,,,,,,,,,,,,
,,,,,332677,001,2024-05-26_12h49.10.204,mathesisv2,2024.1.3,MacIntel,59.88023952,,,,,,246.8287,250.4042,f,3.571,,,,,,,stimuliAXBmix/iyystimulus.wav,f,,,,,,,,,,,0,1,1,1,1,,,,,,,,,,,,,,,,,,,,,,,,,,,,,,,,,,,,,,,,,,,,,,,,,,,,,,,,,,,,,,,,,,,,,,,
,,,,,332677,001,2024-05-26_12h49.10.204,mathesisv2,2024.1.3,MacIntel,59.88023952,,,,,,250.4132,253.9216,l,3.4896,,,,,,,stimuliAXBmix/yyustimulus.wav,l,,,,,,,,,,,0,2,2,3,1,,,,,,,,,,,,,,,,,,,,,,,,,,,,,,,,,,,,,,,,,,,,,,,,,,,,,,,,,,,,,,,,,,,,,,,
,,,,,332677,001,2024-05-26_12h49.10.204,mathesisv2,2024.1.3,MacIntel,59.88023952,,,,,,253.932,257.6717,l,3.7222,,,,,,,stimuliAXBmix/iiystimulus.wav,l,,,,,,,,,,,0,3,3,0,1,,,,,,,,,,,,,,,,,,,,,,,,,,,,,,,,,,,,,,,,,,,,,,,,,,,,,,,,,,,,,,,,,,,,,,,
,,,,,332677,001,2024-05-26_12h49.10.204,mathesisv2,2024.1.3,MacIntel,59.88023952,,,,,,257.6723,261.1884,l,3.5094,,,,,,,stimuliAXBmix/iiystimulus.wav,l,,,,,,,,,,,1,0,4,0,1,,,,,,,,,,,,,,,,,,,,,,,,,,,,,,,,,,,,,,,,,,,,,,,,,,,,,,,,,,,,,,,,,,,,,,,
,,,,,332677,001,2024-05-26_12h49.10.204,mathesisv2,2024.1.3,MacIntel,59.88023952,,,,,,261.1974,264.6219,f,3.4076,,,,,,,stimuliAXBmix/yuustimulus.wav,f,,,,,,,,,,,1,1,5,2,1,,,,,,,,,,,,,,,,,,,,,,,,,,,,,,,,,,,,,,,,,,,,,,,,,,,,,,,,,,,,,,,,,,,,,,,
,,,,,332677,001,2024-05-26_12h49.10.204,mathesisv2,2024.1.3,MacIntel,59.88023952,,,,,,264.6319,268.0557,l,3.4157,,,,,,,stimuliAXBmix/yyustimulus.wav,l,,,,,,,,,,,1,2,6,3,1,,,,,,,,,,,,,,,,,,,,,,,,,,,,,,,,,,,,,,,,,,,,,,,,,,,,,,,,,,,,,,,,,,,,,,,
,,,,,332677,001,2024-05-26_12h49.10.204,mathesisv2,2024.1.3,MacIntel,59.88023952,,,,,,268.0646,273.4391,f,5.366,,,,,,,stimuliAXBmix/iyystimulus.wav,f,,,,,,,,,,,1,3,7,1,1,,,,,,,,,,,,,,,,,,,,,,,,,,,,,,,,,,,,,,,,,,,,,,,,,,,,,,,,,,,,,,,,,,,,,,,
,,,,,332677,001,2024-05-26_12h49.10.204,mathesisv2,2024.1.3,MacIntel,59.88023952,,,,,,273.4481,277.1388,f,3.6727,,,,,,,stimuliAXBmix/iyystimulus.wav,f,,,,,,,,,,,2,0,8,1,1,,,,,,,,,,,,,,,,,,,,,,,,,,,,,,,,,,,,,,,,,,,,,,,,,,,,,,,,,,,,,,,,,,,,,,,
,,,,,332677,001,2024-05-26_12h49.10.204,mathesisv2,2024.1.3,MacIntel,59.88023952,,,,,,277.1489,286.4896,l,9.3329,,,,,,,stimuliAXBmix/iiystimulus.wav,l,,,,,,,,,,,2,1,9,0,1,,,,,,,,,,,,,,,,,,,,,,,,,,,,,,,,,,,,,,,,,,,,,,,,,,,,,,,,,,,,,,,,,,,,,,,
,,,,,332677,001,2024-05-26_12h49.10.204,mathesisv2,2024.1.3,MacIntel,59.88023952,,,,,,286.5003,290.9234,f,4.4162,,,,,,,stimuliAXBmix/yuustimulus.wav,f,,,,,,,,,,,2,2,10,2,1,,,,,,,,,,,,,,,,,,,,,,,,,,,,,,,,,,,,,,,,,,,,,,,,,,,,,,,,,,,,,,,,,,,,,,,
,,,,,332677,001,2024-05-26_12h49.10.204,mathesisv2,2024.1.3,MacIntel,59.88023952,,,,,,290.9325,296.4231,l,5.4826,,,,,,,stimuliAXBmix/yyustimulus.wav,l,,,,,,,,,,,2,3,11,3,1,,,,,,,,,,,,,,,,,,,,,,,,,,,,,,,,,,,,,,,,,,,,,,,,,,,,,,,,,,,,,,,,,,,,,,,
,,,,,332677,001,2024-05-26_12h49.10.204,mathesisv2,2024.1.3,MacIntel,59.88023952,,,,,,305.9517,313.4244,l,7.4584,,,,,,,stimuliAXBmix/iiystimulus.wav,l,,,,,,,,,,,,,,,,296.4233,305.9405,return,9.4997,,0,0,0,0,1,,,,,,,,,,,,,,,,,,,,,,,,,,,,,,,,,,,,,,,,,,,,,,,,,,,,,,,,,,,,,
,,,,,332677,001,2024-05-26_12h49.10.204,mathesisv2,2024.1.3,MacIntel,59.88023952,,,,,,313.4339,319.7905,f,6.3404,,,,,,,stimuliAXBmix/iyystimulus.wav,f,,,,,,,,,,,,,,,,,,,,,0,1,1,1,1,,,,,,,,,,,,,,,,,,,,,,,,,,,,,,,,,,,,,,,,,,,,,,,,,,,,,,,,,,,,,
,,,,,332677,001,2024-05-26_12h49.10.204,mathesisv2,2024.1.3,MacIntel,59.88023952,,,,,,319.7989,325.0085,f,5.1941,,,,,,,stimuliAXBmix/yuustimulus.wav,f,,,,,,,,,,,,,,,,,,,,,0,2,2,2,1,,,,,,,,,,,,,,,,,,,,,,,,,,,,,,,,,,,,,,,,,,,,,,,,,,,,,,,,,,,,,
,,,,,332677,001,2024-05-26_12h49.10.204,mathesisv2,2024.1.3,MacIntel,59.88023952,,,,,,325.0188,328.6084,l,3.5739,,,,,,,stimuliAXBmix/yyustimulus.wav,l,,,,,,,,,,,,,,,,,,,,,0,3,3,3,1,,,,,,,,,,,,,,,,,,,,,,,,,,,,,,,,,,,,,,,,,,,,,,,,,,,,,,,,,,,,,
,,,,,332677,001,2024-05-26_12h49.10.204,mathesisv2,2024.1.3,MacIntel,59.88023952,,,,,,328.6192,333.7588,l,5.1217,,,,,,,stimuliAXBmix/iiystimulus.wav,l,,,,,,,,,,,,,,,,,,,,,1,0,4,0,1,,,,,,,,,,,,,,,,,,,,,,,,,,,,,,,,,,,,,,,,,,,,,,,,,,,,,,,,,,,,,
,,,,,332677,001,2024-05-26_12h49.10.204,mathesisv2,2024.1.3,MacIntel,59.88023952,,,,,,333.7692,336.9587,f,3.1827,,,,,,,stimuliAXBmix/yuustimulus.wav,f,,,,,,,,,,,,,,,,,,,,,1,1,5,2,1,,,,,,,,,,,,,,,,,,,,,,,,,,,,,,,,,,,,,,,,,,,,,,,,,,,,,,,,,,,,,
,,,,,332677,001,2024-05-26_12h49.10.204,mathesisv2,2024.1.3,MacIntel,59.88023952,,,,,,336.9684,340.4921,l,3.5152,,,,,,,stimuliAXBmix/yyustimulus.wav,l,,,,,,,,,,,,,,,,,,,,,1,2,6,3,1,,,,,,,,,,,,,,,,,,,,,,,,,,,,,,,,,,,,,,,,,,,,,,,,,,,,,,,,,,,,,
,,,,,332677,001,2024-05-26_12h49.10.204,mathesisv2,2024.1.3,MacIntel,59.88023952,,,,,,340.5011,343.8256,f,3.304,,,,,,,stimuliAXBmix/iyystimulus.wav,f,,,,,,,,,,,,,,,,,,,,,1,3,7,1,1,,,,,,,,,,,,,,,,,,,,,,,,,,,,,,,,,,,,,,,,,,,,,,,,,,,,,,,,,,,,,
,,,,,332677,001,2024-05-26_12h49.10.204,mathesisv2,2024.1.3,MacIntel,59.88023952,,,,,,346.5028,352.9258,f,6.4146,,,,,,,stimuliAXBmix/yuustimulus.wav,f,,,,,,,,,,,0,0,0,2,1,,,,,,,,,,,343.8258,346.4917,space,2.66,,,,,,,,,,,,,,,,,,,,,,,,,,,,,,,,,,,,,,,,,,,,,,,,,,,,,,,,,
,,,,,332677,001,2024-05-26_12h49.10.204,mathesisv2,2024.1.3,MacIntel,59.88023952,,,,,,352.9339,356.0096,l,3.0584,,,,,,,stimuliAXBmix/yyustimulus.wav,l,,,,,,,,,,,0,1,1,3,1,,,,,,,,,,,,,,,,,,,,,,,,,,,,,,,,,,,,,,,,,,,,,,,,,,,,,,,,,,,,,,,,,,,,,,,
,,,,,332677,001,2024-05-26_12h49.10.204,mathesisv2,2024.1.3,MacIntel,59.88023952,,,,,,356.0195,359.8764,l,3.8374,,,,,,,stimuliAXBmix/iiystimulus.wav,l,,,,,,,,,,,0,2,2,0,1,,,,,,,,,,,,,,,,,,,,,,,,,,,,,,,,,,,,,,,,,,,,,,,,,,,,,,,,,,,,,,,,,,,,,,,
,,,,,332677,001,2024-05-26_12h49.10.204,mathesisv2,2024.1.3,MacIntel,59.88023952,,,,,,359.8769,363.1932,f,3.3015,,,,,,,stimuliAXBmix/iyystimulus.wav,f,,,,,,,,,,,0,3,3,1,1,,,,,,,,,,,,,,,,,,,,,,,,,,,,,,,,,,,,,,,,,,,,,,,,,,,,,,,,,,,,,,,,,,,,,,,
,,,,,332677,001,2024-05-26_12h49.10.204,mathesisv2,2024.1.3,MacIntel,59.88023952,,,,,,363.2021,366.4604,f,3.2403,,,,,,,stimuliAXBmix/iyystimulus.wav,f,,,,,,,,,,,1,0,4,1,1,,,,,,,,,,,,,,,,,,,,,,,,,,,,,,,,,,,,,,,,,,,,,,,,,,,,,,,,,,,,,,,,,,,,,,,
,,,,,332677,001,2024-05-26_12h49.10.204,mathesisv2,2024.1.3,MacIntel,59.88023952,,,,,,366.4701,369.6437,l,3.1649,,,,,,,stimuliAXBmix/yyustimulus.wav,l,,,,,,,,,,,1,1,5,3,1,,,,,,,,,,,,,,,,,,,,,,,,,,,,,,,,,,,,,,,,,,,,,,,,,,,,,,,,,,,,,,,,,,,,,,,
,,,,,332677,001,2024-05-26_12h49.10.204,mathesisv2,2024.1.3,MacIntel,59.88023952,,,,,,369.6442,372.8774,f,3.2199,,,,,,,stimuliAXBmix/yuustimulus.wav,f,,,,,,,,,,,1,2,6,2,1,,,,,,,,,,,,,,,,,,,,,,,,,,,,,,,,,,,,,,,,,,,,,,,,,,,,,,,,,,,,,,,,,,,,,,,
,,,,,332677,001,2024-05-26_12h49.10.204,mathesisv2,2024.1.3,MacIntel,59.88023952,,,,,,372.8877,376.4777,l,3.5834,,,,,,,stimuliAXBmix/iiystimulus.wav,l,,,,,,,,,,,1,3,7,0,1,,,,,,,,,,,,,,,,,,,,,,,,,,,,,,,,,,,,,,,,,,,,,,,,,,,,,,,,,,,,,,,,,,,,,,,
,,,,,332677,001,2024-05-26_12h49.10.204,mathesisv2,2024.1.3,MacIntel,59.88023952,,,,,,376.4879,381.5101,l,5.0154,,,,,,,stimuliAXBmix/iiystimulus.wav,l,,,,,,,,,,,2,0,8,0,1,,,,,,,,,,,,,,,,,,,,,,,,,,,,,,,,,,,,,,,,,,,,,,,,,,,,,,,,,,,,,,,,,,,,,,,
,,,,,332677,001,2024-05-26_12h49.10.204,mathesisv2,2024.1.3,MacIntel,59.88023952,,,,,,381.5194,386.0934,f,4.5578,,,,,,,stimuliAXBmix/yuustimulus.wav,f,,,,,,,,,,,2,1,9,2,1,,,,,,,,,,,,,,,,,,,,,,,,,,,,,,,,,,,,,,,,,,,,,,,,,,,,,,,,,,,,,,,,,,,,,,,
,,,,,332677,001,2024-05-26_12h49.10.204,mathesisv2,2024.1.3,MacIntel,59.88023952,,,,,,386.1023,389.6445,f,3.5228,,,,,,,stimuliAXBmix/iyystimulus.wav,f,,,,,,,,,,,2,2,10,1,1,,,,,,,,,,,,,,,,,,,,,,,,,,,,,,,,,,,,,,,,,,,,,,,,,,,,,,,,,,,,,,,,,,,,,,,
,,,,,332677,001,2024-05-26_12h49.10.204,mathesisv2,2024.1.3,MacIntel,59.88023952,,,,,,389.6451,392.7779,l,3.1256,,,,,,,stimuliAXBmix/yyustimulus.wav,l,,,,,,,,,,,2,3,11,3,1,,,,,,,,,,,,,,,,,,,,,,,,,,,,,,,,,,,,,,,,,,,,,,,,,,,,,,,,,,,,,,,,,,,,,,,
,,,,,332677,001,2024-05-26_12h49.10.204,mathesisv2,2024.1.3,MacIntel,59.88023952,,,,,,394.804,400.5617,f,5.7507,,,,,,,stimuliAXBmix/iyystimulus.wav,f,,,,,,,,,,,,,,,,392.7781,394.7945,return,1.9992,,0,0,0,1,1,,,,,,,,,,,,,,,,,,,,,,,,,,,,,,,,,,,,,,,,,,,,,,,,,,,,,,,,,,,,,
,,,,,332677,001,2024-05-26_12h49.10.204,mathesisv2,2024.1.3,MacIntel,59.88023952,,,,,,400.5706,404.0453,f,3.456,,,,,,,stimuliAXBmix/yuustimulus.wav,f,,,,,,,,,,,,,,,,,,,,,0,1,1,2,1,,,,,,,,,,,,,,,,,,,,,,,,,,,,,,,,,,,,,,,,,,,,,,,,,,,,,,,,,,,,,
,,,,,332677,001,2024-05-26_12h49.10.204,mathesisv2,2024.1.3,MacIntel,59.88023952,,,,,,404.0551,407.5288,l,3.4554,,,,,,,stimuliAXBmix/yyustimulus.wav,l,,,,,,,,,,,,,,,,,,,,,0,2,2,3,1,,,,,,,,,,,,,,,,,,,,,,,,,,,,,,,,,,,,,,,,,,,,,,,,,,,,,,,,,,,,,
,,,,,332677,001,2024-05-26_12h49.10.204,mathesisv2,2024.1.3,MacIntel,59.88023952,,,,,,407.5295,411.2456,l,3.7107,,,,,,,stimuliAXBmix/iiystimulus.wav,l,,,,,,,,,,,,,,,,,,,,,0,3,3,0,1,,,,,,,,,,,,,,,,,,,,,,,,,,,,,,,,,,,,,,,,,,,,,,,,,,,,,,,,,,,,,
,,,,,332677,001,2024-05-26_12h49.10.204,mathesisv2,2024.1.3,MacIntel,59.88023952,,,,,,411.2558,414.7123,l,3.4484,,,,,,,stimuliAXBmix/iiystimulus.wav,l,,,,,,,,,,,,,,,,,,,,,1,0,4,0,1,,,,,,,,,,,,,,,,,,,,,,,,,,,,,,,,,,,,,,,,,,,,,,,,,,,,,,,,,,,,,
,,,,,332677,001,2024-05-26_12h49.10.204,mathesisv2,2024.1.3,MacIntel,59.88023952,,,,,,414.7216,418.1626,f,3.4328,,,,,,,stimuliAXBmix/iyystimulus.wav,f,,,,,,,,,,,,,,,,,,,,,1,1,5,1,1,,,,,,,,,,,,,,,,,,,,,,,,,,,,,,,,,,,,,,,,,,,,,,,,,,,,,,,,,,,,,
,,,,,332677,001,2024-05-26_12h49.10.204,mathesisv2,2024.1.3,MacIntel,59.88023952,,,,,,418.1714,421.3294,l,3.139,,,,,,,stimuliAXBmix/yyustimulus.wav,l,,,,,,,,,,,,,,,,,,,,,1,2,6,3,1,,,,,,,,,,,,,,,,,,,,,,,,,,,,,,,,,,,,,,,,,,,,,,,,,,,,,,,,,,,,,
,,,,,332677,001,2024-05-26_12h49.10.204,mathesisv2,2024.1.3,MacIntel,59.88023952,,,,,,421.33,424.3463,f,2.9993,,,,,,,stimuliAXBmix/yuustimulus.wav,f,,,,,,,,,,,,,,,,,,,,,1,3,7,2,1,,,,,,,,,,,,,,,,,,,,,,,,,,,,,,,,,,,,,,,,,,,,,,,,,,,,,,,,,,,,,
,,,,,332677,001,2024-05-26_12h49.10.204,mathesisv2,2024.1.3,MacIntel,59.88023952,,,,,,,,,,,,,,,,,,,,,,,,,,,,,,,,,,,,,,,,,,,424.3465,426.5622,space,2.1983,,426.5634,443.1476,space,16.5672,,,,,,,,,,,,,,,,,,,,,,,,,,,,,,,,,,,,,,,,,,,,,,,,,,,,
,,,,,332677,001,2024-05-26_12h49.10.204,mathesisv2,2024.1.3,MacIntel,59.88023952,,,,,,,,,,,,,,,,,,,,,,,,,,,,,,,,,,,,,,,,,,,,,,,,,,,,,443.1611,455.5151,e,12.3429,,0,0,0,0,1,testTAFCmixfirst/nimnym001.wav,,,,,,,,,,,,,,,,,,,,,,,,,,,,,,,,,,,,,,,,
,,,,,332677,001,2024-05-26_12h49.10.204,mathesisv2,2024.1.3,MacIntel,59.88023952,,,,,,,,,,,,,,,,,,,,,,,,,,,,,,,,,,,,,,,,,,,,,,,,,,,,,455.5245,457.0645,y,1.5229,,0,1,1,2,1,testTAFCmixfirst/nimnym006.wav,,,,,,,,,,,,,,,,,,,,,,,,,,,,,,,,,,,,,,,,
,,,,,332677,001,2024-05-26_12h49.10.204,mathesisv2,2024.1.3,MacIntel,59.88023952,,,,,,,,,,,,,,,,,,,,,,,,,,,,,,,,,,,,,,,,,,,,,,,,,,,,,457.0651,458.3812,e,1.3003,,0,2,2,1,1,testTAFCmixfirst/nimnym002.wav,,,,,,,,,,,,,,,,,,,,,,,,,,,,,,,,,,,,,,,,
,,,,,332677,001,2024-05-26_12h49.10.204,mathesisv2,2024.1.3,MacIntel,59.88023952,,,,,,,,,,,,,,,,,,,,,,,,,,,,,,,,,,,,,,,,,,,,,,,,,,,,,,,,,,,,,,,,458.3858,475.6653,y,17.2583,,0,0,0,2,1,testTAFCmixsec/numnym006.wav,,,,,,,,,,,,,,,,,,,,,,,,,,,,,
,,,,,332677,001,2024-05-26_12h49.10.204,mathesisv2,2024.1.3,MacIntel,59.88023952,,,,,,,,,,,,,,,,,,,,,,,,,,,,,,,,,,,,,,,,,,,,,,,,,,,,,,,,,,,,,,,,475.6768,480.3648,u,4.6717,,0,1,1,1,1,testTAFCmixsec/numnym002.wav,,,,,,,,,,,,,,,,,,,,,,,,,,,,,
,,,,,332677,001,2024-05-26_12h49.10.204,mathesisv2,2024.1.3,MacIntel,59.88023952,,,,,,,,,,,,,,,,,,,,,,,,,,,,,,,,,,,,,,,,,,,,,,,,,,,,,,,,,,,,,,,,480.3742,483.7324,u,3.3488,,0,2,2,0,1,testTAFCmixsec/numnym001.wav,,,,,,,,,,,,,,,,,,,,,,,,,,,,,
,,,,,332677,001,2024-05-26_12h49.10.204,mathesisv2,2024.1.3,MacIntel,59.88023952,,,,,,,,,,,,,,,,,,,,,,,,,,,,,,,,,,,,,,,,,,,,,,,,,,,,,,,,,,,,,,,,,,,,,,,,,,,483.7333,572.0875,space,88.3268,,,,,,,,,,,,,,,,,,,,,,,,,
,,,,,332677,001,2024-05-26_12h49.10.204,mathesisv2,2024.1.3,MacIntel,59.88023952,,,,,,,,,,,,,,,,,y,,,,,,,,,,,,,,,,,,,,,,,,,,,,,,,,,,,,,,,,,,,,,,,,,,,,,,,,,,,,,,,572.1069,578.6541,y,6.5377,,0,0,0,4,1,stimuliTAFCfirst/nimnym005.wav,,,,,,,,,,,,,
,,,,,332677,001,2024-05-26_12h49.10.204,mathesisv2,2024.1.3,MacIntel,59.88023952,,,,,,,,,,,,,,,,,e,,,,,,,,,,,,,,,,,,,,,,,,,,,,,,,,,,,,,,,,,,,,,,,,,,,,,,,,,,,,,,,578.6647,580.8372,e,2.1557,,0,1,1,1,1,stimuliTAFCfirst/nimnym002.wav,,,,,,,,,,,,,
,,,,,332677,001,2024-05-26_12h49.10.204,mathesisv2,2024.1.3,MacIntel,59.88023952,,,,,,,,,,,,,,,,,e,,,,,,,,,,,,,,,,,,,,,,,,,,,,,,,,,,,,,,,,,,,,,,,,,,,,,,,,,,,,,,,580.8378,582.4039,e,1.5492,,0,2,2,0,1,stimuliTAFCfirst/nimnym001.wav,,,,,,,,,,,,,
,,,,,332677,001,2024-05-26_12h49.10.204,mathesisv2,2024.1.3,MacIntel,59.88023952,,,,,,,,,,,,,,,,,y,,,,,,,,,,,,,,,,,,,,,,,,,,,,,,,,,,,,,,,,,,,,,,,,,,,,,,,,,,,,,,,582.4045,583.7872,y,1.3699,,0,3,3,5,1,stimuliTAFCfirst/nimnym006.wav,,,,,,,,,,,,,
,,,,,332677,001,2024-05-26_12h49.10.204,mathesisv2,2024.1.3,MacIntel,59.88023952,,,,,,,,,,,,,,,,,x,,,,,,,,,,,,,,,,,,,,,,,,,,,,,,,,,,,,,,,,,,,,,,,,,,,,,,,,,,,,,,,583.7877,584.8707,y,1.0778,,0,4,4,3,1,stimuliTAFCfirst/nimnym004.wav,,,,,,,,,,,,,
,,,,,332677,001,2024-05-26_12h49.10.204,mathesisv2,2024.1.3,MacIntel,59.88023952,,,,,,,,,,,,,,,,,e,,,,,,,,,,,,,,,,,,,,,,,,,,,,,,,,,,,,,,,,,,,,,,,,,,,,,,,,,,,,,,,584.8714,586.0872,y,1.2097,,0,5,5,2,1,stimuliTAFCfirst/nimnym003.wav,,,,,,,,,,,,,
,,,,,332677,001,2024-05-26_12h49.10.204,mathesisv2,2024.1.3,MacIntel,59.88023952,,,,,,,,,,,,,,,,,y,,,,,,,,,,,,,,,,,,,,,,,,,,,,,,,,,,,,,,,,,,,,,,,,,,,,,,,,,,,,,,,586.0877,587.1532,y,1.0537,,0,6,6,6,1,stimuliTAFCfirst/nimnym007.wav,,,,,,,,,,,,,
,,,,,332677,001,2024-05-26_12h49.10.204,mathesisv2,2024.1.3,MacIntel,59.88023952,,,,,,,,,,,,,,,,,e,,,,,,,,,,,,,,,,,,,,,,,,,,,,,,,,,,,,,,,,,,,,,,,,,,,,,,,,,,,,,,,587.1538,588.1875,e,1.0174,,1,0,7,0,1,stimuliTAFCfirst/nimnym001.wav,,,,,,,,,,,,,
,,,,,332677,001,2024-05-26_12h49.10.204,mathesisv2,2024.1.3,MacIntel,59.88023952,,,,,,,,,,,,,,,,,y,,,,,,,,,,,,,,,,,,,,,,,,,,,,,,,,,,,,,,,,,,,,,,,,,,,,,,,,,,,,,,,588.188,589.6863,y,1.4931,,1,1,8,4,1,stimuliTAFCfirst/nimnym005.wav,,,,,,,,,,,,,
,,,,,332677,001,2024-05-26_12h49.10.204,mathesisv2,2024.1.3,MacIntel,59.88023952,,,,,,,,,,,,,,,,,e,,,,,,,,,,,,,,,,,,,,,,,,,,,,,,,,,,,,,,,,,,,,,,,,,,,,,,,,,,,,,,,589.6868,590.8198,e,1.1283,,1,2,9,1,1,stimuliTAFCfirst/nimnym002.wav,,,,,,,,,,,,,
,,,,,332677,001,2024-05-26_12h49.10.204,mathesisv2,2024.1.3,MacIntel,59.88023952,,,,,,,,,,,,,,,,,y,,,,,,,,,,,,,,,,,,,,,,,,,,,,,,,,,,,,,,,,,,,,,,,,,,,,,,,,,,,,,,,590.8205,595.1875,y,4.3494,,1,3,10,6,1,stimuliTAFCfirst/nimnym007.wav,,,,,,,,,,,,,
,,,,,332677,001,2024-05-26_12h49.10.204,mathesisv2,2024.1.3,MacIntel,59.88023952,,,,,,,,,,,,,,,,,e,,,,,,,,,,,,,,,,,,,,,,,,,,,,,,,,,,,,,,,,,,,,,,,,,,,,,,,,,,,,,,,595.1961,599.0044,y,3.8002,,1,4,11,2,1,stimuliTAFCfirst/nimnym003.wav,,,,,,,,,,,,,
,,,,,332677,001,2024-05-26_12h49.10.204,mathesisv2,2024.1.3,MacIntel,59.88023952,,,,,,,,,,,,,,,,,x,,,,,,,,,,,,,,,,,,,,,,,,,,,,,,,,,,,,,,,,,,,,,,,,,,,,,,,,,,,,,,,599.013,600.2379,y,1.217,,1,5,12,3,1,stimuliTAFCfirst/nimnym004.wav,,,,,,,,,,,,,
,,,,,332677,001,2024-05-26_12h49.10.204,mathesisv2,2024.1.3,MacIntel,59.88023952,,,,,,,,,,,,,,,,,y,,,,,,,,,,,,,,,,,,,,,,,,,,,,,,,,,,,,,,,,,,,,,,,,,,,,,,,,,,,,,,,600.2384,601.2704,y,1.0186,,1,6,13,5,1,stimuliTAFCfirst/nimnym006.wav,,,,,,,,,,,,,
,,,,,332677,001,2024-05-26_12h49.10.204,mathesisv2,2024.1.3,MacIntel,59.88023952,,,,,,,,,,,,,,,,,u,601.2713,603.2885,space,2.0009,,,,,,,,,,,,,,,,,,,,,,,,,,,,,,,,,,,,,,,,,,,,,,,,,,,,,,,,,,,,,,,,,,,,,,603.2943,608.739,y,5.4205,,0,0,0,0,1,stimuliTAFCsec/numnym001.wav,,
,,,,,332677,001,2024-05-26_12h49.10.204,mathesisv2,2024.1.3,MacIntel,59.88023952,,,,,,,,,,,,,,,,,u,,,,,,,,,,,,,,,,,,,,,,,,,,,,,,,,,,,,,,,,,,,,,,,,,,,,,,,,,,,,,,,,,,,,,,,,,,608.7504,617.4554,u,8.6895,,0,1,1,2,1,stimuliTAFCsec/numnym003.wav,,
,,,,,332677,001,2024-05-26_12h49.10.204,mathesisv2,2024.1.3,MacIntel,59.88023952,,,,,,,,,,,,,,,,,y,,,,,,,,,,,,,,,,,,,,,,,,,,,,,,,,,,,,,,,,,,,,,,,,,,,,,,,,,,,,,,,,,,,,,,,,,,617.4651,619.9556,u,2.4725,,0,2,2,4,1,stimuliTAFCsec/numnym005.wav,,
,,,,,332677,001,2024-05-26_12h49.10.204,mathesisv2,2024.1.3,MacIntel,59.88023952,,,,,,,,,,,,,,,,,y,,,,,,,,,,,,,,,,,,,,,,,,,,,,,,,,,,,,,,,,,,,,,,,,,,,,,,,,,,,,,,,,,,,,,,,,,,619.9561,626.3059,y,6.3321,,0,3,3,6,1,stimuliTAFCsec/numnym007.wav,,
,,,,,332677,001,2024-05-26_12h49.10.204,mathesisv2,2024.1.3,MacIntel,59.88023952,,,,,,,,,,,,,,,,,x,,,,,,,,,,,,,,,,,,,,,,,,,,,,,,,,,,,,,,,,,,,,,,,,,,,,,,,,,,,,,,,,,,,,,,,,,,626.3159,627.8223,y,1.4887,,0,4,4,3,1,stimuliTAFCsec/numnym004.wav,,
,,,,,332677,001,2024-05-26_12h49.10.204,mathesisv2,2024.1.3,MacIntel,59.88023952,,,,,,,,,,,,,,,,,u,,,,,,,,,,,,,,,,,,,,,,,,,,,,,,,,,,,,,,,,,,,,,,,,,,,,,,,,,,,,,,,,,,,,,,,,,,627.8228,630.2894,u,2.4503,,0,5,5,1,1,stimuliTAFCsec/numnym002.wav,,
,,,,,332677,001,2024-05-26_12h49.10.204,mathesisv2,2024.1.3,MacIntel,59.88023952,,,,,,,,,,,,,,,,,y,,,,,,,,,,,,,,,,,,,,,,,,,,,,,,,,,,,,,,,,,,,,,,,,,,,,,,,,,,,,,,,,,,,,,,,,,,630.2987,631.3729,y,1.0552,,0,6,6,5,1,stimuliTAFCsec/numnym006.wav,,
,,,,,332677,001,2024-05-26_12h49.10.204,mathesisv2,2024.1.3,MacIntel,59.88023952,,,,,,,,,,,,,,,,,u,,,,,,,,,,,,,,,,,,,,,,,,,,,,,,,,,,,,,,,,,,,,,,,,,,,,,,,,,,,,,,,,,,,,,,,,,,631.3735,632.3226,u,0.9429,,1,0,7,2,1,stimuliTAFCsec/numnym003.wav,,
,,,,,332677,001,2024-05-26_12h49.10.204,mathesisv2,2024.1.3,MacIntel,59.88023952,,,,,,,,,,,,,,,,,y,,,,,,,,,,,,,,,,,,,,,,,,,,,,,,,,,,,,,,,,,,,,,,,,,,,,,,,,,,,,,,,,,,,,,,,,,,632.3231,633.923,y,1.5829,,1,1,8,4,1,stimuliTAFCsec/numnym005.wav,,
,,,,,332677,001,2024-05-26_12h49.10.204,mathesisv2,2024.1.3,MacIntel,59.88023952,,,,,,,,,,,,,,,,,u,,,,,,,,,,,,,,,,,,,,,,,,,,,,,,,,,,,,,,,,,,,,,,,,,,,,,,,,,,,,,,,,,,,,,,,,,,633.9236,636.6229,u,2.694,,1,2,9,1,1,stimuliTAFCsec/numnym002.wav,,
,,,,,332677,001,2024-05-26_12h49.10.204,mathesisv2,2024.1.3,MacIntel,59.88023952,,,,,,,,,,,,,,,,,y,,,,,,,,,,,,,,,,,,,,,,,,,,,,,,,,,,,,,,,,,,,,,,,,,,,,,,,,,,,,,,,,,,,,,,,,,,636.6319,638.5062,y,1.8569,,1,3,10,5,1,stimuliTAFCsec/numnym006.wav,,
,,,,,332677,001,2024-05-26_12h49.10.204,mathesisv2,2024.1.3,MacIntel,59.88023952,,,,,,,,,,,,,,,,,x,,,,,,,,,,,,,,,,,,,,,,,,,,,,,,,,,,,,,,,,,,,,,,,,,,,,,,,,,,,,,,,,,,,,,,,,,,638.5069,639.9066,y,1.3834,,1,4,11,3,1,stimuliTAFCsec/numnym004.wav,,
,,,,,332677,001,2024-05-26_12h49.10.204,mathesisv2,2024.1.3,MacIntel,59.88023952,,,,,,,,,,,,,,,,,u,,,,,,,,,,,,,,,,,,,,,,,,,,,,,,,,,,,,,,,,,,,,,,,,,,,,,,,,,,,,,,,,,,,,,,,,,,639.9072,640.9399,u,1.0149,,1,5,12,0,1,stimuliTAFCsec/numnym001.wav,,
,,,,,332677,001,2024-05-26_12h49.10.204,mathesisv2,2024.1.3,MacIntel,59.88023952,,,,,,,,,,,,,,,,,y,,,,,,,,,,,,,,,,,,,,,,,,,,,,,,,,,,,,,,,,,,,,,,,,,,,,,,,,,,,,,,,,,,,,,,,,,,640.9404,642.09,y,1.1436,,1,6,13,6,1,stimuliTAFCsec/numnym007.wav,,
,,,,,332677,001,2024-05-26_12h49.10.204,mathesisv2,2024.1.3,MacIntel,59.88023952,,,,,,,,,,,,,,,,,e,,,,,,,,,,,,,,,,,,,,,,,,,,642.0909,645.2732,space,3.1682,,,,,,,,,,,,,,,,,,,,,,,,,,,,,,,,,,645.2853,648.3725,e,3.0826,,0,0,0,0,1,stimuliTAFCfirst/nimnym001.wav,,,,,,,,,,,,,
,,,,,332677,001,2024-05-26_12h49.10.204,mathesisv2,2024.1.3,MacIntel,59.88023952,,,,,,,,,,,,,,,,,y,,,,,,,,,,,,,,,,,,,,,,,,,,,,,,,,,,,,,,,,,,,,,,,,,,,,,,,,,,,,,,,648.3805,650.5905,y,2.2016,,0,1,1,4,1,stimuliTAFCfirst/nimnym005.wav,,,,,,,,,,,,,
,,,,,332677,001,2024-05-26_12h49.10.204,mathesisv2,2024.1.3,MacIntel,59.88023952,,,,,,,,,,,,,,,,,x,,,,,,,,,,,,,,,,,,,,,,,,,,,,,,,,,,,,,,,,,,,,,,,,,,,,,,,,,,,,,,,650.5909,651.8565,y,1.2606,,0,2,2,3,1,stimuliTAFCfirst/nimnym004.wav,,,,,,,,,,,,,
,,,,,332677,001,2024-05-26_12h49.10.204,mathesisv2,2024.1.3,MacIntel,59.88023952,,,,,,,,,,,,,,,,,e,,,,,,,,,,,,,,,,,,,,,,,,,,,,,,,,,,,,,,,,,,,,,,,,,,,,,,,,,,,,,,,651.8569,653.4235,e,1.5608,,0,3,3,1,1,stimuliTAFCfirst/nimnym002.wav,,,,,,,,,,,,,
,,,,,332677,001,2024-05-26_12h49.10.204,mathesisv2,2024.1.3,MacIntel,59.88023952,,,,,,,,,,,,,,,,,y,,,,,,,,,,,,,,,,,,,,,,,,,,,,,,,,,,,,,,,,,,,,,,,,,,,,,,,,,,,,,,,653.4241,655.807,y,2.3771,,0,4,4,5,1,stimuliTAFCfirst/nimnym006.wav,,,,,,,,,,,,,
,,,,,332677,001,2024-05-26_12h49.10.204,mathesisv2,2024.1.3,MacIntel,59.88023952,,,,,,,,,,,,,,,,,y,,,,,,,,,,,,,,,,,,,,,,,,,,,,,,,,,,,,,,,,,,,,,,,,,,,,,,,,,,,,,,,655.8075,656.8405,y,1.017,,0,5,5,6,1,stimuliTAFCfirst/nimnym007.wav,,,,,,,,,,,,,
,,,,,332677,001,2024-05-26_12h49.10.204,mathesisv2,2024.1.3,MacIntel,59.88023952,,,,,,,,,,,,,,,,,e,,,,,,,,,,,,,,,,,,,,,,,,,,,,,,,,,,,,,,,,,,,,,,,,,,,,,,,,,,,,,,,656.841,659.7408,e,2.8827,,0,6,6,2,1,stimuliTAFCfirst/nimnym003.wav,,,,,,,,,,,,,
,,,,,332677,001,2024-05-26_12h49.10.204,mathesisv2,2024.1.3,MacIntel,59.88023952,,,,,,,,,,,,,,,,,y,,,,,,,,,,,,,,,,,,,,,,,,,,,,,,,,,,,,,,,,,,,,,,,,,,,,,,,,,,,,,,,659.7413,661.074,y,1.3264,,1,0,7,5,1,stimuliTAFCfirst/nimnym006.wav,,,,,,,,,,,,,
,,,,,332677,001,2024-05-26_12h49.10.204,mathesisv2,2024.1.3,MacIntel,59.88023952,,,,,,,,,,,,,,,,,e,,,,,,,,,,,,,,,,,,,,,,,,,,,,,,,,,,,,,,,,,,,,,,,,,,,,,,,,,,,,,,,661.0744,662.2564,e,1.1709,,1,1,8,0,1,stimuliTAFCfirst/nimnym001.wav,,,,,,,,,,,,,
,,,,,332677,001,2024-05-26_12h49.10.204,mathesisv2,2024.1.3,MacIntel,59.88023952,,,,,,,,,,,,,,,,,y,,,,,,,,,,,,,,,,,,,,,,,,,,,,,,,,,,,,,,,,,,,,,,,,,,,,,,,,,,,,,,,662.257,663.4908,y,1.2198,,1,2,9,6,1,stimuliTAFCfirst/nimnym007.wav,,,,,,,,,,,,,
,,,,,332677,001,2024-05-26_12h49.10.204,mathesisv2,2024.1.3,MacIntel,59.88023952,,,,,,,,,,,,,,,,,x,,,,,,,,,,,,,,,,,,,,,,,,,,,,,,,,,,,,,,,,,,,,,,,,,,,,,,,,,,,,,,,663.4915,664.6075,y,1.0991,,1,3,10,3,1,stimuliTAFCfirst/nimnym004.wav,,,,,,,,,,,,,
,,,,,332677,001,2024-05-26_12h49.10.204,mathesisv2,2024.1.3,MacIntel,59.88023952,,,,,,,,,,,,,,,,,e,,,,,,,,,,,,,,,,,,,,,,,,,,,,,,,,,,,,,,,,,,,,,,,,,,,,,,,,,,,,,,,664.6082,665.7398,e,1.1193,,1,4,11,1,1,stimuliTAFCfirst/nimnym002.wav,,,,,,,,,,,,,
,,,,,332677,001,2024-05-26_12h49.10.204,mathesisv2,2024.1.3,MacIntel,59.88023952,,,,,,,,,,,,,,,,,y,,,,,,,,,,,,,,,,,,,,,,,,,,,,,,,,,,,,,,,,,,,,,,,,,,,,,,,,,,,,,,,665.7403,667.0077,y,1.2547,,1,5,12,4,1,stimuliTAFCfirst/nimnym005.wav,,,,,,,,,,,,,
,,,,,332677,001,2024-05-26_12h49.10.204,mathesisv2,2024.1.3,MacIntel,59.88023952,,,,,,,,,,,,,,,,,e,,,,,,,,,,,,,,,,,,,,,,,,,,,,,,,,,,,,,,,,,,,,,,,,,,,,,,,,,,,,,,,667.0083,670.3744,e,3.35,,1,6,13,2,1,stimuliTAFCfirst/nimnym003.wav,,,,,,,,,,,,,
,,,,,332677,001,2024-05-26_12h49.10.204,mathesisv2,2024.1.3,MacIntel,59.88023952,,,,,,,,,,,,,,,,,y,670.3747,672.1414,space,1.7479,,,,,,,,,,,,,,,,,,,,,,,,,,,,,,,,,,,,,,,,,,,,,,,,,,,,,,,,,,,,,,,,,,,,,,672.1528,676.8247,y,4.6648,,0,0,0,5,1,stimuliTAFCsec/numnym006.wav,,
,,,,,332677,001,2024-05-26_12h49.10.204,mathesisv2,2024.1.3,MacIntel,59.88023952,,,,,,,,,,,,,,,,,u,,,,,,,,,,,,,,,,,,,,,,,,,,,,,,,,,,,,,,,,,,,,,,,,,,,,,,,,,,,,,,,,,,,,,,,,,,676.834,678.4906,u,1.6492,,0,1,1,2,1,stimuliTAFCsec/numnym003.wav,,
,,,,,332677,001,2024-05-26_12h49.10.204,mathesisv2,2024.1.3,MacIntel,59.88023952,,,,,,,,,,,,,,,,,y,,,,,,,,,,,,,,,,,,,,,,,,,,,,,,,,,,,,,,,,,,,,,,,,,,,,,,,,,,,,,,,,,,,,,,,,,,678.4912,680.6249,y,2.128,,0,2,2,4,1,stimuliTAFCsec/numnym005.wav,,
,,,,,332677,001,2024-05-26_12h49.10.204,mathesisv2,2024.1.3,MacIntel,59.88023952,,,,,,,,,,,,,,,,,u,,,,,,,,,,,,,,,,,,,,,,,,,,,,,,,,,,,,,,,,,,,,,,,,,,,,,,,,,,,,,,,,,,,,,,,,,,680.6254,682.6083,u,1.9767,,0,3,3,0,1,stimuliTAFCsec/numnym001.wav,,
,,,,,332677,001,2024-05-26_12h49.10.204,mathesisv2,2024.1.3,MacIntel,59.88023952,,,,,,,,,,,,,,,,,y,,,,,,,,,,,,,,,,,,,,,,,,,,,,,,,,,,,,,,,,,,,,,,,,,,,,,,,,,,,,,,,,,,,,,,,,,,682.6088,684.2584,y,1.6338,,0,4,4,6,1,stimuliTAFCsec/numnym007.wav,,
,,,,,332677,001,2024-05-26_12h49.10.204,mathesisv2,2024.1.3,MacIntel,59.88023952,,,,,,,,,,,,,,,,,x,,,,,,,,,,,,,,,,,,,,,,,,,,,,,,,,,,,,,,,,,,,,,,,,,,,,,,,,,,,,,,,,,,,,,,,,,,684.259,690.2918,y,6.0268,,0,5,5,3,1,stimuliTAFCsec/numnym004.wav,,
,,,,,332677,001,2024-05-26_12h49.10.204,mathesisv2,2024.1.3,MacIntel,59.88023952,,,,,,,,,,,,,,,,,u,,,,,,,,,,,,,,,,,,,,,,,,,,,,,,,,,,,,,,,,,,,,,,,,,,,,,,,,,,,,,,,,,,,,,,,,,,690.3002,692.0256,u,1.7094,,0,6,6,1,1,stimuliTAFCsec/numnym002.wav,,
,,,,,332677,001,2024-05-26_12h49.10.204,mathesisv2,2024.1.3,MacIntel,59.88023952,,,,,,,,,,,,,,,,,y,,,,,,,,,,,,,,,,,,,,,,,,,,,,,,,,,,,,,,,,,,,,,,,,,,,,,,,,,,,,,,,,,,,,,,,,,,692.0263,693.7588,y,1.717,,1,0,7,4,1,stimuliTAFCsec/numnym005.wav,,
,,,,,332677,001,2024-05-26_12h49.10.204,mathesisv2,2024.1.3,MacIntel,59.88023952,,,,,,,,,,,,,,,,,u,,,,,,,,,,,,,,,,,,,,,,,,,,,,,,,,,,,,,,,,,,,,,,,,,,,,,,,,,,,,,,,,,,,,,,,,,,693.7594,695.1422,u,1.3774,,1,1,8,1,1,stimuliTAFCsec/numnym002.wav,,
,,,,,332677,001,2024-05-26_12h49.10.204,mathesisv2,2024.1.3,MacIntel,59.88023952,,,,,,,,,,,,,,,,,y,,,,,,,,,,,,,,,,,,,,,,,,,,,,,,,,,,,,,,,,,,,,,,,,,,,,,,,,,,,,,,,,,,,,,,,,,,695.1428,697.2756,y,2.125,,1,2,9,6,1,stimuliTAFCsec/numnym007.wav,,
,,,,,332677,001,2024-05-26_12h49.10.204,mathesisv2,2024.1.3,MacIntel,59.88023952,,,,,,,,,,,,,,,,,u,,,,,,,,,,,,,,,,,,,,,,,,,,,,,,,,,,,,,,,,,,,,,,,,,,,,,,,,,,,,,,,,,,,,,,,,,,697.2762,698.908,u,1.6169,,1,3,10,2,1,stimuliTAFCsec/numnym003.wav,,
,,,,,332677,001,2024-05-26_12h49.10.204,mathesisv2,2024.1.3,MacIntel,59.88023952,,,,,,,,,,,,,,,,,x,,,,,,,,,,,,,,,,,,,,,,,,,,,,,,,,,,,,,,,,,,,,,,,,,,,,,,,,,,,,,,,,,,,,,,,,,,698.9086,701.3425,u,2.4177,,1,4,11,3,1,stimuliTAFCsec/numnym004.wav,,
,,,,,332677,001,2024-05-26_12h49.10.204,mathesisv2,2024.1.3,MacIntel,59.88023952,,,,,,,,,,,,,,,,,u,,,,,,,,,,,,,,,,,,,,,,,,,,,,,,,,,,,,,,,,,,,,,,,,,,,,,,,,,,,,,,,,,,,,,,,,,,701.3432,702.7426,u,1.3831,,1,5,12,0,1,stimuliTAFCsec/numnym001.wav,,
,,,,,332677,001,2024-05-26_12h49.10.204,mathesisv2,2024.1.3,MacIntel,59.88023952,,,,,,,,,,,,,,,,,y,,,,,,,,,,,,,,,,,,,,,,,,,,,,,,,,,,,,,,,,,,,,,,,,,,,,,,,,,,,,,,,,,,,,,,,,,,702.7432,704.8416,y,2.0932,,1,6,13,5,1,stimuliTAFCsec/numnym006.wav,,
,,,,,332677,001,2024-05-26_12h49.10.204,mathesisv2,2024.1.3,MacIntel,59.88023952,,,,,,,,,,,,,,,,,e,,,,,,,,,,,,,,,,,,,,,,,,,,704.8419,706.6262,space,1.7682,,,,,,,,,,,,,,,,,,,,,,,,,,,,,,,,,,706.6382,709.1259,e,2.4805,,0,0,0,0,1,stimuliTAFCfirst/nimnym001.wav,,,,,,,,,,,,,
,,,,,332677,001,2024-05-26_12h49.10.204,mathesisv2,2024.1.3,MacIntel,59.88023952,,,,,,,,,,,,,,,,,e,,,,,,,,,,,,,,,,,,,,,,,,,,,,,,,,,,,,,,,,,,,,,,,,,,,,,,,,,,,,,,,709.1264,710.5931,e,1.461,,0,1,1,1,1,stimuliTAFCfirst/nimnym002.wav,,,,,,,,,,,,,
,,,,,332677,001,2024-05-26_12h49.10.204,mathesisv2,2024.1.3,MacIntel,59.88023952,,,,,,,,,,,,,,,,,y,,,,,,,,,,,,,,,,,,,,,,,,,,,,,,,,,,,,,,,,,,,,,,,,,,,,,,,,,,,,,,,710.5936,713.1263,y,2.516,,0,2,2,4,1,stimuliTAFCfirst/nimnym005.wav,,,,,,,,,,,,,
,,,,,332677,001,2024-05-26_12h49.10.204,mathesisv2,2024.1.3,MacIntel,59.88023952,,,,,,,,,,,,,,,,,y,,,,,,,,,,,,,,,,,,,,,,,,,,,,,,,,,,,,,,,,,,,,,,,,,,,,,,,,,,,,,,,713.1268,717.3435,y,4.2041,,0,3,3,6,1,stimuliTAFCfirst/nimnym007.wav,,,,,,,,,,,,,
,,,,,332677,001,2024-05-26_12h49.10.204,mathesisv2,2024.1.3,MacIntel,59.88023952,,,,,,,,,,,,,,,,,e,,,,,,,,,,,,,,,,,,,,,,,,,,,,,,,,,,,,,,,,,,,,,,,,,,,,,,,,,,,,,,,717.3532,718.4434,e,1.0823,,0,4,4,2,1,stimuliTAFCfirst/nimnym003.wav,,,,,,,,,,,,,
,,,,,332677,001,2024-05-26_12h49.10.204,mathesisv2,2024.1.3,MacIntel,59.88023952,,,,,,,,,,,,,,,,,x,,,,,,,,,,,,,,,,,,,,,,,,,,,,,,,,,,,,,,,,,,,,,,,,,,,,,,,,,,,,,,,718.444,719.626,y,1.1668,,0,5,5,3,1,stimuliTAFCfirst/nimnym004.wav,,,,,,,,,,,,,
,,,,,332677,001,2024-05-26_12h49.10.204,mathesisv2,2024.1.3,MacIntel,59.88023952,,,,,,,,,,,,,,,,,y,,,,,,,,,,,,,,,,,,,,,,,,,,,,,,,,,,,,,,,,,,,,,,,,,,,,,,,,,,,,,,,719.6265,721.4769,y,1.8348,,0,6,6,5,1,stimuliTAFCfirst/nimnym006.wav,,,,,,,,,,,,,
,,,,,332677,001,2024-05-26_12h49.10.204,mathesisv2,2024.1.3,MacIntel,59.88023952,,,,,,,,,,,,,,,,,e,,,,,,,,,,,,,,,,,,,,,,,,,,,,,,,,,,,,,,,,,,,,,,,,,,,,,,,,,,,,,,,721.4775,722.8603,e,1.3693,,1,0,7,0,1,stimuliTAFCfirst/nimnym001.wav,,,,,,,,,,,,,
,,,,,332677,001,2024-05-26_12h49.10.204,mathesisv2,2024.1.3,MacIntel,59.88023952,,,,,,,,,,,,,,,,,e,,,,,,,,,,,,,,,,,,,,,,,,,,,,,,,,,,,,,,,,,,,,,,,,,,,,,,,,,,,,,,,722.861,724.3269,e,1.46,,1,1,8,2,1,stimuliTAFCfirst/nimnym003.wav,,,,,,,,,,,,,
,,,,,332677,001,2024-05-26_12h49.10.204,mathesisv2,2024.1.3,MacIntel,59.88023952,,,,,,,,,,,,,,,,,y,,,,,,,,,,,,,,,,,,,,,,,,,,,,,,,,,,,,,,,,,,,,,,,,,,,,,,,,,,,,,,,724.3273,725.4769,y,1.1435,,1,2,9,5,1,stimuliTAFCfirst/nimnym006.wav,,,,,,,,,,,,,
,,,,,332677,001,2024-05-26_12h49.10.204,mathesisv2,2024.1.3,MacIntel,59.88023952,,,,,,,,,,,,,,,,,y,,,,,,,,,,,,,,,,,,,,,,,,,,,,,,,,,,,,,,,,,,,,,,,,,,,,,,,,,,,,,,,725.4773,726.7438,y,1.2516,,1,3,10,6,1,stimuliTAFCfirst/nimnym007.wav,,,,,,,,,,,,,
,,,,,332677,001,2024-05-26_12h49.10.204,mathesisv2,2024.1.3,MacIntel,59.88023952,,,,,,,,,,,,,,,,,e,,,,,,,,,,,,,,,,,,,,,,,,,,,,,,,,,,,,,,,,,,,,,,,,,,,,,,,,,,,,,,,726.7444,728.0113,e,1.2618,,1,4,11,1,1,stimuliTAFCfirst/nimnym002.wav,,,,,,,,,,,,,
,,,,,332677,001,2024-05-26_12h49.10.204,mathesisv2,2024.1.3,MacIntel,59.88023952,,,,,,,,,,,,,,,,,y,,,,,,,,,,,,,,,,,,,,,,,,,,,,,,,,,,,,,,,,,,,,,,,,,,,,,,,,,,,,,,,728.0119,729.1437,y,1.1261,,1,5,12,4,1,stimuliTAFCfirst/nimnym005.wav,,,,,,,,,,,,,
,,,,,332677,001,2024-05-26_12h49.10.204,mathesisv2,2024.1.3,MacIntel,59.88023952,,,,,,,,,,,,,,,,,x,,,,,,,,,,,,,,,,,,,,,,,,,,,,,,,,,,,,,,,,,,,,,,,,,,,,,,,,,,,,,,,729.1443,730.3441,y,1.1843,,1,6,13,3,1,stimuliTAFCfirst/nimnym004.wav,,,,,,,,,,,,,
,,,,,332677,001,2024-05-26_12h49.10.204,mathesisv2,2024.1.3,MacIntel,59.88023952,,,,,,,,,,,,,,,,,y,730.3444,732.9946,space,2.6357,,,,,,,,,,,,,,,,,,,,,,,,,,,,,,,,,,,,,,,,,,,,,,,,,,,,,,,,,,,,,,,,,,,,,,733.0065,737.2108,y,4.1976,,0,0,0,4,1,stimuliTAFCsec/numnym005.wav,,
,,,,,332677,001,2024-05-26_12h49.10.204,mathesisv2,2024.1.3,MacIntel,59.88023952,,,,,,,,,,,,,,,,,u,,,,,,,,,,,,,,,,,,,,,,,,,,,,,,,,,,,,,,,,,,,,,,,,,,,,,,,,,,,,,,,,,,,,,,,,,,737.2187,738.3101,u,1.0734,,0,1,1,0,1,stimuliTAFCsec/numnym001.wav,,
,,,,,332677,001,2024-05-26_12h49.10.204,mathesisv2,2024.1.3,MacIntel,59.88023952,,,,,,,,,,,,,,,,,u,,,,,,,,,,,,,,,,,,,,,,,,,,,,,,,,,,,,,,,,,,,,,,,,,,,,,,,,,,,,,,,,,,,,,,,,,,738.3108,739.4945,u,1.177,,0,2,2,2,1,stimuliTAFCsec/numnym003.wav,,
,,,,,332677,001,2024-05-26_12h49.10.204,mathesisv2,2024.1.3,MacIntel,59.88023952,,,,,,,,,,,,,,,,,x,,,,,,,,,,,,,,,,,,,,,,,,,,,,,,,,,,,,,,,,,,,,,,,,,,,,,,,,,,,,,,,,,,,,,,,,,,739.4951,740.8936,y,1.3856,,0,3,3,3,1,stimuliTAFCsec/numnym004.wav,,
,,,,,332677,001,2024-05-26_12h49.10.204,mathesisv2,2024.1.3,MacIntel,59.88023952,,,,,,,,,,,,,,,,,y,,,,,,,,,,,,,,,,,,,,,,,,,,,,,,,,,,,,,,,,,,,,,,,,,,,,,,,,,,,,,,,,,,,,,,,,,,740.8941,742.0945,y,1.1836,,0,4,4,5,1,stimuliTAFCsec/numnym006.wav,,
,,,,,332677,001,2024-05-26_12h49.10.204,mathesisv2,2024.1.3,MacIntel,59.88023952,,,,,,,,,,,,,,,,,u,,,,,,,,,,,,,,,,,,,,,,,,,,,,,,,,,,,,,,,,,,,,,,,,,,,,,,,,,,,,,,,,,,,,,,,,,,742.095,743.3779,u,1.2662,,0,5,5,1,1,stimuliTAFCsec/numnym002.wav,,
,,,,,332677,001,2024-05-26_12h49.10.204,mathesisv2,2024.1.3,MacIntel,59.88023952,,,,,,,,,,,,,,,,,y,,,,,,,,,,,,,,,,,,,,,,,,,,,,,,,,,,,,,,,,,,,,,,,,,,,,,,,,,,,,,,,,,,,,,,,,,,743.3786,745.0112,y,1.6267,,0,6,6,6,1,stimuliTAFCsec/numnym007.wav,,
,,,,,332677,001,2024-05-26_12h49.10.204,mathesisv2,2024.1.3,MacIntel,59.88023952,,,,,,,,,,,,,,,,,x,,,,,,,,,,,,,,,,,,,,,,,,,,,,,,,,,,,,,,,,,,,,,,,,,,,,,,,,,,,,,,,,,,,,,,,,,,745.0116,746.2614,y,1.2442,,1,0,7,3,1,stimuliTAFCsec/numnym004.wav,,
,,,,,332677,001,2024-05-26_12h49.10.204,mathesisv2,2024.1.3,MacIntel,59.88023952,,,,,,,,,,,,,,,,,y,,,,,,,,,,,,,,,,,,,,,,,,,,,,,,,,,,,,,,,,,,,,,,,,,,,,,,,,,,,,,,,,,,,,,,,,,,746.262,747.328,y,1.0596,,1,1,8,6,1,stimuliTAFCsec/numnym007.wav,,
,,,,,332677,001,2024-05-26_12h49.10.204,mathesisv2,2024.1.3,MacIntel,59.88023952,,,,,,,,,,,,,,,,,u,,,,,,,,,,,,,,,,,,,,,,,,,,,,,,,,,,,,,,,,,,,,,,,,,,,,,,,,,,,,,,,,,,,,,,,,,,747.3286,748.3937,u,1.0528,,1,2,9,2,1,stimuliTAFCsec/numnym003.wav,,
,,,,,332677,001,2024-05-26_12h49.10.204,mathesisv2,2024.1.3,MacIntel,59.88023952,,,,,,,,,,,,,,,,,y,,,,,,,,,,,,,,,,,,,,,,,,,,,,,,,,,,,,,,,,,,,,,,,,,,,,,,,,,,,,,,,,,,,,,,,,,,748.3942,749.9615,y,1.5513,,1,3,10,5,1,stimuliTAFCsec/numnym006.wav,,
,,,,,332677,001,2024-05-26_12h49.10.204,mathesisv2,2024.1.3,MacIntel,59.88023952,,,,,,,,,,,,,,,,,u,,,,,,,,,,,,,,,,,,,,,,,,,,,,,,,,,,,,,,,,,,,,,,,,,,,,,,,,,,,,,,,,,,,,,,,,,,749.9621,751.2616,u,1.2938,,1,4,11,1,1,stimuliTAFCsec/numnym002.wav,,
,,,,,332677,001,2024-05-26_12h49.10.204,mathesisv2,2024.1.3,MacIntel,59.88023952,,,,,,,,,,,,,,,,,y,,,,,,,,,,,,,,,,,,,,,,,,,,,,,,,,,,,,,,,,,,,,,,,,,,,,,,,,,,,,,,,,,,,,,,,,,,751.262,752.295,u,1.0169,,1,5,12,4,1,stimuliTAFCsec/numnym005.wav,,
,,,,,332677,001,2024-05-26_12h49.10.204,mathesisv2,2024.1.3,MacIntel,59.88023952,,,,,,,,,,,,,,,,,u,,,,,,,,,,,,,,,,,,,,,,,,,,,,,,,,,,,,,,,,,,,,,,,,,,,,,,,,,,,,,,,,,,,,,,,,,,752.2955,755.1119,u,2.8001,,1,6,13,0,1,stimuliTAFCsec/numnym001.wav,,
,,,,,332677,001,2024-05-26_12h49.10.204,mathesisv2,2024.1.3,MacIntel,59.88023952,,,,,,,,,,,,,,,,,y,,,,,,,,,,,,,,,,,,,,,,,,,,755.112,757.1954,space,2.0657,,,,,,,,,,,,,,,,,,,,,,,,,,,,,,,,,,757.2091,762.2456,y,5.0322,,0,0,0,5,1,stimuliTAFCfirst/nimnym006.wav,,,,,,,,,,,,,
,,,,,332677,001,2024-05-26_12h49.10.204,mathesisv2,2024.1.3,MacIntel,59.88023952,,,,,,,,,,,,,,,,,y,,,,,,,,,,,,,,,,,,,,,,,,,,,,,,,,,,,,,,,,,,,,,,,,,,,,,,,,,,,,,,,762.2566,763.5288,y,1.2654,,0,1,1,4,1,stimuliTAFCfirst/nimnym005.wav,,,,,,,,,,,,,
,,,,,332677,001,2024-05-26_12h49.10.204,mathesisv2,2024.1.3,MacIntel,59.88023952,,,,,,,,,,,,,,,,,x,,,,,,,,,,,,,,,,,,,,,,,,,,,,,,,,,,,,,,,,,,,,,,,,,,,,,,,,,,,,,,,763.5293,765.0613,e,1.5159,,0,2,2,3,1,stimuliTAFCfirst/nimnym004.wav,,,,,,,,,,,,,
,,,,,332677,001,2024-05-26_12h49.10.204,mathesisv2,2024.1.3,MacIntel,59.88023952,,,,,,,,,,,,,,,,,e,,,,,,,,,,,,,,,,,,,,,,,,,,,,,,,,,,,,,,,,,,,,,,,,,,,,,,,,,,,,,,,765.062,766.9113,e,1.8437,,0,3,3,1,1,stimuliTAFCfirst/nimnym002.wav,,,,,,,,,,,,,
,,,,,332677,001,2024-05-26_12h49.10.204,mathesisv2,2024.1.3,MacIntel,59.88023952,,,,,,,,,,,,,,,,,e,,,,,,,,,,,,,,,,,,,,,,,,,,,,,,,,,,,,,,,,,,,,,,,,,,,,,,,,,,,,,,,766.912,768.3959,e,1.467,,0,4,4,2,1,stimuliTAFCfirst/nimnym003.wav,,,,,,,,,,,,,
,,,,,332677,001,2024-05-26_12h49.10.204,mathesisv2,2024.1.3,MacIntel,59.88023952,,,,,,,,,,,,,,,,,e,,,,,,,,,,,,,,,,,,,,,,,,,,,,,,,,,,,,,,,,,,,,,,,,,,,,,,,,,,,,,,,768.3964,769.6458,e,1.2422,,0,5,5,0,1,stimuliTAFCfirst/nimnym001.wav,,,,,,,,,,,,,
,,,,,332677,001,2024-05-26_12h49.10.204,mathesisv2,2024.1.3,MacIntel,59.88023952,,,,,,,,,,,,,,,,,y,,,,,,,,,,,,,,,,,,,,,,,,,,,,,,,,,,,,,,,,,,,,,,,,,,,,,,,,,,,,,,,769.6465,770.7951,y,1.1422,,0,6,6,6,1,stimuliTAFCfirst/nimnym007.wav,,,,,,,,,,,,,
,,,,,332677,001,2024-05-26_12h49.10.204,mathesisv2,2024.1.3,MacIntel,59.88023952,,,,,,,,,,,,,,,,,y,,,,,,,,,,,,,,,,,,,,,,,,,,,,,,,,,,,,,,,,,,,,,,,,,,,,,,,,,,,,,,,770.7955,771.8294,y,1.0285,,1,0,7,6,1,stimuliTAFCfirst/nimnym007.wav,,,,,,,,,,,,,
,,,,,332677,001,2024-05-26_12h49.10.204,mathesisv2,2024.1.3,MacIntel,59.88023952,,,,,,,,,,,,,,,,,e,,,,,,,,,,,,,,,,,,,,,,,,,,,,,,,,,,,,,,,,,,,,,,,,,,,,,,,,,,,,,,,771.8298,773.2955,e,1.4508,,1,1,8,2,1,stimuliTAFCfirst/nimnym003.wav,,,,,,,,,,,,,
,,,,,332677,001,2024-05-26_12h49.10.204,mathesisv2,2024.1.3,MacIntel,59.88023952,,,,,,,,,,,,,,,,,y,,,,,,,,,,,,,,,,,,,,,,,,,,,,,,,,,,,,,,,,,,,,,,,,,,,,,,,,,,,,,,,773.2961,774.5626,y,1.2604,,1,2,9,5,1,stimuliTAFCfirst/nimnym006.wav,,,,,,,,,,,,,
,,,,,332677,001,2024-05-26_12h49.10.204,mathesisv2,2024.1.3,MacIntel,59.88023952,,,,,,,,,,,,,,,,,e,,,,,,,,,,,,,,,,,,,,,,,,,,,,,,,,,,,,,,,,,,,,,,,,,,,,,,,,,,,,,,,774.5632,777.046,e,2.4656,,1,3,10,1,1,stimuliTAFCfirst/nimnym002.wav,,,,,,,,,,,,,
,,,,,332677,001,2024-05-26_12h49.10.204,mathesisv2,2024.1.3,MacIntel,59.88023952,,,,,,,,,,,,,,,,,x,,,,,,,,,,,,,,,,,,,,,,,,,,,,,,,,,,,,,,,,,,,,,,,,,,,,,,,,,,,,,,,777.0465,778.1462,y,1.0937,,1,4,11,3,1,stimuliTAFCfirst/nimnym004.wav,,,,,,,,,,,,,
,,,,,332677,001,2024-05-26_12h49.10.204,mathesisv2,2024.1.3,MacIntel,59.88023952,,,,,,,,,,,,,,,,,e,,,,,,,,,,,,,,,,,,,,,,,,,,,,,,,,,,,,,,,,,,,,,,,,,,,,,,,,,,,,,,,778.1467,779.3787,e,1.2266,,1,5,12,0,1,stimuliTAFCfirst/nimnym001.wav,,,,,,,,,,,,,
,,,,,332677,001,2024-05-26_12h49.10.204,mathesisv2,2024.1.3,MacIntel,59.88023952,,,,,,,,,,,,,,,,,y,,,,,,,,,,,,,,,,,,,,,,,,,,,,,,,,,,,,,,,,,,,,,,,,,,,,,,,,,,,,,,,779.3794,780.5796,y,1.1945,,1,6,13,4,1,stimuliTAFCfirst/nimnym005.wav,,,,,,,,,,,,,
,,,,,332677,001,2024-05-26_12h49.10.204,mathesisv2,2024.1.3,MacIntel,59.88023952,,,,,,,,,,,,,,,,,u,780.5799,783.4291,space,2.8361,,,,,,,,,,,,,,,,,,,,,,,,,,,,,,,,,,,,,,,,,,,,,,,,,,,,,,,,,,,,,,,,,,,,,,783.4411,786.9467,u,3.4988,,0,0,0,0,1,stimuliTAFCsec/numnym001.wav,,
,,,,,332677,001,2024-05-26_12h49.10.204,mathesisv2,2024.1.3,MacIntel,59.88023952,,,,,,,,,,,,,,,,,x,,,,,,,,,,,,,,,,,,,,,,,,,,,,,,,,,,,,,,,,,,,,,,,,,,,,,,,,,,,,,,,,,,,,,,,,,,786.9556,789.5801,u,2.6061,,0,1,1,3,1,stimuliTAFCsec/numnym004.wav,,
,,,,,332677,001,2024-05-26_12h49.10.204,mathesisv2,2024.1.3,MacIntel,59.88023952,,,,,,,,,,,,,,,,,u,,,,,,,,,,,,,,,,,,,,,,,,,,,,,,,,,,,,,,,,,,,,,,,,,,,,,,,,,,,,,,,,,,,,,,,,,,789.5806,791.4964,u,1.8999,,0,2,2,2,1,stimuliTAFCsec/numnym003.wav,,
,,,,,332677,001,2024-05-26_12h49.10.204,mathesisv2,2024.1.3,MacIntel,59.88023952,,,,,,,,,,,,,,,,,y,,,,,,,,,,,,,,,,,,,,,,,,,,,,,,,,,,,,,,,,,,,,,,,,,,,,,,,,,,,,,,,,,,,,,,,,,,791.497,792.7798,y,1.2664,,0,3,3,4,1,stimuliTAFCsec/numnym005.wav,,
,,,,,332677,001,2024-05-26_12h49.10.204,mathesisv2,2024.1.3,MacIntel,59.88023952,,,,,,,,,,,,,,,,,y,,,,,,,,,,,,,,,,,,,,,,,,,,,,,,,,,,,,,,,,,,,,,,,,,,,,,,,,,,,,,,,,,,,,,,,,,,792.78,793.8127,y,1.0187,,0,4,4,6,1,stimuliTAFCsec/numnym007.wav,,
,,,,,332677,001,2024-05-26_12h49.10.204,mathesisv2,2024.1.3,MacIntel,59.88023952,,,,,,,,,,,,,,,,,u,,,,,,,,,,,,,,,,,,,,,,,,,,,,,,,,,,,,,,,,,,,,,,,,,,,,,,,,,,,,,,,,,,,,,,,,,,793.8134,794.9128,u,1.0838,,0,5,5,1,1,stimuliTAFCsec/numnym002.wav,,
,,,,,332677,001,2024-05-26_12h49.10.204,mathesisv2,2024.1.3,MacIntel,59.88023952,,,,,,,,,,,,,,,,,y,,,,,,,,,,,,,,,,,,,,,,,,,,,,,,,,,,,,,,,,,,,,,,,,,,,,,,,,,,,,,,,,,,,,,,,,,,794.9133,795.9971,y,1.0672,,0,6,6,5,1,stimuliTAFCsec/numnym006.wav,,
,,,,,332677,001,2024-05-26_12h49.10.204,mathesisv2,2024.1.3,MacIntel,59.88023952,,,,,,,,,,,,,,,,,y,,,,,,,,,,,,,,,,,,,,,,,,,,,,,,,,,,,,,,,,,,,,,,,,,,,,,,,,,,,,,,,,,,,,,,,,,,795.9978,796.9639,y,0.9507,,1,0,7,6,1,stimuliTAFCsec/numnym007.wav,,
,,,,,332677,001,2024-05-26_12h49.10.204,mathesisv2,2024.1.3,MacIntel,59.88023952,,,,,,,,,,,,,,,,,u,,,,,,,,,,,,,,,,,,,,,,,,,,,,,,,,,,,,,,,,,,,,,,,,,,,,,,,,,,,,,,,,,,,,,,,,,,796.9645,798.0806,u,1.1101,,1,1,8,1,1,stimuliTAFCsec/numnym002.wav,,
,,,,,332677,001,2024-05-26_12h49.10.204,mathesisv2,2024.1.3,MacIntel,59.88023952,,,,,,,,,,,,,,,,,u,,,,,,,,,,,,,,,,,,,,,,,,,,,,,,,,,,,,,,,,,,,,,,,,,,,,,,,,,,,,,,,,,,,,,,,,,,798.0811,799.2473,u,1.1503,,1,2,9,2,1,stimuliTAFCsec/numnym003.wav,,
,,,,,332677,001,2024-05-26_12h49.10.204,mathesisv2,2024.1.3,MacIntel,59.88023952,,,,,,,,,,,,,,,,,y,,,,,,,,,,,,,,,,,,,,,,,,,,,,,,,,,,,,,,,,,,,,,,,,,,,,,,,,,,,,,,,,,,,,,,,,,,799.248,800.2975,y,1.0363,,1,3,10,5,1,stimuliTAFCsec/numnym006.wav,,
,,,,,332677,001,2024-05-26_12h49.10.204,mathesisv2,2024.1.3,MacIntel,59.88023952,,,,,,,,,,,,,,,,,x,,,,,,,,,,,,,,,,,,,,,,,,,,,,,,,,,,,,,,,,,,,,,,,,,,,,,,,,,,,,,,,,,,,,,,,,,,800.2982,801.9138,u,1.6081,,1,4,11,3,1,stimuliTAFCsec/numnym004.wav,,
,,,,,332677,001,2024-05-26_12h49.10.204,mathesisv2,2024.1.3,MacIntel,59.88023952,,,,,,,,,,,,,,,,,u,,,,,,,,,,,,,,,,,,,,,,,,,,,,,,,,,,,,,,,,,,,,,,,,,,,,,,,,,,,,,,,,,,,,,,,,,,801.9141,803.2142,u,1.287,,1,5,12,0,1,stimuliTAFCsec/numnym001.wav,,
,,,,,332677,001,2024-05-26_12h49.10.204,mathesisv2,2024.1.3,MacIntel,59.88023952,,,,,,,,,,,,,,,,,y,,,,,,,,,,,,,,,,,,,,,,,,,,,,,,,,,,,,,,,,,,,,,,,,,,,,,,,,,,,,,,,,,,,,,,,,,,803.2149,805.1978,y,1.9692,,1,6,13,4,1,stimuliTAFCsec/numnym005.wav,,
,,,,,332677,001,2024-05-26_12h49.10.204,mathesisv2,2024.1.3,MacIntel,59.88023952,,,,,,,,,,,,,,,,,,,,,,,,,,,,,,,,,,,,,,,,,,,805.1981,813.9315,space,8.7161,,,,,,,,,,,,,,,,,,,,,,,,,,,,,,,,,,,,,,,,,,,,,,,,,,,,,,,,813.9431,818.932
