﻿start.started,start.stopped,startkey_resp.keys,startkey_resp.rt,startkey_resp.duration,participant,session,date,expName,psychopyVersion,OS,frameRate,attention.started,attention.stopped,key_resp.keys,key_resp.rt,key_resp.duration,stimuliAXBmix.started,stimuliAXBmix.stopped,stimuliAXBkey_resp.keys,stimuliAXBkey_resp.rt,stimuliAXBkey_resp.duration,stimuliAXBtesttrials.thisRepN,stimuliAXBtesttrials.thisTrialN,stimuliAXBtesttrials.thisN,stimuliAXBtesttrials.thisIndex,stimuliAXBtesttrials.ran,stimuliAXBmix,Correct,attentionsecond.started,attentionsecond.stopped,attentionsecondkey_resp.keys,attentionsecondkey_resp.rt,attentionsecondkey_resp.duration,instAXBreal.started,instAXBreal.stopped,instAXBrealkey_resp.keys,instAXBrealkey_resp.rt,instAXBrealkey_resp.duration,stimuliAXBmixfirst.thisRepN,stimuliAXBmixfirst.thisTrialN,stimuliAXBmixfirst.thisN,stimuliAXBmixfirst.thisIndex,stimuliAXBmixfirst.ran,attentionfirst.started,attentionfirst.stopped,attentionfirstkey_resp.keys,attentionfirstkey_resp.rt,attentionfirstkey_resp.duration,stimuliAXbmixsec.thisRepN,stimuliAXbmixsec.thisTrialN,stimuliAXbmixsec.thisN,stimuliAXbmixsec.thisIndex,stimuliAXbmixsec.ran,kaffeepause.started,kaffeepause.stopped,kaffeepausekey_resp.keys,kaffeepausekey_resp.rt,kaffeepausekey_resp.duration,instTAFCtest.started,instTAFCtest.stopped,instTAFCtestkey_resp.keys,instTAFCtestkey_resp.rt,instTAFCtestkey_resp.duration,testTAFCmixfirst.started,testTAFCmixfirst.stopped,testTAFCmixfirstkey_resp.keys,testTAFCmixfirstkey_resp.rt,testTAFCmixfirstkey_resp.duration,testTAFCmixfirsttrials.thisRepN,testTAFCmixfirsttrials.thisTrialN,testTAFCmixfirsttrials.thisN,testTAFCmixfirsttrials.thisIndex,testTAFCmixfirsttrials.ran,testTAFCmixfirst,testTAFCmixsec.started,testTAFCmixsec.stopped,testTAFCmixseckey_resp.keys,testTAFCmixseckey_resp.rt,testTAFCmixseckey_resp.duration,testTAFCmixsectrials.thisRepN,testTAFCmixsectrials.thisTrialN,testTAFCmixsectrials.thisN,testTAFCmixsectrials.thisIndex,testTAFCmixsectrials.ran,testTAFCmixsec,instTAFCreal.started,instTAFCreal.stopped,instTAFCrealkey_resp.keys,instTAFCrealkey_resp.rt,instTAFCrealkey_resp.duration,stimuliTAFCfirst.started,stimuliTAFCfirst.stopped,stimuliTAFCfirstkey_resp.keys,stimuliTAFCfirstkey_resp.rt,stimuliTAFCfirstkey_resp.duration,stimuliTAFCfirsttrials.thisRepN,stimuliTAFCfirsttrials.thisTrialN,stimuliTAFCfirsttrials.thisN,stimuliTAFCfirsttrials.thisIndex,stimuliTAFCfirsttrials.ran,stimuliTAFCfirst,stimuliTAFCsec.started,stimuliTAFCsec.stopped,stimuliTAFCseckey_resp.keys,stimuliTAFCseckey_resp.rt,stimuliTAFCseckey_resp.duration,stimuliTAFCsectrials.thisRepN,stimuliTAFCsectrials.thisTrialN,stimuliTAFCsectrials.thisN,stimuliTAFCsectrials.thisIndex,stimuliTAFCsectrials.ran,stimuliTAFCsec,end.started,end.stopped
0.0004,4.5379,space,4.4809,,36,001,2024-05-28_15h53.09.309,mathesisv2,2024.1.3,MacIntel,58.47953216,,,,,,,,,,,,,,,,,,,,,,,,,,,,,,,,,,,,,,,,,,,,,,,,,,,,,,,,,,,,,,,,,,,,,,,,,,,,,,,,,,,,,,,,,,,,,,,,,,,,,,,
,,,,,36,001,2024-05-28_15h53.09.309,mathesisv2,2024.1.3,MacIntel,58.47953216,4.5384,12.287,space,7.7132,,,,,,,,,,,,,,,,,,,,,,,,,,,,,,,,,,,,,,,,,,,,,,,,,,,,,,,,,,,,,,,,,,,,,,,,,,,,,,,,,,,,,,,,,,,,,,,,,,,
,,,,,36,001,2024-05-28_15h53.09.309,mathesisv2,2024.1.3,MacIntel,58.47953216,,,,,,12.3082,16.6036,f,4.279,,0,0,0,2,1,stimuliAXBmix/yuustimulus.wav,f,,,,,,,,,,,,,,,,,,,,,,,,,,,,,,,,,,,,,,,,,,,,,,,,,,,,,,,,,,,,,,,,,,,,,,,,,,,,,,,,,,,,,,
,,,,,36,001,2024-05-28_15h53.09.309,mathesisv2,2024.1.3,MacIntel,58.47953216,,,,,,16.6041,22.4032,l,5.7856,,0,1,1,0,1,stimuliAXBmix/iiystimulus.wav,l,,,,,,,,,,,,,,,,,,,,,,,,,,,,,,,,,,,,,,,,,,,,,,,,,,,,,,,,,,,,,,,,,,,,,,,,,,,,,,,,,,,,,,
,,,,,36,001,2024-05-28_15h53.09.309,mathesisv2,2024.1.3,MacIntel,58.47953216,,,,,,22.4035,29.0867,f,6.6683,,0,2,2,1,1,stimuliAXBmix/iyystimulus.wav,f,,,,,,,,,,,,,,,,,,,,,,,,,,,,,,,,,,,,,,,,,,,,,,,,,,,,,,,,,,,,,,,,,,,,,,,,,,,,,,,,,,,,,,
,,,,,36,001,2024-05-28_15h53.09.309,mathesisv2,2024.1.3,MacIntel,58.47953216,,,,,,29.0872,33.5364,l,4.4334,,0,3,3,3,1,stimuliAXBmix/yyustimulus.wav,l,,,,,,,,,,,,,,,,,,,,,,,,,,,,,,,,,,,,,,,,,,,,,,,,,,,,,,,,,,,,,,,,,,,,,,,,,,,,,,,,,,,,,,
,,,,,36,001,2024-05-28_15h53.09.309,mathesisv2,2024.1.3,MacIntel,58.47953216,,,,,,,,,,,,,,,,,,33.5367,35.7869,space,2.2317,,,,,,,,,,,,,,,,,,,,,,,,,,,,,,,,,,,,,,,,,,,,,,,,,,,,,,,,,,,,,,,,,,,,,,,,,,,,,,,,,,
,,,,,36,001,2024-05-28_15h53.09.309,mathesisv2,2024.1.3,MacIntel,58.47953216,,,,,,,,,,,,,,,,,,,,,,,35.7871,40.4536,space,4.6484,,,,,,,,,,,,,,,,,,,,,,,,,,,,,,,,,,,,,,,,,,,,,,,,,,,,,,,,,,,,,,,,,,,,,,,,,,,,,
,,,,,36,001,2024-05-28_15h53.09.309,mathesisv2,2024.1.3,MacIntel,58.47953216,,,,,,40.4681,43.6867,l,3.2014,,,,,,,stimuliAXBmix/iiystimulus.wav,l,,,,,,,,,,,0,0,0,0,1,,,,,,,,,,,,,,,,,,,,,,,,,,,,,,,,,,,,,,,,,,,,,,,,,,,,,,,,,,,,,,,,,,,,,,,
,,,,,36,001,2024-05-28_15h53.09.309,mathesisv2,2024.1.3,MacIntel,58.47953216,,,,,,43.6872,48.653,f,4.9512,,,,,,,stimuliAXBmix/yuustimulus.wav,f,,,,,,,,,,,0,1,1,2,1,,,,,,,,,,,,,,,,,,,,,,,,,,,,,,,,,,,,,,,,,,,,,,,,,,,,,,,,,,,,,,,,,,,,,,,
,,,,,36,001,2024-05-28_15h53.09.309,mathesisv2,2024.1.3,MacIntel,58.47953216,,,,,,48.6533,54.92,f,6.2532,,,,,,,stimuliAXBmix/iyystimulus.wav,f,,,,,,,,,,,0,2,2,1,1,,,,,,,,,,,,,,,,,,,,,,,,,,,,,,,,,,,,,,,,,,,,,,,,,,,,,,,,,,,,,,,,,,,,,,,
,,,,,36,001,2024-05-28_15h53.09.309,mathesisv2,2024.1.3,MacIntel,58.47953216,,,,,,54.9203,58.9032,f,3.9672,,,,,,,stimuliAXBmix/yyustimulus.wav,l,,,,,,,,,,,0,3,3,3,1,,,,,,,,,,,,,,,,,,,,,,,,,,,,,,,,,,,,,,,,,,,,,,,,,,,,,,,,,,,,,,,,,,,,,,,
,,,,,36,001,2024-05-28_15h53.09.309,mathesisv2,2024.1.3,MacIntel,58.47953216,,,,,,58.9037,64.1194,l,5.2007,,,,,,,stimuliAXBmix/iiystimulus.wav,l,,,,,,,,,,,1,0,4,0,1,,,,,,,,,,,,,,,,,,,,,,,,,,,,,,,,,,,,,,,,,,,,,,,,,,,,,,,,,,,,,,,,,,,,,,,
,,,,,36,001,2024-05-28_15h53.09.309,mathesisv2,2024.1.3,MacIntel,58.47953216,,,,,,64.1332,67.053,f,2.9029,,,,,,,stimuliAXBmix/iyystimulus.wav,f,,,,,,,,,,,1,1,5,1,1,,,,,,,,,,,,,,,,,,,,,,,,,,,,,,,,,,,,,,,,,,,,,,,,,,,,,,,,,,,,,,,,,,,,,,,
,,,,,36,001,2024-05-28_15h53.09.309,mathesisv2,2024.1.3,MacIntel,58.47953216,,,,,,67.0533,71.8382,f,4.77,,,,,,,stimuliAXBmix/yuustimulus.wav,f,,,,,,,,,,,1,2,6,2,1,,,,,,,,,,,,,,,,,,,,,,,,,,,,,,,,,,,,,,,,,,,,,,,,,,,,,,,,,,,,,,,,,,,,,,,
,,,,,36,001,2024-05-28_15h53.09.309,mathesisv2,2024.1.3,MacIntel,58.47953216,,,,,,71.8504,78.0358,l,6.1733,,,,,,,stimuliAXBmix/yyustimulus.wav,l,,,,,,,,,,,1,3,7,3,1,,,,,,,,,,,,,,,,,,,,,,,,,,,,,,,,,,,,,,,,,,,,,,,,,,,,,,,,,,,,,,,,,,,,,,,
,,,,,36,001,2024-05-28_15h53.09.309,mathesisv2,2024.1.3,MacIntel,58.47953216,,,,,,78.0504,81.6025,f,3.5385,,,,,,,stimuliAXBmix/iyystimulus.wav,f,,,,,,,,,,,2,0,8,1,1,,,,,,,,,,,,,,,,,,,,,,,,,,,,,,,,,,,,,,,,,,,,,,,,,,,,,,,,,,,,,,,,,,,,,,,
,,,,,36,001,2024-05-28_15h53.09.309,mathesisv2,2024.1.3,MacIntel,58.47953216,,,,,,81.616,85.7365,l,4.1106,,,,,,,stimuliAXBmix/iiystimulus.wav,l,,,,,,,,,,,2,1,9,0,1,,,,,,,,,,,,,,,,,,,,,,,,,,,,,,,,,,,,,,,,,,,,,,,,,,,,,,,,,,,,,,,,,,,,,,,
,,,,,36,001,2024-05-28_15h53.09.309,mathesisv2,2024.1.3,MacIntel,58.47953216,,,,,,85.7491,89.4361,f,3.6715,,,,,,,stimuliAXBmix/yuustimulus.wav,f,,,,,,,,,,,2,2,10,2,1,,,,,,,,,,,,,,,,,,,,,,,,,,,,,,,,,,,,,,,,,,,,,,,,,,,,,,,,,,,,,,,,,,,,,,,
,,,,,36,001,2024-05-28_15h53.09.309,mathesisv2,2024.1.3,MacIntel,58.47953216,,,,,,89.4504,92.7361,l,3.2666,,,,,,,stimuliAXBmix/yyustimulus.wav,l,,,,,,,,,,,2,3,11,3,1,,,,,,,,,,,,,,,,,,,,,,,,,,,,,,,,,,,,,,,,,,,,,,,,,,,,,,,,,,,,,,,,,,,,,,,
,,,,,36,001,2024-05-28_15h53.09.309,mathesisv2,2024.1.3,MacIntel,58.47953216,,,,,,96.3853,100.9191,f,4.5183,,,,,,,stimuliAXBmix/yuustimulus.wav,f,,,,,,,,,,,,,,,,92.7369,96.3697,return,3.6138,,0,0,0,2,1,,,,,,,,,,,,,,,,,,,,,,,,,,,,,,,,,,,,,,,,,,,,,,,,,,,,,,,,,,,,,
,,,,,36,001,2024-05-28_15h53.09.309,mathesisv2,2024.1.3,MacIntel,58.47953216,,,,,,100.935,104.9354,l,3.986,,,,,,,stimuliAXBmix/iiystimulus.wav,l,,,,,,,,,,,,,,,,,,,,,0,1,1,0,1,,,,,,,,,,,,,,,,,,,,,,,,,,,,,,,,,,,,,,,,,,,,,,,,,,,,,,,,,,,,,
,,,,,36,001,2024-05-28_15h53.09.309,mathesisv2,2024.1.3,MacIntel,58.47953216,,,,,,104.9491,108.5883,l,3.631,,,,,,,stimuliAXBmix/yyustimulus.wav,l,,,,,,,,,,,,,,,,,,,,,0,2,2,3,1,,,,,,,,,,,,,,,,,,,,,,,,,,,,,,,,,,,,,,,,,,,,,,,,,,,,,,,,,,,,,
,,,,,36,001,2024-05-28_15h53.09.309,mathesisv2,2024.1.3,MacIntel,58.47953216,,,,,,108.6023,112.2696,f,3.6579,,,,,,,stimuliAXBmix/iyystimulus.wav,f,,,,,,,,,,,,,,,,,,,,,0,3,3,1,1,,,,,,,,,,,,,,,,,,,,,,,,,,,,,,,,,,,,,,,,,,,,,,,,,,,,,,,,,,,,,
,,,,,36,001,2024-05-28_15h53.09.309,mathesisv2,2024.1.3,MacIntel,58.47953216,,,,,,112.2813,116.1348,l,3.8453,,,,,,,stimuliAXBmix/iiystimulus.wav,l,,,,,,,,,,,,,,,,,,,,,1,0,4,0,1,,,,,,,,,,,,,,,,,,,,,,,,,,,,,,,,,,,,,,,,,,,,,,,,,,,,,,,,,,,,,
,,,,,36,001,2024-05-28_15h53.09.309,mathesisv2,2024.1.3,MacIntel,58.47953216,,,,,,116.1457,119.9857,l,3.8232,,,,,,,stimuliAXBmix/yyustimulus.wav,l,,,,,,,,,,,,,,,,,,,,,1,1,5,3,1,,,,,,,,,,,,,,,,,,,,,,,,,,,,,,,,,,,,,,,,,,,,,,,,,,,,,,,,,,,,,
,,,,,36,001,2024-05-28_15h53.09.309,mathesisv2,2024.1.3,MacIntel,58.47953216,,,,,,119.9961,125.2202,f,5.2159,,,,,,,stimuliAXBmix/iyystimulus.wav,f,,,,,,,,,,,,,,,,,,,,,1,2,6,1,1,,,,,,,,,,,,,,,,,,,,,,,,,,,,,,,,,,,,,,,,,,,,,,,,,,,,,,,,,,,,,
,,,,,36,001,2024-05-28_15h53.09.309,mathesisv2,2024.1.3,MacIntel,58.47953216,,,,,,125.2318,129.0853,f,3.8424,,,,,,,stimuliAXBmix/yuustimulus.wav,f,,,,,,,,,,,,,,,,,,,,,1,3,7,2,1,,,,,,,,,,,,,,,,,,,,,,,,,,,,,,,,,,,,,,,,,,,,,,,,,,,,,,,,,,,,,
,,,,,36,001,2024-05-28_15h53.09.309,mathesisv2,2024.1.3,MacIntel,58.47953216,,,,,,131.4522,135.4184,l,3.9487,,,,,,,stimuliAXBmix/iiystimulus.wav,l,,,,,,,,,,,0,0,0,0,1,,,,,,,,,,,129.0861,131.4367,space,2.3344,,,,,,,,,,,,,,,,,,,,,,,,,,,,,,,,,,,,,,,,,,,,,,,,,,,,,,,,,
,,,,,36,001,2024-05-28_15h53.09.309,mathesisv2,2024.1.3,MacIntel,58.47953216,,,,,,135.4297,139.2522,f,3.8073,,,,,,,stimuliAXBmix/iyystimulus.wav,f,,,,,,,,,,,0,1,1,1,1,,,,,,,,,,,,,,,,,,,,,,,,,,,,,,,,,,,,,,,,,,,,,,,,,,,,,,,,,,,,,,,,,,,,,,,
,,,,,36,001,2024-05-28_15h53.09.309,mathesisv2,2024.1.3,MacIntel,58.47953216,,,,,,139.2526,142.7352,f,3.463,,,,,,,stimuliAXBmix/yuustimulus.wav,f,,,,,,,,,,,0,2,2,2,1,,,,,,,,,,,,,,,,,,,,,,,,,,,,,,,,,,,,,,,,,,,,,,,,,,,,,,,,,,,,,,,,,,,,,,,
,,,,,36,001,2024-05-28_15h53.09.309,mathesisv2,2024.1.3,MacIntel,58.47953216,,,,,,142.7464,146.4684,l,3.7056,,,,,,,stimuliAXBmix/yyustimulus.wav,l,,,,,,,,,,,0,3,3,3,1,,,,,,,,,,,,,,,,,,,,,,,,,,,,,,,,,,,,,,,,,,,,,,,,,,,,,,,,,,,,,,,,,,,,,,,
,,,,,36,001,2024-05-28_15h53.09.309,mathesisv2,2024.1.3,MacIntel,58.47953216,,,,,,146.4786,150.2689,f,3.7804,,,,,,,stimuliAXBmix/iyystimulus.wav,f,,,,,,,,,,,1,0,4,1,1,,,,,,,,,,,,,,,,,,,,,,,,,,,,,,,,,,,,,,,,,,,,,,,,,,,,,,,,,,,,,,,,,,,,,,,
,,,,,36,001,2024-05-28_15h53.09.309,mathesisv2,2024.1.3,MacIntel,58.47953216,,,,,,150.2832,154.0691,l,3.7677,,,,,,,stimuliAXBmix/yyustimulus.wav,l,,,,,,,,,,,1,1,5,3,1,,,,,,,,,,,,,,,,,,,,,,,,,,,,,,,,,,,,,,,,,,,,,,,,,,,,,,,,,,,,,,,,,,,,,,,
,,,,,36,001,2024-05-28_15h53.09.309,mathesisv2,2024.1.3,MacIntel,58.47953216,,,,,,154.0833,157.8018,f,3.6963,,,,,,,stimuliAXBmix/yuustimulus.wav,f,,,,,,,,,,,1,2,6,2,1,,,,,,,,,,,,,,,,,,,,,,,,,,,,,,,,,,,,,,,,,,,,,,,,,,,,,,,,,,,,,,,,,,,,,,,
,,,,,36,001,2024-05-28_15h53.09.309,mathesisv2,2024.1.3,MacIntel,58.47953216,,,,,,157.813,161.5352,l,3.7115,,,,,,,stimuliAXBmix/iiystimulus.wav,l,,,,,,,,,,,1,3,7,0,1,,,,,,,,,,,,,,,,,,,,,,,,,,,,,,,,,,,,,,,,,,,,,,,,,,,,,,,,,,,,,,,,,,,,,,,
,,,,,36,001,2024-05-28_15h53.09.309,mathesisv2,2024.1.3,MacIntel,58.47953216,,,,,,161.5496,165.3678,l,3.8085,,,,,,,stimuliAXBmix/yyustimulus.wav,l,,,,,,,,,,,2,0,8,3,1,,,,,,,,,,,,,,,,,,,,,,,,,,,,,,,,,,,,,,,,,,,,,,,,,,,,,,,,,,,,,,,,,,,,,,,
,,,,,36,001,2024-05-28_15h53.09.309,mathesisv2,2024.1.3,MacIntel,58.47953216,,,,,,165.3681,169.1194,l,3.7347,,,,,,,stimuliAXBmix/iiystimulus.wav,l,,,,,,,,,,,2,1,9,0,1,,,,,,,,,,,,,,,,,,,,,,,,,,,,,,,,,,,,,,,,,,,,,,,,,,,,,,,,,,,,,,,,,,,,,,,
,,,,,36,001,2024-05-28_15h53.09.309,mathesisv2,2024.1.3,MacIntel,58.47953216,,,,,,169.1365,172.6847,f,3.5334,,,,,,,stimuliAXBmix/yuustimulus.wav,f,,,,,,,,,,,2,2,10,2,1,,,,,,,,,,,,,,,,,,,,,,,,,,,,,,,,,,,,,,,,,,,,,,,,,,,,,,,,,,,,,,,,,,,,,,,
,,,,,36,001,2024-05-28_15h53.09.309,mathesisv2,2024.1.3,MacIntel,58.47953216,,,,,,172.6992,176.2018,f,3.4928,,,,,,,stimuliAXBmix/iyystimulus.wav,f,,,,,,,,,,,2,3,11,1,1,,,,,,,,,,,,,,,,,,,,,,,,,,,,,,,,,,,,,,,,,,,,,,,,,,,,,,,,,,,,,,,,,,,,,,,
,,,,,36,001,2024-05-28_15h53.09.309,mathesisv2,2024.1.3,MacIntel,58.47953216,,,,,,178.8471,182.5683,l,3.7104,,,,,,,stimuliAXBmix/iiystimulus.wav,l,,,,,,,,,,,,,,,,176.2019,178.8196,return,2.6019,,0,0,0,0,1,,,,,,,,,,,,,,,,,,,,,,,,,,,,,,,,,,,,,,,,,,,,,,,,,,,,,,,,,,,,,
,,,,,36,001,2024-05-28_15h53.09.309,mathesisv2,2024.1.3,MacIntel,58.47953216,,,,,,182.5821,188.0178,f,5.4202,,,,,,,stimuliAXBmix/iyystimulus.wav,f,,,,,,,,,,,,,,,,,,,,,0,1,1,1,1,,,,,,,,,,,,,,,,,,,,,,,,,,,,,,,,,,,,,,,,,,,,,,,,,,,,,,,,,,,,,
,,,,,36,001,2024-05-28_15h53.09.309,mathesisv2,2024.1.3,MacIntel,58.47953216,,,,,,188.0334,191.8343,f,3.7744,,,,,,,stimuliAXBmix/yuustimulus.wav,f,,,,,,,,,,,,,,,,,,,,,0,2,2,2,1,,,,,,,,,,,,,,,,,,,,,,,,,,,,,,,,,,,,,,,,,,,,,,,,,,,,,,,,,,,,,
,,,,,36,001,2024-05-28_15h53.09.309,mathesisv2,2024.1.3,MacIntel,58.47953216,,,,,,191.8477,195.7511,l,3.8942,,,,,,,stimuliAXBmix/yyustimulus.wav,l,,,,,,,,,,,,,,,,,,,,,0,3,3,3,1,,,,,,,,,,,,,,,,,,,,,,,,,,,,,,,,,,,,,,,,,,,,,,,,,,,,,,,,,,,,,
,,,,,36,001,2024-05-28_15h53.09.309,mathesisv2,2024.1.3,MacIntel,58.47953216,,,,,,195.7617,199.3849,f,3.614,,,,,,,stimuliAXBmix/yuustimulus.wav,f,,,,,,,,,,,,,,,,,,,,,1,0,4,2,1,,,,,,,,,,,,,,,,,,,,,,,,,,,,,,,,,,,,,,,,,,,,,,,,,,,,,,,,,,,,,
,,,,,36,001,2024-05-28_15h53.09.309,mathesisv2,2024.1.3,MacIntel,58.47953216,,,,,,199.3852,203.2017,l,3.809,,,,,,,stimuliAXBmix/iiystimulus.wav,l,,,,,,,,,,,,,,,,,,,,,1,1,5,0,1,,,,,,,,,,,,,,,,,,,,,,,,,,,,,,,,,,,,,,,,,,,,,,,,,,,,,,,,,,,,,
,,,,,36,001,2024-05-28_15h53.09.309,mathesisv2,2024.1.3,MacIntel,58.47953216,,,,,,203.2124,207.5011,l,4.2754,,,,,,,stimuliAXBmix/yyustimulus.wav,l,,,,,,,,,,,,,,,,,,,,,1,2,6,3,1,,,,,,,,,,,,,,,,,,,,,,,,,,,,,,,,,,,,,,,,,,,,,,,,,,,,,,,,,,,,,
,,,,,36,001,2024-05-28_15h53.09.309,mathesisv2,2024.1.3,MacIntel,58.47953216,,,,,,207.5131,211.5007,f,3.9762,,,,,,,stimuliAXBmix/iyystimulus.wav,f,,,,,,,,,,,,,,,,,,,,,1,3,7,1,1,,,,,,,,,,,,,,,,,,,,,,,,,,,,,,,,,,,,,,,,,,,,,,,,,,,,,,,,,,,,,
,,,,,36,001,2024-05-28_15h53.09.309,mathesisv2,2024.1.3,MacIntel,58.47953216,,,,,,213.4696,217.1838,l,3.7009,,,,,,,stimuliAXBmix/iiystimulus.wav,l,,,,,,,,,,,0,0,0,0,1,,,,,,,,,,,211.5008,213.4511,space,1.9338,,,,,,,,,,,,,,,,,,,,,,,,,,,,,,,,,,,,,,,,,,,,,,,,,,,,,,,,,
,,,,,36,001,2024-05-28_15h53.09.309,mathesisv2,2024.1.3,MacIntel,58.47953216,,,,,,217.1842,220.8342,f,3.6355,,,,,,,stimuliAXBmix/iyystimulus.wav,f,,,,,,,,,,,0,1,1,1,1,,,,,,,,,,,,,,,,,,,,,,,,,,,,,,,,,,,,,,,,,,,,,,,,,,,,,,,,,,,,,,,,,,,,,,,
,,,,,36,001,2024-05-28_15h53.09.309,mathesisv2,2024.1.3,MacIntel,58.47953216,,,,,,220.8506,224.5008,l,3.635,,,,,,,stimuliAXBmix/yyustimulus.wav,l,,,,,,,,,,,0,2,2,3,1,,,,,,,,,,,,,,,,,,,,,,,,,,,,,,,,,,,,,,,,,,,,,,,,,,,,,,,,,,,,,,,,,,,,,,,
,,,,,36,001,2024-05-28_15h53.09.309,mathesisv2,2024.1.3,MacIntel,58.47953216,,,,,,224.5164,227.9837,f,3.4518,,,,,,,stimuliAXBmix/yuustimulus.wav,f,,,,,,,,,,,0,3,3,2,1,,,,,,,,,,,,,,,,,,,,,,,,,,,,,,,,,,,,,,,,,,,,,,,,,,,,,,,,,,,,,,,,,,,,,,,
,,,,,36,001,2024-05-28_15h53.09.309,mathesisv2,2024.1.3,MacIntel,58.47953216,,,,,,227.9949,232.4166,l,4.4112,,,,,,,stimuliAXBmix/iiystimulus.wav,l,,,,,,,,,,,1,0,4,0,1,,,,,,,,,,,,,,,,,,,,,,,,,,,,,,,,,,,,,,,,,,,,,,,,,,,,,,,,,,,,,,,,,,,,,,,
,,,,,36,001,2024-05-28_15h53.09.309,mathesisv2,2024.1.3,MacIntel,58.47953216,,,,,,232.4317,236.0836,f,3.6419,,,,,,,stimuliAXBmix/iyystimulus.wav,f,,,,,,,,,,,1,1,5,1,1,,,,,,,,,,,,,,,,,,,,,,,,,,,,,,,,,,,,,,,,,,,,,,,,,,,,,,,,,,,,,,,,,,,,,,,
,,,,,36,001,2024-05-28_15h53.09.309,mathesisv2,2024.1.3,MacIntel,58.47953216,,,,,,236.0962,239.601,f,3.494,,,,,,,stimuliAXBmix/yuustimulus.wav,f,,,,,,,,,,,1,2,6,2,1,,,,,,,,,,,,,,,,,,,,,,,,,,,,,,,,,,,,,,,,,,,,,,,,,,,,,,,,,,,,,,,,,,,,,,,
,,,,,36,001,2024-05-28_15h53.09.309,mathesisv2,2024.1.3,MacIntel,58.47953216,,,,,,239.6013,243.1507,l,3.5343,,,,,,,stimuliAXBmix/yyustimulus.wav,l,,,,,,,,,,,1,3,7,3,1,,,,,,,,,,,,,,,,,,,,,,,,,,,,,,,,,,,,,,,,,,,,,,,,,,,,,,,,,,,,,,,,,,,,,,,
,,,,,36,001,2024-05-28_15h53.09.309,mathesisv2,2024.1.3,MacIntel,58.47953216,,,,,,243.1653,246.9002,l,3.7176,,,,,,,stimuliAXBmix/yyustimulus.wav,l,,,,,,,,,,,2,0,8,3,1,,,,,,,,,,,,,,,,,,,,,,,,,,,,,,,,,,,,,,,,,,,,,,,,,,,,,,,,,,,,,,,,,,,,,,,
,,,,,36,001,2024-05-28_15h53.09.309,mathesisv2,2024.1.3,MacIntel,58.47953216,,,,,,246.9158,250.5997,l,3.6664,,,,,,,stimuliAXBmix/iiystimulus.wav,l,,,,,,,,,,,2,1,9,0,1,,,,,,,,,,,,,,,,,,,,,,,,,,,,,,,,,,,,,,,,,,,,,,,,,,,,,,,,,,,,,,,,,,,,,,,
,,,,,36,001,2024-05-28_15h53.09.309,mathesisv2,2024.1.3,MacIntel,58.47953216,,,,,,250.6145,254.2666,f,3.6415,,,,,,,stimuliAXBmix/iyystimulus.wav,f,,,,,,,,,,,2,2,10,1,1,,,,,,,,,,,,,,,,,,,,,,,,,,,,,,,,,,,,,,,,,,,,,,,,,,,,,,,,,,,,,,,,,,,,,,,
,,,,,36,001,2024-05-28_15h53.09.309,mathesisv2,2024.1.3,MacIntel,58.47953216,,,,,,254.2836,257.9501,f,3.6514,,,,,,,stimuliAXBmix/yuustimulus.wav,f,,,,,,,,,,,2,3,11,2,1,,,,,,,,,,,,,,,,,,,,,,,,,,,,,,,,,,,,,,,,,,,,,,,,,,,,,,,,,,,,,,,,,,,,,,,
,,,,,36,001,2024-05-28_15h53.09.309,mathesisv2,2024.1.3,MacIntel,58.47953216,,,,,,260.7566,264.4501,f,3.6835,,,,,,,stimuliAXBmix/iyystimulus.wav,f,,,,,,,,,,,,,,,,257.9503,260.7346,return,2.7668,,0,0,0,1,1,,,,,,,,,,,,,,,,,,,,,,,,,,,,,,,,,,,,,,,,,,,,,,,,,,,,,,,,,,,,,
,,,,,36,001,2024-05-28_15h53.09.309,mathesisv2,2024.1.3,MacIntel,58.47953216,,,,,,264.4672,268.1341,l,3.6495,,,,,,,stimuliAXBmix/yyustimulus.wav,l,,,,,,,,,,,,,,,,,,,,,0,1,1,3,1,,,,,,,,,,,,,,,,,,,,,,,,,,,,,,,,,,,,,,,,,,,,,,,,,,,,,,,,,,,,,
,,,,,36,001,2024-05-28_15h53.09.309,mathesisv2,2024.1.3,MacIntel,58.47953216,,,,,,268.1493,271.6332,f,3.4684,,,,,,,stimuliAXBmix/yuustimulus.wav,f,,,,,,,,,,,,,,,,,,,,,0,2,2,2,1,,,,,,,,,,,,,,,,,,,,,,,,,,,,,,,,,,,,,,,,,,,,,,,,,,,,,,,,,,,,,
,,,,,36,001,2024-05-28_15h53.09.309,mathesisv2,2024.1.3,MacIntel,58.47953216,,,,,,271.6337,275.2842,l,3.6331,,,,,,,stimuliAXBmix/iiystimulus.wav,l,,,,,,,,,,,,,,,,,,,,,0,3,3,0,1,,,,,,,,,,,,,,,,,,,,,,,,,,,,,,,,,,,,,,,,,,,,,,,,,,,,,,,,,,,,,
,,,,,36,001,2024-05-28_15h53.09.309,mathesisv2,2024.1.3,MacIntel,58.47953216,,,,,,275.3031,278.7502,f,3.4321,,,,,,,stimuliAXBmix/yuustimulus.wav,f,,,,,,,,,,,,,,,,,,,,,1,0,4,2,1,,,,,,,,,,,,,,,,,,,,,,,,,,,,,,,,,,,,,,,,,,,,,,,,,,,,,,,,,,,,,
,,,,,36,001,2024-05-28_15h53.09.309,mathesisv2,2024.1.3,MacIntel,58.47953216,,,,,,278.7649,282.4665,l,3.683,,,,,,,stimuliAXBmix/yyustimulus.wav,l,,,,,,,,,,,,,,,,,,,,,1,1,5,3,1,,,,,,,,,,,,,,,,,,,,,,,,,,,,,,,,,,,,,,,,,,,,,,,,,,,,,,,,,,,,,
,,,,,36,001,2024-05-28_15h53.09.309,mathesisv2,2024.1.3,MacIntel,58.47953216,,,,,,282.481,286.1998,l,3.708,,,,,,,stimuliAXBmix/iiystimulus.wav,l,,,,,,,,,,,,,,,,,,,,,1,2,6,0,1,,,,,,,,,,,,,,,,,,,,,,,,,,,,,,,,,,,,,,,,,,,,,,,,,,,,,,,,,,,,,
,,,,,36,001,2024-05-28_15h53.09.309,mathesisv2,2024.1.3,MacIntel,58.47953216,,,,,,286.2155,289.9167,f,3.6825,,,,,,,stimuliAXBmix/iyystimulus.wav,f,,,,,,,,,,,,,,,,,,,,,1,3,7,1,1,,,,,,,,,,,,,,,,,,,,,,,,,,,,,,,,,,,,,,,,,,,,,,,,,,,,,,,,,,,,,
,,,,,36,001,2024-05-28_15h53.09.309,mathesisv2,2024.1.3,MacIntel,58.47953216,,,,,,291.652,295.3014,l,3.6335,,,,,,,stimuliAXBmix/yyustimulus.wav,l,,,,,,,,,,,0,0,0,3,1,,,,,,,,,,,289.9168,291.6334,space,1.7001,,,,,,,,,,,,,,,,,,,,,,,,,,,,,,,,,,,,,,,,,,,,,,,,,,,,,,,,,
,,,,,36,001,2024-05-28_15h53.09.309,mathesisv2,2024.1.3,MacIntel,58.47953216,,,,,,295.3206,299.0338,l,3.7047,,,,,,,stimuliAXBmix/iiystimulus.wav,l,,,,,,,,,,,0,1,1,0,1,,,,,,,,,,,,,,,,,,,,,,,,,,,,,,,,,,,,,,,,,,,,,,,,,,,,,,,,,,,,,,,,,,,,,,,
,,,,,36,001,2024-05-28_15h53.09.309,mathesisv2,2024.1.3,MacIntel,58.47953216,,,,,,299.0502,302.6666,f,3.6005,,,,,,,stimuliAXBmix/yuustimulus.wav,f,,,,,,,,,,,0,2,2,2,1,,,,,,,,,,,,,,,,,,,,,,,,,,,,,,,,,,,,,,,,,,,,,,,,,,,,,,,,,,,,,,,,,,,,,,,
,,,,,36,001,2024-05-28_15h53.09.309,mathesisv2,2024.1.3,MacIntel,58.47953216,,,,,,302.6833,306.5164,f,3.8154,,,,,,,stimuliAXBmix/iyystimulus.wav,f,,,,,,,,,,,0,3,3,1,1,,,,,,,,,,,,,,,,,,,,,,,,,,,,,,,,,,,,,,,,,,,,,,,,,,,,,,,,,,,,,,,,,,,,,,,
,,,,,36,001,2024-05-28_15h53.09.309,mathesisv2,2024.1.3,MacIntel,58.47953216,,,,,,306.528,310.3161,l,3.7774,,,,,,,stimuliAXBmix/yyustimulus.wav,l,,,,,,,,,,,1,0,4,3,1,,,,,,,,,,,,,,,,,,,,,,,,,,,,,,,,,,,,,,,,,,,,,,,,,,,,,,,,,,,,,,,,,,,,,,,
,,,,,36,001,2024-05-28_15h53.09.309,mathesisv2,2024.1.3,MacIntel,58.47953216,,,,,,310.332,313.9833,l,3.6346,,,,,,,stimuliAXBmix/iiystimulus.wav,l,,,,,,,,,,,1,1,5,0,1,,,,,,,,,,,,,,,,,,,,,,,,,,,,,,,,,,,,,,,,,,,,,,,,,,,,,,,,,,,,,,,,,,,,,,,
,,,,,36,001,2024-05-28_15h53.09.309,mathesisv2,2024.1.3,MacIntel,58.47953216,,,,,,313.999,317.5329,f,3.5162,,,,,,,stimuliAXBmix/yuustimulus.wav,f,,,,,,,,,,,1,2,6,2,1,,,,,,,,,,,,,,,,,,,,,,,,,,,,,,,,,,,,,,,,,,,,,,,,,,,,,,,,,,,,,,,,,,,,,,,
,,,,,36,001,2024-05-28_15h53.09.309,mathesisv2,2024.1.3,MacIntel,58.47953216,,,,,,317.5334,321.1665,f,3.6193,,,,,,,stimuliAXBmix/iyystimulus.wav,f,,,,,,,,,,,1,3,7,1,1,,,,,,,,,,,,,,,,,,,,,,,,,,,,,,,,,,,,,,,,,,,,,,,,,,,,,,,,,,,,,,,,,,,,,,,
,,,,,36,001,2024-05-28_15h53.09.309,mathesisv2,2024.1.3,MacIntel,58.47953216,,,,,,321.1779,324.7823,f,3.595,,,,,,,stimuliAXBmix/yuustimulus.wav,f,,,,,,,,,,,2,0,8,2,1,,,,,,,,,,,,,,,,,,,,,,,,,,,,,,,,,,,,,,,,,,,,,,,,,,,,,,,,,,,,,,,,,,,,,,,
,,,,,36,001,2024-05-28_15h53.09.309,mathesisv2,2024.1.3,MacIntel,58.47953216,,,,,,324.7987,328.5161,f,3.7008,,,,,,,stimuliAXBmix/iyystimulus.wav,f,,,,,,,,,,,2,1,9,1,1,,,,,,,,,,,,,,,,,,,,,,,,,,,,,,,,,,,,,,,,,,,,,,,,,,,,,,,,,,,,,,,,,,,,,,,
,,,,,36,001,2024-05-28_15h53.09.309,mathesisv2,2024.1.3,MacIntel,58.47953216,,,,,,328.5323,332.2167,l,3.6673,,,,,,,stimuliAXBmix/iiystimulus.wav,l,,,,,,,,,,,2,2,10,0,1,,,,,,,,,,,,,,,,,,,,,,,,,,,,,,,,,,,,,,,,,,,,,,,,,,,,,,,,,,,,,,,,,,,,,,,
,,,,,36,001,2024-05-28_15h53.09.309,mathesisv2,2024.1.3,MacIntel,58.47953216,,,,,,332.2312,335.982,l,3.7334,,,,,,,stimuliAXBmix/yyustimulus.wav,l,,,,,,,,,,,2,3,11,3,1,,,,,,,,,,,,,,,,,,,,,,,,,,,,,,,,,,,,,,,,,,,,,,,,,,,,,,,,,,,,,,,,,,,,,,,
,,,,,36,001,2024-05-28_15h53.09.309,mathesisv2,2024.1.3,MacIntel,58.47953216,,,,,,338.7093,342.4,f,3.6506,,,,,,,stimuliAXBmix/yuustimulus.wav,f,,,,,,,,,,,,,,,,335.9823,338.6836,return,2.6835,,0,0,0,2,1,,,,,,,,,,,,,,,,,,,,,,,,,,,,,,,,,,,,,,,,,,,,,,,,,,,,,,,,,,,,,
,,,,,36,001,2024-05-28_15h53.09.309,mathesisv2,2024.1.3,MacIntel,58.47953216,,,,,,342.4211,346.1156,l,3.6838,,,,,,,stimuliAXBmix/yyustimulus.wav,l,,,,,,,,,,,,,,,,,,,,,0,1,1,3,1,,,,,,,,,,,,,,,,,,,,,,,,,,,,,,,,,,,,,,,,,,,,,,,,,,,,,,,,,,,,,
,,,,,36,001,2024-05-28_15h53.09.309,mathesisv2,2024.1.3,MacIntel,58.47953216,,,,,,346.1344,349.7823,l,3.6345,,,,,,,stimuliAXBmix/iiystimulus.wav,l,,,,,,,,,,,,,,,,,,,,,0,2,2,0,1,,,,,,,,,,,,,,,,,,,,,,,,,,,,,,,,,,,,,,,,,,,,,,,,,,,,,,,,,,,,,
,,,,,36,001,2024-05-28_15h53.09.309,mathesisv2,2024.1.3,MacIntel,58.47953216,,,,,,349.7827,353.4151,f,3.6179,,,,,,,stimuliAXBmix/iyystimulus.wav,f,,,,,,,,,,,,,,,,,,,,,0,3,3,1,1,,,,,,,,,,,,,,,,,,,,,,,,,,,,,,,,,,,,,,,,,,,,,,,,,,,,,,,,,,,,,
,,,,,36,001,2024-05-28_15h53.09.309,mathesisv2,2024.1.3,MacIntel,58.47953216,,,,,,353.4326,357.2324,l,3.7833,,,,,,,stimuliAXBmix/yyustimulus.wav,l,,,,,,,,,,,,,,,,,,,,,1,0,4,3,1,,,,,,,,,,,,,,,,,,,,,,,,,,,,,,,,,,,,,,,,,,,,,,,,,,,,,,,,,,,,,
,,,,,36,001,2024-05-28_15h53.09.309,mathesisv2,2024.1.3,MacIntel,58.47953216,,,,,,357.2474,361.0148,l,3.7498,,,,,,,stimuliAXBmix/iiystimulus.wav,l,,,,,,,,,,,,,,,,,,,,,1,1,5,0,1,,,,,,,,,,,,,,,,,,,,,,,,,,,,,,,,,,,,,,,,,,,,,,,,,,,,,,,,,,,,,
,,,,,36,001,2024-05-28_15h53.09.309,mathesisv2,2024.1.3,MacIntel,58.47953216,,,,,,361.03,364.8149,f,3.7679,,,,,,,stimuliAXBmix/yuustimulus.wav,f,,,,,,,,,,,,,,,,,,,,,1,2,6,2,1,,,,,,,,,,,,,,,,,,,,,,,,,,,,,,,,,,,,,,,,,,,,,,,,,,,,,,,,,,,,,
,,,,,36,001,2024-05-28_15h53.09.309,mathesisv2,2024.1.3,MacIntel,58.47953216,,,,,,364.832,369.6649,f,4.8157,,,,,,,stimuliAXBmix/iyystimulus.wav,f,,,,,,,,,,,,,,,,,,,,,1,3,7,1,1,,,,,,,,,,,,,,,,,,,,,,,,,,,,,,,,,,,,,,,,,,,,,,,,,,,,,,,,,,,,,
,,,,,36,001,2024-05-28_15h53.09.309,mathesisv2,2024.1.3,MacIntel,58.47953216,,,,,,,,,,,,,,,,,,,,,,,,,,,,,,,,,,,,,,,,,,,369.665,371.1988,space,1.5158,,371.1993,540.1638,space,168.9384,,,,,,,,,,,,,,,,,,,,,,,,,,,,,,,,,,,,,,,,,,,,,,,,,,,,
,,,,,36,001,2024-05-28_15h53.09.309,mathesisv2,2024.1.3,MacIntel,58.47953216,,,,,,,,,,,,,,,,,,,,,,,,,,,,,,,,,,,,,,,,,,,,,,,,,,,,,540.1765,543.9824,e,3.7844,,0,0,0,0,1,testTAFCmixfirst/nimnym001.wav,,,,,,,,,,,,,,,,,,,,,,,,,,,,,,,,,,,,,,,,
,,,,,36,001,2024-05-28_15h53.09.309,mathesisv2,2024.1.3,MacIntel,58.47953216,,,,,,,,,,,,,,,,,,,,,,,,,,,,,,,,,,,,,,,,,,,,,,,,,,,,,543.9976,545.679,y,1.6599,,0,1,1,2,1,testTAFCmixfirst/nimnym006.wav,,,,,,,,,,,,,,,,,,,,,,,,,,,,,,,,,,,,,,,,
,,,,,36,001,2024-05-28_15h53.09.309,mathesisv2,2024.1.3,MacIntel,58.47953216,,,,,,,,,,,,,,,,,,,,,,,,,,,,,,,,,,,,,,,,,,,,,,,,,,,,,545.6793,547.0292,e,1.3379,,0,2,2,1,1,testTAFCmixfirst/nimnym002.wav,,,,,,,,,,,,,,,,,,,,,,,,,,,,,,,,,,,,,,,,
,,,,,36,001,2024-05-28_15h53.09.309,mathesisv2,2024.1.3,MacIntel,58.47953216,,,,,,,,,,,,,,,,,,,,,,,,,,,,,,,,,,,,,,,,,,,,,,,,,,,,,,,,,,,,,,,,547.0344,549.3136,u,2.2557,,0,0,0,0,1,testTAFCmixsec/numnym001.wav,,,,,,,,,,,,,,,,,,,,,,,,,,,,,
,,,,,36,001,2024-05-28_15h53.09.309,mathesisv2,2024.1.3,MacIntel,58.47953216,,,,,,,,,,,,,,,,,,,,,,,,,,,,,,,,,,,,,,,,,,,,,,,,,,,,,,,,,,,,,,,,549.3141,550.7964,y,1.4693,,0,1,1,2,1,testTAFCmixsec/numnym006.wav,,,,,,,,,,,,,,,,,,,,,,,,,,,,,
,,,,,36,001,2024-05-28_15h53.09.309,mathesisv2,2024.1.3,MacIntel,58.47953216,,,,,,,,,,,,,,,,,,,,,,,,,,,,,,,,,,,,,,,,,,,,,,,,,,,,,,,,,,,,,,,,550.7968,552.3121,u,1.506,,0,2,2,1,1,testTAFCmixsec/numnym002.wav,,,,,,,,,,,,,,,,,,,,,,,,,,,,,
,,,,,36,001,2024-05-28_15h53.09.309,mathesisv2,2024.1.3,MacIntel,58.47953216,,,,,,,,,,,,,,,,,,,,,,,,,,,,,,,,,,,,,,,,,,,,,,,,,,,,,,,,,,,,,,,,,,,,,,,,,,,552.3125,555.0131,space,2.6685,,,,,,,,,,,,,,,,,,,,,,,,,
,,,,,36,001,2024-05-28_15h53.09.309,mathesisv2,2024.1.3,MacIntel,58.47953216,,,,,,,,,,,,,,,,,x,,,,,,,,,,,,,,,,,,,,,,,,,,,,,,,,,,,,,,,,,,,,,,,,,,,,,,,,,,,,,,,555.0368,557.1969,y,2.1385,,0,0,0,3,1,stimuliTAFCfirst/nimnym004.wav,,,,,,,,,,,,,
,,,,,36,001,2024-05-28_15h53.09.309,mathesisv2,2024.1.3,MacIntel,58.47953216,,,,,,,,,,,,,,,,,y,,,,,,,,,,,,,,,,,,,,,,,,,,,,,,,,,,,,,,,,,,,,,,,,,,,,,,,,,,,,,,,557.1976,558.8622,y,1.6403,,0,1,1,5,1,stimuliTAFCfirst/nimnym006.wav,,,,,,,,,,,,,
,,,,,36,001,2024-05-28_15h53.09.309,mathesisv2,2024.1.3,MacIntel,58.47953216,,,,,,,,,,,,,,,,,e,,,,,,,,,,,,,,,,,,,,,,,,,,,,,,,,,,,,,,,,,,,,,,,,,,,,,,,,,,,,,,,558.8625,560.1458,e,1.2676,,0,2,2,0,1,stimuliTAFCfirst/nimnym001.wav,,,,,,,,,,,,,
,,,,,36,001,2024-05-28_15h53.09.309,mathesisv2,2024.1.3,MacIntel,58.47953216,,,,,,,,,,,,,,,,,y,,,,,,,,,,,,,,,,,,,,,,,,,,,,,,,,,,,,,,,,,,,,,,,,,,,,,,,,,,,,,,,560.1463,562.1296,y,1.969,,0,3,3,4,1,stimuliTAFCfirst/nimnym005.wav,,,,,,,,,,,,,
,,,,,36,001,2024-05-28_15h53.09.309,mathesisv2,2024.1.3,MacIntel,58.47953216,,,,,,,,,,,,,,,,,e,,,,,,,,,,,,,,,,,,,,,,,,,,,,,,,,,,,,,,,,,,,,,,,,,,,,,,,,,,,,,,,562.1298,563.4465,y,1.309,,0,4,4,2,1,stimuliTAFCfirst/nimnym003.wav,,,,,,,,,,,,,
,,,,,36,001,2024-05-28_15h53.09.309,mathesisv2,2024.1.3,MacIntel,58.47953216,,,,,,,,,,,,,,,,,y,,,,,,,,,,,,,,,,,,,,,,,,,,,,,,,,,,,,,,,,,,,,,,,,,,,,,,,,,,,,,,,563.4468,564.8289,y,1.3675,,0,5,5,6,1,stimuliTAFCfirst/nimnym007.wav,,,,,,,,,,,,,
,,,,,36,001,2024-05-28_15h53.09.309,mathesisv2,2024.1.3,MacIntel,58.47953216,,,,,,,,,,,,,,,,,e,,,,,,,,,,,,,,,,,,,,,,,,,,,,,,,,,,,,,,,,,,,,,,,,,,,,,,,,,,,,,,,564.8293,566.1129,e,1.2575,,0,6,6,1,1,stimuliTAFCfirst/nimnym002.wav,,,,,,,,,,,,,
,,,,,36,001,2024-05-28_15h53.09.309,mathesisv2,2024.1.3,MacIntel,58.47953216,,,,,,,,,,,,,,,,,y,,,,,,,,,,,,,,,,,,,,,,,,,,,,,,,,,,,,,,,,,,,,,,,,,,,,,,,,,,,,,,,566.1134,567.846,y,1.7159,,1,0,7,4,1,stimuliTAFCfirst/nimnym005.wav,,,,,,,,,,,,,
,,,,,36,001,2024-05-28_15h53.09.309,mathesisv2,2024.1.3,MacIntel,58.47953216,,,,,,,,,,,,,,,,,y,,,,,,,,,,,,,,,,,,,,,,,,,,,,,,,,,,,,,,,,,,,,,,,,,,,,,,,,,,,,,,,567.8465,569.1788,y,1.3224,,1,1,8,6,1,stimuliTAFCfirst/nimnym007.wav,,,,,,,,,,,,,
,,,,,36,001,2024-05-28_15h53.09.309,mathesisv2,2024.1.3,MacIntel,58.47953216,,,,,,,,,,,,,,,,,e,,,,,,,,,,,,,,,,,,,,,,,,,,,,,,,,,,,,,,,,,,,,,,,,,,,,,,,,,,,,,,,569.1791,570.4963,e,1.3012,,1,2,9,1,1,stimuliTAFCfirst/nimnym002.wav,,,,,,,,,,,,,
,,,,,36,001,2024-05-28_15h53.09.309,mathesisv2,2024.1.3,MacIntel,58.47953216,,,,,,,,,,,,,,,,,e,,,,,,,,,,,,,,,,,,,,,,,,,,,,,,,,,,,,,,,,,,,,,,,,,,,,,,,,,,,,,,,570.4966,571.7961,e,1.2837,,1,3,10,0,1,stimuliTAFCfirst/nimnym001.wav,,,,,,,,,,,,,
,,,,,36,001,2024-05-28_15h53.09.309,mathesisv2,2024.1.3,MacIntel,58.47953216,,,,,,,,,,,,,,,,,e,,,,,,,,,,,,,,,,,,,,,,,,,,,,,,,,,,,,,,,,,,,,,,,,,,,,,,,,,,,,,,,571.7965,573.562,e,1.7527,,1,4,11,2,1,stimuliTAFCfirst/nimnym003.wav,,,,,,,,,,,,,
,,,,,36,001,2024-05-28_15h53.09.309,mathesisv2,2024.1.3,MacIntel,58.47953216,,,,,,,,,,,,,,,,,x,,,,,,,,,,,,,,,,,,,,,,,,,,,,,,,,,,,,,,,,,,,,,,,,,,,,,,,,,,,,,,,573.5624,574.9129,y,1.3389,,1,5,12,3,1,stimuliTAFCfirst/nimnym004.wav,,,,,,,,,,,,,
,,,,,36,001,2024-05-28_15h53.09.309,mathesisv2,2024.1.3,MacIntel,58.47953216,,,,,,,,,,,,,,,,,y,,,,,,,,,,,,,,,,,,,,,,,,,,,,,,,,,,,,,,,,,,,,,,,,,,,,,,,,,,,,,,,574.9133,576.1963,y,1.2666,,1,6,13,5,1,stimuliTAFCfirst/nimnym006.wav,,,,,,,,,,,,,
,,,,,36,001,2024-05-28_15h53.09.309,mathesisv2,2024.1.3,MacIntel,58.47953216,,,,,,,,,,,,,,,,,u,576.1968,577.9805,space,1.7648,,,,,,,,,,,,,,,,,,,,,,,,,,,,,,,,,,,,,,,,,,,,,,,,,,,,,,,,,,,,,,,,,,,,,,577.986,579.8789,u,1.8749,,0,0,0,1,1,stimuliTAFCsec/numnym002.wav,,
,,,,,36,001,2024-05-28_15h53.09.309,mathesisv2,2024.1.3,MacIntel,58.47953216,,,,,,,,,,,,,,,,,y,,,,,,,,,,,,,,,,,,,,,,,,,,,,,,,,,,,,,,,,,,,,,,,,,,,,,,,,,,,,,,,,,,,,,,,,,,579.8794,581.1467,y,1.2496,,0,1,1,6,1,stimuliTAFCsec/numnym007.wav,,
,,,,,36,001,2024-05-28_15h53.09.309,mathesisv2,2024.1.3,MacIntel,58.47953216,,,,,,,,,,,,,,,,,x,,,,,,,,,,,,,,,,,,,,,,,,,,,,,,,,,,,,,,,,,,,,,,,,,,,,,,,,,,,,,,,,,,,,,,,,,,581.1472,583.2453,u,2.0804,,0,2,2,3,1,stimuliTAFCsec/numnym004.wav,,
,,,,,36,001,2024-05-28_15h53.09.309,mathesisv2,2024.1.3,MacIntel,58.47953216,,,,,,,,,,,,,,,,,u,,,,,,,,,,,,,,,,,,,,,,,,,,,,,,,,,,,,,,,,,,,,,,,,,,,,,,,,,,,,,,,,,,,,,,,,,,583.2455,584.579,u,1.3214,,0,3,3,2,1,stimuliTAFCsec/numnym003.wav,,
,,,,,36,001,2024-05-28_15h53.09.309,mathesisv2,2024.1.3,MacIntel,58.47953216,,,,,,,,,,,,,,,,,y,,,,,,,,,,,,,,,,,,,,,,,,,,,,,,,,,,,,,,,,,,,,,,,,,,,,,,,,,,,,,,,,,,,,,,,,,,584.5793,586.1295,y,1.5342,,0,4,4,5,1,stimuliTAFCsec/numnym006.wav,,
,,,,,36,001,2024-05-28_15h53.09.309,mathesisv2,2024.1.3,MacIntel,58.47953216,,,,,,,,,,,,,,,,,u,,,,,,,,,,,,,,,,,,,,,,,,,,,,,,,,,,,,,,,,,,,,,,,,,,,,,,,,,,,,,,,,,,,,,,,,,,586.1298,587.3956,u,1.2489,,0,5,5,0,1,stimuliTAFCsec/numnym001.wav,,
,,,,,36,001,2024-05-28_15h53.09.309,mathesisv2,2024.1.3,MacIntel,58.47953216,,,,,,,,,,,,,,,,,y,,,,,,,,,,,,,,,,,,,,,,,,,,,,,,,,,,,,,,,,,,,,,,,,,,,,,,,,,,,,,,,,,,,,,,,,,,587.3958,588.6288,y,1.2171,,0,6,6,4,1,stimuliTAFCsec/numnym005.wav,,
,,,,,36,001,2024-05-28_15h53.09.309,mathesisv2,2024.1.3,MacIntel,58.47953216,,,,,,,,,,,,,,,,,u,,,,,,,,,,,,,,,,,,,,,,,,,,,,,,,,,,,,,,,,,,,,,,,,,,,,,,,,,,,,,,,,,,,,,,,,,,588.6292,589.8789,u,1.2343,,1,0,7,1,1,stimuliTAFCsec/numnym002.wav,,
,,,,,36,001,2024-05-28_15h53.09.309,mathesisv2,2024.1.3,MacIntel,58.47953216,,,,,,,,,,,,,,,,,x,,,,,,,,,,,,,,,,,,,,,,,,,,,,,,,,,,,,,,,,,,,,,,,,,,,,,,,,,,,,,,,,,,,,,,,,,,589.8792,591.163,y,1.2659,,1,1,8,3,1,stimuliTAFCsec/numnym004.wav,,
,,,,,36,001,2024-05-28_15h53.09.309,mathesisv2,2024.1.3,MacIntel,58.47953216,,,,,,,,,,,,,,,,,y,,,,,,,,,,,,,,,,,,,,,,,,,,,,,,,,,,,,,,,,,,,,,,,,,,,,,,,,,,,,,,,,,,,,,,,,,,591.1637,592.4125,y,1.2236,,1,2,9,6,1,stimuliTAFCsec/numnym007.wav,,
,,,,,36,001,2024-05-28_15h53.09.309,mathesisv2,2024.1.3,MacIntel,58.47953216,,,,,,,,,,,,,,,,,y,,,,,,,,,,,,,,,,,,,,,,,,,,,,,,,,,,,,,,,,,,,,,,,,,,,,,,,,,,,,,,,,,,,,,,,,,,592.4128,594.9125,y,2.4838,,1,3,10,4,1,stimuliTAFCsec/numnym005.wav,,
,,,,,36,001,2024-05-28_15h53.09.309,mathesisv2,2024.1.3,MacIntel,58.47953216,,,,,,,,,,,,,,,,,u,,,,,,,,,,,,,,,,,,,,,,,,,,,,,,,,,,,,,,,,,,,,,,,,,,,,,,,,,,,,,,,,,,,,,,,,,,594.9243,596.2125,u,1.2713,,1,4,11,0,1,stimuliTAFCsec/numnym001.wav,,
,,,,,36,001,2024-05-28_15h53.09.309,mathesisv2,2024.1.3,MacIntel,58.47953216,,,,,,,,,,,,,,,,,y,,,,,,,,,,,,,,,,,,,,,,,,,,,,,,,,,,,,,,,,,,,,,,,,,,,,,,,,,,,,,,,,,,,,,,,,,,596.2127,597.5953,y,1.3677,,1,5,12,5,1,stimuliTAFCsec/numnym006.wav,,
,,,,,36,001,2024-05-28_15h53.09.309,mathesisv2,2024.1.3,MacIntel,58.47953216,,,,,,,,,,,,,,,,,u,,,,,,,,,,,,,,,,,,,,,,,,,,,,,,,,,,,,,,,,,,,,,,,,,,,,,,,,,,,,,,,,,,,,,,,,,,597.5959,598.8624,u,1.2488,,1,6,13,2,1,stimuliTAFCsec/numnym003.wav,,
,,,,,36,001,2024-05-28_15h53.09.309,mathesisv2,2024.1.3,MacIntel,58.47953216,,,,,,,,,,,,,,,,,e,,,,,,,,,,,,,,,,,,,,,,,,,,598.8631,600.479,space,1.5933,,,,,,,,,,,,,,,,,,,,,,,,,,,,,,,,,,600.4843,601.9619,e,1.4602,,0,0,0,1,1,stimuliTAFCfirst/nimnym002.wav,,,,,,,,,,,,,
,,,,,36,001,2024-05-28_15h53.09.309,mathesisv2,2024.1.3,MacIntel,58.47953216,,,,,,,,,,,,,,,,,y,,,,,,,,,,,,,,,,,,,,,,,,,,,,,,,,,,,,,,,,,,,,,,,,,,,,,,,,,,,,,,,601.9624,603.8457,y,1.8685,,0,1,1,4,1,stimuliTAFCfirst/nimnym005.wav,,,,,,,,,,,,,
,,,,,36,001,2024-05-28_15h53.09.309,mathesisv2,2024.1.3,MacIntel,58.47953216,,,,,,,,,,,,,,,,,y,,,,,,,,,,,,,,,,,,,,,,,,,,,,,,,,,,,,,,,,,,,,,,,,,,,,,,,,,,,,,,,603.8461,605.5624,y,1.702,,0,2,2,6,1,stimuliTAFCfirst/nimnym007.wav,,,,,,,,,,,,,
,,,,,36,001,2024-05-28_15h53.09.309,mathesisv2,2024.1.3,MacIntel,58.47953216,,,,,,,,,,,,,,,,,x,,,,,,,,,,,,,,,,,,,,,,,,,,,,,,,,,,,,,,,,,,,,,,,,,,,,,,,,,,,,,,,605.5627,607.6288,y,2.0504,,0,3,3,3,1,stimuliTAFCfirst/nimnym004.wav,,,,,,,,,,,,,
,,,,,36,001,2024-05-28_15h53.09.309,mathesisv2,2024.1.3,MacIntel,58.47953216,,,,,,,,,,,,,,,,,e,,,,,,,,,,,,,,,,,,,,,,,,,,,,,,,,,,,,,,,,,,,,,,,,,,,,,,,,,,,,,,,607.6291,609.0123,e,1.3728,,0,4,4,2,1,stimuliTAFCfirst/nimnym003.wav,,,,,,,,,,,,,
,,,,,36,001,2024-05-28_15h53.09.309,mathesisv2,2024.1.3,MacIntel,58.47953216,,,,,,,,,,,,,,,,,y,,,,,,,,,,,,,,,,,,,,,,,,,,,,,,,,,,,,,,,,,,,,,,,,,,,,,,,,,,,,,,,609.0126,610.6456,y,1.6249,,0,5,5,5,1,stimuliTAFCfirst/nimnym006.wav,,,,,,,,,,,,,
,,,,,36,001,2024-05-28_15h53.09.309,mathesisv2,2024.1.3,MacIntel,58.47953216,,,,,,,,,,,,,,,,,e,,,,,,,,,,,,,,,,,,,,,,,,,,,,,,,,,,,,,,,,,,,,,,,,,,,,,,,,,,,,,,,610.6463,611.8791,e,1.2185,,0,6,6,0,1,stimuliTAFCfirst/nimnym001.wav,,,,,,,,,,,,,
,,,,,36,001,2024-05-28_15h53.09.309,mathesisv2,2024.1.3,MacIntel,58.47953216,,,,,,,,,,,,,,,,,e,,,,,,,,,,,,,,,,,,,,,,,,,,,,,,,,,,,,,,,,,,,,,,,,,,,,,,,,,,,,,,,611.8795,613.0456,e,1.1559,,1,0,7,0,1,stimuliTAFCfirst/nimnym001.wav,,,,,,,,,,,,,
,,,,,36,001,2024-05-28_15h53.09.309,mathesisv2,2024.1.3,MacIntel,58.47953216,,,,,,,,,,,,,,,,,y,,,,,,,,,,,,,,,,,,,,,,,,,,,,,,,,,,,,,,,,,,,,,,,,,,,,,,,,,,,,,,,613.0459,614.9288,y,1.8728,,1,1,8,4,1,stimuliTAFCfirst/nimnym005.wav,,,,,,,,,,,,,
,,,,,36,001,2024-05-28_15h53.09.309,mathesisv2,2024.1.3,MacIntel,58.47953216,,,,,,,,,,,,,,,,,e,,,,,,,,,,,,,,,,,,,,,,,,,,,,,,,,,,,,,,,,,,,,,,,,,,,,,,,,,,,,,,,614.9292,616.2289,e,1.2821,,1,2,9,1,1,stimuliTAFCfirst/nimnym002.wav,,,,,,,,,,,,,
,,,,,36,001,2024-05-28_15h53.09.309,mathesisv2,2024.1.3,MacIntel,58.47953216,,,,,,,,,,,,,,,,,e,,,,,,,,,,,,,,,,,,,,,,,,,,,,,,,,,,,,,,,,,,,,,,,,,,,,,,,,,,,,,,,616.2292,617.4626,e,1.2176,,1,3,10,2,1,stimuliTAFCfirst/nimnym003.wav,,,,,,,,,,,,,
,,,,,36,001,2024-05-28_15h53.09.309,mathesisv2,2024.1.3,MacIntel,58.47953216,,,,,,,,,,,,,,,,,y,,,,,,,,,,,,,,,,,,,,,,,,,,,,,,,,,,,,,,,,,,,,,,,,,,,,,,,,,,,,,,,617.4629,618.8457,y,1.3681,,1,4,11,6,1,stimuliTAFCfirst/nimnym007.wav,,,,,,,,,,,,,
,,,,,36,001,2024-05-28_15h53.09.309,mathesisv2,2024.1.3,MacIntel,58.47953216,,,,,,,,,,,,,,,,,x,,,,,,,,,,,,,,,,,,,,,,,,,,,,,,,,,,,,,,,,,,,,,,,,,,,,,,,,,,,,,,,618.8461,620.9454,e,2.0826,,1,5,12,3,1,stimuliTAFCfirst/nimnym004.wav,,,,,,,,,,,,,
,,,,,36,001,2024-05-28_15h53.09.309,mathesisv2,2024.1.3,MacIntel,58.47953216,,,,,,,,,,,,,,,,,y,,,,,,,,,,,,,,,,,,,,,,,,,,,,,,,,,,,,,,,,,,,,,,,,,,,,,,,,,,,,,,,620.9594,623.4792,y,2.5055,,1,6,13,5,1,stimuliTAFCfirst/nimnym006.wav,,,,,,,,,,,,,
,,,,,36,001,2024-05-28_15h53.09.309,mathesisv2,2024.1.3,MacIntel,58.47953216,,,,,,,,,,,,,,,,,u,623.4794,625.5621,space,2.0714,,,,,,,,,,,,,,,,,,,,,,,,,,,,,,,,,,,,,,,,,,,,,,,,,,,,,,,,,,,,,,,,,,,,,,625.5818,627.0124,u,1.4168,,0,0,0,2,1,stimuliTAFCsec/numnym003.wav,,
,,,,,36,001,2024-05-28_15h53.09.309,mathesisv2,2024.1.3,MacIntel,58.47953216,,,,,,,,,,,,,,,,,y,,,,,,,,,,,,,,,,,,,,,,,,,,,,,,,,,,,,,,,,,,,,,,,,,,,,,,,,,,,,,,,,,,,,,,,,,,627.0129,628.4787,y,1.4498,,0,1,1,6,1,stimuliTAFCsec/numnym007.wav,,
,,,,,36,001,2024-05-28_15h53.09.309,mathesisv2,2024.1.3,MacIntel,58.47953216,,,,,,,,,,,,,,,,,y,,,,,,,,,,,,,,,,,,,,,,,,,,,,,,,,,,,,,,,,,,,,,,,,,,,,,,,,,,,,,,,,,,,,,,,,,,628.479,629.9118,y,1.4156,,0,2,2,5,1,stimuliTAFCsec/numnym006.wav,,
,,,,,36,001,2024-05-28_15h53.09.309,mathesisv2,2024.1.3,MacIntel,58.47953216,,,,,,,,,,,,,,,,,y,,,,,,,,,,,,,,,,,,,,,,,,,,,,,,,,,,,,,,,,,,,,,,,,,,,,,,,,,,,,,,,,,,,,,,,,,,629.9121,631.262,y,1.3344,,0,3,3,4,1,stimuliTAFCsec/numnym005.wav,,
,,,,,36,001,2024-05-28_15h53.09.309,mathesisv2,2024.1.3,MacIntel,58.47953216,,,,,,,,,,,,,,,,,x,,,,,,,,,,,,,,,,,,,,,,,,,,,,,,,,,,,,,,,,,,,,,,,,,,,,,,,,,,,,,,,,,,,,,,,,,,631.2623,632.4611,u,1.1882,,0,4,4,3,1,stimuliTAFCsec/numnym004.wav,,
,,,,,36,001,2024-05-28_15h53.09.309,mathesisv2,2024.1.3,MacIntel,58.47953216,,,,,,,,,,,,,,,,,u,,,,,,,,,,,,,,,,,,,,,,,,,,,,,,,,,,,,,,,,,,,,,,,,,,,,,,,,,,,,,,,,,,,,,,,,,,632.4615,633.7284,u,1.2515,,0,5,5,1,1,stimuliTAFCsec/numnym002.wav,,
,,,,,36,001,2024-05-28_15h53.09.309,mathesisv2,2024.1.3,MacIntel,58.47953216,,,,,,,,,,,,,,,,,u,,,,,,,,,,,,,,,,,,,,,,,,,,,,,,,,,,,,,,,,,,,,,,,,,,,,,,,,,,,,,,,,,,,,,,,,,,633.729,634.9943,u,1.2534,,0,6,6,0,1,stimuliTAFCsec/numnym001.wav,,
,,,,,36,001,2024-05-28_15h53.09.309,mathesisv2,2024.1.3,MacIntel,58.47953216,,,,,,,,,,,,,,,,,y,,,,,,,,,,,,,,,,,,,,,,,,,,,,,,,,,,,,,,,,,,,,,,,,,,,,,,,,,,,,,,,,,,,,,,,,,,634.9946,636.2452,y,1.2354,,1,0,7,4,1,stimuliTAFCsec/numnym005.wav,,
,,,,,36,001,2024-05-28_15h53.09.309,mathesisv2,2024.1.3,MacIntel,58.47953216,,,,,,,,,,,,,,,,,u,,,,,,,,,,,,,,,,,,,,,,,,,,,,,,,,,,,,,,,,,,,,,,,,,,,,,,,,,,,,,,,,,,,,,,,,,,636.2455,638.0619,u,1.7984,,1,1,8,2,1,stimuliTAFCsec/numnym003.wav,,
,,,,,36,001,2024-05-28_15h53.09.309,mathesisv2,2024.1.3,MacIntel,58.47953216,,,,,,,,,,,,,,,,,u,,,,,,,,,,,,,,,,,,,,,,,,,,,,,,,,,,,,,,,,,,,,,,,,,,,,,,,,,,,,,,,,,,,,,,,,,,638.0622,639.3785,u,1.3059,,1,2,9,0,1,stimuliTAFCsec/numnym001.wav,,
,,,,,36,001,2024-05-28_15h53.09.309,mathesisv2,2024.1.3,MacIntel,58.47953216,,,,,,,,,,,,,,,,,y,,,,,,,,,,,,,,,,,,,,,,,,,,,,,,,,,,,,,,,,,,,,,,,,,,,,,,,,,,,,,,,,,,,,,,,,,,639.3788,640.5452,y,1.1559,,1,3,10,6,1,stimuliTAFCsec/numnym007.wav,,
,,,,,36,001,2024-05-28_15h53.09.309,mathesisv2,2024.1.3,MacIntel,58.47953216,,,,,,,,,,,,,,,,,u,,,,,,,,,,,,,,,,,,,,,,,,,,,,,,,,,,,,,,,,,,,,,,,,,,,,,,,,,,,,,,,,,,,,,,,,,,640.5454,641.7611,u,1.2008,,1,4,11,1,1,stimuliTAFCsec/numnym002.wav,,
,,,,,36,001,2024-05-28_15h53.09.309,mathesisv2,2024.1.3,MacIntel,58.47953216,,,,,,,,,,,,,,,,,y,,,,,,,,,,,,,,,,,,,,,,,,,,,,,,,,,,,,,,,,,,,,,,,,,,,,,,,,,,,,,,,,,,,,,,,,,,641.7614,642.9952,y,1.2224,,1,5,12,5,1,stimuliTAFCsec/numnym006.wav,,
,,,,,36,001,2024-05-28_15h53.09.309,mathesisv2,2024.1.3,MacIntel,58.47953216,,,,,,,,,,,,,,,,,x,,,,,,,,,,,,,,,,,,,,,,,,,,,,,,,,,,,,,,,,,,,,,,,,,,,,,,,,,,,,,,,,,,,,,,,,,,642.9958,644.2452,y,1.2333,,1,6,13,3,1,stimuliTAFCsec/numnym004.wav,,
,,,,,36,001,2024-05-28_15h53.09.309,mathesisv2,2024.1.3,MacIntel,58.47953216,,,,,,,,,,,,,,,,,e,,,,,,,,,,,,,,,,,,,,,,,,,,644.2453,645.9116,space,1.6561,,,,,,,,,,,,,,,,,,,,,,,,,,,,,,,,,,645.9154,647.2279,e,1.2956,,0,0,0,1,1,stimuliTAFCfirst/nimnym002.wav,,,,,,,,,,,,,
,,,,,36,001,2024-05-28_15h53.09.309,mathesisv2,2024.1.3,MacIntel,58.47953216,,,,,,,,,,,,,,,,,e,,,,,,,,,,,,,,,,,,,,,,,,,,,,,,,,,,,,,,,,,,,,,,,,,,,,,,,,,,,,,,,647.2283,648.3784,e,1.1342,,0,1,1,2,1,stimuliTAFCfirst/nimnym003.wav,,,,,,,,,,,,,
,,,,,36,001,2024-05-28_15h53.09.309,mathesisv2,2024.1.3,MacIntel,58.47953216,,,,,,,,,,,,,,,,,e,,,,,,,,,,,,,,,,,,,,,,,,,,,,,,,,,,,,,,,,,,,,,,,,,,,,,,,,,,,,,,,648.3788,649.5775,e,1.1879,,0,2,2,0,1,stimuliTAFCfirst/nimnym001.wav,,,,,,,,,,,,,
,,,,,36,001,2024-05-28_15h53.09.309,mathesisv2,2024.1.3,MacIntel,58.47953216,,,,,,,,,,,,,,,,,y,,,,,,,,,,,,,,,,,,,,,,,,,,,,,,,,,,,,,,,,,,,,,,,,,,,,,,,,,,,,,,,649.5778,650.7617,y,1.1663,,0,3,3,6,1,stimuliTAFCfirst/nimnym007.wav,,,,,,,,,,,,,
,,,,,36,001,2024-05-28_15h53.09.309,mathesisv2,2024.1.3,MacIntel,58.47953216,,,,,,,,,,,,,,,,,y,,,,,,,,,,,,,,,,,,,,,,,,,,,,,,,,,,,,,,,,,,,,,,,,,,,,,,,,,,,,,,,650.762,651.9784,y,1.1898,,0,4,4,5,1,stimuliTAFCfirst/nimnym006.wav,,,,,,,,,,,,,
,,,,,36,001,2024-05-28_15h53.09.309,mathesisv2,2024.1.3,MacIntel,58.47953216,,,,,,,,,,,,,,,,,y,,,,,,,,,,,,,,,,,,,,,,,,,,,,,,,,,,,,,,,,,,,,,,,,,,,,,,,,,,,,,,,651.9787,653.2158,y,1.2281,,0,5,5,4,1,stimuliTAFCfirst/nimnym005.wav,,,,,,,,,,,,,
,,,,,36,001,2024-05-28_15h53.09.309,mathesisv2,2024.1.3,MacIntel,58.47953216,,,,,,,,,,,,,,,,,x,,,,,,,,,,,,,,,,,,,,,,,,,,,,,,,,,,,,,,,,,,,,,,,,,,,,,,,,,,,,,,,653.2171,654.6611,e,1.4263,,0,6,6,3,1,stimuliTAFCfirst/nimnym004.wav,,,,,,,,,,,,,
,,,,,36,001,2024-05-28_15h53.09.309,mathesisv2,2024.1.3,MacIntel,58.47953216,,,,,,,,,,,,,,,,,e,,,,,,,,,,,,,,,,,,,,,,,,,,,,,,,,,,,,,,,,,,,,,,,,,,,,,,,,,,,,,,,654.6614,655.8784,e,1.2053,,1,0,7,1,1,stimuliTAFCfirst/nimnym002.wav,,,,,,,,,,,,,
,,,,,36,001,2024-05-28_15h53.09.309,mathesisv2,2024.1.3,MacIntel,58.47953216,,,,,,,,,,,,,,,,,e,,,,,,,,,,,,,,,,,,,,,,,,,,,,,,,,,,,,,,,,,,,,,,,,,,,,,,,,,,,,,,,655.8788,657.0783,e,1.1875,,1,1,8,0,1,stimuliTAFCfirst/nimnym001.wav,,,,,,,,,,,,,
,,,,,36,001,2024-05-28_15h53.09.309,mathesisv2,2024.1.3,MacIntel,58.47953216,,,,,,,,,,,,,,,,,y,,,,,,,,,,,,,,,,,,,,,,,,,,,,,,,,,,,,,,,,,,,,,,,,,,,,,,,,,,,,,,,657.0787,658.8277,y,1.7382,,1,2,9,6,1,stimuliTAFCfirst/nimnym007.wav,,,,,,,,,,,,,
,,,,,36,001,2024-05-28_15h53.09.309,mathesisv2,2024.1.3,MacIntel,58.47953216,,,,,,,,,,,,,,,,,y,,,,,,,,,,,,,,,,,,,,,,,,,,,,,,,,,,,,,,,,,,,,,,,,,,,,,,,,,,,,,,,658.828,660.0614,y,1.2177,,1,3,10,5,1,stimuliTAFCfirst/nimnym006.wav,,,,,,,,,,,,,
,,,,,36,001,2024-05-28_15h53.09.309,mathesisv2,2024.1.3,MacIntel,58.47953216,,,,,,,,,,,,,,,,,x,,,,,,,,,,,,,,,,,,,,,,,,,,,,,,,,,,,,,,,,,,,,,,,,,,,,,,,,,,,,,,,660.0617,661.3111,e,1.2322,,1,4,11,3,1,stimuliTAFCfirst/nimnym004.wav,,,,,,,,,,,,,
,,,,,36,001,2024-05-28_15h53.09.309,mathesisv2,2024.1.3,MacIntel,58.47953216,,,,,,,,,,,,,,,,,y,,,,,,,,,,,,,,,,,,,,,,,,,,,,,,,,,,,,,,,,,,,,,,,,,,,,,,,,,,,,,,,661.3114,662.6115,e,1.287,,1,5,12,4,1,stimuliTAFCfirst/nimnym005.wav,,,,,,,,,,,,,
,,,,,36,001,2024-05-28_15h53.09.309,mathesisv2,2024.1.3,MacIntel,58.47953216,,,,,,,,,,,,,,,,,e,,,,,,,,,,,,,,,,,,,,,,,,,,,,,,,,,,,,,,,,,,,,,,,,,,,,,,,,,,,,,,,662.6118,663.9272,e,1.2991,,1,6,13,2,1,stimuliTAFCfirst/nimnym003.wav,,,,,,,,,,,,,
,,,,,36,001,2024-05-28_15h53.09.309,mathesisv2,2024.1.3,MacIntel,58.47953216,,,,,,,,,,,,,,,,,u,663.9274,665.9449,space,2.0012,,,,,,,,,,,,,,,,,,,,,,,,,,,,,,,,,,,,,,,,,,,,,,,,,,,,,,,,,,,,,,,,,,,,,,665.9608,667.3611,u,1.3895,,0,0,0,2,1,stimuliTAFCsec/numnym003.wav,,
,,,,,36,001,2024-05-28_15h53.09.309,mathesisv2,2024.1.3,MacIntel,58.47953216,,,,,,,,,,,,,,,,,y,,,,,,,,,,,,,,,,,,,,,,,,,,,,,,,,,,,,,,,,,,,,,,,,,,,,,,,,,,,,,,,,,,,,,,,,,,667.3615,670.2783,y,2.9027,,0,1,1,4,1,stimuliTAFCsec/numnym005.wav,,
,,,,,36,001,2024-05-28_15h53.09.309,mathesisv2,2024.1.3,MacIntel,58.47953216,,,,,,,,,,,,,,,,,x,,,,,,,,,,,,,,,,,,,,,,,,,,,,,,,,,,,,,,,,,,,,,,,,,,,,,,,,,,,,,,,,,,,,,,,,,,670.2787,671.5781,u,1.2856,,0,2,2,3,1,stimuliTAFCsec/numnym004.wav,,
,,,,,36,001,2024-05-28_15h53.09.309,mathesisv2,2024.1.3,MacIntel,58.47953216,,,,,,,,,,,,,,,,,u,,,,,,,,,,,,,,,,,,,,,,,,,,,,,,,,,,,,,,,,,,,,,,,,,,,,,,,,,,,,,,,,,,,,,,,,,,671.5784,672.794,u,1.2082,,0,3,3,1,1,stimuliTAFCsec/numnym002.wav,,
,,,,,36,001,2024-05-28_15h53.09.309,mathesisv2,2024.1.3,MacIntel,58.47953216,,,,,,,,,,,,,,,,,u,,,,,,,,,,,,,,,,,,,,,,,,,,,,,,,,,,,,,,,,,,,,,,,,,,,,,,,,,,,,,,,,,,,,,,,,,,672.7943,674.0948,u,1.2874,,0,4,4,0,1,stimuliTAFCsec/numnym001.wav,,
,,,,,36,001,2024-05-28_15h53.09.309,mathesisv2,2024.1.3,MacIntel,58.47953216,,,,,,,,,,,,,,,,,y,,,,,,,,,,,,,,,,,,,,,,,,,,,,,,,,,,,,,,,,,,,,,,,,,,,,,,,,,,,,,,,,,,,,,,,,,,674.0952,675.3609,y,1.2557,,0,5,5,6,1,stimuliTAFCsec/numnym007.wav,,
,,,,,36,001,2024-05-28_15h53.09.309,mathesisv2,2024.1.3,MacIntel,58.47953216,,,,,,,,,,,,,,,,,y,,,,,,,,,,,,,,,,,,,,,,,,,,,,,,,,,,,,,,,,,,,,,,,,,,,,,,,,,,,,,,,,,,,,,,,,,,675.3612,676.5608,y,1.1901,,0,6,6,5,1,stimuliTAFCsec/numnym006.wav,,
,,,,,36,001,2024-05-28_15h53.09.309,mathesisv2,2024.1.3,MacIntel,58.47953216,,,,,,,,,,,,,,,,,y,,,,,,,,,,,,,,,,,,,,,,,,,,,,,,,,,,,,,,,,,,,,,,,,,,,,,,,,,,,,,,,,,,,,,,,,,,676.5611,677.7615,y,1.1834,,1,0,7,6,1,stimuliTAFCsec/numnym007.wav,,
,,,,,36,001,2024-05-28_15h53.09.309,mathesisv2,2024.1.3,MacIntel,58.47953216,,,,,,,,,,,,,,,,,y,,,,,,,,,,,,,,,,,,,,,,,,,,,,,,,,,,,,,,,,,,,,,,,,,,,,,,,,,,,,,,,,,,,,,,,,,,677.7619,679.028,y,1.251,,1,1,8,5,1,stimuliTAFCsec/numnym006.wav,,
,,,,,36,001,2024-05-28_15h53.09.309,mathesisv2,2024.1.3,MacIntel,58.47953216,,,,,,,,,,,,,,,,,u,,,,,,,,,,,,,,,,,,,,,,,,,,,,,,,,,,,,,,,,,,,,,,,,,,,,,,,,,,,,,,,,,,,,,,,,,,679.0283,680.2605,u,1.2194,,1,2,9,2,1,stimuliTAFCsec/numnym003.wav,,
,,,,,36,001,2024-05-28_15h53.09.309,mathesisv2,2024.1.3,MacIntel,58.47953216,,,,,,,,,,,,,,,,,x,,,,,,,,,,,,,,,,,,,,,,,,,,,,,,,,,,,,,,,,,,,,,,,,,,,,,,,,,,,,,,,,,,,,,,,,,,680.2609,681.5272,u,1.2539,,1,3,10,3,1,stimuliTAFCsec/numnym004.wav,,
,,,,,36,001,2024-05-28_15h53.09.309,mathesisv2,2024.1.3,MacIntel,58.47953216,,,,,,,,,,,,,,,,,u,,,,,,,,,,,,,,,,,,,,,,,,,,,,,,,,,,,,,,,,,,,,,,,,,,,,,,,,,,,,,,,,,,,,,,,,,,681.5275,682.8115,u,1.2673,,1,4,11,1,1,stimuliTAFCsec/numnym002.wav,,
,,,,,36,001,2024-05-28_15h53.09.309,mathesisv2,2024.1.3,MacIntel,58.47953216,,,,,,,,,,,,,,,,,u,,,,,,,,,,,,,,,,,,,,,,,,,,,,,,,,,,,,,,,,,,,,,,,,,,,,,,,,,,,,,,,,,,,,,,,,,,682.8118,684.0949,u,1.2676,,1,5,12,0,1,stimuliTAFCsec/numnym001.wav,,
,,,,,36,001,2024-05-28_15h53.09.309,mathesisv2,2024.1.3,MacIntel,58.47953216,,,,,,,,,,,,,,,,,y,,,,,,,,,,,,,,,,,,,,,,,,,,,,,,,,,,,,,,,,,,,,,,,,,,,,,,,,,,,,,,,,,,,,,,,,,,684.0954,685.9112,y,1.8002,,1,6,13,4,1,stimuliTAFCsec/numnym005.wav,,
,,,,,36,001,2024-05-28_15h53.09.309,mathesisv2,2024.1.3,MacIntel,58.47953216,,,,,,,,,,,,,,,,,y,,,,,,,,,,,,,,,,,,,,,,,,,,685.9113,687.3773,space,1.4565,,,,,,,,,,,,,,,,,,,,,,,,,,,,,,,,,,687.3967,689.9279,y,2.5183,,0,0,0,5,1,stimuliTAFCfirst/nimnym006.wav,,,,,,,,,,,,,
,,,,,36,001,2024-05-28_15h53.09.309,mathesisv2,2024.1.3,MacIntel,58.47953216,,,,,,,,,,,,,,,,,e,,,,,,,,,,,,,,,,,,,,,,,,,,,,,,,,,,,,,,,,,,,,,,,,,,,,,,,,,,,,,,,689.9282,691.4781,e,1.5332,,0,1,1,1,1,stimuliTAFCfirst/nimnym002.wav,,,,,,,,,,,,,
,,,,,36,001,2024-05-28_15h53.09.309,mathesisv2,2024.1.3,MacIntel,58.47953216,,,,,,,,,,,,,,,,,e,,,,,,,,,,,,,,,,,,,,,,,,,,,,,,,,,,,,,,,,,,,,,,,,,,,,,,,,,,,,,,,691.4784,692.7105,e,1.2157,,0,2,2,0,1,stimuliTAFCfirst/nimnym001.wav,,,,,,,,,,,,,
,,,,,36,001,2024-05-28_15h53.09.309,mathesisv2,2024.1.3,MacIntel,58.47953216,,,,,,,,,,,,,,,,,e,,,,,,,,,,,,,,,,,,,,,,,,,,,,,,,,,,,,,,,,,,,,,,,,,,,,,,,,,,,,,,,692.7109,693.9608,e,1.2374,,0,3,3,2,1,stimuliTAFCfirst/nimnym003.wav,,,,,,,,,,,,,
,,,,,36,001,2024-05-28_15h53.09.309,mathesisv2,2024.1.3,MacIntel,58.47953216,,,,,,,,,,,,,,,,,y,,,,,,,,,,,,,,,,,,,,,,,,,,,,,,,,,,,,,,,,,,,,,,,,,,,,,,,,,,,,,,,693.9612,695.2773,y,1.3051,,0,4,4,6,1,stimuliTAFCfirst/nimnym007.wav,,,,,,,,,,,,,
,,,,,36,001,2024-05-28_15h53.09.309,mathesisv2,2024.1.3,MacIntel,58.47953216,,,,,,,,,,,,,,,,,y,,,,,,,,,,,,,,,,,,,,,,,,,,,,,,,,,,,,,,,,,,,,,,,,,,,,,,,,,,,,,,,695.2777,696.477,y,1.1837,,0,5,5,4,1,stimuliTAFCfirst/nimnym005.wav,,,,,,,,,,,,,
,,,,,36,001,2024-05-28_15h53.09.309,mathesisv2,2024.1.3,MacIntel,58.47953216,,,,,,,,,,,,,,,,,x,,,,,,,,,,,,,,,,,,,,,,,,,,,,,,,,,,,,,,,,,,,,,,,,,,,,,,,,,,,,,,,696.4775,697.7111,y,1.2202,,0,6,6,3,1,stimuliTAFCfirst/nimnym004.wav,,,,,,,,,,,,,
,,,,,36,001,2024-05-28_15h53.09.309,mathesisv2,2024.1.3,MacIntel,58.47953216,,,,,,,,,,,,,,,,,x,,,,,,,,,,,,,,,,,,,,,,,,,,,,,,,,,,,,,,,,,,,,,,,,,,,,,,,,,,,,,,,697.7113,698.9438,y,1.221,,1,0,7,3,1,stimuliTAFCfirst/nimnym004.wav,,,,,,,,,,,,,
,,,,,36,001,2024-05-28_15h53.09.309,mathesisv2,2024.1.3,MacIntel,58.47953216,,,,,,,,,,,,,,,,,e,,,,,,,,,,,,,,,,,,,,,,,,,,,,,,,,,,,,,,,,,,,,,,,,,,,,,,,,,,,,,,,698.9442,700.361,e,1.3994,,1,1,8,0,1,stimuliTAFCfirst/nimnym001.wav,,,,,,,,,,,,,
,,,,,36,001,2024-05-28_15h53.09.309,mathesisv2,2024.1.3,MacIntel,58.47953216,,,,,,,,,,,,,,,,,y,,,,,,,,,,,,,,,,,,,,,,,,,,,,,,,,,,,,,,,,,,,,,,,,,,,,,,,,,,,,,,,700.3613,701.6104,y,1.2358,,1,2,9,6,1,stimuliTAFCfirst/nimnym007.wav,,,,,,,,,,,,,
,,,,,36,001,2024-05-28_15h53.09.309,mathesisv2,2024.1.3,MacIntel,58.47953216,,,,,,,,,,,,,,,,,e,,,,,,,,,,,,,,,,,,,,,,,,,,,,,,,,,,,,,,,,,,,,,,,,,,,,,,,,,,,,,,,701.6106,703.0817,e,1.4622,,1,3,10,2,1,stimuliTAFCfirst/nimnym003.wav,,,,,,,,,,,,,
,,,,,36,001,2024-05-28_15h53.09.309,mathesisv2,2024.1.3,MacIntel,58.47953216,,,,,,,,,,,,,,,,,y,,,,,,,,,,,,,,,,,,,,,,,,,,,,,,,,,,,,,,,,,,,,,,,,,,,,,,,,,,,,,,,703.0822,705.011,y,1.9046,,1,4,11,4,1,stimuliTAFCfirst/nimnym005.wav,,,,,,,,,,,,,
,,,,,36,001,2024-05-28_15h53.09.309,mathesisv2,2024.1.3,MacIntel,58.47953216,,,,,,,,,,,,,,,,,y,,,,,,,,,,,,,,,,,,,,,,,,,,,,,,,,,,,,,,,,,,,,,,,,,,,,,,,,,,,,,,,705.0113,706.3436,y,1.3233,,1,5,12,5,1,stimuliTAFCfirst/nimnym006.wav,,,,,,,,,,,,,
,,,,,36,001,2024-05-28_15h53.09.309,mathesisv2,2024.1.3,MacIntel,58.47953216,,,,,,,,,,,,,,,,,e,,,,,,,,,,,,,,,,,,,,,,,,,,,,,,,,,,,,,,,,,,,,,,,,,,,,,,,,,,,,,,,706.3439,707.7109,e,1.3541,,1,6,13,1,1,stimuliTAFCfirst/nimnym002.wav,,,,,,,,,,,,,
,,,,,36,001,2024-05-28_15h53.09.309,mathesisv2,2024.1.3,MacIntel,58.47953216,,,,,,,,,,,,,,,,,y,707.7111,709.3266,space,1.606,,,,,,,,,,,,,,,,,,,,,,,,,,,,,,,,,,,,,,,,,,,,,,,,,,,,,,,,,,,,,,,,,,,,,,709.3437,710.8606,u,1.5095,,0,0,0,5,1,stimuliTAFCsec/numnym006.wav,,
,,,,,36,001,2024-05-28_15h53.09.309,mathesisv2,2024.1.3,MacIntel,58.47953216,,,,,,,,,,,,,,,,,y,,,,,,,,,,,,,,,,,,,,,,,,,,,,,,,,,,,,,,,,,,,,,,,,,,,,,,,,,,,,,,,,,,,,,,,,,,710.861,712.1939,y,1.3166,,0,1,1,4,1,stimuliTAFCsec/numnym005.wav,,
,,,,,36,001,2024-05-28_15h53.09.309,mathesisv2,2024.1.3,MacIntel,58.47953216,,,,,,,,,,,,,,,,,x,,,,,,,,,,,,,,,,,,,,,,,,,,,,,,,,,,,,,,,,,,,,,,,,,,,,,,,,,,,,,,,,,,,,,,,,,,712.1942,713.4109,u,1.2035,,0,2,2,3,1,stimuliTAFCsec/numnym004.wav,,
,,,,,36,001,2024-05-28_15h53.09.309,mathesisv2,2024.1.3,MacIntel,58.47953216,,,,,,,,,,,,,,,,,u,,,,,,,,,,,,,,,,,,,,,,,,,,,,,,,,,,,,,,,,,,,,,,,,,,,,,,,,,,,,,,,,,,,,,,,,,,713.4111,714.6939,u,1.2672,,0,3,3,1,1,stimuliTAFCsec/numnym002.wav,,
,,,,,36,001,2024-05-28_15h53.09.309,mathesisv2,2024.1.3,MacIntel,58.47953216,,,,,,,,,,,,,,,,,y,,,,,,,,,,,,,,,,,,,,,,,,,,,,,,,,,,,,,,,,,,,,,,,,,,,,,,,,,,,,,,,,,,,,,,,,,,714.6942,715.9772,y,1.2653,,0,4,4,6,1,stimuliTAFCsec/numnym007.wav,,
,,,,,36,001,2024-05-28_15h53.09.309,mathesisv2,2024.1.3,MacIntel,58.47953216,,,,,,,,,,,,,,,,,u,,,,,,,,,,,,,,,,,,,,,,,,,,,,,,,,,,,,,,,,,,,,,,,,,,,,,,,,,,,,,,,,,,,,,,,,,,715.9775,717.2932,u,1.3031,,0,5,5,2,1,stimuliTAFCsec/numnym003.wav,,
,,,,,36,001,2024-05-28_15h53.09.309,mathesisv2,2024.1.3,MacIntel,58.47953216,,,,,,,,,,,,,,,,,u,,,,,,,,,,,,,,,,,,,,,,,,,,,,,,,,,,,,,,,,,,,,,,,,,,,,,,,,,,,,,,,,,,,,,,,,,,717.2937,718.5767,u,1.2682,,0,6,6,0,1,stimuliTAFCsec/numnym001.wav,,
,,,,,36,001,2024-05-28_15h53.09.309,mathesisv2,2024.1.3,MacIntel,58.47953216,,,,,,,,,,,,,,,,,y,,,,,,,,,,,,,,,,,,,,,,,,,,,,,,,,,,,,,,,,,,,,,,,,,,,,,,,,,,,,,,,,,,,,,,,,,,718.577,719.7766,y,1.1902,,1,0,7,5,1,stimuliTAFCsec/numnym006.wav,,
,,,,,36,001,2024-05-28_15h53.09.309,mathesisv2,2024.1.3,MacIntel,58.47953216,,,,,,,,,,,,,,,,,u,,,,,,,,,,,,,,,,,,,,,,,,,,,,,,,,,,,,,,,,,,,,,,,,,,,,,,,,,,,,,,,,,,,,,,,,,,719.777,721.0932,u,1.3024,,1,1,8,1,1,stimuliTAFCsec/numnym002.wav,,
,,,,,36,001,2024-05-28_15h53.09.309,mathesisv2,2024.1.3,MacIntel,58.47953216,,,,,,,,,,,,,,,,,y,,,,,,,,,,,,,,,,,,,,,,,,,,,,,,,,,,,,,,,,,,,,,,,,,,,,,,,,,,,,,,,,,,,,,,,,,,721.0938,722.2931,y,1.1911,,1,2,9,4,1,stimuliTAFCsec/numnym005.wav,,
,,,,,36,001,2024-05-28_15h53.09.309,mathesisv2,2024.1.3,MacIntel,58.47953216,,,,,,,,,,,,,,,,,u,,,,,,,,,,,,,,,,,,,,,,,,,,,,,,,,,,,,,,,,,,,,,,,,,,,,,,,,,,,,,,,,,,,,,,,,,,722.2937,723.4941,u,1.1931,,1,3,10,0,1,stimuliTAFCsec/numnym001.wav,,
,,,,,36,001,2024-05-28_15h53.09.309,mathesisv2,2024.1.3,MacIntel,58.47953216,,,,,,,,,,,,,,,,,u,,,,,,,,,,,,,,,,,,,,,,,,,,,,,,,,,,,,,,,,,,,,,,,,,,,,,,,,,,,,,,,,,,,,,,,,,,723.4944,724.71,u,1.2008,,1,4,11,2,1,stimuliTAFCsec/numnym003.wav,,
,,,,,36,001,2024-05-28_15h53.09.309,mathesisv2,2024.1.3,MacIntel,58.47953216,,,,,,,,,,,,,,,,,x,,,,,,,,,,,,,,,,,,,,,,,,,,,,,,,,,,,,,,,,,,,,,,,,,,,,,,,,,,,,,,,,,,,,,,,,,,724.7104,725.994,y,1.2712,,1,5,12,3,1,stimuliTAFCsec/numnym004.wav,,
,,,,,36,001,2024-05-28_15h53.09.309,mathesisv2,2024.1.3,MacIntel,58.47953216,,,,,,,,,,,,,,,,,y,,,,,,,,,,,,,,,,,,,,,,,,,,,,,,,,,,,,,,,,,,,,,,,,,,,,,,,,,,,,,,,,,,,,,,,,,,725.9944,727.2111,y,1.1991,,1,6,13,6,1,stimuliTAFCsec/numnym007.wav,,
,,,,,36,001,2024-05-28_15h53.09.309,mathesisv2,2024.1.3,MacIntel,58.47953216,,,,,,,,,,,,,,,,,,,,,,,,,,,,,,,,,,,,,,,,,,,727.2114,729.2273,space,1.9901,,,,,,,,,,,,,,,,,,,,,,,,,,,,,,,,,,,,,,,,,,,,,,,,,,,,,,,,729.2416,734.2275
